Nombre,Apellido,"Email Facebook",Cumpleaños,"Usuario Facebook",Edad,Barrio,Ciudad,Provincia,Pais,"ID Facebook","Amigo De","Amigo De (Usuario)",rebound
Nahuel,Lenci,nahuel.hdmm@facebook.com,"24 de Abril",https://www.facebook.com/nahuel.hdmm,23,,"Ciudad Autónoma de Buenos Aires","Buenos Aires",Argentina,100003885608856,"Manu Dadaglio",,1
Natalia,Notar,nati.notar@facebook.com,"24 de Abril",https://www.facebook.com/nati.notar,,,"Ciudad Autónoma de Buenos Aires","Buenos Aires",Argentina,1132754482,"Ignacio Lines Ceruti",https://www.facebook.com/ignacio.lines,1
Mariana,Napoli,mariana.napoli.5@facebook.com,"24 de Abril",https://www.facebook.com/mariana.napoli.5,,,"Ciudad Autónoma de Buenos Aires","Buenos Aires",Argentina,1277490013,"Dani Escala",https://www.facebook.com/danielaescala,1
Clément,Coz,clementlecoz@facebook.com,"24 de Abril",https://www.facebook.com/clementlecoz,,"Buenos Aires","Buenos Aires","Buenos Aires",Argentina,514967046,"Gabriella Rouiller",0,1
Vanina,Hermosi,vanina.hermosi.3@facebook.com,"24 de Abril",https://www.facebook.com/vanina.hermosi.3,19,,"Ciudad Autónoma de Buenos Aires","Buenos Aires",Argentina,100000949273367,"Malvi Ovando",https://www.facebook.com/malvi.ovando,1
Sofi,Alvarez,sofi.alvarez.10@facebook.com,"24 de Abril",https://www.facebook.com/sofi.alvarez.10,,,"Ciudad Autónoma de Buenos Aires","Buenos Aires",Argentina,100000226873806,"Brian Cano",,1
Verito,Cuerva,verito.cuerva@facebook.com,"24 de Abril",https://www.facebook.com/verito.cuerva,20,Flores,"Ciudad Autónoma de Buenos Aires","Distrito Federal",Argentina,100002787108001,"Ale Arias Mandarine Park",,1
Eli,Terteryan,eli.terteryan@facebook.com,"24 de Abril",https://www.facebook.com/eli.terteryan,19,,"Ciudad Autónoma de Buenos Aires","Buenos Aires",Argentina,1407165936,"Diego Binayan",https://www.facebook.com/diego.binayan,1
Tomas,Bedouret,tomas.bedouret@facebook.com,"24 de Abril",https://www.facebook.com/tomas.bedouret,28,,"Ciudad Autónoma de Buenos Aires","Buenos Aires",Argentina,735486461,"Clara Ryan",https://www.facebook.com/clariryaneventos,1
Pia,Guardamagna,pia.guardamagna@facebook.com,"24 de Abril",https://www.facebook.com/pia.guardamagna,,,"Ciudad Autónoma de Buenos Aires","Buenos Aires",Argentina,100000556892152,"Manu Monge",,1
Maite,Lanata,maite.lanata@facebook.com,"24 de Abril",https://www.facebook.com/maite.lanata,28,,"Ciudad Autónoma de Buenos Aires","Buenos Aires",Argentina,100002660737281,"Pedro Lopezyfernandez",https://www.facebook.com/pedronahuel,1
Sofi,Choque,sofimchoque@facebook.com,"24 de Abril",https://www.facebook.com/sofimchoque,,Agronomía,"Ciudad Autónoma de Buenos Aires","Distrito Federal",Argentina,100000250177008,"Facu Denegri",,1
Norbridge,Dosmildoce,norbridge.dosmildoce.3@facebook.com,"24 de Abril",https://www.facebook.com/norbridge.dosmildoce.3,22,,"Ciudad Autónoma de Buenos Aires","Buenos Aires",Argentina,100002191223570,"Cristian Andres Romano",,1
Id's,Sale,idyardsale@facebook.com,"24 de Abril",https://www.facebook.com/idyardsale,25,,"Ciudad Autónoma de Buenos Aires","Buenos Aires",Argentina,100002916161198,"Flor Rossi",,1
Jime,Rotela,jime.rotela@facebook.com,"24 de Abril",https://www.facebook.com/jime.rotela,,,"Ciudad Autónoma de Buenos Aires","Buenos Aires",Argentina,100001716993124,"Sergio Acosta",,1
Mechi,Valcaneras,mechi.valcaneras.3@facebook.com,"24 de Abril",https://www.facebook.com/mechi.valcaneras.3,31,,"Ciudad Autónoma de Buenos Aires","Buenos Aires",Argentina,100007254670190,"Mechi Abud",https://www.facebook.com/mechi.abud,1
Cinn,Ty,cinthia.acuna.31@facebook.com,"24 de Abril",https://www.facebook.com/cinthia.acuna.31,,,"Ciudad Autónoma de Buenos Aires","Buenos Aires",Argentina,1634023236,"Nahu Millicay Pereyra",https://www.facebook.com/nahumilli,1
Gr,Martinez,gr.martinez.7@facebook.com,"24 de Abril",https://www.facebook.com/gr.martinez.7,,,"Ciudad Autónoma de Buenos Aires","Buenos Aires",Argentina,765474169,"Jose Guevara",https://www.facebook.com/JoeGuevara81,1
Gonzalo,Tavella,gonzalo.tavella@facebook.com,"24 de Abril",https://www.facebook.com/gonzalo.tavella,,,"Ciudad Autónoma de Buenos Aires","Buenos Aires",Argentina,1594704255,"Nico Mackinlay",,1
Lean,Llanos,lean.llanos@facebook.com,"24 de Abril",https://www.facebook.com/lean.llanos,24,,"Ciudad Autónoma de Buenos Aires","Buenos Aires",Argentina,1545687061,"Agustina Pelle Müller",,1
Eveliin,Puga,eveliin.puga@facebook.com,"24 de Abril",https://www.facebook.com/eveliin.puga,20,,"Ciudad Autónoma de Buenos Aires","Buenos Aires",Argentina,100002376023871,"Bë Döbiencita",https://www.facebook.com/be.dobiencita,1
Sergio,Celli,celli.sergio@facebook.com,"24 de Abril",https://www.facebook.com/celli.sergio,,"Puerto Madero","Ciudad Autónoma de Buenos Aires","Buenos Aires",Argentina,1195640168,"Martín Álvarez BA I",https://www.facebook.com/Woody.Blair,1
Maru,Maru,marupina74@facebook.com,"24 de Abril",https://www.facebook.com/marupina74,26,,"Ciudad Autónoma de Buenos Aires","Buenos Aires",Argentina,530253378,"Flor Freixas",https://www.facebook.com/freichus,1
Ayelen,Avril,ayelen.roa.520@facebook.com,"24 de Abril",https://www.facebook.com/ayelen.roa.520,,"Buenos Aires","Buenos Aires","Buenos Aires",Argentina,1608431457,"Peter GC",0,1
"Dolce Vita",Multiespacio,dolcevitamultiespacio@facebook.com,"24 de Abril",https://www.facebook.com/dolcevitamultiespacio,,,"Ciudad Autónoma de Buenos Aires","Buenos Aires",Argentina,1685001238,"Miqui Berriòs",https://www.facebook.com/miqui.berrios,1
Laura,Tarbuch,laura.tarbuch@facebook.com,"24 de Abril",https://www.facebook.com/laura.tarbuch,,,"Ciudad Autónoma de Buenos Aires","Buenos Aires",Argentina,621548460,"Nicolas Brea",https://www.facebook.com/Nicolas.Brea,1
Marta,Insaurralde,marta.insaurralde1@facebook.com,"24 de Abril",https://www.facebook.com/marta.insaurralde1,,"San Telmo","Ciudad Autónoma de Buenos Aires","Buenos Aires",Argentina,1070337311,"Jose Guevara",https://www.facebook.com/JoeGuevara81,1
Pablo,Dm,pablo.dm.18400@facebook.com,"24 de Abril",https://www.facebook.com/pablo.dm.18400,25,,"Ciudad Autónoma de Buenos Aires","Buenos Aires",Argentina,100008028101701,"Noelia G. Coviella",,1
"El AlmaZen",Ambientaciones,ambientaciones@facebook.com,"24 de Abril",https://www.facebook.com/ambientaciones,,"Buenos Aires","Buenos Aires","Buenos Aires",Argentina,100000923164928,"Lupe Dávalos",0,1
Erik,Zünder,erikoteh@facebook.com,"24 de Abril",https://www.facebook.com/erikoteh,27,,"Ciudad Autónoma de Buenos Aires","Buenos Aires",Argentina,673819701,"Barby Lanata",https://www.facebook.com/barby.lanata,1
Cesar,Car,cesar.car.1992@facebook.com,"24 de Abril",https://www.facebook.com/cesar.car.1992,22,,"Ciudad Autónoma de Buenos Aires","Buenos Aires",Argentina,1607684227,"Chanchi Martinez",https://www.facebook.com/chanchi.martinez,1
Ines,"Gutierrez Vaquer",ines.gutierrezvaquer@facebook.com,"24 de Abril",https://www.facebook.com/ines.gutierrezvaquer,21,,"Ciudad Autónoma de Buenos Aires","Buenos Aires",Argentina,1804738393,"Eugenia Vega",https://www.facebook.com/eugenitavega,1
Florencia,Ciriaci,florencia.ciriaci@facebook.com,"24 de Abril",https://www.facebook.com/florencia.ciriaci,28,,"Ciudad Autónoma de Buenos Aires","Buenos Aires",Argentina,100000326124574,"Pamela Garrote",https://www.facebook.com/pamela.garrote,1
Christopher,Mincer,cristiano.minzer@facebook.com,"24 de Abril",https://www.facebook.com/cristiano.minzer,,,"Ciudad Autónoma de Buenos Aires","Buenos Aires",Argentina,100006889470796,"Jessica Bellomo",https://www.facebook.com/JessBellomo,1
Fabián,Gábriel,fabian.gabriel.73@facebook.com,"24 de Abril",https://www.facebook.com/fabian.gabriel.73,,,"Ciudad Autónoma de Buenos Aires","Buenos Aires",Argentina,656774002,"Ana Costas",,1
Frida,Accesorios,frida.accesorios.90@facebook.com,"24 de Abril",https://www.facebook.com/frida.accesorios.90,26,,"Ciudad Autónoma de Buenos Aires","Buenos Aires",Argentina,100002255719103,"Gisela Tesei",,1
Tati,Toranzo,tatiana.toranzo@facebook.com,"24 de Abril",https://www.facebook.com/tatiana.toranzo,23,,"Ciudad Autónoma de Buenos Aires","Buenos Aires",Argentina,1482693470,"Anto Melgarejo",https://www.facebook.com/antho.melgarejo,1
Micaela,Marzilli,miicaa.marzilli@facebook.com,"24 de Abril",https://www.facebook.com/miicaa.marzilli,19,,"Ciudad Autónoma de Buenos Aires","Buenos Aires",Argentina,1332005333,"Fabio Ezequiel Farruggio",https://www.facebook.com/ffachurro,1
Fede,Martinez,fede.martinez.927543@facebook.com,"24 de Abril",https://www.facebook.com/fede.martinez.927543,22,,"Ciudad Autónoma de Buenos Aires","Buenos Aires",Argentina,100003879227897,"Emiliano Pirolo",https://www.facebook.com/emi.pirolo,1
Franco,Lind,franco.lind.1@facebook.com,"24 de Abril",https://www.facebook.com/franco.lind.1,,,"Ciudad Autónoma de Buenos Aires","Buenos Aires",Argentina,100000016272757,"Brian Cano",,1
Carolina,Castro,carolina.castro.50596@facebook.com,"24 de Abril",https://www.facebook.com/carolina.castro.50596,29,,"Ciudad Autónoma de Buenos Aires","Buenos Aires",Argentina,1150141613,"Cynthia Tatiana Martinez Neves",https://www.facebook.com/cynthiatatiana.martinezne,1
Nicolas,"Gonzalez Bergez",nicolas.gonzalezbergez@facebook.com,"24 de Abril",https://www.facebook.com/nicolas.gonzalezbergez,31,,"Ciudad Autónoma de Buenos Aires","Buenos Aires",Argentina,684037408,"Maria Florencia Lioni Tarsitano",https://www.facebook.com/mariaflorencia.lionitarsi,1
Fran,Pag,francisco.pagliaro.5@facebook.com,"24 de Abril",https://www.facebook.com/francisco.pagliaro.5,27,,"Ciudad Autónoma de Buenos Aires","Buenos Aires",Argentina,640131870,"Stefi Chiarullo",https://www.facebook.com/stefi.chiarullo,1
Yani,Arzamendia,yani.arzamendia.7@facebook.com,"24 de Abril",https://www.facebook.com/yani.arzamendia.7,26,,"Ciudad Autónoma de Buenos Aires","Buenos Aires",Argentina,100000096874376,"Vale Piedra",https://www.facebook.com/Valepiedra,1
Fede,Frau,onegame.onelove@facebook.com,"24 de Abril",https://www.facebook.com/OneGame.OneLove,22,,"Ciudad Autónoma de Buenos Aires","Buenos Aires",Argentina,100002188156326,"Juanma Ramirez",,1
Julieta,Marzadri,yuu.marzadrii@facebook.com,"24 de Abril",https://www.facebook.com/yuu.marzadrii,21,,"Ciudad Autónoma de Buenos Aires","Buenos Aires",Argentina,1176634191,"Tomas Zocca",https://www.facebook.com/tomyzocca,1
Guido,Ramos,guido.ramos.332@facebook.com,"24 de Abril",https://www.facebook.com/guido.ramos.332,28,,"Ciudad Autónoma de Buenos Aires","Buenos Aires",Argentina,100002061070697,"Yanina Morinelli",https://www.facebook.com/YaniMorinelli,1
Mati,"Santoro Listas",matisantoroku@facebook.com,"24 de Abril",https://www.facebook.com/matisantoroku,23,,"Ciudad Autónoma de Buenos Aires","Buenos Aires",Argentina,100000162982305,"Esteban Sanchez",,1
Rocío,Gutierrez,rochii.huracan@facebook.com,"24 de Abril",https://www.facebook.com/rochii.huracan,19,Array,"Ciudad Autónoma de Buenos Aires","Buenos Aires",Argentina,100001828473921,"Fett Maidana",0,1
Matias,Sabio,matisabio@facebook.com,"24 de Abril",https://www.facebook.com/matisabio,28,"Buenos Aires","Buenos Aires","Buenos Aires",Argentina,639099482,"Rebe Gonzalez",0,1
Anto,Boris,antonela.boris@facebook.com,"24 de Abril",https://www.facebook.com/antonela.boris,,,"Ciudad Autónoma de Buenos Aires","Buenos Aires",Argentina,1160851843,"Emiliano Pirolo",https://www.facebook.com/emi.pirolo,1
Pedro,Viril,pedro.viril@facebook.com,"24 de Abril",https://www.facebook.com/pedro.viril,28,,"Ciudad Autónoma de Buenos Aires","Buenos Aires",Argentina,1532365407,"Vanina Lopez Baroni",https://www.facebook.com/vaninalb,1
Juan,Astorga,juan.c.astorga1@facebook.com,"24 de Abril",https://www.facebook.com/juan.c.astorga1,28,,"Ciudad Autónoma de Buenos Aires","Buenos Aires",Argentina,1533992922,"Vanina Lopez Baroni",https://www.facebook.com/vaninalb,1
JU,Lians,stefania.longo.908@facebook.com,"24 de Abril",https://www.facebook.com/stefania.longo.908,26,,"Ciudad Autónoma de Buenos Aires","Buenos Aires",Argentina,100005467124300,"Charly Ruez",https://www.facebook.com/charly.ruez,1
Gonzalo,Aristu,gonzalo.aristu@facebook.com,"24 de Abril",https://www.facebook.com/gonzalo.aristu,31,,"Ciudad Autónoma de Buenos Aires","Buenos Aires",Argentina,1077255366,"Ruben Pacora",https://www.facebook.com/ruben.pacora,1
Juan,Pluis,juan.e.pluis@facebook.com,"25 de Abril",https://www.facebook.com/juan.e.pluis,,,"Ciudad Autónoma de Buenos Aires","Buenos Aires",Argentina,100000288672675,"Cristian Pluis",,1
Patricio,Rossetto,patricio.rossetto@facebook.com,"25 de Abril",https://www.facebook.com/patricio.rossetto,,,"Ciudad Autónoma de Buenos Aires","Buenos Aires",Argentina,1111947888,"Matias Blas",https://www.facebook.com/Matias.Blas,1
Alerta,Discos,alertadiscos@facebook.com,"25 de Abril",https://www.facebook.com/alertadiscos,32,,"Ciudad Autónoma de Buenos Aires","Buenos Aires",Argentina,1454736581,"Joshua Oglio",,1
"Paula Alberti",Prensa,paulaalberti.prensa@facebook.com,"25 de Abril",https://www.facebook.com/paulaalberti.prensa,,,"Ciudad Autónoma de Buenos Aires","Buenos Aires",Argentina,100000160590467,"La Rockeria",https://www.facebook.com/oveja1,1
Marce,Sombra,theblack.me@facebook.com,"25 de Abril",https://www.facebook.com/TheBlack.me,20,"Buenos Aires","Buenos Aires","Buenos Aires",Argentina,1622131065,"Rebe Gonzalez",0,1
Rocio,Mercado,rocio.mercado.3517@facebook.com,"25 de Abril",https://www.facebook.com/rocio.mercado.3517,25,,"Ciudad Autónoma de Buenos Aires","Buenos Aires",Argentina,1282608834,"Flor Scalise",https://www.facebook.com/flor.scalise,1
Adriana,Boari,adriana.boari@facebook.com,"25 de Abril",https://www.facebook.com/adriana.boari,26,"Buenos Aires","Buenos Aires","Buenos Aires",Argentina,1532880372,"Juan Pablo Aleman",0,1
Jesi,"da Silva",jesi.da.7@facebook.com,"25 de Abril",https://www.facebook.com/jesi.da.7,30,,"Ciudad Autónoma de Buenos Aires","Buenos Aires",Argentina,100008066290826,"Cristian Fernandez Villamor",https://www.facebook.com/cristian.fernandezvillamo,1
Nick,Foglia,nick.foglia.33@facebook.com,"25 de Abril",https://www.facebook.com/nick.foglia.33,22,,"Ciudad Autónoma de Buenos Aires","Buenos Aires",Argentina,100001594658210,"Franco Palermo",,1
Emi,Lavigne,emi.lavigne@facebook.com,"25 de Abril",https://www.facebook.com/emi.lavigne,20,,"Ciudad Autónoma de Buenos Aires","Buenos Aires",Argentina,1110746929,"Vicky Diaz",,1
Susana,Perez,susana.perez.94214508@facebook.com,"25 de Abril",https://www.facebook.com/susana.perez.94214508,24,,"Ciudad Autónoma de Buenos Aires","Buenos Aires",Argentina,1205381680,"Ivon Andersson",https://www.facebook.com/ivon.andersson,1
Nicco,Marino,marinonicco@facebook.com,"25 de Abril",https://www.facebook.com/marinonicco,,,"Ciudad Autónoma de Buenos Aires","Buenos Aires",Argentina,1063011313,"Valeria Ayala",,1
Clara,"de Amorrortu",clara.deamorrortu@facebook.com,"25 de Abril",https://www.facebook.com/clara.deamorrortu,,"Barrio Norte","Ciudad Autónoma de Buenos Aires","Buenos Aires",Argentina,704204586,"Marina Castagnino",https://www.facebook.com/castagnino,1
Nahuel,Devito,gonza.lara.9@facebook.com,"25 de Abril",https://www.facebook.com/gonza.lara.9,27,"Buenos Aires","Buenos Aires","Buenos Aires",Argentina,100000875920780,"Fett Maidana",0,1
Javitoluk,Coronel,javitoluk.coronel@facebook.com,"25 de Abril",https://www.facebook.com/javitoluk.coronel,22,,"Ciudad Autónoma de Buenos Aires","Buenos Aires",Argentina,100002330146784,"Carla Diaz",,1
Marisa,Maru,suenos.esperados@facebook.com,"25 de Abril",https://www.facebook.com/suenos.esperados,,,"Ciudad Autónoma de Buenos Aires","Buenos Aires",Argentina,100007851488807,"Emiliano Pirolo",https://www.facebook.com/emi.pirolo,1
Damián,García,damian.garcia.965@facebook.com,"25 de Abril",https://www.facebook.com/damian.garcia.965,,,"Ciudad Autónoma de Buenos Aires","Buenos Aires",Argentina,1545642947,"Vanesa Macias",https://www.facebook.com/vanesa.macias1,1
Adicta,Argentina,adicta.argentina@facebook.com,"25 de Abril",https://www.facebook.com/adicta.argentina,,,"Ciudad Autónoma de Buenos Aires","Buenos Aires",Argentina,712877880,"Jessica Bellomo",https://www.facebook.com/JessBellomo,1
"Marii De Ge",Ch,nickol12@facebook.com,"25 de Abril",https://www.facebook.com/nickol12,19,,"Ciudad Autónoma de Buenos Aires","Buenos Aires",Argentina,100000819271909,"Silvia Fernandez",https://www.facebook.com/silviafernandezchivi,1
Mayra,Sosa,mayra.sosa.731@facebook.com,"25 de Abril",https://www.facebook.com/mayra.sosa.731,25,,"Ciudad Autónoma de Buenos Aires","Buenos Aires",Argentina,100000297346679,"Micaela Parisi",https://www.facebook.com/parisimica,1
Yamila,Monte,yamila.monte@facebook.com,"25 de Abril",https://www.facebook.com/yamila.monte,24,,"Ciudad Autónoma de Buenos Aires","Buenos Aires",Argentina,1307469687,"Miranda Toderi",https://www.facebook.com/miranda.toderi,1
Ponete,"Mas Linda",ponetemaslinda.accesorios@facebook.com,"25 de Abril",https://www.facebook.com/ponetemaslinda.accesorios,,,"Ciudad Autónoma de Buenos Aires","Buenos Aires",Argentina,100001165137420,"Mica Ledo",https://www.facebook.com/micaledo,1
Kei,Rodriguez,keeeiir@facebook.com,"25 de Abril",https://www.facebook.com/KeeeiiR,22,"San Telmo","Ciudad Autónoma de Buenos Aires","Distrito Federal",Argentina,100003068666763,"Pedro Lopezyfernandez",https://www.facebook.com/pedronahuel,1
"Ale Arias Mandarine",Park,mandarine.park.144@facebook.com,"25 de Abril",https://www.facebook.com/mandarine.park.144,25,,"Ciudad Autónoma de Buenos Aires","Buenos Aires",Argentina,100007045869370,"Ayu Casanova",,1
Florencia,Grant,florencia.grant.562@facebook.com,"25 de Abril",https://www.facebook.com/florencia.grant.562,,,"Ciudad Autónoma de Buenos Aires","Buenos Aires",Argentina,1352572719,"Alicia Kosem",https://www.facebook.com/alicia.kosem,1
"Te Amo",Argentina,teamo.argentina.9@facebook.com,"25 de Abril",https://www.facebook.com/teamo.argentina.9,,,"Ciudad Autónoma de Buenos Aires","Buenos Aires",Argentina,100001325435241,"Dani Escala",https://www.facebook.com/danielaescala,1
Jornadas,Manganime,jornadas.manganime@facebook.com,"25 de Abril",https://www.facebook.com/jornadas.manganime,29,,"Ciudad Autónoma de Buenos Aires","Buenos Aires",Argentina,1179970488,"Braii Venieri",https://www.facebook.com/BraianVenieri,1
Nicolás,Lauro,nikito.star@facebook.com,"25 de Abril",https://www.facebook.com/nikito.star,,"Buenos Aires","Buenos Aires","Buenos Aires",Argentina,1171879793,"Rebe Gonzalez",0,1
Alan,Cruz,alaanncruz@facebook.com,"25 de Abril",https://www.facebook.com/AlaannCruz,20,,"Ciudad Autónoma de Buenos Aires","Buenos Aires",Argentina,1522897298,"Lucas Funes",https://www.facebook.com/SkriLef14,1
Antonella,Roverano,antonellaroverano@facebook.com,"25 de Abril",https://www.facebook.com/AntonellaRoverano,22,,"Ciudad Autónoma de Buenos Aires","Buenos Aires",Argentina,1421554022,"Fabio Ezequiel Farruggio",https://www.facebook.com/ffachurro,1
"Liliana Griselda",Velazquez,lilianagriselda.velazquez@facebook.com,"25 de Abril",https://www.facebook.com/lilianagriselda.velazquez,24,,"Ciudad Autónoma de Buenos Aires","Buenos Aires",Argentina,100003066611442,"Hector Falsone",https://www.facebook.com/hector.falsone,1
Romii,Lizarraga,romii.lizarraga.5@facebook.com,"25 de Abril",https://www.facebook.com/romii.lizarraga.5,24,,"Ciudad Autónoma de Buenos Aires","Buenos Aires",Argentina,100005932543702,"Demián Gabriel",,1
Imanol,Club,imanol.club@facebook.com,"25 de Abril",https://www.facebook.com/imanol.club,21,,"Ciudad Autónoma de Buenos Aires","Buenos Aires",Argentina,100005774288260,"Gastón Alejandro Di Lella",https://www.facebook.com/gastondilella,1
Bruno,Klewzyc,mrlildragon@facebook.com,"26 de Abril",https://www.facebook.com/mrlildragon,,,"Ciudad Autónoma de Buenos Aires","Buenos Aires",Argentina,1039400876,"Gaby Pascuali",https://www.facebook.com/gabriela.pascuali,1
Veronica,Lagomarsino,veronica.lagomarsino.9@facebook.com,"26 de Abril",https://www.facebook.com/veronica.lagomarsino.9,,,"Ciudad Autónoma de Buenos Aires","Buenos Aires",Argentina,100002978015836,"Ignacio Busquiazo",https://www.facebook.com/ignacio.busquiazo,1
Espacio,Cramer,espacio.cramer.5@facebook.com,"26 de Abril",https://www.facebook.com/espacio.cramer.5,,,"Ciudad Autónoma de Buenos Aires","Buenos Aires",Argentina,100001488414368,"Maria Laura Pendás",https://www.facebook.com/marialaura.pendas,1
Mari,Lú,mariana.lanusrieznik@facebook.com,"26 de Abril",https://www.facebook.com/mariana.lanusrieznik,27,,"Ciudad Autónoma de Buenos Aires","Buenos Aires",Argentina,1167586269,"Gabriela Rosito",https://www.facebook.com/gabriela.rosito,1
Lucas,Saporosi,lucas.saporosi@facebook.com,"26 de Abril",https://www.facebook.com/lucas.saporosi,24,,"Ciudad Autónoma de Buenos Aires","Buenos Aires",Argentina,100002609989036,"Maanu C. Rebori",https://www.facebook.com/maanu,1
Mariano,Cabrini,mariano.cabrini@facebook.com,"26 de Abril",https://www.facebook.com/mariano.cabrini,,"Buenos Aires","Buenos Aires","Buenos Aires",Argentina,1397854541,"Erica Volpi Werkmann",0,1
Ivan,"Rios Alvides",ivan.riosalvides@facebook.com,"26 de Abril",https://www.facebook.com/ivan.riosalvides,26,,"Ciudad Autónoma de Buenos Aires","Buenos Aires",Argentina,100004280587167,"Andrea Badani",https://www.facebook.com/andrea.badani,1
Chen,Sebastián,chen.sebastian.98@facebook.com,"26 de Abril",https://www.facebook.com/chen.sebastian.98,22,"Buenos Aires","Buenos Aires","Buenos Aires",Argentina,100005659176844,"Alan Yun",0,1
Matias,Diaz,matias.diaz.3114@facebook.com,"26 de Abril",https://www.facebook.com/matias.diaz.3114,23,,"Ciudad Autónoma de Buenos Aires","Buenos Aires",Argentina,100001514263307,"Agustina Pelle Müller",,1
Flavia,Cardozo,flavia.cardozo.9889@facebook.com,"26 de Abril",https://www.facebook.com/flavia.cardozo.9889,27,,"Ciudad Autónoma de Buenos Aires","Buenos Aires",Argentina,100007168936261,"Noe Guillén",https://www.facebook.com/noeguillen20,1
Victorias,Importados,victorias.importados@facebook.com,"26 de Abril",https://www.facebook.com/victorias.importados,24,,"Ciudad Autónoma de Buenos Aires","Buenos Aires",Argentina,100002397051343,"Luli Santos Neves",,1
Jeronimo,Molina,jeronimo.molina.921@facebook.com,"26 de Abril",https://www.facebook.com/jeronimo.molina.921,31,,"Ciudad Autónoma de Buenos Aires","Buenos Aires",Argentina,100000559039590,"Lo Lola",,1
Federico,Kang,federico.kang@facebook.com,"26 de Abril",https://www.facebook.com/federico.kang,,"Buenos Aires","Buenos Aires","Buenos Aires",Argentina,100000409733925,"Alan Yun",0,1
Ariadna,Lopez,ariadnita55@facebook.com,"26 de Abril",https://www.facebook.com/ariadnita55,,,"Ciudad Autónoma de Buenos Aires","Buenos Aires",Argentina,100000217309502,"Tatiana Petroccelli",https://www.facebook.com/tanshanita,1
Camila,Guy,plummfairy@facebook.com,"26 de Abril",https://www.facebook.com/plummfairy,22,,"Ciudad Autónoma de Buenos Aires","Buenos Aires",Argentina,1355796666,"Mechi Abud",https://www.facebook.com/mechi.abud,1
Dario,Miguez,foreverdario.arg@facebook.com,"26 de Abril",https://www.facebook.com/foreverdario.arg,23,,"Ciudad Autónoma de Buenos Aires","Buenos Aires",Argentina,1204204771,"Guido De Marco",,1
Sofi,"Martinez Blanco",sofi.apple@facebook.com,"26 de Abril",https://www.facebook.com/sofi.apple,,,"Ciudad Autónoma de Buenos Aires","Buenos Aires",Argentina,100001026593976,"Luciana Poeltra",https://www.facebook.com/luciana.poeltra,1
Simona,Care,simona.care.1@facebook.com,"26 de Abril",https://www.facebook.com/simona.care.1,,,"Ciudad Autónoma de Buenos Aires","Buenos Aires",Argentina,1037573358,"Nahu Millicay Pereyra",https://www.facebook.com/nahumilli,1
Cbd,Indumentaria,cbd.indumentaria@facebook.com,"26 de Abril",https://www.facebook.com/CBD.Indumentaria,19,,"Ciudad Autónoma de Buenos Aires","Buenos Aires",Argentina,100001654530517,"Emiliano Pirolo",https://www.facebook.com/emi.pirolo,1
Bredda,"Cotton M",breddamusiccotton@facebook.com,"26 de Abril",https://www.facebook.com/breddamusiccotton,26,,"Ciudad Autónoma de Buenos Aires","Buenos Aires",Argentina,100000789936183,"Chechu Acea",,1
"Elias Joel",Miño,eliasjoel.mino@facebook.com,"26 de Abril",https://www.facebook.com/eliasjoel.mino,,,"Ciudad Autónoma de Buenos Aires","Buenos Aires",Argentina,100001258828771,"Martín Álvarez BA I",https://www.facebook.com/Woody.Blair,1
Ale,Barrenechea,clubspacequilme@facebook.com,"26 de Abril",https://www.facebook.com/Clubspacequilme,,,"Ciudad Autónoma de Buenos Aires","Buenos Aires",Argentina,100000620165750,"Valeria Ayala",,1
Mauro,"Sanchez Montero",maurosanchezmontero@facebook.com,"26 de Abril",https://www.facebook.com/MauroSanchezMontero,30,,"Ciudad Autónoma de Buenos Aires","Buenos Aires",Argentina,100004734884315,"Gonzalo Bussetti",https://www.facebook.com/gonzalo.bussetti,1
Club,Zone,tribulato194@facebook.com,"26 de Abril",https://www.facebook.com/tribulato194,,,"Ciudad Autónoma de Buenos Aires","Buenos Aires",Argentina,100000126910479,"Cristian Andres Romano",,1
Mis,Subastas,mis.subastas.3@facebook.com,"26 de Abril",https://www.facebook.com/mis.subastas.3,29,,"Ciudad Autónoma de Buenos Aires","Buenos Aires",Argentina,100002950183066,"Martin Benitez",,1
Andres,Bruce,andres.bruce.92@facebook.com,"26 de Abril",https://www.facebook.com/andres.bruce.92,,,"Ciudad Autónoma de Buenos Aires","Buenos Aires",Argentina,1021921952,"Maria Garcia Neglia",https://www.facebook.com/maria.garcianeglia,1
"Hilda Esther","Sá Fleitas",hildaesther.safleitas@facebook.com,"26 de Abril",https://www.facebook.com/hildaesther.safleitas,,,"Ciudad Autónoma de Buenos Aires","Buenos Aires",Argentina,1070948091,"Marina Castagnino",https://www.facebook.com/castagnino,1
Nia,Morales,stefaniamneris@facebook.com,"26 de Abril",https://www.facebook.com/stefaniamneris,20,,"Ciudad Autónoma de Buenos Aires","Buenos Aires",Argentina,647466262,"Federico Tonero",https://www.facebook.com/fedeton,1
"Lucas Ezequiel",Graneros,lucasezequiel.graneros@facebook.com,"26 de Abril",https://www.facebook.com/lucasezequiel.graneros,,"Buenos Aires","Buenos Aires","Buenos Aires",Argentina,100000088636576,"Peter GC",0,1
Oscar,Pinto,oscar.pinto.5621149@facebook.com,"26 de Abril",https://www.facebook.com/oscar.pinto.5621149,25,,"Ciudad Autónoma de Buenos Aires","Buenos Aires",Argentina,100006108584257,"Pedro Fabian Dussol",https://www.facebook.com/pedrofabian.dussol,1
Damian,"De Marzo",damian.demarzo@facebook.com,"26 de Abril",https://www.facebook.com/damian.demarzo,24,,"Ciudad Autónoma de Buenos Aires","Buenos Aires",Argentina,1380051365,"Martin Diaz",,1
Gustavo,Riveros,gustavo.aguantboca@facebook.com,"26 de Abril",https://www.facebook.com/gustavo.aguantboca,,,"Ciudad Autónoma de Buenos Aires","Buenos Aires",Argentina,100001382643848,"Silvia Fernandez",https://www.facebook.com/silviafernandezchivi,1
Leandro,Suarez,leandro.suarez.144@facebook.com,"26 de Abril",https://www.facebook.com/leandro.suarez.144,27,,"Ciudad Autónoma de Buenos Aires","Buenos Aires",Argentina,1062424811,"Aldana Queirolo",https://www.facebook.com/aldana.queirolo,1
Matias,Cañete,maty.delolivo@facebook.com,"26 de Abril",https://www.facebook.com/maty.delolivo,23,,"Ciudad Autónoma de Buenos Aires","Buenos Aires",Argentina,100002679362675,"Agustina Pelle Müller",,1
Piel,Nova,pielnovausuario@facebook.com,"26 de Abril",https://www.facebook.com/pielnovausuario,,,"Ciudad Autónoma de Buenos Aires","Buenos Aires",Argentina,100000076971335,"Evangelina Dinatale de Biglieri",https://www.facebook.com/evangelina.dinataledebigl,1
Agustina,Verdeja,agusdiazverdeja@facebook.com,"26 de Abril",https://www.facebook.com/agusdiazverdeja,,,"Ciudad Autónoma de Buenos Aires","Buenos Aires",Argentina,1275364114,"Emiliano Pirolo",https://www.facebook.com/emi.pirolo,1
MeLeva,Brasil,meleva.brasil@facebook.com,"26 de Abril",https://www.facebook.com/meleva.brasil,,,"Ciudad Autónoma de Buenos Aires","Buenos Aires",Argentina,100001419864610,"Sol Policastro",https://www.facebook.com/solangeforever,1
"Brenda Carolina",Caballero,brendacarolina.caballero@facebook.com,"26 de Abril",https://www.facebook.com/brendacarolina.caballero,30,,"Ciudad Autónoma de Buenos Aires","Buenos Aires",Argentina,1404137516,"Alee Jandro",https://www.facebook.com/alejandropassadore,1
Laa,Daiianiitta,ladaianiithatuurraa@facebook.com,"26 de Abril",https://www.facebook.com/LaDaianiithaTuurraa,,,"Ciudad Autónoma de Buenos Aires","Buenos Aires",Argentina,100001641961824,"Pedro Lopezyfernandez",https://www.facebook.com/pedronahuel,1
Noelia,Paz,noelia.paz.5@facebook.com,"26 de Abril",https://www.facebook.com/noelia.paz.5,,,"Ciudad Autónoma de Buenos Aires","Buenos Aires",Argentina,625651813,"Ariel Villarreal",,1
Adriana,Diesse,adriana.diesse@facebook.com,"26 de Abril",https://www.facebook.com/adriana.diesse,,,"Ciudad Autónoma de Buenos Aires","Buenos Aires",Argentina,586709748,"Jose Guevara",https://www.facebook.com/JoeGuevara81,1
Fiesta,"del Barco",fiesta.delbarco.3@facebook.com,"26 de Abril",https://www.facebook.com/fiesta.delbarco.3,22,,"Ciudad Autónoma de Buenos Aires","Buenos Aires",Argentina,100001230374560,"Cristian Fernandez Villamor",https://www.facebook.com/cristian.fernandezvillamo,1
Laila,Montero,laylu92@facebook.com,"26 de Abril",https://www.facebook.com/laylu92,,"San Cristóbal","Ciudad Autónoma de Buenos Aires","Buenos Aires",Argentina,1378875492,"Maria Lucila Quarleri",https://www.facebook.com/maria.quarleri,1
Martín,Ariel,martin.badariotti@facebook.com,"26 de Abril",https://www.facebook.com/martin.badariotti,24,,"Ciudad Autónoma de Buenos Aires","Buenos Aires",Argentina,663763790,"Matias Daniel Pascual",,1
Lucho,Yetman,luchoyetman@facebook.com,"27 de Abril",https://www.facebook.com/luchoyetman,23,,"Ciudad Autónoma de Buenos Aires","Buenos Aires",Argentina,1348561110,"Sabry Valenti",https://www.facebook.com/sabry.valenti,1
Sofia,"Van Staden",sofia.vanstaden@facebook.com,"27 de Abril",https://www.facebook.com/sofia.vanstaden,28,,"Ciudad Autónoma de Buenos Aires","Buenos Aires",Argentina,100000565580822,"Dany Kunowsky",https://www.facebook.com/daniel.kunowsky,1
"New Cicle",Mkt,newcicle.mkt@facebook.com,"27 de Abril",https://www.facebook.com/newcicle.mkt,,,"Ciudad Autónoma de Buenos Aires","Buenos Aires",Argentina,100002335187971,"Maria Laura Mortensen",,1
Yasmin,Rizzelli,yas.rizzelli@facebook.com,"27 de Abril",https://www.facebook.com/yas.rizzelli,,,"Ciudad Autónoma de Buenos Aires","Buenos Aires",Argentina,693717471,"Elias Saul",https://www.facebook.com/elias.saul,1
Pablo,Gimenez,pablo.gimenez.90226@facebook.com,"27 de Abril",https://www.facebook.com/pablo.gimenez.90226,,,"Ciudad Autónoma de Buenos Aires","Buenos Aires",Argentina,1236477678,"La Rockeria",https://www.facebook.com/oveja1,1
Andre,Lopez,andre.lopez.948494@facebook.com,"27 de Abril",https://www.facebook.com/andre.lopez.948494,29,,"Ciudad Autónoma de Buenos Aires","Buenos Aires",Argentina,1546555222,"Gonzalo Bussetti",https://www.facebook.com/gonzalo.bussetti,1
Antonella,Nagase,antomparakiss@facebook.com,"27 de Abril",https://www.facebook.com/AntomParaKiss,,,"Ciudad Autónoma de Buenos Aires","Buenos Aires",Argentina,1641350257,"Nahu Millicay Pereyra",https://www.facebook.com/nahumilli,1
Guido,Barneda,guiditoobarneda@facebook.com,"27 de Abril",https://www.facebook.com/guiditoobarneda,23,,"Ciudad Autónoma de Buenos Aires","Buenos Aires",Argentina,100001503615783,"Matias Blas",https://www.facebook.com/Matias.Blas,1
Francisco,Alemán,frandiazaleman@facebook.com,"27 de Abril",https://www.facebook.com/frandiazaleman,24,"Buenos Aires","Buenos Aires","Buenos Aires",Argentina,1401736675,"Juan Pablo Aleman",0,1
Augusto,Amato,augusto.amato.79@facebook.com,"27 de Abril",https://www.facebook.com/augusto.amato.79,,,"Ciudad Autónoma de Buenos Aires","Buenos Aires",Argentina,1011938679,"Carolina Del Campo",https://www.facebook.com/carolina.delcampo2,1
Selene,Jazmín,selennnnne@facebook.com,"27 de Abril",https://www.facebook.com/Selennnnne,21,Congreso,"Ciudad Autónoma de Buenos Aires","Buenos Aires",Argentina,1000977787,"Christian Douer Chuky",https://www.facebook.com/christian.chuky,1
David,Aybar,davidaybars@facebook.com,"27 de Abril",https://www.facebook.com/davidaybars,,,"Ciudad Autónoma de Buenos Aires","Buenos Aires",Argentina,100001046620118,"Eugenia Vega",https://www.facebook.com/eugenitavega,1
Eze,"de Godos",eze.degodos@facebook.com,"27 de Abril",https://www.facebook.com/eze.degodos,24,,"Ciudad Autónoma de Buenos Aires","Buenos Aires",Argentina,100000124847795,"Julieta Belen",,1
Vanina,Girolamo,vanadigi@facebook.com,"27 de Abril",https://www.facebook.com/vanadigi,,,"Ciudad Autónoma de Buenos Aires","Buenos Aires",Argentina,1200372259,"Julian Marino",,1
So,Andersen,so.andersen@facebook.com,"27 de Abril",https://www.facebook.com/so.andersen,,,"Ciudad Autónoma de Buenos Aires","Buenos Aires",Argentina,1109186344,"Martín Álvarez BA I",https://www.facebook.com/Woody.Blair,1
Mercedes,"Pereyra Iraola",mercedes.pereyrairaola.7@facebook.com,"27 de Abril",https://www.facebook.com/mercedes.pereyrairaola.7,29,,"Ciudad Autónoma de Buenos Aires","Buenos Aires",Argentina,100000082352377,"Carlos Wilson",,1
Guido,Farias,guido.farias.3@facebook.com,"27 de Abril",https://www.facebook.com/guido.farias.3,,,"Ciudad Autónoma de Buenos Aires","Buenos Aires",Argentina,100002129661333,"Pamela Garrote",https://www.facebook.com/pamela.garrote,1
Mar,Senes,marsenes@facebook.com,"27 de Abril",https://www.facebook.com/marsenes,,Saavedra,"Ciudad Autónoma de Buenos Aires","Buenos Aires",Argentina,584206040,"Sebastian Diaz",https://www.facebook.com/sebastiantatudiaz,1
Anabella,Lauciello,anabella.lauciello@facebook.com,"27 de Abril",https://www.facebook.com/anabella.lauciello,,Flores,"Ciudad Autónoma de Buenos Aires","Buenos Aires",Argentina,834958153,"Martín Álvarez BA I",https://www.facebook.com/Woody.Blair,1
Luli,Carballeira,luli.carballeira@facebook.com,"27 de Abril",https://www.facebook.com/luli.carballeira,24,,"Ciudad Autónoma de Buenos Aires","Buenos Aires",Argentina,1441313675,"Lucas Funes",https://www.facebook.com/SkriLef14,1
Sale,Cositas,sale.cositas@facebook.com,"27 de Abril",https://www.facebook.com/sale.cositas,,,"Ciudad Autónoma de Buenos Aires","Buenos Aires",Argentina,100000494985030,"Yanina Battiato",,1
Listas,SecondVision,listassecondv@facebook.com,"27 de Abril",https://www.facebook.com/ListasSecondV,25,,"Ciudad Autónoma de Buenos Aires","Buenos Aires",Argentina,100004492219000,"Agustin Justin",https://www.facebook.com/Agustin.Justin,1
Rocio,Orlando,rocio.orlando@facebook.com,"27 de Abril",https://www.facebook.com/rocio.orlando,26,,"Ciudad Autónoma de Buenos Aires","Buenos Aires",Argentina,605879016,"Sergio Acosta",,1
"José María",D'Onofrio,josemaria.donofrio@facebook.com,"27 de Abril",https://www.facebook.com/josemaria.donofrio,,,"Ciudad Autónoma de Buenos Aires","Buenos Aires",Argentina,100004039514297,"Brenda Fabregat",https://www.facebook.com/brenda.fabregat,1
Crucero,Universitario,crucero.universitario.5@facebook.com,"27 de Abril",https://www.facebook.com/crucero.universitario.5,,,"Ciudad Autónoma de Buenos Aires","Buenos Aires",Argentina,1299238540,"Monica Trigila",https://www.facebook.com/monica.trigila,1
Martin,Cony,m.cony10@facebook.com,"27 de Abril",https://www.facebook.com/M.Cony10,,,"Ciudad Autónoma de Buenos Aires","Buenos Aires",Argentina,1145221566,"Vicky Diaz",,1
Jumpcut,Cine,primerplano.neumann@facebook.com,"27 de Abril",https://www.facebook.com/primerplano.neumann,29,,"Ciudad Autónoma de Buenos Aires","Buenos Aires",Argentina,1029002716,"Jessica Bellomo",https://www.facebook.com/JessBellomo,1
Federico,Ernesto,imas.federico@facebook.com,"27 de Abril",https://www.facebook.com/imas.federico,,,"Ciudad Autónoma de Buenos Aires","Buenos Aires",Argentina,1271469028,"Maria Lucila Quarleri",https://www.facebook.com/maria.quarleri,1
Tiffany,Lin,tiffany.lin.7587@facebook.com,"27 de Abril",https://www.facebook.com/tiffany.lin.7587,,,"Ciudad Autónoma de Buenos Aires","Buenos Aires",Argentina,100000712498497,"Cami Weng",,1
Veget,Maranga,vegeta.maranga@facebook.com,"27 de Abril",https://www.facebook.com/vegeta.maranga,,,"Ciudad Autónoma de Buenos Aires","Buenos Aires",Argentina,100000479468054,"Jessica Bellomo",https://www.facebook.com/JessBellomo,1
Malena,Ferreyra,male.ferreyraa@facebook.com,"27 de Abril",https://www.facebook.com/male.ferreyraa,,,"Ciudad Autónoma de Buenos Aires","Buenos Aires",Argentina,1482290973,"Claudia Gonzalez",,1
Belén,Frijol,belen.frijol@facebook.com,"27 de Abril",https://www.facebook.com/belen.frijol,21,,"Ciudad Autónoma de Buenos Aires","Buenos Aires",Argentina,1355630605,"Felicitas Ghigliotti",https://www.facebook.com/felicitas.ghigliotti,1
Ape,Estampadas,tazas.estampadas@facebook.com,"27 de Abril",https://www.facebook.com/tazas.estampadas,,,"Ciudad Autónoma de Buenos Aires","Buenos Aires",Argentina,100002293309359,"Joshua Oglio",,1
Tamara,Kap,tamykap@facebook.com,"28 de Abril",https://www.facebook.com/TamyKap,,,"Ciudad Autónoma de Buenos Aires","Buenos Aires",Argentina,1014867454,"Jose Guevara",https://www.facebook.com/JoeGuevara81,1
Gonzalo,Maciel,gonzalo.maciel@facebook.com,"28 de Abril",https://www.facebook.com/gonzalo.maciel,,,"Ciudad Autónoma de Buenos Aires","Buenos Aires",Argentina,1404665034,"Ariel Villarreal",,1
Paul,Proyect,paulproyect@facebook.com,"28 de Abril",https://www.facebook.com/paulproyect,,"Buenos Aires","Buenos Aires","Buenos Aires",Argentina,1086371948,"Peter GC",0,1
"Dana Danu",Dagostino,danadanu.dagostino@facebook.com,"28 de Abril",https://www.facebook.com/danadanu.dagostino,,Recoleta,"Ciudad Autónoma de Buenos Aires","Buenos Aires",Argentina,100003310493851,"Marcela Hinckelmann",https://www.facebook.com/marcela.hinckelmann,1
Justicia,"Por Martin Diaz",justicia.pormartindiaz@facebook.com,"28 de Abril",https://www.facebook.com/justicia.pormartindiaz,23,,"Ciudad Autónoma de Buenos Aires","Buenos Aires",Argentina,100001046142147,"Agustina Pelle Müller",,1
Wad,Diseños,wad.disenos@facebook.com,"28 de Abril",https://www.facebook.com/wad.disenos,27,,"Ciudad Autónoma de Buenos Aires","Buenos Aires",Argentina,100002960635913,"Lupe Dávalos",https://www.facebook.com/guadinight,1
Andres,Montenegro,elloboandre@facebook.com,"28 de Abril",https://www.facebook.com/elloboandre,,,"Ciudad Autónoma de Buenos Aires","Buenos Aires",Argentina,1591479405,"Tomás Eis",,1
Florencia,Carballo,floorsool@facebook.com,"28 de Abril",https://www.facebook.com/floorsool,,,"Ciudad Autónoma de Buenos Aires","Buenos Aires",Argentina,1326191014,"Nahu Millicay Pereyra",https://www.facebook.com/nahumilli,1
Fotografia,Diseño,jonyfranfotografia@facebook.com,"28 de Abril",https://www.facebook.com/jonyfranfotografia,,,"Ciudad Autónoma de Buenos Aires","Buenos Aires",Argentina,100001080552644,"Jessica Bellomo",https://www.facebook.com/JessBellomo,1
Fabrizio,Privato,fabrizio.koppo.1@facebook.com,"28 de Abril",https://www.facebook.com/fabrizio.koppo.1,28,,"Ciudad Autónoma de Buenos Aires","Buenos Aires",Argentina,100005017926672,"Silvia Grun",,1
Mariela,Mele,mariela.mele.3@facebook.com,"28 de Abril",https://www.facebook.com/mariela.mele.3,,,"Ciudad Autónoma de Buenos Aires","Buenos Aires",Argentina,1507812954,"Gabriel Gutierrez",,1
"Anoky La Lokiita",Bibva,brilalokita11@facebook.com,"28 de Abril",https://www.facebook.com/brilalokita11,,"Buenos Aires","Buenos Aires","Buenos Aires",Argentina,100001068521445,"Augusto Lios",0,1
Emi,Clavero,claveroemi@facebook.com,"28 de Abril",https://www.facebook.com/Claveroemi,24,,"Ciudad Autónoma de Buenos Aires","Buenos Aires",Argentina,100002869236021,"Fabio Ezequiel Farruggio",https://www.facebook.com/ffachurro,1
Nicole,Traba,nicolemkt@facebook.com,"28 de Abril",https://www.facebook.com/nicolemkt,,,"Ciudad Autónoma de Buenos Aires","Buenos Aires",Argentina,1009686104,"Yanina Battiato",,1
Juan,Britez,juan.britez@facebook.com,"28 de Abril",https://www.facebook.com/juan.britez,,,"Ciudad Autónoma de Buenos Aires","Buenos Aires",Argentina,1299020667,"Gastón Alejandro Di Lella",https://www.facebook.com/gastondilella,1
Fernando,Cuenca,fer.cuenca.deejay@facebook.com,"28 de Abril",https://www.facebook.com/fer.cuenca.deejay,,,"Ciudad Autónoma de Buenos Aires","Buenos Aires",Argentina,1277625296,"Ariel Rivera",,1
Melissa,Mogrovejo,melissa.mogrovejo1@facebook.com,"28 de Abril",https://www.facebook.com/melissa.mogrovejo1,,,"Ciudad Autónoma de Buenos Aires","Buenos Aires",Argentina,1404112515,"La Rockeria",https://www.facebook.com/oveja1,1
Medano,Barrientos,medanito@facebook.com,"28 de Abril",https://www.facebook.com/medanito,,,"Ciudad Autónoma de Buenos Aires","Buenos Aires",Argentina,1053657392,"Felipe Cianciarulo",https://www.facebook.com/fcianciarulo,1
VeroCh,Fotógrafa,verochayanfotografa@facebook.com,"28 de Abril",https://www.facebook.com/verochayanfotografa,30,,"Ciudad Autónoma de Buenos Aires","Buenos Aires",Argentina,100002606712518,"Juan Manuel Fotografo",https://www.facebook.com/JuanmaJMFotoEstudio,1
Brenda,Narvaez,brendiitah.narvaez@facebook.com,"28 de Abril",https://www.facebook.com/brendiitah.narvaez,22,,"Ciudad Autónoma de Buenos Aires","Buenos Aires",Argentina,1237033165,"Juanma Ramirez",,1
Foreman,Rock,foreman.rock@facebook.com,"28 de Abril",https://www.facebook.com/foreman.rock,30,,"Ciudad Autónoma de Buenos Aires","Buenos Aires",Argentina,100001437880398,"La Rockeria",https://www.facebook.com/oveja1,1
Martin,Cutrera,martucutrera@facebook.com,"28 de Abril",https://www.facebook.com/MartuCutrera,,"Villa Pueyrredón","Ciudad Autónoma de Buenos Aires","Buenos Aires",Argentina,1163142995,"Ramiro Prieto",,1
Florencia,Sosa,florencia.sosa.7731@facebook.com,"28 de Abril",https://www.facebook.com/florencia.sosa.7731,,,"Ciudad Autónoma de Buenos Aires","Buenos Aires",Argentina,1015028511,"Eve Schiera",,1
Patricio,Axel,patricio.axel@facebook.com,"28 de Abril",https://www.facebook.com/patricio.axel,21,,"Ciudad Autónoma de Buenos Aires","Buenos Aires",Argentina,1327779386,"Alee Jandro",https://www.facebook.com/alejandropassadore,1
Justina,Oblak,justina.oblak@facebook.com,"28 de Abril",https://www.facebook.com/justina.oblak,24,,"Ciudad Autónoma de Buenos Aires","Buenos Aires",Argentina,100000964052667,"Calvin Peterson",,1
Esteban,Parafioriti,eparafioriti@facebook.com,"28 de Abril",https://www.facebook.com/eparafioriti,26,,"Ciudad Autónoma de Buenos Aires","Buenos Aires",Argentina,1286311985,"Micaela Parisi",https://www.facebook.com/parisimica,1
"Monica Alejandra",Herrera,monicaalejandra.herrera.7@facebook.com,"28 de Abril",https://www.facebook.com/monicaalejandra.herrera.7,27,,"Ciudad Autónoma de Buenos Aires","Buenos Aires",Argentina,100001544578871,"Martín Álvarez BA I",https://www.facebook.com/Woody.Blair,1
Nacho,Fiorito,nacho.fiorito@facebook.com,"28 de Abril",https://www.facebook.com/NACHO.FIORITO,,,"Ciudad Autónoma de Buenos Aires","Buenos Aires",Argentina,642221409,"Alexia Garcia",https://www.facebook.com/garciaalexiia,1
Ivanita,Ntvg,ivanita.janis@facebook.com,"28 de Abril",https://www.facebook.com/ivanita.janis,22,"Villa Luro","Ciudad Autónoma de Buenos Aires","Buenos Aires",Argentina,541539000,"Giuliana Minniti",https://www.facebook.com/giuliana.minniti,1
Cami,"Gonzalez Adamo",cami.gonzalezadamo@facebook.com,"28 de Abril",https://www.facebook.com/cami.gonzalezadamo,,,"Ciudad Autónoma de Buenos Aires","Buenos Aires",Argentina,1773160613,"Mariano Gonzalez",,1
Diego,Amaya,diego.amaya.9022@facebook.com,"29 de Abril",https://www.facebook.com/diego.amaya.9022,,,"Ciudad Autónoma de Buenos Aires","Buenos Aires",Argentina,100002056255375,"Agustina Pelle Müller",,1
Louisa,Remsey,jede.remsey.1@facebook.com,"29 de Abril",https://www.facebook.com/jede.remsey.1,21,,"Ciudad Autónoma de Buenos Aires","Buenos Aires",Argentina,100004288085541,"Alejandra Ale Roldan",,1
Kikita,Rosales,kikita.rosales@facebook.com,"29 de Abril",https://www.facebook.com/kikita.rosales,,,"Ciudad Autónoma de Buenos Aires","Buenos Aires",Argentina,1801862508,"Martín Álvarez BA I",https://www.facebook.com/Woody.Blair,1
Flor,D'Angelo,floor.dangelo.3@facebook.com,"29 de Abril",https://www.facebook.com/floor.dangelo.3,,,"Ciudad Autónoma de Buenos Aires","Buenos Aires",Argentina,1387879626,"Kar Elizabeth Avila",https://www.facebook.com/Kaari94,1
Vickenta,Indumentaria,vickenta.indumentaria@facebook.com,"29 de Abril",https://www.facebook.com/vickenta.indumentaria,24,,"Ciudad Autónoma de Buenos Aires","Buenos Aires",Argentina,100002123302334,"Ornela G Cirigliano",https://www.facebook.com/floweringashtree,1
Fede,Sanchez,ffedde18@facebook.com,"29 de Abril",https://www.facebook.com/ffedde18,,,"Ciudad Autónoma de Buenos Aires","Buenos Aires",Argentina,1351546651,"Francisco Klausner",https://www.facebook.com/francisco.klausner,1
Lourdes,Frecha,lourdes.frecha@facebook.com,"29 de Abril",https://www.facebook.com/lourdes.frecha,,,"Ciudad Autónoma de Buenos Aires","Buenos Aires",Argentina,1322381203,"Brian Cano",,1
Oscar,Colombo,oscarcolomboembajadorloreal@facebook.com,"29 de Abril",https://www.facebook.com/oscarcolomboembajadorloreal,,,"Ciudad Autónoma de Buenos Aires","Buenos Aires",Argentina,650891433,"Mauro Sebastian Villegas",,1
Julieta,Losada,juliettitaa.losada@facebook.com,"29 de Abril",https://www.facebook.com/juliettitaa.losada,22,,"Ciudad Autónoma de Buenos Aires","Buenos Aires",Argentina,100002617596535,"Aniita Canta",https://www.facebook.com/Aniita.Canta,1
"Ezequiel Marcelo",Ferreira,ezequielmarcelo.ferreira@facebook.com,"29 de Abril",https://www.facebook.com/ezequielmarcelo.ferreira,30,,"Ciudad Autónoma de Buenos Aires","Buenos Aires",Argentina,100007048872574,"Agustin Martinez Molinelli",https://www.facebook.com/agustin.martinezmolinelli,1
"Fran Efren",Eizaguirre,francisco.eizaguirre@facebook.com,"29 de Abril",https://www.facebook.com/francisco.eizaguirre,22,,"Ciudad Autónoma de Buenos Aires","Buenos Aires",Argentina,1062814813,"Marti Nevares",https://www.facebook.com/martii.nevares,1
El,Satanbar,new.satanbar@facebook.com,"29 de Abril",https://www.facebook.com/new.satanbar,,,"Ciudad Autónoma de Buenos Aires","Buenos Aires",Argentina,1559216254,"Valeria Ayala",,1
Facu,Pueyrredon,facu.pueyrredon.1@facebook.com,"29 de Abril",https://www.facebook.com/facu.pueyrredon.1,30,,"Ciudad Autónoma de Buenos Aires","Buenos Aires",Argentina,1267637970,"Maureen Burton",,1
Lucas,Arriaga,lucas.arriaga.5@facebook.com,"29 de Abril",https://www.facebook.com/lucas.arriaga.5,27,,"Ciudad Autónoma de Buenos Aires","Buenos Aires",Argentina,593098261,"Alejandro Cocktila Acosta",https://www.facebook.com/alejandro.acosta,1
Leila,Jelen,leila.jelen@facebook.com,"29 de Abril",https://www.facebook.com/leila.jelen,21,,"Ciudad Autónoma de Buenos Aires","Buenos Aires",Argentina,100001070279048,"Juanma Ramirez",,1
Nicolás,Uriarte,nico.uriarte.12@facebook.com,"29 de Abril",https://www.facebook.com/nico.uriarte.12,,,"Ciudad Autónoma de Buenos Aires","Buenos Aires",Argentina,100005376303576,"Cristian Fernandez Villamor",https://www.facebook.com/cristian.fernandezvillamo,1
Alisados,Brasileros,alisadoevansok@facebook.com,"29 de Abril",https://www.facebook.com/alisadoevansok,,,"Ciudad Autónoma de Buenos Aires","Buenos Aires",Argentina,100003548289679,"Mar Marignac",https://www.facebook.com/marina.marignac,1
"Shailohn Moro",Aquino,shailohnmoro.aquino@facebook.com,"29 de Abril",https://www.facebook.com/shailohnmoro.aquino,27,,"Ciudad Autónoma de Buenos Aires","Buenos Aires",Argentina,100002772297731,"Pablo Dandrea",https://www.facebook.com/pablo.dandrea,1
Amalgama,Tango,amalgama.tango@facebook.com,"29 de Abril",https://www.facebook.com/amalgama.tango,,"Villa Devoto","Ciudad Autónoma de Buenos Aires","Buenos Aires",Argentina,100005783233186,"Fernando Velcic",https://www.facebook.com/fernando.velcic,1
Melisa,Pietrino,meelu.pietrino@facebook.com,"29 de Abril",https://www.facebook.com/meelu.pietrino,,,"Ciudad Autónoma de Buenos Aires","Buenos Aires",Argentina,100005906773136,"Sofía Barreira",https://www.facebook.com/sofia.barreiram,1
Gustavo,Nasib,gustavo.nasib120bpm@facebook.com,"29 de Abril",https://www.facebook.com/gustavo.nasib120bpm,,"Buenos Aires","Buenos Aires","Buenos Aires",Argentina,1151930992,"Peter GC",0,1
AzulyOro,Retro,azulyoro.retro@facebook.com,"29 de Abril",https://www.facebook.com/azulyoro.retro,,"La Boca","Ciudad Autónoma de Buenos Aires","Buenos Aires",Argentina,100003943454053,"Christian Vadalá",https://www.facebook.com/christian.vadala,1
Fran,Pérez,franperez83@facebook.com,"29 de Abril",https://www.facebook.com/franperez83,,,"Ciudad Autónoma de Buenos Aires","Buenos Aires",Argentina,1216338499,"Nicolas Baumann",https://www.facebook.com/redcarpetpalermo,1
"Maria Paula",Estevez,mariapaula.estevez.9@facebook.com,"29 de Abril",https://www.facebook.com/mariapaula.estevez.9,26,,"Ciudad Autónoma de Buenos Aires","Buenos Aires",Argentina,100006541063377,"Sosó Frias Cabido",https://www.facebook.com/soniafc50,1
Luciano,Perini,luciano.perini.7@facebook.com,"29 de Abril",https://www.facebook.com/luciano.perini.7,,,"Ciudad Autónoma de Buenos Aires","Buenos Aires",Argentina,1008792182,"Juan Cruz Albornoz",,1
Carolina,Giroldi,mariacarolinagiroldi@facebook.com,"29 de Abril",https://www.facebook.com/mariacarolinagiroldi,,,"Ciudad Autónoma de Buenos Aires","Buenos Aires",Argentina,617304003,"Martín Álvarez BA I",https://www.facebook.com/Woody.Blair,1
Andrea,Toppino,andrea.toppino@facebook.com,"29 de Abril",https://www.facebook.com/andrea.toppino,24,,"Ciudad Autónoma de Buenos Aires","Buenos Aires",Argentina,100002500692893,"Martín Álvarez BA I",https://www.facebook.com/Woody.Blair,1
"La Miqqeila",Logi,lamiqqeila.logi@facebook.com,"29 de Abril",https://www.facebook.com/lamiqqeila.logi,21,,"Ciudad Autónoma de Buenos Aires","Buenos Aires",Argentina,100001271875074,"Nahu Millicay Pereyra",https://www.facebook.com/nahumilli,1
Juan,Gavassa,jdgavassa@facebook.com,"29 de Abril",https://www.facebook.com/jdgavassa,23,,"Ciudad Autónoma de Buenos Aires","Buenos Aires",Argentina,663242886,"Emanuel Gaston Perdigues",https://www.facebook.com/emaxpx,1
Daira,Orlando,daira.orlando@facebook.com,"29 de Abril",https://www.facebook.com/daira.orlando,22,,"Ciudad Autónoma de Buenos Aires","Buenos Aires",Argentina,1285488037,"Guido Moncayo",https://www.facebook.com/guido.moncayo,1
Sofia,Taboas,sofia.taboas@facebook.com,"29 de Abril",https://www.facebook.com/sofia.taboas,,,"Ciudad Autónoma de Buenos Aires","Buenos Aires",Argentina,1265718614,"Matías Panero",,1
Jaz,Joplin,racing.una.pasion@facebook.com,"29 de Abril",https://www.facebook.com/Racing.una.pasion,22,,"Ciudad Autónoma de Buenos Aires","Buenos Aires",Argentina,1645903607,"Martín Álvarez BA I",https://www.facebook.com/Woody.Blair,1
Juan,Iacaruso,juan.iacaruso@facebook.com,"29 de Abril",https://www.facebook.com/juan.iacaruso,,"Villa Devoto","Ciudad Autónoma de Buenos Aires","Buenos Aires",Argentina,1091340326,"Emanuel Gaston Perdigues",https://www.facebook.com/emaxpx,1
Juan,"Blanco Moyano",juanblancomoyano@facebook.com,"29 de Abril",https://www.facebook.com/juanblancomoyano,,,"Ciudad Autónoma de Buenos Aires","Buenos Aires",Argentina,535426452,"Noe Guillén",https://www.facebook.com/noeguillen20,1
Pablito,Ribulgo,pablito.ribulgo@facebook.com,"29 de Abril",https://www.facebook.com/pablito.ribulgo,24,,"Ciudad Autónoma de Buenos Aires","Buenos Aires",Argentina,100002736044960,"Fede Martinez",https://www.facebook.com/fedemartinez17,1
Rebeca,Chevez,rebeca.elizabeth.180@facebook.com,"29 de Abril",https://www.facebook.com/rebeca.elizabeth.180,22,,"Ciudad Autónoma de Buenos Aires","Buenos Aires",Argentina,100001886487333,"Facundo Bulacio",https://www.facebook.com/facundo.bulacio,1
Daniel,Prestes,daniel.prestes.756@facebook.com,"29 de Abril",https://www.facebook.com/daniel.prestes.756,28,,"Ciudad Autónoma de Buenos Aires","Buenos Aires",Argentina,750384746,"Jessica Bellomo",https://www.facebook.com/JessBellomo,1
Sebastian,Cuniolo,sebastian.cuniolo@facebook.com,"29 de Abril",https://www.facebook.com/sebastian.cuniolo,30,,"Ciudad Autónoma de Buenos Aires","Buenos Aires",Argentina,1493056573,"Vanina Lopez Baroni",https://www.facebook.com/vaninalb,1
Maga,Rumille,magali.rumille25@facebook.com,"29 de Abril",https://www.facebook.com/magali.rumille25,,,"Ciudad Autónoma de Buenos Aires","Buenos Aires",Argentina,100007459842995,"Maria Quevedo",https://www.facebook.com/mery.quevedo3,1
Mati,Grondona,mgrondona@facebook.com,"29 de Abril",https://www.facebook.com/mgrondona,26,,"Ciudad Autónoma de Buenos Aires","Buenos Aires",Argentina,725631587,"Melo Dellarole",https://www.facebook.com/melodellarole,1
Daniela,Belén,pekolandia@facebook.com,"29 de Abril",https://www.facebook.com/Pekolandia,21,,"Ciudad Autónoma de Buenos Aires","Buenos Aires",Argentina,1189124092,"Daiana Soledad Pintos",https://www.facebook.com/Sheena.is,1
Ariel,Cofre,ariel.cofre.9@facebook.com,"29 de Abril",https://www.facebook.com/ariel.cofre.9,,,"Ciudad Autónoma de Buenos Aires","Buenos Aires",Argentina,1329828511,"Ingrid Sondergaard",https://www.facebook.com/ingridfash,1
"Tu Mismo",Eventos,tumismo.eventos@facebook.com,"29 de Abril",https://www.facebook.com/tumismo.eventos,27,,"Ciudad Autónoma de Buenos Aires","Buenos Aires",Argentina,100001139328656,"Gimena Yamila Yerden Giaquinto",https://www.facebook.com/Gimetrance,1
Cristian,Ezequiel,cristianezequielviana@facebook.com,"29 de Abril",https://www.facebook.com/CristianEzequielViana,,,"Ciudad Autónoma de Buenos Aires","Buenos Aires",Argentina,1428925491,"Ale Arias Mandarine Park",,1
Cami,Jimenez,cami.jimenez1@facebook.com,"30 de Abril",https://www.facebook.com/cami.jimenez1,,,"Ciudad Autónoma de Buenos Aires","Buenos Aires",Argentina,1360965623,"Jero Salsamendi",https://www.facebook.com/jero.salsamendi,1
Nataliia,Soledad,soledad.maizano@facebook.com,"30 de Abril",https://www.facebook.com/soledad.maizano,28,,"Ciudad Autónoma de Buenos Aires","Buenos Aires",Argentina,100005330617866,"Yani Nefes",https://www.facebook.com/yani.nefes,1
Kaell,"Departamento Comercial",kaelldepartamentocomercial@facebook.com,"30 de Abril",https://www.facebook.com/KaellDepartamentoComercial,24,,"Ciudad Autónoma de Buenos Aires","Buenos Aires",Argentina,100008212865598,"Paz Maldonado",,1
Mau,Diaz,mau.diaz2@facebook.com,"30 de Abril",https://www.facebook.com/mau.diaz2,,"San Telmo","Ciudad Autónoma de Buenos Aires","Buenos Aires",Argentina,1110174799,"Christian Douer Chuky",https://www.facebook.com/christian.chuky,1
Yi,He,yi.he.397@facebook.com,"30 de Abril",https://www.facebook.com/yi.he.397,30,"Buenos Aires","Buenos Aires","Buenos Aires",Argentina,100003010567665,"Alan Yun",0,1
Camila,Zanoni,camila.zanoni.97@facebook.com,"30 de Abril",https://www.facebook.com/camila.zanoni.97,,,"Ciudad Autónoma de Buenos Aires","Buenos Aires",Argentina,1359315016,"Aniita Canta",https://www.facebook.com/Aniita.Canta,1
Agustin,Lanusse,agustin.lanusse@facebook.com,"30 de Abril",https://www.facebook.com/agustin.lanusse,23,"La Boca","Ciudad Autónoma de Buenos Aires","Buenos Aires",Argentina,1058281856,"Jenny Barco",https://www.facebook.com/jenny.barco,1
Fernando,Mariano,fernando.mariano2@facebook.com,"30 de Abril",https://www.facebook.com/fernando.mariano2,23,,"Ciudad Autónoma de Buenos Aires","Buenos Aires",Argentina,901790084,"Cristian Fernandez Villamor",https://www.facebook.com/cristian.fernandezvillamo,1
Macu,Bello,macu.bello@facebook.com,"30 de Abril",https://www.facebook.com/macu.bello,,,"Ciudad Autónoma de Buenos Aires","Buenos Aires",Argentina,1516905913,"Agustin Martinez Molinelli",https://www.facebook.com/agustin.martinezmolinelli,1
Sofi,Nantes,delfi.nantes@facebook.com,"30 de Abril",https://www.facebook.com/delfi.nantes,24,,"Ciudad Autónoma de Buenos Aires","Buenos Aires",Argentina,1040469968,"Valentino Fabre",https://www.facebook.com/valenfabre,1
Agustin,Mentasti,agustin.mentasti@facebook.com,"30 de Abril",https://www.facebook.com/agustin.mentasti,,,"Ciudad Autónoma de Buenos Aires","Buenos Aires",Argentina,641324099,"Rochi Christensen",https://www.facebook.com/rochi.christensen,1
Tomas,Pierrard,tomas.pierrard@facebook.com,"30 de Abril",https://www.facebook.com/tomas.pierrard,,,"Ciudad Autónoma de Buenos Aires","Buenos Aires",Argentina,1537257628,"Facu Denegri",,1
Pilar,"Noriega Diseñadora",pilar.noriegadisenadora@facebook.com,"30 de Abril",https://www.facebook.com/pilar.noriegadisenadora,,,"Ciudad Autónoma de Buenos Aires","Buenos Aires",Argentina,100006060880080,"Vanesa Myrna Ojeda",,1
Juan,Mata,juan.mata2@facebook.com,"30 de Abril",https://www.facebook.com/juan.mata2,21,,"Ciudad Autónoma de Buenos Aires","Buenos Aires",Argentina,1497190845,"Guido Moncayo",https://www.facebook.com/guido.moncayo,1
Ayelen,Sabadini,ayelen.sabadini.5@facebook.com,"30 de Abril",https://www.facebook.com/ayelen.sabadini.5,,,"Ciudad Autónoma de Buenos Aires","Buenos Aires",Argentina,100000290368547,"Brenda Araceli Gonzalez",https://www.facebook.com/brendaaraceli.gonzalez,1
Victoria,Wolf,vicky.wolf.750@facebook.com,"30 de Abril",https://www.facebook.com/vicky.wolf.750,,,"Ciudad Autónoma de Buenos Aires","Buenos Aires",Argentina,1300630333,"Silvia Grun",,1
Sofi,Martina,sofi.martina.5@facebook.com,"30 de Abril",https://www.facebook.com/sofi.martina.5,,,"Ciudad Autónoma de Buenos Aires","Buenos Aires",Argentina,1042673833,"Thomas Jensen",,1
Ivana,Barac,ivana.barac.395@facebook.com,"30 de Abril",https://www.facebook.com/ivana.barac.395,23,Recoleta,"Ciudad Autónoma de Buenos Aires","Buenos Aires",Argentina,1472510985,"Emanuel Gaston Perdigues",https://www.facebook.com/emaxpx,1
Martín,Bouissou,mbouissou@facebook.com,"30 de Abril",https://www.facebook.com/mbouissou,22,,"Ciudad Autónoma de Buenos Aires","Buenos Aires",Argentina,100000104153526,"Maria Quevedo",https://www.facebook.com/mery.quevedo3,1
Pablito,Ramirez,pablito.ramirez@facebook.com,"30 de Abril",https://www.facebook.com/pablito.ramirez,30,,"Ciudad Autónoma de Buenos Aires","Buenos Aires",Argentina,1650877591,"Chanchi Martinez",https://www.facebook.com/chanchi.martinez,1
Guido,Quintana,guido.quintana.1@facebook.com,"30 de Abril",https://www.facebook.com/guido.quintana.1,29,,"Ciudad Autónoma de Buenos Aires","Buenos Aires",Argentina,1263632530,"Belen Uicich",https://www.facebook.com/belen.uicich,1
Lucia,López,lopezlucia.v@facebook.com,"30 de Abril",https://www.facebook.com/lopezlucia.v,,,"Ciudad Autónoma de Buenos Aires","Buenos Aires",Argentina,1267747610,"Cynthia Gianni",,1
Gaby,"Her II",gaby.herrera.10690@facebook.com,"30 de Abril",https://www.facebook.com/gaby.herrera.10690,24,"Buenos Aires","Buenos Aires","Buenos Aires",Argentina,100006345872431,"Fett Maidana",0,1
Gabriel,Browarnik,gabybrow@facebook.com,"30 de Abril",https://www.facebook.com/gabybrow,,,"Ciudad Autónoma de Buenos Aires","Buenos Aires",Argentina,646135333,"Ana Glinberg",https://www.facebook.com/ana.glinberg,1
Carlos,Keller,carlos.keller.31@facebook.com,"30 de Abril",https://www.facebook.com/carlos.keller.31,,,"Ciudad Autónoma de Buenos Aires","Buenos Aires",Argentina,100002524825215,"Martín Álvarez BA I",https://www.facebook.com/Woody.Blair,1
Tuu,Morochiitaa,tuumorochitaa@facebook.com,"30 de Abril",https://www.facebook.com/TuuMorochitaa,23,"Villa Crespo","Ciudad Autónoma de Buenos Aires","Buenos Aires",Argentina,1406692314,"Sindy Elisa Szczucky",https://www.facebook.com/sindy.szczucky,1
Love,Pink,lovepinkspirit@facebook.com,"30 de Abril",https://www.facebook.com/lovepinkspirit,,,"Ciudad Autónoma de Buenos Aires","Buenos Aires",Argentina,100001608868648,"Pamela Gil",https://www.facebook.com/pamelagil,1
Maria,Nuñez,maria.nunez.5036459@facebook.com,"30 de Abril",https://www.facebook.com/maria.nunez.5036459,22,,"Ciudad Autónoma de Buenos Aires","Buenos Aires",Argentina,100002201255481,"Juanma Ramirez",,1
Afs,"Santiago del Estero",afs.santiagodelestero@facebook.com,"30 de Abril",https://www.facebook.com/afs.santiagodelestero,22,,"Ciudad Autónoma de Buenos Aires","Buenos Aires",Argentina,100000380139347,"Ignacio Lines Ceruti",https://www.facebook.com/ignacio.lines,1
Natty,Herculano,natty.herculano@facebook.com,"30 de Abril",https://www.facebook.com/natty.herculano,21,,"Ciudad Autónoma de Buenos Aires","Buenos Aires",Argentina,100000147315127,"Alicia Kosem",https://www.facebook.com/alicia.kosem,1
Sofia,Menditeguy,sofi.menditeguy@facebook.com,"30 de Abril",https://www.facebook.com/sofi.menditeguy,21,,"Ciudad Autónoma de Buenos Aires","Buenos Aires",Argentina,779224879,"Valentino Fabre",https://www.facebook.com/valenfabre,1
Agus,Imparato,agus.imparato@facebook.com,"30 de Abril",https://www.facebook.com/agus.imparato,,,"Ciudad Autónoma de Buenos Aires","Buenos Aires",Argentina,1262153803,"Brian Cano",,1
Tomas,Cooper,tomasitoo@facebook.com,"30 de Abril",https://www.facebook.com/tomasitoo,,,"Ciudad Autónoma de Buenos Aires","Buenos Aires",Argentina,1006713468,"Gustavo Pietrafesa",,1
Pendeja,Mierdaa,la.mas.chiquitina@facebook.com,"30 de Abril",https://www.facebook.com/la.mas.chiquitina,,"Dock Sud","Ciudad Autónoma de Buenos Aires","Buenos Aires",Argentina,100002254698070,"Emiliano Pirolo",https://www.facebook.com/emi.pirolo,1
Marcos,Conde,marcos.conde.752@facebook.com,"30 de Abril",https://www.facebook.com/marcos.conde.752,,,"Ciudad Autónoma de Buenos Aires","Buenos Aires",Argentina,100000658357477,"Clari Stagno",,1
Luis,Rovira,lerovira@facebook.com,"30 de Abril",https://www.facebook.com/lerovira,,,"Ciudad Autónoma de Buenos Aires","Buenos Aires",Argentina,100001327132660,"July Jaluff",https://www.facebook.com/july.jaluff,1
Micaela,Mozotegui,micaela.mozotegui@facebook.com,"30 de Abril",https://www.facebook.com/micaela.mozotegui,25,"Buenos Aires","Buenos Aires","Buenos Aires",Argentina,1443512757,"Peter GC",0,1
