Nombre,Apellido,"Email Facebook",Cumpleaños,"Usuario Facebook",Edad,Barrio,Ciudad,Provincia,Pais,"ID Facebook","Amigo De","Amigo De (Usuario)",rebound
Andres,Gaio,gabelito88@facebook.com,"17 de Abril",https://www.facebook.com/gabelito88,26,,"Ciudad Autónoma de Buenos Aires","Buenos Aires",Argentina,1062970421,"Jimena Avila",,1
Francisco,Bustamante,francisco.bustamante.940@facebook.com,"17 de Abril",https://www.facebook.com/francisco.bustamante.940,23,,"Ciudad Autónoma de Buenos Aires","Buenos Aires",Argentina,565693958,"Pala Falguera",,1
Fiona,Battiston,fionabattiston@facebook.com,"17 de Abril",https://www.facebook.com/fionabattiston,24,,"Ciudad Autónoma de Buenos Aires","Buenos Aires",Argentina,733998739,"Manuela Casella Vecchi",https://www.facebook.com/manu.casve,1
Decime,Vikii,viky.deeciudadela@facebook.com,"17 de Abril",https://www.facebook.com/viky.deeciudadela,21,,"Ciudad Autónoma de Buenos Aires","Buenos Aires",Argentina,1134130664,"Julio Roberto Cuevas",https://www.facebook.com/julioroberto.cuevas,1
Alejandro,Bisi,alejandro.bisignano@facebook.com,"17 de Abril",https://www.facebook.com/alejandro.bisignano,30,"Buenos Aires","Buenos Aires","Buenos Aires",Argentina,100002143541559,"Rebe Gonzalez",0,1
Matias,Brovelli,matias.brovelli@facebook.com,"17 de Abril",https://www.facebook.com/matias.brovelli,30,,"Ciudad Autónoma de Buenos Aires","Buenos Aires",Argentina,806073685,"Marcelo Di Salvo",,1
Maggie,Ugarte,maggie.ugarte.5@facebook.com,"17 de Abril",https://www.facebook.com/maggie.ugarte.5,,,"Ciudad Autónoma de Buenos Aires","Buenos Aires",Argentina,1389440600,"Ivan Achaval",https://www.facebook.com/ivancho.achaval,1
Nico,Arosemena,nico.arosemena@facebook.com,"17 de Abril",https://www.facebook.com/nico.arosemena,28,,"Ciudad Autónoma de Buenos Aires","Buenos Aires",Argentina,1103937398,"Carlos Wilson",,1
Agustin,Locatelli,agus.locatelli@facebook.com,"17 de Abril",https://www.facebook.com/agus.locatelli,,,"Ciudad Autónoma de Buenos Aires","Buenos Aires",Argentina,1320771188,"Joaquin Barraco",https://www.facebook.com/chino.barraco,1
Arte,Ga,arte.ga.7@facebook.com,"17 de Abril",https://www.facebook.com/arte.ga.7,,,"Ciudad Autónoma de Buenos Aires","Buenos Aires",Argentina,100001357693636,"Ariel Villarreal",,1
Ja,De,jade.broquier@facebook.com,"17 de Abril",https://www.facebook.com/jade.broquier,,,"Ciudad Autónoma de Buenos Aires","Buenos Aires",Argentina,765923001,"Ingrid Sondergaard",https://www.facebook.com/ingridfash,1
Djmiss,"Sam II",djmisssam.2@facebook.com,"17 de Abril",https://www.facebook.com/djmisssam.2,,,"Ciudad Autónoma de Buenos Aires","Buenos Aires",Argentina,100001410651056,"Lupe Dávalos",https://www.facebook.com/guadinight,1
Leandro,Mendez,leandro.mendez2@facebook.com,"17 de Abril",https://www.facebook.com/leandro.mendez2,30,,"Ciudad Autónoma de Buenos Aires","Buenos Aires",Argentina,1327024136,"Jobs Bar",https://www.facebook.com/jobsbar,1
Xyro,Xoias,xyro.xoias1@facebook.com,"17 de Abril",https://www.facebook.com/xyro.xoias1,21,,"Ciudad Autónoma de Buenos Aires","Buenos Aires",Argentina,100002315975333,"Miranda Toderi",https://www.facebook.com/miranda.toderi,1
Sofi,Matalon,sofimata1@facebook.com,"17 de Abril",https://www.facebook.com/sofimata1,21,,"Ciudad Autónoma de Buenos Aires","Buenos Aires",Argentina,100002771931700,"Emiliano Pirolo",https://www.facebook.com/emi.pirolo,1
Michelle,Masri,michelle.masri.10@facebook.com,"17 de Abril",https://www.facebook.com/michelle.masri.10,25,,"Ciudad Autónoma de Buenos Aires","Buenos Aires",Argentina,100000453958395,"Eve Schiera",,1
Mario,Mahler,mario.mahler@facebook.com,"17 de Abril",https://www.facebook.com/mario.mahler,,,"Ciudad Autónoma de Buenos Aires","Buenos Aires",Argentina,1437103892,"Jessica Bellomo",https://www.facebook.com/JessBellomo,1
Abigail,Juncos,abiigaaiil.giisellee@facebook.com,"17 de Abril",https://www.facebook.com/abiigaaiil.giisellee,,,"Ciudad Autónoma de Buenos Aires","Buenos Aires",Argentina,100000010469309,"Juanma Ramirez",,1
Bárbara,Perez,barbaraperezw@facebook.com,"17 de Abril",https://www.facebook.com/barbaraperezw,23,,"Ciudad Autónoma de Buenos Aires","Buenos Aires",Argentina,549678137,"Marcelo Braun Menendez",,1
Emmanuel,Danann,manudanann@facebook.com,"17 de Abril",https://www.facebook.com/manudanann,,,"Ciudad Autónoma de Buenos Aires","Buenos Aires",Argentina,1473978919,"Susan Romano",,1
Wada,Ramón,wadaramon@facebook.com,"17 de Abril",https://www.facebook.com/wadaramon,,,"Ciudad Autónoma de Buenos Aires","Buenos Aires",Argentina,1084690273,"Cynthia Gianni",,1
Jesica,Cirio,jesica.ciriook@facebook.com,"17 de Abril",https://www.facebook.com/jesica.ciriook,30,,"Ciudad Autónoma de Buenos Aires","Buenos Aires",Argentina,100006213247144,"Ariel Martin",https://www.facebook.com/arielcabezon,1
Lau,Tii,lautyde.vdm.7@facebook.com,"17 de Abril",https://www.facebook.com/lautyde.vdm.7,21,,"Ciudad Autónoma de Buenos Aires","Buenos Aires",Argentina,100001588764804,"Agustina Pelle Müller",,1
Damian,Chaso,damian.chaso@facebook.com,"17 de Abril",https://www.facebook.com/damian.chaso,23,Avellaneda,"Ciudad Autónoma de Buenos Aires","Buenos Aires",Argentina,1064478652,"Daiana Soledad Pintos",https://www.facebook.com/Sheena.is,1
Tiffany,BuenosAires,tiffany.buenosaires@facebook.com,"17 de Abril",https://www.facebook.com/tiffany.buenosaires,21,,"Ciudad Autónoma de Buenos Aires","Buenos Aires",Argentina,100002251370460,"Juan Manuel Fotografo",https://www.facebook.com/JuanmaJMFotoEstudio,1
Ivanna,Rodriguez,ivanna.rodriguez.167@facebook.com,"17 de Abril",https://www.facebook.com/ivanna.rodriguez.167,28,"Buenos Aires","Buenos Aires","Buenos Aires",Argentina,100001664254520,"Roberto Hatti",0,1
Belen,Sustaita,belen.sustaita.9@facebook.com,"17 de Abril",https://www.facebook.com/belen.sustaita.9,28,,"Ciudad Autónoma de Buenos Aires","Buenos Aires",Argentina,561452842,"Alexia Garcia",https://www.facebook.com/garciaalexiia,1
Tami,Torres,taami.torres@facebook.com,"17 de Abril",https://www.facebook.com/taami.torres,,,"Ciudad Autónoma de Buenos Aires","Buenos Aires",Argentina,1024166130,"Julieta Belen",,1
Mariel,Arguelles,maariie.arg@facebook.com,"17 de Abril",https://www.facebook.com/maariie.arg,,,"Ciudad Autónoma de Buenos Aires","Buenos Aires",Argentina,1542068966,"Carlina Piedra",https://www.facebook.com/carlina.piedra,1
Juani,Reixach,juani.reixach@facebook.com,"17 de Abril",https://www.facebook.com/juani.reixach,,,"Ciudad Autónoma de Buenos Aires","Buenos Aires",Argentina,1494421849,"Nell Rosales",https://www.facebook.com/nell.rosales,1
Hernan,Feigelsohn,hernan.feigelsohn.174@facebook.com,"17 de Abril",https://www.facebook.com/hernan.feigelsohn.174,23,,"Ciudad Autónoma de Buenos Aires","Buenos Aires",Argentina,100005025130809,"Lucía Lopez Aleman",https://www.facebook.com/marialucialopezaleman,1
Mica,Brunacci,micabrunacci@facebook.com,"17 de Abril",https://www.facebook.com/micabrunacci,,,"Ciudad Autónoma de Buenos Aires","Buenos Aires",Argentina,1220297603,"Gabi López",,1
"Wanda Asael",Coppola,wandasaelcoppola@facebook.com,"17 de Abril",https://www.facebook.com/wandasaelcoppola,20,,"Ciudad Autónoma de Buenos Aires","Buenos Aires",Argentina,100000081835724,"Santiago Villanueva",https://www.facebook.com/santiago.villanueva,1
Selene,Obregon,hey.shory@facebook.com,"17 de Abril",https://www.facebook.com/Hey.shory,25,,"Ciudad Autónoma de Buenos Aires","Buenos Aires",Argentina,1463180553,"Bë Döbiencita",https://www.facebook.com/be.dobiencita,1
Mariana,Vergara,mariana.vergara.908@facebook.com,"17 de Abril",https://www.facebook.com/mariana.vergara.908,23,Congreso,"Ciudad Autónoma de Buenos Aires","Buenos Aires",Argentina,100003614743323,"Elias Prituluk",0,1
Lola,Ferraro,lola.ferraro.54@facebook.com,"17 de Abril",https://www.facebook.com/lola.ferraro.54,23,,"Ciudad Autónoma de Buenos Aires","Buenos Aires",Argentina,549848164,"Emiliano Pirolo",,1
Ceci,Herbert,ceci.herbert@facebook.com,"17 de Abril",https://www.facebook.com/ceci.herbert,,,"Ciudad Autónoma de Buenos Aires","Buenos Aires",Argentina,749084602,"Alfonso Bron",https://www.facebook.com/bronalfonso,1
Marina,Pereda,marina.pereda@facebook.com,"17 de Abril",https://www.facebook.com/marina.pereda,23,,"Ciudad Autónoma de Buenos Aires","Buenos Aires",Argentina,604466837,"Marcelo Braun Menendez",,1
"El Negro",Mercante,martin.mercante@facebook.com,"17 de Abril",https://www.facebook.com/martin.mercante,25,Chacarita,"Ciudad Autónoma de Buenos Aires","Buenos Aires",Argentina,1128765540,"Vicky Diaz",,1
Iván,Gimigliano,ivan.gimigliano@facebook.com,"17 de Abril",https://www.facebook.com/ivan.gimigliano,,,"Ciudad Autónoma de Buenos Aires","Buenos Aires",Argentina,100001709348541,"Ailin Majeras",https://www.facebook.com/ailin.majeras,1
Lucho,Viani,vianiluciano@facebook.com,"17 de Abril",https://www.facebook.com/vianiluciano,27,,"Ciudad Autónoma de Buenos Aires","Buenos Aires",Argentina,100000517636355,"Natalia Landa",,1
Christian,Diaz,christian.diaz.1044@facebook.com,"17 de Abril",https://www.facebook.com/christian.diaz.1044,28,,"Ciudad Autónoma de Buenos Aires","Buenos Aires",Argentina,100000713191071,"Sergio Acosta",,1
Orlando,Pacheco,orlandokanon@facebook.com,"17 de Abril",https://www.facebook.com/orlandokanon,,,"Ciudad Autónoma de Buenos Aires","Buenos Aires",Argentina,1543641670,"Dafne Antonella Zas Amy",,1
Gonzalo,Capel,goonzaa@facebook.com,"17 de Abril",https://www.facebook.com/Goonzaa,20,Núñez,"Ciudad Autónoma de Buenos Aires","Buenos Aires",Argentina,1595689248,"Fran L. Ocampo",https://www.facebook.com/franco,1
Giselle,Melhem,giselle.melhem@facebook.com,"17 de Abril",https://www.facebook.com/giselle.melhem,,,"Ciudad Autónoma de Buenos Aires","Buenos Aires",Argentina,100000217774230,"Franco Marcoccia",https://www.facebook.com/franco.marcoccia,1
Milonga,"Para Los Niños",milonga.paralosninos@facebook.com,"17 de Abril",https://www.facebook.com/milonga.paralosninos,30,,"Ciudad Autónoma de Buenos Aires","Buenos Aires",Argentina,100002520857522,"Li-ly Rojas",https://www.facebook.com/serena1968,1
Mackiss,Ayelen,mackiss.ayelen@facebook.com,"17 de Abril",https://www.facebook.com/mackiss.ayelen,,,"Ciudad Autónoma de Buenos Aires","Buenos Aires",Argentina,100000869255118,"Agustina Pelle Müller",,1
Magalí,Villalva,magaaliiiiv@facebook.com,"17 de Abril",https://www.facebook.com/Magaaliiiiv,21,,"Ciudad Autónoma de Buenos Aires","Buenos Aires",Argentina,1595172729,"Anna Laura",https://www.facebook.com/Anna.Laucha,1
Mariana,Cabanne,mcabanne@facebook.com,"17 de Abril",https://www.facebook.com/mcabanne,25,,"Ciudad Autónoma de Buenos Aires","Buenos Aires",Argentina,667050495,"Estefania Pascual Lerario",https://www.facebook.com/estefania.lerario,1
Ricardo,Carp,ricardo.carp.75641@facebook.com,"17 de Abril",https://www.facebook.com/ricardo.carp.75641,22,,"Ciudad Autónoma de Buenos Aires","Buenos Aires",Argentina,100008288910399,"Julio Roberto Cuevas",https://www.facebook.com/julioroberto.cuevas,1
Ariel,Lencina,ari.polvorines@facebook.com,"17 de Abril",https://www.facebook.com/Ari.polvorines,23,,"Ciudad Autónoma de Buenos Aires","Buenos Aires",Argentina,1011517025,"Agustina Pelle Müller",,1
"Maria Rene","Gutierrez Siles",mariarene.gutierrezsiles@facebook.com,"17 de Abril",https://www.facebook.com/mariarene.gutierrezsiles,,,"Ciudad Autónoma de Buenos Aires","Buenos Aires",Argentina,100002783378798,"Apoyo Universitario",,1
Victoria,"de la Fuente",victoria.fuente.9@facebook.com,"17 de Abril",https://www.facebook.com/victoria.fuente.9,,,"Ciudad Autónoma de Buenos Aires","Buenos Aires",Argentina,100002638507627,"Vicky Blengini",https://www.facebook.com/vicky.blengini,1
Dolores,"Diaz Mayer",dolores.diazmayer@facebook.com,"17 de Abril",https://www.facebook.com/dolores.diazmayer,21,,"Ciudad Autónoma de Buenos Aires","Buenos Aires",Argentina,671887956,"Manu Dadaglio",,1
"Palermito Dvt",Moye,niquito.vdp.9@facebook.com,"17 de Abril",https://www.facebook.com/niquito.vdp.9,20,,"Ciudad Autónoma de Buenos Aires","Buenos Aires",Argentina,100003146414733,"Nataly Cuerva",https://www.facebook.com/nataliagtrujillo,1
"Caja Naranja","Salas de Ensayo",cajanaranja@facebook.com,"17 de Abril",https://www.facebook.com/cajanaranja,29,,"Ciudad Autónoma de Buenos Aires","Buenos Aires",Argentina,100001774511390,"Joshua Oglio",,1
Tomas,Vidal,tommasvidal@facebook.com,"17 de Abril",https://www.facebook.com/tommasvidal,21,,"Ciudad Autónoma de Buenos Aires","Buenos Aires",Argentina,1150732106,"Fiestas Baires",,1
Ariel,Bellinzona,arielitomdq@facebook.com,"17 de Abril",https://www.facebook.com/arielitomdq,30,,"Ciudad Autónoma de Buenos Aires","Buenos Aires",Argentina,100003362829838,"Gabriela Prietoo",,1
Lulita,Hndz,alyusha.daniela@facebook.com,"17 de Abril",https://www.facebook.com/alyusha.daniela,,,"Ciudad Autónoma de Buenos Aires","Buenos Aires",Argentina,1206926766,"Aldana Queirolo",https://www.facebook.com/aldana.queirolo,1
Delfi,Pintelos,delfi.pintelos@facebook.com,"17 de Abril",https://www.facebook.com/delfi.pintelos,,,"Ciudad Autónoma de Buenos Aires","Buenos Aires",Argentina,715874724,"Facundo Bulacio",https://www.facebook.com/facundo.bulacio,1
Thiago,Kuwahara,thiago.kuwahara@facebook.com,"17 de Abril",https://www.facebook.com/thiago.kuwahara,,,"Ciudad Autónoma de Buenos Aires","Buenos Aires",Argentina,100001076380197,"Emanuel Gaston Perdigues",https://www.facebook.com/emaxpx,1
Mariana,Ortiz,marianortizv@facebook.com,"17 de Abril",https://www.facebook.com/MarianOrtizV,27,,"Ciudad Autónoma de Buenos Aires","Buenos Aires",Argentina,1036222074,"Estefania Rodriguez",,1
Carla,Corbellini,carlac.22@facebook.com,"17 de Abril",https://www.facebook.com/Carlac.22,24,,"Ciudad Autónoma de Buenos Aires","Buenos Aires",Argentina,725426452,"Karen Vilariño",https://www.facebook.com/karen.vilarino,1
Patrás,JcDiseño,patrasjuegoscondiseno@facebook.com,"17 de Abril",https://www.facebook.com/patrasjuegoscondiseno,30,,"Ciudad Autónoma de Buenos Aires","Buenos Aires",Argentina,100005750019275,"Gabriel Sciutto",https://www.facebook.com/gabriel.sciutto,1
Rafael,Perez,rafaelperezszakiel@facebook.com,"17 de Abril",https://www.facebook.com/rafaelperezszakiel,,,"Ciudad Autónoma de Buenos Aires","Buenos Aires",Argentina,1067562784,"Ezequiel Perez",,1
SweetVictorys,Cakes,sweetvictoryscakes10@facebook.com,"17 de Abril",https://www.facebook.com/SweetVictorysCakes10,,,"Ciudad Autónoma de Buenos Aires","Buenos Aires",Argentina,100001389195117,"Sabrina Fuchs",,1
Mica,"Justo Cicare",mica.justo.cicare@facebook.com,"17 de Abril",https://www.facebook.com/mica.justo.cicare,,,"Ciudad Autónoma de Buenos Aires","Buenos Aires",Argentina,100001094557765,"Gianfranco Ferrati",,1
"Jesica Araceli",Alejo,jesicaaraceli.alejo@facebook.com,"17 de Abril",https://www.facebook.com/jesicaaraceli.alejo,,Núñez,"Ciudad Autónoma de Buenos Aires","Buenos Aires",Argentina,1553483032,"Gastón Alejandro Di Lella",https://www.facebook.com/gastondilella,1
Florencia,"López Dantas",florencia.lopezdantas@facebook.com,"17 de Abril",https://www.facebook.com/florencia.lopezdantas,,,"Ciudad Autónoma de Buenos Aires","Buenos Aires",Argentina,1186183946,"Cristian Andres Romano",,1
Juan,Zubizarreta,juan.zubizarreta.7@facebook.com,"17 de Abril",https://www.facebook.com/juan.zubizarreta.7,24,,"Ciudad Autónoma de Buenos Aires","Buenos Aires",Argentina,704715921,"Joaco Alvarez Amuchástegui",,1
Carlos,Lazarte,carlos.lazarte.568@facebook.com,"17 de Abril",https://www.facebook.com/carlos.lazarte.568,,,"Ciudad Autónoma de Buenos Aires","Buenos Aires",Argentina,1434249431,"Ro Pietro",https://www.facebook.com/rochy.pietra,1
Juann,Cruz,juann.muttis@facebook.com,"17 de Abril",https://www.facebook.com/juann.muttis,23,"La Boca","Ciudad Autónoma de Buenos Aires","Distrito Federal",Argentina,1262457961,"Amilcar Ferrari",,1
"Primer Piso","Espacio de Arte",dfanello@facebook.com,"17 de Abril",https://www.facebook.com/dfanello,,,"Ciudad Autónoma de Buenos Aires","Buenos Aires",Argentina,757814141,"Aldana Queirolo",https://www.facebook.com/aldana.queirolo,1
Crix,Pop,crixariel@facebook.com,"17 de Abril",https://www.facebook.com/crixariel,,,"Ciudad Autónoma de Buenos Aires","Buenos Aires",Argentina,1321548340,"Ayelen Alumine Anahi",https://www.facebook.com/ashe.chabakana,1
"Intercontinentales Aymaras","Base Argentina",intercontinentalesaymaras@facebook.com,"17 de Abril",https://www.facebook.com/intercontinentalesaymaras,,,"Ciudad Autónoma de Buenos Aires","Buenos Aires",Argentina,100002559562070,"Diego Urlacher",,1
"Tamara Luz",Novoa,tamaraluz.novoa@facebook.com,"18 de Abril",https://www.facebook.com/tamaraluz.novoa,24,,"Ciudad Autónoma de Buenos Aires","Buenos Aires",Argentina,100001236174014,"Christian Douer Chuky",https://www.facebook.com/christian.chuky,1
Wanda,Mailén,wanditta.vp@facebook.com,"18 de Abril",https://www.facebook.com/wanditta.vp,,"Villa Pueyrredón","Ciudad Autónoma de Buenos Aires","Distrito Federal",Argentina,1087092128,"Brian Cano",,1
Felipe,"Gimenez Losano",pipe.gimenez.3@facebook.com,"18 de Abril",https://www.facebook.com/pipe.gimenez.3,,,"Ciudad Autónoma de Buenos Aires","Buenos Aires",Argentina,716204322,"Ivan Achaval",https://www.facebook.com/ivancho.achaval,1
Laura,Marin,bodegas.vinos1@facebook.com,"18 de Abril",https://www.facebook.com/bodegas.vinos1,,,"Ciudad Autónoma de Buenos Aires","Buenos Aires",Argentina,100000029764060,"Lupe Dávalos",https://www.facebook.com/guadinight,1
Tincho,Ruiz,tincho.ruiz.96@facebook.com,"18 de Abril",https://www.facebook.com/tincho.ruiz.96,,,"Ciudad Autónoma de Buenos Aires","Buenos Aires",Argentina,1217902838,"David Zalasar",https://www.facebook.com/Davidcocktails,1
Vicky,Arguello,vicky.arguello.94@facebook.com,"18 de Abril",https://www.facebook.com/vicky.arguello.94,20,,"Ciudad Autónoma de Buenos Aires","Buenos Aires",Argentina,1245972855,"Bë Döbiencita",https://www.facebook.com/be.dobiencita,1
Lilu,Cazal,lilu.cazal@facebook.com,"18 de Abril",https://www.facebook.com/lilu.cazal,24,,"Ciudad Autónoma de Buenos Aires","Buenos Aires",Argentina,100000008245199,"Fabio Ezequiel Farruggio",https://www.facebook.com/ffachurro,1
Gilad,Rinkevich,rinkevichg@facebook.com,"18 de Abril",https://www.facebook.com/rinkevichg,29,,"Ciudad Autónoma de Buenos Aires","Buenos Aires",Argentina,25504668,"Carlina Piedra",https://www.facebook.com/carlina.piedra,1
Caro,Durañona,caaro.du@facebook.com,"18 de Abril",https://www.facebook.com/caaro.du,,,"Ciudad Autónoma de Buenos Aires","Buenos Aires",Argentina,1232238920,"Gonzalo Bussetti",https://www.facebook.com/gonzalo.bussetti,1
Gisele,"Ortiz Carp",gisele.ortizcarp@facebook.com,"18 de Abril",https://www.facebook.com/gisele.ortizcarp,26,,"Ciudad Autónoma de Buenos Aires","Buenos Aires",Argentina,1534830209,"Jero Salsamendi",https://www.facebook.com/jero.salsamendi,1
Morena,Serena,more.collia@facebook.com,"18 de Abril",https://www.facebook.com/more.collia,,"Nueva Pompeya","Ciudad Autónoma de Buenos Aires","Distrito Federal",Argentina,100004446368992,"Alee Jandro",https://www.facebook.com/alejandropassadore,1
Meri,Garcia,meri.garcia.5245@facebook.com,"18 de Abril",https://www.facebook.com/meri.garcia.5245,23,,"Ciudad Autónoma de Buenos Aires","Buenos Aires",Argentina,1044771088,"Valentino Fabre",https://www.facebook.com/valenfabre,1
Maca,Martinez,maca.martinez.5437@facebook.com,"18 de Abril",https://www.facebook.com/maca.martinez.5437,22,"Buenos Aires","Buenos Aires","Buenos Aires",Argentina,100004829342378,"Clara Nosiglia",0,1
Marcelo,Torres,marcelo.r.torres@facebook.com,"18 de Abril",https://www.facebook.com/marcelo.r.torres,,,"Ciudad Autónoma de Buenos Aires","Buenos Aires",Argentina,1535163600,"Majo López Tavani",https://www.facebook.com/lasplumas,1
Matias,Adjiman,matias.adjiman@facebook.com,"18 de Abril",https://www.facebook.com/matias.adjiman,,,"Ciudad Autónoma de Buenos Aires","Buenos Aires",Argentina,900890607,"Emanuel Gaston Perdigues",https://www.facebook.com/emaxpx,1
"Ropa de Marca","de Marca",swisjust.buenosaires@facebook.com,"18 de Abril",https://www.facebook.com/swisjust.buenosaires,27,,"Ciudad Autónoma de Buenos Aires","Buenos Aires",Argentina,100001238746184,"Alicia Kosem",https://www.facebook.com/alicia.kosem,1
"Ezequiel Julián",Arancibia,ezequieljulian.arancibia@facebook.com,"18 de Abril",https://www.facebook.com/ezequieljulian.arancibia,21,Array,"Ciudad Autónoma de Buenos Aires","Buenos Aires",Argentina,1321936063,"Patrick Fernando Kushner L",0,1
Orne,"de Antoni",ornella.divina@facebook.com,"18 de Abril",https://www.facebook.com/ornella.divina,20,,"Ciudad Autónoma de Buenos Aires","Buenos Aires",Argentina,100002194220544,"Manuel Saenz",,1
Evelyn,Acosta,evelabostera@facebook.com,"18 de Abril",https://www.facebook.com/Evelabostera,26,Once,"Ciudad Autónoma de Buenos Aires","Buenos Aires",Argentina,1465631156,"Federico Carrizo",https://www.facebook.com/federicoc,1
Hugo,Mansilla,hugo.mansilla.507@facebook.com,"18 de Abril",https://www.facebook.com/hugo.mansilla.507,25,,"Ciudad Autónoma de Buenos Aires","Buenos Aires",Argentina,1184808311,"Franco Marcoccia",https://www.facebook.com/franco.marcoccia,1
Liz,Mazzini,liz.mazzini.5@facebook.com,"18 de Abril",https://www.facebook.com/liz.mazzini.5,,,"Ciudad Autónoma de Buenos Aires","Buenos Aires",Argentina,763064353,"Miqui Berriòs",https://www.facebook.com/miqui.berrios,1
Pablo,Catania,pablo.catania.92@facebook.com,"18 de Abril",https://www.facebook.com/pablo.catania.92,28,,"Ciudad Autónoma de Buenos Aires","Buenos Aires",Argentina,1182160805,"Sebastian Daniel Riccardi",https://www.facebook.com/sebastian.riccardi,1
"Ana Clara",Razzetti,anitarazzetti@facebook.com,"18 de Abril",https://www.facebook.com/anitarazzetti,,,"Ciudad Autónoma de Buenos Aires","Buenos Aires",Argentina,1123006470,"Fran L. Ocampo",https://www.facebook.com/franco,1
Juli,Amarilla,julieta.amarilla.94@facebook.com,"18 de Abril",https://www.facebook.com/julieta.amarilla.94,24,,"Ciudad Autónoma de Buenos Aires","Buenos Aires",Argentina,100003161439887,"Anna Laura",https://www.facebook.com/Anna.Laucha,1
Cecii,Velazquez,cecii.velazquez.90@facebook.com,"18 de Abril",https://www.facebook.com/cecii.velazquez.90,28,,"Ciudad Autónoma de Buenos Aires","Buenos Aires",Argentina,100007565591125,"Jobs Bar",https://www.facebook.com/jobsbar,1
Martin,"Bouhier Piskulich",tincho.bouhier@facebook.com,"18 de Abril",https://www.facebook.com/tincho.bouhier,,,"Ciudad Autónoma de Buenos Aires","Buenos Aires",Argentina,100005675436458,"Juan Cruz Albornoz",,1
Sheidy,Santillan,jeihdy@facebook.com,"18 de Abril",https://www.facebook.com/jeihdy,,,"Ciudad Autónoma de Buenos Aires","Buenos Aires",Argentina,1419605646,"Maria Florencia Vasquez",https://www.facebook.com/mariafvasquez,1
Mikaa,Mercorelli,micaelayazmin.mercorelli@facebook.com,"18 de Abril",https://www.facebook.com/micaelayazmin.mercorelli,,"Villa Del Parque","Ciudad Autónoma de Buenos Aires","Distrito Federal",Argentina,100001816512754,"Aldana Queirolo",https://www.facebook.com/aldana.queirolo,1
Ezequiel,Schreiber,ezequiel.schreiber1@facebook.com,"18 de Abril",https://www.facebook.com/ezequiel.schreiber1,23,,"Ciudad Autónoma de Buenos Aires","Buenos Aires",Argentina,1060560233,"Emanuel Gaston Perdigues",https://www.facebook.com/emaxpx,1
Serena,Owens,serena.owens.73@facebook.com,"18 de Abril",https://www.facebook.com/serena.owens.73,26,,"Ciudad Autónoma de Buenos Aires","Buenos Aires",Argentina,100001014457518,"Gimena Yamila Yerden Giaquinto",https://www.facebook.com/Gimetrance,1
Sixx,Eventos,sixx.eventos@facebook.com,"18 de Abril",https://www.facebook.com/sixx.eventos,24,,"Ciudad Autónoma de Buenos Aires","Buenos Aires",Argentina,100001141407372,"Aniita Canta",https://www.facebook.com/Aniita.Canta,1
Roxy,Viernes,conceptopoundviernes@facebook.com,"18 de Abril",https://www.facebook.com/conceptopoundviernes,,,"Ciudad Autónoma de Buenos Aires","Buenos Aires",Argentina,100003383281728,"Maria Belén",,1
Roxana,Sing,roxana.sing@facebook.com,"18 de Abril",https://www.facebook.com/roxana.sing,,,"Ciudad Autónoma de Buenos Aires","Buenos Aires",Argentina,100000016423732,"Jose Guevara",https://www.facebook.com/JoeGuevara81,1
Cande,Lita,cande.almada@facebook.com,"18 de Abril",https://www.facebook.com/cande.almada,,,"Ciudad Autónoma de Buenos Aires","Buenos Aires",Argentina,100000671854728,"Anna Laura",https://www.facebook.com/Anna.Laucha,1
Alicia,Arandia,aliciaarandia@facebook.com,"18 de Abril",https://www.facebook.com/aliciaarandia,,,"Ciudad Autónoma de Buenos Aires","Buenos Aires",Argentina,100001122662598,"Facundo Bulacio",https://www.facebook.com/facundo.bulacio,1
Sebastian,Filipich,sebastian.filipich@facebook.com,"18 de Abril",https://www.facebook.com/sebastian.filipich,,,"Ciudad Autónoma de Buenos Aires","Buenos Aires",Argentina,1350648228,"Pia Bocchino",https://www.facebook.com/pia.bocchino,1
Mi,Showroom,mi.showroom.3@facebook.com,"18 de Abril",https://www.facebook.com/mi.showroom.3,29,,"Ciudad Autónoma de Buenos Aires","Buenos Aires",Argentina,100005826912100,"Laura Gervasi",,1
Gonzalo,Camusio,gon.camusio@facebook.com,"18 de Abril",https://www.facebook.com/gon.camusio,,,"Ciudad Autónoma de Buenos Aires","Buenos Aires",Argentina,527075883,"Melo Dellarole",https://www.facebook.com/melodellarole,1
Facu,Grades,facu.loquito@facebook.com,"18 de Abril",https://www.facebook.com/facu.loquito,24,,"Ciudad Autónoma de Buenos Aires","Buenos Aires",Argentina,100003471446886,"Nataly Cuerva",https://www.facebook.com/nataliagtrujillo,1
Martin,Reverdito,revertino@facebook.com,"18 de Abril",https://www.facebook.com/revertino,,,"Ciudad Autónoma de Buenos Aires","Buenos Aires",Argentina,1062096834,"Maria Paula Toyos",,1
Fran,Barbieri,vida.acuat@facebook.com,"18 de Abril",https://www.facebook.com/vida.acuat,25,"Barrio Norte","Ciudad Autónoma de Buenos Aires","Buenos Aires",Argentina,737973853,"Jobs Bar",https://www.facebook.com/jobsbar,1
Ricardo,Fort,ricardo.fort.3382118@facebook.com,"18 de Abril",https://www.facebook.com/ricardo.fort.3382118,,,"Ciudad Autónoma de Buenos Aires","Buenos Aires",Argentina,100003111974833,"Vale Piedra",https://www.facebook.com/Valepiedra,1
Locuras,Monroe,locurasbelgrano@facebook.com,"18 de Abril",https://www.facebook.com/locurasbelgrano,,,"Ciudad Autónoma de Buenos Aires","Buenos Aires",Argentina,100000933478759,"Bian Tedesco",https://www.facebook.com/biaantedesco,1
Nari,Cita,nari.cita.9@facebook.com,"18 de Abril",https://www.facebook.com/nari.cita.9,,Barracas,"Ciudad Autónoma de Buenos Aires","Buenos Aires",Argentina,100002393496748,"Miqui Berriòs",https://www.facebook.com/miqui.berrios,1
Componentes,Principales,componentes.principales@facebook.com,"18 de Abril",https://www.facebook.com/componentes.principales,25,,"Ciudad Autónoma de Buenos Aires","Buenos Aires",Argentina,100007744980218,"Fran Barbieri",https://www.facebook.com/powerpainting00,1
Roberto,Maragaño,roberto.maragano@facebook.com,"18 de Abril",https://www.facebook.com/roberto.maragano,26,"Parque Chas","Ciudad Autónoma de Buenos Aires","Buenos Aires",Argentina,1002409551,"Giselle G Mas",https://www.facebook.com/ftw.73,1
Tatiana,Candiotty,moooroochiiita@facebook.com,"18 de Abril",https://www.facebook.com/Moooroochiiita,22,,"Ciudad Autónoma de Buenos Aires","Buenos Aires",Argentina,1062141042,"Fede Martinez",https://www.facebook.com/fedemartinez17,1
Adadepil,Estetica,adadepil.estetica@facebook.com,"18 de Abril",https://www.facebook.com/adadepil.estetica,,,"Ciudad Autónoma de Buenos Aires","Buenos Aires",Argentina,100000519596388,"Ana Glinberg",https://www.facebook.com/ana.glinberg,1
"Pa-Kua Central",Mundial,pakuacentral.mundial@facebook.com,"18 de Abril",https://www.facebook.com/pakuacentral.mundial,,,"Ciudad Autónoma de Buenos Aires","Buenos Aires",Argentina,100002356056162,"La Rockeria",https://www.facebook.com/oveja1,1
Fran,Barbieri,powerpainting00@facebook.com,"18 de Abril",https://www.facebook.com/powerpainting00,25,"Barrio Norte","Ciudad Autónoma de Buenos Aires","Buenos Aires",Argentina,100006587313397,"Christian Douer Chuky",https://www.facebook.com/christian.chuky,1
"Salga La",Luna,salgala.luna.5@facebook.com,"18 de Abril",https://www.facebook.com/salgala.luna.5,,,"Ciudad Autónoma de Buenos Aires","Buenos Aires",Argentina,100002356693574,"La Rockeria",https://www.facebook.com/oveja1,1
Danny,Jara,danny.jara.94@facebook.com,"18 de Abril",https://www.facebook.com/danny.jara.94,22,,"Ciudad Autónoma de Buenos Aires","Buenos Aires",Argentina,1629092321,"Agustina Pelle Müller",,1
Sabryss,Rojass,sabryss.rojass@facebook.com,"18 de Abril",https://www.facebook.com/sabryss.rojass,,,"Ciudad Autónoma de Buenos Aires","Buenos Aires",Argentina,1491935115,"Camila Perelló",https://www.facebook.com/camiperello,1
Ximi,"Vicente Guzmán",ximena.vicente@facebook.com,"18 de Abril",https://www.facebook.com/ximena.vicente,,,"Ciudad Autónoma de Buenos Aires","Buenos Aires",Argentina,100002496846983,"Andrea Badani",https://www.facebook.com/andrea.badani,1
Juana,Pulido,chanchiboom@facebook.com,"19 de Abril",https://www.facebook.com/chanchiboom,,,"Ciudad Autónoma de Buenos Aires","Buenos Aires",Argentina,1115267502,"Victoria Casado",,1
Melina,Rocio,melina.rocio.9@facebook.com,"19 de Abril",https://www.facebook.com/melina.rocio.9,20,,"Ciudad Autónoma de Buenos Aires","Buenos Aires",Argentina,100000173691080,"Martin Diaz",,1
Ori,Sabatini,gabriela.sabatini.37454@facebook.com,"19 de Abril",https://www.facebook.com/gabriela.sabatini.37454,,,"Ciudad Autónoma de Buenos Aires","Buenos Aires",Argentina,100006683136433,"Agustin Sujo",https://www.facebook.com/agustin.sujook,1
"Por Tu Culpa",Ind,portuculpaind@facebook.com,"19 de Abril",https://www.facebook.com/portuculpaind,21,,"Ciudad Autónoma de Buenos Aires","Buenos Aires",Argentina,100001295003925,"Ana Glinberg",https://www.facebook.com/ana.glinberg,1
Mica,Velazquez,micaelajazminv@facebook.com,"19 de Abril",https://www.facebook.com/MicaelaJazminv,,,"Ciudad Autónoma de Buenos Aires","Buenos Aires",Argentina,1463853677,"Brian Cano",,1
Morocho,Ldz,morocho.piola@facebook.com,"19 de Abril",https://www.facebook.com/morocho.piola,20,,"Ciudad Autónoma de Buenos Aires","Buenos Aires",Argentina,100006717849406,"Ignacio Lines Ceruti",https://www.facebook.com/ignacio.lines,1
Maiú,Yaber,maiu.yaber@facebook.com,"19 de Abril",https://www.facebook.com/maiu.yaber,,,"Ciudad Autónoma de Buenos Aires","Buenos Aires",Argentina,100001403453772,"Cristian Andres Romano",,1
Andrea,"Petilo I",beba.de.san.miguel@facebook.com,"19 de Abril",https://www.facebook.com/beba.de.san.miguel,,,"Ciudad Autónoma de Buenos Aires","Buenos Aires",Argentina,1803224241,"Rodrii Martinez",,1
Ludmila,Nelsenben,vanesa.nielsenben@facebook.com,"19 de Abril",https://www.facebook.com/vanesa.nielsenben,26,,"Ciudad Autónoma de Buenos Aires","Buenos Aires",Argentina,100003351304261,"Sindy Elisa Szczucky",https://www.facebook.com/sindy.szczucky,1
Ely,Mg,ingui1@facebook.com,"19 de Abril",https://www.facebook.com/ingui1,,"Buenos Aires","Buenos Aires","Buenos Aires",Argentina,1052926017,"Alan Yun",0,1
Alicia,Marcenaro,alicia.marcenaro@facebook.com,"19 de Abril",https://www.facebook.com/alicia.marcenaro,,,"Ciudad Autónoma de Buenos Aires","Buenos Aires",Argentina,1819807487,"Dorian Mori",https://www.facebook.com/Dorian.Mori,1
Jenni,Trabilsi,jenni.trabilsi@facebook.com,"19 de Abril",https://www.facebook.com/jenni.trabilsi,,,"Ciudad Autónoma de Buenos Aires","Buenos Aires",Argentina,845615701,"Tomas Ini",,1
Paulina,Fuchslocher,paulina.fuchslocher@facebook.com,"19 de Abril",https://www.facebook.com/paulina.fuchslocher,29,,"Ciudad Autónoma de Buenos Aires","Buenos Aires",Argentina,520601107,"Noelia Juskiewicz",https://www.facebook.com/noelia.juskiewicz,1
Diana,Vargas,diana.m.vargas.359@facebook.com,"19 de Abril",https://www.facebook.com/diana.m.vargas.359,,,"Ciudad Autónoma de Buenos Aires","Buenos Aires",Argentina,700804536,"Daniel Toro Lopez",,1
AnDrez,"Moreno Rz",andrez.morenorz@facebook.com,"19 de Abril",https://www.facebook.com/andrez.morenorz,,,"Ciudad Autónoma de Buenos Aires","Buenos Aires",Argentina,100002466803776,"Ruben Pacora",https://www.facebook.com/ruben.pacora,1
Pitufiita,Looca,pitufiita.looca@facebook.com,"19 de Abril",https://www.facebook.com/pitufiita.looca,23,,"Ciudad Autónoma de Buenos Aires","Buenos Aires",Argentina,100001589403865,"Ariel Galinski",https://www.facebook.com/ariel.galinski,1
Ezequiel,Porto,exeimport@facebook.com,"19 de Abril",https://www.facebook.com/ExeImport,,,"Ciudad Autónoma de Buenos Aires","Buenos Aires",Argentina,100003682411228,"Marina Castagnino",https://www.facebook.com/castagnino,1
Juan,Ojeda,juan.ojeda.908@facebook.com,"19 de Abril",https://www.facebook.com/juan.ojeda.908,,,"Ciudad Autónoma de Buenos Aires","Buenos Aires",Argentina,100000536248615,"Franco Palermo",,1
Mon,Ciel,noraeugemonciel@facebook.com,"19 de Abril",https://www.facebook.com/noraeugemonciel,,,"Ciudad Autónoma de Buenos Aires","Buenos Aires",Argentina,100007997403283,"Vale Piedra",https://www.facebook.com/Valepiedra,1
Fran,Flynn,franfco@facebook.com,"19 de Abril",https://www.facebook.com/franfco,23,,"Ciudad Autónoma de Buenos Aires","Buenos Aires",Argentina,825927367,"Mechi Abud",https://www.facebook.com/mechi.abud,1
Abigail,Paoli,hope.abii.tatuu@facebook.com,"19 de Abril",https://www.facebook.com/Hope.Abii.Tatuu,,,"Ciudad Autónoma de Buenos Aires","Buenos Aires",Argentina,1261449514,"Franco Palermo",,1
Todo,"Para Vos Calzado",todo.paravosindumentaria@facebook.com,"19 de Abril",https://www.facebook.com/todo.paravosindumentaria,30,,"Ciudad Autónoma de Buenos Aires","Buenos Aires",Argentina,100001044570462,"Laura Gervasi",,1
Cinthia,Avalos,ciinthiia.ds@facebook.com,"19 de Abril",https://www.facebook.com/ciinthiia.ds,26,,"Ciudad Autónoma de Buenos Aires","Buenos Aires",Argentina,100002478777948,"Ariel Galinski",https://www.facebook.com/ariel.galinski,1
Yanina,Gonzalez,yanina.gonzalez.9465177@facebook.com,"19 de Abril",https://www.facebook.com/yanina.gonzalez.9465177,26,,"Ciudad Autónoma de Buenos Aires","Buenos Aires",Argentina,1652148472,"Tomas Ini",,1
Gaston,Sac,gaston.sac@facebook.com,"19 de Abril",https://www.facebook.com/gaston.sac,29,,"Ciudad Autónoma de Buenos Aires","Buenos Aires",Argentina,1219746529,"Chanchi Martinez",https://www.facebook.com/chanchi.martinez,1
Fernando,Terrones,fernando.terrones.12@facebook.com,"19 de Abril",https://www.facebook.com/fernando.terrones.12,,,"Ciudad Autónoma de Buenos Aires","Buenos Aires",Argentina,1075832078,"Li-ly Rojas",https://www.facebook.com/serena1968,1
Augusto,Claisse,augusto.claisse@facebook.com,"19 de Abril",https://www.facebook.com/augusto.claisse,20,,"Ciudad Autónoma de Buenos Aires","Buenos Aires",Argentina,1408337332,"Agustin Blanco",,1
Yao,Han,yao.han.35@facebook.com,"19 de Abril",https://www.facebook.com/yao.han.35,28,,"Ciudad Autónoma de Buenos Aires","Buenos Aires",Argentina,100000252440552,"Cami Weng",,1
Lucas,Casla,lucasdmasciotta@facebook.com,"19 de Abril",https://www.facebook.com/LucasDMasciotta,,,"Ciudad Autónoma de Buenos Aires","Buenos Aires",Argentina,100003785896710,"Tatiana Petroccelli",https://www.facebook.com/tanshanita,1
Martin,Mazzon,martin.mazzon.7@facebook.com,"19 de Abril",https://www.facebook.com/martin.mazzon.7,,,"Ciudad Autónoma de Buenos Aires","Buenos Aires",Argentina,769311483,"Paula Acosta",,1
Panther,Fest,sectorvip.siraku@facebook.com,"19 de Abril",https://www.facebook.com/sectorvip.siraku,25,,"Ciudad Autónoma de Buenos Aires","Buenos Aires",Argentina,100000293168072,"Julieta Belen",,1
Fede,"Dearmas Eventos",clubyrigoyennoche@facebook.com,"19 de Abril",https://www.facebook.com/clubyrigoyennoche,30,,"Ciudad Autónoma de Buenos Aires","Buenos Aires",Argentina,100001639232896,"Gonza Gonzalez",,1
Daniel,Fernando,danielf85@facebook.com,"19 de Abril",https://www.facebook.com/danielf85,29,,"Ciudad Autónoma de Buenos Aires","Buenos Aires",Argentina,816523583,"Flor Botana",,1
Luchi,Azzaro,luchi.azzaro@facebook.com,"19 de Abril",https://www.facebook.com/luchi.azzaro,20,,"Ciudad Autónoma de Buenos Aires","Buenos Aires",Argentina,1323515049,"Juani Luciani",https://www.facebook.com/ayjuancito83,1
Nico,Cretari,nico.cretari@facebook.com,"19 de Abril",https://www.facebook.com/nico.cretari,,,"Ciudad Autónoma de Buenos Aires","Buenos Aires",Argentina,100002163785784,"Alejandra Lopez",,1
Paula,Ferreyra,pau.metall@facebook.com,"19 de Abril",https://www.facebook.com/pau.metall,25,,"Ciudad Autónoma de Buenos Aires","Buenos Aires",Argentina,100002230160498,"La Rockeria",https://www.facebook.com/oveja1,1
Paula,Albanese,paula.albanese@facebook.com,"19 de Abril",https://www.facebook.com/paula.albanese,25,"Villa Devoto","Ciudad Autónoma de Buenos Aires","Buenos Aires",Argentina,100002237795824,"La Rockeria",https://www.facebook.com/oveja1,1
More,Villar,morena.villar@facebook.com,"19 de Abril",https://www.facebook.com/morena.villar,30,,"Ciudad Autónoma de Buenos Aires","Buenos Aires",Argentina,1047799193,"Sabry Valenti",https://www.facebook.com/sabry.valenti,1
"Maria Paulina",Fuchslocher,mariapaulina.fuchslocher@facebook.com,"19 de Abril",https://www.facebook.com/mariapaulina.fuchslocher,29,,"Ciudad Autónoma de Buenos Aires","Buenos Aires",Argentina,100007478984634,"Noelia Juskiewicz",https://www.facebook.com/noelia.juskiewicz,1
Miluu,Moe,miluu.cp@facebook.com,"19 de Abril",https://www.facebook.com/miluu.cp,,,"Ciudad Autónoma de Buenos Aires","Buenos Aires",Argentina,100001449308385,"Maria Eugenia Lopez Muzinger",https://www.facebook.com/lopezmuzinger,1
Soledad,Tranmar,soledadpereztranmar@facebook.com,"19 de Abril",https://www.facebook.com/soledadpereztranmar,,,"Ciudad Autónoma de Buenos Aires","Buenos Aires",Argentina,1399072023,"Silvia Grun",,1
Brujodeboedo,Anikilacioncrew,brujodeboedo.anikilacioncrew@facebook.com,"19 de Abril",https://www.facebook.com/brujodeboedo.anikilacioncrew,22,Boedo,"Ciudad Autónoma de Buenos Aires","Distrito Federal",Argentina,1188637758,"Aldana Queirolo",https://www.facebook.com/aldana.queirolo,1
Julian,Rey,julian.rey.98@facebook.com,"19 de Abril",https://www.facebook.com/julian.rey.98,22,,"Ciudad Autónoma de Buenos Aires","Buenos Aires",Argentina,1212837771,"Jochuu Rodriguez Linck",https://www.facebook.com/jochuu.rodriguezlinck,1
Ludmila,Oviedo,ludmilafiorella@facebook.com,"19 de Abril",https://www.facebook.com/ludmilafiorella,25,,"Ciudad Autónoma de Buenos Aires","Buenos Aires",Argentina,100000891310161,"Martín Álvarez BA I",https://www.facebook.com/Woody.Blair,1
Aldana,Etchebarne,aldana.delautaro@facebook.com,"19 de Abril",https://www.facebook.com/ALDANA.DELAUTARO,,,"Ciudad Autónoma de Buenos Aires","Buenos Aires",Argentina,100000906351563,"Brenda Araceli Gonzalez",https://www.facebook.com/brendaaraceli.gonzalez,1
Cristopher,Campodonico,cristopher.campodonico.5@facebook.com,"19 de Abril",https://www.facebook.com/cristopher.campodonico.5,,,"Ciudad Autónoma de Buenos Aires","Buenos Aires",Argentina,100001577472453,"Gabi López",,1
Mauro,Britez,mauro.britez.1@facebook.com,"19 de Abril",https://www.facebook.com/mauro.britez.1,22,,"Ciudad Autónoma de Buenos Aires","Buenos Aires",Argentina,100000873978193,"Cami Weng",,1
Brian,Rivas,brian.rivas.338658@facebook.com,"19 de Abril",https://www.facebook.com/brian.rivas.338658,20,,"Ciudad Autónoma de Buenos Aires","Buenos Aires",Argentina,100005948471183,"Kandella Steiler",https://www.facebook.com/kandella.steiler,1
Fundación,Andreani,fundacion.andreani@facebook.com,"19 de Abril",https://www.facebook.com/fundacion.andreani,24,,"Ciudad Autónoma de Buenos Aires","Buenos Aires",Argentina,1118446113,"Ariel Villarreal",,1
Crisol,"Proyectos Sociales",crisol.proyectossociales@facebook.com,"19 de Abril",https://www.facebook.com/crisol.proyectossociales,20,,"Ciudad Autónoma de Buenos Aires","Buenos Aires",Argentina,741112411,"Ariel Villarreal",,1
Perro,Verde,perro.verde.90@facebook.com,"19 de Abril",https://www.facebook.com/perro.verde.90,24,,"Ciudad Autónoma de Buenos Aires","Buenos Aires",Argentina,1119133946,"Ariel Villarreal",,1
Promociones,Gs,promociones.gs.1@facebook.com,"19 de Abril",https://www.facebook.com/promociones.gs.1,,,"Ciudad Autónoma de Buenos Aires","Buenos Aires",Argentina,100003025604092,"Sindy Elisa Szczucky",https://www.facebook.com/sindy.szczucky,1
Solange,Maciel,solange.maciel.127@facebook.com,"19 de Abril",https://www.facebook.com/solange.maciel.127,22,,"Ciudad Autónoma de Buenos Aires","Buenos Aires",Argentina,100001540466252,"Giiu Minniti",https://www.facebook.com/giiu.minniti,1
Ori,Sabatini,orianasabatinioficialaliados@facebook.com,"19 de Abril",https://www.facebook.com/OrianaSabatiniOficialAliados,21,,"Ciudad Autónoma de Buenos Aires","Buenos Aires",Argentina,100006478457533,"Agustin Sujo",https://www.facebook.com/agustin.sujook,1
Mili,Marcone,mili.marcone@facebook.com,"19 de Abril",https://www.facebook.com/mili.marcone,25,,"Ciudad Autónoma de Buenos Aires","Buenos Aires",Argentina,680353296,"Agus Terra Medina",https://www.facebook.com/kiki.terra,1
Carolina,Franchesca,caroliina.zampiinii@facebook.com,"19 de Abril",https://www.facebook.com/caroliina.zampiinii,29,,"Ciudad Autónoma de Buenos Aires","Buenos Aires",Argentina,100004200420748,"Agustin Sujo",https://www.facebook.com/agustin.sujook,1
Aprons,"R Back",aprons.rback@facebook.com,"19 de Abril",https://www.facebook.com/aprons.rback,23,,"Ciudad Autónoma de Buenos Aires","Buenos Aires",Argentina,100001019564581,"Mercedes Ferrario",https://www.facebook.com/mercedes.ferrario,1
Zapatillas,Multimarca,zapatillas.multimarca.9@facebook.com,"19 de Abril",https://www.facebook.com/zapatillas.multimarca.9,,,"Ciudad Autónoma de Buenos Aires","Buenos Aires",Argentina,100001660557390,"Jero Salsamendi",https://www.facebook.com/jero.salsamendi,1
Angie,Strassburger,angie.strassburger.3@facebook.com,"19 de Abril",https://www.facebook.com/angie.strassburger.3,,,"Ciudad Autónoma de Buenos Aires","Buenos Aires",Argentina,1259120891,"Sebastian Diaz",https://www.facebook.com/sebastiantatudiaz,1
Matias,Paladino,matias.paladino.35@facebook.com,"20 de Abril",https://www.facebook.com/matias.paladino.35,29,,"Ciudad Autónoma de Buenos Aires","Buenos Aires",Argentina,1449996824,"Gimena Yamila Yerden Giaquinto",https://www.facebook.com/Gimetrance,1
Ayelén,"Di Bartolo",ayelenddb@facebook.com,"20 de Abril",https://www.facebook.com/AyelenDDB,,,"Ciudad Autónoma de Buenos Aires","Buenos Aires",Argentina,1153776309,"Martín Álvarez BA I",https://www.facebook.com/Woody.Blair,1
Barbii,Sanguii,barbii.sanguii@facebook.com,"20 de Abril",https://www.facebook.com/barbii.sanguii,20,,"Ciudad Autónoma de Buenos Aires","Buenos Aires",Argentina,1355509905,"Facu Denegri",,1
Mia,Camenforte,mia.camenforte@facebook.com,"20 de Abril",https://www.facebook.com/mia.camenforte,27,,"Ciudad Autónoma de Buenos Aires","Buenos Aires",Argentina,100000697830318,"Dany Kunowsky",https://www.facebook.com/daniel.kunowsky,1
La,Vanguardia,la.vanguardia.58@facebook.com,"20 de Abril",https://www.facebook.com/la.vanguardia.58,24,,"Ciudad Autónoma de Buenos Aires","Buenos Aires",Argentina,100001019305846,"Maria Garcia Neglia",https://www.facebook.com/maria.garcianeglia,1
Tobias,Yanguela,tobias.yanguela@facebook.com,"20 de Abril",https://www.facebook.com/tobias.yanguela,21,,"Ciudad Autónoma de Buenos Aires","Buenos Aires",Argentina,1067204886,"Cami Papiccio",https://www.facebook.com/cami.papiccio,1
Maxx,Imus,maximiliano.vaschetto.1@facebook.com,"20 de Abril",https://www.facebook.com/maximiliano.vaschetto.1,,"Buenos Aires","Buenos Aires","Buenos Aires",Argentina,749069048,"Rebe Gonzalez",0,1
Nyth,Diseño,nyth.diseno@facebook.com,"20 de Abril",https://www.facebook.com/nyth.diseno,30,,"Ciudad Autónoma de Buenos Aires","Buenos Aires",Argentina,100003660549173,"Estefi Hilarza",https://www.facebook.com/estefi.hilarza,1
Jonathan,Flores,lucas.paez1@facebook.com,"20 de Abril",https://www.facebook.com/lucas.paez1,20,,"Ciudad Autónoma de Buenos Aires","Buenos Aires",Argentina,100002085500997,"Carla Diaz",,1
Federico,Berta,federico.berta.393@facebook.com,"20 de Abril",https://www.facebook.com/federico.berta.393,24,,"Ciudad Autónoma de Buenos Aires","Buenos Aires",Argentina,100003914479696,"Diego Paschetta",,1
Suchtclub,Bar,suchtclub@facebook.com,"20 de Abril",https://www.facebook.com/suchtclub,31,,"Ciudad Autónoma de Buenos Aires","Buenos Aires",Argentina,100000808626482,"Belen Uicich",https://www.facebook.com/belen.uicich,1
Cristhian,Calderon,banini2004@facebook.com,"20 de Abril",https://www.facebook.com/banini2004,,,"Ciudad Autónoma de Buenos Aires","Buenos Aires",Argentina,100001057930502,"Ignacio Lines Ceruti",https://www.facebook.com/ignacio.lines,1
Mariano,Faraj,mariano.faraj@facebook.com,"20 de Abril",https://www.facebook.com/mariano.faraj,22,"Parque Chacabuco","Ciudad Autónoma de Buenos Aires","Buenos Aires",Argentina,1184727832,"Guido Moncayo",https://www.facebook.com/guido.moncayo,1
"El Incidente",Nora-Delborde,elincidente.noradelborde@facebook.com,"20 de Abril",https://www.facebook.com/elincidente.noradelborde,28,,"Ciudad Autónoma de Buenos Aires","Buenos Aires",Argentina,1436974301,"Cristian Fernandez Villamor",https://www.facebook.com/cristian.fernandezvillamo,1
Facundo,Camardon,facundo.camardon@facebook.com,"20 de Abril",https://www.facebook.com/facundo.camardon,,,"Ciudad Autónoma de Buenos Aires","Buenos Aires",Argentina,100001412012618,"Matias Blas",https://www.facebook.com/Matias.Blas,1
Zaai,Jaidar,zaai.jaidar@facebook.com,"20 de Abril",https://www.facebook.com/zaai.jaidar,,,"Ciudad Autónoma de Buenos Aires","Buenos Aires",Argentina,100000071477792,"Cami Weng",,1
"A Tú",Talla,atu.talla.5@facebook.com,"20 de Abril",https://www.facebook.com/atu.talla.5,30,,"Ciudad Autónoma de Buenos Aires","Buenos Aires",Argentina,100003991834407,"Natalia Vaccaro",,1
Delicia,Pots,delicia.pots@facebook.com,"20 de Abril",https://www.facebook.com/delicia.pots,30,"Villa Crespo","Ciudad Autónoma de Buenos Aires","Buenos Aires",Argentina,100003992380809,"Natalia Vaccaro",,1
Jimenita,Garcia,jimena.garcia.31149@facebook.com,"20 de Abril",https://www.facebook.com/jimena.garcia.31149,26,,"Ciudad Autónoma de Buenos Aires","Buenos Aires",Argentina,1405249717,"Cynthia Tatiana Martinez Neves",https://www.facebook.com/cynthiatatiana.martinezne,1
"?ï? Laa","Rubia ?ï?",chechu.portela.9@facebook.com,"20 de Abril",https://www.facebook.com/chechu.portela.9,20,,"Ciudad Autónoma de Buenos Aires","Buenos Aires",Argentina,100007117352279,"Franco Palermo",,1
Florencia,Sánchez,flor.sanchez88@facebook.com,"20 de Abril",https://www.facebook.com/flor.sanchez88,26,,"Ciudad Autónoma de Buenos Aires","Buenos Aires",Argentina,1273472954,"Ana Glinberg",https://www.facebook.com/ana.glinberg,1
Monica,Burger,monica.burger3@facebook.com,"20 de Abril",https://www.facebook.com/monica.burger3,29,"Buenos Aires","Buenos Aires","Buenos Aires",Argentina,100002192940864,"Elias Prituluk",0,1
Jacky,Cañete,jacky.canete.9@facebook.com,"20 de Abril",https://www.facebook.com/jacky.canete.9,,,"Ciudad Autónoma de Buenos Aires","Buenos Aires",Argentina,100001180896837,"Kati Mosich",https://www.facebook.com/kati.mosich,1
"Maria Pia",Elizalde,mariapia.elizalde@facebook.com,"20 de Abril",https://www.facebook.com/mariapia.elizalde,,,"Ciudad Autónoma de Buenos Aires","Buenos Aires",Argentina,1580344055,"Fran L. Ocampo",https://www.facebook.com/franco,1
Nadya,Nuñez,nadya.nunez.3@facebook.com,"20 de Abril",https://www.facebook.com/nadya.nunez.3,,,"Ciudad Autónoma de Buenos Aires","Buenos Aires",Argentina,1463716509,"Maria Florencia Lioni Tarsitano",https://www.facebook.com/mariaflorencia.lionitarsi,1
Meli,Legnamee,meli.legnamee@facebook.com,"20 de Abril",https://www.facebook.com/meli.legnamee,,,"Ciudad Autónoma de Buenos Aires","Buenos Aires",Argentina,1414115026,"Nicolás García",https://www.facebook.com/Niccccccccco,1
Axoargentina,Axo,axoargentina.axo@facebook.com,"20 de Abril",https://www.facebook.com/axoargentina.axo,29,,"Ciudad Autónoma de Buenos Aires","Buenos Aires",Argentina,100001188818766,"Sebastian Daniel Riccardi",https://www.facebook.com/sebastian.riccardi,1
"Pro Yecto","En Comun",proyecto.encomun@facebook.com,"20 de Abril",https://www.facebook.com/proyecto.encomun,,,"Ciudad Autónoma de Buenos Aires","Buenos Aires",Argentina,100001001243834,"María Victoria Uzal Haz",,1
Facundo,Benitez,faquu.benitez@facebook.com,"20 de Abril",https://www.facebook.com/faquu.benitez,25,,"Ciudad Autónoma de Buenos Aires","Buenos Aires",Argentina,1481156626,"Aniita Canta",https://www.facebook.com/Aniita.Canta,1
Orgon,"Pandy Tekno",orgon.pandytekno@facebook.com,"20 de Abril",https://www.facebook.com/orgon.pandytekno,30,,"Ciudad Autónoma de Buenos Aires","Buenos Aires",Argentina,100002883266935,"Daiana Soledad Pintos",https://www.facebook.com/Sheena.is,1
Lucas,Mascareña,lucas.mascarena@facebook.com,"20 de Abril",https://www.facebook.com/lucas.mascarena,21,,"Ciudad Autónoma de Buenos Aires","Buenos Aires",Argentina,1684734436,"Barby Lanata",https://www.facebook.com/barby.lanata,1
Emi,Lorusso,emi.lorusso@facebook.com,"20 de Abril",https://www.facebook.com/emi.lorusso,,,"Ciudad Autónoma de Buenos Aires","Buenos Aires",Argentina,1502715740,"Ivan Lisz",,1
Roberto,Tarris,sunbeachclubgesell@facebook.com,"20 de Abril",https://www.facebook.com/SunbeachclubGesell,,"Buenos Aires","Buenos Aires","Buenos Aires",Argentina,1435423761,"Juan Pablo Aleman",0,1
Lucas,Horton,lucas.horton.5@facebook.com,"20 de Abril",https://www.facebook.com/lucas.horton.5,,Recoleta,"Ciudad Autónoma de Buenos Aires","Buenos Aires",Argentina,673860115,"Karen Vilariño",https://www.facebook.com/karen.vilarino,1
Mili,Marchesi,mili.marchesi.5@facebook.com,"20 de Abril",https://www.facebook.com/mili.marchesi.5,21,,"Ciudad Autónoma de Buenos Aires","Buenos Aires",Argentina,100000948725582,"Juan Cruz Albornoz",,1
Johanna,Loto,johanna.loto@facebook.com,"20 de Abril",https://www.facebook.com/johanna.loto,28,,"Ciudad Autónoma de Buenos Aires","Buenos Aires",Argentina,1647387022,"Cesar Berdullas",https://www.facebook.com/cesar.berdullas,1
Camila,Riestra,camiriestra@facebook.com,"20 de Abril",https://www.facebook.com/camiriestra,,,"Ciudad Autónoma de Buenos Aires","Buenos Aires",Argentina,1450075587,"Facu Denegri",,1
Evy,Carreiro,evy.carreiro@facebook.com,"20 de Abril",https://www.facebook.com/evy.carreiro,22,,"Ciudad Autónoma de Buenos Aires","Buenos Aires",Argentina,699209715,"Jenny Barco",https://www.facebook.com/jenny.barco,1
"La Morochita",Bareiro,romina.a9041@facebook.com,"20 de Abril",https://www.facebook.com/romina.a9041,26,"Buenos Aires","Buenos Aires","Buenos Aires",Argentina,100004610880863,"Alan Yun",0,1
Thomas,Martinez,thomas.martinez.7773631@facebook.com,"20 de Abril",https://www.facebook.com/thomas.martinez.7773631,22,,"Ciudad Autónoma de Buenos Aires","Buenos Aires",Argentina,100006813580949,"Flor Scalise",https://www.facebook.com/flor.scalise,1
May,Cai,chochiiojedaa@facebook.com,"20 de Abril",https://www.facebook.com/chochiiojedaa,29,,"Ciudad Autónoma de Buenos Aires","Buenos Aires",Argentina,100004625377865,"Jorge Biamonte",https://www.facebook.com/georgebiamonteok,1
"Travesty Agigail",Roman,carla.morales.75457@facebook.com,"20 de Abril",https://www.facebook.com/carla.morales.75457,22,,"Ciudad Autónoma de Buenos Aires","Buenos Aires",Argentina,100002526673983,"Ra Úl",https://www.facebook.com/Raul.liz86,1
Agus,Grilli,agus.grilli.5@facebook.com,"20 de Abril",https://www.facebook.com/agus.grilli.5,23,,"Ciudad Autónoma de Buenos Aires","Buenos Aires",Argentina,1386676462,"Miranda Toderi",https://www.facebook.com/miranda.toderi,1
Antoo,Nellaa,antolle@facebook.com,"20 de Abril",https://www.facebook.com/antolle,28,,"Ciudad Autónoma de Buenos Aires","Buenos Aires",Argentina,100005176321854,"Nahu Millicay Pereyra",https://www.facebook.com/nahumilli,1
Irrompibles,Los,irrompibles.los@facebook.com,"20 de Abril",https://www.facebook.com/irrompibles.los,,,"Ciudad Autónoma de Buenos Aires","Buenos Aires",Argentina,1046103713,"Nicolás Marano",https://www.facebook.com/nicolasmarano10,1
Wendy,Houlston,wendy.houlston@facebook.com,"20 de Abril",https://www.facebook.com/wendy.houlston,21,,"Ciudad Autónoma de Buenos Aires","Buenos Aires",Argentina,100003248691125,"Karina Placeriani",https://www.facebook.com/karina.placeriani,1
Juanma,Jurado,juanma.jurado.9@facebook.com,"20 de Abril",https://www.facebook.com/juanma.jurado.9,,,"Ciudad Autónoma de Buenos Aires","Buenos Aires",Argentina,100000270503249,"Mauro Napole",https://www.facebook.com/maurinapole,1
Medicina,Taoista,agustin.bruzze@facebook.com,"20 de Abril",https://www.facebook.com/agustin.bruzze,,,"Ciudad Autónoma de Buenos Aires","Buenos Aires",Argentina,1520031782,"Silvia Grun",,1
Jose,Bourdillon,jbourdillon@facebook.com,"20 de Abril",https://www.facebook.com/jbourdillon,,,"Ciudad Autónoma de Buenos Aires","Buenos Aires",Argentina,1275098404,"Juan Antonio Papagni Meca",https://www.facebook.com/juanantoniopapagnimeca,1
Martin,Bielicki,bielickimartin@facebook.com,"20 de Abril",https://www.facebook.com/bielickimartin,,,"Ciudad Autónoma de Buenos Aires","Buenos Aires",Argentina,100007797976754,"Hector Falsone",https://www.facebook.com/hector.falsone,1
Sale,Off,sale.off.9@facebook.com,"20 de Abril",https://www.facebook.com/sale.off.9,25,,"Ciudad Autónoma de Buenos Aires","Buenos Aires",Argentina,100002419630419,"Agos Costas",https://www.facebook.com/agoscostas,1
Gabo,Restobar,gabo.restobar@facebook.com,"21 de Abril",https://www.facebook.com/gabo.restobar,,,"Ciudad Autónoma de Buenos Aires","Buenos Aires",Argentina,1256510022,"Natalia Magali Guglielmo",https://www.facebook.com/nataliamagali.guglielmo,1
Santiago,Paliza,santiago.paliza@facebook.com,"21 de Abril",https://www.facebook.com/santiago.paliza,,Flores,"Ciudad Autónoma de Buenos Aires","Buenos Aires",Argentina,100000089812324,"Roxy Arana",,1
Universitarios,Colonenses,universitarioscolonenses@facebook.com,"21 de Abril",https://www.facebook.com/UniversitariosColonenses,24,,"Ciudad Autónoma de Buenos Aires","Buenos Aires",Argentina,100002256054892,"Lucrecia Martinez",https://www.facebook.com/lucrecia.martinez,1
Sukita,Sukanera,lauritakemi@facebook.com,"21 de Abril",https://www.facebook.com/LauritAkemi,,,"Ciudad Autónoma de Buenos Aires","Buenos Aires",Argentina,100002603784126,"Yasu Higa",,1
Jaky,"La Gorda",jaky.carmassi@facebook.com,"21 de Abril",https://www.facebook.com/jaky.carmassi,22,"Buenos Aires","Buenos Aires","Buenos Aires",Argentina,834839685,"Fabi Cepeda",0,1
Festi,"La Cinchada",campofest@facebook.com,"21 de Abril",https://www.facebook.com/campofest,27,,"Ciudad Autónoma de Buenos Aires","Buenos Aires",Argentina,100000904402270,"Daniel Arbol",https://www.facebook.com/darbol1,1
Mikaela,"Arce Dos",mikaela.arce.12@facebook.com,"21 de Abril",https://www.facebook.com/mikaela.arce.12,20,,"Ciudad Autónoma de Buenos Aires","Buenos Aires",Argentina,100006297846454,"Julio Roberto Cuevas",https://www.facebook.com/julioroberto.cuevas,1
Causa,Clinica,causa.clinica.1@facebook.com,"21 de Abril",https://www.facebook.com/causa.clinica.1,,,"Ciudad Autónoma de Buenos Aires","Buenos Aires",Argentina,1805092342,"Natalia Walter",,1
Martina,Calderone,martina.calderone@facebook.com,"21 de Abril",https://www.facebook.com/martina.calderone,23,"Villa Devoto","Ciudad Autónoma de Buenos Aires","Buenos Aires",Argentina,636889705,"Fabio Ezequiel Farruggio",https://www.facebook.com/ffachurro,1
"Alisados Progresivos","En Ballester",alisadosprogresivos.envillaballester@facebook.com,"21 de Abril",https://www.facebook.com/alisadosprogresivos.envillaballester,26,,"Ciudad Autónoma de Buenos Aires","Buenos Aires",Argentina,100004045563056,"Emme Elle Russo",https://www.facebook.com/emme.shantiom,1
Mumi,Sgallini,mumi.sgallini@facebook.com,"21 de Abril",https://www.facebook.com/mumi.sgallini,25,,"Ciudad Autónoma de Buenos Aires","Buenos Aires",Argentina,1050014538,"Camila Perelló",https://www.facebook.com/camiperello,1
Ricardo,Favre,ricardo.favre.1@facebook.com,"21 de Abril",https://www.facebook.com/ricardo.favre.1,,,"Ciudad Autónoma de Buenos Aires","Buenos Aires",Argentina,1043824332,"Ariel Rivera",,1
Aldii,Gonzalez,aldii.gonzalez.1656@facebook.com,"21 de Abril",https://www.facebook.com/aldii.gonzalez.1656,27,,"Ciudad Autónoma de Buenos Aires","Buenos Aires",Argentina,100000174897419,"Anna Laura",https://www.facebook.com/Anna.Laucha,1
Agus,Ailen,agus.ailen.1@facebook.com,"21 de Abril",https://www.facebook.com/agus.ailen.1,23,,"Ciudad Autónoma de Buenos Aires","Buenos Aires",Argentina,100000782428684,"Sebastian Daniel Riccardi",https://www.facebook.com/sebastian.riccardi,1
Valen,Gallo,valen.gallo@facebook.com,"21 de Abril",https://www.facebook.com/valen.gallo,23,,"Ciudad Autónoma de Buenos Aires","Buenos Aires",Argentina,1017900628,"Flor Scalise",https://www.facebook.com/flor.scalise,1
Gisella,Bogado,gisella.bogado@facebook.com,"21 de Abril",https://www.facebook.com/gisella.bogado,,,"Ciudad Autónoma de Buenos Aires","Buenos Aires",Argentina,100000391640969,"Lo Lola",,1
Tatiana,Gusenko,tatiana.ludmila@facebook.com,"21 de Abril",https://www.facebook.com/tatiana.ludmila,24,,"Ciudad Autónoma de Buenos Aires","Buenos Aires",Argentina,842498502,"Barby Lanata",https://www.facebook.com/barby.lanata,1
Nicolas,Cheveste,nicolas.cheveste.58@facebook.com,"21 de Abril",https://www.facebook.com/nicolas.cheveste.58,,,"Ciudad Autónoma de Buenos Aires","Buenos Aires",Argentina,100004572030837,"Flor Cantero",,1
Matias,Bassani,matias.j.bassani@facebook.com,"21 de Abril",https://www.facebook.com/matias.j.bassani,,,"Ciudad Autónoma de Buenos Aires","Buenos Aires",Argentina,100000942250188,"Celeste Heli",https://www.facebook.com/celeste.heli,1
"Asbury Bull",Kennel,asburybull.kennel@facebook.com,"21 de Abril",https://www.facebook.com/asburybull.kennel,31,,"Ciudad Autónoma de Buenos Aires","Buenos Aires",Argentina,100002160138225,"Eduardo Vilches",https://www.facebook.com/eduardovilchescba,1
Ariel,Jarovisky,aricapo99@facebook.com,"21 de Abril",https://www.facebook.com/aricapo99,28,,"Ciudad Autónoma de Buenos Aires","Buenos Aires",Argentina,1344642497,"Eve Schiera",,1
Emilia,Rotondo,emilia.rotondo@facebook.com,"21 de Abril",https://www.facebook.com/emilia.rotondo,,,"Ciudad Autónoma de Buenos Aires","Buenos Aires",Argentina,1296924570,"Cristian Andres Romano",,1
Sofia,Coelho,sofia.coelho.94009@facebook.com,"21 de Abril",https://www.facebook.com/sofia.coelho.94009,,,"Ciudad Autónoma de Buenos Aires","Buenos Aires",Argentina,735178755,"Valentino Fabre",https://www.facebook.com/valenfabre,1
Rodri,"de Soisa",cacu.helou@facebook.com,"21 de Abril",https://www.facebook.com/cacu.helou,,,"Ciudad Autónoma de Buenos Aires","Buenos Aires",Argentina,1627896993,"Mica Ledo",https://www.facebook.com/micaledo,1
Fer,Molina,ferdalmau@facebook.com,"21 de Abril",https://www.facebook.com/FerDalmau,21,,"Ciudad Autónoma de Buenos Aires","Buenos Aires",Argentina,100000371133153,"Julio Roberto Cuevas",https://www.facebook.com/julioroberto.cuevas,1
Sygno,Acrilicos,sygno.acrilicos@facebook.com,"21 de Abril",https://www.facebook.com/sygno.acrilicos,,,"Ciudad Autónoma de Buenos Aires","Buenos Aires",Argentina,100000675049231,"La Rockeria",https://www.facebook.com/oveja1,1
Alexis,Peña,alexis.pena.37454@facebook.com,"21 de Abril",https://www.facebook.com/alexis.pena.37454,22,,"Ciudad Autónoma de Buenos Aires","Buenos Aires",Argentina,1616936723,"Jonathan Julian",,1
"Sergio Matias",Straub,sergiomatias.straub@facebook.com,"21 de Abril",https://www.facebook.com/sergiomatias.straub,25,,"Ciudad Autónoma de Buenos Aires","Buenos Aires",Argentina,1157418155,"Juan Manuel Fotografo",https://www.facebook.com/JuanmaJMFotoEstudio,1
Flor,"Del Medico",flor.delmedico.5@facebook.com,"21 de Abril",https://www.facebook.com/flor.delmedico.5,24,,"Ciudad Autónoma de Buenos Aires","Buenos Aires",Argentina,714024965,"Santi Osterc",https://www.facebook.com/santiosterc,1
Francisco,Gianni,francisco.gianni@facebook.com,"21 de Abril",https://www.facebook.com/francisco.gianni,,Barracas,"Ciudad Autónoma de Buenos Aires","Buenos Aires",Argentina,529978709,"Aniita Canta",https://www.facebook.com/Aniita.Canta,1
"Todo Moda",Internacional,barakastore@facebook.com,"21 de Abril",https://www.facebook.com/barakastore,27,,"Ciudad Autónoma de Buenos Aires","Buenos Aires",Argentina,100000900347473,"Cristian Fernandez Villamor",https://www.facebook.com/cristian.fernandezvillamo,1
Franco,Savino,ssubliminall@facebook.com,"21 de Abril",https://www.facebook.com/SsubliMinalL,20,,"Ciudad Autónoma de Buenos Aires","Buenos Aires",Argentina,1551703639,"Brian Cano",,1
Abigail,Palomo,yeshuaamayia1@facebook.com,"21 de Abril",https://www.facebook.com/yeshuaamayia1,25,,"Ciudad Autónoma de Buenos Aires","Buenos Aires",Argentina,579411846,"Julio Roberto Cuevas",https://www.facebook.com/julioroberto.cuevas,1
Sinfin,Estudios,estudiodefotos@facebook.com,"21 de Abril",https://www.facebook.com/estudiodefotos,26,Monserrat,"Ciudad Autónoma de Buenos Aires","Buenos Aires",Argentina,586579932,"Carlos Wilson",,1
LuxoryMera,Reggaeton,luxorymera.reggaeton@facebook.com,"21 de Abril",https://www.facebook.com/luxorymera.reggaeton,,,"Ciudad Autónoma de Buenos Aires","Buenos Aires",Argentina,100002083401559,"Aldana Queirolo",https://www.facebook.com/aldana.queirolo,1
Magdalena,Iribarne,magui.iribarne@facebook.com,"21 de Abril",https://www.facebook.com/magui.iribarne,,,"Ciudad Autónoma de Buenos Aires","Buenos Aires",Argentina,100000242109998,"Nicolás Marano",https://www.facebook.com/nicolasmarano10,1
Mile,Epelbaum,mile.epelbaum@facebook.com,"21 de Abril",https://www.facebook.com/mile.epelbaum,,,"Ciudad Autónoma de Buenos Aires","Buenos Aires",Argentina,100001251798077,"Agus Rodriguez",,1
"Maria Eugenia",Lopez,mariaeugenia.lopez.7399@facebook.com,"21 de Abril",https://www.facebook.com/mariaeugenia.lopez.7399,,,"Ciudad Autónoma de Buenos Aires","Buenos Aires",Argentina,100002072020855,"Juan José Merino Cagnones",https://www.facebook.com/jmerinocagnones,1
Léé,Gabriel,gabrielitoox@facebook.com,"21 de Abril",https://www.facebook.com/Gabrielitoox,,"Villa Del Parque","Ciudad Autónoma de Buenos Aires","Buenos Aires",Argentina,1370614806,"Sergio Acosta",,1
Marìa,Velich,maria.velich@facebook.com,"21 de Abril",https://www.facebook.com/maria.velich,32,,"Ciudad Autónoma de Buenos Aires","Buenos Aires",Argentina,1359295958,"Noe Guillén",https://www.facebook.com/noeguillen20,1
Matias,Straub,matias.straub.12@facebook.com,"21 de Abril",https://www.facebook.com/matias.straub.12,25,,"Ciudad Autónoma de Buenos Aires","Buenos Aires",Argentina,100008067462355,"Juan Manuel Fotografo",https://www.facebook.com/JuanmaJMFotoEstudio,1
Martina,Suryano,martusuryano@facebook.com,"21 de Abril",https://www.facebook.com/martusuryano,,,"Ciudad Autónoma de Buenos Aires","Buenos Aires",Argentina,1229326142,"Aniita Canta",https://www.facebook.com/Aniita.Canta,1
Agus,Caceres,aguus.caceres.58@facebook.com,"21 de Abril",https://www.facebook.com/aguus.caceres.58,,,"Ciudad Autónoma de Buenos Aires","Buenos Aires",Argentina,673965381,"Martín Álvarez BA I",https://www.facebook.com/Woody.Blair,1
Francisco,Sande,francisco.p.sande@facebook.com,"21 de Abril",https://www.facebook.com/francisco.p.sande,,"Buenos Aires","Buenos Aires","Buenos Aires",Argentina,712230973,"Boio Kreutzer",0,1
Yazmin,Perez,yazminnoriega@facebook.com,"21 de Abril",https://www.facebook.com/Yazminnoriega,23,,"Ciudad Autónoma de Buenos Aires","Buenos Aires",Argentina,1279295094,"Giiu Minniti",https://www.facebook.com/giiu.minniti,1
Niña,Rasta,mar.rastong@facebook.com,"21 de Abril",https://www.facebook.com/Mar.Rastong,28,,"Ciudad Autónoma de Buenos Aires","Buenos Aires",Argentina,100001511321747,"Ezequiel Sebastian Berardi",https://www.facebook.com/EzErAsTa,1
Louis,Diesel,louis.diesel.9@facebook.com,"21 de Abril",https://www.facebook.com/louis.diesel.9,,,"Ciudad Autónoma de Buenos Aires","Buenos Aires",Argentina,508179254,"Nazarena Sierra",,1
"Bella Donna",Unisex,peluqueriadevoto.belladonna@facebook.com,"21 de Abril",https://www.facebook.com/peluqueriadevoto.belladonna,,,"Ciudad Autónoma de Buenos Aires","Buenos Aires",Argentina,100001645815949,"Natalia Tarelli",,1
Franco,Ezequiel,franco.ezequ1el@facebook.com,"21 de Abril",https://www.facebook.com/Franco.Ezequ1el,21,,"Ciudad Autónoma de Buenos Aires","Buenos Aires",Argentina,100000380241673,"Ayelen Alumine Anahi",https://www.facebook.com/ashe.chabakana,1
Milagros,Ramírez,milagritosram@facebook.com,"21 de Abril",https://www.facebook.com/milagritosram,,,"Ciudad Autónoma de Buenos Aires","Buenos Aires",Argentina,587938748,"Nicolas Zelechowski",,1
Antonella,Sabatini,anto.saba.773@facebook.com,"22 de Abril",https://www.facebook.com/anto.saba.773,22,,"Ciudad Autónoma de Buenos Aires","Buenos Aires",Argentina,100006774129050,"Agustin Sujo",https://www.facebook.com/agustin.sujook,1
Carlos,Medina,carlos.medina.505@facebook.com,"22 de Abril",https://www.facebook.com/carlos.medina.505,32,,"Ciudad Autónoma de Buenos Aires","Buenos Aires",Argentina,100002815051586,"Lo Lola",,1
Pablo,Slullitel,pablo.slullitel.3@facebook.com,"22 de Abril",https://www.facebook.com/pablo.slullitel.3,,,"Ciudad Autónoma de Buenos Aires","Buenos Aires",Argentina,100002240445372,"Betsabé Baxter",https://www.facebook.com/betsabe.baxter,1
Diego,Laurence,diego.laurence.3@facebook.com,"22 de Abril",https://www.facebook.com/diego.laurence.3,32,,"Ciudad Autónoma de Buenos Aires","Buenos Aires",Argentina,1605312618,"Carlos Wilson",,1
Benjamin,Amadeo,benjamadeooficial@facebook.com,"22 de Abril",https://www.facebook.com/BenjamadeoOficial,30,,"Ciudad Autónoma de Buenos Aires","Buenos Aires",Argentina,100008065097162,"Cristian Fernandez Villamor",https://www.facebook.com/cristian.fernandezvillamo,1
Alexis,Herrera,alexis.herrera.54390@facebook.com,"22 de Abril",https://www.facebook.com/alexis.herrera.54390,23,,"Ciudad Autónoma de Buenos Aires","Buenos Aires",Argentina,100001794079232,"Camy Falcón",https://www.facebook.com/Cammy.Falcon,1
Mànue,Grimaldi,manuecantante@facebook.com,"22 de Abril",https://www.facebook.com/Manuecantante,24,,"Ciudad Autónoma de Buenos Aires","Buenos Aires",Argentina,100003280893505,"Julio Roberto Cuevas",https://www.facebook.com/julioroberto.cuevas,1
Benjamin,Amadeo,benjamin.amadeo.54772@facebook.com,"22 de Abril",https://www.facebook.com/benjamin.amadeo.54772,30,,"Ciudad Autónoma de Buenos Aires","Buenos Aires",Argentina,100004728520453,"Agustin Sujo",https://www.facebook.com/agustin.sujook,1
Ga-boom,Animaciones,gaboom.animaciones@facebook.com,"22 de Abril",https://www.facebook.com/gaboom.animaciones,30,,"Ciudad Autónoma de Buenos Aires","Buenos Aires",Argentina,100000083785997,"Calu Clau",https://www.facebook.com/AYLEN00,1
Malbec,"Castello Echeverria",malbec.castelloecheverria@facebook.com,"22 de Abril",https://www.facebook.com/malbec.castelloecheverria,28,,"Ciudad Autónoma de Buenos Aires","Buenos Aires",Argentina,100003478332826,"Melina Piovano",https://www.facebook.com/melipiovano,1
Nicolas,Amaya,asdasdaso@facebook.com,"22 de Abril",https://www.facebook.com/asdasdaso,,,"Ciudad Autónoma de Buenos Aires","Buenos Aires",Argentina,100000230271110,"Carla Diaz",,1
Ya,Todo,yatengotodo@facebook.com,"22 de Abril",https://www.facebook.com/yatengotodo,,,"Ciudad Autónoma de Buenos Aires","Buenos Aires",Argentina,100002700224323,"Ornela G Cirigliano",https://www.facebook.com/floweringashtree,1
Aky,Strada,aky.strada@facebook.com,"22 de Abril",https://www.facebook.com/aky.strada,,,"Ciudad Autónoma de Buenos Aires","Buenos Aires",Argentina,100001380962715,"Vicky Diaz",,1
Micaela,Mochon,micaela.mochon@facebook.com,"22 de Abril",https://www.facebook.com/micaela.mochon,24,,"Ciudad Autónoma de Buenos Aires","Buenos Aires",Argentina,1201690075,"Ana Glinberg",https://www.facebook.com/ana.glinberg,1
Ezequiel,Elicano,ezequiel.elicano@facebook.com,"22 de Abril",https://www.facebook.com/ezequiel.elicano,20,,"Ciudad Autónoma de Buenos Aires","Buenos Aires",Argentina,100001788015798,"Juani Muñoz Sanchez",https://www.facebook.com/juandaniel.munoz,1
Andrea,Tejada,andrea.tejada.1257@facebook.com,"22 de Abril",https://www.facebook.com/andrea.tejada.1257,29,"Buenos Aires","Buenos Aires","Buenos Aires",Argentina,100005289402229,"Juan Pablo Aleman",0,1
Giuli,Locane,giuli.locane@facebook.com,"22 de Abril",https://www.facebook.com/giuli.locane,23,,"Ciudad Autónoma de Buenos Aires","Buenos Aires",Argentina,1132505923,"Ignacio Busquiazo",https://www.facebook.com/ignacio.busquiazo,1
ShuLy,Carp,carolina.ramires.3139@facebook.com,"22 de Abril",https://www.facebook.com/carolina.ramires.3139,20,,"Ciudad Autónoma de Buenos Aires","Buenos Aires",Argentina,100007100132244,"Franco Palermo",,1
Azul,Schenfeld,azul.schenfeld@facebook.com,"22 de Abril",https://www.facebook.com/azul.schenfeld,,,"Ciudad Autónoma de Buenos Aires","Buenos Aires",Argentina,1080177339,"Jero Salsamendi",https://www.facebook.com/jero.salsamendi,1
Noorma,Alejandra,noorma.alejandra.5@facebook.com,"22 de Abril",https://www.facebook.com/noorma.alejandra.5,26,,"Ciudad Autónoma de Buenos Aires","Buenos Aires",Argentina,100005007607229,"Natalia Vaccaro",,1
Ariel,Hidalgo,hidalgo.ariel@facebook.com,"22 de Abril",https://www.facebook.com/hidalgo.ariel,32,,"Ciudad Autónoma de Buenos Aires","Buenos Aires",Argentina,100000443815296,"Miqui Berriòs",https://www.facebook.com/miqui.berrios,1
Julian,Villa,julian.villa.710@facebook.com,"22 de Abril",https://www.facebook.com/julian.villa.710,,,"Ciudad Autónoma de Buenos Aires","Buenos Aires",Argentina,675906633,"Michelle Ribeiro",,1
Marie,Diaz,marie.diaz.7921@facebook.com,"22 de Abril",https://www.facebook.com/marie.diaz.7921,,"Buenos Aires","Buenos Aires","Buenos Aires",Argentina,100001269881144,"Agustina Liniers",0,1
Valchu,Pera,fachuteamamucho@facebook.com,"22 de Abril",https://www.facebook.com/fachuteamamucho,30,,"Ciudad Autónoma de Buenos Aires","Buenos Aires",Argentina,100005456387598,"Agustin Sujo",https://www.facebook.com/agustin.sujook,1
Daro,"da Silva",dayra.bubbye@facebook.com,"22 de Abril",https://www.facebook.com/dayra.bubbye,27,,"Ciudad Autónoma de Buenos Aires","Buenos Aires",Argentina,100003783547667,"Gabriel Gutierrez",,1
Javier,Barreto,javier.barreto.923@facebook.com,"22 de Abril",https://www.facebook.com/javier.barreto.923,29,,"Ciudad Autónoma de Buenos Aires","Buenos Aires",Argentina,1342103037,"Lucrecia Martinez",https://www.facebook.com/lucrecia.martinez,1
Rodri,Gonzalez,rodri.gonzalez.92@facebook.com,"22 de Abril",https://www.facebook.com/rodri.gonzalez.92,24,Recoleta,"Ciudad Autónoma de Buenos Aires","Buenos Aires",Argentina,100002012892638,"Ailin Majeras",https://www.facebook.com/ailin.majeras,1
Ropa,"Importada Zona Sur",ropa.importadazonasur@facebook.com,"22 de Abril",https://www.facebook.com/ropa.importadazonasur,,,"Ciudad Autónoma de Buenos Aires","Buenos Aires",Argentina,100001571103950,"Kar Elizabeth Avila",https://www.facebook.com/Kaari94,1
Nicolás,Agrazar,nicoagrazar@facebook.com,"22 de Abril",https://www.facebook.com/nicoagrazar,,,"Ciudad Autónoma de Buenos Aires","Buenos Aires",Argentina,561052229,"Fernando Olner Cupayolo",https://www.facebook.com/fernando.cupayolo,1
Mery,Siboldi,mery.siboldi@facebook.com,"22 de Abril",https://www.facebook.com/mery.siboldi,,,"Ciudad Autónoma de Buenos Aires","Buenos Aires",Argentina,1618535291,"Emiliano Pirolo",https://www.facebook.com/emi.pirolo,1
Diego,Miranda,diego.miidd@facebook.com,"22 de Abril",https://www.facebook.com/diego.miidd,,,"Ciudad Autónoma de Buenos Aires","Buenos Aires",Argentina,1182721099,"Agustina Pelle Müller",,1
Óh,Annto,oh.annto@facebook.com,"22 de Abril",https://www.facebook.com/oh.annto,22,,"Ciudad Autónoma de Buenos Aires","Buenos Aires",Argentina,100003868742002,"Agustin Sujo",https://www.facebook.com/agustin.sujook,1
Carolina,Camacho,caro.cf@facebook.com,"22 de Abril",https://www.facebook.com/caro.cf,22,,"Ciudad Autónoma de Buenos Aires","Buenos Aires",Argentina,553430195,"Ariel Rivera",,1
Fabian,"Portela Trinidad",hector.portela.33@facebook.com,"22 de Abril",https://www.facebook.com/hector.portela.33,25,"San Telmo","Ciudad Autónoma de Buenos Aires","Buenos Aires",Argentina,100005552130282,"Maria Quevedo",https://www.facebook.com/mery.quevedo3,1
Nazareno,Cruz,nazareno.delrojoo@facebook.com,"22 de Abril",https://www.facebook.com/nazareno.delrojoo,,"La Paternal","Ciudad Autónoma de Buenos Aires","Distrito Federal",Argentina,100000118520664,"Brian Cano",,1
Fernando,Oieni,yoouungkhalifaa@facebook.com,"22 de Abril",https://www.facebook.com/YoouungKhalifaa,,,"Ciudad Autónoma de Buenos Aires","Buenos Aires",Argentina,100000535044702,"Agustina Pelle Müller",,1
Sofi,Moda,sofi.moda.79@facebook.com,"22 de Abril",https://www.facebook.com/sofi.moda.79,20,,"Ciudad Autónoma de Buenos Aires","Buenos Aires",Argentina,100006732103325,"Sofu Maddonni",https://www.facebook.com/ssofiia,1
Ella,"No Duerme",ella.noduerme@facebook.com,"22 de Abril",https://www.facebook.com/ella.noduerme,28,,"Ciudad Autónoma de Buenos Aires","Buenos Aires",Argentina,100001709448462,"Jazmin Jurevich",https://www.facebook.com/Jaz.Jurevich,1
Pamela,Digon,pameladigon@facebook.com,"22 de Abril",https://www.facebook.com/pameladigon,28,,"Ciudad Autónoma de Buenos Aires","Buenos Aires",Argentina,1538404868,"Nadia Vannessa",https://www.facebook.com/nadiavannessa18,1
Benjamin,Amadeo,benjamin.amadeo.7315@facebook.com,"22 de Abril",https://www.facebook.com/benjamin.amadeo.7315,30,,"Ciudad Autónoma de Buenos Aires","Buenos Aires",Argentina,100004076561748,"Silvia Fernandez",https://www.facebook.com/silviafernandezchivi,1
Vísteme,Despacio,veronica.fraga.311@facebook.com,"22 de Abril",https://www.facebook.com/veronica.fraga.311,,,"Ciudad Autónoma de Buenos Aires","Buenos Aires",Argentina,100002258730753,"Flor Gonzalez",,1
Productos,"Cremsol Alisados",productos.cremsolalisados@facebook.com,"22 de Abril",https://www.facebook.com/productos.cremsolalisados,,,"Ciudad Autónoma de Buenos Aires","Buenos Aires",Argentina,100002309404004,"Flor Gonzalez",,1
"Es MoRocha","Bv III",esmorocha.bviii@facebook.com,"22 de Abril",https://www.facebook.com/esmorocha.bviii,,,"Ciudad Autónoma de Buenos Aires","Buenos Aires",Argentina,100003236926106,"Pedro Lopezyfernandez",https://www.facebook.com/pedronahuel,1
Pablo,Holik,pablo.holik@facebook.com,"23 de Abril",https://www.facebook.com/pablo.holik,21,,"Ciudad Autónoma de Buenos Aires","Buenos Aires",Argentina,1363726864,"Gustavo Pietrafesa",,1
Gigi,Lluvia,gigi.gramigna@facebook.com,"23 de Abril",https://www.facebook.com/Gigi.Gramigna,31,,"Ciudad Autónoma de Buenos Aires","Buenos Aires",Argentina,1356371306,"Brenda Fabregat",https://www.facebook.com/brenda.fabregat,1
Pauli,Sanchez,pauli.sanchez.378@facebook.com,"23 de Abril",https://www.facebook.com/pauli.sanchez.378,23,,"Ciudad Autónoma de Buenos Aires","Buenos Aires",Argentina,1203304449,"Guido Blarasin",https://www.facebook.com/guido.blarasin,1
Jo,Bup,al.buppit@facebook.com,"23 de Abril",https://www.facebook.com/al.buppit,29,,"Ciudad Autónoma de Buenos Aires","Buenos Aires",Argentina,100007399712269,"Paz Maldonado",,1
Danceislife,Danzas,danceislife.danzas@facebook.com,"23 de Abril",https://www.facebook.com/danceislife.danzas,32,,"Ciudad Autónoma de Buenos Aires","Buenos Aires",Argentina,100002342374131,"Miranda Toderi",https://www.facebook.com/miranda.toderi,1
Vero,Lidherm,verolidherm@facebook.com,"23 de Abril",https://www.facebook.com/verolidherm,26,,"Ciudad Autónoma de Buenos Aires","Buenos Aires",Argentina,100001632938154,"Divino Vestuario Salve",https://www.facebook.com/salvedivinovestuario,1
Melina,Maurenzi,melina.maurenzi@facebook.com,"23 de Abril",https://www.facebook.com/melina.maurenzi,,,"Ciudad Autónoma de Buenos Aires","Buenos Aires",Argentina,1266144614,"Cristian Andres Romano",,1
Pedro,Alderete,pedro.alderete.75@facebook.com,"23 de Abril",https://www.facebook.com/pedro.alderete.75,,,"Ciudad Autónoma de Buenos Aires","Buenos Aires",Argentina,100002491110555,"Mariela Alonso",,1
Gaspi,Taboada,gaspy.taboada@facebook.com,"23 de Abril",https://www.facebook.com/gaspy.taboada,21,"Villa Pueyrredón","Ciudad Autónoma de Buenos Aires","Distrito Federal",Argentina,1483718799,"Ale Arias Mandarine Park",,1
Javier,Bronzel,javier.bronzel@facebook.com,"23 de Abril",https://www.facebook.com/javier.bronzel,,"Buenos Aires","Buenos Aires","Buenos Aires",Argentina,603431704,"Tiago Salvia",0,1
Yaguchi,"Ah Vite",yaguchi.takashi@facebook.com,"23 de Abril",https://www.facebook.com/yaguchi.takashi,22,,"Ciudad Autónoma de Buenos Aires","Buenos Aires",Argentina,100002867331632,"Juanma Ramirez",,1
Emilia,Liao,emilia.liao.5@facebook.com,"23 de Abril",https://www.facebook.com/emilia.liao.5,26,,"Ciudad Autónoma de Buenos Aires","Buenos Aires",Argentina,1252910495,"Cami Weng",,1
Abril,Fox,abril.fox.5@facebook.com,"23 de Abril",https://www.facebook.com/abril.fox.5,,,"Ciudad Autónoma de Buenos Aires","Buenos Aires",Argentina,100000882782689,"Joaquin Barraco",https://www.facebook.com/chino.barraco,1
Nico,Garnier,totigarnier@facebook.com,"23 de Abril",https://www.facebook.com/totigarnier,27,,"Ciudad Autónoma de Buenos Aires","Buenos Aires",Argentina,1089066604,"M Agustina Ciarla Quintana",https://www.facebook.com/magustina.quintana,1
Franky,Richars,franky.richars@facebook.com,"23 de Abril",https://www.facebook.com/franky.richars,,,"Ciudad Autónoma de Buenos Aires","Buenos Aires",Argentina,100001613812651,"Jessica Bellomo",https://www.facebook.com/JessBellomo,1
Joaana,Aldana,joaana.aldana@facebook.com,"23 de Abril",https://www.facebook.com/joaana.aldana,20,,"Ciudad Autónoma de Buenos Aires","Buenos Aires",Argentina,1529960327,"Brian Cano",,1
Jesica,Moron,jesica.moron.9@facebook.com,"23 de Abril",https://www.facebook.com/jesica.moron.9,27,Array,"Ciudad Autónoma de Buenos Aires","Buenos Aires",Argentina,100002246902300,"Augusto Lios",0,1
Mac,Cosmeticos,luxuryco@facebook.com,"23 de Abril",https://www.facebook.com/luxuryco,,,"Ciudad Autónoma de Buenos Aires","Buenos Aires",Argentina,100002453623192,"Agos D'Urbano",https://www.facebook.com/agostinnad,1
"Mirta Noemi",Abatangelo,mirtanoemi.abatangelo@facebook.com,"23 de Abril",https://www.facebook.com/mirtanoemi.abatangelo,,,"Ciudad Autónoma de Buenos Aires","Buenos Aires",Argentina,100000780424475,"Leti Leticia",,1
Matias,Drappo,matias.drappo@facebook.com,"23 de Abril",https://www.facebook.com/matias.drappo,27,,"Ciudad Autónoma de Buenos Aires","Buenos Aires",Argentina,100001173745912,"Miqui Berriòs",https://www.facebook.com/miqui.berrios,1
"Julian Raci",Menendez,julira.l.menendez@facebook.com,"23 de Abril",https://www.facebook.com/julira.l.menendez,,,"Ciudad Autónoma de Buenos Aires","Buenos Aires",Argentina,1820872735,"Brian Cano",,1
Natalia,Oviedo,natalia.oviedo.50@facebook.com,"23 de Abril",https://www.facebook.com/natalia.oviedo.50,27,,"Ciudad Autónoma de Buenos Aires","Buenos Aires",Argentina,100002296627668,"Charly Ruez",https://www.facebook.com/charly.ruez,1
Suzy,Ramone,susana.diaz.1291@facebook.com,"23 de Abril",https://www.facebook.com/susana.diaz.1291,,,"Ciudad Autónoma de Buenos Aires","Buenos Aires",Argentina,1178985071,"La Rockeria",https://www.facebook.com/oveja1,1
Giselle,Mereles,giselle.mereles@facebook.com,"23 de Abril",https://www.facebook.com/giselle.mereles,24,,"Ciudad Autónoma de Buenos Aires","Buenos Aires",Argentina,1150575670,"Maria Soledad Villamil",https://www.facebook.com/mariasoledad.villamil,1
Camila,"Diaz NO Ok",camiladiazdj@facebook.com,"23 de Abril",https://www.facebook.com/camiladiazdj,26,,"Ciudad Autónoma de Buenos Aires","Buenos Aires",Argentina,100003151528260,"Nadia Denise",,1
Lucia,Samper,lucia.samper.3@facebook.com,"23 de Abril",https://www.facebook.com/lucia.samper.3,22,,"Ciudad Autónoma de Buenos Aires","Buenos Aires",Argentina,1408794240,"Cristian Andres Romano",,1
Braian,Muñoz,braah.cabj@facebook.com,"23 de Abril",https://www.facebook.com/BraaH.CaBj,,,"Ciudad Autónoma de Buenos Aires","Buenos Aires",Argentina,100003012117647,"Carla Diaz",,1
Jopi,"De Azevedo",joopii@facebook.com,"23 de Abril",https://www.facebook.com/JOOPII,,,"Ciudad Autónoma de Buenos Aires","Buenos Aires",Argentina,1008446854,"Martín Álvarez BA I",https://www.facebook.com/Woody.Blair,1
Celeste,Toricez,celes23.4@facebook.com,"23 de Abril",https://www.facebook.com/Celes23.4,,,"Ciudad Autónoma de Buenos Aires","Buenos Aires",Argentina,1607777330,"Thomas Jensen",,1
Charly,Araujo,charly.araujo@facebook.com,"23 de Abril",https://www.facebook.com/charly.araujo,26,,"Ciudad Autónoma de Buenos Aires","Buenos Aires",Argentina,693400162,"Giselle G Mas",https://www.facebook.com/ftw.73,1
Ro,Gabrielli,ro.gabrielli@facebook.com,"23 de Abril",https://www.facebook.com/ro.gabrielli,26,,"Ciudad Autónoma de Buenos Aires","Buenos Aires",Argentina,1185159975,"Debora Malvestuto",https://www.facebook.com/dmalvestuto,1
Mar,Tin,mandrile.drawsdiseno@facebook.com,"23 de Abril",https://www.facebook.com/mandrile.drawsdiseno,28,,"Ciudad Autónoma de Buenos Aires","Buenos Aires",Argentina,100001035799084,"Diego Urlacher",,1
Mumi,Gomez,mumigs@facebook.com,"23 de Abril",https://www.facebook.com/Mumigs,,,"Ciudad Autónoma de Buenos Aires","Buenos Aires",Argentina,100001247237071,"Felipe Vidal",https://www.facebook.com/Feelipe.vp,1
Sample,Mk,sample.mk@facebook.com,"23 de Abril",https://www.facebook.com/sample.mk,28,,"Ciudad Autónoma de Buenos Aires","Buenos Aires",Argentina,100004083283581,"Florencia Pulicari",https://www.facebook.com/florencia.pulicari,1
LM,Inmuebles,madalapropiedades@facebook.com,"23 de Abril",https://www.facebook.com/madalapropiedades,28,,"Ciudad Autónoma de Buenos Aires","Buenos Aires",Argentina,100008031553662,"Mauricio Gregori",,1
Lean,Río,lean.rio@facebook.com,"23 de Abril",https://www.facebook.com/lean.rio,,,"Ciudad Autónoma de Buenos Aires","Buenos Aires",Argentina,100002360475334,"Ignacio Lines Ceruti",https://www.facebook.com/ignacio.lines,1
Diver's,Basics,divers.basics@facebook.com,"23 de Abril",https://www.facebook.com/divers.basics,30,,"Ciudad Autónoma de Buenos Aires","Buenos Aires",Argentina,100001859584547,"Agustin Martinez Molinelli",https://www.facebook.com/agustin.martinezmolinelli,1
Agos,Pissinis,agos.pissinis@facebook.com,"23 de Abril",https://www.facebook.com/agos.pissinis,,"Buenos Aires","Buenos Aires","Buenos Aires",Argentina,100000850449017,"Martu Lehmann",0,1
Scape,Viernes,scape.viernes.3@facebook.com,"23 de Abril",https://www.facebook.com/scape.viernes.3,26,,"Ciudad Autónoma de Buenos Aires","Buenos Aires",Argentina,100000983003878,"Christian Douer Chuky",https://www.facebook.com/christian.chuky,1
Julio,Sanchez,julio.sanchez.75491@facebook.com,"23 de Abril",https://www.facebook.com/julio.sanchez.75491,27,,"Ciudad Autónoma de Buenos Aires","Buenos Aires",Argentina,100001591363046,"Juan Elias Catan",https://www.facebook.com/juan.724,1
"Mi Tierra",Colorada,marty.claro.14@facebook.com,"23 de Abril",https://www.facebook.com/marty.claro.14,,,"Ciudad Autónoma de Buenos Aires","Buenos Aires",Argentina,100007478201522,"Lucho Viana",,1
Nottinghill,Love,bea.cattaneo.3@facebook.com,"23 de Abril",https://www.facebook.com/bea.cattaneo.3,,,"Ciudad Autónoma de Buenos Aires","Buenos Aires",Argentina,100007510904482,"Lucho Viana",,1
Laru,Miño,laru.mino.7@facebook.com,"23 de Abril",https://www.facebook.com/laru.mino.7,21,"Buenos Aires","Buenos Aires","Buenos Aires",Argentina,100003898729248,"Peter GC",0,1
Fabian,Petruzzi,fabian.petruzzi@facebook.com,"23 de Abril",https://www.facebook.com/fabian.petruzzi,,,"Ciudad Autónoma de Buenos Aires","Buenos Aires",Argentina,1076481493,"Gabriel Bertagnolli",,1
Nicolas,Luna,niiqo.luna@facebook.com,"23 de Abril",https://www.facebook.com/niiqo.luna,,Núñez,"Ciudad Autónoma de Buenos Aires","Buenos Aires",Argentina,1586485787,"Vicky Diaz",,1
Celine,Min,celine.min.5@facebook.com,"23 de Abril",https://www.facebook.com/celine.min.5,,"Buenos Aires","Buenos Aires","Buenos Aires",Argentina,100001081572321,"Alan Yun",0,1
Mariela,Renedo,mariela.renedo@facebook.com,"23 de Abril",https://www.facebook.com/mariela.renedo,,,"Ciudad Autónoma de Buenos Aires","Buenos Aires",Argentina,100000629473305,"Sebastian Daniel Riccardi",https://www.facebook.com/sebastian.riccardi,1
