Nombre,Apellido,"Email Facebook",Cumpleaños,"Usuario Facebook",Edad,Barrio,Ciudad,Provincia,Pais,"ID Facebook","Amigo De","Amigo De (Usuario)",rebound
Gastón,Barthelemy,gaston.barthelemy@facebook.com,"03 de Abril",https://www.facebook.com/gaston.barthelemy,29,,"Ciudad Autónoma de Buenos Aires","Buenos Aires",Argentina,720615776,"Macarena Alonso Dumón",https://www.facebook.com/macarenaad,1
Brisa,Debieber,bieberomg@facebook.com,"03 de Abril",https://www.facebook.com/BieberOMG,,,"Ciudad Autónoma de Buenos Aires","Buenos Aires",Argentina,100002447115081,"Juanma Ramirez",,1
Matu,Retamar,matu.retamar@facebook.com,"03 de Abril",https://www.facebook.com/matu.retamar,,Barracas,"Ciudad Autónoma de Buenos Aires","Buenos Aires",Argentina,785719180,"Poh Ly",https://www.facebook.com/pohoreyco,1
Cato,Saenz,catalina.saenz.731@facebook.com,"03 de Abril",https://www.facebook.com/catalina.saenz.731,,,"Ciudad Autónoma de Buenos Aires","Buenos Aires",Argentina,704678725,"Manuel Saenz",,1
Joaca,Biagioni,joacabiagioni@facebook.com,"03 de Abril",https://www.facebook.com/joacabiagioni,21,,"Ciudad Autónoma de Buenos Aires","Buenos Aires",Argentina,1524275909,"Manu Dadaglio",,1
Infantilesenlaweb,"Guia Infantil",infantilesenlaweb@facebook.com,"03 de Abril",https://www.facebook.com/infantilesenlaweb,,,"Ciudad Autónoma de Buenos Aires","Buenos Aires",Argentina,100001254346407,"Flor Scalise",https://www.facebook.com/flor.scalise,1
Fede,Alvarez,academicodecorazon@facebook.com,"03 de Abril",https://www.facebook.com/Academicodecorazon,,,"Ciudad Autónoma de Buenos Aires","Buenos Aires",Argentina,1212199575,"Cristian Andres Romano",,1
Michelle,Schmid,michelle.schmid@facebook.com,"03 de Abril",https://www.facebook.com/michelle.schmid,23,,"Ciudad Autónoma de Buenos Aires","Buenos Aires",Argentina,606329279,"Jobs Bar",https://www.facebook.com/jobsbar,1
Nachoo,Burkle,nachhooo@facebook.com,"03 de Abril",https://www.facebook.com/Nachhooo,24,,"Ciudad Autónoma de Buenos Aires","Buenos Aires",Argentina,1295184529,"Seba Alvarez",https://www.facebook.com/lalvar22,1
Anto,Sgrablich,antosgrablich@facebook.com,"03 de Abril",https://www.facebook.com/antosgrablich,,,"Ciudad Autónoma de Buenos Aires","Buenos Aires",Argentina,1354069433,"Kar Elizabeth Avila",https://www.facebook.com/Kaari94,1
Gisela,"Ruiz Diaz",gisela.ruizdiaz.33@facebook.com,"03 de Abril",https://www.facebook.com/gisela.ruizdiaz.33,25,"Buenos Aires","Buenos Aires","Buenos Aires",Argentina,100001943593013,"Rebe Gonzalez",0,1
Tanzer,Estudio,tanzer.danzas@facebook.com,"03 de Abril",https://www.facebook.com/tanzer.danzas,,,"Ciudad Autónoma de Buenos Aires","Buenos Aires",Argentina,1277605357,"Flor Scalise",https://www.facebook.com/flor.scalise,1
Milagros,Biana,milibiana@facebook.com,"03 de Abril",https://www.facebook.com/milibiana,22,,"Ciudad Autónoma de Buenos Aires","Buenos Aires",Argentina,1145844296,"Felicitas Ghigliotti",https://www.facebook.com/felicitas.ghigliotti,1
Lucio,Selva,lucio.selva@facebook.com,"03 de Abril",https://www.facebook.com/lucio.selva,27,,"Ciudad Autónoma de Buenos Aires","Buenos Aires",Argentina,500146114,"Santiago Villanueva",https://www.facebook.com/santiago.villanueva,1
Hip,Pie,gise.garcia.391@facebook.com,"03 de Abril",https://www.facebook.com/gise.garcia.391,,,"Ciudad Autónoma de Buenos Aires","Buenos Aires",Argentina,1244996307,"Santiago Villanueva",https://www.facebook.com/santiago.villanueva,1
María,"de Kemancioglu",maria.j.melendez.9@facebook.com,"03 de Abril",https://www.facebook.com/maria.j.melendez.9,30,,"Ciudad Autónoma de Buenos Aires","Buenos Aires",Argentina,500476122,"Santiago Villanueva",https://www.facebook.com/santiago.villanueva,1
Luana,Vasquez,luana.vasquez.7@facebook.com,"03 de Abril",https://www.facebook.com/luana.vasquez.7,27,,"Ciudad Autónoma de Buenos Aires","Buenos Aires",Argentina,100002920112831,"La Rockeria",https://www.facebook.com/oveja1,1
Emiliano,Chiappe,echiappe@facebook.com,"03 de Abril",https://www.facebook.com/echiappe,27,,"Ciudad Autónoma de Buenos Aires","Buenos Aires",Argentina,1045470948,"Pamela Garrote",https://www.facebook.com/pamela.garrote,1
Agustín,García,agustin.garcia.37604303@facebook.com,"03 de Abril",https://www.facebook.com/agustin.garcia.37604303,29,,"Ciudad Autónoma de Buenos Aires","Buenos Aires",Argentina,100000353545238,"Mariano Montani",https://www.facebook.com/mariano.montani,1
Sandra,Crespo,sandra.crespo.18@facebook.com,"03 de Abril",https://www.facebook.com/sandra.crespo.18,,,"Ciudad Autónoma de Buenos Aires","Buenos Aires",Argentina,100002643390567,"Marcela Lukowicz",https://www.facebook.com/marcela.lukowicz,1
Gonzalo,Other,gonzalo.cativa@facebook.com,"03 de Abril",https://www.facebook.com/gonzalo.cativa,28,,"Ciudad Autónoma de Buenos Aires","Buenos Aires",Argentina,625109069,"Helena Robledo",,1
Jess,Behrendt,jess.behrendt@facebook.com,"03 de Abril",https://www.facebook.com/jess.behrendt,28,,"Ciudad Autónoma de Buenos Aires","Buenos Aires",Argentina,524360427,"Gimena Librio",https://www.facebook.com/gimelibrio,1
Maribel,Arturi,maribel.arturi@facebook.com,"03 de Abril",https://www.facebook.com/maribel.arturi,27,,"Ciudad Autónoma de Buenos Aires","Buenos Aires",Argentina,1067478989,"Rafael Roca",https://www.facebook.com/roca.rafael,1
Luis,Retta,luis.retta@facebook.com,"03 de Abril",https://www.facebook.com/luis.retta,,,"Ciudad Autónoma de Buenos Aires","Buenos Aires",Argentina,100001784629526,"Paula Martínez",,1
Daiana,Lopez,daiana.lopez.754570@facebook.com,"03 de Abril",https://www.facebook.com/daiana.lopez.754570,,,"Ciudad Autónoma de Buenos Aires","Buenos Aires",Argentina,100003119307254,"Julio Roberto Cuevas",https://www.facebook.com/julioroberto.cuevas,1
Valentin,"Espósito Pentenero",valentin.pentenero@facebook.com,"03 de Abril",https://www.facebook.com/valentin.pentenero,23,,"Ciudad Autónoma de Buenos Aires","Buenos Aires",Argentina,1051825169,"Lucía Lopez Aleman",https://www.facebook.com/marialucialopezaleman,1
Patricio,Rodrigo,patricio.rodrigo.5@facebook.com,"03 de Abril",https://www.facebook.com/patricio.rodrigo.5,30,,"Ciudad Autónoma de Buenos Aires","Buenos Aires",Argentina,100000993726858,"Belu Cepa Fraga",,1
Santiago,Sacristan,elvis.coso@facebook.com,"03 de Abril",https://www.facebook.com/elvis.coso,21,,"Ciudad Autónoma de Buenos Aires","Buenos Aires",Argentina,1140970215,"Matias Blas",https://www.facebook.com/Matias.Blas,1
Federico,Esperon,federico.esperon@facebook.com,"03 de Abril",https://www.facebook.com/federico.esperon,21,,"Ciudad Autónoma de Buenos Aires","Buenos Aires",Argentina,1205333425,"Facu Denegri",,1
Sabi,Buss,sabinabuss@facebook.com,"03 de Abril",https://www.facebook.com/sabinabuss,28,,"Ciudad Autónoma de Buenos Aires","Buenos Aires",Argentina,100002846112040,"Valentin Abelardo",https://www.facebook.com/valentin.abelardo,1
She,Believed,she.believers@facebook.com,"03 de Abril",https://www.facebook.com/she.believers,28,,"Ciudad Autónoma de Buenos Aires","Buenos Aires",Argentina,100002874366478,"Valentin Abelardo",https://www.facebook.com/valentin.abelardo,1
Renato,Vieytes,renato.vieytes@facebook.com,"03 de Abril",https://www.facebook.com/renato.vieytes,30,,"Ciudad Autónoma de Buenos Aires","Buenos Aires",Argentina,100005858922324,"Vanesa Macias",https://www.facebook.com/vanesa.macias1,1
Diego,Pogonza,diego.pogonza.12@facebook.com,"03 de Abril",https://www.facebook.com/diego.pogonza.12,24,,"Ciudad Autónoma de Buenos Aires","Buenos Aires",Argentina,100001083295598,"Agustina Pelle Müller",,1
Ricky,Ponte,ricky.ponte.7@facebook.com,"03 de Abril",https://www.facebook.com/ricky.ponte.7,29,"Buenos Aires","Buenos Aires","Buenos Aires",Argentina,596565006,"Alan Yun",0,1
Maximiliano,Cabrera,maximiliano.cabrera.562@facebook.com,"03 de Abril",https://www.facebook.com/maximiliano.cabrera.562,27,,"Ciudad Autónoma de Buenos Aires","Buenos Aires",Argentina,100000749272867,"Ayelen Alumine Anahi",https://www.facebook.com/ashe.chabakana,1
Fede,"Loro Meyer",fedejlm@facebook.com,"03 de Abril",https://www.facebook.com/fedejlm,,,"Ciudad Autónoma de Buenos Aires","Buenos Aires",Argentina,1540650290,"Fiestas Baires",,1
William,Barel,sol.barel@facebook.com,"03 de Abril",https://www.facebook.com/sol.barel,,,"Ciudad Autónoma de Buenos Aires","Buenos Aires",Argentina,1526513022,"Helena Robledo",,1
Alejo,Albertarelli,alejo.albertarelli@facebook.com,"03 de Abril",https://www.facebook.com/alejo.albertarelli,29,,"Ciudad Autónoma de Buenos Aires","Buenos Aires",Argentina,1117406358,"Gabriela Cardelino",https://www.facebook.com/gabriela.cardelino,1
Daniela,Pavan,danielapavan.501@facebook.com,"03 de Abril",https://www.facebook.com/danielapavan.501,,,"Ciudad Autónoma de Buenos Aires","Buenos Aires",Argentina,1648639645,"Fona Romeo",https://www.facebook.com/fona.romeo,1
Micaela,Fernandez,micaela.fernandez.7549@facebook.com,"03 de Abril",https://www.facebook.com/micaela.fernandez.7549,23,,"Ciudad Autónoma de Buenos Aires","Buenos Aires",Argentina,1042611479,"Tomas Zocca",https://www.facebook.com/tomyzocca,1
"Juan Pablo",Sciuto,juanpablo.sciuto.3@facebook.com,"03 de Abril",https://www.facebook.com/juanpablo.sciuto.3,,,"Ciudad Autónoma de Buenos Aires","Buenos Aires",Argentina,701602940,"Nannuja Nadia Delfini",https://www.facebook.com/nadiaximenadelfi,1
Juno,Sanz,junosanz@facebook.com,"03 de Abril",https://www.facebook.com/junosanz,,,"Ciudad Autónoma de Buenos Aires","Buenos Aires",Argentina,722477850,"Agustin De Pascali",https://www.facebook.com/agustin.depascali,1
Souldancers,Prod,souldancers.prod@facebook.com,"03 de Abril",https://www.facebook.com/souldancers.prod,26,,"Ciudad Autónoma de Buenos Aires","Buenos Aires",Argentina,100002773741543,"Flor Scalise",https://www.facebook.com/flor.scalise,1
Carolina,Rube,carolina.rube@facebook.com,"03 de Abril",https://www.facebook.com/carolina.rube,21,,"Ciudad Autónoma de Buenos Aires","Buenos Aires",Argentina,1032411506,"Cristian Andres Romano",,1
Daiana,Fernandez,indumentariadaiana@facebook.com,"03 de Abril",https://www.facebook.com/indumentariadaiana,29,"Buenos Aires","Buenos Aires","Buenos Aires",Argentina,100002235108518,"Tiago Salvia",0,1
Francisco,Passadore,mfpassadore@facebook.com,"03 de Abril",https://www.facebook.com/mfpassadore,30,,"Ciudad Autónoma de Buenos Aires","Buenos Aires",Argentina,1636031555,"Sabri Bértolo",,1
Temis,"Tecnología Srl",temis.tecnologiasrl@facebook.com,"03 de Abril",https://www.facebook.com/temis.tecnologiasrl,,,"Ciudad Autónoma de Buenos Aires","Buenos Aires",Argentina,100002266609385,"Matias Daniel Pascual",,1
Meri,Allegrina,meri.allegrina@facebook.com,"03 de Abril",https://www.facebook.com/meri.allegrina,27,,"Ciudad Autónoma de Buenos Aires","Buenos Aires",Argentina,733031563,"Maureen Burton",,1
Cristian,Montoro,cristian.montoro.9@facebook.com,"03 de Abril",https://www.facebook.com/cristian.montoro.9,,,"Ciudad Autónoma de Buenos Aires","Buenos Aires",Argentina,1516864617,"Sergio Acosta",,1
Emiliano,Tieri,emilianoditieri@facebook.com,"03 de Abril",https://www.facebook.com/emilianoditieri,23,,"Ciudad Autónoma de Buenos Aires","Buenos Aires",Argentina,570292155,"Martín Álvarez BA I",https://www.facebook.com/Woody.Blair,1
Cecilia,Barbosa,cecilia.barbosa.359@facebook.com,"03 de Abril",https://www.facebook.com/cecilia.barbosa.359,25,,"Ciudad Autónoma de Buenos Aires","Buenos Aires",Argentina,1314652070,"Mauro Napole",https://www.facebook.com/maurinapole,1
Pam,Arezzi,pam.arezzi@facebook.com,"03 de Abril",https://www.facebook.com/pam.arezzi,,,"Ciudad Autónoma de Buenos Aires","Buenos Aires",Argentina,100001510549570,"Nadia Denise",,1
Jessika,Alba,jessika.alba.5070@facebook.com,"03 de Abril",https://www.facebook.com/jessika.alba.5070,,,"Ciudad Autónoma de Buenos Aires","Buenos Aires",Argentina,1364476351,"Silvina Yanina Albornoz Garlepp",https://www.facebook.com/silvinayaninaalbornozgarl,1
Gugui,Muzzio,guguinho95@facebook.com,"03 de Abril",https://www.facebook.com/guguinho95,,,"Ciudad Autónoma de Buenos Aires","Buenos Aires",Argentina,554405369,"Valentino Fabre",https://www.facebook.com/valenfabre,1
Popa,Loca,popa.loca.7@facebook.com,"03 de Abril",https://www.facebook.com/popa.loca.7,,,"Ciudad Autónoma de Buenos Aires","Buenos Aires",Argentina,1036862731,"Barby Lanata",https://www.facebook.com/barby.lanata,1
Alejandro,Cordero,alejandro.cordero.5439087@facebook.com,"03 de Abril",https://www.facebook.com/alejandro.cordero.5439087,,,"Ciudad Autónoma de Buenos Aires","Buenos Aires",Argentina,100005568883920,"Cristian Fernandez Villamor",https://www.facebook.com/cristian.fernandezvillamo,1
Naaty,"Ramirez ?ï?",naaty.ramirez@facebook.com,"03 de Abril",https://www.facebook.com/naaty.ramirez,,,"Ciudad Autónoma de Buenos Aires","Buenos Aires",Argentina,100002616220469,"Gabi López",,1
Silvina,Taminato,silvinakis@facebook.com,"03 de Abril",https://www.facebook.com/silvinakis,27,,"Ciudad Autónoma de Buenos Aires","Buenos Aires",Argentina,1130504908,"Daniela Sevilla",,1
Ale,Masco,ale.masco@facebook.com,"03 de Abril",https://www.facebook.com/ale.masco,,,"Ciudad Autónoma de Buenos Aires","Buenos Aires",Argentina,1590863723,"Chivi Giler",https://www.facebook.com/chivigiler,1
"Gisela Lorena",Blasco,giselalorena.blasco@facebook.com,"03 de Abril",https://www.facebook.com/giselalorena.blasco,,,"Ciudad Autónoma de Buenos Aires","Buenos Aires",Argentina,100000240154980,"Gonzalo Rodriguez",https://www.facebook.com/gonza19rod,1
Eugenio,Ariel,eugenio.ariel.1@facebook.com,"03 de Abril",https://www.facebook.com/eugenio.ariel.1,,"Villa Devoto","Ciudad Autónoma de Buenos Aires","Buenos Aires",Argentina,1434154627,"Florencia Ferrari",https://www.facebook.com/florenciaferrari.1403,1
Jonathan,Posteraro,chonys10@facebook.com,"03 de Abril",https://www.facebook.com/chonys10,29,Boedo,"Ciudad Autónoma de Buenos Aires","Buenos Aires",Argentina,1071023712,"Florencia Ferrari",https://www.facebook.com/florenciaferrari.1403,1
Ludmila,Curi,ludmila.curi.1@facebook.com,"03 de Abril",https://www.facebook.com/ludmila.curi.1,28,,"Ciudad Autónoma de Buenos Aires","Buenos Aires",Argentina,622235639,"Federico Tonero",https://www.facebook.com/fedeton,1
Todos,Boca,boca.paratodos.75@facebook.com,"03 de Abril",https://www.facebook.com/boca.paratodos.75,27,"La Boca","Ciudad Autónoma de Buenos Aires","Buenos Aires",Argentina,100004182457930,"Martín Levy Rocca",https://www.facebook.com/TinchoVDP,1
Marcela,Calvento,marcela.calvento@facebook.com,"03 de Abril",https://www.facebook.com/marcela.calvento,,,"Ciudad Autónoma de Buenos Aires","Buenos Aires",Argentina,1283096849,"Flor Charró",https://www.facebook.com/florr.ch,1
Botitas,Raphaella,botitas.raphaella@facebook.com,"03 de Abril",https://www.facebook.com/botitas.raphaella,27,,"Ciudad Autónoma de Buenos Aires","Buenos Aires",Argentina,100002225275324,"Flor Scalise",https://www.facebook.com/flor.scalise,1
Lovenotwar,Accesorios,lovenotwar.accesorios@facebook.com,"03 de Abril",https://www.facebook.com/lovenotwar.accesorios,30,,"Ciudad Autónoma de Buenos Aires","Buenos Aires",Argentina,100001108357737,"Aline Vilches",,1
Guy,Bouquet,guy.bouquet@facebook.com,"03 de Abril",https://www.facebook.com/guy.bouquet,,,"Ciudad Autónoma de Buenos Aires","Buenos Aires",Argentina,1274476520,"Pia Bocchino",https://www.facebook.com/pia.bocchino,1
Udemm,Hockey,udemm.hockey@facebook.com,"03 de Abril",https://www.facebook.com/udemm.hockey,24,,"Ciudad Autónoma de Buenos Aires","Buenos Aires",Argentina,100004279122928,"Castro Marina",https://www.facebook.com/castro.marina,1
Guillo,Paladino,guillop1@facebook.com,"03 de Abril",https://www.facebook.com/guillop1,24,Recoleta,"Ciudad Autónoma de Buenos Aires","Buenos Aires",Argentina,835916911,"Mariana Sparks",,1
"Boca Yo","Te Amo",boca.juniors.yo.te.amo@facebook.com,"03 de Abril",https://www.facebook.com/boca.juniors.yo.te.amo,,,"Ciudad Autónoma de Buenos Aires","Buenos Aires",Argentina,100002005201380,"Silvia Fernandez",https://www.facebook.com/silviafernandezchivi,1
Agustín,Menéndez,cagustinmenendez@facebook.com,"03 de Abril",https://www.facebook.com/cagustinmenendez,,,"Ciudad Autónoma de Buenos Aires","Buenos Aires",Argentina,100000339174344,"Lucía Lopez Aleman",https://www.facebook.com/marialucialopezaleman,1
Abril,Jamardo,abriljamardo@facebook.com,"03 de Abril",https://www.facebook.com/abriljamardo,,,"Ciudad Autónoma de Buenos Aires","Buenos Aires",Argentina,1266647275,"Ariel Rivera",,1
Cariito,Navarro,cariitonavarro.cabj@facebook.com,"03 de Abril",https://www.facebook.com/cariitonavarro.cabj,21,Barracas,"Ciudad Autónoma de Buenos Aires","Buenos Aires",Argentina,1031573055,"Federico Carrizo",https://www.facebook.com/federicoc,1
Noah,Lanzani,thiagobedoyaguero@facebook.com,"03 de Abril",https://www.facebook.com/thiagobedoyaguero,23,,"Ciudad Autónoma de Buenos Aires","Buenos Aires",Argentina,100003629298230,"Agustin Sujo",https://www.facebook.com/agustin.sujook,1
"Benito Fernandez","Local Recoleta",benitofernandez.localrecoleta@facebook.com,"03 de Abril",https://www.facebook.com/benitofernandez.localrecoleta,,,"Ciudad Autónoma de Buenos Aires","Buenos Aires",Argentina,100003252275695,"Helena Robledo",,1
"Jonathan Roller",Valladares,jonathanroller.valladares@facebook.com,"03 de Abril",https://www.facebook.com/jonathanroller.valladares,25,,"Ciudad Autónoma de Buenos Aires","Buenos Aires",Argentina,1148086050,"Carolina Ataides Sena Barcelos",https://www.facebook.com/kkbarcellos,1
Dani,Morado,moradodani@facebook.com,"03 de Abril",https://www.facebook.com/moradodani,25,,"Ciudad Autónoma de Buenos Aires","Buenos Aires",Argentina,100001773993630,"Natascha Stern",https://www.facebook.com/natascha.stern,1
Guillos,Kitchen,guillos.kitchen@facebook.com,"03 de Abril",https://www.facebook.com/guillos.kitchen,,,"Ciudad Autónoma de Buenos Aires","Buenos Aires",Argentina,100002230268108,"Luciana Grisolia",https://www.facebook.com/lulagri,1
RoXy,White,roxy.dark@facebook.com,"03 de Abril",https://www.facebook.com/roxy.dark,,,"Ciudad Autónoma de Buenos Aires","Buenos Aires",Argentina,1601302751,"Jobs Bar",https://www.facebook.com/jobsbar,1
Juan,Bonifacio,juan.man323234@facebook.com,"03 de Abril",https://www.facebook.com/juan.man323234,,,"Ciudad Autónoma de Buenos Aires","Buenos Aires",Argentina,824205222,"Valeria Ayala",,1
Maxi,Ramos,maxi.j.ramos@facebook.com,"03 de Abril",https://www.facebook.com/maxi.j.ramos,27,,"Ciudad Autónoma de Buenos Aires","Buenos Aires",Argentina,1448481455,"Babi Linares",https://www.facebook.com/babi.linares,1
Lucas,Villegas,lucas.m.villegas@facebook.com,"03 de Abril",https://www.facebook.com/lucas.m.villegas,,,"Ciudad Autónoma de Buenos Aires","Buenos Aires",Argentina,1059411438,"Lali Carreras",https://www.facebook.com/lali.carreras,1
Hernan,Lacroix,hernan.g.lacroix@facebook.com,"03 de Abril",https://www.facebook.com/hernan.g.lacroix,,,"Ciudad Autónoma de Buenos Aires","Buenos Aires",Argentina,623030695,"Jazmín Abud",https://www.facebook.com/jazmin.abud,1
Fedee,Emmanuel,fede.fr@facebook.com,"03 de Abril",https://www.facebook.com/fede.fr,,,"Ciudad Autónoma de Buenos Aires","Buenos Aires",Argentina,1000063112,"Jorge Biamonte",https://www.facebook.com/georgebiamonteok,1
Dafu,Weintraub,dafu.weintraub@facebook.com,"03 de Abril",https://www.facebook.com/dafu.weintraub,24,,"Ciudad Autónoma de Buenos Aires","Buenos Aires",Argentina,503950388,"Melanie Azar",,1
Ugg,Argentina,uggargentina@facebook.com,"03 de Abril",https://www.facebook.com/UGGARGENTINA,30,Flores,"Ciudad Autónoma de Buenos Aires","Buenos Aires",Argentina,100002245099932,"Maru Mastro",https://www.facebook.com/marielita,1
"Pedro Pablo",Vega,pedropablo.vega.5@facebook.com,"03 de Abril",https://www.facebook.com/pedropablo.vega.5,25,,"Ciudad Autónoma de Buenos Aires","Buenos Aires",Argentina,1007344427,"Helena Robledo",,1
Facuu,Carrano,facu.ocallaghan@facebook.com,"03 de Abril",https://www.facebook.com/facu.ocallaghan,22,Congreso,"Ciudad Autónoma de Buenos Aires","Distrito Federal",Argentina,1550979708,"Ale Arias Mandarine Park",,1
Martin,Cogorno,martin.cogorno@facebook.com,"03 de Abril",https://www.facebook.com/martin.cogorno,,,"Ciudad Autónoma de Buenos Aires","Buenos Aires",Argentina,1267644811,"Chechu Acea",,1
Ezemiel,David,litospirosis@facebook.com,"03 de Abril",https://www.facebook.com/litospirosis,27,Núñez,"Ciudad Autónoma de Buenos Aires","Buenos Aires",Argentina,732914126,"Gonzalo Bussetti",https://www.facebook.com/gonzalo.bussetti,1
AgusTina,"Toledo Viejoface",agustina.toledo.940@facebook.com,"03 de Abril",https://www.facebook.com/agustina.toledo.940,23,,"Ciudad Autónoma de Buenos Aires","Buenos Aires",Argentina,1435216515,"Vanina Lopez Baroni",https://www.facebook.com/vaninalb,1
Ezequiel,Corti,zcorti@facebook.com,"03 de Abril",https://www.facebook.com/zcorti,25,,"Ciudad Autónoma de Buenos Aires","Buenos Aires",Argentina,100000331054441,"Carli Pellizzaro",https://www.facebook.com/Carlii,1
Jony,Studnik,jony.studnik@facebook.com,"03 de Abril",https://www.facebook.com/jony.studnik,21,,"Ciudad Autónoma de Buenos Aires","Buenos Aires",Argentina,1164454626,"Eve Schiera",,1
Martín,Yeh,tommy.yeh.37@facebook.com,"03 de Abril",https://www.facebook.com/tommy.yeh.37,,,"Ciudad Autónoma de Buenos Aires","Buenos Aires",Argentina,100000623598489,"Yasu Higa",,1
Pame,Flores,pame.floresm@facebook.com,"03 de Abril",https://www.facebook.com/pame.floresm,,,"Ciudad Autónoma de Buenos Aires","Buenos Aires",Argentina,659545531,"Maureen Burton",,1
Dalila,Tudesco,dalila.tudesco@facebook.com,"03 de Abril",https://www.facebook.com/dalila.tudesco,24,,"Ciudad Autónoma de Buenos Aires","Buenos Aires",Argentina,1316478100,"Guido Moncayo",https://www.facebook.com/guido.moncayo,1
Agustína,Gutierrez,agustina.gutierrez@facebook.com,"03 de Abril",https://www.facebook.com/agustina.gutierrez,,,"Ciudad Autónoma de Buenos Aires","Buenos Aires",Argentina,1166156221,"Daiana Soledad Pintos",https://www.facebook.com/Sheena.is,1
Catalina,Dubinina,catalina.dubinina@facebook.com,"03 de Abril",https://www.facebook.com/catalina.dubinina,,"Buenos Aires","Buenos Aires","Buenos Aires",Argentina,695918304,"Charly Ruez",0,1
Boca,"De Mi Vida",boca.demivida.716970@facebook.com,"03 de Abril",https://www.facebook.com/boca.demivida.716970,,"La Boca","Ciudad Autónoma de Buenos Aires","Buenos Aires",Argentina,100007187795641,"Silvia Fernandez",https://www.facebook.com/silviafernandezchivi,1
Leandro,Vaillard,leandro.vaillard@facebook.com,"03 de Abril",https://www.facebook.com/leandro.vaillard,30,,"Ciudad Autónoma de Buenos Aires","Buenos Aires",Argentina,744565102,"Pato Pagano",https://www.facebook.com/pato.p111,1
Leandro,Avalos,leandro.avalos.50@facebook.com,"03 de Abril",https://www.facebook.com/leandro.avalos.50,28,,"Ciudad Autónoma de Buenos Aires","Buenos Aires",Argentina,1013977190,"Juan Antonio Papagni Meca",https://www.facebook.com/juanantoniopapagnimeca,1
Nadia,Soraya,nadia.soraya@facebook.com,"03 de Abril",https://www.facebook.com/nadia.soraya,28,,"Ciudad Autónoma de Buenos Aires","Buenos Aires",Argentina,768327420,"Charly Ruez",https://www.facebook.com/charly.ruez,1
Eduardo,Llauradó,eduardo.llaurado.16@facebook.com,"03 de Abril",https://www.facebook.com/eduardo.llaurado.16,28,,"Ciudad Autónoma de Buenos Aires","Buenos Aires",Argentina,100004220373991,"Ana María Mesones",https://www.facebook.com/ana.mesones,1
"A Nadia",Dimena,anadia.dimena@facebook.com,"03 de Abril",https://www.facebook.com/anadia.dimena,,,"Ciudad Autónoma de Buenos Aires","Buenos Aires",Argentina,100001535278034,"Irma Mercedes Palma",,1
Nadia,Ortiz,nadia.ortiz.718@facebook.com,"03 de Abril",https://www.facebook.com/nadia.ortiz.718,,,"Ciudad Autónoma de Buenos Aires","Buenos Aires",Argentina,1111212128,"Romy Gutierrez Jaime",https://www.facebook.com/romygutierrezjaime,1
Fox,Cassina,foxguidocassina@facebook.com,"03 de Abril",https://www.facebook.com/foxguidocassina,,,"Ciudad Autónoma de Buenos Aires","Buenos Aires",Argentina,1366852541,"Daiana Solange Labat",https://www.facebook.com/Daichilandia,1
Tostadora,Moderna,tostadoramoderna@facebook.com,"03 de Abril",https://www.facebook.com/tostadoramoderna,,,"Ciudad Autónoma de Buenos Aires","Buenos Aires",Argentina,100000095216760,"Miqui Berriòs",https://www.facebook.com/miqui.berrios,1
Martin,Biglieri,lacule@facebook.com,"03 de Abril",https://www.facebook.com/lacule,28,,"Ciudad Autónoma de Buenos Aires","Buenos Aires",Argentina,1126510809,"Evangelina Dinatale de Biglieri",https://www.facebook.com/evangelina.dinataledebigl,1
Geronimo,Stornini,geronimo.stornini@facebook.com,"03 de Abril",https://www.facebook.com/geronimo.stornini,25,"Buenos Aires","Buenos Aires","Buenos Aires",Argentina,1015790516,"Patrick Fernando Kushner L",0,1
Carolina,Quispe,carolina.quispe.18@facebook.com,"03 de Abril",https://www.facebook.com/carolina.quispe.18,24,,"Ciudad Autónoma de Buenos Aires","Buenos Aires",Argentina,1574431307,"Ayu Casanova",,1
Majo,Aguilera,majo.r.aguilera@facebook.com,"03 de Abril",https://www.facebook.com/majo.r.aguilera,30,,"Ciudad Autónoma de Buenos Aires","Buenos Aires",Argentina,100002656990596,"Natalia Rosensvaich",https://www.facebook.com/Rochen,1
Guido,Podestá,guido.podesta@facebook.com,"03 de Abril",https://www.facebook.com/guido.podesta,,,"Ciudad Autónoma de Buenos Aires","Buenos Aires",Argentina,1445712653,"Pia Bocchino",https://www.facebook.com/pia.bocchino,1
"Alexis Damian",Sirio,alexisdamian.sirio@facebook.com,"03 de Abril",https://www.facebook.com/alexisdamian.sirio,24,,"Ciudad Autónoma de Buenos Aires","Buenos Aires",Argentina,1470897358,"Facu Denegri",,1
Brenda,Menta,brenda.menta@facebook.com,"03 de Abril",https://www.facebook.com/brenda.menta,,,"Ciudad Autónoma de Buenos Aires","Buenos Aires",Argentina,100000079208148,"Juli Sremac",https://www.facebook.com/juli.sremac,1
Agush,Arguello,agush.arguello.9@facebook.com,"03 de Abril",https://www.facebook.com/agush.arguello.9,28,,"Ciudad Autónoma de Buenos Aires","Buenos Aires",Argentina,100002697505262,"Tatiana Petroccelli",https://www.facebook.com/tanshanita,1
Fernando,Acuña,fernando.acuna.792@facebook.com,"03 de Abril",https://www.facebook.com/fernando.acuna.792,24,,"Ciudad Autónoma de Buenos Aires","Buenos Aires",Argentina,100001083669909,"Romina Toller",,1
Barneta,BsAs,priateliabav@facebook.com,"03 de Abril",https://www.facebook.com/priateliabav,24,,"Ciudad Autónoma de Buenos Aires","Buenos Aires",Argentina,100001085453594,"Romina Toller",,1
Leonel,Tchukran,leonel.tchukran@facebook.com,"03 de Abril",https://www.facebook.com/leonel.tchukran,25,,"Ciudad Autónoma de Buenos Aires","Buenos Aires",Argentina,1370175253,"Michelle Fingeret",https://www.facebook.com/michelle.fingeret,1
Multimarcas,Lily,importados.lily@facebook.com,"03 de Abril",https://www.facebook.com/importados.lily,,,"Ciudad Autónoma de Buenos Aires","Buenos Aires",Argentina,100001461910579,"Miqui Berriòs",https://www.facebook.com/miqui.berrios,1
CA,Juniors,cabjreydecopas@facebook.com,"03 de Abril",https://www.facebook.com/CabjReydeCopas,,,"Ciudad Autónoma de Buenos Aires","Buenos Aires",Argentina,100002433198357,"Silvia Fernandez",https://www.facebook.com/silviafernandezchivi,1
Maira,Busso,maira.busso@facebook.com,"03 de Abril",https://www.facebook.com/maira.busso,,,"Ciudad Autónoma de Buenos Aires","Buenos Aires",Argentina,1146357788,"Piltra Toller",https://www.facebook.com/piltra,1
"Rubi Anais","Medina Correa",rubicitaz@facebook.com,"03 de Abril",https://www.facebook.com/Rubicitaz,,,"Ciudad Autónoma de Buenos Aires","Buenos Aires",Argentina,100000783971458,"Ruben Pacora",https://www.facebook.com/ruben.pacora,1
Federico,Piasentini,federico.piasentini.315@facebook.com,"03 de Abril",https://www.facebook.com/federico.piasentini.315,21,,"Ciudad Autónoma de Buenos Aires","Buenos Aires",Argentina,100006777517948,"Pala Falguera",,1
Yan,Mosso,yan.mosso@facebook.com,"03 de Abril",https://www.facebook.com/yan.mosso,28,"Villa Del Parque","Ciudad Autónoma de Buenos Aires","Buenos Aires",Argentina,100001021127729,"Macarena Alonso Dumón",https://www.facebook.com/macarenaad,1
Turco,Alejandro,turco.travelrock@facebook.com,"03 de Abril",https://www.facebook.com/turco.travelrock,,,"Ciudad Autónoma de Buenos Aires","Buenos Aires",Argentina,1761842064,"Martín Álvarez BA I",https://www.facebook.com/Woody.Blair,1
Edu,Copado,edu.copado@facebook.com,"03 de Abril",https://www.facebook.com/edu.copado,,,"Ciudad Autónoma de Buenos Aires","Buenos Aires",Argentina,100002308059615,"Franco Marcoccia",https://www.facebook.com/franco.marcoccia,1
Jonathan,Jony,jonathan.jony.9081@facebook.com,"04 de Abril",https://www.facebook.com/jonathan.jony.9081,30,,"Ciudad Autónoma de Buenos Aires","Buenos Aires",Argentina,100002549571093,"Sol Policastro",https://www.facebook.com/solangeforever,1
Calu,Deco,calu.deco@facebook.com,"04 de Abril",https://www.facebook.com/calu.deco,30,,"Ciudad Autónoma de Buenos Aires","Buenos Aires",Argentina,100008160000605,"Fona Romeo",https://www.facebook.com/fona.romeo,1
Aye,Len,ayelen.goldberg@facebook.com,"04 de Abril",https://www.facebook.com/ayelen.goldberg,25,"Villa Del Parque","Ciudad Autónoma de Buenos Aires","Buenos Aires",Argentina,1021880129,"Melina Piovano",https://www.facebook.com/melipiovano,1
Vero,Gerez,vero.gerez.9@facebook.com,"04 de Abril",https://www.facebook.com/vero.gerez.9,24,,"Ciudad Autónoma de Buenos Aires","Buenos Aires",Argentina,1140536727,"Nahu Millicay Pereyra",https://www.facebook.com/nahumilli,1
Chofa,Huarte,sofia.huarte@facebook.com,"04 de Abril",https://www.facebook.com/sofia.huarte,22,,"Ciudad Autónoma de Buenos Aires","Buenos Aires",Argentina,1271440895,"M Agustina Ciarla Quintana",https://www.facebook.com/magustina.quintana,1
Sol,Gonzales,sol.gonzales.1804@facebook.com,"04 de Abril",https://www.facebook.com/sol.gonzales.1804,,,"Ciudad Autónoma de Buenos Aires","Buenos Aires",Argentina,100003307930455,"Pedro Lopezyfernandez",https://www.facebook.com/pedronahuel,1
Facundo,Nicolas,facundonicolas.veralopez@facebook.com,"04 de Abril",https://www.facebook.com/facundonicolas.veralopez,24,,"Ciudad Autónoma de Buenos Aires","Buenos Aires",Argentina,100000111353768,"Anna Laura",https://www.facebook.com/Anna.Laucha,1
Abril,Schefer,api.schefer.2@facebook.com,"04 de Abril",https://www.facebook.com/Api.schefer.2,,,"Ciudad Autónoma de Buenos Aires","Buenos Aires",Argentina,100003079500036,"Julian Pagana",,1
Tout,Revient,tout.revient.9@facebook.com,"04 de Abril",https://www.facebook.com/tout.revient.9,25,,"Ciudad Autónoma de Buenos Aires","Buenos Aires",Argentina,100001478793901,"Anto D'Amato",https://www.facebook.com/anto.dama,1
Candela,Reitano,candela.reitano.5@facebook.com,"04 de Abril",https://www.facebook.com/candela.reitano.5,,,"Ciudad Autónoma de Buenos Aires","Buenos Aires",Argentina,1508743839,"Ian Szejner",,1
Laly,Lauu,laura.berg.1804@facebook.com,"04 de Abril",https://www.facebook.com/laura.berg.1804,,,"Ciudad Autónoma de Buenos Aires","Buenos Aires",Argentina,100000673911552,"Vanesa Macias",https://www.facebook.com/vanesa.macias1,1
Agustín,Conforti,agustin.conforti.1@facebook.com,"04 de Abril",https://www.facebook.com/agustin.conforti.1,,,"Ciudad Autónoma de Buenos Aires","Buenos Aires",Argentina,100000295563023,"Maria Pia Perez Brea",,1
Nachu,Gorelik,nachu.gorelik@facebook.com,"04 de Abril",https://www.facebook.com/nachu.gorelik,22,,"Ciudad Autónoma de Buenos Aires","Buenos Aires",Argentina,1294912143,"Ivan Lisz",,1
Señales,"De Humor Stand Up",senales.dehumor@facebook.com,"04 de Abril",https://www.facebook.com/senales.dehumor,23,,"Ciudad Autónoma de Buenos Aires","Buenos Aires",Argentina,100000490837978,"Carla Ferro",https://www.facebook.com/carla.ferro,1
Vanesa,DB,vanesa.delbarrio.58@facebook.com,"04 de Abril",https://www.facebook.com/vanesa.delbarrio.58,30,,"Ciudad Autónoma de Buenos Aires","Buenos Aires",Argentina,558129278,"Mariana Sparks",,1
"Viuda E",Hijas,viudae.hijas@facebook.com,"04 de Abril",https://www.facebook.com/viudae.hijas,28,,"Ciudad Autónoma de Buenos Aires","Buenos Aires",Argentina,100000687308588,"Jessica Bellomo",https://www.facebook.com/JessBellomo,1
Yaki,"la Mejor",graciela.graz@facebook.com,"04 de Abril",https://www.facebook.com/graciela.graz,23,,"Ciudad Autónoma de Buenos Aires","Buenos Aires",Argentina,100003492850720,"Pedro Lopezyfernandez",https://www.facebook.com/pedronahuel,1
Sabrina,Bernal,sabrina.n.bernal@facebook.com,"04 de Abril",https://www.facebook.com/sabrina.n.bernal,25,,"Ciudad Autónoma de Buenos Aires","Buenos Aires",Argentina,536923190,"Fátima Belén Zárate",,1
"Debora Fernanda",Gonzalez,deborafernanda.gonzalez@facebook.com,"04 de Abril",https://www.facebook.com/deborafernanda.gonzalez,28,Recoleta,"Ciudad Autónoma de Buenos Aires","Buenos Aires",Argentina,596303535,"Pato Pagano",https://www.facebook.com/pato.p111,1
Cristian,Avila,cristian.avila.5249@facebook.com,"04 de Abril",https://www.facebook.com/cristian.avila.5249,27,,"Ciudad Autónoma de Buenos Aires","Buenos Aires",Argentina,588318880,"Braii Venieri",https://www.facebook.com/BraianVenieri,1
Fabricio,Sanchez,fabrosanchez@facebook.com,"04 de Abril",https://www.facebook.com/fabrosanchez,26,,"Ciudad Autónoma de Buenos Aires","Buenos Aires",Argentina,100000603901905,"La Rockeria",https://www.facebook.com/oveja1,1
"Mvr Ropa",Importada,mvrropa.importada@facebook.com,"04 de Abril",https://www.facebook.com/mvrropa.importada,30,,"Ciudad Autónoma de Buenos Aires","Buenos Aires",Argentina,100001037699178,"Marilina Lagomarsino",https://www.facebook.com/marilina.lagomarsino,1
Leandro,Colangelo,leandro.colangelo@facebook.com,"04 de Abril",https://www.facebook.com/leandro.colangelo,28,,"Ciudad Autónoma de Buenos Aires","Buenos Aires",Argentina,507854534,"Pablo Dandrea",https://www.facebook.com/pablo.dandrea,1
Cin,Cotelli,cin.cotelli@facebook.com,"04 de Abril",https://www.facebook.com/cin.cotelli,28,"Parque Chacabuco","Ciudad Autónoma de Buenos Aires","Buenos Aires",Argentina,100001598254644,"Vanesa Myrna Ojeda",,1
Mariano,Carrasco,mariano.carrasco.10@facebook.com,"04 de Abril",https://www.facebook.com/mariano.carrasco.10,30,,"Ciudad Autónoma de Buenos Aires","Buenos Aires",Argentina,665948129,"Gimena Yamila Yerden Giaquinto",https://www.facebook.com/Gimetrance,1
Julieta,Rios,profile.965@facebook.com,"04 de Abril",https://www.facebook.com/profile.965,,,"Ciudad Autónoma de Buenos Aires","Buenos Aires",Argentina,100005242124279,"Ivan Lisz",,1
Roberto,Martinez,robertoramiromartinez@facebook.com,"04 de Abril",https://www.facebook.com/robertoramiromartinez,22,,"Ciudad Autónoma de Buenos Aires","Buenos Aires",Argentina,100007373082968,"Jobs Bar",https://www.facebook.com/jobsbar,1
P-equipe,Pilates,pequipe.pilates@facebook.com,"04 de Abril",https://www.facebook.com/pequipe.pilates,,,"Ciudad Autónoma de Buenos Aires","Buenos Aires",Argentina,100001330021876,"Carla Ferro",https://www.facebook.com/carla.ferro,1
Florencia,Lemos,derochialcoba@facebook.com,"04 de Abril",https://www.facebook.com/derochialcoba,,,"Ciudad Autónoma de Buenos Aires","Buenos Aires",Argentina,538001672,"Jochuu Rodriguez Linck",https://www.facebook.com/jochuu.rodriguezlinck,1
Milly,Aguirre,milly.aguirre.5@facebook.com,"04 de Abril",https://www.facebook.com/milly.aguirre.5,21,,"Ciudad Autónoma de Buenos Aires","Buenos Aires",Argentina,100000899835606,"Divino Vestuario Salve",https://www.facebook.com/salvedivinovestuario,1
Cristian,Fuertes,cristian.fuertes.3@facebook.com,"04 de Abril",https://www.facebook.com/cristian.fuertes.3,22,,"Ciudad Autónoma de Buenos Aires","Buenos Aires",Argentina,1227112979,"Pia Bocchino",https://www.facebook.com/pia.bocchino,1
Agus,"de Plm",agustin.romero.92317@facebook.com,"04 de Abril",https://www.facebook.com/agustin.romero.92317,24,,"Ciudad Autónoma de Buenos Aires","Buenos Aires",Argentina,100001521009885,"Atilio Fernandez",,1
Umai,Umaisushi,umai.umaisushi.7@facebook.com,"04 de Abril",https://www.facebook.com/umai.umaisushi.7,24,,"Ciudad Autónoma de Buenos Aires","Buenos Aires",Argentina,100005224023535,"María Paz Short",https://www.facebook.com/paz.short,1
Belu,Prieto,belu.prieto.3@facebook.com,"04 de Abril",https://www.facebook.com/belu.prieto.3,,,"Ciudad Autónoma de Buenos Aires","Buenos Aires",Argentina,1373423866,"Sol Bettoni",,1
Rama,Gareñani,rama.gare@facebook.com,"04 de Abril",https://www.facebook.com/rama.gare,,,"Ciudad Autónoma de Buenos Aires","Buenos Aires",Argentina,1453274503,"Agustina Pelle Müller",,1
Matias,Pozzi,matias.pozzi.3950@facebook.com,"04 de Abril",https://www.facebook.com/matias.pozzi.3950,,,"Ciudad Autónoma de Buenos Aires","Buenos Aires",Argentina,100001570603162,"Agus Sugus",https://www.facebook.com/asugus1,1
Gaby,Wajnerman,gaby.wajnerman@facebook.com,"04 de Abril",https://www.facebook.com/gaby.wajnerman,29,,"Ciudad Autónoma de Buenos Aires","Buenos Aires",Argentina,709885504,"Sabri Bértolo",,1
Luz,Mirkin,luuuuuuuuuuuuuuuuuuuli@facebook.com,"04 de Abril",https://www.facebook.com/Luuuuuuuuuuuuuuuuuuuli,,,"Ciudad Autónoma de Buenos Aires","Buenos Aires",Argentina,100002214250132,"Brian Cano",,1
Sheril,Mistral,sheril.mistral.9@facebook.com,"04 de Abril",https://www.facebook.com/sheril.mistral.9,25,,"Ciudad Autónoma de Buenos Aires","Buenos Aires",Argentina,100007853228411,"Noelia Juskiewicz",https://www.facebook.com/noelia.juskiewicz,1
Luciana,Breide,luciana.breide@facebook.com,"04 de Abril",https://www.facebook.com/luciana.breide,27,,"Ciudad Autónoma de Buenos Aires","Buenos Aires",Argentina,779266384,"Joni Aires",https://www.facebook.com/joniaires,1
Delvi,Gramaglia,delvi.gk@facebook.com,"04 de Abril",https://www.facebook.com/delvi.gk,23,,"Ciudad Autónoma de Buenos Aires","Buenos Aires",Argentina,1559229915,"Nicolas Baumann",https://www.facebook.com/redcarpetpalermo,1
Belu,Ledesma,belu.ledesma.50@facebook.com,"04 de Abril",https://www.facebook.com/belu.ledesma.50,25,,"Ciudad Autónoma de Buenos Aires","Buenos Aires",Argentina,1192856344,"Valentino Fabre",https://www.facebook.com/valenfabre,1
Luis,Madrid,luismadridalberto@facebook.com,"04 de Abril",https://www.facebook.com/luismadridalberto,24,,"Ciudad Autónoma de Buenos Aires","Buenos Aires",Argentina,1379948995,"Yanel Block",https://www.facebook.com/yanel.bllock,1
HouseCinema,"Escuela Cinematográfica",housecinema@facebook.com,"04 de Abril",https://www.facebook.com/housecinema,,,"Ciudad Autónoma de Buenos Aires","Buenos Aires",Argentina,100001239650989,"Yanina Battiato",,1
Footprintlatent,Csi,investigadores.asesores.colombia@facebook.com,"04 de Abril",https://www.facebook.com/investigadores.asesores.colombia,28,,"Ciudad Autónoma de Buenos Aires","Buenos Aires",Argentina,100000117237782,"Carla Ferro",https://www.facebook.com/carla.ferro,1
Brenda,Kronemberger,brenda.kronemberger.1@facebook.com,"04 de Abril",https://www.facebook.com/brenda.kronemberger.1,21,,"Ciudad Autónoma de Buenos Aires","Buenos Aires",Argentina,1283807509,"Jonathan Julian",,1
Christian,Balbi,cebmetal@facebook.com,"04 de Abril",https://www.facebook.com/cebmetal,29,,"Ciudad Autónoma de Buenos Aires","Buenos Aires",Argentina,739217277,"Jessica Bellomo",https://www.facebook.com/JessBellomo,1
Agustina,Zani,agustina.zani@facebook.com,"04 de Abril",https://www.facebook.com/agustina.zani,,,"Ciudad Autónoma de Buenos Aires","Buenos Aires",Argentina,1179965422,"Christian Douer Chuky",https://www.facebook.com/christian.chuky,1
William,Estrada,william.estrada.357@facebook.com,"04 de Abril",https://www.facebook.com/william.estrada.357,,,"Ciudad Autónoma de Buenos Aires","Buenos Aires",Argentina,1075992946,"Vicky Diaz",,1
Damii,Roa,damii.roa@facebook.com,"04 de Abril",https://www.facebook.com/damii.roa,,,"Ciudad Autónoma de Buenos Aires","Buenos Aires",Argentina,100001993108458,"Rodrii Martinez",,1
Camisas,"La Cadière",sixcumple@facebook.com,"04 de Abril",https://www.facebook.com/sixcumple,,,"Ciudad Autónoma de Buenos Aires","Buenos Aires",Argentina,1015192381,"Emiliano Pirolo",https://www.facebook.com/emi.pirolo,1
Ro,Borgese,defghjkagregame@facebook.com,"04 de Abril",https://www.facebook.com/defghjkagregame,,,"Ciudad Autónoma de Buenos Aires","Buenos Aires",Argentina,1263755867,"Mariana Graña",,1
Chino,Bozi,chinomandarine@facebook.com,"04 de Abril",https://www.facebook.com/chinomandarine,27,,"Ciudad Autónoma de Buenos Aires","Buenos Aires",Argentina,100003551532164,"Ale Abd",https://www.facebook.com/alejandra.abdala,1
LetandMor,Tejidos,letandmortejidos@facebook.com,"04 de Abril",https://www.facebook.com/letandmortejidos,27,,"Ciudad Autónoma de Buenos Aires","Buenos Aires",Argentina,100003626557355,"Ale Abd",https://www.facebook.com/alejandra.abdala,1
Sebastian,Simone,sebastian.simone.184@facebook.com,"04 de Abril",https://www.facebook.com/sebastian.simone.184,24,,"Ciudad Autónoma de Buenos Aires","Buenos Aires",Argentina,100000936244860,"Emiliano Pirolo",https://www.facebook.com/emi.pirolo,1
Elnachh,Agustin,elnachh.agustin@facebook.com,"04 de Abril",https://www.facebook.com/elnachh.agustin,,,"Ciudad Autónoma de Buenos Aires","Buenos Aires",Argentina,1468770911,"Nadia Denise",,1
Ju,Etchepare,julia.etchepare.92@facebook.com,"04 de Abril",https://www.facebook.com/julia.etchepare.92,,"Buenos Aires","Buenos Aires","Buenos Aires",Argentina,100000786486163,"Martu Lehmann",0,1
Ignacio,Uriburu,ignacio.uriburu.9@facebook.com,"04 de Abril",https://www.facebook.com/ignacio.uriburu.9,29,,"Ciudad Autónoma de Buenos Aires","Buenos Aires",Argentina,896900056,"Andrea Flijer",https://www.facebook.com/andrea.flijer,1
Ely,Ceci,ely.ceci.1@facebook.com,"04 de Abril",https://www.facebook.com/ely.ceci.1,28,,"Ciudad Autónoma de Buenos Aires","Buenos Aires",Argentina,1387686583,"Tatiana Petroccelli",https://www.facebook.com/tanshanita,1
Andres,Caporusso,andres.caporusso.5@facebook.com,"04 de Abril",https://www.facebook.com/andres.caporusso.5,25,,"Ciudad Autónoma de Buenos Aires","Buenos Aires",Argentina,667664684,"Micaa Villa",https://www.facebook.com/MicaaElaVilla,1
Carlos,Candia,carlos.candia.908@facebook.com,"04 de Abril",https://www.facebook.com/carlos.candia.908,27,"Buenos Aires","Buenos Aires","Buenos Aires",Argentina,100002139695609,"Fett Maidana",0,1
Matias,Troche,matias.elian.troche@facebook.com,"04 de Abril",https://www.facebook.com/matias.elian.troche,24,,"Ciudad Autónoma de Buenos Aires","Buenos Aires",Argentina,100000979066588,"Jessica Bellomo",https://www.facebook.com/JessBellomo,1
Lautaro,Silva,lautaro.silva2@facebook.com,"04 de Abril",https://www.facebook.com/lautaro.silva2,,,"Ciudad Autónoma de Buenos Aires","Buenos Aires",Argentina,1187599997,"Juan Clemente",,1
Cynn,Ni,cynn.ni@facebook.com,"05 de Abril",https://www.facebook.com/cynn.ni,,"Villa Pueyrredón","Ciudad Autónoma de Buenos Aires","Distrito Federal",Argentina,830858849,"Cami Weng",,1
Minimal,Led,minimalled@facebook.com,"05 de Abril",https://www.facebook.com/minimalled,,,"Ciudad Autónoma de Buenos Aires","Buenos Aires",Argentina,100002789343178,"Charly de la Iglesia",,1
Julian,Pellozo,julian.pellozo@facebook.com,"05 de Abril",https://www.facebook.com/julian.pellozo,27,Flores,"Ciudad Autónoma de Buenos Aires","Buenos Aires",Argentina,1059760372,"Julio Bittancourt",https://www.facebook.com/jbittancourt,1
Nadia,Rodriguez,nachiiirodriguez@facebook.com,"05 de Abril",https://www.facebook.com/NachiiiRodriguez,21,,"Ciudad Autónoma de Buenos Aires","Buenos Aires",Argentina,1170017292,"Kati Mosich",https://www.facebook.com/kati.mosich,1
Paula,Calviello,paula.calviello.3@facebook.com,"05 de Abril",https://www.facebook.com/paula.calviello.3,29,Liniers,"Ciudad Autónoma de Buenos Aires","Buenos Aires",Argentina,1321001292,"Nahu Millicay Pereyra",https://www.facebook.com/nahumilli,1
Calu,Rivero,riverocalureal@facebook.com,"05 de Abril",https://www.facebook.com/riverocalureal,,,"Ciudad Autónoma de Buenos Aires","Buenos Aires",Argentina,100002625833965,"Flor Scalise",https://www.facebook.com/flor.scalise,1
Rochy,Baez,rochy.baez@facebook.com,"05 de Abril",https://www.facebook.com/rochy.baez,,,"Ciudad Autónoma de Buenos Aires","Buenos Aires",Argentina,1479158542,"Miranda Toderi",https://www.facebook.com/miranda.toderi,1
Mika,Fabregas,mikafabregas@facebook.com,"05 de Abril",https://www.facebook.com/MikaFabregas,,,"Ciudad Autónoma de Buenos Aires","Buenos Aires",Argentina,1108887921,"Agustina Pelle Müller",,1
Paula,Barreiro,paula.barreiro@facebook.com,"05 de Abril",https://www.facebook.com/paula.barreiro,,,"Ciudad Autónoma de Buenos Aires","Buenos Aires",Argentina,1368316642,"Flor Botana",,1
Prince,"Sin Corona",cosasdm@facebook.com,"05 de Abril",https://www.facebook.com/cosasdm,27,,"Ciudad Autónoma de Buenos Aires","Buenos Aires",Argentina,100002588751962,"Barby Suarez",https://www.facebook.com/barby1522,1
"Maria Gala",Pereyro,mariagala.pereyro@facebook.com,"05 de Abril",https://www.facebook.com/mariagala.pereyro,,"Buenos Aires","Buenos Aires","Buenos Aires",Argentina,100002120571606,"Luciana Paione Oleszuk",0,1
Martin,Sciallo,martin.sciallo@facebook.com,"05 de Abril",https://www.facebook.com/martin.sciallo,28,,"Ciudad Autónoma de Buenos Aires","Buenos Aires",Argentina,1018690261,"Lo Lola",,1
Productos,Importados,productos.importados.9@facebook.com,"05 de Abril",https://www.facebook.com/productos.importados.9,25,,"Ciudad Autónoma de Buenos Aires","Buenos Aires",Argentina,100003046699841,"Franco Marcoccia",https://www.facebook.com/franco.marcoccia,1
Mati,Cohen,matti.cavs@facebook.com,"05 de Abril",https://www.facebook.com/matti.cavs,,,"Ciudad Autónoma de Buenos Aires","Buenos Aires",Argentina,100001823861694,"Nicolás García",https://www.facebook.com/Niccccccccco,1
Vale,Sharman,vale.sharman@facebook.com,"05 de Abril",https://www.facebook.com/vale.sharman,26,,"Ciudad Autónoma de Buenos Aires","Buenos Aires",Argentina,1163049428,"Tomas Ini",,1
Projekta,Tienda,projekta.deux@facebook.com,"05 de Abril",https://www.facebook.com/projekta.deux,27,,"Ciudad Autónoma de Buenos Aires","Buenos Aires",Argentina,100003162941866,"Antonela Monachesi",https://www.facebook.com/anto.monachesi,1
Claudia,Azcurra,claudia.azcurra.129@facebook.com,"05 de Abril",https://www.facebook.com/claudia.azcurra.129,,,"Ciudad Autónoma de Buenos Aires","Buenos Aires",Argentina,100000371919649,"Valeria Mansilla",https://www.facebook.com/valitus,1
Conni,Mancilla,conni.deortuuzar@facebook.com,"05 de Abril",https://www.facebook.com/conni.deortuuzar,,"Villa Ortúzar","Ciudad Autónoma de Buenos Aires","Distrito Federal",Argentina,1612432447,"Fátima Belén Zárate",,1
Gabriel,"Vanerio Videla",gabrielandres.vaneriovidela@facebook.com,"05 de Abril",https://www.facebook.com/gabrielandres.vaneriovidela,,"Buenos Aires","Buenos Aires","Buenos Aires",Argentina,1132449229,"Peter GC",0,1
Calu,Rivero,calu.rivero.583@facebook.com,"05 de Abril",https://www.facebook.com/calu.rivero.583,,,"Ciudad Autónoma de Buenos Aires","Buenos Aires",Argentina,100000932353889,"Antonela Monachesi",https://www.facebook.com/anto.monachesi,1
Rebeca,Jimenez,rebeca.jimenez.16@facebook.com,"05 de Abril",https://www.facebook.com/rebeca.jimenez.16,25,,"Ciudad Autónoma de Buenos Aires","Buenos Aires",Argentina,100000713082779,"Kar Elizabeth Avila",https://www.facebook.com/Kaari94,1
"Srta Calu",Rivero,calu.rivero.900388@facebook.com,"05 de Abril",https://www.facebook.com/calu.rivero.900388,27,,"Ciudad Autónoma de Buenos Aires","Buenos Aires",Argentina,100007681808823,"Vanesa Macias",https://www.facebook.com/vanesa.macias1,1
Celeste,Escujuri,celeste.a.ayelen@facebook.com,"05 de Abril",https://www.facebook.com/celeste.a.ayelen,,,"Ciudad Autónoma de Buenos Aires","Buenos Aires",Argentina,100001202596913,"Agustina Pelle Müller",,1
Diego,"García Gaviria",diegoalexander316@facebook.com,"05 de Abril",https://www.facebook.com/diegoalexander316,,,"Ciudad Autónoma de Buenos Aires","Buenos Aires",Argentina,734688257,"Michelle Ribeiro",,1
Sofia,Sartori,sofia.sartori.10@facebook.com,"05 de Abril",https://www.facebook.com/sofia.sartori.10,24,,"Ciudad Autónoma de Buenos Aires","Buenos Aires",Argentina,611581586,"Marcelo Braun Menendez",,1
Silvia,Leon,silvia.leon.31@facebook.com,"05 de Abril",https://www.facebook.com/silvia.leon.31,25,,"Ciudad Autónoma de Buenos Aires","Buenos Aires",Argentina,1582432771,"Julio Bittancourt",https://www.facebook.com/jbittancourt,1
Noveno,Chukker,polotv@facebook.com,"05 de Abril",https://www.facebook.com/polotv,28,,"Ciudad Autónoma de Buenos Aires","Buenos Aires",Argentina,100000883568854,"Cristian Fernandez Villamor",https://www.facebook.com/cristian.fernandezvillamo,1
Nicolas,Raccuia,nicolas.raccuia@facebook.com,"05 de Abril",https://www.facebook.com/nicolas.raccuia,28,"Buenos Aires","Buenos Aires","Buenos Aires",Argentina,525153939,"Sofia Reinoso",0,1
Maxi,Guerrero,maxigst@facebook.com,"05 de Abril",https://www.facebook.com/maxigst,,,"Ciudad Autónoma de Buenos Aires","Buenos Aires",Argentina,100001073043562,"Ornela G Cirigliano",https://www.facebook.com/floweringashtree,1
Facu,Román,facu.roman@facebook.com,"05 de Abril",https://www.facebook.com/facu.roman,26,,"Ciudad Autónoma de Buenos Aires","Buenos Aires",Argentina,1275917795,"Claudio Arias",https://www.facebook.com/clautrance,1
Juamita,Nuñez,juama1990@facebook.com,"05 de Abril",https://www.facebook.com/juama1990,24,,"Ciudad Autónoma de Buenos Aires","Buenos Aires",Argentina,1126266148,"Catalina Plá Señorans",https://www.facebook.com/catalina.pla,1
"Las Wachas",Rock,laswachas@facebook.com,"05 de Abril",https://www.facebook.com/laswachas,26,,"Ciudad Autónoma de Buenos Aires","Buenos Aires",Argentina,1244239317,"Cami Maranessi",https://www.facebook.com/cami.maranessi,1
Dayana,Meneses,dayana.meneses.545@facebook.com,"05 de Abril",https://www.facebook.com/dayana.meneses.545,25,,"Ciudad Autónoma de Buenos Aires","Buenos Aires",Argentina,1387330000,"Anoland Lorenzo",https://www.facebook.com/anoland.lorenzo,1
Agata,Carro,agata.carro@facebook.com,"05 de Abril",https://www.facebook.com/agata.carro,25,Barracas,"Ciudad Autónoma de Buenos Aires","Buenos Aires",Argentina,1466060119,"Belu Piacentino",https://www.facebook.com/belenpiacentino,1
Roberto,Saadi,roberto.saadi@facebook.com,"05 de Abril",https://www.facebook.com/roberto.saadi,30,,"Ciudad Autónoma de Buenos Aires","Buenos Aires",Argentina,1118660712,"Jessica Bellomo",https://www.facebook.com/JessBellomo,1
Calu,Rivero,calu.rivero.180625@facebook.com,"05 de Abril",https://www.facebook.com/calu.rivero.180625,27,,"Ciudad Autónoma de Buenos Aires","Buenos Aires",Argentina,100003810160235,"Agustin Sujo",https://www.facebook.com/agustin.sujook,1
Santiago,Fraga,santiago.fraga.3@facebook.com,"05 de Abril",https://www.facebook.com/santiago.fraga.3,,,"Ciudad Autónoma de Buenos Aires","Buenos Aires",Argentina,799770516,"Maria Paula Toyos",,1
Ira,Closer,zid.points@facebook.com,"05 de Abril",https://www.facebook.com/zid.points,29,,"Ciudad Autónoma de Buenos Aires","Buenos Aires",Argentina,100000909345038,"Emanuel Gaston Perdigues",https://www.facebook.com/emaxpx,1
Nueva,Identidad,nueva.identidad.3@facebook.com,"05 de Abril",https://www.facebook.com/nueva.identidad.3,,,"Ciudad Autónoma de Buenos Aires","Buenos Aires",Argentina,100001185885085,"Natalia Tarelli",,1
Deenu,Gomez,denis.gomez.7@facebook.com,"05 de Abril",https://www.facebook.com/denis.gomez.7,21,,"Ciudad Autónoma de Buenos Aires","Buenos Aires",Argentina,100000981731798,"Demián Gabriel",,1
Gonzalo,Prieto,gonzalo.d.prieto.5@facebook.com,"05 de Abril",https://www.facebook.com/gonzalo.d.prieto.5,22,,"Ciudad Autónoma de Buenos Aires","Buenos Aires",Argentina,100001206603857,"Ronit Nates",https://www.facebook.com/ronates,1
Mora,Occhineri,mora.occhineri@facebook.com,"05 de Abril",https://www.facebook.com/mora.occhineri,30,,"Ciudad Autónoma de Buenos Aires","Buenos Aires",Argentina,100001843827173,"Juan José Merino Cagnones",https://www.facebook.com/jmerinocagnones,1
Santiago,Bird,santiago.bird@facebook.com,"05 de Abril",https://www.facebook.com/santiago.bird,30,,"Ciudad Autónoma de Buenos Aires","Buenos Aires",Argentina,823479931,"Pamela Garrote",https://www.facebook.com/pamela.garrote,1
Guillo,Te,guillermo.tessmann@facebook.com,"05 de Abril",https://www.facebook.com/guillermo.tessmann,29,,"Ciudad Autónoma de Buenos Aires","Buenos Aires",Argentina,100000168683974,"Gimena Yamila Yerden Giaquinto",https://www.facebook.com/Gimetrance,1
Mayra,Vom,mayra.vom@facebook.com,"05 de Abril",https://www.facebook.com/mayra.vom,23,"Buenos Aires","Buenos Aires","Buenos Aires",Argentina,709509887,"Gabriella Rouiller",0,1
"Constantino Barbayani",Diseño,constantino.barbayanidiseno@facebook.com,"05 de Abril",https://www.facebook.com/constantino.barbayanidiseno,,,"Ciudad Autónoma de Buenos Aires","Buenos Aires",Argentina,100003574364230,"Ailin Majeras",https://www.facebook.com/ailin.majeras,1
Jc,Pavletic,juan.pavletic.5@facebook.com,"05 de Abril",https://www.facebook.com/juan.pavletic.5,21,,"Ciudad Autónoma de Buenos Aires","Buenos Aires",Argentina,100004010467480,"Sofu Maddonni",https://www.facebook.com/ssofiia,1
"Agustina Estefanía",Salazar,saalazare@facebook.com,"05 de Abril",https://www.facebook.com/saalazare,22,,"Ciudad Autónoma de Buenos Aires","Buenos Aires",Argentina,1136108132,"Laurita Menichetti",https://www.facebook.com/laurita.menichetti,1
Tomii,Papes,boca300@facebook.com,"05 de Abril",https://www.facebook.com/boca300,24,,"Ciudad Autónoma de Buenos Aires","Buenos Aires",Argentina,100001556906468,"Maanu C. Rebori",https://www.facebook.com/maanu,1
Ivan,Stoikoff,ivan.stoikoff@facebook.com,"05 de Abril",https://www.facebook.com/ivan.stoikoff,29,,"Ciudad Autónoma de Buenos Aires","Buenos Aires",Argentina,100003137578497,"Ariel Villarreal",,1
Dealma,"Artes Combinadas",dealma.artescombinadas@facebook.com,"05 de Abril",https://www.facebook.com/dealma.artescombinadas,29,,"Ciudad Autónoma de Buenos Aires","Buenos Aires",Argentina,100003139250212,"Ariel Villarreal",,1
PerfuFlor,Fragancias,perfuflor@facebook.com,"05 de Abril",https://www.facebook.com/PerfuFlor,24,,"Ciudad Autónoma de Buenos Aires","Buenos Aires",Argentina,100002312861479,"Estefania Pascual Lerario",https://www.facebook.com/estefania.lerario,1
Danza,Extática,danza.extatica@facebook.com,"05 de Abril",https://www.facebook.com/danza.extatica,24,,"Ciudad Autónoma de Buenos Aires","Buenos Aires",Argentina,100002324834622,"Estefania Pascual Lerario",https://www.facebook.com/estefania.lerario,1
"Siamo Fuori",Flores,siamofuori.flores@facebook.com,"05 de Abril",https://www.facebook.com/siamofuori.flores,,Flores,"Ciudad Autónoma de Buenos Aires","Buenos Aires",Argentina,100001218525096,"Franco Palermo",,1
"Marisa Judith",Arzaroli,marisajudith.arzaroli@facebook.com,"05 de Abril",https://www.facebook.com/marisajudith.arzaroli,,,"Ciudad Autónoma de Buenos Aires","Buenos Aires",Argentina,100001614956269,"Natalia Tarelli",,1
María,"De Los Geometrales",maria.delosgeometrales@facebook.com,"05 de Abril",https://www.facebook.com/maria.delosgeometrales,26,,"Ciudad Autónoma de Buenos Aires","Buenos Aires",Argentina,100003654422451,"Juan Antonio Papagni Meca",https://www.facebook.com/juanantoniopapagnimeca,1
Luli,Cerisola,luli.cerisola@facebook.com,"05 de Abril",https://www.facebook.com/luli.cerisola,28,,"Ciudad Autónoma de Buenos Aires","Buenos Aires",Argentina,1645354388,"Nataly Cuerva",https://www.facebook.com/nataliagtrujillo,1
Martin,Musella,piky135@facebook.com,"05 de Abril",https://www.facebook.com/piky135,23,,"Ciudad Autónoma de Buenos Aires","Buenos Aires",Argentina,1332582113,"Nano Vaquer",,1
Agus,Lagos,agustin.lagos1212@facebook.com,"05 de Abril",https://www.facebook.com/agustin.lagos1212,,Avellaneda,"Ciudad Autónoma de Buenos Aires","Buenos Aires",Argentina,1716236542,"Emiliano Pirolo",https://www.facebook.com/emi.pirolo,1
Calu,Rivero,calu.rivero.9484@facebook.com,"05 de Abril",https://www.facebook.com/calu.rivero.9484,27,,"Ciudad Autónoma de Buenos Aires","Buenos Aires",Argentina,100004070802126,"Lupe Dávalos",https://www.facebook.com/guadinight,1
Matias,Mosqueda,matias.mosqueda@facebook.com,"06 de Abril",https://www.facebook.com/matias.mosqueda,21,,"Ciudad Autónoma de Buenos Aires","Buenos Aires",Argentina,100002057720064,"Gisele Fratini",https://www.facebook.com/giakdmik,1
Fernanda,Palavecino,fernanda.palavecino.169@facebook.com,"06 de Abril",https://www.facebook.com/fernanda.palavecino.169,24,,"Ciudad Autónoma de Buenos Aires","Buenos Aires",Argentina,100000523356853,"Christian Marconi",https://www.facebook.com/gmarconi.turismo,1
Anita,Gaínzross,anita.gainzross@facebook.com,"06 de Abril",https://www.facebook.com/anita.gainzross,,,"Ciudad Autónoma de Buenos Aires","Buenos Aires",Argentina,1312732216,"Caro Radaelli",https://www.facebook.com/carola.rdll,1
Terrazas,Sabados,caixsabadosfree@facebook.com,"06 de Abril",https://www.facebook.com/Caixsabadosfree,,,"Ciudad Autónoma de Buenos Aires","Buenos Aires",Argentina,100001525353111,"Micaela Parisi",https://www.facebook.com/parisimica,1
Silvina,Porro,silvina.porro@facebook.com,"06 de Abril",https://www.facebook.com/silvina.porro,,,"Ciudad Autónoma de Buenos Aires","Buenos Aires",Argentina,100001700567475,"Fátima Belén Zárate",,1
Iatena,Vyn,iatenaverdeynatural@facebook.com,"06 de Abril",https://www.facebook.com/IatenaVerdeyNatural,,,"Ciudad Autónoma de Buenos Aires","Buenos Aires",Argentina,100001528592134,"Micaela Parisi",https://www.facebook.com/parisimica,1
Pablo,Casla,pablo.nunez.710@facebook.com,"06 de Abril",https://www.facebook.com/pablo.nunez.710,27,,"Ciudad Autónoma de Buenos Aires","Buenos Aires",Argentina,100001481856962,"Agustina Pelle Müller",,1
Matices,Viajes,matices.viajes@facebook.com,"06 de Abril",https://www.facebook.com/matices.viajes,,,"Ciudad Autónoma de Buenos Aires","Buenos Aires",Argentina,100002949166039,"Ale Cabas",https://www.facebook.com/AleCabas,1
Jorge,Rangeloff,jorge.rangeloff@facebook.com,"06 de Abril",https://www.facebook.com/jorge.rangeloff,,,"Ciudad Autónoma de Buenos Aires","Buenos Aires",Argentina,1322216100,"Vanesa Myrna Ojeda",,1
Juan,Bianchi,juan.bianchi2@facebook.com,"06 de Abril",https://www.facebook.com/juan.bianchi2,27,,"Ciudad Autónoma de Buenos Aires","Buenos Aires",Argentina,606978709,"Helena Robledo",,1
Jorge,Racciatti,jorge.raciatti@facebook.com,"06 de Abril",https://www.facebook.com/jorge.raciatti,,,"Ciudad Autónoma de Buenos Aires","Buenos Aires",Argentina,100003085521322,"Luis Greco",https://www.facebook.com/luis.ummus,1
Joaquín,Abuchdid,joaquinsegundo@facebook.com,"06 de Abril",https://www.facebook.com/joaquinsegundo,29,,"Ciudad Autónoma de Buenos Aires","Buenos Aires",Argentina,1397300294,"Giselle G Mas",https://www.facebook.com/ftw.73,1
Facundo,"Ramirez Giudice",facundo.ramirezgiudice@facebook.com,"06 de Abril",https://www.facebook.com/facundo.ramirezgiudice,23,,"Ciudad Autónoma de Buenos Aires","Buenos Aires",Argentina,1496662858,"Gabriela Rosito",https://www.facebook.com/gabriela.rosito,1
Ponts,Traducciones,ponts.traducciones.3@facebook.com,"06 de Abril",https://www.facebook.com/ponts.traducciones.3,,,"Ciudad Autónoma de Buenos Aires","Buenos Aires",Argentina,100003641439454,"Carli Pellizzaro",https://www.facebook.com/Carlii,1
Robert,Eventos,robert.eventos.1@facebook.com,"06 de Abril",https://www.facebook.com/robert.eventos.1,,,"Ciudad Autónoma de Buenos Aires","Buenos Aires",Argentina,100001855417999,"Tatiana Petroccelli",https://www.facebook.com/tanshanita,1
Mariano,Ahumada,marianoandresahumada@facebook.com,"06 de Abril",https://www.facebook.com/marianoandresahumada,23,Array,"Ciudad Autónoma de Buenos Aires","Buenos Aires",Argentina,1137950122,"Fett Maidana",0,1
Matias,Gastaldi,ivannfd@facebook.com,"06 de Abril",https://www.facebook.com/ivannfd,26,,"Ciudad Autónoma de Buenos Aires","Buenos Aires",Argentina,100002783543735,"Ignacio Lines Ceruti",https://www.facebook.com/ignacio.lines,1
Raimos,Mkt,luciana.raimosmkt@facebook.com,"06 de Abril",https://www.facebook.com/luciana.raimosmkt,29,,"Ciudad Autónoma de Buenos Aires","Buenos Aires",Argentina,100003947035636,"Jessica Bellomo",https://www.facebook.com/JessBellomo,1
Juan,Grille,juan.grille@facebook.com,"06 de Abril",https://www.facebook.com/juan.grille,28,,"Ciudad Autónoma de Buenos Aires","Buenos Aires",Argentina,100002801030264,"Agustin Sujo",https://www.facebook.com/agustin.sujook,1
Raquel,Marcelis,raquel.marcelis@facebook.com,"06 de Abril",https://www.facebook.com/raquel.marcelis,28,,"Ciudad Autónoma de Buenos Aires","Buenos Aires",Argentina,100002605837248,"Tavo M-p",,1
Pia,Anchordoquy,pia.anchordoquy@facebook.com,"06 de Abril",https://www.facebook.com/pia.anchordoquy,26,"Buenos Aires","Buenos Aires","Buenos Aires",Argentina,1077701923,"Sofia Reinoso",0,1
Nicolas,Vazquez,nicolas.vazquez.779642@facebook.com,"06 de Abril",https://www.facebook.com/nicolas.vazquez.779642,30,,"Ciudad Autónoma de Buenos Aires","Buenos Aires",Argentina,100000006943145,"Felicitas Ghigliotti",https://www.facebook.com/felicitas.ghigliotti,1
Roxy,Jueves,roxy.jueves@facebook.com,"06 de Abril",https://www.facebook.com/roxy.jueves,,,"Ciudad Autónoma de Buenos Aires","Buenos Aires",Argentina,100001667671221,"Christian Douer Chuky",https://www.facebook.com/christian.chuky,1
Jèssícà,Rúbìá,turubiiaydaleeduro@facebook.com,"06 de Abril",https://www.facebook.com/TuRuBiiaYdaleEdurO,22,,"Ciudad Autónoma de Buenos Aires","Buenos Aires",Argentina,100003481683952,"Pedro Lopezyfernandez",https://www.facebook.com/pedronahuel,1
Federico,Martinez,paho.loco@facebook.com,"06 de Abril",https://www.facebook.com/paho.loco,,,"Ciudad Autónoma de Buenos Aires","Buenos Aires",Argentina,1803208320,"Jessica Bellomo",https://www.facebook.com/JessBellomo,1
"Dana Marzia",Simone,danasimoneok@facebook.com,"06 de Abril",https://www.facebook.com/danasimoneok,27,"Barrio Norte","Ciudad Autónoma de Buenos Aires","Buenos Aires",Argentina,100007003665229,"Nahu Millicay Pereyra",https://www.facebook.com/nahumilli,1
Alejandra,Caamaño,alejandra.caamano.7@facebook.com,"06 de Abril",https://www.facebook.com/alejandra.caamano.7,,Barracas,"Ciudad Autónoma de Buenos Aires","Buenos Aires",Argentina,100000271107178,"Pau Britez",https://www.facebook.com/pau.britez,1
Ailen,Bechara,ailen.bechara.75@facebook.com,"06 de Abril",https://www.facebook.com/ailen.bechara.75,24,,"Ciudad Autónoma de Buenos Aires","Buenos Aires",Argentina,100004059067439,"Guido Moncayo",https://www.facebook.com/guido.moncayo,1
Tomas,Margheritis,tomas.margheritis@facebook.com,"06 de Abril",https://www.facebook.com/tomas.margheritis,24,,"Ciudad Autónoma de Buenos Aires","Buenos Aires",Argentina,1068675818,"Fabio Ezequiel Farruggio",https://www.facebook.com/ffachurro,1
Kevin,Varela,kevennicolasvarela@facebook.com,"06 de Abril",https://www.facebook.com/KevenNicolasVarela,21,,"Ciudad Autónoma de Buenos Aires","Buenos Aires",Argentina,1276016046,"Gonzalo Bussetti",https://www.facebook.com/gonzalo.bussetti,1
Gabriel,Vila,gabo.comu@facebook.com,"06 de Abril",https://www.facebook.com/gabo.comu,23,"Villa Pueyrredón","Ciudad Autónoma de Buenos Aires","Distrito Federal",Argentina,1424877480,"Estefania Rodriguez",,1
Estefanía,Romano,estefania.romano.71@facebook.com,"06 de Abril",https://www.facebook.com/estefania.romano.71,26,,"Ciudad Autónoma de Buenos Aires","Buenos Aires",Argentina,566558200,"Alexia Garcia",https://www.facebook.com/garciaalexiia,1
Lucas,Rivoli,lucas.rivoli.7@facebook.com,"06 de Abril",https://www.facebook.com/lucas.rivoli.7,,,"Ciudad Autónoma de Buenos Aires","Buenos Aires",Argentina,100001071594111,"Agustin Justin",https://www.facebook.com/Agustin.Justin,1
Mariano,Sebastián,rivereselpais@facebook.com,"06 de Abril",https://www.facebook.com/RiverEsElPais,,,"Ciudad Autónoma de Buenos Aires","Buenos Aires",Argentina,100001019407443,"Flor Vischi Cortés",https://www.facebook.com/flor.vischi,1
"El Kiosko de Alejo","de Alejo",elkioskodealejo.dealejo@facebook.com,"06 de Abril",https://www.facebook.com/elkioskodealejo.dealejo,21,,"Ciudad Autónoma de Buenos Aires","Buenos Aires",Argentina,100000988420276,"Maria Pia Perez Brea",,1
Live,BsAs,live.bsas@facebook.com,"06 de Abril",https://www.facebook.com/live.bsas,24,,"Ciudad Autónoma de Buenos Aires","Buenos Aires",Argentina,100002080762337,"Christian Douer Chuky",https://www.facebook.com/christian.chuky,1
"Patricia Eberhardt",Cantantes,escuelade.cantantes.10@facebook.com,"06 de Abril",https://www.facebook.com/escuelade.cantantes.10,,,"Ciudad Autónoma de Buenos Aires","Buenos Aires",Argentina,100004068844543,"Pamela Garrote",https://www.facebook.com/pamela.garrote,1
Silvana,Carretto,silvana.carretto@facebook.com,"06 de Abril",https://www.facebook.com/silvana.carretto,,,"Ciudad Autónoma de Buenos Aires","Buenos Aires",Argentina,1494735992,"Vero Milione",https://www.facebook.com/vero.milione,1
Helmet,Arilo,helmet.arilo@facebook.com,"06 de Abril",https://www.facebook.com/helmet.arilo,,"Villa Devoto","Ciudad Autónoma de Buenos Aires","Buenos Aires",Argentina,100001828664178,"Cecilia Weingardt",,1
"Juan Cruz","López Hamdan",juancruz.lopez@facebook.com,"06 de Abril",https://www.facebook.com/juancruz.lopez,22,,"Ciudad Autónoma de Buenos Aires","Buenos Aires",Argentina,1013756036,"Victoria Roldán",https://www.facebook.com/marievickyroldan,1
Ceci,Rimoldi,ceci.rimoldi.1@facebook.com,"06 de Abril",https://www.facebook.com/ceci.rimoldi.1,30,,"Ciudad Autónoma de Buenos Aires","Buenos Aires",Argentina,646283873,"La Rockeria",https://www.facebook.com/oveja1,1
Mandarine,Sabados,robertmandarinesabados@facebook.com,"06 de Abril",https://www.facebook.com/robertmandarinesabados,,,"Ciudad Autónoma de Buenos Aires","Buenos Aires",Argentina,100002142073731,"Belu Alvarez",,1
"Maria Belén",Martino,mariabelen.martino.9@facebook.com,"06 de Abril",https://www.facebook.com/mariabelen.martino.9,25,"Nueva Pompeya","Ciudad Autónoma de Buenos Aires","Buenos Aires",Argentina,723700701,"María Paz Short",https://www.facebook.com/paz.short,1
Hangar,Dieciocho,hangarprodu@facebook.com,"06 de Abril",https://www.facebook.com/hangarprodu,28,,"Ciudad Autónoma de Buenos Aires","Buenos Aires",Argentina,100004982556640,"Fabio Ezequiel Farruggio",https://www.facebook.com/ffachurro,1
Leo,Isi,leo.isi@facebook.com,"06 de Abril",https://www.facebook.com/leo.isi,,,"Ciudad Autónoma de Buenos Aires","Buenos Aires",Argentina,1569337775,"Emiliano Pirolo",https://www.facebook.com/emi.pirolo,1
Luli,González,lugonzalez06@facebook.com,"06 de Abril",https://www.facebook.com/lugonzalez06,27,,"Ciudad Autónoma de Buenos Aires","Buenos Aires",Argentina,838741191,"Christian Vadalá",https://www.facebook.com/christian.vadala,1
Annu,Ailen,annu.ailen@facebook.com,"06 de Abril",https://www.facebook.com/annu.ailen,,,"Ciudad Autónoma de Buenos Aires","Buenos Aires",Argentina,100002331848913,"Franco Palermo",,1
Joaco,"Garcia Riccardi",joaquin.riccardi@facebook.com,"06 de Abril",https://www.facebook.com/joaquin.riccardi,,,"Ciudad Autónoma de Buenos Aires","Buenos Aires",Argentina,1273855094,"Juan Cruz Albornoz",,1
Charito,Mío,charitomioindumentaria@facebook.com,"06 de Abril",https://www.facebook.com/charitomioindumentaria,21,,"Ciudad Autónoma de Buenos Aires","Buenos Aires",Argentina,100000048574287,"Jessica Bellomo",https://www.facebook.com/JessBellomo,1
Dago,Coelho,dago.coelho@facebook.com,"06 de Abril",https://www.facebook.com/dago.coelho,,,"Ciudad Autónoma de Buenos Aires","Buenos Aires",Argentina,637446713,"Jazmin Jurevich",https://www.facebook.com/Jaz.Jurevich,1
Andrés,Mendieta,andres.mendieta.90@facebook.com,"06 de Abril",https://www.facebook.com/andres.mendieta.90,26,,"Ciudad Autónoma de Buenos Aires","Buenos Aires",Argentina,100000936208831,"Guille Rampo",https://www.facebook.com/guillermo.rampo,1
Sauna,Música,sauna.musica.3@facebook.com,"06 de Abril",https://www.facebook.com/sauna.musica.3,26,,"Ciudad Autónoma de Buenos Aires","Buenos Aires",Argentina,100007809340770,"Nadia Vannessa",https://www.facebook.com/nadiavannessa18,1
Anabella,Maza,anabella.a.maza@facebook.com,"06 de Abril",https://www.facebook.com/anabella.a.maza,28,,"Ciudad Autónoma de Buenos Aires","Buenos Aires",Argentina,1138561981,"Andrés Bonavera Rendo",https://www.facebook.com/andybonavera,1
Marina,Alvarez,marina.alvarez.3110@facebook.com,"06 de Abril",https://www.facebook.com/marina.alvarez.3110,,,"Ciudad Autónoma de Buenos Aires","Buenos Aires",Argentina,561853451,"Rafael Roca",https://www.facebook.com/roca.rafael,1
Hector,"Moreno Ortiz",hector.morenoortiz@facebook.com,"06 de Abril",https://www.facebook.com/hector.morenoortiz,,,"Ciudad Autónoma de Buenos Aires","Buenos Aires",Argentina,100000562471983,"Julio Roberto Cuevas",https://www.facebook.com/julioroberto.cuevas,1
Ricardo,Romero,ucafiestasoficial@facebook.com,"06 de Abril",https://www.facebook.com/UcaFiestasOficial,,,"Ciudad Autónoma de Buenos Aires","Buenos Aires",Argentina,100001927094848,"Vicky Blengini",https://www.facebook.com/vicky.blengini,1
Ricardo,Bello,ricardo.bello.961@facebook.com,"06 de Abril",https://www.facebook.com/ricardo.bello.961,24,,"Ciudad Autónoma de Buenos Aires","Buenos Aires",Argentina,1621872424,"Nicolás Marano",https://www.facebook.com/nicolasmarano10,1
Tobias,Gonzalez,tobias.gonzalez.06@facebook.com,"06 de Abril",https://www.facebook.com/Tobias.Gonzalez.06,,,"Ciudad Autónoma de Buenos Aires","Buenos Aires",Argentina,100000435547547,"Agustina Pelle Müller",,1
Florencia,Lamas,florrlamas@facebook.com,"06 de Abril",https://www.facebook.com/Florrlamas,22,"Villa Luro","Ciudad Autónoma de Buenos Aires","Buenos Aires",Argentina,1090522300,"Tatiana Petroccelli",https://www.facebook.com/tanshanita,1
Lautaro,Ezequiel,lautaro.medina.587@facebook.com,"06 de Abril",https://www.facebook.com/lautaro.medina.587,24,,"Ciudad Autónoma de Buenos Aires","Buenos Aires",Argentina,100001306521155,"Juan Elias Catan",https://www.facebook.com/juan.724,1
Juan,Guilera,juan.guilera.71@facebook.com,"06 de Abril",https://www.facebook.com/juan.guilera.71,29,,"Ciudad Autónoma de Buenos Aires","Buenos Aires",Argentina,100003871482884,"Agustin Sujo",https://www.facebook.com/agustin.sujook,1
Mario,Dimotta,mario.dimotta.7@facebook.com,"06 de Abril",https://www.facebook.com/mario.dimotta.7,28,,"Ciudad Autónoma de Buenos Aires","Buenos Aires",Argentina,1343663807,"Alicia Kosem",https://www.facebook.com/alicia.kosem,1
Marina,Carnel,jay.day.1612@facebook.com,"06 de Abril",https://www.facebook.com/jay.day.1612,29,,"Ciudad Autónoma de Buenos Aires","Buenos Aires",Argentina,100003884366683,"Agustin Sujo",https://www.facebook.com/agustin.sujook,1
Florcitha,Lb,estefacellenoagregaflorcithalbii@facebook.com,"06 de Abril",https://www.facebook.com/EsteFaceLlenoAgregaFlorcithaLbII,,"La Boca","Ciudad Autónoma de Buenos Aires","Buenos Aires",Argentina,1491678662,"Martín Álvarez BA I",https://www.facebook.com/Woody.Blair,1
Mandarine,"Sabados II",mandarine.sabadosii@facebook.com,"06 de Abril",https://www.facebook.com/mandarine.sabadosii,24,,"Ciudad Autónoma de Buenos Aires","Buenos Aires",Argentina,100005973821511,"Vicky Diaz",,1
Guadi,Saenz,guady.saenz@facebook.com,"06 de Abril",https://www.facebook.com/guady.saenz,24,,"Ciudad Autónoma de Buenos Aires","Buenos Aires",Argentina,100000432021698,"Flor Encino",https://www.facebook.com/flopy.encino,1
Justo,"Gomez Palmes",justo.g.palmes@facebook.com,"06 de Abril",https://www.facebook.com/justo.g.palmes,27,,"Ciudad Autónoma de Buenos Aires","Buenos Aires",Argentina,765868593,"Nicolas Supital",https://www.facebook.com/nicosupi,1
Pedro,Lafe,pedro.laferrere@facebook.com,"06 de Abril",https://www.facebook.com/pedro.laferrere,,,"Ciudad Autónoma de Buenos Aires","Buenos Aires",Argentina,100004073984266,"Agustin Sujo",https://www.facebook.com/agustin.sujook,1
"Si Tú",Supieras,situsupieras.showroomvilllaluro@facebook.com,"06 de Abril",https://www.facebook.com/situsupieras.showroomvilllaluro,28,,"Ciudad Autónoma de Buenos Aires","Buenos Aires",Argentina,100001546738425,"Ornela G Cirigliano",https://www.facebook.com/floweringashtree,1
Robert,Rrpp,robertinhosafado@facebook.com,"06 de Abril",https://www.facebook.com/robertinhosafado,,,"Ciudad Autónoma de Buenos Aires","Buenos Aires",Argentina,574628453,"Lupe Dávalos",https://www.facebook.com/guadinight,1
"La Baulera","de Julia",alisadosvieless@facebook.com,"06 de Abril",https://www.facebook.com/alisadosvieless,,,"Ciudad Autónoma de Buenos Aires","Buenos Aires",Argentina,1629914605,"Natalia Magariello",https://www.facebook.com/natalia.magariello,1
Guido,Vuga,guido.vuga@facebook.com,"06 de Abril",https://www.facebook.com/guido.vuga,25,,"Ciudad Autónoma de Buenos Aires","Buenos Aires",Argentina,100003364981587,"Maria Pia Perez Brea",,1
Tatiana,Vallejos,tatii.laprincesita@facebook.com,"06 de Abril",https://www.facebook.com/tatii.laprincesita,,,"Ciudad Autónoma de Buenos Aires","Buenos Aires",Argentina,100002518353728,"Pedro Lopezyfernandez",https://www.facebook.com/pedronahuel,1
Luis,Rojas,luis.cuevas.92754@facebook.com,"06 de Abril",https://www.facebook.com/luis.cuevas.92754,24,,"Ciudad Autónoma de Buenos Aires","Buenos Aires",Argentina,100002647159875,"Lo Lola",,1
Lu,Uriarte,lu.uriarte.35@facebook.com,"06 de Abril",https://www.facebook.com/lu.uriarte.35,26,,"Ciudad Autónoma de Buenos Aires","Buenos Aires",Argentina,100002959486628,"Natalia Oviedo",,1
Ezequiel,Olmos,ezequiel.olmos.376@facebook.com,"06 de Abril",https://www.facebook.com/ezequiel.olmos.376,25,,"Ciudad Autónoma de Buenos Aires","Buenos Aires",Argentina,100000885687873,"Barby Suarez",https://www.facebook.com/barby1522,1
Mapi,"Guerrero Menendez",mapi.guerreromenendez@facebook.com,"06 de Abril",https://www.facebook.com/mapi.guerreromenendez,26,,"Ciudad Autónoma de Buenos Aires","Buenos Aires",Argentina,100003107318450,"Natalia Oviedo",,1
"Debora Vanesa",Aragon,deboravanesa.aragon@facebook.com,"07 de Abril",https://www.facebook.com/deboravanesa.aragon,26,,"Ciudad Autónoma de Buenos Aires","Buenos Aires",Argentina,100001585752130,"Fátima Belén Zárate",,1
"Ivo Benjamin",Carrizo,ivo.jcp@facebook.com,"07 de Abril",https://www.facebook.com/ivo.jcp,26,,"Ciudad Autónoma de Buenos Aires","Buenos Aires",Argentina,100002427398099,"Joaquin Barraco",https://www.facebook.com/chino.barraco,1
Agustin,Ceruse,aceruse@facebook.com,"07 de Abril",https://www.facebook.com/aceruse,25,,"Ciudad Autónoma de Buenos Aires","Buenos Aires",Argentina,1090286058,"Carlos Wilson",,1
Ariel,QJ,ariel.qj@facebook.com,"07 de Abril",https://www.facebook.com/ariel.qj,30,,"Ciudad Autónoma de Buenos Aires","Buenos Aires",Argentina,539716632,"Andrea Badani",https://www.facebook.com/andrea.badani,1
Roberto,Lodi,roberto.lodi.9@facebook.com,"07 de Abril",https://www.facebook.com/roberto.lodi.9,28,,"Ciudad Autónoma de Buenos Aires","Buenos Aires",Argentina,1094294201,"Ayu Casanova",,1
Ame,Romero,ame.romero1@facebook.com,"07 de Abril",https://www.facebook.com/ame.romero1,,,"Ciudad Autónoma de Buenos Aires","Buenos Aires",Argentina,100001106711079,"Malvi Ovando",https://www.facebook.com/malvi.ovando,1
Instituto,Belgrano,instituto.belgrano@facebook.com,"07 de Abril",https://www.facebook.com/instituto.belgrano,,,"Ciudad Autónoma de Buenos Aires","Buenos Aires",Argentina,100001109567965,"Malvi Ovando",https://www.facebook.com/malvi.ovando,1
Karina,Brindesi,karina.brindesi@facebook.com,"07 de Abril",https://www.facebook.com/karina.brindesi,,Boedo,"Ciudad Autónoma de Buenos Aires","Buenos Aires",Argentina,1290346715,"M Agustina Ciarla Quintana",https://www.facebook.com/magustina.quintana,1
Ema,Nuel,saks.aplicando.mafia@facebook.com,"07 de Abril",https://www.facebook.com/Saks.Aplicando.Mafia,,,"Ciudad Autónoma de Buenos Aires","Buenos Aires",Argentina,1224781782,"Flor De Santa",https://www.facebook.com/florencia.pacella,1
Carolina,Augusto,carol.augusto1@facebook.com,"07 de Abril",https://www.facebook.com/carol.augusto1,,,"Ciudad Autónoma de Buenos Aires","Buenos Aires",Argentina,100000821188444,"Martin Barrabes",,1
Ludmila,Muiño,ludmila.muino@facebook.com,"07 de Abril",https://www.facebook.com/ludmila.muino,24,,"Ciudad Autónoma de Buenos Aires","Buenos Aires",Argentina,1424097851,"Jobs Bar",https://www.facebook.com/jobsbar,1
NataLia,"DanieLa II",naatidani@facebook.com,"07 de Abril",https://www.facebook.com/naatidani,25,Boedo,"Ciudad Autónoma de Buenos Aires","Buenos Aires",Argentina,100003546755017,"Joaquin Barraco",https://www.facebook.com/chino.barraco,1
Alejandra,Vidal,alejandra.vidal.73997@facebook.com,"07 de Abril",https://www.facebook.com/alejandra.vidal.73997,24,,"Ciudad Autónoma de Buenos Aires","Buenos Aires",Argentina,730945898,"Silvia Fernandez",https://www.facebook.com/silviafernandezchivi,1
Facundo,Aquilano,facundo.aquilano@facebook.com,"07 de Abril",https://www.facebook.com/facundo.aquilano,28,,"Ciudad Autónoma de Buenos Aires","Buenos Aires",Argentina,1043561784,"Ignacio Busquiazo",https://www.facebook.com/ignacio.busquiazo,1
Andi,Chazarreta,teamo.ramiro@facebook.com,"07 de Abril",https://www.facebook.com/teamo.ramiro,,,"Ciudad Autónoma de Buenos Aires","Buenos Aires",Argentina,100000739296137,"Victoria Casado",,1
Ambito,Bursatil,ambito.bursatil@facebook.com,"07 de Abril",https://www.facebook.com/ambito.bursatil,23,,"Ciudad Autónoma de Buenos Aires","Buenos Aires",Argentina,100003477514078,"Diego Binayan",https://www.facebook.com/diego.binayan,1
Ian,Tkaczek,ian.tkaczek@facebook.com,"07 de Abril",https://www.facebook.com/ian.tkaczek,,,"Ciudad Autónoma de Buenos Aires","Buenos Aires",Argentina,1619316504,"Guada Lozano",,1
LuccianoBeat,Visconti,luccianobeat.visconti@facebook.com,"07 de Abril",https://www.facebook.com/luccianobeat.visconti,28,,"Ciudad Autónoma de Buenos Aires","Buenos Aires",Argentina,100001393791271,"Flor Scalise",https://www.facebook.com/flor.scalise,1
Nicolas,Capusotto,capusotto@facebook.com,"07 de Abril",https://www.facebook.com/capusotto,27,,"Ciudad Autónoma de Buenos Aires","Buenos Aires",Argentina,1424449510,"Emanuel Gaston Perdigues",https://www.facebook.com/emaxpx,1
Pamela,Pombo,pamela.pombo2@facebook.com,"07 de Abril",https://www.facebook.com/pamela.pombo2,,,"Ciudad Autónoma de Buenos Aires","Buenos Aires",Argentina,100004050943742,"Sergio Acosta",,1
Maas,Yoga,maas.yoga1@facebook.com,"07 de Abril",https://www.facebook.com/maas.yoga1,30,,"Ciudad Autónoma de Buenos Aires","Buenos Aires",Argentina,100001695503595,"Alejandro Amitrano",,1
Mott,"Cocina de Mercado",mottresto@facebook.com,"07 de Abril",https://www.facebook.com/MottResto,,,"Ciudad Autónoma de Buenos Aires","Buenos Aires",Argentina,100002300303569,"Lupe Dávalos",https://www.facebook.com/guadinight,1
Vinoteca,Bacco,vinoteca.bacco@facebook.com,"07 de Abril",https://www.facebook.com/vinoteca.bacco,,,"Ciudad Autónoma de Buenos Aires","Buenos Aires",Argentina,100002303075878,"Lupe Dávalos",https://www.facebook.com/guadinight,1
Producciones,GV,fotografia.mg.3@facebook.com,"07 de Abril",https://www.facebook.com/fotografia.mg.3,23,,"Ciudad Autónoma de Buenos Aires","Buenos Aires",Argentina,100002517704285,"Victoria Casado",,1
Cava,"Vinotecas de Argentina",cava.vinotecasdeargentina@facebook.com,"07 de Abril",https://www.facebook.com/cava.vinotecasdeargentina,,,"Ciudad Autónoma de Buenos Aires","Buenos Aires",Argentina,100002310027764,"Lupe Dávalos",https://www.facebook.com/guadinight,1
Melina,Juri,melina.juri.5@facebook.com,"07 de Abril",https://www.facebook.com/melina.juri.5,27,"Buenos Aires","Buenos Aires","Buenos Aires",Argentina,100001159314873,"Fett Maidana",0,1
Fernando,Ranuschio,fer.ranuschio@facebook.com,"07 de Abril",https://www.facebook.com/fer.ranuschio,,,"Ciudad Autónoma de Buenos Aires","Buenos Aires",Argentina,716785577,"Vanesa Myrna Ojeda",,1
Maximo,Bonfilio,alexis.bonfilio@facebook.com,"07 de Abril",https://www.facebook.com/alexis.bonfilio,21,,"Ciudad Autónoma de Buenos Aires","Buenos Aires",Argentina,100005869475674,"Cristian Fernandez Villamor",https://www.facebook.com/cristian.fernandezvillamo,1
Agustin,Meni,agustin.meni@facebook.com,"07 de Abril",https://www.facebook.com/agustin.meni,30,"Buenos Aires","Buenos Aires","Buenos Aires",Argentina,100001229364038,"Roberto Hatti",0,1
Sushii,Otaku,otakusushipremium@facebook.com,"07 de Abril",https://www.facebook.com/otakusushipremium,22,,"Ciudad Autónoma de Buenos Aires","Buenos Aires",Argentina,100005817611473,"Micu Mc Hardy",https://www.facebook.com/micu.hardy,1
Tomas,Passerotti,tomas.passerotti@facebook.com,"07 de Abril",https://www.facebook.com/tomas.passerotti,28,,"Ciudad Autónoma de Buenos Aires","Buenos Aires",Argentina,712965941,"Andrea Flijer",https://www.facebook.com/andrea.flijer,1
Anouk,Anouk,yeah.iamrock@facebook.com,"07 de Abril",https://www.facebook.com/yeah.iamrock,,"Buenos Aires","Buenos Aires","Buenos Aires",Argentina,1033828999,"Fett Maidana",0,1
Marcelo,Olivera,marcelo.olivera.94@facebook.com,"07 de Abril",https://www.facebook.com/marcelo.olivera.94,28,,"Ciudad Autónoma de Buenos Aires","Buenos Aires",Argentina,1059273039,"Nanys Rodriguez",,1
Uñas,Boedo,cynthiabelen.up@facebook.com,"07 de Abril",https://www.facebook.com/cynthiabelen.up,,,"Ciudad Autónoma de Buenos Aires","Buenos Aires",Argentina,100002726419757,"Juan Manuel Fotografo",https://www.facebook.com/JuanmaJMFotoEstudio,1
Fabian,Trujillo,fabian.trujillo.96@facebook.com,"07 de Abril",https://www.facebook.com/fabian.trujillo.96,22,,"Ciudad Autónoma de Buenos Aires","Buenos Aires",Argentina,1437920846,"Nataly Cuerva",https://www.facebook.com/nataliagtrujillo,1
Closet,Ropa,closet.ropa.7@facebook.com,"07 de Abril",https://www.facebook.com/closet.ropa.7,,,"Ciudad Autónoma de Buenos Aires","Buenos Aires",Argentina,100001142329199,"Cecilia Martinez Etchevers",https://www.facebook.com/ceciliaetc,1
Florencia,Pibuel,florencia.pibuel@facebook.com,"07 de Abril",https://www.facebook.com/florencia.pibuel,27,,"Ciudad Autónoma de Buenos Aires","Buenos Aires",Argentina,1291170594,"Pablo Dandrea",https://www.facebook.com/pablo.dandrea,1
More,Vairo,ale.vairo@facebook.com,"07 de Abril",https://www.facebook.com/ale.vairo,,,"Ciudad Autónoma de Buenos Aires","Buenos Aires",Argentina,100001597433396,"Valentino Fabre",https://www.facebook.com/valenfabre,1
Emilia,Martin,emilita.balbi@facebook.com,"07 de Abril",https://www.facebook.com/emilita.balbi,27,,"Ciudad Autónoma de Buenos Aires","Buenos Aires",Argentina,578424644,"Nataly Cuerva",https://www.facebook.com/nataliagtrujillo,1
Daai,Caliva,daaiicaliva@facebook.com,"07 de Abril",https://www.facebook.com/daaiicaliva,,,"Ciudad Autónoma de Buenos Aires","Buenos Aires",Argentina,1441565078,"Brian Cano",,1
Ailen,Fernandez,ailu.neko.nya@facebook.com,"07 de Abril",https://www.facebook.com/ailu.neko.nya,,"Buenos Aires","Buenos Aires","Buenos Aires",Argentina,100000979143220,"Alan Yun",0,1
Natacha,Montenegro,natacha.montenegro1@facebook.com,"07 de Abril",https://www.facebook.com/natacha.montenegro1,28,,"Ciudad Autónoma de Buenos Aires","Buenos Aires",Argentina,100002342323399,"La Rockeria",https://www.facebook.com/oveja1,1
Lucila,Entebi,lucila.entebi@facebook.com,"07 de Abril",https://www.facebook.com/lucila.entebi,,,"Ciudad Autónoma de Buenos Aires","Buenos Aires",Argentina,1079573274,"Ivan Lisz",,1
Antonella,Palavecino,antonella.palavecino@facebook.com,"07 de Abril",https://www.facebook.com/antonella.palavecino,,,"Ciudad Autónoma de Buenos Aires","Buenos Aires",Argentina,1839655259,"Juan Manuel Fotografo",https://www.facebook.com/JuanmaJMFotoEstudio,1
Planner,Quincetv,ezequiel.planners@facebook.com,"07 de Abril",https://www.facebook.com/ezequiel.planners,23,,"Ciudad Autónoma de Buenos Aires","Buenos Aires",Argentina,100003712312683,"Jessica Bellomo",https://www.facebook.com/JessBellomo,1
Flor,Salim,flor.salim.3@facebook.com,"08 de Abril",https://www.facebook.com/flor.salim.3,26,,"Ciudad Autónoma de Buenos Aires","Buenos Aires",Argentina,100003825374808,"Alan Volper",https://www.facebook.com/alan.volper,1
Alta,Eventos,altafiesta@facebook.com,"08 de Abril",https://www.facebook.com/altafiesta,24,"Parque Chacabuco","Ciudad Autónoma de Buenos Aires","Distrito Federal",Argentina,1311078917,"Anna Laura",https://www.facebook.com/Anna.Laucha,1
Maay,Ra,maay.ra.79@facebook.com,"08 de Abril",https://www.facebook.com/maay.ra.79,24,,"Ciudad Autónoma de Buenos Aires","Buenos Aires",Argentina,1838394448,"Fede Martinez",https://www.facebook.com/fedemartinez17,1
Mica,Robledo,mica.roble@facebook.com,"08 de Abril",https://www.facebook.com/Mica.Roble,24,,"Ciudad Autónoma de Buenos Aires","Buenos Aires",Argentina,1318625009,"Lucas Funes",https://www.facebook.com/SkriLef14,1
Jus,Trabucco,jus.trabucco@facebook.com,"08 de Abril",https://www.facebook.com/jus.trabucco,,,"Ciudad Autónoma de Buenos Aires","Buenos Aires",Argentina,756527490,"Manu Dadaglio",,1
Cruce,"de Miradas",cruce.demiradas@facebook.com,"08 de Abril",https://www.facebook.com/cruce.demiradas,,,"Ciudad Autónoma de Buenos Aires","Buenos Aires",Argentina,100002263048454,"Barby Lanata",https://www.facebook.com/barby.lanata,1
Rocio,Alcetegaray,rochi.alcetegaray7detomi@facebook.com,"08 de Abril",https://www.facebook.com/rochi.alcetegaray7DeTomi,21,,"Ciudad Autónoma de Buenos Aires","Buenos Aires",Argentina,100000154437053,"Javier Potenza",,1
"Juan Manuel",Massola,juanmanuel.massola@facebook.com,"08 de Abril",https://www.facebook.com/juanmanuel.massola,29,,"Ciudad Autónoma de Buenos Aires","Buenos Aires",Argentina,1156435737,"Pablo Dandrea",https://www.facebook.com/pablo.dandrea,1
Tranguera,"Disc Jockeys",tranguera.discjockeys@facebook.com,"08 de Abril",https://www.facebook.com/tranguera.discjockeys,27,,"Ciudad Autónoma de Buenos Aires","Buenos Aires",Argentina,100002362314091,"Ornela G Cirigliano",https://www.facebook.com/floweringashtree,1
Esteban,Gyurkovits,esteban.gyurkovits@facebook.com,"08 de Abril",https://www.facebook.com/esteban.gyurkovits,29,,"Ciudad Autónoma de Buenos Aires","Buenos Aires",Argentina,704058019,"Tatiana Petroccelli",https://www.facebook.com/tanshanita,1
Fran,Savorio,fran.savorio@facebook.com,"08 de Abril",https://www.facebook.com/fran.savorio,21,,"Ciudad Autónoma de Buenos Aires","Buenos Aires",Argentina,100001165291778,"Victoria Casado",,1
Lbrtn,Libertine,lbrtn.libertine@facebook.com,"08 de Abril",https://www.facebook.com/lbrtn.libertine,26,"Buenos Aires","Buenos Aires","Buenos Aires",Argentina,100003181013068,"Hercilia Rs",0,1
Cami,Piñero,cami.pinero.5@facebook.com,"08 de Abril",https://www.facebook.com/cami.pinero.5,21,,"Ciudad Autónoma de Buenos Aires","Buenos Aires",Argentina,1438395239,"Felipe Vidal",https://www.facebook.com/Feelipe.vp,1
Gaston,Lgi,gaston.lgi@facebook.com,"08 de Abril",https://www.facebook.com/gaston.lgi,,,"Ciudad Autónoma de Buenos Aires","Buenos Aires",Argentina,100000391770742,"Gabi López",,1
Mariano,Cosentino,mariano.cosentino.92@facebook.com,"08 de Abril",https://www.facebook.com/mariano.cosentino.92,30,Avellaneda,"Ciudad Autónoma de Buenos Aires","Buenos Aires",Argentina,100008046581572,"Florencia Cortés",https://www.facebook.com/cortes.florencia,1
Alejandro,Ale,alexis.ale.10@facebook.com,"08 de Abril",https://www.facebook.com/alexis.ale.10,29,,"Ciudad Autónoma de Buenos Aires","Buenos Aires",Argentina,1171300415,"Lucrecia Martinez",https://www.facebook.com/lucrecia.martinez,1
Yani,Michelli,yani.michelli@facebook.com,"08 de Abril",https://www.facebook.com/yani.michelli,22,,"Ciudad Autónoma de Buenos Aires","Buenos Aires",Argentina,1439225279,"Christian Douer Chuky",https://www.facebook.com/christian.chuky,1
"María Florencia",Aboy,mflorencia.aboy@facebook.com,"08 de Abril",https://www.facebook.com/mflorencia.aboy,23,Avellaneda,"Ciudad Autónoma de Buenos Aires","Buenos Aires",Argentina,1596934424,"Carlina Piedra",https://www.facebook.com/carlina.piedra,1
Cata,Rey,cata.rey.520@facebook.com,"08 de Abril",https://www.facebook.com/cata.rey.520,29,,"Ciudad Autónoma de Buenos Aires","Buenos Aires",Argentina,100007658281758,"Ale Arias Mandarine Park",,1
Luca,Gazzola,lugazzola@facebook.com,"08 de Abril",https://www.facebook.com/LuGazzola,22,,"Ciudad Autónoma de Buenos Aires","Buenos Aires",Argentina,720109340,"Guido Moncayo",https://www.facebook.com/guido.moncayo,1
Chula,Tejidos,chula.tejidos@facebook.com,"08 de Abril",https://www.facebook.com/chula.tejidos,27,,"Ciudad Autónoma de Buenos Aires","Buenos Aires",Argentina,100002450197631,"Romy Gutierrez Jaime",https://www.facebook.com/romygutierrezjaime,1
Importado,Spy,importado.spy@facebook.com,"08 de Abril",https://www.facebook.com/importado.spy,22,,"Ciudad Autónoma de Buenos Aires","Buenos Aires",Argentina,100006579303728,"Martín Álvarez BA I",https://www.facebook.com/Woody.Blair,1
Ivan,Sd,ivan.ds.106@facebook.com,"08 de Abril",https://www.facebook.com/ivan.ds.106,21,,"Ciudad Autónoma de Buenos Aires","Buenos Aires",Argentina,100003441353700,"Agustin Sujo",https://www.facebook.com/agustin.sujook,1
Lucciana,Paglia,noelia3000@facebook.com,"08 de Abril",https://www.facebook.com/noelia3000,,,"Ciudad Autónoma de Buenos Aires","Buenos Aires",Argentina,1510058048,"Matias Blas",https://www.facebook.com/Matias.Blas,1
Gabriela,Granero,gabriela.granero.9@facebook.com,"08 de Abril",https://www.facebook.com/gabriela.granero.9,29,,"Ciudad Autónoma de Buenos Aires","Buenos Aires",Argentina,527849533,"Agustina Del Rosario Anzisi",https://www.facebook.com/AgustinadelRosario,1
Emiliano,Pinto,emilianop1@facebook.com,"08 de Abril",https://www.facebook.com/emilianop1,30,,"Ciudad Autónoma de Buenos Aires","Buenos Aires",Argentina,1278091431,"Nadia Denise",,1
Alex,Dover,alex.dover.376@facebook.com,"08 de Abril",https://www.facebook.com/alex.dover.376,,,"Ciudad Autónoma de Buenos Aires","Buenos Aires",Argentina,1589933613,"Juli Castellano",https://www.facebook.com/Juliiiiiiy,1
"Ana Lia",Francheschini,analia.francheschini@facebook.com,"08 de Abril",https://www.facebook.com/analia.francheschini,29,"Buenos Aires","Buenos Aires","Buenos Aires",Argentina,100001222037269,"Fett Maidana",0,1
Grego,Kleppe,grego.kleppe@facebook.com,"08 de Abril",https://www.facebook.com/grego.kleppe,24,,"Ciudad Autónoma de Buenos Aires","Buenos Aires",Argentina,100001541449668,"Nico Mackinlay",,1
Martin,Hamilton,martin.hamilton.50702@facebook.com,"08 de Abril",https://www.facebook.com/martin.hamilton.50702,30,,"Ciudad Autónoma de Buenos Aires","Buenos Aires",Argentina,100004330719502,"Juan Elias Catan",https://www.facebook.com/juan.724,1
Adriana,Fierro,adriana.fierro.792@facebook.com,"08 de Abril",https://www.facebook.com/adriana.fierro.792,,"La Boca","Ciudad Autónoma de Buenos Aires","Buenos Aires",Argentina,1206017606,"Carlos Wilson",,1
"El Gato Viejo","Bodegón Ferroviario",bodegon.elgatoviejo@facebook.com,"08 de Abril",https://www.facebook.com/bodegon.elgatoviejo,22,,"Ciudad Autónoma de Buenos Aires","Buenos Aires",Argentina,100002911625291,"Li-ly Rojas",https://www.facebook.com/serena1968,1
Emmanuel,"De La Cruz",giraldi.magiaconhumor@facebook.com,"08 de Abril",https://www.facebook.com/giraldi.magiaconhumor,29,,"Ciudad Autónoma de Buenos Aires","Buenos Aires",Argentina,1031889998,"Lupe Dávalos",https://www.facebook.com/guadinight,1
Mariela,Barrionuevo,mariela.barrionuevo.585@facebook.com,"08 de Abril",https://www.facebook.com/mariela.barrionuevo.585,26,,"Ciudad Autónoma de Buenos Aires","Buenos Aires",Argentina,100002354342795,"Agustin Justin",https://www.facebook.com/Agustin.Justin,1
Tercer,Trópico,tercertropico@facebook.com,"08 de Abril",https://www.facebook.com/tercertropico,30,,"Ciudad Autónoma de Buenos Aires","Buenos Aires",Argentina,1802605215,"Lix Infinito",https://www.facebook.com/lix.infinito,1
"Juan Jose",Lopez,juanjose.lopez.315@facebook.com,"08 de Abril",https://www.facebook.com/juanjose.lopez.315,,,"Ciudad Autónoma de Buenos Aires","Buenos Aires",Argentina,100000032510516,"Cecilia Morinigo",,1
Primavera,"On Line",primavera.online.9@facebook.com,"08 de Abril",https://www.facebook.com/primavera.online.9,,,"Ciudad Autónoma de Buenos Aires","Buenos Aires",Argentina,100001062727074,"Agos Costas",https://www.facebook.com/agoscostas,1
Beluu,Sosa,beluu.sosa2@facebook.com,"08 de Abril",https://www.facebook.com/beluu.sosa2,,,"Ciudad Autónoma de Buenos Aires","Buenos Aires",Argentina,100002501470752,"Atilio Fernandez",,1
Divino,Nuñez,divino.nunez@facebook.com,"08 de Abril",https://www.facebook.com/divino.nunez,22,,"Ciudad Autónoma de Buenos Aires","Buenos Aires",Argentina,100000443990143,"Carlos Wilson",,1
Ileana,Mimooi,miimooii@facebook.com,"08 de Abril",https://www.facebook.com/Miimooii,,,"Ciudad Autónoma de Buenos Aires","Buenos Aires",Argentina,100000889228712,"Emiliano Pirolo",https://www.facebook.com/emi.pirolo,1
Bautista,Laborde,bautilaborde@facebook.com,"08 de Abril",https://www.facebook.com/bautilaborde,,,"Ciudad Autónoma de Buenos Aires","Buenos Aires",Argentina,666486637,"Maureen Burton",,1
Hara,"Kora Por Sabri Kearney",hara.koraporsabrikearney@facebook.com,"08 de Abril",https://www.facebook.com/hara.koraporsabrikearney,30,,"Ciudad Autónoma de Buenos Aires","Buenos Aires",Argentina,100003373353292,"Mica Ledo",https://www.facebook.com/micaledo,1
Marcos,Withington,marcos.withington@facebook.com,"08 de Abril",https://www.facebook.com/marcos.withington,25,,"Ciudad Autónoma de Buenos Aires","Buenos Aires",Argentina,624087734,"Melo Dellarole",https://www.facebook.com/melodellarole,1
Ian,Baigorria,ian.baigorria.5@facebook.com,"08 de Abril",https://www.facebook.com/ian.baigorria.5,27,,"Ciudad Autónoma de Buenos Aires","Buenos Aires",Argentina,100000889028333,"Anna Laura",https://www.facebook.com/Anna.Laucha,1
Ài,Rp,geraldineailen@facebook.com,"08 de Abril",https://www.facebook.com/GeraldineAilen,,,"Ciudad Autónoma de Buenos Aires","Buenos Aires",Argentina,100001246562268,"Ariel Rivera",,1
Abogados,Villaggi,abogados.villaggi@facebook.com,"08 de Abril",https://www.facebook.com/abogados.villaggi,,,"Ciudad Autónoma de Buenos Aires","Buenos Aires",Argentina,100002559057455,"Mariana Pedroso",https://www.facebook.com/mariana.pedroso3,1
Gaston,Mujica,elgatomujica@facebook.com,"08 de Abril",https://www.facebook.com/elgatomujica,,Versailles,"Ciudad Autónoma de Buenos Aires","Buenos Aires",Argentina,581198777,"Romi Flores",,1
Eduardo,Newman,eduardo.newman@facebook.com,"08 de Abril",https://www.facebook.com/eduardo.newman,28,,"Ciudad Autónoma de Buenos Aires","Buenos Aires",Argentina,633800938,"Vanina Lopez Baroni",https://www.facebook.com/vaninalb,1
Angelik,Vargas,angelik.vargas.16568@facebook.com,"08 de Abril",https://www.facebook.com/angelik.vargas.16568,23,,"Ciudad Autónoma de Buenos Aires","Buenos Aires",Argentina,730985003,"Emanuel Gaston Perdigues",https://www.facebook.com/emaxpx,1
"Maria Lucrecia","Ruiz Amione",marialucrecia.ruiz.3@facebook.com,"08 de Abril",https://www.facebook.com/marialucrecia.ruiz.3,27,,"Ciudad Autónoma de Buenos Aires","Buenos Aires",Argentina,100001730023193,"Paula Veronica Guviazda",https://www.facebook.com/paulaveronica.guviazda,1
