Nombre,Apellido,"Email Facebook",Cumpleaños,"Usuario Facebook",Edad,Barrio,Ciudad,Provincia,Pais,"ID Facebook","Amigo De","Amigo De (Usuario)"
Mili,Borches,mili.borches@facebook.com,"25 de Abril",https://www.facebook.com/mili.borches,19,,"Ciudad Autónoma de Buenos Aires","Buenos Aires",Argentina,1392204787,"Agus Rodriguez",
Martin,Gimenez,martin.gimenez.13@facebook.com,"20 de Abril",https://www.facebook.com/martin.gimenez.13,21,,"Ciudad Autónoma de Buenos Aires","Buenos Aires",Argentina,1390905445,"Agustin Blanco",
Victoria,Simonetta,vicky.simonetta@facebook.com,"20 de Abril",https://www.facebook.com/vicky.simonetta,20,,"Ciudad Autónoma de Buenos Aires","Buenos Aires",Argentina,1519481836,"Agustina Pelle Müller",
Nico,Carp,nikolas.lc@facebook.com,"23 de Abril",https://www.facebook.com/nikolas.lc,19,,"Ciudad Autónoma de Buenos Aires","Buenos Aires",Argentina,1679070745,"Agustina Pelle Müller",
Tobías,Bernabé,tobias.bernabe@facebook.com,"23 de Abril",https://www.facebook.com/tobias.bernabe,18,,"Ciudad Autónoma de Buenos Aires","Buenos Aires",Argentina,1081066910,"Alan Volper",https://www.facebook.com/alan.volper
Román,Bazzi,robazzi@facebook.com,"22 de Abril",https://www.facebook.com/robazzi,21,,"Ciudad Autónoma de Buenos Aires","Buenos Aires",Argentina,1062386345,"Aldana Queirolo",https://www.facebook.com/aldana.queirolo
Verito,Cuerva,verito.cuerva@facebook.com,"24 de Abril",https://www.facebook.com/verito.cuerva,20,Flores,"Ciudad Autónoma de Buenos Aires","Distrito Federal",Argentina,100002787108001,"Ale Arias Mandarine Park",
Gaspi,Taboada,gaspy.taboada@facebook.com,"23 de Abril",https://www.facebook.com/gaspy.taboada,21,"Villa Pueyrredón","Ciudad Autónoma de Buenos Aires","Distrito Federal",Argentina,1483718799,"Ale Arias Mandarine Park",
Carolina,Tejeiro,caro.tejeiro@facebook.com,"24 de Abril",https://www.facebook.com/caro.tejeiro,19,Versailles,"Ciudad Autónoma de Buenos Aires","Distrito Federal",Argentina,1533309554,"Ale Arias Mandarine Park",
Lucio,Cabas,lucio.cabas.7@facebook.com,"25 de Abril",https://www.facebook.com/lucio.cabas.7,18,,"Ciudad Autónoma de Buenos Aires","Buenos Aires",Argentina,100008256613029,"Ale Cabas",https://www.facebook.com/AleCabas
Mari,Giordano,marianaagiordano@facebook.com,"21 de Abril",https://www.facebook.com/marianaagiordano,18,,"Ciudad Autónoma de Buenos Aires","Buenos Aires",Argentina,1607289983,"Ale Ponzo",https://www.facebook.com/alee.ponzo
Lola,Fernandez,LolaCabrera.Fernandez@facebook.com,"22 de Abril",https://www.facebook.com/LolaCabrera.Fernandez,18,,"Ciudad Autónoma de Buenos Aires","Buenos Aires",Argentina,100004260846460,"Aluhe Morbidoni",
Julieta,Aisenberg,julieta.aisenberg@facebook.com,"24 de Abril",https://www.facebook.com/julieta.aisenberg,21,,"Ciudad Autónoma de Buenos Aires","Buenos Aires",Argentina,830388507,"Ana Glinberg",https://www.facebook.com/ana.glinberg
Kevin,Litvin,klitvin@facebook.com,"21 de Abril",https://www.facebook.com/klitvin,21,,"Ciudad Autónoma de Buenos Aires","Buenos Aires",Argentina,511178848,"Ana Glinberg",https://www.facebook.com/ana.glinberg
Debi,Klapp,debi.klappersack@facebook.com,"21 de Abril",https://www.facebook.com/debi.klappersack,19,,"Ciudad Autónoma de Buenos Aires","Buenos Aires",Argentina,1540132080,"Aniita Canta",https://www.facebook.com/Aniita.Canta
Quii,Que,quiiquee.de.boedoo@facebook.com,"21 de Abril",https://www.facebook.com/quiiquee.de.boedoo,20,,"Ciudad Autónoma de Buenos Aires","Buenos Aires",Argentina,1630572066,"Aniita Canta",https://www.facebook.com/Aniita.Canta
Di,Poggio,di.poggio@facebook.com,"22 de Abril",https://www.facebook.com/di.poggio,18,,"Ciudad Autónoma de Buenos Aires","Buenos Aires",Argentina,1558359214,"Anita Ghersinich",https://www.facebook.com/anita.ghersinich
Priscila,Bao,Prichuubao@facebook.com,"25 de Abril",https://www.facebook.com/Prichuubao,20,,"Ciudad Autónoma de Buenos Aires","Buenos Aires",Argentina,100003754154586,"Anna Laura",https://www.facebook.com/Anna.Laucha
Martina,Rutenberg,martina.rutenberg@facebook.com,"25 de Abril",https://www.facebook.com/martina.rutenberg,21,,"Ciudad Autónoma de Buenos Aires","Buenos Aires",Argentina,1152926809,"Antoine Cornudet",
Juampi,"De Micheli",jp.demicheli@facebook.com,"20 de Abril",https://www.facebook.com/jp.demicheli,19,,"Ciudad Autónoma de Buenos Aires","Buenos Aires",Argentina,1185632550,"Antoine Cornudet",
Pals,Estudiantes,pals.uca@facebook.com,"22 de Abril",https://www.facebook.com/pals.uca,20,,"Ciudad Autónoma de Buenos Aires","Buenos Aires",Argentina,100006197594025,"Antoine Cornudet",
Claudio,Caprarulo,claudio.caprarulo@facebook.com,"22 de Abril",https://www.facebook.com/claudio.caprarulo,19,,"Ciudad Autónoma de Buenos Aires","Buenos Aires",Argentina,100006763207489,"Atilio Fernandez",
Nicolás,Avellaneda,@facebook.com,"22 de Abril",https://www.facebook.com/profile.php?id=100006840525330,19,,"Ciudad Autónoma de Buenos Aires","Buenos Aires",Argentina,100006840525330,"Atilio Fernandez",
July,Sosa,maay.sosa.7@facebook.com,"21 de Abril",https://www.facebook.com/maay.sosa.7,18,"San Telmo","Ciudad Autónoma de Buenos Aires","Buenos Aires",Argentina,100003825108733,"Atilio Fernandez",
YamiLa,"Del Valle",Shasssshi@facebook.com,"22 de Abril",https://www.facebook.com/Shasssshi,18,"La Paternal","Ciudad Autónoma de Buenos Aires","Buenos Aires",Argentina,100000000020751,"Atilio Fernandez",
Leiza,Loto,mati.te.amo.LEIZAyMATI.siempreJUNTOS@facebook.com,"23 de Abril",https://www.facebook.com/mati.te.amo.LEIZAyMATI.siempreJUNTOS,18,"Buenos Aires","Buenos Aires","Buenos Aires",Argentina,100002325088852,"Augusto Lios",augusto.lioscarp
Franco,Ezequiel,Franco.Ezequ1el@facebook.com,"21 de Abril",https://www.facebook.com/Franco.Ezequ1el,21,,"Ciudad Autónoma de Buenos Aires","Buenos Aires",Argentina,100000380241673,"Ayelen Alumine Anahi",https://www.facebook.com/ashe.chabakana
Eveliin,Puga,eveliin.puga@facebook.com,"24 de Abril",https://www.facebook.com/eveliin.puga,20,,"Ciudad Autónoma de Buenos Aires","Buenos Aires",Argentina,100002376023871,"Bë Döbiencita",https://www.facebook.com/be.dobiencita
Lucas,Mascareña,lucas.mascarena@facebook.com,"20 de Abril",https://www.facebook.com/lucas.mascarena,21,,"Ciudad Autónoma de Buenos Aires","Buenos Aires",Argentina,1684734436,"Barby Lanata",https://www.facebook.com/barby.lanata
Rocio,Ruiz,rocioruizsol@facebook.com,"20 de Abril",https://www.facebook.com/rocioruizsol,19,,"Ciudad Autónoma de Buenos Aires","Buenos Aires",Argentina,1146293557,"Barby Suarez",https://www.facebook.com/barby1522
Fernando,Zanfagnin,fernando.zanfagnin@facebook.com,"25 de Abril",https://www.facebook.com/fernando.zanfagnin,19,,"Ciudad Autónoma de Buenos Aires","Buenos Aires",Argentina,1351820306,"Belu Cepa Fraga",
Fati,Fernandez,faati.f@facebook.com,"24 de Abril",https://www.facebook.com/faati.f,18,,"Ciudad Autónoma de Buenos Aires","Buenos Aires",Argentina,1656453417,"Bian Tedesco",https://www.facebook.com/biaantedesco
Guille,Lafuente,guillermo.lafuente@facebook.com,"20 de Abril",https://www.facebook.com/guillermo.lafuente,21,,"Ciudad Autónoma de Buenos Aires","Buenos Aires",Argentina,1508072616,"Braii Venieri",https://www.facebook.com/BraianVenieri
Daani,Funess,daani.funess@facebook.com,"22 de Abril",https://www.facebook.com/daani.funess,18,,"Ciudad Autónoma de Buenos Aires","Buenos Aires",Argentina,100001110515156,"Brenda Araceli Gonzalez",https://www.facebook.com/brendaaraceli.gonzalez
Kevin,Juarez,Kevin.de.brown@facebook.com,"24 de Abril",https://www.facebook.com/Kevin.de.brown,18,,"Ciudad Autónoma de Buenos Aires","Buenos Aires",Argentina,1348660760,"Brian Cano",
Maguii,Diaz,margarita.diaz.501@facebook.com,"20 de Abril",https://www.facebook.com/margarita.diaz.501,19,,"Ciudad Autónoma de Buenos Aires","Buenos Aires",Argentina,100000436200127,"Brian Cano",
Joaana,Aldana,joaana.aldana@facebook.com,"23 de Abril",https://www.facebook.com/joaana.aldana,20,,"Ciudad Autónoma de Buenos Aires","Buenos Aires",Argentina,1529960327,"Brian Cano",
Franco,Savino,SsubliMinalL@facebook.com,"21 de Abril",https://www.facebook.com/SsubliMinalL,20,,"Ciudad Autónoma de Buenos Aires","Buenos Aires",Argentina,1551703639,"Brian Cano",
Tobias,Yanguela,tobias.yanguela@facebook.com,"20 de Abril",https://www.facebook.com/tobias.yanguela,21,,"Ciudad Autónoma de Buenos Aires","Buenos Aires",Argentina,1067204886,"Cami Papiccio",https://www.facebook.com/cami.papiccio
Sofia,Giorgi,sofia.giorgi.167@facebook.com,"24 de Abril",https://www.facebook.com/sofia.giorgi.167,20,,"Ciudad Autónoma de Buenos Aires","Buenos Aires",Argentina,610349024,"Cami Papiccio",https://www.facebook.com/cami.papiccio
Macarena,Belén,macarena.belen.9083@facebook.com,"22 de Abril",https://www.facebook.com/macarena.belen.9083,19,,"Ciudad Autónoma de Buenos Aires","Buenos Aires",Argentina,100006465998282,"Cami Weng",
Maru,Gonzalez,maru.gonzalez.716@facebook.com,"24 de Abril",https://www.facebook.com/maru.gonzalez.716,19,,"Ciudad Autónoma de Buenos Aires","Buenos Aires",Argentina,100001611544573,"Camy Falcón",https://www.facebook.com/Cammy.Falcon
Mauro,Lazarovich,M.Lazarovich@facebook.com,"23 de Abril",https://www.facebook.com/M.Lazarovich,21,,"Ciudad Autónoma de Buenos Aires","Buenos Aires",Argentina,1348689683,"Candelaria Sires Barrantes",
Gaston,Ciceran,gaston.ciceran@facebook.com,"22 de Abril",https://www.facebook.com/gaston.ciceran,19,,"Ciudad Autónoma de Buenos Aires","Buenos Aires",Argentina,514618681,"Carla Diaz",
Diego,Sutton,diego.sutton@facebook.com,"22 de Abril",https://www.facebook.com/diego.sutton,19,,"Ciudad Autónoma de Buenos Aires","Buenos Aires",Argentina,514667363,"Carla Diaz",
Jonathan,Flores,lucas.paez1@facebook.com,"20 de Abril",https://www.facebook.com/lucas.paez1,20,,"Ciudad Autónoma de Buenos Aires","Buenos Aires",Argentina,100002085500997,"Carla Diaz",
Fela,Cuneo,fela.cuneo@facebook.com,"20 de Abril",https://www.facebook.com/fela.cuneo,19,,"Ciudad Autónoma de Buenos Aires","Buenos Aires",Argentina,1404545985,"Caro Remedi",https://www.facebook.com/carol.remedi
Flora,Kanon,flora.hotori@facebook.com,"24 de Abril",https://www.facebook.com/flora.hotori,19,,"Ciudad Autónoma de Buenos Aires","Buenos Aires",Argentina,1272457975,"Carolina Damiano",https://www.facebook.com/carolina.damiano
Camila,Fabricio,camila.machado.bsas@facebook.com,"24 de Abril",https://www.facebook.com/camila.machado.bsas,20,,"Ciudad Autónoma de Buenos Aires","Buenos Aires",Argentina,100002101764750,"Carolina Ribeiro",
Gaby,Tho,gabhi.thoo.3@facebook.com,"24 de Abril",https://www.facebook.com/gabhi.thoo.3,20,,"Ciudad Autónoma de Buenos Aires","Buenos Aires",Argentina,100002596665863,"Celeste Heli",https://www.facebook.com/celeste.heli
Braai,Franco,braii@facebook.com,"23 de Abril",https://www.facebook.com/braii,21,"La Boca","Ciudad Autónoma de Buenos Aires","Buenos Aires",Argentina,1451298021,"Christian Douer Chuky",https://www.facebook.com/christian.chuky
Day,Oleksiuk,day.oleksiuk@facebook.com,"21 de Abril",https://www.facebook.com/day.oleksiuk,19,,"Ciudad Autónoma de Buenos Aires","Buenos Aires",Argentina,100002405696568,"Christian Douer Chuky",https://www.facebook.com/christian.chuky
Mauro,Corniola,mauro.corniola.1@facebook.com,"21 de Abril",https://www.facebook.com/mauro.corniola.1,19,"Villa Devoto","Ciudad Autónoma de Buenos Aires","Buenos Aires",Argentina,1653751697,"Clara Ryan",https://www.facebook.com/clariryaneventos
Sofia,Calca,soficalcagno@facebook.com,"23 de Abril",https://www.facebook.com/soficalcagno,21,,"Ciudad Autónoma de Buenos Aires","Buenos Aires",Argentina,1543673562,"Clari Stagno",
Lucas,Johansen,lucas.johansen.731@facebook.com,"24 de Abril",https://www.facebook.com/lucas.johansen.731,21,,"Ciudad Autónoma de Buenos Aires","Buenos Aires",Argentina,1594451243,"Cristian Andres Romano",
Francisco,Nutinez,francisco.nutinez@facebook.com,"23 de Abril",https://www.facebook.com/francisco.nutinez,20,Colegiales,"Ciudad Autónoma de Buenos Aires","Buenos Aires",Argentina,1010221069,"Cristian Andres Romano",
Marcos,Aguilar,marcos.aguilar.39948@facebook.com,"25 de Abril",https://www.facebook.com/marcos.aguilar.39948,21,,"Ciudad Autónoma de Buenos Aires","Buenos Aires",Argentina,100002326621075,"Dafne Antonella Zas Amy",
Marcos,Aguilar,marcos.aguilar.94849410@facebook.com,"25 de Abril",https://www.facebook.com/marcos.aguilar.94849410,21,,"Ciudad Autónoma de Buenos Aires","Buenos Aires",Argentina,100007511259002,"Dafne Antonella Zas Amy",
Florencia,Gauna,florencia.gauna.90@facebook.com,"20 de Abril",https://www.facebook.com/florencia.gauna.90,19,,"Ciudad Autónoma de Buenos Aires","Buenos Aires",Argentina,1613464705,"Dafne Antonella Zas Amy",
Ro,Laura,ROCHDILAURA@facebook.com,"25 de Abril",https://www.facebook.com/ROCHDILAURA,19,Once,"Ciudad Autónoma de Buenos Aires","Buenos Aires",Argentina,1363105490,"Daiana Soledad Pintos",https://www.facebook.com/Sheena.is
Mauro,Fernandez,@facebook.com,"20 de Abril",https://www.facebook.com/profile.php?id=100007179379135,21,,"Ciudad Autónoma de Buenos Aires","Buenos Aires",Argentina,100007179379135,"Daiana Soledad Pintos",https://www.facebook.com/Sheena.is
Furbo,Discos,furbodiscos@facebook.com,"20 de Abril",https://www.facebook.com/furbodiscos,21,,"Ciudad Autónoma de Buenos Aires","Buenos Aires",Argentina,100007337088717,"Daiana Soledad Pintos",https://www.facebook.com/Sheena.is
Mariano,Jager,@facebook.com,"20 de Abril",https://www.facebook.com/profile.php?id=100007702878991,21,,"Ciudad Autónoma de Buenos Aires","Buenos Aires",Argentina,100007702878991,"Daiana Soledad Pintos",https://www.facebook.com/Sheena.is
Lucila,Murad,Serranistaa16@facebook.com,"24 de Abril",https://www.facebook.com/Serranistaa16,20,,"Ciudad Autónoma de Buenos Aires","Buenos Aires",Argentina,100000234142082,"Daniel Barach",
Agus,Abriata,agus.abriata@facebook.com,"23 de Abril",https://www.facebook.com/agus.abriata,19,,"Ciudad Autónoma de Buenos Aires","Buenos Aires",Argentina,100000392823872,"Daniel Barach",
Maìra,Ayelèn,maira.ayelen.7@facebook.com,"24 de Abril",https://www.facebook.com/maira.ayelen.7,19,,"Ciudad Autónoma de Buenos Aires","Buenos Aires",Argentina,1122355474,"Demián Gabriel",
Eli,Terteryan,eli.terteryan@facebook.com,"24 de Abril",https://www.facebook.com/eli.terteryan,19,,"Ciudad Autónoma de Buenos Aires","Buenos Aires",Argentina,1407165936,"Diego Binayan",https://www.facebook.com/diego.binayan
Any,Alaverdian,Any.Alaverdian@facebook.com,"21 de Abril",https://www.facebook.com/Any.Alaverdian,18,,"Ciudad Autónoma de Buenos Aires","Buenos Aires",Argentina,1516527519,"Diego Binayan",https://www.facebook.com/diego.binayan
Cami,Pereda,camipereda@facebook.com,"24 de Abril",https://www.facebook.com/camipereda,19,,"Ciudad Autónoma de Buenos Aires","Buenos Aires",Argentina,1182930567,"Diego Maciel",
Emi,Carrera,emi.carrera@facebook.com,"21 de Abril",https://www.facebook.com/emi.carrera,21,,"Ciudad Autónoma de Buenos Aires","Buenos Aires",Argentina,1382350099,"Elias Saul",https://www.facebook.com/elias.saul
Bianca,"Figueroa Vinassa",biancafigueroav@facebook.com,"21 de Abril",https://www.facebook.com/biancafigueroav,19,,"Ciudad Autónoma de Buenos Aires","Buenos Aires",Argentina,1585756472,"Emiliano Cazanetz Dick",https://www.facebook.com/emiliano.cazanetzdick
Ine,Chaher,ine.chaher@facebook.com,"23 de Abril",https://www.facebook.com/ine.chaher,19,,"Ciudad Autónoma de Buenos Aires","Buenos Aires",Argentina,692941938,"Emiliano Pirolo",https://www.facebook.com/emi.pirolo
"Eva Carolina","De Dominici",evacarolina.dedominici.9@facebook.com,"21 de Abril",https://www.facebook.com/evacarolina.dedominici.9,19,,"Ciudad Autónoma de Buenos Aires","Buenos Aires",Argentina,100001318621053,"Emiliano Pirolo",https://www.facebook.com/emi.pirolo
"Yamila Belen",Abdala,yamiiracing@facebook.com,"20 de Abril",https://www.facebook.com/yamiiracing,21,Avellaneda,"Ciudad Autónoma de Buenos Aires","Buenos Aires",Argentina,100006645033819,"Emiliano Pirolo",https://www.facebook.com/emi.pirolo
Ivan,"Perez Balbuena",ivan.perezbalbuena@facebook.com,"20 de Abril",https://www.facebook.com/ivan.perezbalbuena,19,,"Ciudad Autónoma de Buenos Aires","Buenos Aires",Argentina,1341226167,"Emiliano Pirolo",https://www.facebook.com/emi.pirolo
Lucas,Barreto,lucasariel.barreto@facebook.com,"20 de Abril",https://www.facebook.com/lucasariel.barreto,18,Saavedra,"Ciudad Autónoma de Buenos Aires","Buenos Aires",Argentina,100007434186185,"Emiliano Pirolo",https://www.facebook.com/emi.pirolo
Cbd,Indumentaria,CBD.Indumentaria@facebook.com,"26 de Abril",https://www.facebook.com/CBD.Indumentaria,19,,"Ciudad Autónoma de Buenos Aires","Buenos Aires",Argentina,100001654530517,"Emiliano Pirolo",https://www.facebook.com/emi.pirolo
Facu,Pérez,FacuPerez95@facebook.com,"24 de Abril",https://www.facebook.com/FacuPerez95,20,,"Ciudad Autónoma de Buenos Aires","Buenos Aires",Argentina,1372024003,"Emiliano Pirolo",https://www.facebook.com/emi.pirolo
Tincho,Sanllorenti,tincho.sanllorenti@facebook.com,"21 de Abril",https://www.facebook.com/tincho.sanllorenti,18,,"Ciudad Autónoma de Buenos Aires","Buenos Aires",Argentina,1021732773,"Emiliano Pirolo",https://www.facebook.com/emi.pirolo
Ines,"Gutierrez Vaquer",ines.gutierrezvaquer@facebook.com,"24 de Abril",https://www.facebook.com/ines.gutierrezvaquer,21,,"Ciudad Autónoma de Buenos Aires","Buenos Aires",Argentina,1804738393,"Eugenia Vega",https://www.facebook.com/eugenitavega
Victoria,Socolovsky,vicky.socolovsky@facebook.com,"26 de Abril",https://www.facebook.com/vicky.socolovsky,21,,"Ciudad Autónoma de Buenos Aires","Buenos Aires",Argentina,1079297563,"Eve Schiera",
Luli,Moriconi,luli.moriconi@facebook.com,"20 de Abril",https://www.facebook.com/luli.moriconi,21,,"Ciudad Autónoma de Buenos Aires","Buenos Aires",Argentina,768449124,"Ezequiel Sebastian Berardi",https://www.facebook.com/EzErAsTa
Sol,Berardi,sol.berardi.5@facebook.com,"21 de Abril",https://www.facebook.com/sol.berardi.5,18,,"Ciudad Autónoma de Buenos Aires","Buenos Aires",Argentina,100003253039415,"Ezequiel Sebastian Berardi",https://www.facebook.com/EzErAsTa
Ivan,Gentilini,ivan.gentilini.7@facebook.com,"24 de Abril",https://www.facebook.com/ivan.gentilini.7,19,,"Ciudad Autónoma de Buenos Aires","Buenos Aires",Argentina,1333958746,"Ezequiel Sebastian Berardi",https://www.facebook.com/EzErAsTa
Fede,Pucciarelli,fede.pucciarelli@facebook.com,"24 de Abril",https://www.facebook.com/fede.pucciarelli,18,,"Ciudad Autónoma de Buenos Aires","Buenos Aires",Argentina,100003326495948,"Fabio Ezequiel Farruggio",https://www.facebook.com/ffachurro
Micaela,Marzilli,miicaa.marzilli@facebook.com,"24 de Abril",https://www.facebook.com/miicaa.marzilli,19,,"Ciudad Autónoma de Buenos Aires","Buenos Aires",Argentina,1332005333,"Fabio Ezequiel Farruggio",https://www.facebook.com/ffachurro
Ornella,Ailin,ornella.ailin@facebook.com,"24 de Abril",https://www.facebook.com/ornella.ailin,19,"Villa Luro","Ciudad Autónoma de Buenos Aires","Buenos Aires",Argentina,1336288343,"Fabio Ezequiel Farruggio",https://www.facebook.com/ffachurro
Barbii,Sanguii,barbii.sanguii@facebook.com,"20 de Abril",https://www.facebook.com/barbii.sanguii,20,,"Ciudad Autónoma de Buenos Aires","Buenos Aires",Argentina,1355509905,"Facu Denegri",
Victoria,Far,viqui.far@facebook.com,"26 de Abril",https://www.facebook.com/viqui.far,19,"Villa Pueyrredón","Ciudad Autónoma de Buenos Aires","Distrito Federal",Argentina,627265447,"Facu Denegri",
Tomás,Ceriani,tomas.ceriani@facebook.com,"26 de Abril",https://www.facebook.com/tomas.ceriani,18,,"Ciudad Autónoma de Buenos Aires","Buenos Aires",Argentina,1464513907,"Facu Denegri",
Simon,Acosta,simon.acosta.378@facebook.com,"26 de Abril",https://www.facebook.com/simon.acosta.378,19,Saavedra,"Ciudad Autónoma de Buenos Aires","Distrito Federal",Argentina,100001969606829,"Facu Denegri",
Lucre,"Ovejero Solá",lucreovejero@facebook.com,"26 de Abril",https://www.facebook.com/lucreovejero,19,,"Ciudad Autónoma de Buenos Aires","Buenos Aires",Argentina,100001635430141,"Facundo Bulacio",https://www.facebook.com/facundo.bulacio
Paula,Ceballos,paulaceballos.93@facebook.com,"26 de Abril",https://www.facebook.com/paulaceballos.93,21,,"Ciudad Autónoma de Buenos Aires","Buenos Aires",Argentina,1403686866,"Facundo Bulacio",https://www.facebook.com/facundo.bulacio
Cane,Devoto,canedevoto@facebook.com,"21 de Abril",https://www.facebook.com/canedevoto,19,,"Ciudad Autónoma de Buenos Aires","Buenos Aires",Argentina,1097585803,"Facundo Bulacio",https://www.facebook.com/facundo.bulacio
Wadalupe,Soler,wuadalupe.soler@facebook.com,"20 de Abril",https://www.facebook.com/wuadalupe.soler,21,,"Ciudad Autónoma de Buenos Aires","Buenos Aires",Argentina,100000540865175,"Federico Carrizo",https://www.facebook.com/federicoc
Nia,Morales,stefaniamneris@facebook.com,"26 de Abril",https://www.facebook.com/stefaniamneris,20,,"Ciudad Autónoma de Buenos Aires","Buenos Aires",Argentina,647466262,"Federico Tonero",https://www.facebook.com/fedeton
Rochi,Poloni,roochi.poloni@facebook.com,"22 de Abril",https://www.facebook.com/roochi.poloni,19,,"Ciudad Autónoma de Buenos Aires","Buenos Aires",Argentina,100000013450830,"Felipe Vidal",https://www.facebook.com/Feelipe.vp
Carolina,Misfit,TetsuNoCaro@facebook.com,"25 de Abril",https://www.facebook.com/TetsuNoCaro,20,"Villa General Mitre","Ciudad Autónoma de Buenos Aires","Buenos Aires",Argentina,100002370571526,"Fett Maidana",fett.maidana
Stefania,Disarm,labios.decerezapurpura@facebook.com,"26 de Abril",https://www.facebook.com/labios.decerezapurpura,21,"Buenos Aires","Buenos Aires","Buenos Aires",Argentina,1011170710,"Fett Maidana",fett.maidana
Rocío,Gutierrez,rochii.huracan@facebook.com,"24 de Abril",https://www.facebook.com/rochii.huracan,19,Array,"Ciudad Autónoma de Buenos Aires","Buenos Aires",Argentina,100001828473921,"Fett Maidana",fett.maidana
Vito,"Aun Castells",victoriaauncastells@facebook.com,"20 de Abril",https://www.facebook.com/victoriaauncastells,20,,"Ciudad Autónoma de Buenos Aires","Buenos Aires",Argentina,1282110146,"Fiestas Baires",
Sharon,"Paez Garcia",sharon.paezgarcia@facebook.com,"21 de Abril",https://www.facebook.com/sharon.paezgarcia,20,,"Ciudad Autónoma de Buenos Aires","Buenos Aires",Argentina,1673094556,"Fiestas Baires",
Carlitos,Fraga,carlitos.fraga@facebook.com,"26 de Abril",https://www.facebook.com/carlitos.fraga,20,,"Ciudad Autónoma de Buenos Aires","Buenos Aires",Argentina,621978579,"Fiestas Baires",
Estefania,MOntejo,inngrid.montejo@facebook.com,"24 de Abril",https://www.facebook.com/inngrid.montejo,21,,"Ciudad Autónoma de Buenos Aires","Buenos Aires",Argentina,100003140884032,"Fiestas Baires",
Cami,Origgi,cami.origgi.1@facebook.com,"22 de Abril",https://www.facebook.com/cami.origgi.1,20,,"Ciudad Autónoma de Buenos Aires","Buenos Aires",Argentina,100003466826445,"Flor Vischi Cortés",https://www.facebook.com/flor.vischi
Gigi,Leon,GiselleLn@facebook.com,"22 de Abril",https://www.facebook.com/GiselleLn,20,,"Ciudad Autónoma de Buenos Aires","Buenos Aires",Argentina,1101515020,"Florencia Pellegrino",
Nicolas,Loyola,nico.vrs@facebook.com,"21 de Abril",https://www.facebook.com/nico.vrs,20,,"Ciudad Autónoma de Buenos Aires","Buenos Aires",Argentina,1525458453,"Franco Palermo",
ShuLy,Carp,carolina.ramires.3139@facebook.com,"22 de Abril",https://www.facebook.com/carolina.ramires.3139,20,,"Ciudad Autónoma de Buenos Aires","Buenos Aires",Argentina,100007100132244,"Franco Palermo",
"?ï? Laa","Rubia ?ï?",chechu.portela.9@facebook.com,"20 de Abril",https://www.facebook.com/chechu.portela.9,20,,"Ciudad Autónoma de Buenos Aires","Buenos Aires",Argentina,100007117352279,"Franco Palermo",
Imanol,Club,imanol.club@facebook.com,"25 de Abril",https://www.facebook.com/imanol.club,21,,"Ciudad Autónoma de Buenos Aires","Buenos Aires",Argentina,100005774288260,"Gastón Alejandro Di Lella",https://www.facebook.com/gastondilella
TheCabe,Fest,CabeFest@facebook.com,"25 de Abril",https://www.facebook.com/CabeFest,21,,"Ciudad Autónoma de Buenos Aires","Buenos Aires",Argentina,100005937102151,"Gastón Alejandro Di Lella",https://www.facebook.com/gastondilella
Pablo,Holik,pablo.holik@facebook.com,"23 de Abril",https://www.facebook.com/pablo.holik,21,,"Ciudad Autónoma de Buenos Aires","Buenos Aires",Argentina,1363726864,"Gustavo Pietrafesa",
Matias,Nigliazzo,matias.nigliazzo@facebook.com,"23 de Abril",https://www.facebook.com/matias.nigliazzo,21,,"Ciudad Autónoma de Buenos Aires","Buenos Aires",Argentina,1484434768,"Gustavo Pietrafesa",
Mauro,Mrf,mauromatiasramiro.fernandez@facebook.com,"22 de Abril",https://www.facebook.com/mauromatiasramiro.fernandez,21,,"Ciudad Autónoma de Buenos Aires","Buenos Aires",Argentina,100000153707654,"Ignacio Lines Ceruti",https://www.facebook.com/ignacio.lines
Andrés,Grecco,andres.grecco@facebook.com,"20 de Abril",https://www.facebook.com/andres.grecco,21,,"Ciudad Autónoma de Buenos Aires","Buenos Aires",Argentina,1421242290,"Ignacio Lines Ceruti",https://www.facebook.com/ignacio.lines
Tomás,Leiro,tomas.leiro@facebook.com,"23 de Abril",https://www.facebook.com/tomas.leiro,19,,"Ciudad Autónoma de Buenos Aires","Buenos Aires",Argentina,1392817001,"Isa Bensusan Millé",
Matías,Prieto,matias.prieto.9@facebook.com,"23 de Abril",https://www.facebook.com/matias.prieto.9,19,,"Ciudad Autónoma de Buenos Aires","Buenos Aires",Argentina,1394079591,"Isa Bensusan Millé",
Marco,Agnoletti,marco.agnoletti.12@facebook.com,"23 de Abril",https://www.facebook.com/marco.agnoletti.12,19,,"Ciudad Autónoma de Buenos Aires","Buenos Aires",Argentina,1409670953,"Isa Bensusan Millé",
Toia,Ugarte,toia.ugarte@facebook.com,"20 de Abril",https://www.facebook.com/toia.ugarte,19,,"Ciudad Autónoma de Buenos Aires","Buenos Aires",Argentina,686895066,"Ivan Achaval",https://www.facebook.com/ivancho.achaval
Sergio,Liszewski,sergio.liszewski@facebook.com,"20 de Abril",https://www.facebook.com/sergio.liszewski,20,,"Ciudad Autónoma de Buenos Aires","Buenos Aires",Argentina,100001774628289,"Ivan Lisz",
Eze,Cyrus,eze.acuna.545@facebook.com,"21 de Abril",https://www.facebook.com/eze.acuna.545,19,,"Ciudad Autónoma de Buenos Aires","Buenos Aires",Argentina,100006950550763,"Jimena Avila",
Antonella,Melamed,antomelamed@facebook.com,"21 de Abril",https://www.facebook.com/antomelamed,21,,"Ciudad Autónoma de Buenos Aires","Buenos Aires",Argentina,788272867,"Joaquin Casoli",
Viky,Labat,viky.labat@facebook.com,"23 de Abril",https://www.facebook.com/viky.labat,20,,"Ciudad Autónoma de Buenos Aires","Buenos Aires",Argentina,1114050916,"Jobs Bar",https://www.facebook.com/jobsbar
Anto,Robledo,anto.robledo.1@facebook.com,"25 de Abril",https://www.facebook.com/anto.robledo.1,21,Coghlan,"Ciudad Autónoma de Buenos Aires","Buenos Aires",Argentina,1046888039,"Jochuu Rodriguez Linck",https://www.facebook.com/jochuu.rodriguezlinck
Franco,Zanola,francozanola6@facebook.com,"22 de Abril",https://www.facebook.com/francozanola6,21,Liniers,"Ciudad Autónoma de Buenos Aires","Buenos Aires",Argentina,1381884070,"Jorge Biamonte",https://www.facebook.com/georgebiamonteok
Facundo,"Epelbaum Nenna",facundo.epelbaumnenna@facebook.com,"20 de Abril",https://www.facebook.com/facundo.epelbaumnenna,19,,"Ciudad Autónoma de Buenos Aires","Buenos Aires",Argentina,1248849655,"Joshua Oglio",
Agoss,Galiano,agoss.galiano@facebook.com,"24 de Abril",https://www.facebook.com/agoss.galiano,19,,"Ciudad Autónoma de Buenos Aires","Buenos Aires",Argentina,1663178767,"Juan Antonio Papagni Meca",https://www.facebook.com/juanantoniopapagnimeca
Jero,"Lo Presti",jeeriitoo@facebook.com,"25 de Abril",https://www.facebook.com/jeeriitoo,18,,"Ciudad Autónoma de Buenos Aires","Buenos Aires",Argentina,1504822750,"Juan Cruz Albornoz",
Mili,Marchesi,mili.marchesi.5@facebook.com,"20 de Abril",https://www.facebook.com/mili.marchesi.5,21,,"Ciudad Autónoma de Buenos Aires","Buenos Aires",Argentina,100000948725582,"Juan Cruz Albornoz",
Josefina,Canil,josecanil1@facebook.com,"24 de Abril",https://www.facebook.com/josecanil1,21,,"Ciudad Autónoma de Buenos Aires","Buenos Aires",Argentina,1188279907,"Juan Martin Segre",https://www.facebook.com/juan.segre
"María Dolores",Olmos,mariadolores.olmos@facebook.com,"21 de Abril",https://www.facebook.com/mariadolores.olmos,20,,"Ciudad Autónoma de Buenos Aires","Buenos Aires",Argentina,1023707154,"Juani Luciani",https://www.facebook.com/ayjuancito83
Coqui,"Cott Ibañez",cottibanez@facebook.com,"23 de Abril",https://www.facebook.com/cottibanez,21,,"Ciudad Autónoma de Buenos Aires","Buenos Aires",Argentina,1049535031,"Juani Muñoz Sanchez",https://www.facebook.com/juandaniel.munoz
Ezequiel,Elicano,ezequiel.elicano@facebook.com,"22 de Abril",https://www.facebook.com/ezequiel.elicano,20,,"Ciudad Autónoma de Buenos Aires","Buenos Aires",Argentina,100001788015798,"Juani Muñoz Sanchez",https://www.facebook.com/juandaniel.munoz
Francisco,Escudeiro,francisco.escudeiro.1@facebook.com,"26 de Abril",https://www.facebook.com/francisco.escudeiro.1,20,,"Ciudad Autónoma de Buenos Aires","Buenos Aires",Argentina,1140717225,"Juanita Lupetrone",https://www.facebook.com/jlupetrone
Vic,Garcia,vic.garcia3@facebook.com,"20 de Abril",https://www.facebook.com/vic.garcia3,21,,"Ciudad Autónoma de Buenos Aires","Buenos Aires",Argentina,1351701680,"Juli Sremac",https://www.facebook.com/juli.sremac
Carolina,Martinez,Caaaaaaaaaaaaaro@facebook.com,"26 de Abril",https://www.facebook.com/Caaaaaaaaaaaaaro,21,,"Ciudad Autónoma de Buenos Aires","Buenos Aires",Argentina,1029094319,"Julieta Abreu Frank",https://www.facebook.com/julieta.abreufrank
Sosegate,JN,@facebook.com,"26 de Abril",https://www.facebook.com/profile.php?id=100007440974989,19,,"Ciudad Autónoma de Buenos Aires","Buenos Aires",Argentina,100007440974989,"Julieta Waterloo",
Marii,Duarte,johana.duarte.792@facebook.com,"26 de Abril",https://www.facebook.com/johana.duarte.792,21,,"Ciudad Autónoma de Buenos Aires","Buenos Aires",Argentina,100000102786718,"Julio Bittancourt",https://www.facebook.com/jbittancourt
Mikaela,"Arce Dos",mikaela.arce.12@facebook.com,"21 de Abril",https://www.facebook.com/mikaela.arce.12,20,,"Ciudad Autónoma de Buenos Aires","Buenos Aires",Argentina,100006297846454,"Julio Roberto Cuevas",https://www.facebook.com/julioroberto.cuevas
Fer,Molina,FerDalmau@facebook.com,"21 de Abril",https://www.facebook.com/FerDalmau,21,,"Ciudad Autónoma de Buenos Aires","Buenos Aires",Argentina,100000371133153,"Julio Roberto Cuevas",https://www.facebook.com/julioroberto.cuevas
Wendy,Houlston,wendy.houlston@facebook.com,"20 de Abril",https://www.facebook.com/wendy.houlston,21,,"Ciudad Autónoma de Buenos Aires","Buenos Aires",Argentina,100003248691125,"Karina Placeriani",https://www.facebook.com/karina.placeriani
Teffy,Ovelar,teffy.malon@facebook.com,"24 de Abril",https://www.facebook.com/teffy.malon,20,,"Ciudad Autónoma de Buenos Aires","Buenos Aires",Argentina,100001436926170,"La Rockeria",https://www.facebook.com/oveja1
Don,Mota,bandas.asecas@facebook.com,"21 de Abril",https://www.facebook.com/bandas.asecas,20,,"Ciudad Autónoma de Buenos Aires","Buenos Aires",Argentina,100002822275325,"La Rockeria",https://www.facebook.com/oveja1
Nicolas,Claus,nn.claus@facebook.com,"22 de Abril",https://www.facebook.com/nn.claus,21,"Buenos Aires","Buenos Aires","Buenos Aires",Argentina,100006461867664,"Leo LugÓn",leolugon
Alan,Cruz,AlaannCruz@facebook.com,"25 de Abril",https://www.facebook.com/AlaannCruz,20,,"Ciudad Autónoma de Buenos Aires","Buenos Aires",Argentina,1522897298,"Lucas Funes",https://www.facebook.com/SkriLef14
Day,Itati,day.itati@facebook.com,"25 de Abril",https://www.facebook.com/day.itati,19,"Buenos Aires","Buenos Aires","Buenos Aires",Argentina,100003361612930,"Luciana Sismondi",lucy.sismondi
Mariano,Merdinger,mariano.merdinger@facebook.com,"22 de Abril",https://www.facebook.com/mariano.merdinger,20,,"Ciudad Autónoma de Buenos Aires","Buenos Aires",Argentina,557724736,"Luli Torres",
Tomas,Valli,tomas.valli.5@facebook.com,"25 de Abril",https://www.facebook.com/tomas.valli.5,19,,"Ciudad Autónoma de Buenos Aires","Buenos Aires",Argentina,100003993568021,"Luli Torres",
Felipe,Caceres,feli.stereo@facebook.com,"25 de Abril",https://www.facebook.com/feli.stereo,21,,"Ciudad Autónoma de Buenos Aires","Buenos Aires",Argentina,100007753148659,"Luli Torres",
Martina,Bonzini,Martu.bonzini@facebook.com,"20 de Abril",https://www.facebook.com/Martu.bonzini,21,,"Ciudad Autónoma de Buenos Aires","Buenos Aires",Argentina,837609555,"Lupe Dávalos",https://www.facebook.com/guadinight
Memi,Rodriguez,memerod@facebook.com,"26 de Abril",https://www.facebook.com/memerod,21,,"Ciudad Autónoma de Buenos Aires","Buenos Aires",Argentina,520913343,"M Agustina Ciarla Quintana",https://www.facebook.com/magustina.quintana
Camii,Alonso,camii.alonso1@facebook.com,"24 de Abril",https://www.facebook.com/camii.alonso1,20,,"Ciudad Autónoma de Buenos Aires","Buenos Aires",Argentina,1667464665,"Maanu C. Rebori",https://www.facebook.com/maanu
Nicolas,Piersanti,nicopier@facebook.com,"24 de Abril",https://www.facebook.com/nicopier,21,,"Ciudad Autónoma de Buenos Aires","Buenos Aires",Argentina,1126574225,"Maanu C. Rebori",https://www.facebook.com/maanu
Fitb,FanStore,fitb.fanstore@facebook.com,"23 de Abril",https://www.facebook.com/fitb.fanstore,18,,"Ciudad Autónoma de Buenos Aires","Buenos Aires",Argentina,100000553641284,"Maanu C. Rebori",https://www.facebook.com/maanu
Jimena,Zaliz,jimenarz@facebook.com,"20 de Abril",https://www.facebook.com/jimenarz,21,,"Ciudad Autónoma de Buenos Aires","Buenos Aires",Argentina,1012154780,"Maga Estevez",
Vanina,Hermosi,vanina.hermosi.3@facebook.com,"24 de Abril",https://www.facebook.com/vanina.hermosi.3,19,,"Ciudad Autónoma de Buenos Aires","Buenos Aires",Argentina,100000949273367,"Malvi Ovando",https://www.facebook.com/malvi.ovando
"Heidi Lou","Make Up",heidi.lousales@facebook.com,"24 de Abril",https://www.facebook.com/heidi.lousales,19,"Villa Del Parque","Ciudad Autónoma de Buenos Aires","Buenos Aires",Argentina,100000971183994,"Malvi Ovando",https://www.facebook.com/malvi.ovando
Tomas,"Lopez Rubin",tomas.lopezrubin@facebook.com,"22 de Abril",https://www.facebook.com/tomas.lopezrubin,18,,"Ciudad Autónoma de Buenos Aires","Buenos Aires",Argentina,100000155469265,"Manuel Saenz",
Tomas,Gurovich,tomas.gurovich@facebook.com,"23 de Abril",https://www.facebook.com/tomas.gurovich,21,,"Ciudad Autónoma de Buenos Aires","Buenos Aires",Argentina,548504561,"Marcelo Braun Menendez",
Axel,Becker,aaxeelcarp@facebook.com,"24 de Abril",https://www.facebook.com/aaxeelcarp,19,,"Ciudad Autónoma de Buenos Aires","Buenos Aires",Argentina,1540993046,"Maria Belén",
Juje,"Lago Levy",juje.lagolevy@facebook.com,"25 de Abril",https://www.facebook.com/juje.lagolevy,20,,"Ciudad Autónoma de Buenos Aires","Buenos Aires",Argentina,1186784709,"Maria Belén",
Martín,Folco,martin.folco.9@facebook.com,"22 de Abril",https://www.facebook.com/martin.folco.9,21,,"Ciudad Autónoma de Buenos Aires","Buenos Aires",Argentina,100002934431214,"Maria Lucila Quarleri",https://www.facebook.com/maria.quarleri
Carlitos,Mehl,carlitos.mehl.9@facebook.com,"23 de Abril",https://www.facebook.com/carlitos.mehl.9,20,,"Ciudad Autónoma de Buenos Aires","Buenos Aires",Argentina,100008232134715,"Martín Álvarez BA I",https://www.facebook.com/Woody.Blair
Agustin,Gaing,agustin.gaing@facebook.com,"26 de Abril",https://www.facebook.com/agustin.gaing,20,,"Ciudad Autónoma de Buenos Aires","Buenos Aires",Argentina,717054823,"Martin Olmedo",
Bautista,Amadeo,bautiamadeo@facebook.com,"24 de Abril",https://www.facebook.com/bautiamadeo,19,,"Ciudad Autónoma de Buenos Aires","Buenos Aires",Argentina,1106343743,"Martin Olmedo",
Alejandro,Boneo,indioeb@facebook.com,"22 de Abril",https://www.facebook.com/indioeb,18,,"Ciudad Autónoma de Buenos Aires","Buenos Aires",Argentina,100000003603178,"Martin Olmedo",
Felipe,Bosch,felipe.bosch.3@facebook.com,"26 de Abril",https://www.facebook.com/felipe.bosch.3,19,,"Ciudad Autónoma de Buenos Aires","Buenos Aires",Argentina,832404097,"Martin Olmedo",
Feede,Alfonso,XSpectrumX@facebook.com,"23 de Abril",https://www.facebook.com/XSpectrumX,18,,"Ciudad Autónoma de Buenos Aires","Buenos Aires",Argentina,100001563911481,"Matías Panero",
Joaco,Goiri,joaco.goiri@facebook.com,"25 de Abril",https://www.facebook.com/joaco.goiri,20,,"Ciudad Autónoma de Buenos Aires","Buenos Aires",Argentina,100001605005712,"Matias Blas",https://www.facebook.com/Matias.Blas
Dani,Sciata,dani.sciata@facebook.com,"20 de Abril",https://www.facebook.com/dani.sciata,21,,"Ciudad Autónoma de Buenos Aires","Buenos Aires",Argentina,1483332926,"Matias Blas",https://www.facebook.com/Matias.Blas
Leandro,Labarque,lele.labar@facebook.com,"23 de Abril",https://www.facebook.com/lele.labar,20,,"Ciudad Autónoma de Buenos Aires","Buenos Aires",Argentina,100003070006281,"Matias Blas",https://www.facebook.com/Matias.Blas
Gonzalo,Ortiz,gonzalo.ortiz.771@facebook.com,"26 de Abril",https://www.facebook.com/gonzalo.ortiz.771,20,,"Ciudad Autónoma de Buenos Aires","Buenos Aires",Argentina,1251032061,"Matias Daniel Pascual",
Micaela,Freue,micaela.freue@facebook.com,"20 de Abril",https://www.facebook.com/micaela.freue,18,,"Ciudad Autónoma de Buenos Aires","Buenos Aires",Argentina,564133133,"Melanie Azar",
Macarena,Alonso,macarena.alonso.75@facebook.com,"21 de Abril",https://www.facebook.com/macarena.alonso.75,21,,"Ciudad Autónoma de Buenos Aires","Buenos Aires",Argentina,1454109437,"Miranda Toderi",https://www.facebook.com/miranda.toderi
Paloma,Esandi,paloma.esandi@facebook.com,"26 de Abril",https://www.facebook.com/paloma.esandi,20,,"Ciudad Autónoma de Buenos Aires","Buenos Aires",Argentina,1166807076,"Miranda Toderi",https://www.facebook.com/miranda.toderi
Florencia,Ovejero,FlorenciaOvejeroo@facebook.com,"22 de Abril",https://www.facebook.com/FlorenciaOvejeroo,18,,"Ciudad Autónoma de Buenos Aires","Buenos Aires",Argentina,1448081043,"Nahu Millicay Pereyra",https://www.facebook.com/nahumilli
Hugo,Fersztut,hugo.fersztut@facebook.com,"26 de Abril",https://www.facebook.com/hugo.fersztut,20,,"Ciudad Autónoma de Buenos Aires","Buenos Aires",Argentina,100000022104678,"Nano Vaquer",
Guido,Cataldo,guido.cataldo.7@facebook.com,"22 de Abril",https://www.facebook.com/guido.cataldo.7,20,,"Ciudad Autónoma de Buenos Aires","Buenos Aires",Argentina,1444372427,"Nano Vaquer",
Tati,Rosella,tati.rosella@facebook.com,"23 de Abril",https://www.facebook.com/tati.rosella,21,,"Ciudad Autónoma de Buenos Aires","Buenos Aires",Argentina,1242571923,"Nano Vaquer",
Investigación,"Fundación Foro",investigacion.fundacionforo@facebook.com,"24 de Abril",https://www.facebook.com/investigacion.fundacionforo,18,,"Ciudad Autónoma de Buenos Aires","Buenos Aires",Argentina,100000689008380,"Natalia Walter",
Juan,D'Aqui,juan.daqui@facebook.com,"22 de Abril",https://www.facebook.com/juan.daqui,20,,"Ciudad Autónoma de Buenos Aires","Buenos Aires",Argentina,1111757658,"Nazarena Sierra",
Francisco,Bertran,francisco.bertran@facebook.com,"26 de Abril",https://www.facebook.com/francisco.bertran,18,,"Ciudad Autónoma de Buenos Aires","Buenos Aires",Argentina,100000288002724,"Nico Mackinlay",
Fede,Pascual,fede.pascual.9@facebook.com,"22 de Abril",https://www.facebook.com/fede.pascual.9,20,,"Ciudad Autónoma de Buenos Aires","Buenos Aires",Argentina,1042592095,"Nico Mackinlay",
Nadia,Abrigo,NadiAbrigo@facebook.com,"22 de Abril",https://www.facebook.com/NadiAbrigo,21,,"Ciudad Autónoma de Buenos Aires","Buenos Aires",Argentina,1423927542,"Noe Guillén",https://www.facebook.com/noeguillen20
Flor,Herrero,flor.herrero.9@facebook.com,"24 de Abril",https://www.facebook.com/flor.herrero.9,21,,"Ciudad Autónoma de Buenos Aires","Buenos Aires",Argentina,1018886158,"Noelia Sarquiz",https://www.facebook.com/noelia.sarquiz
Cami,Freytag,cami.freytag@facebook.com,"22 de Abril",https://www.facebook.com/cami.freytag,21,,"Ciudad Autónoma de Buenos Aires","Buenos Aires",Argentina,1036843132,"Noelia Sarquiz",https://www.facebook.com/noelia.sarquiz
Bray,Hilton,bryan.oviedo1@facebook.com,"22 de Abril",https://www.facebook.com/bryan.oviedo1,20,,"Ciudad Autónoma de Buenos Aires","Buenos Aires",Argentina,100001713943288,"Pedro Lopezyfernandez",https://www.facebook.com/pedronahuel
Ami,"Abdala Armendariz",amira.abdalaarmendariz@facebook.com,"21 de Abril",https://www.facebook.com/amira.abdalaarmendariz,21,"Buenos Aires","Buenos Aires","Buenos Aires",Argentina,100006387217513,"Peter GC",PetergcMusic
Alan,Tursky,,"21 de Abril",https://www.facebook.com/profile.php?id=1132243476,21,"Buenos Aires","Buenos Aires","Buenos Aires",Argentina,1132243476,"Peter GC",PetergcMusic
Laru,Miño,laru.mino.7@facebook.com,"23 de Abril",https://www.facebook.com/laru.mino.7,21,"Buenos Aires","Buenos Aires","Buenos Aires",Argentina,100003898729248,"Peter GC",PetergcMusic
Marce,Sombra,TheBlack.me@facebook.com,"25 de Abril",https://www.facebook.com/TheBlack.me,20,"Buenos Aires","Buenos Aires","Buenos Aires",Argentina,1622131065,"Rebe Gonzalez",RebeeGonzalez
Nacho,Osterc,nacho.osterc@facebook.com,"22 de Abril",https://www.facebook.com/nacho.osterc,19,,"Ciudad Autónoma de Buenos Aires","Buenos Aires",Argentina,100000753262591,"Santi Osterc",https://www.facebook.com/santiosterc
Pablo,Clavero,pablo.clavero.18@facebook.com,"25 de Abril",https://www.facebook.com/pablo.clavero.18,19,,"Ciudad Autónoma de Buenos Aires","Buenos Aires",Argentina,100001056652358,"Santiago Gutierrez",
Compro,"Vendo Moron",@facebook.com,"24 de Abril",https://www.facebook.com/profile.php?id=100008189045093,18,,"Ciudad Autónoma de Buenos Aires","Buenos Aires",Argentina,100008189045093,"Silvia Fernandez",https://www.facebook.com/silviafernandezchivi
Jime,Rodríguez,jimeee.cabj@facebook.com,"24 de Abril",https://www.facebook.com/jimeee.cabj,19,"Parque Chas","Ciudad Autónoma de Buenos Aires","Buenos Aires",Argentina,620911241,"Silvia Fernandez",https://www.facebook.com/silviafernandezchivi
"Marii De Ge",Ch,nickol12@facebook.com,"25 de Abril",https://www.facebook.com/nickol12,19,,"Ciudad Autónoma de Buenos Aires","Buenos Aires",Argentina,100000819271909,"Silvia Fernandez",https://www.facebook.com/silviafernandezchivi
"Empresarias Pymes",Asempio,empresariaspymes.asempio@facebook.com,"20 de Abril",https://www.facebook.com/empresariaspymes.asempio,20,,"Ciudad Autónoma de Buenos Aires","Buenos Aires",Argentina,100004163226875,"Silvina Yanina Albornoz Garlepp",https://www.facebook.com/silvinayaninaalbornozgarl
Nahuel,Raspanti,nahuel.raspanti@facebook.com,"21 de Abril",https://www.facebook.com/nahuel.raspanti,20,,"Ciudad Autónoma de Buenos Aires","Buenos Aires",Argentina,1158063189,"Sindy Elisa Szczucky",https://www.facebook.com/sindy.szczucky
Simon,Hayes,simon.hayes.54@facebook.com,"20 de Abril",https://www.facebook.com/simon.hayes.54,20,,"Ciudad Autónoma de Buenos Aires","Buenos Aires",Argentina,1093125197,"Sofía Barreira",https://www.facebook.com/sofia.barreiram
Sofi,Moda,sofi.moda.79@facebook.com,"22 de Abril",https://www.facebook.com/sofi.moda.79,20,,"Ciudad Autónoma de Buenos Aires","Buenos Aires",Argentina,100006732103325,"Sofu Maddonni",https://www.facebook.com/ssofiia
Aldi,Carballo,AldiKar@facebook.com,"26 de Abril",https://www.facebook.com/AldiKar,20,,"Ciudad Autónoma de Buenos Aires","Buenos Aires",Argentina,1274695300,"Sol Policastro",https://www.facebook.com/solangeforever
Carolina,Briamonte,carolina.briamonte@facebook.com,"21 de Abril",https://www.facebook.com/carolina.briamonte,21,,"Ciudad Autónoma de Buenos Aires","Buenos Aires",Argentina,1182195494,"Stefi Chiarullo",https://www.facebook.com/stefi.chiarullo
Diego,Martín,diegomartin22@facebook.com,"22 de Abril",https://www.facebook.com/diegomartin22,21,,"Ciudad Autónoma de Buenos Aires","Buenos Aires",Argentina,1443631031,"Sumatra Shows",https://www.facebook.com/sumatrashows
Gastón,Iglesias,GastonIglesias25@facebook.com,"21 de Abril",https://www.facebook.com/GastonIglesias25,18,,"Ciudad Autónoma de Buenos Aires","Buenos Aires",Argentina,100000957193566,"Thomas Jensen",
Vanina,Ríos,vanina.rios.92@facebook.com,"23 de Abril",https://www.facebook.com/vanina.rios.92,19,,"Ciudad Autónoma de Buenos Aires","Buenos Aires",Argentina,1141230204,"Thomas Jensen",
"Eliana Karen",Aguirre,eliana.karenn@facebook.com,"24 de Abril",https://www.facebook.com/eliana.karenn,19,,"Ciudad Autónoma de Buenos Aires","Buenos Aires",Argentina,100001687694372,"Tomás Eis",
Julieta,Marzadri,yuu.marzadrii@facebook.com,"24 de Abril",https://www.facebook.com/yuu.marzadrii,21,,"Ciudad Autónoma de Buenos Aires","Buenos Aires",Argentina,1176634191,"Tomas Zocca",https://www.facebook.com/tomyzocca
Leticia,Amarilla,letii.amarilla@facebook.com,"23 de Abril",https://www.facebook.com/letii.amarilla,21,,"Ciudad Autónoma de Buenos Aires","Buenos Aires",Argentina,100001134518177,"Vale Piedra",https://www.facebook.com/Valepiedra
Sol,Vivanco,svivanco4@facebook.com,"24 de Abril",https://www.facebook.com/svivanco4,20,,"Ciudad Autónoma de Buenos Aires","Buenos Aires",Argentina,554349742,"Valentino Fabre",https://www.facebook.com/valenfabre
Emi,Lavigne,emi.lavigne@facebook.com,"25 de Abril",https://www.facebook.com/emi.lavigne,20,,"Ciudad Autónoma de Buenos Aires","Buenos Aires",Argentina,1110746929,"Vicky Diaz",
Rodri,Safdie,rodri.safdie@facebook.com,"26 de Abril",https://www.facebook.com/rodri.safdie,18,,"Ciudad Autónoma de Buenos Aires","Buenos Aires",Argentina,1045151942,"Vicky Diaz",
Juan,Purita,juan.purita@facebook.com,"22 de Abril",https://www.facebook.com/juan.purita,21,,"Ciudad Autónoma de Buenos Aires","Buenos Aires",Argentina,1202333653,"Victoria Casado",
Lucía,Marquez,lu.marquez@facebook.com,"20 de Abril",https://www.facebook.com/lu.marquez,21,,"Ciudad Autónoma de Buenos Aires","Buenos Aires",Argentina,1013686133,"Victoria Casado",
Ailin,Zalazar,ailu.zalazar@facebook.com,"21 de Abril",https://www.facebook.com/ailu.zalazar,20,,"Ciudad Autónoma de Buenos Aires","Buenos Aires",Argentina,1312666294,"Victoria Casado",
Delfina,Macri,delfina.macri@facebook.com,"23 de Abril",https://www.facebook.com/delfina.macri,21,,"Ciudad Autónoma de Buenos Aires","Buenos Aires",Argentina,601623650,"Victoria Casado",
Lauti,"Lahiguera Sanchez",lauti.lahiguerasanchez@facebook.com,"23 de Abril",https://www.facebook.com/lauti.lahiguerasanchez,19,,"Ciudad Autónoma de Buenos Aires","Buenos Aires",Argentina,100003033794491,"Yanina Battiato",
??,?,diana.lin.31105@facebook.com,"26 de Abril",https://www.facebook.com/diana.lin.31105,18,,"Ciudad Autónoma de Buenos Aires","Buenos Aires",Argentina,100002723169605,"Yasu Higa",
