Nombre,Apellido,"Email Facebook",Cumpleaños,"Usuario Facebook",Edad,Barrio,Ciudad,Provincia,Pais,"ID Facebook","Amigo De","Amigo De (Usuario)"
Agus,Puig,agus.puig.9@facebook.com,"17 de Abril",https://www.facebook.com/agus.puig.9,21,,"Ciudad Autónoma de Buenos Aires","Buenos Aires",Argentina,657082293,"Agus Leoni",https://www.facebook.com/agustina.leoni
Valen,Consiglieri,ValenConsiglieri@facebook.com,"15 de Abril",https://www.facebook.com/ValenConsiglieri,19,,"Ciudad Autónoma de Buenos Aires","Buenos Aires",Argentina,1408459947,"Agus Rodriguez",
Lula,Ghiglione,lucila.ghiglione@facebook.com,"17 de Abril",https://www.facebook.com/lucila.ghiglione,19,,"Ciudad Autónoma de Buenos Aires","Buenos Aires",Argentina,1133596170,"Agus Rodriguez",
Clari,Valdivieso,claravaldivieso@facebook.com,"18 de Abril",https://www.facebook.com/claravaldivieso,18,,"Ciudad Autónoma de Buenos Aires","Buenos Aires",Argentina,676109554,"Agus Rodriguez",
Joaquin,Martin,joaquin.martin.904@facebook.com,"17 de Abril",https://www.facebook.com/joaquin.martin.904,19,,"Ciudad Autónoma de Buenos Aires","Buenos Aires",Argentina,1189537041,"Agus Rodriguez",
Augusto,Claisse,augusto.claisse@facebook.com,"19 de Abril",https://www.facebook.com/augusto.claisse,20,,"Ciudad Autónoma de Buenos Aires","Buenos Aires",Argentina,1408337332,"Agustin Blanco",
Lali,Fernandez,ShineOnYouBabe@facebook.com,"15 de Abril",https://www.facebook.com/ShineOnYouBabe,20,,"Ciudad Autónoma de Buenos Aires","Buenos Aires",Argentina,631120037,"Agustin Blanco",
Belu,Blanco,biilu@facebook.com,"14 de Abril",https://www.facebook.com/biilu,21,,"Ciudad Autónoma de Buenos Aires","Buenos Aires",Argentina,1038408460,"Agustin Blanco",
Nahuel,Esteve,nahuel.esteve@facebook.com,"16 de Abril",https://www.facebook.com/nahuel.esteve,21,Núñez,"Ciudad Autónoma de Buenos Aires","Buenos Aires",Argentina,1386304334,"Agustin De Pascali",https://www.facebook.com/agustin.depascali
Jesuana,Coria,jesuana.coria@facebook.com,"14 de Abril",https://www.facebook.com/jesuana.coria,21,Congreso,"Ciudad Autónoma de Buenos Aires","Buenos Aires",Argentina,1015746609,"Agustin Justin",https://www.facebook.com/Agustin.Justin
Oriana,"Sabatini Fulop",oriana.sabatinifulop.7@facebook.com,"19 de Abril",https://www.facebook.com/oriana.sabatinifulop.7,18,,"Ciudad Autónoma de Buenos Aires","Buenos Aires",Argentina,100006690485252,"Agustin Sujo",https://www.facebook.com/agustin.sujook
Oriana,"Sabatini Fulop",oriana.sabatini.52643@facebook.com,"19 de Abril",https://www.facebook.com/oriana.sabatini.52643,18,,"Ciudad Autónoma de Buenos Aires","Buenos Aires",Argentina,100006993363954,"Agustin Sujo",https://www.facebook.com/agustin.sujook
Orii,?ï?,OreeoSabatini@facebook.com,"19 de Abril",https://www.facebook.com/OreeoSabatini,18,"San Isidro","San Isidro","Buenos Aires",Argentina,100007115412642,"Agustin Sujo",https://www.facebook.com/agustin.sujook
Ori,Sabatini,ori.sabatini.98478@facebook.com,"19 de Abril",https://www.facebook.com/ori.sabatini.98478,19,,"Ciudad Autónoma de Buenos Aires","Buenos Aires",Argentina,100007488120493,"Agustin Sujo",https://www.facebook.com/agustin.sujook
Oriana,"Sabatini F",OrianGSabatiniOficiall@facebook.com,"19 de Abril",https://www.facebook.com/OrianGSabatiniOficiall,18,"San Isidro","San Isidro","Buenos Aires",Argentina,100007760161357,"Agustin Sujo",https://www.facebook.com/agustin.sujook
Ori,Sabatini,OrianaSabatiniOficialAliados@facebook.com,"19 de Abril",https://www.facebook.com/OrianaSabatiniOficialAliados,21,,"Ciudad Autónoma de Buenos Aires","Buenos Aires",Argentina,100006478457533,"Agustin Sujo",https://www.facebook.com/agustin.sujook
Ori,Sabatini,orianasabatinifulop@facebook.com,"19 de Abril",https://www.facebook.com/orianasabatinifulop,18,,"Ciudad Autónoma de Buenos Aires","Buenos Aires",Argentina,100006606964514,"Agustin Sujo",https://www.facebook.com/agustin.sujook
Agus,Zwirner,agus.zwirner@facebook.com,"14 de Abril",https://www.facebook.com/agus.zwirner,20,,"Ciudad Autónoma de Buenos Aires","Buenos Aires",Argentina,1201172526,"Agustina Del Rosario Anzisi",https://www.facebook.com/AgustinadelRosario
Flor,Aresti,floraresti@facebook.com,"15 de Abril",https://www.facebook.com/floraresti,21,,"Ciudad Autónoma de Buenos Aires","Buenos Aires",Argentina,833534277,"Agustina Del Rosario Anzisi",https://www.facebook.com/AgustinadelRosario
Geba,"Mayores E",geba.mayorese.3@facebook.com,"13 de Abril",https://www.facebook.com/geba.mayorese.3,20,,"Ciudad Autónoma de Buenos Aires","Buenos Aires",Argentina,100005749083302,"Agustina Del Rosario Anzisi",https://www.facebook.com/AgustinadelRosario
Modvin,Modvin,mod.vin.9@facebook.com,"13 de Abril",https://www.facebook.com/mod.vin.9,20,,"Ciudad Autónoma de Buenos Aires","Buenos Aires",Argentina,100006299652631,"Agustina Del Rosario Anzisi",https://www.facebook.com/AgustinadelRosario
Sofii,Dunne,sofii.dunne@facebook.com,"13 de Abril",https://www.facebook.com/sofii.dunne,19,,"Ciudad Autónoma de Buenos Aires","Buenos Aires",Argentina,100001694704716,"Agustina Ortega",https://www.facebook.com/agustina.ortega3
Matias,Lloveras,Mathiii.l@facebook.com,"18 de Abril",https://www.facebook.com/Mathiii.l,21,,"Ciudad Autónoma de Buenos Aires","Buenos Aires",Argentina,563907817,"Agustina Pelle Müller",
Ivan,Capdevila,ivan.capdevila.3@facebook.com,"19 de Abril",https://www.facebook.com/ivan.capdevila.3,19,,"Ciudad Autónoma de Buenos Aires","Buenos Aires",Argentina,100001067004871,"Agustina Pelle Müller",
Lau,Tii,lautyde.vdm.7@facebook.com,"17 de Abril",https://www.facebook.com/lautyde.vdm.7,21,,"Ciudad Autónoma de Buenos Aires","Buenos Aires",Argentina,100001588764804,"Agustina Pelle Müller",
Cristian,Amarillo,cristian.amarillo.5@facebook.com,"18 de Abril",https://www.facebook.com/cristian.amarillo.5,19,,"Ciudad Autónoma de Buenos Aires","Buenos Aires",Argentina,100000892954146,"Agustina Pelle Müller",
Valentiina,Varela,valentina.varela.31@facebook.com,"16 de Abril",https://www.facebook.com/valentina.varela.31,19,Olivos,Olivos,"Buenos Aires",Argentina,100003874422746,"Agustina Pelle Müller",
Natalia,Balliever,natalia.balliever@facebook.com,"16 de Abril",https://www.facebook.com/natalia.balliever,20,,"Ciudad Autónoma de Buenos Aires","Buenos Aires",Argentina,100004044092730,"Agustina Pelle Müller",
Pato,Ginestar,pato.ginestar@facebook.com,"16 de Abril",https://www.facebook.com/pato.ginestar,20,,"Ciudad Autónoma de Buenos Aires","Buenos Aires",Argentina,100001431913146,"Agustina Pelle Müller",
Niico,Almiron,niko.almiron2@facebook.com,"14 de Abril",https://www.facebook.com/niko.almiron2,18,,"Ciudad Autónoma de Buenos Aires","Buenos Aires",Argentina,100002013380176,"Agustina Pelle Müller",
"José De San",Kim,josedesan.kim@facebook.com,"13 de Abril",https://www.facebook.com/josedesan.kim,20,"Buenos Aires","Buenos Aires","Buenos Aires",Argentina,1151624966,"Alan Yun",kimosam
Iván,Toledo,banah14@facebook.com,"14 de Abril",https://www.facebook.com/banah14,19,"San Cristóbal","Ciudad Autónoma de Buenos Aires","Distrito Federal",Argentina,1744099767,"Ale Arias Mandarine Park",
Luciano,Rossi,BasswellDj@facebook.com,"13 de Abril",https://www.facebook.com/BasswellDj,21,,"Ciudad Autónoma de Buenos Aires","Buenos Aires",Argentina,100000107985486,"Ale Arias Mandarine Park",
Magali,Lucero,MaaguiMendezLucero@facebook.com,"16 de Abril",https://www.facebook.com/MaaguiMendezLucero,21,"Villa Crespo","Ciudad Autónoma de Buenos Aires","Distrito Federal",Argentina,1517290100,"Ale Arias Mandarine Park",
Luli,"Quemera ?i?",larubeaaqemeraa@facebook.com,"15 de Abril",https://www.facebook.com/larubeaaqemeraa,19,"Nueva Pompeya","Ciudad Autónoma de Buenos Aires","Distrito Federal",Argentina,1382612252,"Ale Arias Mandarine Park",
Agustin,Vitale,agustin.vitale.79@facebook.com,"14 de Abril",https://www.facebook.com/agustin.vitale.79,21,,"Ciudad Autónoma de Buenos Aires","Buenos Aires",Argentina,1532904064,"Ale Arias Mandarine Park",
Lali,Miño,laura.mino.77398@facebook.com,"19 de Abril",https://www.facebook.com/laura.mino.77398,21,,"Ciudad Autónoma de Buenos Aires","Buenos Aires",Argentina,100004520379708,"Ale Arias Mandarine Park",
Tamara,Alves,itamyalves@facebook.com,"19 de Abril",https://www.facebook.com/itamyalves,21,,"Ciudad Autónoma de Buenos Aires","Buenos Aires",Argentina,1102330071,"Alejandra Ale Roldan",
Nahuel,Palumbo,nahuel.palumbo@facebook.com,"18 de Abril",https://www.facebook.com/nahuel.palumbo,21,,"Ciudad Autónoma de Buenos Aires","Buenos Aires",Argentina,1089908194,"Alejandro Cocktila Acosta",https://www.facebook.com/alejandro.acosta
Martin,Varela,martinvarela@facebook.com,"14 de Abril",https://www.facebook.com/martinvarela,20,,"Ciudad Autónoma de Buenos Aires","Buenos Aires",Argentina,727036106,"Alexia Garcia",https://www.facebook.com/garciaalexiia
Agus,Kim,agus.kim.5@facebook.com,"15 de Abril",https://www.facebook.com/agus.kim.5,21,,"Ciudad Autónoma de Buenos Aires","Buenos Aires",Argentina,1535857402,"Alexis Moyano",
Cintia,Aguirre,cintia.aguirre2@facebook.com,"19 de Abril",https://www.facebook.com/cintia.aguirre2,19,Pilar,Pilar,"Buenos Aires",Argentina,1835740209,"Aluhe Morbidoni",
Agustín,Moyano,agustin.moyano.773@facebook.com,"19 de Abril",https://www.facebook.com/agustin.moyano.773,18,,"Ciudad Autónoma de Buenos Aires","Buenos Aires",Argentina,100000480328177,"Aluhe Morbidoni",
Davinchi,Deboedo,davinchi.deboedo@facebook.com,"18 de Abril",https://www.facebook.com/davinchi.deboedo,19,Boedo,"Ciudad Autónoma de Buenos Aires","Distrito Federal",Argentina,100001978971155,"Álvarez Pablo",
"Por Tu Culpa",Ind,portuculpaind@facebook.com,"19 de Abril",https://www.facebook.com/portuculpaind,21,,"Ciudad Autónoma de Buenos Aires","Buenos Aires",Argentina,100001295003925,"Ana Glinberg",https://www.facebook.com/ana.glinberg
Agustin,Hernandez,HernandezDJ2013@facebook.com,"16 de Abril",https://www.facebook.com/HernandezDJ2013,19,,"Ciudad Autónoma de Buenos Aires","Buenos Aires",Argentina,100000976851926,"Anna Laura",https://www.facebook.com/Anna.Laucha
Fede,Medina,fede.medina.3194@facebook.com,"16 de Abril",https://www.facebook.com/fede.medina.3194,19,,"Ciudad Autónoma de Buenos Aires","Buenos Aires",Argentina,100000977961622,"Anna Laura",https://www.facebook.com/Anna.Laucha
Frankiitoo,Alegre,frankiitoo.alegre.5@facebook.com,"16 de Abril",https://www.facebook.com/frankiitoo.alegre.5,18,,"Ciudad Autónoma de Buenos Aires","Buenos Aires",Argentina,100004470159399,"Anna Laura",https://www.facebook.com/Anna.Laucha
Lu,Morlang,lulita.chiquita@facebook.com,"17 de Abril",https://www.facebook.com/lulita.chiquita,19,,"Ciudad Autónoma de Buenos Aires","Buenos Aires",Argentina,100002918748629,"Anna Laura",https://www.facebook.com/Anna.Laucha
Magalí,Villalva,Magaaliiiiv@facebook.com,"17 de Abril",https://www.facebook.com/Magaaliiiiv,21,,"Ciudad Autónoma de Buenos Aires","Buenos Aires",Argentina,1595172729,"Anna Laura",https://www.facebook.com/Anna.Laucha
Vero,Vargas,vero.vargas.5@facebook.com,"17 de Abril",https://www.facebook.com/vero.vargas.5,19,,"Ciudad Autónoma de Buenos Aires","Buenos Aires",Argentina,100001613493098,"Anna Laura",https://www.facebook.com/Anna.Laucha
Agustin,Ystueta,aguus.ystueta@facebook.com,"15 de Abril",https://www.facebook.com/aguus.ystueta,19,,"Ciudad Autónoma de Buenos Aires","Buenos Aires",Argentina,100000738410639,"Anna Laura",https://www.facebook.com/Anna.Laucha
Facundo,Dellacasa,facundo.dellacasa.7@facebook.com,"16 de Abril",https://www.facebook.com/facundo.dellacasa.7,19,,"Ciudad Autónoma de Buenos Aires","Buenos Aires",Argentina,100000918836776,"Anna Laura",https://www.facebook.com/Anna.Laucha
Barbi,Piñeyro,amorbar@facebook.com,"13 de Abril",https://www.facebook.com/amorbar,20,,"Ciudad Autónoma de Buenos Aires","Buenos Aires",Argentina,1328673682,"Ariel Rivera",
Crisol,"Proyectos Sociales",crisol.proyectossociales@facebook.com,"19 de Abril",https://www.facebook.com/crisol.proyectossociales,20,,"Ciudad Autónoma de Buenos Aires","Buenos Aires",Argentina,741112411,"Ariel Villarreal",
Ezequiel,Suero,ezequiel.suero@facebook.com,"15 de Abril",https://www.facebook.com/ezequiel.suero,20,Array,"Ciudad Autónoma de Buenos Aires","Buenos Aires",Argentina,100000347972814,"Augusto Lios",augusto.lioscarp
Christian,Semeraro,chfran.vader@facebook.com,"13 de Abril",https://www.facebook.com/chfran.vader,20,"Buenos Aires","Buenos Aires","Buenos Aires",Argentina,100002542846766,"Augusto Lios",augusto.lioscarp
Fer,Mayer,carlitos.mayer@facebook.com,"16 de Abril",https://www.facebook.com/carlitos.mayer,20,,"Ciudad Autónoma de Buenos Aires","Buenos Aires",Argentina,1167516634,"Axx Agustin",https://www.facebook.com/Ax.Agustin
Vic,Terán,vic.teran@facebook.com,"13 de Abril",https://www.facebook.com/vic.teran,20,,"Ciudad Autónoma de Buenos Aires","Buenos Aires",Argentina,704091345,"Axx Agustin",https://www.facebook.com/Ax.Agustin
Juan,"Tobias Cordova",jtobiascordova@facebook.com,"19 de Abril",https://www.facebook.com/jtobiascordova,19,,"Ciudad Autónoma de Buenos Aires","Buenos Aires",Argentina,1032310193,"Aylu Macchi",
Nicolas,Cersosimo,ncersosimo1@facebook.com,"18 de Abril",https://www.facebook.com/ncersosimo1,18,,"Ciudad Autónoma de Buenos Aires","Buenos Aires",Argentina,1139659440,"Aylu Macchi",
Camila,Lorenzini,letsthechaosbeging@facebook.com,"19 de Abril",https://www.facebook.com/letsthechaosbeging,20,,"Ciudad Autónoma de Buenos Aires","Buenos Aires",Argentina,1112582756,"Ayu Casanova",
Vicky,Arguello,vicky.arguello.94@facebook.com,"18 de Abril",https://www.facebook.com/vicky.arguello.94,20,,"Ciudad Autónoma de Buenos Aires","Buenos Aires",Argentina,1245972855,"Bë Döbiencita",https://www.facebook.com/be.dobiencita
Chapa,Chapon,chapa.chapita.chapon@facebook.com,"18 de Abril",https://www.facebook.com/chapa.chapita.chapon,20,,"Ciudad Autónoma de Buenos Aires","Buenos Aires",Argentina,1252160620,"Bë Döbiencita",https://www.facebook.com/be.dobiencita
Fiorella,Chicote,fiorella.chicote@facebook.com,"17 de Abril",https://www.facebook.com/fiorella.chicote,20,,"Ciudad Autónoma de Buenos Aires","Buenos Aires",Argentina,584036906,"Barby Suarez",https://www.facebook.com/barby1522
Juli,Goyret,juli.goyret@facebook.com,"15 de Abril",https://www.facebook.com/juli.goyret,21,,"Ciudad Autónoma de Buenos Aires","Buenos Aires",Argentina,100002968964909,"Belu Alvarez",
Sofía,Cejudo,sofia.cejudo.71@facebook.com,"18 de Abril",https://www.facebook.com/sofia.cejudo.71,19,"Bella Vista","Bella Vista","Buenos Aires",Argentina,100007745851359,"Bren Gayol",
Santiago,Montagner,santiago.montagner@facebook.com,"18 de Abril",https://www.facebook.com/santiago.montagner,19,"Bella Vista","Bella Vista","Buenos Aires",Argentina,651172416,"Bren Gayol",
Virginia,Cejudo,virginia.cejudo@facebook.com,"18 de Abril",https://www.facebook.com/virginia.cejudo,19,"Bella Vista","Bella Vista","Buenos Aires",Argentina,1553380732,"Bren Gayol",
Facundo,"Bedoya Guido",facundo.bedoyaguido@facebook.com,"16 de Abril",https://www.facebook.com/facundo.bedoyaguido,20,"Bella Vista","Bella Vista","Buenos Aires",Argentina,1184753435,"Bren Gayol",
David,"Maríngolo Temperley",david.maringolotemperley@facebook.com,"13 de Abril",https://www.facebook.com/david.maringolotemperley,21,,"Ciudad Autónoma de Buenos Aires","Buenos Aires",Argentina,100000024161128,"Brenda Araceli Gonzalez",https://www.facebook.com/brendaaraceli.gonzalez
"Grupo Juvenil",Misionero,grupojuvenil.misionero@facebook.com,"14 de Abril",https://www.facebook.com/grupojuvenil.misionero,18,,"Ciudad Autónoma de Buenos Aires","Buenos Aires",Argentina,100003724962346,"Brenda Araceli Gonzalez",https://www.facebook.com/brendaaraceli.gonzalez
Santy,Lensina,santytkd@facebook.com,"16 de Abril",https://www.facebook.com/santytkd,20,,"Ciudad Autónoma de Buenos Aires","Buenos Aires",Argentina,100000572002276,"Brenda Araceli Gonzalez",https://www.facebook.com/brendaaraceli.gonzalez
Karen,Medina,karen.medina.1460@facebook.com,"14 de Abril",https://www.facebook.com/karen.medina.1460,18,,"Ciudad Autónoma de Buenos Aires","Buenos Aires",Argentina,100001872102504,"Brenda Araceli Gonzalez",https://www.facebook.com/brendaaraceli.gonzalez
BBabu,Mesa,LulaMesa@facebook.com,"17 de Abril",https://www.facebook.com/LulaMesa,20,,"Ciudad Autónoma de Buenos Aires","Buenos Aires",Argentina,100000018194623,"Brenda Fabregat",https://www.facebook.com/brenda.fabregat
Ruth,Picola,maca.picola@facebook.com,"19 de Abril",https://www.facebook.com/maca.picola,18,,"Ciudad Autónoma de Buenos Aires","Buenos Aires",Argentina,1499164877,"Brian Cano",
Solcito,Bocaa,La.ChurritaH@facebook.com,"19 de Abril",https://www.facebook.com/La.ChurritaH,18,"La Boca","Ciudad Autónoma de Buenos Aires","Distrito Federal",Argentina,1499203909,"Brian Cano",
Ivana,Barsuglia,Ivaanitta@facebook.com,"16 de Abril",https://www.facebook.com/Ivaanitta,20,"Villa Del Parque","Ciudad Autónoma de Buenos Aires","Distrito Federal",Argentina,100001463596074,"Brian Cano",
Flor,Gutiérrez,flor.gutierrez.77@facebook.com,"19 de Abril",https://www.facebook.com/flor.gutierrez.77,19,"Villa Del Parque","Ciudad Autónoma de Buenos Aires","Distrito Federal",Argentina,1515526174,"Brian Cano",
Axeel,Cabj,axeel.cabj1@facebook.com,"19 de Abril",https://www.facebook.com/axeel.cabj1,19,,"Ciudad Autónoma de Buenos Aires","Buenos Aires",Argentina,1520612817,"Brian Cano",
Santi,Sapia,santi.sapia@facebook.com,"13 de Abril",https://www.facebook.com/santi.sapia,19,,"Ciudad Autónoma de Buenos Aires","Buenos Aires",Argentina,1424709831,"Brian Cano",
Franco,Roman,franquitooroman@facebook.com,"17 de Abril",https://www.facebook.com/franquitooroman,18,"La Paternal","Ciudad Autónoma de Buenos Aires","Distrito Federal",Argentina,100000911834409,"Brian Cano",
Valeria,Silvestre,valeria.silvestre.7@facebook.com,"17 de Abril",https://www.facebook.com/valeria.silvestre.7,18,,"Ciudad Autónoma de Buenos Aires","Buenos Aires",Argentina,100000912171131,"Brian Cano",
Juli,Vitacca,julietamilagross@facebook.com,"17 de Abril",https://www.facebook.com/julietamilagross,18,,"Ciudad Autónoma de Buenos Aires","Buenos Aires",Argentina,100000914091880,"Brian Cano",
Tomas,Ceballos,@facebook.com,"17 de Abril",https://www.facebook.com/profile.php?id=1281788775,20,"Villa Del Parque","Ciudad Autónoma de Buenos Aires","Distrito Federal",Argentina,1281788775,"Brian Cano",
Julia,"Ezcurra Keen",julia.ezcurrakeen@facebook.com,"13 de Abril",https://www.facebook.com/julia.ezcurrakeen,18,,"Ciudad Autónoma de Buenos Aires","Buenos Aires",Argentina,100001466255583,"Calvin Peterson",
Andy,Maltz,andres.maltz@facebook.com,"15 de Abril",https://www.facebook.com/andres.maltz,20,,"Ciudad Autónoma de Buenos Aires","Buenos Aires",Argentina,1107112528,"Cami Weng",
Juan,Ignacio,juanignacio.mendez1@facebook.com,"13 de Abril",https://www.facebook.com/juanignacio.mendez1,18,,"Ciudad Autónoma de Buenos Aires","Buenos Aires",Argentina,100000649590186,"Cami Weng",
Tania,Casas,tania.casas2@facebook.com,"14 de Abril",https://www.facebook.com/tania.casas2,20,,"Ciudad Autónoma de Buenos Aires","Buenos Aires",Argentina,1557700254,"Camila Perelló",https://www.facebook.com/camiperello
Briian,Saavedra,briian.saavedra@facebook.com,"14 de Abril",https://www.facebook.com/briian.saavedra,18,,"Ciudad Autónoma de Buenos Aires","Buenos Aires",Argentina,100002529201057,"Camy Falcón",https://www.facebook.com/Cammy.Falcon
Candelaria,"La Rosa",candelaria.larosa@facebook.com,"14 de Abril",https://www.facebook.com/candelaria.larosa,21,,"Ciudad Autónoma de Buenos Aires","Buenos Aires",Argentina,656069882,"Candelaria Sires Barrantes",
Tina,Greco,tina.greco.39@facebook.com,"13 de Abril",https://www.facebook.com/tina.greco.39,21,,"Ciudad Autónoma de Buenos Aires","Buenos Aires",Argentina,581828092,"Candelaria Sires Barrantes",
Dario,Franko,@facebook.com,"13 de Abril",https://www.facebook.com/profile.php?id=100008130678435,18,,"Ciudad Autónoma de Buenos Aires","Buenos Aires",Argentina,100008130678435,"Carla Diaz",
Maku,Kado,mechiteamo@facebook.com,"14 de Abril",https://www.facebook.com/mechiteamo,19,,"Ciudad Autónoma de Buenos Aires","Buenos Aires",Argentina,1540051522,"Carolina Damiano",https://www.facebook.com/carolina.damiano
Tere,Roberti,teresa011@facebook.com,"13 de Abril",https://www.facebook.com/teresa011,19,,"Ciudad Autónoma de Buenos Aires","Buenos Aires",Argentina,1671821739,"Carolina Damiano",https://www.facebook.com/carolina.damiano
Agus,Bouzas,agus.bouzas@facebook.com,"15 de Abril",https://www.facebook.com/agus.bouzas,20,,"Ciudad Autónoma de Buenos Aires","Buenos Aires",Argentina,1487051324,"Celeste Heli",https://www.facebook.com/celeste.heli
Araceli,Castro,@facebook.com,"16 de Abril",https://www.facebook.com/profile.php?id=100008315703037,18,,"Ciudad Autónoma de Buenos Aires","Buenos Aires",Argentina,100008315703037,"Cesar Berdullas",https://www.facebook.com/cesar.berdullas
Narella,Romina,narella.romina@facebook.com,"14 de Abril",https://www.facebook.com/narella.romina,21,,"Ciudad Autónoma de Buenos Aires","Buenos Aires",Argentina,1700902037,"Chechu Acea",
Patricia,"A. Torres",patiiciita.arevillca@facebook.com,"19 de Abril",https://www.facebook.com/patiiciita.arevillca,20,,"Ciudad Autónoma de Buenos Aires","Buenos Aires",Argentina,1257980104,"Christian Douer Chuky",https://www.facebook.com/christian.chuky
Arii,Crovo,arii.crovo@facebook.com,"19 de Abril",https://www.facebook.com/arii.crovo,20,,"Ciudad Autónoma de Buenos Aires","Buenos Aires",Argentina,100002356367449,"Christian Douer Chuky",https://www.facebook.com/christian.chuky
Manuela,Valencia,valenciamanuela@facebook.com,"19 de Abril",https://www.facebook.com/valenciamanuela,20,,"Ciudad Autónoma de Buenos Aires","Buenos Aires",Argentina,1423491647,"Clara Costas",
Lucia,"Del Valle",luudelvalle@facebook.com,"19 de Abril",https://www.facebook.com/luudelvalle,20,,"Ciudad Autónoma de Buenos Aires","Buenos Aires",Argentina,1142797157,"Clara Ryan",https://www.facebook.com/clariryaneventos
Oriana,Sabatini,OriSabatiniFulop@facebook.com,"19 de Abril",https://www.facebook.com/OriSabatiniFulop,18,,"Ciudad Autónoma de Buenos Aires","Buenos Aires",Argentina,100006385358583,"Cristian Fernandez Villamor",https://www.facebook.com/cristian.fernandezvillamo
William,Andrada,eldiablo.lamuerte@facebook.com,"14 de Abril",https://www.facebook.com/eldiablo.lamuerte,20,Flores,"Ciudad Autónoma de Buenos Aires","Buenos Aires",Argentina,1517370419,"Dafne Antonella Zas Amy",
Daniela,Zahra,mujercitasterror@facebook.com,"16 de Abril",https://www.facebook.com/mujercitasterror,21,,"Ciudad Autónoma de Buenos Aires","Buenos Aires",Argentina,1489062477,"Daiana Soledad Pintos",https://www.facebook.com/Sheena.is
Agus,Marín,agus.marin1@facebook.com,"16 de Abril",https://www.facebook.com/agus.marin1,20,,"Ciudad Autónoma de Buenos Aires","Buenos Aires",Argentina,534272239,"Daiana Soledad Pintos",https://www.facebook.com/Sheena.is
Ori,"Sabatini O????f???i????c????i???",orianasabatinirealprivado@facebook.com,"19 de Abril",https://www.facebook.com/orianasabatinirealprivado,18,,"Ciudad Autónoma de Buenos Aires","Buenos Aires",Argentina,100007969116975,"Daniel Barach",
Caro,Battaglia,caro.battaglia.5@facebook.com,"18 de Abril",https://www.facebook.com/caro.battaglia.5,21,,"Ciudad Autónoma de Buenos Aires","Buenos Aires",Argentina,1127174070,"Daniel Toro Lopez",
Juli,Arrossagaray,juulii.a93@facebook.com,"14 de Abril",https://www.facebook.com/juulii.a93,21,,"Ciudad Autónoma de Buenos Aires","Buenos Aires",Argentina,1144483477,"Daniel Toro Lopez",
Barra,Mixx,@facebook.com,"18 de Abril",https://www.facebook.com/profile.php?id=100004348574848,21,,"Ciudad Autónoma de Buenos Aires","Buenos Aires",Argentina,100004348574848,"David Zalasar",https://www.facebook.com/Davidcocktails
Fran,D'Ambra,fran.dambra@facebook.com,"17 de Abril",https://www.facebook.com/fran.dambra,21,"Buenos Aires","Buenos Aires","Buenos Aires",Argentina,1452672123,"Delfina Gomez Beron",delfigb7
Laa,"Chechü Carp",laa.chechii.39@facebook.com,"17 de Abril",https://www.facebook.com/laa.chechii.39,18,,"Ciudad Autónoma de Buenos Aires","Buenos Aires",Argentina,1595196053,"Demián Gabriel",
Nícole,Neuman,nicole.neumaaan@facebook.com,"13 de Abril",https://www.facebook.com/nicole.neumaaan,19,,"Ciudad Autónoma de Buenos Aires","Buenos Aires",Argentina,100004909029335,"Demián Gabriel",
Cami,Diaz,cami.diaz.106@facebook.com,"14 de Abril",https://www.facebook.com/cami.diaz.106,21,,"Ciudad Autónoma de Buenos Aires","Buenos Aires",Argentina,735395859,"Diego Binayan",https://www.facebook.com/diego.binayan
Franco,Katz,franco.katz@facebook.com,"13 de Abril",https://www.facebook.com/franco.katz,18,,"Ciudad Autónoma de Buenos Aires","Buenos Aires",Argentina,100001881047596,"Elias Saul",https://www.facebook.com/elias.saul
Damian,Stefanon,dstefanon@facebook.com,"19 de Abril",https://www.facebook.com/dstefanon,21,Boedo,"Ciudad Autónoma de Buenos Aires","Buenos Aires",Argentina,1176616472,"Emanuel Gaston Perdigues",https://www.facebook.com/emaxpx
Candela,Esmoris,candela.esmoris.1@facebook.com,"15 de Abril",https://www.facebook.com/candela.esmoris.1,20,,"Ciudad Autónoma de Buenos Aires","Buenos Aires",Argentina,100002028368828,"Emilce Castro",
Agustín,Foressi,elfoore@facebook.com,"16 de Abril",https://www.facebook.com/elfoore,19,"Dock Sud","Ciudad Autónoma de Buenos Aires","Buenos Aires",Argentina,100001191020498,"Emiliano Pirolo",https://www.facebook.com/emi.pirolo
Sofi,Matalon,sofimata1@facebook.com,"17 de Abril",https://www.facebook.com/sofimata1,21,,"Ciudad Autónoma de Buenos Aires","Buenos Aires",Argentina,100002771931700,"Emiliano Pirolo",https://www.facebook.com/emi.pirolo
Agustina,Verón,agustina.veron@facebook.com,"16 de Abril",https://www.facebook.com/agustina.veron,20,,"Ciudad Autónoma de Buenos Aires","Buenos Aires",Argentina,1069063292,"Emiliano Pirolo",https://www.facebook.com/emi.pirolo
Mica,Moewes,mica.moewes@facebook.com,"19 de Abril",https://www.facebook.com/mica.moewes,20,,"Ciudad Autónoma de Buenos Aires","Buenos Aires",Argentina,1516093955,"Emiliano Pirolo",https://www.facebook.com/emi.pirolo
Clarita,Iorio,clarita.iorio@facebook.com,"19 de Abril",https://www.facebook.com/clarita.iorio,18,,"Ciudad Autónoma de Buenos Aires","Buenos Aires",Argentina,1379083120,"Emiliano Pirolo",https://www.facebook.com/emi.pirolo
Eii,LehiTo,flasshiitooh.desolano@facebook.com,"13 de Abril",https://www.facebook.com/flasshiitooh.desolano,18,,"Ciudad Autónoma de Buenos Aires","Buenos Aires",Argentina,100002365241323,"Emiliano Pirolo",https://www.facebook.com/emi.pirolo
Tomi,Brosa,tomibrosaa@facebook.com,"17 de Abril",https://www.facebook.com/tomibrosaa,20,,"Ciudad Autónoma de Buenos Aires","Buenos Aires",Argentina,100002618405255,"Esteban Sanchez",
Quimey,Meier,quimy.meier@facebook.com,"14 de Abril",https://www.facebook.com/quimy.meier,18,,"Ciudad Autónoma de Buenos Aires","Buenos Aires",Argentina,100000537782472,"Evangelina Dinatale de Biglieri",https://www.facebook.com/evangelina.dinataledebigl
Iara,Galimini,iara.galimini@facebook.com,"17 de Abril",https://www.facebook.com/iara.galimini,20,,"Ciudad Autónoma de Buenos Aires","Buenos Aires",Argentina,1055842104,"Eve Schiera",
Nicolas,Luis,Nicolas.Luis.14@facebook.com,"14 de Abril",https://www.facebook.com/Nicolas.Luis.14,20,,"Ciudad Autónoma de Buenos Aires","Buenos Aires",Argentina,571817513,"Eve Schiera",
Cristian,Juncal,cristian.juncal.1@facebook.com,"13 de Abril",https://www.facebook.com/cristian.juncal.1,20,,"Ciudad Autónoma de Buenos Aires","Buenos Aires",Argentina,1024766306,"Eve Schiera",
Nicolas,Perez,nicolas.perez.9235@facebook.com,"13 de Abril",https://www.facebook.com/nicolas.perez.9235,21,Núñez,"Ciudad Autónoma de Buenos Aires","Distrito Federal",Argentina,627924710,"Ezequiel Perez",
Karen,Ramos,Kaaruchaa@facebook.com,"15 de Abril",https://www.facebook.com/Kaaruchaa,19,,"Ciudad Autónoma de Buenos Aires","Buenos Aires",Argentina,1398114648,"Fátima Belén Zárate",
Nicolas,Figueredo,nico.figueredo@facebook.com,"14 de Abril",https://www.facebook.com/nico.figueredo,21,Agronomía,"Ciudad Autónoma de Buenos Aires","Distrito Federal",Argentina,1420696898,"Fátima Belén Zárate",
Leandro,Vazquez,leandro.vazquez.948@facebook.com,"15 de Abril",https://www.facebook.com/leandro.vazquez.948,20,"Villa Ortúzar","Ciudad Autónoma de Buenos Aires","Distrito Federal",Argentina,100000041952231,"Facu Denegri",
Yago,D'Alessandro,yago.dalessandro.19@facebook.com,"19 de Abril",https://www.facebook.com/yago.dalessandro.19,19,,"Ciudad Autónoma de Buenos Aires","Buenos Aires",Argentina,1504412709,"Facu Denegri",
Sofia,Napoli,sofia.napoli.798@facebook.com,"14 de Abril",https://www.facebook.com/sofia.napoli.798,18,"General Urquiza","Ciudad Autónoma de Buenos Aires","Distrito Federal",Argentina,1062866388,"Facu Denegri",
Micaela,Costa,miicacosta@facebook.com,"19 de Abril",https://www.facebook.com/miicacosta,19,,"Ciudad Autónoma de Buenos Aires","Buenos Aires",Argentina,1208122335,"Facundo Bulacio",https://www.facebook.com/facundo.bulacio
Celeste,Garcia,celeste.gabriela.1@facebook.com,"13 de Abril",https://www.facebook.com/celeste.gabriela.1,21,,"Ciudad Autónoma de Buenos Aires","Buenos Aires",Argentina,100003788732552,"Fede Martinez",https://www.facebook.com/fedemartinez17
Lara,Cabrera,lara.cabrera1@facebook.com,"13 de Abril",https://www.facebook.com/lara.cabrera1,21,,"Ciudad Autónoma de Buenos Aires","Buenos Aires",Argentina,100002524780772,"Fede Martinez",https://www.facebook.com/fedemartinez17
Oriana,Sabatini,oriana.sabatini.319452@facebook.com,"19 de Abril",https://www.facebook.com/oriana.sabatini.319452,18,,"Ciudad Autónoma de Buenos Aires","Buenos Aires",Argentina,100008268751120,"Fede Martino",
Guille,Negrette,guille.negrette@facebook.com,"17 de Abril",https://www.facebook.com/guille.negrette,20,,"Ciudad Autónoma de Buenos Aires","Buenos Aires",Argentina,100003793736140,"Fede Martino",
Luna,Neuman,lunaneu@facebook.com,"14 de Abril",https://www.facebook.com/lunaneu,20,,"Ciudad Autónoma de Buenos Aires","Buenos Aires",Argentina,554529002,"Felipe Cianciarulo",https://www.facebook.com/fcianciarulo
Vicky,Marrone,vicky.marrone@facebook.com,"17 de Abril",https://www.facebook.com/vicky.marrone,19,,"Ciudad Autónoma de Buenos Aires","Buenos Aires",Argentina,744663189,"Felipe Vidal",https://www.facebook.com/Feelipe.vp
Matias,Biagetti,mbiagetti1@facebook.com,"14 de Abril",https://www.facebook.com/mbiagetti1,19,,"Ciudad Autónoma de Buenos Aires","Buenos Aires",Argentina,1447612003,"Felipe Vidal",https://www.facebook.com/Feelipe.vp
Nanu,Medina,@facebook.com,"18 de Abril",https://www.facebook.com/profile.php?id=100000828342796,19,"Bella Vista","Bella Vista","Buenos Aires",Argentina,100000828342796,"Felipe Vidal",https://www.facebook.com/Feelipe.vp
Florencio,Cornejo,florencio.cornejo@facebook.com,"13 de Abril",https://www.facebook.com/florencio.cornejo,20,,"Ciudad Autónoma de Buenos Aires","Buenos Aires",Argentina,512331862,"Fernando Olner Cupayolo",https://www.facebook.com/fernando.cupayolo
Maku,Maidana,maku.maidana.7@facebook.com,"15 de Abril",https://www.facebook.com/maku.maidana.7,19,"Bella Vista","Bella Vista","Buenos Aires",Argentina,1834753973,"Fernando Velcic",https://www.facebook.com/fernando.velcic
Flor,Gassi,florenciachicle.gassi.9@facebook.com,"16 de Abril",https://www.facebook.com/florenciachicle.gassi.9,21,"Buenos Aires","Buenos Aires","Buenos Aires",Argentina,100006957069374,"Fett Maidana",fett.maidana
Antonella,Vitale,anto.titii@facebook.com,"15 de Abril",https://www.facebook.com/anto.titii,20,"Villa Ortúzar","Ciudad Autónoma de Buenos Aires","Distrito Federal",Argentina,825773350,"Fiestas Baires",
Lucas,Pérez,farenheit56@facebook.com,"16 de Abril",https://www.facebook.com/farenheit56,20,,"Ciudad Autónoma de Buenos Aires","Buenos Aires",Argentina,1262222458,"Fiestas Baires",
Santiago,Repetto,santiago.repetto.7@facebook.com,"18 de Abril",https://www.facebook.com/santiago.repetto.7,20,,"Ciudad Autónoma de Buenos Aires","Buenos Aires",Argentina,1009763000,"Fiestas Baires",
Nicolas,Lanzilotta,el.lanzy@facebook.com,"17 de Abril",https://www.facebook.com/el.lanzy,20,"Villa Del Parque","Ciudad Autónoma de Buenos Aires","Distrito Federal",Argentina,1610889319,"Fiestas Baires",
Lucas,Boggiano,lucas.boggiano@facebook.com,"17 de Abril",https://www.facebook.com/lucas.boggiano,18,Pilar,Pilar,"Buenos Aires",Argentina,1102125668,"Fiestas Baires",
Tomas,Vidal,tommasvidal@facebook.com,"17 de Abril",https://www.facebook.com/tommasvidal,21,,"Ciudad Autónoma de Buenos Aires","Buenos Aires",Argentina,1150732106,"Fiestas Baires",
"Nicolas Gustavo",Ivanisko,nicolasgustavo.ivanisko@facebook.com,"17 de Abril",https://www.facebook.com/nicolasgustavo.ivanisko,19,Recoleta,"Ciudad Autónoma de Buenos Aires","Buenos Aires",Argentina,1219231804,"Flor De Santa",https://www.facebook.com/florencia.pacella
Noctambulo,"Un Amor Prohibido",Noctambulothrillermusicaldevampiros@facebook.com,"14 de Abril",https://www.facebook.com/Noctambulothrillermusicaldevampiros,19,,"Ciudad Autónoma de Buenos Aires","Buenos Aires",Argentina,100000824898109,"Flor Scalise",https://www.facebook.com/flor.scalise
Gonzalo,Capel,Goonzaa@facebook.com,"17 de Abril",https://www.facebook.com/Goonzaa,20,Núñez,"Ciudad Autónoma de Buenos Aires","Buenos Aires",Argentina,1595689248,"Fran L. Ocampo",https://www.facebook.com/franco
Michelle,Bléhaut,mishu.blehaut@facebook.com,"13 de Abril",https://www.facebook.com/mishu.blehaut,20,,"Ciudad Autónoma de Buenos Aires","Buenos Aires",Argentina,589451877,"Fran L. Ocampo",https://www.facebook.com/franco
Pachu,Marton,paz.marton@facebook.com,"15 de Abril",https://www.facebook.com/paz.marton,21,"San Isidro","San Isidro","Buenos Aires",Argentina,1125966521,"Francisco Klausner",https://www.facebook.com/francisco.klausner
Leonel,Javier,leoneljavier.varela@facebook.com,"14 de Abril",https://www.facebook.com/leoneljavier.varela,18,,"Ciudad Autónoma de Buenos Aires","Buenos Aires",Argentina,100001591262615,"Franco Palermo",
Candela,Cuppari,cande.cuppari@facebook.com,"19 de Abril",https://www.facebook.com/cande.cuppari,18,,"Ciudad Autónoma de Buenos Aires","Buenos Aires",Argentina,1444910275,"Franco Palermo",
Dani,Gimenez,Daniela.Latika.Gimenez@facebook.com,"15 de Abril",https://www.facebook.com/Daniela.Latika.Gimenez,18,,"Ciudad Autónoma de Buenos Aires","Buenos Aires",Argentina,1007959834,"Franco Palermo",
Leonel,Sanchez,leonel.sanchez.503@facebook.com,"17 de Abril",https://www.facebook.com/leonel.sanchez.503,19,,"Ciudad Autónoma de Buenos Aires","Buenos Aires",Argentina,100002167858146,"Gabi López",
"Juan Ze","Juan Ze",juanze.juanze.5@facebook.com,"13 de Abril",https://www.facebook.com/juanze.juanze.5,20,,"Ciudad Autónoma de Buenos Aires","Buenos Aires",Argentina,1205482471,"Gabi López",
Rodrigo,Alonso,rodrigo.alonso.3344@facebook.com,"13 de Abril",https://www.facebook.com/rodrigo.alonso.3344,18,,"Ciudad Autónoma de Buenos Aires","Buenos Aires",Argentina,1591331867,"Gabi López",
Agus,Rivero,afrideozz@facebook.com,"18 de Abril",https://www.facebook.com/afrideozz,19,,"Ciudad Autónoma de Buenos Aires","Buenos Aires",Argentina,1628405879,"Geru Sznek",https://www.facebook.com/gsznek
Martina,Pérez,martu.arfilli@facebook.com,"19 de Abril",https://www.facebook.com/martu.arfilli,18,,"Ciudad Autónoma de Buenos Aires","Buenos Aires",Argentina,1115917759,"Gianfranco Ferrati",
Brian,Barbalace,brian.barbalace@facebook.com,"16 de Abril",https://www.facebook.com/brian.barbalace,21,Boedo,"Ciudad Autónoma de Buenos Aires","Buenos Aires",Argentina,1255386616,"Guido Moncayo",https://www.facebook.com/guido.moncayo
Gabi,Aguila,gabiaguila@facebook.com,"17 de Abril",https://www.facebook.com/gabiaguila,19,"Parque Patricios","Ciudad Autónoma de Buenos Aires","Buenos Aires",Argentina,1664568070,"Guido Moncayo",https://www.facebook.com/guido.moncayo
Fabi,Blanco,fabi.blanco.9@facebook.com,"13 de Abril",https://www.facebook.com/fabi.blanco.9,20,,"Ciudad Autónoma de Buenos Aires","Buenos Aires",Argentina,100003500282099,"Guille Rampo",https://www.facebook.com/guillermo.rampo
Morocho,Ldz,morocho.piola@facebook.com,"19 de Abril",https://www.facebook.com/morocho.piola,20,,"Ciudad Autónoma de Buenos Aires","Buenos Aires",Argentina,100006717849406,"Ignacio Lines Ceruti",https://www.facebook.com/ignacio.lines
Juanba,Vercelli,juanba.vercelli@facebook.com,"14 de Abril",https://www.facebook.com/juanba.vercelli,18,"San Isidro","San Isidro","Buenos Aires",Argentina,1098685548,"Isa Bensusan Millé",
Tomas,"Pinto Kramer",teddypinto@facebook.com,"15 de Abril",https://www.facebook.com/teddypinto,21,,"Ciudad Autónoma de Buenos Aires","Buenos Aires",Argentina,1352442177,"Isa Bensusan Millé",
Valen,Koltan,valenkoltan@facebook.com,"16 de Abril",https://www.facebook.com/valenkoltan,19,,"Ciudad Autónoma de Buenos Aires","Buenos Aires",Argentina,1148664732,"Ivan Lisz",
Mauro,Carreras,carrerasmauro@facebook.com,"17 de Abril",https://www.facebook.com/carrerasmauro,21,,"Ciudad Autónoma de Buenos Aires","Buenos Aires",Argentina,1154620963,"Ivon Andersson",https://www.facebook.com/ivon.andersson
Pedro,Guemes,pedritoguemesss@facebook.com,"13 de Abril",https://www.facebook.com/pedritoguemesss,21,,"Ciudad Autónoma de Buenos Aires","Buenos Aires",Argentina,100001039360716,"Joaquin Barraco",https://www.facebook.com/chino.barraco
Franco,Lanza,franco.lanza.bezbaj@facebook.com,"19 de Abril",https://www.facebook.com/franco.lanza.bezbaj,19,,"Ciudad Autónoma de Buenos Aires","Buenos Aires",Argentina,100002047345037,"Jobs Bar",https://www.facebook.com/jobsbar
Fermin,Ibarlucea,fermin.ibarlucea.146@facebook.com,"16 de Abril",https://www.facebook.com/fermin.ibarlucea.146,19,,"Ciudad Autónoma de Buenos Aires","Buenos Aires",Argentina,100005599541751,"Jobs Bar",https://www.facebook.com/jobsbar
Agustin,Blanco,agustin.blanco.334@facebook.com,"14 de Abril",https://www.facebook.com/agustin.blanco.334,21,,"Ciudad Autónoma de Buenos Aires","Buenos Aires",Argentina,1188322063,"Jonathan Leonel",
Jonathan,Taretto,jonathan.taretto@facebook.com,"15 de Abril",https://www.facebook.com/jonathan.taretto,20,,"Ciudad Autónoma de Buenos Aires","Buenos Aires",Argentina,100000825639556,"Jonathan Leonel",
Ariane,Charavay,ariane.charavay@facebook.com,"19 de Abril",https://www.facebook.com/ariane.charavay,21,,"Ciudad Autónoma de Buenos Aires","Buenos Aires",Argentina,1043156039,"Joni Aires",https://www.facebook.com/joniaires
Ine,Chiappe,ine.chiappe@facebook.com,"16 de Abril",https://www.facebook.com/ine.chiappe,20,,"Ciudad Autónoma de Buenos Aires","Buenos Aires",Argentina,638543776,"Joni Aires",https://www.facebook.com/joniaires
Cristal,Benitez,cris.benitez.3388@facebook.com,"16 de Abril",https://www.facebook.com/cris.benitez.3388,21,Monserrat,"Ciudad Autónoma de Buenos Aires","Buenos Aires",Argentina,1433275726,"Jorge Biamonte",https://www.facebook.com/georgebiamonteok
Lucia,Elizalde,lulielizalde@facebook.com,"15 de Abril",https://www.facebook.com/lulielizalde,21,,"Ciudad Autónoma de Buenos Aires","Buenos Aires",Argentina,558903131,"Juan Cruz Albornoz",
"Augusto Brad",Rosell,joseaugusto.rosell@facebook.com,"17 de Abril",https://www.facebook.com/joseaugusto.rosell,18,,"Ciudad Autónoma de Buenos Aires","Buenos Aires",Argentina,1170049171,"Juan Cruz Albornoz",
Caro,Sanguino,caro.sanguino.1@facebook.com,"14 de Abril",https://www.facebook.com/caro.sanguino.1,20,,"Ciudad Autónoma de Buenos Aires","Buenos Aires",Argentina,100000886015793,"Juan Elias Catan",https://www.facebook.com/juan.724
Eve,Corvalán,EvelinElianaE.E@facebook.com,"13 de Abril",https://www.facebook.com/EvelinElianaE.E,20,,"Ciudad Autónoma de Buenos Aires","Buenos Aires",Argentina,1633023563,"Juan Elias Catan",https://www.facebook.com/juan.724
Tiffany,BuenosAires,tiffany.buenosaires@facebook.com,"17 de Abril",https://www.facebook.com/tiffany.buenosaires,21,,"Ciudad Autónoma de Buenos Aires","Buenos Aires",Argentina,100002251370460,"Juan Manuel Fotografo",https://www.facebook.com/JuanmaJMFotoEstudio
Alhma,Eventos,alhma.eventos@facebook.com,"16 de Abril",https://www.facebook.com/alhma.eventos,20,,"Ciudad Autónoma de Buenos Aires","Buenos Aires",Argentina,1432946270,"Juan Manuel Fotografo",https://www.facebook.com/JuanmaJMFotoEstudio
Vicu,Irouleguy,victoria.irouleguy.7127@facebook.com,"16 de Abril",https://www.facebook.com/victoria.irouleguy.7127,21,,"Ciudad Autónoma de Buenos Aires","Buenos Aires",Argentina,100005217277461,"Juan Manuel Vilagut",https://www.facebook.com/jvilagut1
Luchi,Azzaro,luchi.azzaro@facebook.com,"19 de Abril",https://www.facebook.com/luchi.azzaro,20,,"Ciudad Autónoma de Buenos Aires","Buenos Aires",Argentina,1323515049,"Juani Luciani",https://www.facebook.com/ayjuancito83
Catalina,Rossi,catalina.rossi@facebook.com,"13 de Abril",https://www.facebook.com/catalina.rossi,21,,"Ciudad Autónoma de Buenos Aires","Buenos Aires",Argentina,1464132267,"Juanita Lupetrone",https://www.facebook.com/jlupetrone
Angie,Lezcano,AngieLeezcano@facebook.com,"19 de Abril",https://www.facebook.com/AngieLeezcano,19,,"Ciudad Autónoma de Buenos Aires","Buenos Aires",Argentina,1528423151,"Juanma Ramirez",
Agustina,Rodriguez,@facebook.com,"16 de Abril",https://www.facebook.com/profile.php?id=100003576003704,20,,"Ciudad Autónoma de Buenos Aires","Buenos Aires",Argentina,100003576003704,"Juanma Ramirez",
"LuchiTo Paz",AldoBonzi,lucho.bonzi@facebook.com,"16 de Abril",https://www.facebook.com/lucho.bonzi,20,,"Ciudad Autónoma de Buenos Aires","Buenos Aires",Argentina,100003580120356,"Juanma Ramirez",
Milagros,Pereyra,milagrospereyra17@facebook.com,"17 de Abril",https://www.facebook.com/milagrospereyra17,21,,"Ciudad Autónoma de Buenos Aires","Buenos Aires",Argentina,1132696723,"Julian Marino",
"Facundo Atuel","Ochoa Magallanes",FacundoAtuel@facebook.com,"15 de Abril",https://www.facebook.com/FacundoAtuel,19,,"Ciudad Autónoma de Buenos Aires","Buenos Aires",Argentina,1445835949,"Julieta Belen",
Cecii,Moral,cecii.moral@facebook.com,"17 de Abril",https://www.facebook.com/cecii.moral,18,,"Ciudad Autónoma de Buenos Aires","Buenos Aires",Argentina,100001049473792,"Julieta Vescio",https://www.facebook.com/JulietaVescio
Mauri,Garay,mauri.garay.96@facebook.com,"17 de Abril",https://www.facebook.com/mauri.garay.96,19,,"Ciudad Autónoma de Buenos Aires","Buenos Aires",Argentina,100000501702947,"Julieta Vescio",https://www.facebook.com/JulietaVescio
Anastasia,Belikow,anastasia.belikow@facebook.com,"18 de Abril",https://www.facebook.com/anastasia.belikow,20,Olivos,Olivos,"Buenos Aires",Argentina,833546099,"Julieta Waterloo",
Decime,Vikii,viky.deeciudadela@facebook.com,"17 de Abril",https://www.facebook.com/viky.deeciudadela,21,,"Ciudad Autónoma de Buenos Aires","Buenos Aires",Argentina,1134130664,"Julio Roberto Cuevas",https://www.facebook.com/julioroberto.cuevas
Brian,Rivas,brian.rivas.338658@facebook.com,"19 de Abril",https://www.facebook.com/brian.rivas.338658,20,,"Ciudad Autónoma de Buenos Aires","Buenos Aires",Argentina,100005948471183,"Kandella Steiler",https://www.facebook.com/kandella.steiler
Rocio,Sanchez,@facebook.com,"14 de Abril",https://www.facebook.com/profile.php?id=100003117537780,20,,"Ciudad Autónoma de Buenos Aires","Buenos Aires",Argentina,100003117537780,"La Rockeria",https://www.facebook.com/oveja1
Lulaa,Breakdown,lulaa.breakdown@facebook.com,"19 de Abril",https://www.facebook.com/lulaa.breakdown,21,,"Ciudad Autónoma de Buenos Aires","Buenos Aires",Argentina,100001882154840,"La Rockeria",https://www.facebook.com/oveja1
Gemen,Rock,gemen.rock@facebook.com,"15 de Abril",https://www.facebook.com/gemen.rock,20,,"Ciudad Autónoma de Buenos Aires","Buenos Aires",Argentina,100000152203123,"La Rockeria",https://www.facebook.com/oveja1
Nadiir,"Gomez Benitez",nadir.benitez.7@facebook.com,"17 de Abril",https://www.facebook.com/nadir.benitez.7,19,,"Ciudad Autónoma de Buenos Aires","Buenos Aires",Argentina,100002827509861,"Lo Lola",
Agus,Angelani,agusangelani@facebook.com,"15 de Abril",https://www.facebook.com/agusangelani,21,,"Ciudad Autónoma de Buenos Aires","Buenos Aires",Argentina,1379927228,"Lucía Lopez Aleman",https://www.facebook.com/marialucialopezaleman
Carla,Zingoni,carla.zingoni.1@facebook.com,"18 de Abril",https://www.facebook.com/carla.zingoni.1,18,,"Ciudad Autónoma de Buenos Aires","Buenos Aires",Argentina,1388027923,"Lucas Funes",https://www.facebook.com/SkriLef14
Gero,Rey,gero.rey@facebook.com,"16 de Abril",https://www.facebook.com/gero.rey,19,"Buenos Aires","Buenos Aires","Buenos Aires",Argentina,100000009386280,"Luciana Paione Oleszuk",luciana.paioneoleszuk
Federico,Rivas,Federico.m.Rivas@facebook.com,"13 de Abril",https://www.facebook.com/Federico.m.Rivas,20,,"Ciudad Autónoma de Buenos Aires","Buenos Aires",Argentina,647942668,"Luli Torres",
Ale,Panozo,AlePanozo@facebook.com,"18 de Abril",https://www.facebook.com/AlePanozo,19,,"Ciudad Autónoma de Buenos Aires","Buenos Aires",Argentina,1096728570,"Maanu C. Rebori",https://www.facebook.com/maanu
Dolores,"Diaz Mayer",dolores.diazmayer@facebook.com,"17 de Abril",https://www.facebook.com/dolores.diazmayer,21,,"Ciudad Autónoma de Buenos Aires","Buenos Aires",Argentina,671887956,"Manu Dadaglio",
Orne,"de Antoni",ornella.divina@facebook.com,"18 de Abril",https://www.facebook.com/ornella.divina,20,,"Ciudad Autónoma de Buenos Aires","Buenos Aires",Argentina,100002194220544,"Manuel Saenz",
Luchi,Renteria,luchi.renteria@facebook.com,"15 de Abril",https://www.facebook.com/luchi.renteria,19,,"Ciudad Autónoma de Buenos Aires","Buenos Aires",Argentina,747443508,"Marcelo Braun Menendez",
Carolina,Cibils,carolina.cibils.9@facebook.com,"14 de Abril",https://www.facebook.com/carolina.cibils.9,20,,"Ciudad Autónoma de Buenos Aires","Buenos Aires",Argentina,715455932,"Marcelo Braun Menendez",
Ari,Zapata,ari.p.zapata@facebook.com,"17 de Abril",https://www.facebook.com/ari.p.zapata,20,,"Ciudad Autónoma de Buenos Aires","Buenos Aires",Argentina,1501628156,"Maria Belén",
Ailu,Anselmi,ailu.anselmi@facebook.com,"14 de Abril",https://www.facebook.com/ailu.anselmi,19,,"Ciudad Autónoma de Buenos Aires","Buenos Aires",Argentina,1355433595,"Maria Belén",
"Escuela De Danzas Árabes Azul",Calp,@facebook.com,"16 de Abril",https://www.facebook.com/profile.php?id=100008191742388,21,,"Ciudad Autónoma de Buenos Aires","Buenos Aires",Argentina,100008191742388,"Maria DEL Mar",
"Código Montesco","Teatro Restó",codigomontesco.teatroresto@facebook.com,"15 de Abril",https://www.facebook.com/codigomontesco.teatroresto,19,,"Ciudad Autónoma de Buenos Aires","Buenos Aires",Argentina,100001682807812,"Maria DEL Mar",
Azul,Calp,azulcalp@facebook.com,"16 de Abril",https://www.facebook.com/azulcalp,21,,"Ciudad Autónoma de Buenos Aires","Buenos Aires",Argentina,1032988570,"Maria DEL Mar",
Conection,Ducciones,conectionprod@facebook.com,"15 de Abril",https://www.facebook.com/conectionprod,21,,"Ciudad Autónoma de Buenos Aires","Buenos Aires",Argentina,100001114420386,"Maria Garcia Neglia",https://www.facebook.com/maria.garcianeglia
Celina,Dietrich,celiidietrich182@facebook.com,"15 de Abril",https://www.facebook.com/celiidietrich182,21,,"Ciudad Autónoma de Buenos Aires","Buenos Aires",Argentina,625052476,"Mariana Fournier",https://www.facebook.com/mariana.fournier1
Matias,Ferreira,ferreiramatias1@facebook.com,"14 de Abril",https://www.facebook.com/ferreiramatias1,19,"Puerto Madero","Ciudad Autónoma de Buenos Aires","Buenos Aires",Argentina,100006340808577,"Martín Álvarez BA I",https://www.facebook.com/Woody.Blair
Yaco,Bonitz,yacoo.bonitz@facebook.com,"17 de Abril",https://www.facebook.com/yacoo.bonitz,18,,"Ciudad Autónoma de Buenos Aires","Buenos Aires",Argentina,100000295740956,"Martín Álvarez BA I",https://www.facebook.com/Woody.Blair
Nati,Addesso,nati.addesso@facebook.com,"16 de Abril",https://www.facebook.com/nati.addesso,21,,"Ciudad Autónoma de Buenos Aires","Buenos Aires",Argentina,1143185688,"Martín Álvarez BA I",https://www.facebook.com/Woody.Blair
Juan,Cagnasso,juan.cagnasso@facebook.com,"19 de Abril",https://www.facebook.com/juan.cagnasso,20,,"Ciudad Autónoma de Buenos Aires","Buenos Aires",Argentina,1412523360,"Marti Nevares",https://www.facebook.com/martii.nevares
Facundo,Dosio,facu.dosio@facebook.com,"19 de Abril",https://www.facebook.com/facu.dosio,20,,"Ciudad Autónoma de Buenos Aires","Buenos Aires",Argentina,1413492470,"Marti Nevares",https://www.facebook.com/martii.nevares
Melina,Rocio,melina.rocio.9@facebook.com,"19 de Abril",https://www.facebook.com/melina.rocio.9,20,,"Ciudad Autónoma de Buenos Aires","Buenos Aires",Argentina,100000173691080,"Martin Diaz",
Santiago,Robles,santi.roblo@facebook.com,"14 de Abril",https://www.facebook.com/santi.roblo,18,,"Ciudad Autónoma de Buenos Aires","Buenos Aires",Argentina,1216181879,"Martin Menini",https://www.facebook.com/martin.menini
Mariano,Moles,mariano.moles@facebook.com,"14 de Abril",https://www.facebook.com/mariano.moles,20,,"Ciudad Autónoma de Buenos Aires","Buenos Aires",Argentina,1625065917,"Martin Olmedo",
Juan,Wilson,juan.wilson.5205@facebook.com,"14 de Abril",https://www.facebook.com/juan.wilson.5205,19,,"Ciudad Autónoma de Buenos Aires","Buenos Aires",Argentina,768454772,"Martin Olmedo",
Bauti,Sosa,bauti.sosa@facebook.com,"16 de Abril",https://www.facebook.com/bauti.sosa,20,,"Ciudad Autónoma de Buenos Aires","Buenos Aires",Argentina,546655072,"Martin Olmedo",
Aixa,"Videla Cane",aixa.florida@facebook.com,"14 de Abril",https://www.facebook.com/aixa.florida,20,"Buenos Aires","Buenos Aires","Buenos Aires",Argentina,1341380000,"Martu Lehmann",martu.lehmann
German,Davidziuk,germandxd@facebook.com,"18 de Abril",https://www.facebook.com/germandxd,19,,"Ciudad Autónoma de Buenos Aires","Buenos Aires",Argentina,100000278695768,"Matías Panero",
Martin,"Coria Paz",martin.coriapaz@facebook.com,"19 de Abril",https://www.facebook.com/martin.coriapaz,21,,"Ciudad Autónoma de Buenos Aires","Buenos Aires",Argentina,1537752993,"Matías Panero",
Matias,Bottero,matias.bottero@facebook.com,"19 de Abril",https://www.facebook.com/matias.bottero,18,,"Ciudad Autónoma de Buenos Aires","Buenos Aires",Argentina,1298631254,"Matias Blas",https://www.facebook.com/Matias.Blas
Agos,Garzoglio,agostina.garzoglio@facebook.com,"17 de Abril",https://www.facebook.com/agostina.garzoglio,20,,"Ciudad Autónoma de Buenos Aires","Buenos Aires",Argentina,1105902176,"Matias Duarte",
Gina,Montti,ginu.montti@facebook.com,"17 de Abril",https://www.facebook.com/ginu.montti,21,,"Ciudad Autónoma de Buenos Aires","Buenos Aires",Argentina,556248739,"Maureen Burton",
Iván,Baldarena,ivan.alexander22@facebook.com,"19 de Abril",https://www.facebook.com/ivan.alexander22,21,,"Ciudad Autónoma de Buenos Aires","Buenos Aires",Argentina,1164540825,"Melo Dellarole",https://www.facebook.com/melodellarole
Peony,Bloom,peony.bloom@facebook.com,"16 de Abril",https://www.facebook.com/peony.bloom,21,,"Ciudad Autónoma de Buenos Aires","Buenos Aires",Argentina,100002346093461,"Mercedes Ferrario",https://www.facebook.com/mercedes.ferrario
Anto,Luci,anto.luci@facebook.com,"13 de Abril",https://www.facebook.com/anto.luci,21,,"Ciudad Autónoma de Buenos Aires","Buenos Aires",Argentina,1456173899,"Micu Mc Hardy",https://www.facebook.com/micu.hardy
Chechu,Martellini,chechu.martellini@facebook.com,"19 de Abril",https://www.facebook.com/chechu.martellini,20,,"Ciudad Autónoma de Buenos Aires","Buenos Aires",Argentina,1045473169,"Mili Mauro",https://www.facebook.com/milimauro
Victoria,Benitez,kikibenitez15@facebook.com,"15 de Abril",https://www.facebook.com/kikibenitez15,20,"San Isidro","San Isidro","Buenos Aires",Argentina,661486545,"Mili Mauro",https://www.facebook.com/milimauro
Xyro,Xoias,xyro.xoias1@facebook.com,"17 de Abril",https://www.facebook.com/xyro.xoias1,21,,"Ciudad Autónoma de Buenos Aires","Buenos Aires",Argentina,100002315975333,"Miranda Toderi",https://www.facebook.com/miranda.toderi
Natalia,Fryd,Nato.fryd@facebook.com,"19 de Abril",https://www.facebook.com/Nato.fryd,21,,"Ciudad Autónoma de Buenos Aires","Buenos Aires",Argentina,1208047269,"Miranda Toderi",https://www.facebook.com/miranda.toderi
Le,An,leandro.landin.5@facebook.com,"14 de Abril",https://www.facebook.com/leandro.landin.5,21,,"Ciudad Autónoma de Buenos Aires","Buenos Aires",Argentina,1056248462,"Miranda Toderi",https://www.facebook.com/miranda.toderi
Candela,Álvarez,candela.alvarez.94@facebook.com,"14 de Abril",https://www.facebook.com/candela.alvarez.94,21,,"Ciudad Autónoma de Buenos Aires","Buenos Aires",Argentina,1060507378,"Miranda Toderi",https://www.facebook.com/miranda.toderi
Ezequiel,Casal,ezequiel.casal@facebook.com,"13 de Abril",https://www.facebook.com/ezequiel.casal,21,"Villa Pueyrredón","Ciudad Autónoma de Buenos Aires","Distrito Federal",Argentina,1508464656,"Nano Vaquer",
Juanma,Medrano,juanma.medrano@facebook.com,"19 de Abril",https://www.facebook.com/juanma.medrano,21,,"Ciudad Autónoma de Buenos Aires","Buenos Aires",Argentina,100000047474479,"Nanys Rodriguez",
"Palermito Dvt",Moye,niquito.vdp.9@facebook.com,"17 de Abril",https://www.facebook.com/niquito.vdp.9,20,,"Ciudad Autónoma de Buenos Aires","Buenos Aires",Argentina,100003146414733,"Nataly Cuerva",https://www.facebook.com/nataliagtrujillo
Rochi,Bogliolo,rochi.bogliolo@facebook.com,"19 de Abril",https://www.facebook.com/rochi.bogliolo,21,,"Ciudad Autónoma de Buenos Aires","Buenos Aires",Argentina,561929547,"Nazarena Sierra",
Candela,Mensegué,candela.del.sol@facebook.com,"13 de Abril",https://www.facebook.com/candela.del.sol,20,"Villa Del Parque","Ciudad Autónoma de Buenos Aires","Distrito Federal",Argentina,100000573568360,"Nazarena Sierra",
Andrea,Vojnov,andrea.vojnov@facebook.com,"19 de Abril",https://www.facebook.com/andrea.vojnov,19,,"Ciudad Autónoma de Buenos Aires","Buenos Aires",Argentina,1449684633,"Nicolás Marano",https://www.facebook.com/nicolasmarano10
Juan,Durañona,@facebook.com,"18 de Abril",https://www.facebook.com/profile.php?id=100000540393254,20,,"Ciudad Autónoma de Buenos Aires","Buenos Aires",Argentina,100000540393254,"Nicolas Zelechowski",
Flor,Gavin,flor.gavin@facebook.com,"16 de Abril",https://www.facebook.com/flor.gavin,21,,"Ciudad Autónoma de Buenos Aires","Buenos Aires",Argentina,1444080615,"Pablo Martène",https://www.facebook.com/pablomartene
Tomas,Kempff,tomas.kempff@facebook.com,"14 de Abril",https://www.facebook.com/tomas.kempff,21,"Buenos Aires","Buenos Aires","Buenos Aires",Argentina,607281125,"Patrick Fernando Kushner L",patrick.f.lopez
"Ezequiel Julián",Arancibia,ezequieljulian.arancibia@facebook.com,"18 de Abril",https://www.facebook.com/ezequieljulian.arancibia,21,Array,"Ciudad Autónoma de Buenos Aires","Buenos Aires",Argentina,1321936063,"Patrick Fernando Kushner L",patrick.f.lopez
Fox,Tnt,ash.lujuria.3@facebook.com,"19 de Abril",https://www.facebook.com/ash.lujuria.3,20,,"Ciudad Autónoma de Buenos Aires","Buenos Aires",Argentina,100006434609951,"Pedro Lopezyfernandez",https://www.facebook.com/pedronahuel
Muriel,Tolosa,MuuToloossaa@facebook.com,"18 de Abril",https://www.facebook.com/MuuToloossaa,18,"Comodoro Rivadavia","Ciudad Autónoma de Buenos Aires","Distrito Federal",Argentina,100001421681892,"Pedro Lopezyfernandez",https://www.facebook.com/pedronahuel
Tienda,Stylo,tienda.stylo.9@facebook.com,"14 de Abril",https://www.facebook.com/tienda.stylo.9,18,Esquel,"Ciudad Autónoma de Buenos Aires","Distrito Federal",Argentina,100004335791886,"Pedro Lopezyfernandez",https://www.facebook.com/pedronahuel
Lucas,Morlan,lucas.morlan@facebook.com,"13 de Abril",https://www.facebook.com/lucas.morlan,20,"Buenos Aires","Buenos Aires","Buenos Aires",Argentina,763024179,"Peter GC",PetergcMusic
Leandro,Pannunzio,leito.pannunzio@facebook.com,"14 de Abril",https://www.facebook.com/leito.pannunzio,21,,"Ciudad Autónoma de Buenos Aires","Buenos Aires",Argentina,589535632,"Pia Bocchino",https://www.facebook.com/pia.bocchino
Victoria,Irouleguy,victoriaa.irouleguy@facebook.com,"16 de Abril",https://www.facebook.com/victoriaa.irouleguy,20,,"Ciudad Autónoma de Buenos Aires","Buenos Aires",Argentina,100003998658853,"Ramiro Prieto",
Duoplakc,Revestimientos,duoplakc.revestimientos@facebook.com,"15 de Abril",https://www.facebook.com/duoplakc.revestimientos,19,,"Ciudad Autónoma de Buenos Aires","Buenos Aires",Argentina,100005347662753,"Riberas Del Parana",https://www.facebook.com/riberas.delparana
Virginia,Casimiro,virginia.casimiro.5@facebook.com,"14 de Abril",https://www.facebook.com/virginia.casimiro.5,20,"Buenos Aires","Buenos Aires","Buenos Aires",Argentina,100003137271983,"Roberto Hatti",roberto.hatti
Steffi,Speroni,steffisperoni@facebook.com,"18 de Abril",https://www.facebook.com/steffisperoni,21,,"Ciudad Autónoma de Buenos Aires","Buenos Aires",Argentina,732734346,"Rochi Christensen",https://www.facebook.com/rochi.christensen
Manu,Rey,manu.rey.56@facebook.com,"17 de Abril",https://www.facebook.com/manu.rey.56,20,,"Ciudad Autónoma de Buenos Aires","Buenos Aires",Argentina,100002219648981,"Romina Toller",
Belu,Acosta,belu.acosta.9843@facebook.com,"19 de Abril",https://www.facebook.com/belu.acosta.9843,20,Pilar,Pilar,"Buenos Aires",Argentina,100002100294017,"Santi Osterc",https://www.facebook.com/santiosterc
Juan,"Perez Rodil",jcprodil@facebook.com,"19 de Abril",https://www.facebook.com/jcprodil,21,,"Ciudad Autónoma de Buenos Aires","Buenos Aires",Argentina,1360597539,"Santiago Gutierrez",
"Wanda Asael",Coppola,wandasaelcoppola@facebook.com,"17 de Abril",https://www.facebook.com/wandasaelcoppola,20,,"Ciudad Autónoma de Buenos Aires","Buenos Aires",Argentina,100000081835724,"Santiago Villanueva",https://www.facebook.com/santiago.villanueva
Lamine,Diagne,diagnemohamed@facebook.com,"19 de Abril",https://www.facebook.com/diagnemohamed,21,,"Ciudad Autónoma de Buenos Aires","Buenos Aires",Argentina,1373887172,"Sindy Elisa Szczucky",https://www.facebook.com/sindy.szczucky
Gon,Pipi,gpipi1@facebook.com,"19 de Abril",https://www.facebook.com/gpipi1,21,,"Ciudad Autónoma de Buenos Aires","Buenos Aires",Argentina,1374650830,"Sindy Elisa Szczucky",https://www.facebook.com/sindy.szczucky
Anu,Magliotti,anu.magliotti@facebook.com,"17 de Abril",https://www.facebook.com/anu.magliotti,20,,"Ciudad Autónoma de Buenos Aires","Buenos Aires",Argentina,1384648121,"Sofia Cantero",
Wale,Cabj,willians.soto@facebook.com,"14 de Abril",https://www.facebook.com/willians.soto,20,"Bella Vista","Bella Vista","Buenos Aires",Argentina,1473851632,"Sol Bettoni",
Joaquin,Pedrosa,joaquin.pedrosa@facebook.com,"19 de Abril",https://www.facebook.com/joaquin.pedrosa,20,"Bella Vista","Bella Vista","Buenos Aires",Argentina,717421531,"Sol Bettoni",
Yarde,Fernandez,yarde.fernandez@facebook.com,"13 de Abril",https://www.facebook.com/yarde.fernandez,21,,"Ciudad Autónoma de Buenos Aires","Buenos Aires",Argentina,1408066062,"Srita Bauer",https://www.facebook.com/marina.vas
Tel,Zen,telzen@facebook.com,"13 de Abril",https://www.facebook.com/telzen,21,,"Ciudad Autónoma de Buenos Aires","Buenos Aires",Argentina,1411125469,"Srita Bauer",https://www.facebook.com/marina.vas
"Tapicería Che",Aires,marcelanoemi.caceres@facebook.com,"15 de Abril",https://www.facebook.com/marcelanoemi.caceres,21,,"Ciudad Autónoma de Buenos Aires","Buenos Aires",Argentina,100005116898273,"Sumatra Shows",https://www.facebook.com/sumatrashows
"Juan Martín",Semina,JuanMartinSemina@facebook.com,"19 de Abril",https://www.facebook.com/JuanMartinSemina,19,,"Ciudad Autónoma de Buenos Aires","Buenos Aires",Argentina,1624174988,"Tomás Eis",
Flor,Polcan,flor.polcan@facebook.com,"17 de Abril",https://www.facebook.com/flor.polcan,18,,"Ciudad Autónoma de Buenos Aires","Buenos Aires",Argentina,1430072676,"Valentino Fabre",https://www.facebook.com/valenfabre
Facu,"Plá Cárdenas",facu.placardenas@facebook.com,"18 de Abril",https://www.facebook.com/facu.placardenas,19,,"Ciudad Autónoma de Buenos Aires","Buenos Aires",Argentina,100001951844159,"Vicky Diaz",
Matias,Covre,matias.covre@facebook.com,"15 de Abril",https://www.facebook.com/matias.covre,18,,"Ciudad Autónoma de Buenos Aires","Buenos Aires",Argentina,100000214483383,"Vicky Diaz",
Abril,Fuentes,abril.fuentes1@facebook.com,"18 de Abril",https://www.facebook.com/abril.fuentes1,19,,"Ciudad Autónoma de Buenos Aires","Buenos Aires",Argentina,100000291244434,"Vicky Diaz",
Fede,Marturano,fede.marturano@facebook.com,"17 de Abril",https://www.facebook.com/fede.marturano,21,,"Ciudad Autónoma de Buenos Aires","Buenos Aires",Argentina,1130651297,"Vicky Diaz",
Fly,Land,fly.land.3@facebook.com,"18 de Abril",https://www.facebook.com/fly.land.3,19,,"Ciudad Autónoma de Buenos Aires","Buenos Aires",Argentina,100000291618087,"Vicky Diaz",
Fraanco,Salinas,FraanBj@facebook.com,"16 de Abril",https://www.facebook.com/FraanBj,18,"La Boca","Ciudad Autónoma de Buenos Aires","Buenos Aires",Argentina,100000706327722,"Vicky Diaz",
Pili,Aon,pili.aon@facebook.com,"15 de Abril",https://www.facebook.com/pili.aon,21,,"Ciudad Autónoma de Buenos Aires","Buenos Aires",Argentina,783822727,"Vicky Diaz",
Jmis,Emiliano,JmisUY@facebook.com,"13 de Abril",https://www.facebook.com/JmisUY,19,,"Ciudad Autónoma de Buenos Aires","Buenos Aires",Argentina,100002686931686,"Vicky Diaz",
