Nombre,Apellido,"Email Facebook",Cumpleaños,"Usuario Facebook",Edad,Barrio,Ciudad,Provincia,Pais,"ID Facebook","Amigo De","Amigo De (Usuario)"
Irina,Reizner,irina.reizner@facebook.com,"20 de Abril",https://www.facebook.com/irina.reizner,32,,"Ciudad Autónoma de Buenos Aires","Buenos Aires",Argentina,728594391,"Adriana Grillo",
Praga,Estilistas,praga.estilistas@facebook.com,"22 de Abril",https://www.facebook.com/praga.estilistas,31,,"Ciudad Autónoma de Buenos Aires","Buenos Aires",Argentina,100001869875175,"Ago Benedettini",https://www.facebook.com/ago.benedettini
Calavera,Chilla,calavera.accesorios@facebook.com,"25 de Abril",https://www.facebook.com/calavera.accesorios,33,,"Ciudad Autónoma de Buenos Aires","Buenos Aires",Argentina,1172091150,"Agos Costas",https://www.facebook.com/agoscostas
Benjamin,Gonzalez,benjamin.gonzalez.946@facebook.com,"24 de Abril",https://www.facebook.com/benjamin.gonzalez.946,32,,"Ciudad Autónoma de Buenos Aires","Buenos Aires",Argentina,517339297,"Agostina Magali Aguirre Alvarez",
Martin,"Ignacio G",mig1981@facebook.com,"21 de Abril",https://www.facebook.com/mig1981,33,,"Ciudad Autónoma de Buenos Aires","Buenos Aires",Argentina,615018909,"Agustín de Aramburu",https://www.facebook.com/agustin.dearamburu
Carmen,Esnaola,carmen.esnaola.9@facebook.com,"24 de Abril",https://www.facebook.com/carmen.esnaola.9,33,,"Ciudad Autónoma de Buenos Aires","Buenos Aires",Argentina,779914509,"Agustín de Aramburu",https://www.facebook.com/agustin.dearamburu
Peter,Balaguer,petervb@facebook.com,"22 de Abril",https://www.facebook.com/petervb,33,,"Ciudad Autónoma de Buenos Aires","Buenos Aires",Argentina,525240738,"Agustín de Aramburu",https://www.facebook.com/agustin.dearamburu
"Cristian Jonathan",O'brien,cristianjonathan.obrien@facebook.com,"25 de Abril",https://www.facebook.com/cristianjonathan.obrien,34,,"Ciudad Autónoma de Buenos Aires","Buenos Aires",Argentina,100000722361144,"Agustin Justin",https://www.facebook.com/Agustin.Justin
Mauro,Gullino,mgullino@facebook.com,"24 de Abril",https://www.facebook.com/mgullino,31,,"Ciudad Autónoma de Buenos Aires","Buenos Aires",Argentina,1371962583,"Ailen Evangelista",https://www.facebook.com/ailu.evangelista
Martín,Hagberg,,"26 de Abril",https://www.facebook.com/profile.php?id=100005290789287,33,"Buenos Aires","Buenos Aires","Buenos Aires",Argentina,100005290789287,"Alan Yun",kimosam
Julieta,Manrique,julieta.manrique.16@facebook.com,"25 de Abril",https://www.facebook.com/julieta.manrique.16,31,,"Ciudad Autónoma de Buenos Aires","Buenos Aires",Argentina,100003233333089,"Aldana Queirolo",https://www.facebook.com/aldana.queirolo
Fernando,Rodriguez,fernando.a.rodriguez.7771@facebook.com,"23 de Abril",https://www.facebook.com/fernando.a.rodriguez.7771,35,,"Ciudad Autónoma de Buenos Aires","Buenos Aires",Argentina,1128242062,"Aldana Queirolo",https://www.facebook.com/aldana.queirolo
"Pensando En",Vos,@facebook.com,"20 de Abril",https://www.facebook.com/profile.php?id=100008278772864,31,,"Ciudad Autónoma de Buenos Aires","Buenos Aires",Argentina,100008278772864,"Alejandra Diaz De Vivar",
Vane,Ortiz,vane.ortiz.737@facebook.com,"22 de Abril",https://www.facebook.com/vane.ortiz.737,33,,"Ciudad Autónoma de Buenos Aires","Buenos Aires",Argentina,1148588396,"Alejandro Cocktila Acosta",https://www.facebook.com/alejandro.acosta
Daniel,Eduardo,@facebook.com,"20 de Abril",https://www.facebook.com/profile.php?id=100004353078376,34,,"Ciudad Autónoma de Buenos Aires","Buenos Aires",Argentina,100004353078376,"Alejandro Cocktila Acosta",https://www.facebook.com/alejandro.acosta
Rodolfo,Ehrhorn,rodolfo.ehrhorn@facebook.com,"23 de Abril",https://www.facebook.com/rodolfo.ehrhorn,31,,"Ciudad Autónoma de Buenos Aires","Buenos Aires",Argentina,100001671817456,"Aline Vilches",
Likein,Heaven,likeinh@facebook.com,"23 de Abril",https://www.facebook.com/likeinh,31,,"Ciudad Autónoma de Buenos Aires","Buenos Aires",Argentina,100001719573447,"Aline Vilches",
Macetas,"de Flor",macetasdeflor@facebook.com,"23 de Abril",https://www.facebook.com/macetasdeflor,31,,"Ciudad Autónoma de Buenos Aires","Buenos Aires",Argentina,100001871674707,"Aline Vilches",
Facundo,Pelliza,facundo.pelliza.1@facebook.com,"20 de Abril",https://www.facebook.com/facundo.pelliza.1,34,,"Ciudad Autónoma de Buenos Aires","Buenos Aires",Argentina,100005495831626,"Aline Vilches",
Vale,Navone,vale.navone@facebook.com,"25 de Abril",https://www.facebook.com/vale.navone,33,,"Ciudad Autónoma de Buenos Aires","Buenos Aires",Argentina,1439593834,"Ana María Mesones",https://www.facebook.com/ana.mesones
María,Brave,Maria.Brave@facebook.com,"25 de Abril",https://www.facebook.com/Maria.Brave,31,,"Ciudad Autónoma de Buenos Aires","Buenos Aires",Argentina,609266449,"Ana María Mesones",https://www.facebook.com/ana.mesones
Maria,Quevedo,marialujanquevedo@facebook.com,"22 de Abril",https://www.facebook.com/marialujanquevedo,34,,"Ciudad Autónoma de Buenos Aires","Buenos Aires",Argentina,1033414912,"Analia Torio",https://www.facebook.com/analia.torio1
Nicolas,Stefanescu,nicolas.stefanescu@facebook.com,"26 de Abril",https://www.facebook.com/nicolas.stefanescu,31,,"Ciudad Autónoma de Buenos Aires","Buenos Aires",Argentina,635063851,"Andrés Bonavera Rendo",https://www.facebook.com/andybonavera
Sabri,Landro,sabri.landro@facebook.com,"26 de Abril",https://www.facebook.com/sabri.landro,31,,"Ciudad Autónoma de Buenos Aires","Buenos Aires",Argentina,727950553,"Andrés Bonavera Rendo",https://www.facebook.com/andybonavera
"Los Perez",Bebidas,losperez.bebidas@facebook.com,"23 de Abril",https://www.facebook.com/losperez.bebidas,32,,"Ciudad Autónoma de Buenos Aires","Buenos Aires",Argentina,100002333989986,"Andrea Flijer",https://www.facebook.com/andrea.flijer
Mariano,Goldman,mariano.goldman@facebook.com,"23 de Abril",https://www.facebook.com/mariano.goldman,31,,"Ciudad Autónoma de Buenos Aires","Buenos Aires",Argentina,792983083,"Ariel D'Onofrio",https://www.facebook.com/arix.donofrio
Carolina,Huidobro,carolina.g.huidobro@facebook.com,"25 de Abril",https://www.facebook.com/carolina.g.huidobro,35,,"Ciudad Autónoma de Buenos Aires","Buenos Aires",Argentina,768064796,"Ariel Villarreal",
Emilio,Fatuzzo,emiliofatuzzo@facebook.com,"22 de Abril",https://www.facebook.com/emiliofatuzzo,33,,"Ciudad Autónoma de Buenos Aires","Buenos Aires",Argentina,1295825102,"Ariel Villarreal",
Olga,Redvanova,olga.redvanova@facebook.com,"24 de Abril",https://www.facebook.com/olga.redvanova,35,,"Ciudad Autónoma de Buenos Aires","Buenos Aires",Argentina,1257521777,"Artur Margaryan",
Cesar,Ariel,ceart007@facebook.com,"25 de Abril",https://www.facebook.com/ceart007,32,,"Ciudad Autónoma de Buenos Aires","Buenos Aires",Argentina,679028450,"Barbara Sayago",https://www.facebook.com/barbara.sayago
Cecilia,Garcia,@facebook.com,"25 de Abril",https://www.facebook.com/profile.php?id=679424114,32,,"Ciudad Autónoma de Buenos Aires","Buenos Aires",Argentina,679424114,"Barbara Sayago",https://www.facebook.com/barbara.sayago
Fredy,Cardenas,fredy.cardenas.731@facebook.com,"22 de Abril",https://www.facebook.com/fredy.cardenas.731,34,,"Ciudad Autónoma de Buenos Aires","Buenos Aires",Argentina,100000486608438,"Barby Lanata",https://www.facebook.com/barby.lanata
Motus,Propio,MOTUSPROPIO@facebook.com,"26 de Abril",https://www.facebook.com/MOTUSPROPIO,32,,"Ciudad Autónoma de Buenos Aires","Buenos Aires",Argentina,1587789657,"Belén Gray",https://www.facebook.com/belen.gray1
Suchtclub,Bar,suchtclub@facebook.com,"20 de Abril",https://www.facebook.com/suchtclub,31,,"Ciudad Autónoma de Buenos Aires","Buenos Aires",Argentina,100000808626482,"Belen Uicich",https://www.facebook.com/belen.uicich
Guille,Lencina,guillelencina81@facebook.com,"21 de Abril",https://www.facebook.com/guillelencina81,33,,"Ciudad Autónoma de Buenos Aires","Buenos Aires",Argentina,1444886832,"Belu Alvarez",
Montserrat,"Sanchez Porto",montserrat.sanchezporto@facebook.com,"20 de Abril",https://www.facebook.com/montserrat.sanchezporto,33,,"Ciudad Autónoma de Buenos Aires","Buenos Aires",Argentina,1311541191,"Belu Piacentino",https://www.facebook.com/belenpiacentino
José,Podestá,jose.podesta.5@facebook.com,"23 de Abril",https://www.facebook.com/jose.podesta.5,33,,"Ciudad Autónoma de Buenos Aires","Buenos Aires",Argentina,727077775,"Betsabé Baxter",https://www.facebook.com/betsabe.baxter
Gigi,Lluvia,Gigi.Gramigna@facebook.com,"23 de Abril",https://www.facebook.com/Gigi.Gramigna,31,,"Ciudad Autónoma de Buenos Aires","Buenos Aires",Argentina,1356371306,"Brenda Fabregat",https://www.facebook.com/brenda.fabregat
Pablo,Martin,pablo.martin.3956@facebook.com,"23 de Abril",https://www.facebook.com/pablo.martin.3956,33,,"Ciudad Autónoma de Buenos Aires","Buenos Aires",Argentina,1127824942,"Brenda Fabregat",https://www.facebook.com/brenda.fabregat
Tata,Chaneton,tata.chaneton@facebook.com,"23 de Abril",https://www.facebook.com/tata.chaneton,34,,"Ciudad Autónoma de Buenos Aires","Buenos Aires",Argentina,100002537310624,"Brenda Fabregat",https://www.facebook.com/brenda.fabregat
Soledad,"Dammiano Solo Mascotas",soledad.dammiano@facebook.com,"24 de Abril",https://www.facebook.com/soledad.dammiano,33,,"Ciudad Autónoma de Buenos Aires","Buenos Aires",Argentina,550427757,"Brenda Fabregat",https://www.facebook.com/brenda.fabregat
Liliana,Rolon,liliana.rolon1@facebook.com,"20 de Abril",https://www.facebook.com/liliana.rolon1,33,,"Ciudad Autónoma de Buenos Aires","Buenos Aires",Argentina,1347158424,"Cali Corsi",https://www.facebook.com/cali.corsi
Agustina,Molina,agusmolinap@facebook.com,"20 de Abril",https://www.facebook.com/agusmolinap,34,"Buenos Aires","Buenos Aires","Buenos Aires",Argentina,1230552825,"Camila Romano",lemonade.barrett
Ignacio,Traverso,ignacio.traverso.5@facebook.com,"22 de Abril",https://www.facebook.com/ignacio.traverso.5,33,,"Ciudad Autónoma de Buenos Aires","Buenos Aires",Argentina,525226633,"Candy Pinto Kramer",
Diego,Laurence,diego.laurence.3@facebook.com,"22 de Abril",https://www.facebook.com/diego.laurence.3,32,,"Ciudad Autónoma de Buenos Aires","Buenos Aires",Argentina,1605312618,"Carlos Wilson",
Dario,Costa,dario.costa.31945@facebook.com,"23 de Abril",https://www.facebook.com/dario.costa.31945,34,,"Ciudad Autónoma de Buenos Aires","Buenos Aires",Argentina,779664241,"Carlos Wilson",
Alejandra,Loncrini,alejandra.loncrini@facebook.com,"20 de Abril",https://www.facebook.com/alejandra.loncrini,35,,"Ciudad Autónoma de Buenos Aires","Buenos Aires",Argentina,1046920465,"Caro Radaelli",https://www.facebook.com/carola.rdll
Mirtha,Cordova,mircordova@facebook.com,"20 de Abril",https://www.facebook.com/mircordova,35,,"Ciudad Autónoma de Buenos Aires","Buenos Aires",Argentina,1056991964,"Caro Radaelli",https://www.facebook.com/carola.rdll
Luzbelita,Sublimaciones,,"22 de Abril",https://www.facebook.com/profile.php?id=100008595762655,35,"Buenos Aires","Buenos Aires","Buenos Aires",Argentina,100008595762655,"Carolina Viacava",carolina.viacava.imbach
Cesar,Enriquez,cesar.enriquez.737@facebook.com,"25 de Abril",https://www.facebook.com/cesar.enriquez.737,33,,"Ciudad Autónoma de Buenos Aires","Buenos Aires",Argentina,668579289,"Celeste Cabral",
Majo,Sere,mjcostantino@facebook.com,"26 de Abril",https://www.facebook.com/mjcostantino,31,,"Ciudad Autónoma de Buenos Aires","Buenos Aires",Argentina,1539914839,"Chanchi Martinez",https://www.facebook.com/chanchi.martinez
Alejandro,Mondelo,alejandro.mondelo.1@facebook.com,"22 de Abril",https://www.facebook.com/alejandro.mondelo.1,31,,"Ciudad Autónoma de Buenos Aires","Buenos Aires",Argentina,1616581483,"Chanchi Martinez",https://www.facebook.com/chanchi.martinez
Analia,Chamorro,analia.chamorro.75@facebook.com,"24 de Abril",https://www.facebook.com/analia.chamorro.75,33,,"Ciudad Autónoma de Buenos Aires","Buenos Aires",Argentina,1098111717,"Chanchi Martinez",https://www.facebook.com/chanchi.martinez
Tomas,Schiavon,tomyschiavon@facebook.com,"26 de Abril",https://www.facebook.com/tomyschiavon,35,,"Ciudad Autónoma de Buenos Aires","Buenos Aires",Argentina,626802885,"Charly de la Iglesia",
Hernan,"del Castillo",hernan.delcastillo.58@facebook.com,"20 de Abril",https://www.facebook.com/hernan.delcastillo.58,33,,"Ciudad Autónoma de Buenos Aires","Buenos Aires",Argentina,100000615262236,"Charly Ruez",https://www.facebook.com/charly.ruez
"M. Emilia",Mesch,m.emilia.mesch@facebook.com,"21 de Abril",https://www.facebook.com/m.emilia.mesch,31,,"Ciudad Autónoma de Buenos Aires","Buenos Aires",Argentina,658796404,"Charly Ruez",https://www.facebook.com/charly.ruez
Maga,Sanchez,Magali10702@facebook.com,"21 de Abril",https://www.facebook.com/Magali10702,31,,"Ciudad Autónoma de Buenos Aires","Buenos Aires",Argentina,1428039328,"China Barreiro",
Constanza,Gonzalez,constanza.gonzalez.758@facebook.com,"25 de Abril",https://www.facebook.com/constanza.gonzalez.758,35,,"Ciudad Autónoma de Buenos Aires","Buenos Aires",Argentina,1791832440,"China Barreiro",
Junior,Iglesias,junior.iglesias.9@facebook.com,"21 de Abril",https://www.facebook.com/junior.iglesias.9,32,,"Ciudad Autónoma de Buenos Aires","Buenos Aires",Argentina,100001076725605,"Christian Marconi",https://www.facebook.com/gmarconi.turismo
Leo,Binello,leo.binello@facebook.com,"23 de Abril",https://www.facebook.com/leo.binello,34,"Villa Devoto","Ciudad Autónoma de Buenos Aires","Buenos Aires",Argentina,776564920,"Claudio Arias",https://www.facebook.com/clautrance
José,Abdala,jose.abdala.71@facebook.com,"20 de Abril",https://www.facebook.com/jose.abdala.71,31,,"Ciudad Autónoma de Buenos Aires","Buenos Aires",Argentina,100003812977583,"Coqui TA",https://www.facebook.com/coquiTA8
Matias,Romero,@facebook.com,"21 de Abril",https://www.facebook.com/profile.php?id=100007515671355,33,,"Ciudad Autónoma de Buenos Aires","Buenos Aires",Argentina,100007515671355,"Daiana Solange Labat",https://www.facebook.com/Daichilandia
Renata,Zakarian,renata.zakarian@facebook.com,"22 de Abril",https://www.facebook.com/renata.zakarian,31,"Parque Patricios","Ciudad Autónoma de Buenos Aires","Buenos Aires",Argentina,677870404,"Daiana Solange Labat",https://www.facebook.com/Daichilandia
Indie,BsAs,indie.bsas@facebook.com,"23 de Abril",https://www.facebook.com/indie.bsas,32,,"Ciudad Autónoma de Buenos Aires","Buenos Aires",Argentina,100000315137756,"Daiana Soledad Pintos",https://www.facebook.com/Sheena.is
Tomás,Pulles,tomas.pulles@facebook.com,"24 de Abril",https://www.facebook.com/tomas.pulles,35,,"Ciudad Autónoma de Buenos Aires","Buenos Aires",Argentina,100000863228927,"Daniela Campero",
"Juan Pablo",Scarfiello,juanpablo.scarfiello.5@facebook.com,"24 de Abril",https://www.facebook.com/juanpablo.scarfiello.5,32,,"Ciudad Autónoma de Buenos Aires","Buenos Aires",Argentina,100004139801299,"Daniela Campero",
Lola,Lopez,lolalopezzzz@facebook.com,"26 de Abril",https://www.facebook.com/lolalopezzzz,34,,"Ciudad Autónoma de Buenos Aires","Buenos Aires",Argentina,100001976125014,"Dany Kunowsky",https://www.facebook.com/daniel.kunowsky
Vicky,Paz,vicky.paz.520@facebook.com,"22 de Abril",https://www.facebook.com/vicky.paz.520,31,,"Ciudad Autónoma de Buenos Aires","Buenos Aires",Argentina,547229892,"Dario Larreina",https://www.facebook.com/dariol80
Esteban,Granieri,esteban.granieri@facebook.com,"25 de Abril",https://www.facebook.com/esteban.granieri,31,,"Ciudad Autónoma de Buenos Aires","Buenos Aires",Argentina,618259112,"Debo Charaf",https://www.facebook.com/debora.charaf
Abril,"De Alas",@facebook.com,"20 de Abril",https://www.facebook.com/profile.php?id=100004107047270,35,,"Ciudad Autónoma de Buenos Aires","Buenos Aires",Argentina,100004107047270,"Diego Molina",https://www.facebook.com/molinadh
Natalia,Mangas,natimangas@facebook.com,"21 de Abril",https://www.facebook.com/natimangas,35,,"Ciudad Autónoma de Buenos Aires","Buenos Aires",Argentina,1139692526,"Divino Vestuario Salve",https://www.facebook.com/salvedivinovestuario
MAriel,LeAnza,mariel.leanza.3@facebook.com,"22 de Abril",https://www.facebook.com/mariel.leanza.3,33,"Villa Crespo","Ciudad Autónoma de Buenos Aires","Buenos Aires",Argentina,1441482662,"Dorian Mori",https://www.facebook.com/Dorian.Mori
"Asbury Bull",Kennel,asburybull.kennel@facebook.com,"21 de Abril",https://www.facebook.com/asburybull.kennel,31,,"Ciudad Autónoma de Buenos Aires","Buenos Aires",Argentina,100002160138225,"Eduardo Vilches",https://www.facebook.com/eduardovilchescba
Fernando,Llerena,fernando.llerena.3@facebook.com,"26 de Abril",https://www.facebook.com/fernando.llerena.3,34,"Buenos Aires","Buenos Aires","Buenos Aires",Argentina,1134351925,"Elias Prituluk",prituluk
Nicolas,Salcedo,nicolas.salcedo.35@facebook.com,"26 de Abril",https://www.facebook.com/nicolas.salcedo.35,35,Boedo,"Ciudad Autónoma de Buenos Aires","Buenos Aires",Argentina,1370199146,"Emilia Namkoong",https://www.facebook.com/emilia.namkoong
Juan,Abreu,juanjuan.abreu@facebook.com,"21 de Abril",https://www.facebook.com/juanjuan.abreu,34,,"Ciudad Autónoma de Buenos Aires","Buenos Aires",Argentina,100000466442983,"Emiliano Pirolo",https://www.facebook.com/emi.pirolo
Gabriel,Barbuto,gabriel.barbuto.7@facebook.com,"26 de Abril",https://www.facebook.com/gabriel.barbuto.7,31,,"Ciudad Autónoma de Buenos Aires","Buenos Aires",Argentina,1004950683,"Emiliano Zabala",
"Jose Maria",Seminara,josemaria.seminara@facebook.com,"26 de Abril",https://www.facebook.com/josemaria.seminara,35,,"Ciudad Autónoma de Buenos Aires","Buenos Aires",Argentina,100003275959242,"Estefania Pascual Lerario",https://www.facebook.com/estefania.lerario
Ezequiel,Bulos,ezebulos@facebook.com,"23 de Abril",https://www.facebook.com/ezebulos,32,,"Ciudad Autónoma de Buenos Aires","Buenos Aires",Argentina,743830759,"Estefania Pascual Lerario",https://www.facebook.com/estefania.lerario
Francisco,Zannier,franciscozannier@facebook.com,"21 de Abril",https://www.facebook.com/franciscozannier,32,,"Ciudad Autónoma de Buenos Aires","Buenos Aires",Argentina,837413591,"Estefania Pascual Lerario",https://www.facebook.com/estefania.lerario
Marce,Kastillos,marce.kastillos.1@facebook.com,"21 de Abril",https://www.facebook.com/marce.kastillos.1,33,,"Ciudad Autónoma de Buenos Aires","Buenos Aires",Argentina,100004959103260,"Evelin Barzabal",https://www.facebook.com/evelin.barzabal
Marcos,Rubens,marcos.rubens1@facebook.com,"23 de Abril",https://www.facebook.com/marcos.rubens1,32,,"Ciudad Autónoma de Buenos Aires","Buenos Aires",Argentina,100001070966005,"Evelina Ferreira",
Delapaztur,"Turismo Argentina",Delapaztur@facebook.com,"22 de Abril",https://www.facebook.com/Delapaztur,34,,"Ciudad Autónoma de Buenos Aires","Buenos Aires",Argentina,100002746212986,"Ezequiel Sebastian Berardi",https://www.facebook.com/EzErAsTa
Power,Inyeccion,@facebook.com,"22 de Abril",https://www.facebook.com/profile.php?id=100008333169832,33,,"Ciudad Autónoma de Buenos Aires","Buenos Aires",Argentina,100008333169832,"Facu Denegri",
Josean,Roncal,josean.roncal@facebook.com,"23 de Abril",https://www.facebook.com/josean.roncal,34,,"Ciudad Autónoma de Buenos Aires","Buenos Aires",Argentina,589566943,"Federico Piegas",https://www.facebook.com/FedericoPiegas
Sofia,Magneres,sofia.magneres@facebook.com,"21 de Abril",https://www.facebook.com/sofia.magneres,33,,"Ciudad Autónoma de Buenos Aires","Buenos Aires",Argentina,1282107764,"Felicitas Ghigliotti",https://www.facebook.com/felicitas.ghigliotti
Ana,Jannello,ajannello@facebook.com,"21 de Abril",https://www.facebook.com/ajannello,33,,"Ciudad Autónoma de Buenos Aires","Buenos Aires",Argentina,525513104,"Felicitas Ghigliotti",https://www.facebook.com/felicitas.ghigliotti
Cuqui,Espinosa,Cucardo@facebook.com,"20 de Abril",https://www.facebook.com/Cucardo,33,,"Ciudad Autónoma de Buenos Aires","Buenos Aires",Argentina,901170593,"Felicitas Ghigliotti",https://www.facebook.com/felicitas.ghigliotti
Chris,Smammo,chris.smammo@facebook.com,"23 de Abril",https://www.facebook.com/chris.smammo,34,,"Ciudad Autónoma de Buenos Aires","Buenos Aires",Argentina,777659804,"Felicitas Ghigliotti",https://www.facebook.com/felicitas.ghigliotti
Tomas,Cloppet,tomas.cloppet@facebook.com,"20 de Abril",https://www.facebook.com/tomas.cloppet,33,,"Ciudad Autónoma de Buenos Aires","Buenos Aires",Argentina,100000036050422,"Felipe Vidal",https://www.facebook.com/Feelipe.vp
Ariana,Godoy,arih.godoy@facebook.com,"20 de Abril",https://www.facebook.com/arih.godoy,33,,"Ciudad Autónoma de Buenos Aires","Buenos Aires",Argentina,100000045075764,"Felipe Vidal",https://www.facebook.com/Feelipe.vp
Juan,Boscolo,juan.boscolo.1@facebook.com,"26 de Abril",https://www.facebook.com/juan.boscolo.1,31,,"Ciudad Autónoma de Buenos Aires","Buenos Aires",Argentina,727006674,"Flor Charró",https://www.facebook.com/florr.ch
Agustin,"Diez Fischer",agustin.diezfischer@facebook.com,"20 de Abril",https://www.facebook.com/agustin.diezfischer,32,,"Ciudad Autónoma de Buenos Aires","Buenos Aires",Argentina,775257491,"Flor Freixas",https://www.facebook.com/freichus
Laura,Pedro,laura.pedro1@facebook.com,"25 de Abril",https://www.facebook.com/laura.pedro1,33,,"Ciudad Autónoma de Buenos Aires","Buenos Aires",Argentina,746026940,"Flor Gonzalez",
Luis,"Rossini Petrini",luis.rossinipetrini@facebook.com,"20 de Abril",https://www.facebook.com/luis.rossinipetrini,33,,"Ciudad Autónoma de Buenos Aires","Buenos Aires",Argentina,1108310149,"Flor Scalise",https://www.facebook.com/flor.scalise
Sol,Gambardella,sol.gambardella@facebook.com,"25 de Abril",https://www.facebook.com/sol.gambardella,32,,"Ciudad Autónoma de Buenos Aires","Buenos Aires",Argentina,1128587909,"Flor Scalise",https://www.facebook.com/flor.scalise
Centro,Ensayo,centro.ensayo@facebook.com,"24 de Abril",https://www.facebook.com/centro.ensayo,35,,"Ciudad Autónoma de Buenos Aires","Buenos Aires",Argentina,100002495244041,"Flor Scalise",https://www.facebook.com/flor.scalise
"Analia Natalia","Paredes Luque",analianatalia.paredesluque@facebook.com,"25 de Abril",https://www.facebook.com/analianatalia.paredesluque,34,,"Ciudad Autónoma de Buenos Aires","Buenos Aires",Argentina,1522370381,"Florencia Cortés",https://www.facebook.com/cortes.florencia
Marina,Herrera,estrelladelmar.fugaz@facebook.com,"23 de Abril",https://www.facebook.com/estrelladelmar.fugaz,34,,"Ciudad Autónoma de Buenos Aires","Buenos Aires",Argentina,1469165104,"Florencia Ferrari",https://www.facebook.com/florenciaferrari.1403
Gaston,Cervera,gaston.cervera.7@facebook.com,"21 de Abril",https://www.facebook.com/gaston.cervera.7,33,,"Ciudad Autónoma de Buenos Aires","Buenos Aires",Argentina,1111244116,"Florencia Garré",https://www.facebook.com/florencia.garre
Emi,"Mrtínz Oneto",emilio.oneto@facebook.com,"21 de Abril",https://www.facebook.com/emilio.oneto,33,,"Ciudad Autónoma de Buenos Aires","Buenos Aires",Argentina,750487778,"Franco Marcoccia",https://www.facebook.com/franco.marcoccia
Gusto,Falcon,gustafalcon@facebook.com,"22 de Abril",https://www.facebook.com/gustafalcon,34,,"Ciudad Autónoma de Buenos Aires","Buenos Aires",Argentina,100004889709404,"Franco Marcoccia",https://www.facebook.com/franco.marcoccia
Sinergia,Smart,sinergia.smart@facebook.com,"25 de Abril",https://www.facebook.com/sinergia.smart,35,"Villa Devoto","Ciudad Autónoma de Buenos Aires","Buenos Aires",Argentina,100002305535252,"Franco Marcoccia",https://www.facebook.com/franco.marcoccia
Ezequiel,Fogacci,ezequiel.fogacci.7@facebook.com,"25 de Abril",https://www.facebook.com/ezequiel.fogacci.7,35,Barracas,"Ciudad Autónoma de Buenos Aires","Distrito Federal",Argentina,100004601463783,"Gabi López",
Eduardo,Battilana,eduardo.battilana@facebook.com,"25 de Abril",https://www.facebook.com/eduardo.battilana,35,,"Ciudad Autónoma de Buenos Aires","Buenos Aires",Argentina,564531921,"Gabriela Prietoo",
Amilcar,Cirilo,amilcar.cirilo@facebook.com,"26 de Abril",https://www.facebook.com/amilcar.cirilo,33,"Buenos Aires","Buenos Aires","Buenos Aires",Argentina,824638745,"Gabriella Rouiller",gabrielarouiller
Rodri,Salazar,RodriLock@facebook.com,"21 de Abril",https://www.facebook.com/RodriLock,32,,"Ciudad Autónoma de Buenos Aires","Buenos Aires",Argentina,1538106035,"Gaby Pascuali",https://www.facebook.com/gabriela.pascuali
Marcos,Gorosito,marcos.e.gorosito@facebook.com,"21 de Abril",https://www.facebook.com/marcos.e.gorosito,35,,"Ciudad Autónoma de Buenos Aires","Buenos Aires",Argentina,730691980,"Gastón Alejandro Di Lella",https://www.facebook.com/gastondilella
Roxana,Cacavo,roxana.cacavo@facebook.com,"26 de Abril",https://www.facebook.com/roxana.cacavo,35,"Buenos Aires","Buenos Aires","Buenos Aires",Argentina,100001053041750,"Gaston Vilalta",gastonvilalta
Adrián,"Rosso Kalafatovich",adrian.rosso@facebook.com,"24 de Abril",https://www.facebook.com/adrian.rosso,31,,"Ciudad Autónoma de Buenos Aires","Buenos Aires",Argentina,541475405,"Germán LM",https://www.facebook.com/ghermanl
Alita,Love,LittleWing234@facebook.com,"23 de Abril",https://www.facebook.com/LittleWing234,32,,"Ciudad Autónoma de Buenos Aires","Buenos Aires",Argentina,100000047747917,"GiSe Abraham",https://www.facebook.com/gise.abraham
"Lala Indumentaria",Femenina,lalaindumentaria.femenina@facebook.com,"25 de Abril",https://www.facebook.com/lalaindumentaria.femenina,34,,"Ciudad Autónoma de Buenos Aires","Buenos Aires",Argentina,100001294865678,"Gisela Tesei",
Tapones,"De Punta",taponesde.punta.1@facebook.com,"20 de Abril",https://www.facebook.com/taponesde.punta.1,34,,"Ciudad Autónoma de Buenos Aires","Buenos Aires",Argentina,100003285028777,"Giselle G Mas",https://www.facebook.com/ftw.73
Santiago,Garrahan,santiago.garrahan.1@facebook.com,"23 de Abril",https://www.facebook.com/santiago.garrahan.1,32,"Buenos Aires","Buenos Aires","Buenos Aires",Argentina,100003590388398,"Hercilia Rs",HERCILIA.R
Enzo,Fortabat,enzo.fortabat@facebook.com,"21 de Abril",https://www.facebook.com/enzo.fortabat,34,,"Ciudad Autónoma de Buenos Aires","Buenos Aires",Argentina,100002268384959,"Irma Mercedes Palma",
Tute,LostHead,lostheadpunk@facebook.com,"22 de Abril",https://www.facebook.com/lostheadpunk,32,,"Ciudad Autónoma de Buenos Aires","Buenos Aires",Argentina,1009259629,"Jessica Bellomo",https://www.facebook.com/JessBellomo
Bea,Belaustegui,bea.belaustegui@facebook.com,"24 de Abril",https://www.facebook.com/bea.belaustegui,32,,"Ciudad Autónoma de Buenos Aires","Buenos Aires",Argentina,1649196797,"Jessica Bellomo",https://www.facebook.com/JessBellomo
Erin,Brer,jirialvriv@facebook.com,"26 de Abril",https://www.facebook.com/jirialvriv,32,,"Ciudad Autónoma de Buenos Aires","Buenos Aires",Argentina,1317104591,"Jessica Bellomo",https://www.facebook.com/JessBellomo
Silvina,Lemos,silvina.lemos.7@facebook.com,"20 de Abril",https://www.facebook.com/silvina.lemos.7,35,,"Ciudad Autónoma de Buenos Aires","Buenos Aires",Argentina,1223358812,"Jimena Zaccardi",https://www.facebook.com/Jimediab
"Esteban David",Toledochipi,estebandavid.toledochipi@facebook.com,"25 de Abril",https://www.facebook.com/estebandavid.toledochipi,33,,"Ciudad Autónoma de Buenos Aires","Buenos Aires",Argentina,1134606563,"Jobs Bar",https://www.facebook.com/jobsbar
Valeria,Martino,valeria.martino.98@facebook.com,"23 de Abril",https://www.facebook.com/valeria.martino.98,32,,"Ciudad Autónoma de Buenos Aires","Buenos Aires",Argentina,568977576,"Jobs Bar",https://www.facebook.com/jobsbar
Nicolas,Ortigueyra,nicolas.ortigueyra@facebook.com,"21 de Abril",https://www.facebook.com/nicolas.ortigueyra,31,,"Ciudad Autónoma de Buenos Aires","Buenos Aires",Argentina,1297652772,"Jochuu Rodriguez Linck",https://www.facebook.com/jochuu.rodriguezlinck
Maximiliano,Famulari,maximiliano.famulari@facebook.com,"25 de Abril",https://www.facebook.com/maximiliano.famulari,35,,"Ciudad Autónoma de Buenos Aires","Buenos Aires",Argentina,1170390602,"Johii Fim",https://www.facebook.com/johii.fim
Maria,Cabanillas,@facebook.com,"25 de Abril",https://www.facebook.com/profile.php?id=100007477065256,34,,"Ciudad Autónoma de Buenos Aires","Buenos Aires",Argentina,100007477065256,"Johii Fim",https://www.facebook.com/johii.fim
Cynthia,Summa,cynthia.summa.7@facebook.com,"20 de Abril",https://www.facebook.com/cynthia.summa.7,33,,"Ciudad Autónoma de Buenos Aires","Buenos Aires",Argentina,100001336350955,"Jose Guevara",https://www.facebook.com/JoeGuevara81
Alerta,Discos,alertadiscos@facebook.com,"25 de Abril",https://www.facebook.com/alertadiscos,32,,"Ciudad Autónoma de Buenos Aires","Buenos Aires",Argentina,1454736581,"Joshua Oglio",
Srta,Curk,srta.curk@facebook.com,"21 de Abril",https://www.facebook.com/srta.curk,35,,"Ciudad Autónoma de Buenos Aires","Buenos Aires",Argentina,1139682972,"Juan Antonio Papagni Meca",https://www.facebook.com/juanantoniopapagnimeca
Josefina,Gimenez,josefina.gimenez.750@facebook.com,"20 de Abril",https://www.facebook.com/josefina.gimenez.750,35,,"Ciudad Autónoma de Buenos Aires","Buenos Aires",Argentina,717949599,"Juan Clemente",
Hermanos,Broders,hermanos.broders@facebook.com,"24 de Abril",https://www.facebook.com/hermanos.broders,34,,"Ciudad Autónoma de Buenos Aires","Buenos Aires",Argentina,100001320505456,"Juan Manuel Fotografo",https://www.facebook.com/JuanmaJMFotoEstudio
Martin,Cancelmo,martingcancelmo@facebook.com,"23 de Abril",https://www.facebook.com/martingcancelmo,32,,"Ciudad Autónoma de Buenos Aires","Buenos Aires",Argentina,617792988,"Juan Manuel Vilagut",https://www.facebook.com/jvilagut1
Laura,Gonzalez,laura.gonzalez.5209000@facebook.com,"21 de Abril",https://www.facebook.com/laura.gonzalez.5209000,33,"Buenos Aires","Buenos Aires","Buenos Aires",Argentina,536047939,"Juan Pablo Aleman",juampialeman
"Alex Hermann",Karsten,alexhermann.karsten@facebook.com,"21 de Abril",https://www.facebook.com/alexhermann.karsten,31,"Buenos Aires","Buenos Aires","Buenos Aires",Argentina,100007081058328,"Juan Pablo Aleman",juampialeman
Milagros,Romero,milagros.romero.792@facebook.com,"22 de Abril",https://www.facebook.com/milagros.romero.792,35,"Buenos Aires","Buenos Aires","Buenos Aires",Argentina,530855655,"Juan Pablo Aleman",juampialeman
Luis,Fissore,luis.fissorenaum@facebook.com,"21 de Abril",https://www.facebook.com/luis.fissorenaum,33,,"Ciudad Autónoma de Buenos Aires","Buenos Aires",Argentina,769000138,"Juli Castellano",https://www.facebook.com/Juliiiiiiy
Agustina,Vexler,agustina.vexler@facebook.com,"24 de Abril",https://www.facebook.com/agustina.vexler,33,,"Ciudad Autónoma de Buenos Aires","Buenos Aires",Argentina,100002264082424,"Julian Argiz",https://www.facebook.com/julian.argiz
Paola,Mormandi,paola.mormandi.5@facebook.com,"20 de Abril",https://www.facebook.com/paola.mormandi.5,34,,"Ciudad Autónoma de Buenos Aires","Buenos Aires",Argentina,615717819,"Julieta Abreu Frank",https://www.facebook.com/julieta.abreufrank
Gisella,"Lopez Becerra",gisella.lopezbecerra@facebook.com,"26 de Abril",https://www.facebook.com/gisella.lopezbecerra,35,,"Ciudad Autónoma de Buenos Aires","Buenos Aires",Argentina,1316433715,"Julieta Sciascia",https://www.facebook.com/julieta.sciascia
Guillermo,Feldman,guillermo.d.feldman@facebook.com,"26 de Abril",https://www.facebook.com/guillermo.d.feldman,35,,"Ciudad Autónoma de Buenos Aires","Buenos Aires",Argentina,556443130,"Julieta Tettamanzi",https://www.facebook.com/Chuchu1979
Daiana,Houlston,daiana.houlston@facebook.com,"21 de Abril",https://www.facebook.com/daiana.houlston,31,Avellaneda,"Ciudad Autónoma de Buenos Aires","Buenos Aires",Argentina,1099485643,"Karina Placeriani",https://www.facebook.com/karina.placeriani
Paola,Valenzuela,paola.valenzuela.3990@facebook.com,"21 de Abril",https://www.facebook.com/paola.valenzuela.3990,35,,"Ciudad Autónoma de Buenos Aires","Buenos Aires",Argentina,100001208984010,"La Rockeria",https://www.facebook.com/oveja1
Carolina,Bejar,carolina.bejar.5@facebook.com,"20 de Abril",https://www.facebook.com/carolina.bejar.5,35,"Villa Del Parque","Ciudad Autónoma de Buenos Aires","Buenos Aires",Argentina,1138100764,"La Rockeria",https://www.facebook.com/oveja1
Hostal,"De La Boca",hostal.delaboca@facebook.com,"20 de Abril",https://www.facebook.com/hostal.delaboca,35,,"Ciudad Autónoma de Buenos Aires","Buenos Aires",Argentina,1573324908,"Laura Maria Puerta Sierra",https://www.facebook.com/lauralaprincesa
Marina,Pasinovich,maripasinovich@facebook.com,"23 de Abril",https://www.facebook.com/maripasinovich,31,,"Ciudad Autónoma de Buenos Aires","Buenos Aires",Argentina,1064316607,"Laurita Menichetti",https://www.facebook.com/laurita.menichetti
Lucas,Tyrrell,lucas.tyrrell.35@facebook.com,"26 de Abril",https://www.facebook.com/lucas.tyrrell.35,33,,"Ciudad Autónoma de Buenos Aires","Buenos Aires",Argentina,578208079,"Laurita Menichetti",https://www.facebook.com/laurita.menichetti
Nicolas,Card,,"26 de Abril",https://www.facebook.com/profile.php?id=100005945236509,31,"Buenos Aires","Buenos Aires","Buenos Aires",Argentina,100005945236509,"Leo LugÓn",leolugon
Anabella,Ponce,anabella.ponce@facebook.com,"26 de Abril",https://www.facebook.com/anabella.ponce,32,,"Ciudad Autónoma de Buenos Aires","Buenos Aires",Argentina,1288929681,"Leti Leticia",
Fatima,Vitale,FatimaVitale@facebook.com,"20 de Abril",https://www.facebook.com/FatimaVitale,35,,"Ciudad Autónoma de Buenos Aires","Buenos Aires",Argentina,1160495842,"Li-ly Rojas",https://www.facebook.com/serena1968
Carlos,Medina,carlos.medina.505@facebook.com,"22 de Abril",https://www.facebook.com/carlos.medina.505,32,,"Ciudad Autónoma de Buenos Aires","Buenos Aires",Argentina,100002815051586,"Lo Lola",
Jeronimo,Molina,jeronimo.molina.921@facebook.com,"26 de Abril",https://www.facebook.com/jeronimo.molina.921,31,,"Ciudad Autónoma de Buenos Aires","Buenos Aires",Argentina,100000559039590,"Lo Lola",
Lionel,"Fernandez Mingorance",@facebook.com,"22 de Abril",https://www.facebook.com/profile.php?id=100007676655882,32,Barracas,"Ciudad Autónoma de Buenos Aires","Buenos Aires",Argentina,100007676655882,"Lucas Alegre",
Maria,Gregoratti,maria.gregoratti@facebook.com,"22 de Abril",https://www.facebook.com/maria.gregoratti,32,,"Ciudad Autónoma de Buenos Aires","Buenos Aires",Argentina,1131097532,"Luciana Antrilli",https://www.facebook.com/luciana.antrilli
Sol,Mentzel,sol.mentzel@facebook.com,"21 de Abril",https://www.facebook.com/sol.mentzel,31,,"Ciudad Autónoma de Buenos Aires","Buenos Aires",Argentina,1659109244,"Luciana Grisolia",https://www.facebook.com/lulagri
Rosario,Ruete,rosario.ruete@facebook.com,"22 de Abril",https://www.facebook.com/rosario.ruete,32,,"Ciudad Autónoma de Buenos Aires","Buenos Aires",Argentina,558056920,"Luli Torres",
"Tan Divino","de DivinoBaco",divinobaco@facebook.com,"22 de Abril",https://www.facebook.com/divinobaco,35,,"Ciudad Autónoma de Buenos Aires","Buenos Aires",Argentina,100000078478295,"Lupe Dávalos",https://www.facebook.com/guadinight
"Juan Sebastian",Ponce,Sebaires@facebook.com,"22 de Abril",https://www.facebook.com/Sebaires,31,"Buenos Aires","Buenos Aires","Buenos Aires",Argentina,100001090595446,"Lupe Dávalos",guadinight
Mica,Aguilera,micu.aguilera@facebook.com,"24 de Abril",https://www.facebook.com/micu.aguilera,33,,"Ciudad Autónoma de Buenos Aires","Buenos Aires",Argentina,1769949573,"Maanu C. Rebori",https://www.facebook.com/maanu
Gilda,Manso,gildamanso@facebook.com,"23 de Abril",https://www.facebook.com/gildamanso,31,,"Ciudad Autónoma de Buenos Aires","Buenos Aires",Argentina,1531578388,"Majo López Tavani",https://www.facebook.com/lasplumas
Tienda,London,tiendalondon@facebook.com,"25 de Abril",https://www.facebook.com/tiendalondon,33,,"Ciudad Autónoma de Buenos Aires","Buenos Aires",Argentina,100001914129574,"Manu Monge",
Jose,Abasolo,jose.i.abasolo@facebook.com,"23 de Abril",https://www.facebook.com/jose.i.abasolo,34,,"Ciudad Autónoma de Buenos Aires","Buenos Aires",Argentina,1070242738,"Manu Monge",
Melu,Huñis,melu.hunis@facebook.com,"24 de Abril",https://www.facebook.com/melu.hunis,33,,"Ciudad Autónoma de Buenos Aires","Buenos Aires",Argentina,528418713,"Marcela Lukowicz",https://www.facebook.com/marcela.lukowicz
Paola,Montechiari,paola.montechiari@facebook.com,"21 de Abril",https://www.facebook.com/paola.montechiari,34,,"Ciudad Autónoma de Buenos Aires","Buenos Aires",Argentina,1350111803,"Marcela Miracolo",https://www.facebook.com/marcela.miracolo
Sabrina,Scafati,sabrina.scafati.1@facebook.com,"20 de Abril",https://www.facebook.com/sabrina.scafati.1,33,,"Ciudad Autónoma de Buenos Aires","Buenos Aires",Argentina,100001676068563,"Marcelo Di Salvo",
Carola,Luna,carola.luna.589@facebook.com,"25 de Abril",https://www.facebook.com/carola.luna.589,31,,"Ciudad Autónoma de Buenos Aires","Buenos Aires",Argentina,100003749128667,"Marcelo Gustavo Salerno",https://www.facebook.com/marcelogustavo.salerno
Nicolas,"Gonzalez Bergez",nicolas.gonzalezbergez@facebook.com,"24 de Abril",https://www.facebook.com/nicolas.gonzalezbergez,31,,"Ciudad Autónoma de Buenos Aires","Buenos Aires",Argentina,684037408,"Maria Florencia Lioni Tarsitano",https://www.facebook.com/mariaflorencia.lionitarsi
Lola,Lola,@facebook.com,"21 de Abril",https://www.facebook.com/profile.php?id=100006048945158,32,,"Ciudad Autónoma de Buenos Aires","Buenos Aires",Argentina,100006048945158,"Maria Laura Pendás",https://www.facebook.com/marialaura.pendas
Guido,Giannoni,guido.m.giannoni@facebook.com,"26 de Abril",https://www.facebook.com/guido.m.giannoni,31,,"Ciudad Autónoma de Buenos Aires","Buenos Aires",Argentina,584719646,"Maria Paula Toyos",
Ignacio,Monsone,imonsone@facebook.com,"21 de Abril",https://www.facebook.com/imonsone,31,,"Ciudad Autónoma de Buenos Aires","Buenos Aires",Argentina,1134551297,"Maria Pia Perez Brea",
Lucas,Pucci,lucas.pucci.52@facebook.com,"20 de Abril",https://www.facebook.com/lucas.pucci.52,32,,"Ciudad Autónoma de Buenos Aires","Buenos Aires",Argentina,658259838,"Maria Soledad Villamil",https://www.facebook.com/mariasoledad.villamil
Andrea,Romero,andrea.romero.9216778@facebook.com,"22 de Abril",https://www.facebook.com/andrea.romero.9216778,31,,"Ciudad Autónoma de Buenos Aires","Buenos Aires",Argentina,1556059128,"Mariana Porterrieu",
Laura,Ottone,laura.ottone@facebook.com,"24 de Abril",https://www.facebook.com/laura.ottone,34,,"Ciudad Autónoma de Buenos Aires","Buenos Aires",Argentina,1094192471,"Mariana Sparks",
Zonaprop,"Clasificados de Inmuebles",zonaprop.clasificadosdeinmuebles@facebook.com,"20 de Abril",https://www.facebook.com/zonaprop.clasificadosdeinmuebles,34,,"Ciudad Autónoma de Buenos Aires","Buenos Aires",Argentina,100000328816979,"Mariano Calvagna",https://www.facebook.com/mariano.calvagna
Morelli,Inmobiliaria,inmo.morelli@facebook.com,"23 de Abril",https://www.facebook.com/inmo.morelli,31,,"Ciudad Autónoma de Buenos Aires","Buenos Aires",Argentina,100001919174436,"Marilina Lagomarsino",https://www.facebook.com/marilina.lagomarsino
"Juan Pablo",Santos,juanpablo.santos.33@facebook.com,"24 de Abril",https://www.facebook.com/juanpablo.santos.33,32,,"Ciudad Autónoma de Buenos Aires","Buenos Aires",Argentina,1217619302,"Marina Castagnino",https://www.facebook.com/castagnino
Pablo,Rojo,pablo.rojo.75@facebook.com,"21 de Abril",https://www.facebook.com/pablo.rojo.75,32,,"Ciudad Autónoma de Buenos Aires","Buenos Aires",Argentina,634482645,"Marina Castagnino",https://www.facebook.com/castagnino
Carolina,Marceca,MysteriousW@facebook.com,"20 de Abril",https://www.facebook.com/MysteriousW,31,,"Ciudad Autónoma de Buenos Aires","Buenos Aires",Argentina,818278795,"Martín Levy Rocca",https://www.facebook.com/TinchoVDP
Magdalena,Zimmer,malezimmer@facebook.com,"23 de Abril",https://www.facebook.com/malezimmer,31,,"Ciudad Autónoma de Buenos Aires","Buenos Aires",Argentina,618651915,"Mauro Napole",https://www.facebook.com/maurinapole
Meli,Diéguez,melilamelasdieguez@facebook.com,"21 de Abril",https://www.facebook.com/melilamelasdieguez,33,,"Ciudad Autónoma de Buenos Aires","Buenos Aires",Argentina,1165839408,"Maxi Aguirre Fernandez",
Mechi,Valcaneras,mechi.valcaneras.3@facebook.com,"24 de Abril",https://www.facebook.com/mechi.valcaneras.3,31,,"Ciudad Autónoma de Buenos Aires","Buenos Aires",Argentina,100007254670190,"Mechi Abud",https://www.facebook.com/mechi.abud
Fede,Meno,fedeiguana@facebook.com,"23 de Abril",https://www.facebook.com/fedeiguana,34,,"Ciudad Autónoma de Buenos Aires","Buenos Aires",Argentina,595962963,"Melo Dellarole",https://www.facebook.com/melodellarole
Diego,Saurina,diego.saurina1@facebook.com,"20 de Abril",https://www.facebook.com/diego.saurina1,33,,"Ciudad Autónoma de Buenos Aires","Buenos Aires",Argentina,753544571,"Mercedes Ferrario",https://www.facebook.com/mercedes.ferrario
Ignacio,Piemonte,ignacio.piemonte@facebook.com,"24 de Abril",https://www.facebook.com/ignacio.piemonte,33,,"Ciudad Autónoma de Buenos Aires","Buenos Aires",Argentina,637256406,"Mercedes Ferrario",https://www.facebook.com/mercedes.ferrario
Eleonora,Lombardi,elelombardi@facebook.com,"24 de Abril",https://www.facebook.com/elelombardi,34,,"Ciudad Autónoma de Buenos Aires","Buenos Aires",Argentina,706448878,"Mery Villar",https://www.facebook.com/mery.villar1
Herramientas,Gerenciales,herramientas.gerenciales@facebook.com,"20 de Abril",https://www.facebook.com/herramientas.gerenciales,34,,"Ciudad Autónoma de Buenos Aires","Buenos Aires",Argentina,100000213643744,"Mery Villar",https://www.facebook.com/mery.villar1
Lucrecia,Galaz,lucrecia.galaz@facebook.com,"23 de Abril",https://www.facebook.com/lucrecia.galaz,31,,"Ciudad Autónoma de Buenos Aires","Buenos Aires",Argentina,100005260093825,"Mery Villar",https://www.facebook.com/mery.villar1
Angie,Basavilbaso,angie.basavilbaso@facebook.com,"20 de Abril",https://www.facebook.com/angie.basavilbaso,31,,"Ciudad Autónoma de Buenos Aires","Buenos Aires",Argentina,683317359,"Mery Villar",https://www.facebook.com/mery.villar1
"Paul Juan Pablo",Exner,juanpablo.exner@facebook.com,"24 de Abril",https://www.facebook.com/juanpablo.exner,32,"La Paternal","Ciudad Autónoma de Buenos Aires","Buenos Aires",Argentina,1549377277,"Michelle Fingeret",https://www.facebook.com/michelle.fingeret
Mariano,Dorado,mariano.dorado.39@facebook.com,"22 de Abril",https://www.facebook.com/mariano.dorado.39,34,,"Ciudad Autónoma de Buenos Aires","Buenos Aires",Argentina,1265437412,"Miqui Berriòs",https://www.facebook.com/miqui.berrios
Romina,Fabbio,romina.fabbio@facebook.com,"25 de Abril",https://www.facebook.com/romina.fabbio,33,,"Ciudad Autónoma de Buenos Aires","Buenos Aires",Argentina,1165517696,"Miqui Berriòs",https://www.facebook.com/miqui.berrios
Yousef,Gadhi,yousef.gadhi@facebook.com,"20 de Abril",https://www.facebook.com/yousef.gadhi,35,,"Ciudad Autónoma de Buenos Aires","Buenos Aires",Argentina,100001813881588,"Miqui Berriòs",https://www.facebook.com/miqui.berrios
Ariel,Hidalgo,hidalgo.ariel@facebook.com,"22 de Abril",https://www.facebook.com/hidalgo.ariel,32,,"Ciudad Autónoma de Buenos Aires","Buenos Aires",Argentina,100000443815296,"Miqui Berriòs",https://www.facebook.com/miqui.berrios
Julia,Zárate,jungle.julia.10@facebook.com,"25 de Abril",https://www.facebook.com/jungle.julia.10,33,,"Ciudad Autónoma de Buenos Aires","Buenos Aires",Argentina,651570938,"Miqui Berriòs",https://www.facebook.com/miqui.berrios
Luciano,Art,lvartstudio@facebook.com,"21 de Abril",https://www.facebook.com/lvartstudio,35,,"Ciudad Autónoma de Buenos Aires","Buenos Aires",Argentina,100002308266151,"Miranda Toderi",https://www.facebook.com/miranda.toderi
Danceislife,Danzas,danceislife.danzas@facebook.com,"23 de Abril",https://www.facebook.com/danceislife.danzas,32,,"Ciudad Autónoma de Buenos Aires","Buenos Aires",Argentina,100002342374131,"Miranda Toderi",https://www.facebook.com/miranda.toderi
Natura,Ventas,natura.ventas.925@facebook.com,"25 de Abril",https://www.facebook.com/natura.ventas.925,31,"San Cristóbal","Ciudad Autónoma de Buenos Aires","Buenos Aires",Argentina,100005086481852,"Monica Trigila",https://www.facebook.com/monica.trigila
ALe,Dominguez,aluu.dominguez.5@facebook.com,"25 de Abril",https://www.facebook.com/aluu.dominguez.5,31,"Parque Patricios","Ciudad Autónoma de Buenos Aires","Buenos Aires",Argentina,616254435,"Monica Trigila",https://www.facebook.com/monica.trigila
Adrian,Siniscalco,adrian.siniscalco@facebook.com,"21 de Abril",https://www.facebook.com/adrian.siniscalco,33,,"Ciudad Autónoma de Buenos Aires","Buenos Aires",Argentina,100001033662942,"Nadia Denise",
Andres,Andrade,andres.andrade.771@facebook.com,"23 de Abril",https://www.facebook.com/andres.andrade.771,35,Núñez,"Ciudad Autónoma de Buenos Aires","Buenos Aires",Argentina,1360939558,"Nadia Denise",
Ariel,Duré,ariel.dure@facebook.com,"21 de Abril",https://www.facebook.com/ariel.dure,31,"Villa Ortúzar","Ciudad Autónoma de Buenos Aires","Buenos Aires",Argentina,1174669593,"Nadia Soraya",https://www.facebook.com/nadia.soraya
Aldito,Fortino,aldito.fortino@facebook.com,"25 de Abril",https://www.facebook.com/aldito.fortino,31,,"Ciudad Autónoma de Buenos Aires","Buenos Aires",Argentina,1417980709,"Nadia Soraya",https://www.facebook.com/nadia.soraya
Guillermo,Cornetti,guillermo.cornetti@facebook.com,"20 de Abril",https://www.facebook.com/guillermo.cornetti,32,,"Ciudad Autónoma de Buenos Aires","Buenos Aires",Argentina,626702116,"Natalia Garmaz Hilbert",https://www.facebook.com/natalia.garmazhilbert
Maru,Alvarez,maru.alvarez.3979@facebook.com,"24 de Abril",https://www.facebook.com/maru.alvarez.3979,33,,"Ciudad Autónoma de Buenos Aires","Buenos Aires",Argentina,832954597,"Natalia Garmaz Hilbert",https://www.facebook.com/natalia.garmazhilbert
"Guadalupe Eugenia",Ferrer,guadalupeeugenia.ferrer@facebook.com,"21 de Abril",https://www.facebook.com/guadalupeeugenia.ferrer,32,,"Ciudad Autónoma de Buenos Aires","Buenos Aires",Argentina,713227891,"Natalia Magali Guglielmo",https://www.facebook.com/nataliamagali.guglielmo
Gisela,Marin,gisela.j.marin@facebook.com,"23 de Abril",https://www.facebook.com/gisela.j.marin,34,,"Ciudad Autónoma de Buenos Aires","Buenos Aires",Argentina,651683714,"Natalia Magali Guglielmo",https://www.facebook.com/nataliamagali.guglielmo
Distinyan,Yan,distinyan.yan@facebook.com,"21 de Abril",https://www.facebook.com/distinyan.yan,33,,"Ciudad Autónoma de Buenos Aires","Buenos Aires",Argentina,100001836199753,"Natalia Magariello",https://www.facebook.com/natalia.magariello
Guillermo,Carreras,CyRConsultoresOrganizacionales@facebook.com,"21 de Abril",https://www.facebook.com/CyRConsultoresOrganizacionales,33,,"Ciudad Autónoma de Buenos Aires","Buenos Aires",Argentina,100001874532701,"Natalia Magariello",https://www.facebook.com/natalia.magariello
Agus,Diaz,agus.r.diaz@facebook.com,"20 de Abril",https://www.facebook.com/agus.r.diaz,31,,"Ciudad Autónoma de Buenos Aires","Buenos Aires",Argentina,712631297,"Natalia Neme",https://www.facebook.com/nataliagneme
Miguel,Cravero,miguel.cravero.1@facebook.com,"21 de Abril",https://www.facebook.com/miguel.cravero.1,35,,"Ciudad Autónoma de Buenos Aires","Buenos Aires",Argentina,100000498236328,"Natalia Neme",https://www.facebook.com/nataliagneme
Ale,Tini,miguel.cravero.3@facebook.com,"21 de Abril",https://www.facebook.com/miguel.cravero.3,35,,"Ciudad Autónoma de Buenos Aires","Buenos Aires",Argentina,1257240664,"Natalia Neme",https://www.facebook.com/nataliagneme
Valeria,Ayala,valeria.ayala.397@facebook.com,"24 de Abril",https://www.facebook.com/valeria.ayala.397,34,,"Ciudad Autónoma de Buenos Aires","Buenos Aires",Argentina,1460864964,"Natalia Rosensvaich",https://www.facebook.com/Rochen
Paul,Abiel,paul.abiel.5@facebook.com,"23 de Abril",https://www.facebook.com/paul.abiel.5,33,,"Ciudad Autónoma de Buenos Aires","Buenos Aires",Argentina,100005365837982,"Natascha Stern",https://www.facebook.com/natascha.stern
Iara,Mijalovsky,iamijal@facebook.com,"26 de Abril",https://www.facebook.com/iamijal,31,,"Ciudad Autónoma de Buenos Aires","Buenos Aires",Argentina,623740697,"Nicolas Brea",https://www.facebook.com/Nicolas.Brea
Sebastián,Iacoi,smiacoi@facebook.com,"22 de Abril",https://www.facebook.com/smiacoi,34,,"Ciudad Autónoma de Buenos Aires","Buenos Aires",Argentina,717486632,"Nicolas Martin",
"Gustavo Alberto",Sosa,gustavoalberto.sosa@facebook.com,"20 de Abril",https://www.facebook.com/gustavoalberto.sosa,35,,"Ciudad Autónoma de Buenos Aires","Buenos Aires",Argentina,1145033734,"Noe Guillén",https://www.facebook.com/noeguillen20
Dra.,Ivon,Dra.Ivon@facebook.com,"24 de Abril",https://www.facebook.com/Dra.Ivon,33,,"Ciudad Autónoma de Buenos Aires","Buenos Aires",Argentina,1222924225,"Noe Guillén",https://www.facebook.com/noeguillen20
Marìa,Velich,maria.velich@facebook.com,"21 de Abril",https://www.facebook.com/maria.velich,32,,"Ciudad Autónoma de Buenos Aires","Buenos Aires",Argentina,1359295958,"Noe Guillén",https://www.facebook.com/noeguillen20
Tity,Navarro,tity.navarro@facebook.com,"21 de Abril",https://www.facebook.com/tity.navarro,33,"San Telmo","Ciudad Autónoma de Buenos Aires","Buenos Aires",Argentina,1646112967,"Noelia Ferrari",https://www.facebook.com/noeliavf
Natalia,Jeandet,natalia.jeandet@facebook.com,"23 de Abril",https://www.facebook.com/natalia.jeandet,35,Liniers,"Ciudad Autónoma de Buenos Aires","Distrito Federal",Argentina,1477134655,"Pablo Bravo",
Marhin,Gonzales,marhin.gonzales@facebook.com,"20 de Abril",https://www.facebook.com/marhin.gonzales,32,,"Ciudad Autónoma de Buenos Aires","Buenos Aires",Argentina,621123192,"Pamela Altamiranda",https://www.facebook.com/pamela.altamiranda1
Javier,Yuch,javiyuchpersonal@facebook.com,"21 de Abril",https://www.facebook.com/javiyuchpersonal,31,,"Ciudad Autónoma de Buenos Aires","Buenos Aires",Argentina,551353378,"Pamela Garrote",https://www.facebook.com/pamela.garrote
Pablo,Tisera,pablo.tisera2@facebook.com,"23 de Abril",https://www.facebook.com/pablo.tisera2,34,,"Ciudad Autónoma de Buenos Aires","Buenos Aires",Argentina,100000590531728,"Pamela Gil",https://www.facebook.com/pamelagil
Elisabeth,Litwiller,elisabeth.litwiller@facebook.com,"24 de Abril",https://www.facebook.com/elisabeth.litwiller,32,,"Ciudad Autónoma de Buenos Aires","Buenos Aires",Argentina,1093246030,"Paula Acosta",
Carolina,Ares,carolina.ares1@facebook.com,"23 de Abril",https://www.facebook.com/carolina.ares1,32,,"Ciudad Autónoma de Buenos Aires","Buenos Aires",Argentina,720747715,"Paula Castro",
Clara,Badino,clara.badino@facebook.com,"21 de Abril",https://www.facebook.com/clara.badino,32,,"Ciudad Autónoma de Buenos Aires","Buenos Aires",Argentina,580616457,"Paz Gonzalez",https://www.facebook.com/pachu.gonzalez
"Alvaro Lopez",Vuelve,alvarolopez.vuelve@facebook.com,"20 de Abril",https://www.facebook.com/alvarolopez.vuelve,34,,"Ciudad Autónoma de Buenos Aires","Buenos Aires",Argentina,100000137856314,"Poh Ly",https://www.facebook.com/pohoreyco
Soledad,"Andina Silva",sandinasilva@facebook.com,"26 de Abril",https://www.facebook.com/sandinasilva,32,,"Ciudad Autónoma de Buenos Aires","Buenos Aires",Argentina,859730056,"Poly Fariña",https://www.facebook.com/poly.farina
Be,Cul,be.cul.3@facebook.com,"26 de Abril",https://www.facebook.com/be.cul.3,32,,"Ciudad Autónoma de Buenos Aires","Buenos Aires",Argentina,100002893233682,"Poly Fariña",https://www.facebook.com/poly.farina
Cienitours,Viajes,@facebook.com,"22 de Abril",https://www.facebook.com/profile.php?id=100008066418952,32,,"Ciudad Autónoma de Buenos Aires","Buenos Aires",Argentina,100008066418952,"Rafael Roca",https://www.facebook.com/roca.rafael
Romina,Bottino,romibottino@facebook.com,"24 de Abril",https://www.facebook.com/romibottino,35,,"Ciudad Autónoma de Buenos Aires","Buenos Aires",Argentina,1498323436,"Rafael Roca",https://www.facebook.com/roca.rafael
Andrea,Amarillo,andrea.amarillo.98@facebook.com,"20 de Abril",https://www.facebook.com/andrea.amarillo.98,35,,"Ciudad Autónoma de Buenos Aires","Buenos Aires",Argentina,100000162463109,"Ricardo Caballero Mieres",https://www.facebook.com/Ricky.CM77
Lucas,Viglione,lucas.viglione@facebook.com,"21 de Abril",https://www.facebook.com/lucas.viglione,31,,"Ciudad Autónoma de Buenos Aires","Buenos Aires",Argentina,766373652,"Rocío Martínez",https://www.facebook.com/rochi.belen
Leandro,Vainberg,leandro.vainberg@facebook.com,"21 de Abril",https://www.facebook.com/leandro.vainberg,32,,"Ciudad Autónoma de Buenos Aires","Buenos Aires",Argentina,753343732,"Rocio Marquez",
Nicolas,Redondo,nsredondo@facebook.com,"21 de Abril",https://www.facebook.com/nsredondo,33,,"Ciudad Autónoma de Buenos Aires","Buenos Aires",Argentina,1368138652,"Romi Maruffo",https://www.facebook.com/romi.maruffo
Lucas,Bitar,lucas.bitar@facebook.com,"24 de Abril",https://www.facebook.com/lucas.bitar,35,,"Ciudad Autónoma de Buenos Aires","Buenos Aires",Argentina,785307942,"Romina Dorza",https://www.facebook.com/rodorza
Pato,Rossomando,pato.rossomando.3@facebook.com,"21 de Abril",https://www.facebook.com/pato.rossomando.3,33,,"Ciudad Autónoma de Buenos Aires","Buenos Aires",Argentina,1348170842,"Romy Escudero",https://www.facebook.com/romina.escudero
Ari,Cepeda,ari.cepeda@facebook.com,"21 de Abril",https://www.facebook.com/ari.cepeda,33,,"Ciudad Autónoma de Buenos Aires","Buenos Aires",Argentina,534827421,"Roxana Cecilia Moyano",https://www.facebook.com/roxana.moyano
Gonzalo,Aristu,gonzalo.aristu@facebook.com,"24 de Abril",https://www.facebook.com/gonzalo.aristu,31,,"Ciudad Autónoma de Buenos Aires","Buenos Aires",Argentina,1077255366,"Ruben Pacora",https://www.facebook.com/ruben.pacora
Deby,Glezer,deby.glezer@facebook.com,"20 de Abril",https://www.facebook.com/deby.glezer,34,,"Ciudad Autónoma de Buenos Aires","Buenos Aires",Argentina,892520028,"Sabrina Fuchs",
Geri,Einstoss,geri.einstoss@facebook.com,"20 de Abril",https://www.facebook.com/geri.einstoss,31,,"Ciudad Autónoma de Buenos Aires","Buenos Aires",Argentina,1015184171,"Sabrina Fuchs",
Aye,Oyhamburu,AyeOyhamburu@facebook.com,"21 de Abril",https://www.facebook.com/AyeOyhamburu,35,,"Ciudad Autónoma de Buenos Aires","Buenos Aires",Argentina,100000262329030,"Sabry Valenti",https://www.facebook.com/sabry.valenti
Matias,Lamoglia,matias.lamoglia@facebook.com,"23 de Abril",https://www.facebook.com/matias.lamoglia,31,,"Ciudad Autónoma de Buenos Aires","Buenos Aires",Argentina,612848554,"Sabry Valenti",https://www.facebook.com/sabry.valenti
Matias,Huvelle,matias.huvelle@facebook.com,"26 de Abril",https://www.facebook.com/matias.huvelle,31,,"Ciudad Autónoma de Buenos Aires","Buenos Aires",Argentina,571163945,"Santi Osterc",https://www.facebook.com/santiosterc
Ganchos,Trailers,@facebook.com,"25 de Abril",https://www.facebook.com/profile.php?id=100005565857048,34,,"Ciudad Autónoma de Buenos Aires","Buenos Aires",Argentina,100005565857048,"Sebastian Daniel Riccardi",https://www.facebook.com/sebastian.riccardi
Jenifer,Stteinman,jstteinman@facebook.com,"20 de Abril",https://www.facebook.com/jstteinman,33,,"Ciudad Autónoma de Buenos Aires","Buenos Aires",Argentina,100001425711180,"Sebastian Daniel Riccardi",https://www.facebook.com/sebastian.riccardi
Marce,Miranda,marce.miranda.92@facebook.com,"21 de Abril",https://www.facebook.com/marce.miranda.92,32,,"Ciudad Autónoma de Buenos Aires","Buenos Aires",Argentina,1261705177,"Sebastian Zarate",
Roxana,Sandrini,roxana.sandrini@facebook.com,"25 de Abril",https://www.facebook.com/roxana.sandrini,31,"Villa Devoto","Ciudad Autónoma de Buenos Aires","Buenos Aires",Argentina,100000380813567,"Sergio Acosta",
Javier,Ganin,javier.ganin@facebook.com,"24 de Abril",https://www.facebook.com/javier.ganin,31,,"Ciudad Autónoma de Buenos Aires","Buenos Aires",Argentina,538674673,"Sergio Acosta",
Alito,Aba,ale.abadi@facebook.com,"21 de Abril",https://www.facebook.com/ale.abadi,34,,"Ciudad Autónoma de Buenos Aires","Buenos Aires",Argentina,1313721078,"Sergio Acosta",
Juani,Pascot,juani.pascot@facebook.com,"22 de Abril",https://www.facebook.com/juani.pascot,31,"Buenos Aires","Buenos Aires","Buenos Aires",Argentina,742782383,"Sofia Reinoso",sofia.reinoso2
Marcos,"C Rrhh",@facebook.com,"24 de Abril",https://www.facebook.com/profile.php?id=100007309366194,33,,"Ciudad Autónoma de Buenos Aires","Buenos Aires",Argentina,100007309366194,"Sol Policastro",https://www.facebook.com/solangeforever
Lore,Espinoza,lore.espinoza.37@facebook.com,"25 de Abril",https://www.facebook.com/lore.espinoza.37,35,"Buenos Aires","Buenos Aires","Buenos Aires",Argentina,1374050581,"Sol Vallejo",solv2
Maria,Aco,maria.aco@facebook.com,"23 de Abril",https://www.facebook.com/maria.aco,33,"Buenos Aires","Buenos Aires","Buenos Aires",Argentina,1552143713,"Sol Vallejo",solv2
Carolina,Veron,carolina.veron.35@facebook.com,"25 de Abril",https://www.facebook.com/carolina.veron.35,33,,"Ciudad Autónoma de Buenos Aires","Buenos Aires",Argentina,1545832142,"Tatiana Petroccelli",https://www.facebook.com/tanshanita
Ezequiel,Severino,EZEQUIELSEVERINOO@facebook.com,"21 de Abril",https://www.facebook.com/EZEQUIELSEVERINOO,35,,"Ciudad Autónoma de Buenos Aires","Buenos Aires",Argentina,1421714852,"Tatiana Petroccelli",https://www.facebook.com/tanshanita
Damian,Marin,damian.marin.52@facebook.com,"25 de Abril",https://www.facebook.com/damian.marin.52,35,,"Ciudad Autónoma de Buenos Aires","Buenos Aires",Argentina,100002278008029,"Tatiana Petroccelli",https://www.facebook.com/tanshanita
Leva,Diseños,ora.disenos@facebook.com,"25 de Abril",https://www.facebook.com/ora.disenos,35,,"Ciudad Autónoma de Buenos Aires","Buenos Aires",Argentina,100002279136282,"Tatiana Petroccelli",https://www.facebook.com/tanshanita
Mathy,Ramona,matiasezequiel.verdone@facebook.com,"20 de Abril",https://www.facebook.com/matiasezequiel.verdone,35,,"Ciudad Autónoma de Buenos Aires","Buenos Aires",Argentina,1673151664,"Tatiana Petroccelli",https://www.facebook.com/tanshanita
Luciana,Lescase,luciana.lescase@facebook.com,"20 de Abril",https://www.facebook.com/luciana.lescase,33,,"Ciudad Autónoma de Buenos Aires","Buenos Aires",Argentina,1402402677,"Tatiana Petroccelli",https://www.facebook.com/tanshanita
Cande,Mansilla,cande.gmansilla@facebook.com,"23 de Abril",https://www.facebook.com/cande.gmansilla,34,,"Ciudad Autónoma de Buenos Aires","Buenos Aires",Argentina,100003160781215,"Thomas Jensen",
Daniela,Monzo,daniela.monzo@facebook.com,"26 de Abril",https://www.facebook.com/daniela.monzo,34,,"Ciudad Autónoma de Buenos Aires","Buenos Aires",Argentina,1296662263,"Tia Lu",https://www.facebook.com/vivardo.lucia
Ariel,Fernández,oscar.a.fernandezmendez@facebook.com,"25 de Abril",https://www.facebook.com/oscar.a.fernandezmendez,31,Array,"Ciudad Autónoma de Buenos Aires","Buenos Aires",Argentina,1633233538,"Tiago Salvia",tiago.salvia.1
Angela,Garzón,angela.garzon.7@facebook.com,"23 de Abril",https://www.facebook.com/angela.garzon.7,31,,"Ciudad Autónoma de Buenos Aires","Buenos Aires",Argentina,576821497,"Valentin Abelardo",https://www.facebook.com/valentin.abelardo
Gabriel,Fernandez,Gabriel.Eduardo.Fernandez@facebook.com,"22 de Abril",https://www.facebook.com/Gabriel.Eduardo.Fernandez,34,,"Ciudad Autónoma de Buenos Aires","Buenos Aires",Argentina,528962155,"Valeria Mansilla",https://www.facebook.com/valitus
"María Belén",Longo,mariabelen.longo@facebook.com,"22 de Abril",https://www.facebook.com/mariabelen.longo,34,,"Ciudad Autónoma de Buenos Aires","Buenos Aires",Argentina,533325071,"Valeria Mansilla",https://www.facebook.com/valitus
"Tamara Luz",Stupenengo,tamaraluz.stupenengo@facebook.com,"26 de Abril",https://www.facebook.com/tamaraluz.stupenengo,31,,"Ciudad Autónoma de Buenos Aires","Buenos Aires",Argentina,100000995507288,"Valeria Rodriguez",
Patricio,Puerta,patricio.puerta@facebook.com,"24 de Abril",https://www.facebook.com/patricio.puerta,34,,"Ciudad Autónoma de Buenos Aires","Buenos Aires",Argentina,804566459,"Vanesa Marinich",https://www.facebook.com/vanesa.marinich
Rosh,Fábrica,marinapamela.roshfabrica@facebook.com,"26 de Abril",https://www.facebook.com/marinapamela.roshfabrica,34,,"Ciudad Autónoma de Buenos Aires","Buenos Aires",Argentina,100005791658827,"Vanesa Myrna Ojeda",
Veronica,Olmos,veronica.olmos.313@facebook.com,"23 de Abril",https://www.facebook.com/veronica.olmos.313,34,,"Ciudad Autónoma de Buenos Aires","Buenos Aires",Argentina,1386107201,"Vanina Granados",https://www.facebook.com/vanina.granados
Maria,Newton,maria.newton.77@facebook.com,"22 de Abril",https://www.facebook.com/maria.newton.77,35,,"Ciudad Autónoma de Buenos Aires","Buenos Aires",Argentina,100001915807976,"Vanina Granados",https://www.facebook.com/vanina.granados
Lucas,"De Renzo",lucas.derenzo.3@facebook.com,"24 de Abril",https://www.facebook.com/lucas.derenzo.3,32,,"Ciudad Autónoma de Buenos Aires","Buenos Aires",Argentina,608101116,"Verónica Peschiutta",https://www.facebook.com/VERONICAPESCHIUTTA
Nicolás,Chidíchimo,NicolasMCH@facebook.com,"20 de Abril",https://www.facebook.com/NicolasMCH,34,,"Ciudad Autónoma de Buenos Aires","Buenos Aires",Argentina,100003227913605,"Vero Milione",https://www.facebook.com/vero.milione
Joaquin,Nisivoccia,jnisivoccia@facebook.com,"24 de Abril",https://www.facebook.com/jnisivoccia,33,,"Ciudad Autónoma de Buenos Aires","Buenos Aires",Argentina,100000082548686,"Vicky Diaz",
Alejandro,Taboada,ataboada1981@facebook.com,"21 de Abril",https://www.facebook.com/ataboada1981,33,,"Ciudad Autónoma de Buenos Aires","Buenos Aires",Argentina,819285178,"Yanina Battiato",
Pamela,Morales,pamela.v.morales@facebook.com,"26 de Abril",https://www.facebook.com/pamela.v.morales,32,,"Ciudad Autónoma de Buenos Aires","Buenos Aires",Argentina,1023263629,"Yanina Morinelli",https://www.facebook.com/YaniMorinelli
Pau,Lu,pau.luciani.7@facebook.com,"25 de Abril",https://www.facebook.com/pau.luciani.7,33,,"Ciudad Autónoma de Buenos Aires","Buenos Aires",Argentina,100000231964205,"Yanina Morinelli",https://www.facebook.com/YaniMorinelli
