Nombre,Apellido,"Email Facebook",Cumpleaños,"Usuario Facebook",Edad,Barrio,Ciudad,Provincia,Pais,"ID Facebook","Amigo De","Amigo De (Usuario)",rebound
Accesorios,Juliett,accesorios.juliett@facebook.com,"01 de Agosto",https://www.facebook.com/accesorios.juliett,,,"Ciudad Autónoma de Buenos Aires","Buenos Aires",Argentina,100001571089955,"Carli Pellizzaro",https://www.facebook.com/Carlii,1
Kika,Touron,kika.touron@facebook.com,"01 de Agosto",https://www.facebook.com/kika.touron,,,"Ciudad Autónoma de Buenos Aires","Buenos Aires",Argentina,100001551807338,"Macarena Alonso Dumón",https://www.facebook.com/macarenaad,1
Mica,Vivares,mica.vivares@facebook.com,"01 de Agosto",https://www.facebook.com/mica.vivares,,,"Ciudad Autónoma de Buenos Aires","Buenos Aires",Argentina,1116826070,"Juan Cruz Albornoz",,1
Sol,Manzano,sol.manzano.9@facebook.com,"01 de Agosto",https://www.facebook.com/sol.manzano.9,,,"Ciudad Autónoma de Buenos Aires","Buenos Aires",Argentina,100000059462007,"Mavi Manzano",https://www.facebook.com/mavi.manzano,1
"Shows Brasileros",Reggaeton,showsbrasileros.reggaeton@facebook.com,"01 de Agosto",https://www.facebook.com/showsbrasileros.reggaeton,26,,"Ciudad Autónoma de Buenos Aires","Buenos Aires",Argentina,100001590874994,"Micaela Parisi",https://www.facebook.com/parisimica,1
Agos,Grillo,agos.grillo.1@facebook.com,"01 de Agosto",https://www.facebook.com/agos.grillo.1,,,"Ciudad Autónoma de Buenos Aires","Buenos Aires",Argentina,895960444,"Lix Infinito",https://www.facebook.com/lix.infinito,1
Luli,Samela,luli.samela@facebook.com,"01 de Agosto",https://www.facebook.com/luli.samela,,,"Ciudad Autónoma de Buenos Aires","Buenos Aires",Argentina,1400056488,"Felicitas Ghigliotti",https://www.facebook.com/felicitas.ghigliotti,1
Alejandrina,Feijoo,alejandrina.feijoo@facebook.com,"01 de Agosto",https://www.facebook.com/alejandrina.feijoo,26,,"Ciudad Autónoma de Buenos Aires","Buenos Aires",Argentina,513377942,"Federico Tonero",https://www.facebook.com/fedeton,1
Inmunología,"Veterinaria Arg",inmunologia.veterinaria@facebook.com,"01 de Agosto",https://www.facebook.com/inmunologia.veterinaria,,,"Ciudad Autónoma de Buenos Aires","Buenos Aires",Argentina,100000779998272,"Matias Daniel Pascual",,1
Alejandra,Ibarra,alma.centrodeestetica@facebook.com,"01 de Agosto",https://www.facebook.com/alma.centrodeestetica,,"Comodoro Rivadavia","Ciudad Autónoma de Buenos Aires","Distrito Federal",Argentina,100000823860973,"Alejandro Chaizaz",https://www.facebook.com/alejandrochaizaz,1
"Hernan Ezekiel",Lotero,hernanezekiel.lotero.5@facebook.com,"01 de Agosto",https://www.facebook.com/hernanezekiel.lotero.5,,,"Ciudad Autónoma de Buenos Aires","Buenos Aires",Argentina,100004081743595,"La Rockeria",https://www.facebook.com/oveja1,1
Templum,Teatro,templum.teatro@facebook.com,"01 de Agosto",https://www.facebook.com/templum.teatro,23,,"Ciudad Autónoma de Buenos Aires","Buenos Aires",Argentina,100001306490070,"Flor Scalise",https://www.facebook.com/flor.scalise,1
Crivax,Argentina,crivax.argentina@facebook.com,"01 de Agosto",https://www.facebook.com/crivax.argentina,25,,"Ciudad Autónoma de Buenos Aires","Buenos Aires",Argentina,100003918014417,"Jessica Bellomo",https://www.facebook.com/JessBellomo,1
Claudio,"Pastor II",loveisafistt@facebook.com,"01 de Agosto",https://www.facebook.com/loveisafistt,,"Parque Chas","Ciudad Autónoma de Buenos Aires","Buenos Aires",Argentina,100000027216080,"Silvia Grun",,1
Luis,Zulueta,luis.zulueta@facebook.com,"01 de Agosto",https://www.facebook.com/luis.zulueta,24,,"Ciudad Autónoma de Buenos Aires","Buenos Aires",Argentina,100001827071303,"Cami Weng",,1
Ivan,"Adrian SZ",ivanncit@facebook.com,"01 de Agosto",https://www.facebook.com/ivanncit,23,,"Ciudad Autónoma de Buenos Aires","Buenos Aires",Argentina,100003038051554,"Agustina Pelle Müller",,1
Martha,Cappz,martha.cappz@facebook.com,"01 de Agosto",https://www.facebook.com/martha.cappz,26,,"Ciudad Autónoma de Buenos Aires","Buenos Aires",Argentina,100001862855195,"Roxy Arana",,1
Gimnasio,Gym,juanpablo.scarfiello@facebook.com,"01 de Agosto",https://www.facebook.com/juanpablo.scarfiello,,,"Ciudad Autónoma de Buenos Aires","Buenos Aires",Argentina,595505468,"Mariana Graña",,1
Dafne,Nievas,daf.nievas@facebook.com,"01 de Agosto",https://www.facebook.com/daf.nievas,,,"Ciudad Autónoma de Buenos Aires","Buenos Aires",Argentina,1046121228,"Rocio Benitez",,1
Diana,"Waingarten Itzcovich",diana.waingartenitzcovich@facebook.com,"01 de Agosto",https://www.facebook.com/diana.waingartenitzcovich,30,,"Ciudad Autónoma de Buenos Aires","Buenos Aires",Argentina,100004737243703,"Ana Glinberg",https://www.facebook.com/ana.glinberg,1
Yamii,Toloza,yamiiliitah.deluchetti@facebook.com,"01 de Agosto",https://www.facebook.com/yamiiliitah.deluchetti,,,"Ciudad Autónoma de Buenos Aires","Buenos Aires",Argentina,100001769495121,"Federico Carrizo",https://www.facebook.com/federicoc,1
Ignacio,"Lopez Castriotta",el.tolita@facebook.com,"01 de Agosto",https://www.facebook.com/el.tolita,22,,"Ciudad Autónoma de Buenos Aires","Buenos Aires",Argentina,526877416,"Emiliano Pirolo",https://www.facebook.com/emi.pirolo,1
Estados,Musica,estados.musica@facebook.com,"01 de Agosto",https://www.facebook.com/estados.musica,27,,"Ciudad Autónoma de Buenos Aires","Buenos Aires",Argentina,100002560796618,"Cynthia Gianni",,1
Agustina,Piatti,piatti.taylor.cobain@facebook.com,"01 de Agosto",https://www.facebook.com/piatti.taylor.cobain,,,"Ciudad Autónoma de Buenos Aires","Buenos Aires",Argentina,1134944705,"Yasu Higa",,1
Pablo,Schatzky,pschatzky@facebook.com,"01 de Agosto",https://www.facebook.com/pschatzky,,,"Ciudad Autónoma de Buenos Aires","Buenos Aires",Argentina,709569106,"Sebastian Diaz",https://www.facebook.com/sebastiantatudiaz,1
"Abm Asociación","Biblioteca Mujeres",abmasociacion.bibliotecamujeres@facebook.com,"01 de Agosto",https://www.facebook.com/abmasociacion.bibliotecamujeres,,,"Ciudad Autónoma de Buenos Aires","Buenos Aires",Argentina,100001649212259,"Romy Gutierrez Jaime",https://www.facebook.com/romygutierrezjaime,1
MB,Swimwear,mbswimwear@facebook.com,"01 de Agosto",https://www.facebook.com/mbswimwear,24,"Buenos Aires","Buenos Aires","Buenos Aires",Argentina,100003236862918,"Hercilia Rs",0,1
KEi,Viola,keeiiv2@facebook.com,"01 de Agosto",https://www.facebook.com/keeiiv2,,"Villa Del Parque","Ciudad Autónoma de Buenos Aires","Buenos Aires",Argentina,100004506333006,"Guido Moncayo",https://www.facebook.com/guido.moncayo,1
Thomas,Simmons,thomas.simmons.3386@facebook.com,"01 de Agosto",https://www.facebook.com/thomas.simmons.3386,,,"Ciudad Autónoma de Buenos Aires","Buenos Aires",Argentina,100000581862194,"Pedro Lopezyfernandez",https://www.facebook.com/pedronahuel,1
ShuLii,Rodriguez,shulii.rodriguezii@facebook.com,"01 de Agosto",https://www.facebook.com/Shulii.RodriguezII,,,"Ciudad Autónoma de Buenos Aires","Buenos Aires",Argentina,100002629537035,"Demián Gabriel",,1
Leandro,Rende,leandro.elparqe@facebook.com,"01 de Agosto",https://www.facebook.com/leandro.elparqe,,,"Ciudad Autónoma de Buenos Aires","Buenos Aires",Argentina,1036178465,"Giiu Minniti",https://www.facebook.com/giiu.minniti,1
Sentimiento,Xeneize,sentimientoxeneize1@facebook.com,"01 de Agosto",https://www.facebook.com/SentimientoXeneize1,32,"La Boca","Ciudad Autónoma de Buenos Aires","Buenos Aires",Argentina,100000678752606,"Silvia Fernandez",https://www.facebook.com/silviafernandezchivi,1
Erika,Villa,erika.mouth.5@facebook.com,"01 de Agosto",https://www.facebook.com/erika.mouth.5,22,,"Ciudad Autónoma de Buenos Aires","Buenos Aires",Argentina,100005864162824,"David Zalasar",https://www.facebook.com/Davidcocktails,1
Rocio,Prado,rocio.prado.31@facebook.com,"01 de Agosto",https://www.facebook.com/rocio.prado.31,21,,"Ciudad Autónoma de Buenos Aires","Buenos Aires",Argentina,1710108275,"Cristian Andres Romano",,1
Revoir,Mgmt,revoir.mgmt@facebook.com,"01 de Agosto",https://www.facebook.com/revoir.mgmt,25,,"Ciudad Autónoma de Buenos Aires","Buenos Aires",Argentina,100003991920830,"Sindy Elisa Szczucky",https://www.facebook.com/sindy.szczucky,1
Algo,Mas,algo.mas.31@facebook.com,"01 de Agosto",https://www.facebook.com/algo.mas.31,24,,"Ciudad Autónoma de Buenos Aires","Buenos Aires",Argentina,100002491684773,"Alejandra Merlo",https://www.facebook.com/ALEVIVIMER,1
Arrancame,"La Vida De Un Tirón",arrancame.lavidadeuntiron@facebook.com,"01 de Agosto",https://www.facebook.com/arrancame.lavidadeuntiron,,"Buenos Aires","Buenos Aires","Buenos Aires",Argentina,100003790257246,"Gabriella Rouiller",0,1
Florencia,Kravet,florencianair.kravet@facebook.com,"01 de Agosto",https://www.facebook.com/florencianair.kravet,,,"Ciudad Autónoma de Buenos Aires","Buenos Aires",Argentina,100002878884762,"Flor Scalise",https://www.facebook.com/flor.scalise,1
Lucas,Garofalo,lucasgarofalofoto2@facebook.com,"01 de Agosto",https://www.facebook.com/lucasgarofalofoto2,,,"Ciudad Autónoma de Buenos Aires","Buenos Aires",Argentina,100005053419257,"Lupe Dávalos",https://www.facebook.com/guadinight,1
Zuria,Accesories,zuria.accesorios@facebook.com,"01 de Agosto",https://www.facebook.com/zuria.accesorios,25,,"Ciudad Autónoma de Buenos Aires","Buenos Aires",Argentina,100004219353871,"Tamara Arias",,1
Orlando,Rodriguez,orlando.rodriguez.92560@facebook.com,"01 de Agosto",https://www.facebook.com/orlando.rodriguez.92560,,,"Ciudad Autónoma de Buenos Aires","Buenos Aires",Argentina,100002508736433,"Sindy Elisa Szczucky",https://www.facebook.com/sindy.szczucky,1
Santiago,Pereyra,samtyno@facebook.com,"01 de Agosto",https://www.facebook.com/Samtyno,,,"Ciudad Autónoma de Buenos Aires","Buenos Aires",Argentina,1425970116,"Agustina Pelle Müller",,1
Karen,Herrlein,karen.herrlein@facebook.com,"01 de Agosto",https://www.facebook.com/karen.herrlein,,"Buenos Aires","Buenos Aires","Buenos Aires",Argentina,100003668931008,"Alan Yun",0,1
Sofi,Roma,lista.sofiroma@facebook.com,"01 de Agosto",https://www.facebook.com/lista.sofiroma,21,"Buenos Aires","Buenos Aires","Buenos Aires",Argentina,100007020510796,"Claudio Gustavo Caminos",0,1
Goou,Cinematografía,goou.cinematografia@facebook.com,"01 de Agosto",https://www.facebook.com/goou.cinematografia,21,,"Ciudad Autónoma de Buenos Aires","Buenos Aires",Argentina,100001487386918,"Laura Gervasi",,1
Sol,Bakken,sol.godoysanisidro@facebook.com,"01 de Agosto",https://www.facebook.com/sol.godoysanisidro,28,,"Ciudad Autónoma de Buenos Aires","Buenos Aires",Argentina,100004394204425,"Lorenzo Carrere",https://www.facebook.com/lorenzo.carrere,1
Ema,Sarmiento,emanuel.sarmiento3@facebook.com,"01 de Agosto",https://www.facebook.com/emanuel.sarmiento3,25,,"Ciudad Autónoma de Buenos Aires","Buenos Aires",Argentina,1254881239,"Clara Ryan",https://www.facebook.com/clariryaneventos,1
Chico,Moxow,chico.moxow@facebook.com,"01 de Agosto",https://www.facebook.com/chico.moxow,30,,"Ciudad Autónoma de Buenos Aires","Buenos Aires",Argentina,100001554232787,"Franco Marcoccia",https://www.facebook.com/franco.marcoccia,1
Analía,Lacal,analia.lacal@facebook.com,"01 de Agosto",https://www.facebook.com/analia.lacal,,,"Ciudad Autónoma de Buenos Aires","Buenos Aires",Argentina,1216130733,"Lupe Etchart",https://www.facebook.com/lupe.etchart,1
La,Herida,la.herida.1@facebook.com,"01 de Agosto",https://www.facebook.com/la.herida.1,31,,"Ciudad Autónoma de Buenos Aires","Buenos Aires",Argentina,1136422500,"Fran L. Ocampo",https://www.facebook.com/franco,1
Noe,Saiz,noe.saiz.3@facebook.com,"01 de Agosto",https://www.facebook.com/noe.saiz.3,,,"Ciudad Autónoma de Buenos Aires","Buenos Aires",Argentina,100002116127575,"Bernardo Cura Bonazzola",https://www.facebook.com/bernardocurabonazzola,1
Karina,Rios,karina.rios.5648@facebook.com,"01 de Agosto",https://www.facebook.com/karina.rios.5648,,,"Ciudad Autónoma de Buenos Aires","Buenos Aires",Argentina,1292728077,"Camila Gonzalez C",https://www.facebook.com/letmerocknrollyou,1
La,"de Esparta",milva.espartana@facebook.com,"01 de Agosto",https://www.facebook.com/milva.espartana,29,,"Ciudad Autónoma de Buenos Aires","Buenos Aires",Argentina,100002513795289,"Tatiana Petroccelli",https://www.facebook.com/tanshanita,1
Emilia,Milla,emilia.milla.140@facebook.com,"01 de Agosto",https://www.facebook.com/emilia.milla.140,,,"Ciudad Autónoma de Buenos Aires","Buenos Aires",Argentina,1545071667,"Marcela Hinckelmann",https://www.facebook.com/marcela.hinckelmann,1
Victor,Sequeira,elseque@facebook.com,"01 de Agosto",https://www.facebook.com/elseque,,,"Ciudad Autónoma de Buenos Aires","Buenos Aires",Argentina,100001386047084,"Ingrid Sondergaard",https://www.facebook.com/ingridfash,1
ToTi,TuTu,toti.tutu@facebook.com,"01 de Agosto",https://www.facebook.com/toti.tutu,,,"Ciudad Autónoma de Buenos Aires","Buenos Aires",Argentina,100000185924466,"Vale Piedra",https://www.facebook.com/Valepiedra,1
Ragonza,"Espacio de Arte",ragonza.espaciodearte@facebook.com,"01 de Agosto",https://www.facebook.com/ragonza.espaciodearte,,,"Ciudad Autónoma de Buenos Aires","Buenos Aires",Argentina,100001404087114,"Miqui Berriòs",https://www.facebook.com/miqui.berrios,1
"Exequiel Leandro",Basterrechea,exequielleando.lamiquisbasterrechea.1@facebook.com,"01 de Agosto",https://www.facebook.com/exequielleando.lamiquisbasterrechea.1,26,,"Ciudad Autónoma de Buenos Aires","Buenos Aires",Argentina,100004071379045,"Estefania Rodriguez",,1
Lina,Kuo,lina.kuo.3@facebook.com,"01 de Agosto",https://www.facebook.com/lina.kuo.3,,,"Ciudad Autónoma de Buenos Aires","Buenos Aires",Argentina,1523020097,"Nicolas Brea",https://www.facebook.com/Nicolas.Brea,1
LP,"Zapatillas Importadas",lpzapatillas@facebook.com,"01 de Agosto",https://www.facebook.com/lpzapatillas,32,"La Paternal","Ciudad Autónoma de Buenos Aires","Buenos Aires",Argentina,100004687093155,"Cecilia Weingardt",,1
Lengerie,Lenceria,lengerie.lenceria.3@facebook.com,"01 de Agosto",https://www.facebook.com/lengerie.lenceria.3,30,,"Ciudad Autónoma de Buenos Aires","Buenos Aires",Argentina,100004085442761,"Natalia Magali Guglielmo",https://www.facebook.com/nataliamagali.guglielmo,1
More,Loya,more.loya@facebook.com,"02 de Agosto",https://www.facebook.com/more.loya,,,"Ciudad Autónoma de Buenos Aires","Buenos Aires",Argentina,100001154418896,"Fran L. Ocampo",https://www.facebook.com/franco,1
Decoración,"De Navidad",decoracion.denavidad@facebook.com,"02 de Agosto",https://www.facebook.com/decoracion.denavidad,,,"Ciudad Autónoma de Buenos Aires","Buenos Aires",Argentina,100001096860752,"Ro Cardoso",,1
Guido,Ast,guido.ast@facebook.com,"02 de Agosto",https://www.facebook.com/guido.ast,27,,"Ciudad Autónoma de Buenos Aires","Buenos Aires",Argentina,557837336,"Luli Torres",,1
Adriana,Cardozo,adriana.cardozo.5872@facebook.com,"02 de Agosto",https://www.facebook.com/adriana.cardozo.5872,,,"Ciudad Autónoma de Buenos Aires","Buenos Aires",Argentina,100001990987826,"Rafael Roca",https://www.facebook.com/roca.rafael,1
Joaquin,Baya,joaquea.baya@facebook.com,"02 de Agosto",https://www.facebook.com/joaquea.baya,21,,"Ciudad Autónoma de Buenos Aires","Buenos Aires",Argentina,1133538393,"Pato Franco",,1
Vanesa,Arcucci,vanesa.arcucci@facebook.com,"02 de Agosto",https://www.facebook.com/vanesa.arcucci,27,Barracas,"Ciudad Autónoma de Buenos Aires","Buenos Aires",Argentina,1404053225,"Christian Douer Chuky",https://www.facebook.com/christian.chuky,1
"Linea D","Tienda Estudio",lineadinteriorismo@facebook.com,"02 de Agosto",https://www.facebook.com/LineaDInteriorismo,,,"Ciudad Autónoma de Buenos Aires","Buenos Aires",Argentina,100001597613139,"Miqui Berriòs",https://www.facebook.com/miqui.berrios,1
Fede,Ramos,fede.ramos.754@facebook.com,"02 de Agosto",https://www.facebook.com/fede.ramos.754,21,,"Ciudad Autónoma de Buenos Aires","Buenos Aires",Argentina,100003258420036,"Bren Gayol",,1
Paula,Danilluk,paula.danilluk@facebook.com,"02 de Agosto",https://www.facebook.com/paula.danilluk,24,Núñez,"Ciudad Autónoma de Buenos Aires","Buenos Aires",Argentina,1206825531,"Flor Gonzalez",,1
Pablo,Rosales,alienpro@facebook.com,"02 de Agosto",https://www.facebook.com/alienpro,,,"Ciudad Autónoma de Buenos Aires","Buenos Aires",Argentina,772830557,"Claudio Arias",https://www.facebook.com/clautrance,1
Mario,Esteban,mario.basti@facebook.com,"02 de Agosto",https://www.facebook.com/mario.basti,25,,"Ciudad Autónoma de Buenos Aires","Buenos Aires",Argentina,100001860811047,"Rodrigo Vega",,1
Cami,Pinedo,camipinedo@facebook.com,"02 de Agosto",https://www.facebook.com/camipinedo,,,"Ciudad Autónoma de Buenos Aires","Buenos Aires",Argentina,1381173060,"Facu Denegri",,1
Agus,Bressano,agustinabre@facebook.com,"02 de Agosto",https://www.facebook.com/agustinabre,,,"Ciudad Autónoma de Buenos Aires","Buenos Aires",Argentina,1249871090,"Gonzalo Bussetti",https://www.facebook.com/gonzalo.bussetti,1
Camii,Fernandez,cachita.fernandez.3@facebook.com,"02 de Agosto",https://www.facebook.com/cachita.fernandez.3,22,,"Ciudad Autónoma de Buenos Aires","Buenos Aires",Argentina,100001021924698,"Gabriela Competiello",,1
Tarantula,Fabian,tarantula.fabian@facebook.com,"02 de Agosto",https://www.facebook.com/tarantula.fabian,,,"Ciudad Autónoma de Buenos Aires","Buenos Aires",Argentina,1113189070,"Jazmin Jurevich",https://www.facebook.com/Jaz.Jurevich,1
Guada,Yonna,guadalupe.yonnapaz@facebook.com,"02 de Agosto",https://www.facebook.com/guadalupe.yonnapaz,22,,"Ciudad Autónoma de Buenos Aires","Buenos Aires",Argentina,100001023203250,"Gabriela Competiello",,1
Gonza,Quiroga,gonzaloq2@facebook.com,"02 de Agosto",https://www.facebook.com/gonzaloq2,30,,"Ciudad Autónoma de Buenos Aires","Buenos Aires",Argentina,1188785105,"Ale Arias Mandarine Park",,1
Silvia,Monzon,silvikary@facebook.com,"02 de Agosto",https://www.facebook.com/silvikary,,,"Ciudad Autónoma de Buenos Aires","Buenos Aires",Argentina,1500367281,"Jonathan Julian",,1
Karen,Arazo,karen.arazo@facebook.com,"02 de Agosto",https://www.facebook.com/karen.arazo,28,"Buenos Aires","Buenos Aires","Buenos Aires",Argentina,1022851778,"Rebe Gonzalez",0,1
Micaela,"Make Up Profesional",micaela.makeupprofesional@facebook.com,"02 de Agosto",https://www.facebook.com/micaela.makeupprofesional,,,"Ciudad Autónoma de Buenos Aires","Buenos Aires",Argentina,100004087260317,"Juan Manuel Fotografo",https://www.facebook.com/JuanmaJMFotoEstudio,1
Gaston,Lg,gaston.lg.10@facebook.com,"02 de Agosto",https://www.facebook.com/gaston.lg.10,24,,"Ciudad Autónoma de Buenos Aires","Buenos Aires",Argentina,100003215218002,"Castro Marina",https://www.facebook.com/castro.marina,1
KaZu,Anchorena,kazu.strife@facebook.com,"02 de Agosto",https://www.facebook.com/KaZu.Strife,25,"Buenos Aires","Buenos Aires","Buenos Aires",Argentina,1173514252,"Fett Maidana",0,1
Vanina,Leguizamon,vanu.oriana@facebook.com,"02 de Agosto",https://www.facebook.com/vanu.oriana,29,,"Ciudad Autónoma de Buenos Aires","Buenos Aires",Argentina,100001120857625,"Alejandra Diaz De Vivar",,1
Diego,Ricota,diego.redondito.rocitero@facebook.com,"02 de Agosto",https://www.facebook.com/diego.redondito.rocitero,21,,"Ciudad Autónoma de Buenos Aires","Buenos Aires",Argentina,100001012851718,"Juan Elias Catan",https://www.facebook.com/juan.724,1
Juli,Vilariño,j.l.vil@facebook.com,"02 de Agosto",https://www.facebook.com/j.l.vil,25,,"Ciudad Autónoma de Buenos Aires","Buenos Aires",Argentina,100000109493263,"Karen Vilariño",https://www.facebook.com/karen.vilarino,1
Maximiliano,Flores,maximiliano.flores.509@facebook.com,"02 de Agosto",https://www.facebook.com/maximiliano.flores.509,26,,"Ciudad Autónoma de Buenos Aires","Buenos Aires",Argentina,100000006943976,"Yani Nefes",https://www.facebook.com/yani.nefes,1
Nicolas,Fogonza,nicolas.fogonza@facebook.com,"02 de Agosto",https://www.facebook.com/nicolas.fogonza,,,"Ciudad Autónoma de Buenos Aires","Buenos Aires",Argentina,1343713306,"Vale Piedra",https://www.facebook.com/Valepiedra,1
Zaphire,Laser,zaphirelaser@facebook.com,"02 de Agosto",https://www.facebook.com/zaphirelaser,,,"Ciudad Autónoma de Buenos Aires","Buenos Aires",Argentina,100001401034832,"Camila Gonzalez C",https://www.facebook.com/letmerocknrollyou,1
Fede,Arroyo,fede.arroyo.7@facebook.com,"02 de Agosto",https://www.facebook.com/fede.arroyo.7,,,"Ciudad Autónoma de Buenos Aires","Buenos Aires",Argentina,1745905158,"Valentin Abelardo",https://www.facebook.com/valentin.abelardo,1
Julian,Fonseca,julian.fonseca.56@facebook.com,"02 de Agosto",https://www.facebook.com/julian.fonseca.56,,,"Ciudad Autónoma de Buenos Aires","Buenos Aires",Argentina,1829912760,"Antoine Cornudet",,1
Damian,Rodriguez,damian.rodriguez.3367@facebook.com,"02 de Agosto",https://www.facebook.com/damian.rodriguez.3367,23,,"Ciudad Autónoma de Buenos Aires","Buenos Aires",Argentina,1315909423,"Sergio Acosta",,1
Luis,Navarro,luis.navarro69@facebook.com,"02 de Agosto",https://www.facebook.com/luis.navarro69,,,"Ciudad Autónoma de Buenos Aires","Buenos Aires",Argentina,1192852190,"Miqui Berriòs",https://www.facebook.com/miqui.berrios,1
Sundar,Dham,terpiasintegrales@facebook.com,"02 de Agosto",https://www.facebook.com/terpiasintegrales,,,"Ciudad Autónoma de Buenos Aires","Buenos Aires",Argentina,1194631107,"Miqui Berriòs",https://www.facebook.com/miqui.berrios,1
Malena,Demayo,maledemayo@facebook.com,"02 de Agosto",https://www.facebook.com/maledemayo,,,"Ciudad Autónoma de Buenos Aires","Buenos Aires",Argentina,1111488150,"M Agustina Ciarla Quintana",https://www.facebook.com/magustina.quintana,1
Gise,Ratto,gise.ratto@facebook.com,"02 de Agosto",https://www.facebook.com/gise.ratto,27,,"Ciudad Autónoma de Buenos Aires","Buenos Aires",Argentina,713153851,"Cami Maranessi",https://www.facebook.com/cami.maranessi,1
Vivi,Mosos,vivianamosos@facebook.com,"02 de Agosto",https://www.facebook.com/vivianamosos,,,"Ciudad Autónoma de Buenos Aires","Buenos Aires",Argentina,521471436,"Jobs Bar",https://www.facebook.com/jobsbar,1
Giggio,Zingraf,giggio.zingraf@facebook.com,"02 de Agosto",https://www.facebook.com/giggio.zingraf,29,,"Ciudad Autónoma de Buenos Aires","Buenos Aires",Argentina,100002447805631,"Nataly Cuerva",https://www.facebook.com/nataliagtrujillo,1
Carito,Ricotera,caritoricotera.rodriguez@facebook.com,"02 de Agosto",https://www.facebook.com/caritoricotera.rodriguez,25,,"Ciudad Autónoma de Buenos Aires","Buenos Aires",Argentina,100003768317939,"Ariel Galinski",https://www.facebook.com/ariel.galinski,1
Ara,Cho,choara@facebook.com,"02 de Agosto",https://www.facebook.com/Choara,25,"Buenos Aires","Buenos Aires","Buenos Aires",Argentina,711985647,"Alan Yun",0,1
Leonardo,Olivera,leonardo.olivera2@facebook.com,"02 de Agosto",https://www.facebook.com/leonardo.olivera2,,Chacarita,"Ciudad Autónoma de Buenos Aires","Buenos Aires",Argentina,1041210572,"Castro Marina",https://www.facebook.com/castro.marina,1
Mauro,Ingargiola,mauro.ingargiola@facebook.com,"02 de Agosto",https://www.facebook.com/mauro.ingargiola,,,"Ciudad Autónoma de Buenos Aires","Buenos Aires",Argentina,100000484723068,"Guido Blarasin",https://www.facebook.com/guido.blarasin,1
Cecilia,Panizzo,cecilia.panizzo@facebook.com,"02 de Agosto",https://www.facebook.com/cecilia.panizzo,27,,"Ciudad Autónoma de Buenos Aires","Buenos Aires",Argentina,1224276596,"Carlina Piedra",https://www.facebook.com/carlina.piedra,1
Sebastian,Tolosa,sebastian.tolosa.90@facebook.com,"02 de Agosto",https://www.facebook.com/sebastian.tolosa.90,24,,"Ciudad Autónoma de Buenos Aires","Buenos Aires",Argentina,100002454813187,"Martin Gonzalez",,1
Abigail,Pardo,abi.tdm@facebook.com,"02 de Agosto",https://www.facebook.com/abi.tdm,,,"Ciudad Autónoma de Buenos Aires","Buenos Aires",Argentina,100000892865723,"Matias Duarte",,1
Pili,Costa,pili.costa.18@facebook.com,"02 de Agosto",https://www.facebook.com/pili.costa.18,26,,"Ciudad Autónoma de Buenos Aires","Buenos Aires",Argentina,100001876162617,"Joaquin Barraco",https://www.facebook.com/chino.barraco,1
Pablo,Riquel,pablii01@facebook.com,"02 de Agosto",https://www.facebook.com/pablii01,24,"Villa Devoto","Ciudad Autónoma de Buenos Aires","Buenos Aires",Argentina,1273480843,"Giiu Minniti",https://www.facebook.com/giiu.minniti,1
Tomás,Esper,tomiesper@facebook.com,"02 de Agosto",https://www.facebook.com/tomiesper,24,"Buenos Aires","Buenos Aires","Buenos Aires",Argentina,1028903441,"Clara Nosiglia",0,1
Eam,Dosmiltrece,eam.dosmiltrece@facebook.com,"02 de Agosto",https://www.facebook.com/eam.dosmiltrece,24,,"Ciudad Autónoma de Buenos Aires","Buenos Aires",Argentina,100002187945973,"Joaquin Barraco",https://www.facebook.com/chino.barraco,1
Pata,Yurgel,pata.yurgel@facebook.com,"02 de Agosto",https://www.facebook.com/pata.yurgel,,,"Ciudad Autónoma de Buenos Aires","Buenos Aires",Argentina,1294661292,"Franco Marcoccia",https://www.facebook.com/franco.marcoccia,1
"Brenda Natalí",Yagci,brendayagci@facebook.com,"02 de Agosto",https://www.facebook.com/brendayagci,28,,"Ciudad Autónoma de Buenos Aires","Buenos Aires",Argentina,1184324410,"Mariana Fazio",https://www.facebook.com/amanecerrosa,1
Histeria,Bar,histeria.bar.3@facebook.com,"02 de Agosto",https://www.facebook.com/histeria.bar.3,28,,"Ciudad Autónoma de Buenos Aires","Buenos Aires",Argentina,1262400648,"Ornela G Cirigliano",https://www.facebook.com/floweringashtree,1
Anto,Cacciola,sonia.piscoli@facebook.com,"02 de Agosto",https://www.facebook.com/sonia.piscoli,,,"Ciudad Autónoma de Buenos Aires","Buenos Aires",Argentina,100004360536388,"Anto Congiu",,1
Lucas,Somma,luukiitaaas@facebook.com,"02 de Agosto",https://www.facebook.com/luukiitaaas,,"Villa Insuperable","Ciudad Autónoma de Buenos Aires","Distrito Federal",Argentina,1291663925,"Brian Cano",,1
Agus,Turritho,agus.turritho@facebook.com,"02 de Agosto",https://www.facebook.com/agus.turritho,24,,"Ciudad Autónoma de Buenos Aires","Buenos Aires",Argentina,100002328513425,"Rodrii Martinez",,1
Mati,Cabral,matias.toledo.k.po@facebook.com,"02 de Agosto",https://www.facebook.com/matias.toledo.k.po,21,,"Ciudad Autónoma de Buenos Aires","Buenos Aires",Argentina,100001115299737,"Fernando Velcic",https://www.facebook.com/fernando.velcic,1
Brichu,Corregidor,brisa.corregidor@facebook.com,"02 de Agosto",https://www.facebook.com/brisa.corregidor,24,,"Ciudad Autónoma de Buenos Aires","Buenos Aires",Argentina,100002334342262,"Rodrii Martinez",,1
Johana,Elizabeth,osii.luo@facebook.com,"03 de Agosto",https://www.facebook.com/osii.luo,,"Buenos Aires","Buenos Aires","Buenos Aires",Argentina,1506954157,"Alan Yun",0,1
Grupo,Krapp,grupo.krapp@facebook.com,"03 de Agosto",https://www.facebook.com/grupo.krapp,28,,"Ciudad Autónoma de Buenos Aires","Buenos Aires",Argentina,100002739643022,"Gabriela Rosito",https://www.facebook.com/gabriela.rosito,1
Laura,Randazzo,laura.randazzo.735@facebook.com,"03 de Agosto",https://www.facebook.com/laura.randazzo.735,27,,"Ciudad Autónoma de Buenos Aires","Buenos Aires",Argentina,100000066846631,"Valeria Ayala",,1
Laura,"Montaldo López",laura.montaldolopez@facebook.com,"03 de Agosto",https://www.facebook.com/laura.montaldolopez,23,,"Ciudad Autónoma de Buenos Aires","Buenos Aires",Argentina,1267608255,"Karina Gianelli",https://www.facebook.com/karina.gianelli,1
Alejandra,Delìa,alejandra.delia.1@facebook.com,"03 de Agosto",https://www.facebook.com/alejandra.delia.1,28,,"Ciudad Autónoma de Buenos Aires","Buenos Aires",Argentina,100000581243876,"Alicia Kosem",https://www.facebook.com/alicia.kosem,1
Andy,Fuchs,andreafuchsphotographer@facebook.com,"03 de Agosto",https://www.facebook.com/AndreaFuchsPhotographer,,,"Ciudad Autónoma de Buenos Aires","Buenos Aires",Argentina,100003918741294,"Yanina Battiato",,1
Viajerock,Rock,viajerock.viajerock@facebook.com,"03 de Agosto",https://www.facebook.com/viajerock.viajerock,29,,"Ciudad Autónoma de Buenos Aires","Buenos Aires",Argentina,100001543958940,"Cynthia Gianni",,1
Deborah,Danza,danzaclasica@facebook.com,"03 de Agosto",https://www.facebook.com/danzaclasica,,,"Ciudad Autónoma de Buenos Aires","Buenos Aires",Argentina,1386630402,"Flor Scalise",https://www.facebook.com/flor.scalise,1
Axel,Martinez,axeel2011@facebook.com,"03 de Agosto",https://www.facebook.com/Axeel2011,,,"Ciudad Autónoma de Buenos Aires","Buenos Aires",Argentina,1035277929,"Facu Denegri",,1
Ciudad,DiscoBar,ciudadperdidadiscobar@facebook.com,"03 de Agosto",https://www.facebook.com/ciudadperdidadiscobar,29,,"Ciudad Autónoma de Buenos Aires","Buenos Aires",Argentina,100006517803446,"Natalia Magali Guglielmo",https://www.facebook.com/nataliamagali.guglielmo,1
'Fabio,Forciniti,fabio.forciniti.3@facebook.com,"03 de Agosto",https://www.facebook.com/fabio.forciniti.3,,,"Ciudad Autónoma de Buenos Aires","Buenos Aires",Argentina,100000670286573,"Florencia Pellegrino",,1
Guevara,Ripoll,guevara.ripoll@facebook.com,"03 de Agosto",https://www.facebook.com/guevara.ripoll,,,"Ciudad Autónoma de Buenos Aires","Buenos Aires",Argentina,100001479415480,"Mauro Napole",https://www.facebook.com/maurinapole,1
Verito,"la Morocha",veronica.portal1@facebook.com,"03 de Agosto",https://www.facebook.com/veronica.portal1,24,,"Ciudad Autónoma de Buenos Aires","Buenos Aires",Argentina,1286755039,"Julio Bittancourt",https://www.facebook.com/jbittancourt,1
Cande,Barreiro,cande.barreiro@facebook.com,"03 de Agosto",https://www.facebook.com/cande.barreiro,29,,"Ciudad Autónoma de Buenos Aires","Buenos Aires",Argentina,100000961290254,"Alicia Kosem",https://www.facebook.com/alicia.kosem,1
Tgr,Fotos,tgr.fotos@facebook.com,"03 de Agosto",https://www.facebook.com/tgr.fotos,,"San Telmo","Ciudad Autónoma de Buenos Aires","Buenos Aires",Argentina,100000171616590,"Brenda Fabregat",https://www.facebook.com/brenda.fabregat,1
Anna,Tarino,annatarinodepalermo@facebook.com,"03 de Agosto",https://www.facebook.com/AnnaTarinodePalermo,,,"Ciudad Autónoma de Buenos Aires","Buenos Aires",Argentina,100000060672795,"Martín Álvarez BA I",https://www.facebook.com/Woody.Blair,1
Maria,Armani,maria.armani3@facebook.com,"03 de Agosto",https://www.facebook.com/maria.armani3,,,"Ciudad Autónoma de Buenos Aires","Buenos Aires",Argentina,100000572675483,"Felicitas Ghigliotti",https://www.facebook.com/felicitas.ghigliotti,1
Flavia,Ferrari,flavia.ferrari.5249@facebook.com,"03 de Agosto",https://www.facebook.com/flavia.ferrari.5249,33,,"Ciudad Autónoma de Buenos Aires","Buenos Aires",Argentina,100006329435339,"Jimena Zaccardi",https://www.facebook.com/Jimediab,1
Agus,Filippone,agustina.filippone@facebook.com,"03 de Agosto",https://www.facebook.com/Agustina.Filippone,,"Villa Del Parque","Ciudad Autónoma de Buenos Aires","Buenos Aires",Argentina,1271081353,"Franco Palermo",,1
LeiTo,Loidi,leito.loidi@facebook.com,"03 de Agosto",https://www.facebook.com/leito.loidi,23,,"Ciudad Autónoma de Buenos Aires","Buenos Aires",Argentina,100000605833807,"Vanina Lopez Baroni",https://www.facebook.com/vaninalb,1
Luz,Cranbourne,luz.cranbourne@facebook.com,"03 de Agosto",https://www.facebook.com/luz.cranbourne,32,,"Ciudad Autónoma de Buenos Aires","Buenos Aires",Argentina,546289316,"Matias Daniel Pascual",,1
Ema,Mtd,ema.mtd@facebook.com,"03 de Agosto",https://www.facebook.com/ema.mtd,,,"Ciudad Autónoma de Buenos Aires","Buenos Aires",Argentina,100000160096507,"Pedro Lopezyfernandez",https://www.facebook.com/pedronahuel,1
Nati,Fernandez,nati.fernandez.104@facebook.com,"03 de Agosto",https://www.facebook.com/nati.fernandez.104,33,"Buenos Aires","Buenos Aires","Buenos Aires",Argentina,100001615125045,"Juan Pablo Aleman",0,1
Micaela,Renton,dalealbasureroconritmocallejero@facebook.com,"03 de Agosto",https://www.facebook.com/DALEALBASUREROCONRITMOCALLEJERO,23,Agronomía,"Ciudad Autónoma de Buenos Aires","Buenos Aires",Argentina,719866660,"Bomba Barassi",https://www.facebook.com/bomba.barassi,1
Camila,Iaco,camilaiaco@facebook.com,"03 de Agosto",https://www.facebook.com/camilaiaco,,,"Ciudad Autónoma de Buenos Aires","Buenos Aires",Argentina,100001330928577,"Gastón Alejandro Di Lella",https://www.facebook.com/gastondilella,1
Nadia,Pacek,nadia.pacek@facebook.com,"03 de Agosto",https://www.facebook.com/nadia.pacek,,,"Ciudad Autónoma de Buenos Aires","Buenos Aires",Argentina,1212097934,"Gustavo Pietrafesa",,1
"LA Cechu","D Havé",mariacecilia.lemosgenes@facebook.com,"03 de Agosto",https://www.facebook.com/mariacecilia.lemosgenes,31,,"Ciudad Autónoma de Buenos Aires","Buenos Aires",Argentina,100000787654208,"Natalia Tarelli",,1
Lily,Diez,lilianamdiez@facebook.com,"03 de Agosto",https://www.facebook.com/lilianamdiez,,,"Ciudad Autónoma de Buenos Aires","Buenos Aires",Argentina,1082902826,"Agustin Martinez Molinelli",https://www.facebook.com/agustin.martinezmolinelli,1
Georgina,Testa,georgina.testa@facebook.com,"03 de Agosto",https://www.facebook.com/georgina.testa,26,"Villa Del Parque","Ciudad Autónoma de Buenos Aires","Buenos Aires",Argentina,1043542840,"Christian Vadalá",https://www.facebook.com/christian.vadala,1
Ivanna,Romano,ivanna.romano@facebook.com,"03 de Agosto",https://www.facebook.com/ivanna.romano,25,"Parque Chacabuco","Ciudad Autónoma de Buenos Aires","Buenos Aires",Argentina,1134097459,"Maria Laura Pendás",https://www.facebook.com/marialaura.pendas,1
Darmma,Promociones,darmmamkt@facebook.com,"03 de Agosto",https://www.facebook.com/darmmamkt,,,"Ciudad Autónoma de Buenos Aires","Buenos Aires",Argentina,100002313094379,"Vanesa Myrna Ojeda",,1
Lourdes,Martins,lourdes.martins.961@facebook.com,"03 de Agosto",https://www.facebook.com/lourdes.martins.961,33,,"Ciudad Autónoma de Buenos Aires","Buenos Aires",Argentina,636656105,"Dorian Mori",https://www.facebook.com/Dorian.Mori,1
Dolores,Esteche,dolores.esteche@facebook.com,"03 de Agosto",https://www.facebook.com/dolores.esteche,,,"Ciudad Autónoma de Buenos Aires","Buenos Aires",Argentina,100003803169736,"Pedro Lopezyfernandez",https://www.facebook.com/pedronahuel,1
Juan,Manuel,juan.bertugno@facebook.com,"03 de Agosto",https://www.facebook.com/juan.bertugno,,"Villa Luro","Ciudad Autónoma de Buenos Aires","Buenos Aires",Argentina,1358649761,"Gabriela Bob",https://www.facebook.com/gabrielave,1
Fotografía,Russarabian,russarabian@facebook.com,"03 de Agosto",https://www.facebook.com/russarabian,,,"Ciudad Autónoma de Buenos Aires","Buenos Aires",Argentina,100000084214552,"Srita Bauer",https://www.facebook.com/marina.vas,1
Floor,Viguris,floorcita.lp@facebook.com,"03 de Agosto",https://www.facebook.com/Floorcita.LP,,,"Ciudad Autónoma de Buenos Aires","Buenos Aires",Argentina,100002287446585,"Alejandra Lopez",,1
Angelina,Batistutti,angelina.bati@facebook.com,"03 de Agosto",https://www.facebook.com/angelina.bati,,,"Ciudad Autónoma de Buenos Aires","Buenos Aires",Argentina,100000511897161,"Tatiana Petroccelli",https://www.facebook.com/tanshanita,1
Hey,Print,hey.print@facebook.com,"03 de Agosto",https://www.facebook.com/hey.print,,,"Ciudad Autónoma de Buenos Aires","Buenos Aires",Argentina,100001456129432,"Andrea Flijer",https://www.facebook.com/andrea.flijer,1
Brian,Godoy,fallten@facebook.com,"03 de Agosto",https://www.facebook.com/fallten,26,,"Ciudad Autónoma de Buenos Aires","Buenos Aires",Argentina,849809522,"Romi Flores",,1
Nacho,España,nespana@facebook.com,"04 de Agosto",https://www.facebook.com/nespana,,,"Ciudad Autónoma de Buenos Aires","Buenos Aires",Argentina,847554630,"Daniela Campero",,1
Sofii,Silvera,tofixp@facebook.com,"04 de Agosto",https://www.facebook.com/tofixp,,,"Ciudad Autónoma de Buenos Aires","Buenos Aires",Argentina,100000942578148,"Clari Stagno",,1
Hoponoponas,Indumentaria,hoponoponas@facebook.com,"04 de Agosto",https://www.facebook.com/hoponoponas,30,"Buenos Aires","Buenos Aires","Buenos Aires",Argentina,100001888232411,"Sol Vallejo",0,1
Ignacio,Pedra,ignacio.pedra@facebook.com,"04 de Agosto",https://www.facebook.com/ignacio.pedra,26,,"Ciudad Autónoma de Buenos Aires","Buenos Aires",Argentina,1097807558,"Aldana Queirolo",https://www.facebook.com/aldana.queirolo,1
Federico,Torres,federico.torres.188@facebook.com,"04 de Agosto",https://www.facebook.com/federico.torres.188,32,,"Ciudad Autónoma de Buenos Aires","Buenos Aires",Argentina,1279674786,"Juan Manuel Fotografo",https://www.facebook.com/JuanmaJMFotoEstudio,1
Diiego,Ariiel,diegoariel.velazquez@facebook.com,"04 de Agosto",https://www.facebook.com/diegoariel.velazquez,,,"Ciudad Autónoma de Buenos Aires","Buenos Aires",Argentina,1563518612,"Luciana Poeltra",https://www.facebook.com/luciana.poeltra,1
Fede,Llousas,federico.llousas@facebook.com,"04 de Agosto",https://www.facebook.com/federico.llousas,25,,"Ciudad Autónoma de Buenos Aires","Buenos Aires",Argentina,100005123829406,"Guido Blarasin",https://www.facebook.com/guido.blarasin,1
Jony,"de Coghlan",jonydecoghlan@facebook.com,"04 de Agosto",https://www.facebook.com/jonydecoghlan,26,,"Ciudad Autónoma de Buenos Aires","Buenos Aires",Argentina,1371873190,"Ezequiel Perez",,1
Gabriel,Recalde,gabriel.recalde.9@facebook.com,"04 de Agosto",https://www.facebook.com/gabriel.recalde.9,25,,"Ciudad Autónoma de Buenos Aires","Buenos Aires",Argentina,100001141339441,"Jonathan Julian",,1
"Escuela De Teatro","Tercer Acto",escueladeteatro.terceracto@facebook.com,"04 de Agosto",https://www.facebook.com/escueladeteatro.terceracto,,,"Ciudad Autónoma de Buenos Aires","Buenos Aires",Argentina,100001566855971,"Juan Manuel Vilagut",https://www.facebook.com/jvilagut1,1
"La Lore",Marin,laalore.marin@facebook.com,"04 de Agosto",https://www.facebook.com/Laalore.Marin,,,"Ciudad Autónoma de Buenos Aires","Buenos Aires",Argentina,100000036351812,"Nicolás García",https://www.facebook.com/Niccccccccco,1
Cavernal,Rock,cavernal.rock@facebook.com,"04 de Agosto",https://www.facebook.com/cavernal.rock,,"Villa Pueyrredón","Ciudad Autónoma de Buenos Aires","Buenos Aires",Argentina,581007097,"La Rockeria",https://www.facebook.com/oveja1,1
Vero,Rabita,vera.rabita@facebook.com,"04 de Agosto",https://www.facebook.com/vera.rabita,,,"Ciudad Autónoma de Buenos Aires","Buenos Aires",Argentina,522481575,"Brenda Fabregat",https://www.facebook.com/brenda.fabregat,1
Rocio,Romero,reelectrocutada1@facebook.com,"04 de Agosto",https://www.facebook.com/reelectrocutada1,23,,"Ciudad Autónoma de Buenos Aires","Buenos Aires",Argentina,1393065208,"Clari Stagno",,1
Dalma,Sosa,dalma.sosa.14@facebook.com,"04 de Agosto",https://www.facebook.com/dalma.sosa.14,27,"La Boca","Ciudad Autónoma de Buenos Aires","Buenos Aires",Argentina,100000135168190,"Christian Douer Chuky",https://www.facebook.com/christian.chuky,1
Aldi,Rios,aldi.rios.18@facebook.com,"04 de Agosto",https://www.facebook.com/aldi.rios.18,26,,"Ciudad Autónoma de Buenos Aires","Buenos Aires",Argentina,1454815585,"Alan Volper",https://www.facebook.com/alan.volper,1
Banquete,Cacumen,banquetecacumen@facebook.com,"04 de Agosto",https://www.facebook.com/banquetecacumen,,,"Ciudad Autónoma de Buenos Aires","Buenos Aires",Argentina,1800087578,"Mia Miry Ponce",,1
Evangelina,"Banzai III",evangelinabanzai3@facebook.com,"04 de Agosto",https://www.facebook.com/evangelinabanzai3,,,"Ciudad Autónoma de Buenos Aires","Buenos Aires",Argentina,100006336571663,"Julian Pagana",,1
Jeanette,"Galker II",jeanette.galkerii@facebook.com,"04 de Agosto",https://www.facebook.com/jeanette.galkerii,23,,"Ciudad Autónoma de Buenos Aires","Buenos Aires",Argentina,100003544046414,"Christian Marconi",https://www.facebook.com/gmarconi.turismo,1
Ipanema,RecordingStudios,ipanema.recordingstudios@facebook.com,"04 de Agosto",https://www.facebook.com/ipanema.recordingstudios,33,Boedo,"Ciudad Autónoma de Buenos Aires","Buenos Aires",Argentina,100000284114384,"Luli Torres",,1
Dalma,Mailen,dalma.mailen@facebook.com,"04 de Agosto",https://www.facebook.com/dalma.mailen,,,"Ciudad Autónoma de Buenos Aires","Buenos Aires",Argentina,100002199732254,"Tatiana Petroccelli",https://www.facebook.com/tanshanita,1
Lidia,Stumpf,lidia.stumpf.35@facebook.com,"04 de Agosto",https://www.facebook.com/lidia.stumpf.35,27,,"Ciudad Autónoma de Buenos Aires","Buenos Aires",Argentina,100004240471993,"Sindy Elisa Szczucky",https://www.facebook.com/sindy.szczucky,1
Clari,Chevallier-Boutell,clara.chevallierboutell@facebook.com,"04 de Agosto",https://www.facebook.com/clara.chevallierboutell,,"Buenos Aires","Buenos Aires","Buenos Aires",Argentina,1415103477,"Mechi Alvarez Estrada",0,1
Eduardo,Lozano,chinoedu@facebook.com,"04 de Agosto",https://www.facebook.com/chinoedu,28,,"Ciudad Autónoma de Buenos Aires","Buenos Aires",Argentina,1313769417,"Vanina Lopez Baroni",https://www.facebook.com/vaninalb,1
Noe,Papastavros,noe.papastavros@facebook.com,"04 de Agosto",https://www.facebook.com/noe.papastavros,23,,"Ciudad Autónoma de Buenos Aires","Buenos Aires",Argentina,1232654488,"Fabio Ezequiel Farruggio",https://www.facebook.com/ffachurro,1
"Rita Del Carmen",Gomez,ritadelcarmen.gomez.3@facebook.com,"04 de Agosto",https://www.facebook.com/ritadelcarmen.gomez.3,,"Buenos Aires","Buenos Aires","Buenos Aires",Argentina,100000194950572,"Elias Prituluk",0,1
El,Chipi,el.chipi.921@facebook.com,"04 de Agosto",https://www.facebook.com/el.chipi.921,27,,"Ciudad Autónoma de Buenos Aires","Buenos Aires",Argentina,1210038270,"Franco Marcoccia",https://www.facebook.com/franco.marcoccia,1
Dami,Perez,damianperezxd@facebook.com,"04 de Agosto",https://www.facebook.com/damianperezXD,,,"Ciudad Autónoma de Buenos Aires","Buenos Aires",Argentina,1613474557,"Ian Szejner",,1
Marianela,Balbis,marianelabalbis@facebook.com,"04 de Agosto",https://www.facebook.com/marianelabalbis,,,"Ciudad Autónoma de Buenos Aires","Buenos Aires",Argentina,773789593,"Maria Lucila Quarleri",https://www.facebook.com/maria.quarleri,1
Facundo,Delias,facundo.delias@facebook.com,"04 de Agosto",https://www.facebook.com/facundo.delias,30,,"Ciudad Autónoma de Buenos Aires","Buenos Aires",Argentina,604590672,"Santiago Villanueva",https://www.facebook.com/santiago.villanueva,1
Fabio,Caiunao,fabio.caiunao@facebook.com,"04 de Agosto",https://www.facebook.com/fabio.caiunao,,,"Ciudad Autónoma de Buenos Aires","Buenos Aires",Argentina,100000796804615,"Ronit Nates",https://www.facebook.com/ronates,1
Krica,Flowerrs,krica.flowerrs.5@facebook.com,"04 de Agosto",https://www.facebook.com/krica.flowerrs.5,,,"Ciudad Autónoma de Buenos Aires","Buenos Aires",Argentina,100006866712709,"Gabriela Rosito",https://www.facebook.com/gabriela.rosito,1
Ramon,Dieguez,ramon.dieguez.7@facebook.com,"04 de Agosto",https://www.facebook.com/ramon.dieguez.7,,,"Ciudad Autónoma de Buenos Aires","Buenos Aires",Argentina,100000125363622,"Marina Castagnino",https://www.facebook.com/castagnino,1
Lizeth,Katherine,lizethk@facebook.com,"04 de Agosto",https://www.facebook.com/lizethk,24,"Buenos Aires","Buenos Aires","Buenos Aires",Argentina,1139311389,"Alan Yun",0,1
Eliana,Andres,eliana.andres1@facebook.com,"04 de Agosto",https://www.facebook.com/eliana.andres1,29,,"Ciudad Autónoma de Buenos Aires","Buenos Aires",Argentina,1128556364,"David Zalasar",https://www.facebook.com/Davidcocktails,1
Gaston,Leandro,gasty.d10s@facebook.com,"04 de Agosto",https://www.facebook.com/gasty.d10s,,,"Ciudad Autónoma de Buenos Aires","Buenos Aires",Argentina,877580493,"Flor Cantero",,1
Agustin,Marchitto,agustin.marchitto@facebook.com,"04 de Agosto",https://www.facebook.com/agustin.marchitto,,"La Boca","Ciudad Autónoma de Buenos Aires","Distrito Federal",Argentina,1021521406,"Nano Vaquer",,1
Tomi,Quagliardi,tomi.quagliardi@facebook.com,"04 de Agosto",https://www.facebook.com/tomi.quagliardi,23,,"Ciudad Autónoma de Buenos Aires","Buenos Aires",Argentina,548423704,"Ignacio Busquiazo",https://www.facebook.com/ignacio.busquiazo,1
Man,Zarpado,manu.ziarra@facebook.com,"04 de Agosto",https://www.facebook.com/manu.ziarra,26,,"Ciudad Autónoma de Buenos Aires","Buenos Aires",Argentina,100007180513012,"Cristian Fernandez Villamor",https://www.facebook.com/cristian.fernandezvillamo,1
Belén,Petrillo,belen.petrillo@facebook.com,"04 de Agosto",https://www.facebook.com/belen.petrillo,,,"Ciudad Autónoma de Buenos Aires","Buenos Aires",Argentina,1413901850,"Miranda Toderi",https://www.facebook.com/miranda.toderi,1
Vaanee,Rodriguez,vanesasoledadrodriguez@facebook.com,"04 de Agosto",https://www.facebook.com/vanesasoledadrodriguez,23,Colegiales,"Ciudad Autónoma de Buenos Aires","Buenos Aires",Argentina,100003507800203,"Fede Martinez",https://www.facebook.com/fedemartinez17,1
Pato,Lucas,pato.lucas.37@facebook.com,"05 de Agosto",https://www.facebook.com/pato.lucas.37,,,"Ciudad Autónoma de Buenos Aires","Buenos Aires",Argentina,100002516195066,"Miqui Berriòs",https://www.facebook.com/miqui.berrios,1
Floor,Mariño,jaz.carp.56@facebook.com,"05 de Agosto",https://www.facebook.com/jaz.carp.56,,,"Ciudad Autónoma de Buenos Aires","Buenos Aires",Argentina,100006055990871,"Amalia Gomes",,1
Rochi,Alvarez,rocio.ailen.14811@facebook.com,"05 de Agosto",https://www.facebook.com/rocio.ailen.14811,26,,"Ciudad Autónoma de Buenos Aires","Buenos Aires",Argentina,100001045978143,"Federico Carrizo",https://www.facebook.com/federicoc,1
Carla,Juarez,carla.a.juarez@facebook.com,"05 de Agosto",https://www.facebook.com/carla.a.juarez,,,"Ciudad Autónoma de Buenos Aires","Buenos Aires",Argentina,1457150112,"Gimena Yamila Yerden Giaquinto",https://www.facebook.com/Gimetrance,1
Gonna,Go,gonnago.producciones@facebook.com,"05 de Agosto",https://www.facebook.com/gonnago.producciones,24,,"Ciudad Autónoma de Buenos Aires","Buenos Aires",Argentina,100001489389006,"Cynthia Gianni",,1
Felipe,PeraltaCalderón,felipeperaltac@facebook.com,"05 de Agosto",https://www.facebook.com/felipeperaltac,28,,"Ciudad Autónoma de Buenos Aires","Buenos Aires",Argentina,1040086674,"Daniela Sevilla",,1
Juan,Simhan,juan.simhan@facebook.com,"05 de Agosto",https://www.facebook.com/juan.simhan,,,"Ciudad Autónoma de Buenos Aires","Buenos Aires",Argentina,100000080024112,"Juan Cruz Albornoz",,1
Maca,"Blasco Diseño",macablasco.diseno@facebook.com,"05 de Agosto",https://www.facebook.com/macablasco.diseno,28,,"Ciudad Autónoma de Buenos Aires","Buenos Aires",Argentina,100001232830170,"Gisela Tesei",,1
Mateo,Pinto,mateo.pinto.37@facebook.com,"05 de Agosto",https://www.facebook.com/mateo.pinto.37,25,,"Ciudad Autónoma de Buenos Aires","Buenos Aires",Argentina,1346500629,"Ana Jasibe",https://www.facebook.com/ana.jasibe,1
Léo,Argentina,leo.guy.argentina@facebook.com,"05 de Agosto",https://www.facebook.com/leo.guy.argentina,30,,"Ciudad Autónoma de Buenos Aires","Buenos Aires",Argentina,100001308366204,"Marcela Hinckelmann",https://www.facebook.com/marcela.hinckelmann,1
Jardín,EléKtrico,jardin.electrico@facebook.com,"05 de Agosto",https://www.facebook.com/jardin.electrico,,,"Ciudad Autónoma de Buenos Aires","Buenos Aires",Argentina,1548220255,"Silvia Mesa Fernandez",https://www.facebook.com/silvia.mesafernandez,1
LiLiana,"O. Urda",lilos@facebook.com,"05 de Agosto",https://www.facebook.com/lilos,23,,"Ciudad Autónoma de Buenos Aires","Buenos Aires",Argentina,694581044,"Jessica Bellomo",https://www.facebook.com/JessBellomo,1
Luchito,Mipequeñofrenchie,luchito23@facebook.com,"05 de Agosto",https://www.facebook.com/luchito23,27,,"Ciudad Autónoma de Buenos Aires","Buenos Aires",Argentina,100000541069578,"Nahu Millicay Pereyra",https://www.facebook.com/nahumilli,1
"Nancy Soledad",Falcione,nancysoledad.falcione@facebook.com,"05 de Agosto",https://www.facebook.com/nancysoledad.falcione,32,,"Ciudad Autónoma de Buenos Aires","Buenos Aires",Argentina,100000346635740,"Julian Argiz",https://www.facebook.com/julian.argiz,1
Ccnv,Ezeiza,ezeiza.ccnv@facebook.com,"05 de Agosto",https://www.facebook.com/ezeiza.ccnv,26,,"Ciudad Autónoma de Buenos Aires","Buenos Aires",Argentina,100000517939581,"Natalia Tarelli",,1
Sole,Mariani,soolci.15@facebook.com,"05 de Agosto",https://www.facebook.com/soolci.15,,,"Ciudad Autónoma de Buenos Aires","Buenos Aires",Argentina,1312827887,"Cristian Andres Romano",,1
Rueda,Internacional,rueda.internacional@facebook.com,"05 de Agosto",https://www.facebook.com/rueda.internacional,,,"Ciudad Autónoma de Buenos Aires","Buenos Aires",Argentina,1586469803,"Aldana Queirolo",https://www.facebook.com/aldana.queirolo,1
Lucia,Cotro,lucia.cotro@facebook.com,"05 de Agosto",https://www.facebook.com/lucia.cotro,33,,"Ciudad Autónoma de Buenos Aires","Buenos Aires",Argentina,100004804184335,"Srita Bauer",https://www.facebook.com/marina.vas,1
Alejo,"Ruiz Ventura",alejo.ruizventura1@facebook.com,"05 de Agosto",https://www.facebook.com/alejo.ruizventura1,29,,"Ciudad Autónoma de Buenos Aires","Buenos Aires",Argentina,100000258033869,"Braii Venieri",https://www.facebook.com/BraianVenieri,1
Kar,Castelli,kar.castelli@facebook.com,"05 de Agosto",https://www.facebook.com/kar.castelli,25,,"Ciudad Autónoma de Buenos Aires","Buenos Aires",Argentina,100007158186464,"Amilcar Ferrari",,1
Myrian,Garay,myrian.garay.737@facebook.com,"05 de Agosto",https://www.facebook.com/myrian.garay.737,24,,"Ciudad Autónoma de Buenos Aires","Buenos Aires",Argentina,100007032303661,"Luciana Antrilli",https://www.facebook.com/luciana.antrilli,1
Nahuel,Kloster,nahuelkloster@facebook.com,"05 de Agosto",https://www.facebook.com/nahuelkloster,25,,"Ciudad Autónoma de Buenos Aires","Buenos Aires",Argentina,1155292429,"Agustina Pelle Müller",,1
Stfy,Yuca,stfy.yuca@facebook.com,"05 de Agosto",https://www.facebook.com/stfy.yuca,,,"Ciudad Autónoma de Buenos Aires","Buenos Aires",Argentina,1221039512,"Ale Arias Mandarine Park",,1
Lorena,Guzman,lorenamiel@facebook.com,"05 de Agosto",https://www.facebook.com/lorenamiel,,,"Ciudad Autónoma de Buenos Aires","Buenos Aires",Argentina,100002367456807,"Flor De Santa",https://www.facebook.com/florencia.pacella,1
Nay,Sol,nay.sol@facebook.com,"05 de Agosto",https://www.facebook.com/nay.sol,30,,"Ciudad Autónoma de Buenos Aires","Buenos Aires",Argentina,1359124386,"Aldana Queirolo",https://www.facebook.com/aldana.queirolo,1
Pablo,Tierno,tiernopablo.5@facebook.com,"05 de Agosto",https://www.facebook.com/tiernopablo.5,,,"Ciudad Autónoma de Buenos Aires","Buenos Aires",Argentina,1145888830,"Jochuu Rodriguez Linck",https://www.facebook.com/jochuu.rodriguezlinck,1
Tomas,Casanova,tomas.casanova.33@facebook.com,"05 de Agosto",https://www.facebook.com/tomas.casanova.33,28,,"Ciudad Autónoma de Buenos Aires","Buenos Aires",Argentina,641150035,"Poh Ly",https://www.facebook.com/pohoreyco,1
Leo,Diaz,leo.diaz.71697092@facebook.com,"05 de Agosto",https://www.facebook.com/leo.diaz.71697092,24,,"Ciudad Autónoma de Buenos Aires","Buenos Aires",Argentina,100000008006280,"Agustina Pelle Müller",,1
Leo,Vercellotti,leo.vercellotti@facebook.com,"05 de Agosto",https://www.facebook.com/leo.vercellotti,26,,"Ciudad Autónoma de Buenos Aires","Buenos Aires",Argentina,804786165,"Maureen Burton",,1
Federico,Olivari,federico.olivari.18@facebook.com,"05 de Agosto",https://www.facebook.com/federico.olivari.18,30,,"Ciudad Autónoma de Buenos Aires","Buenos Aires",Argentina,742600345,"Florencia Pulicari",https://www.facebook.com/florencia.pulicari,1
Debi,Cabral,debi.cabral.3@facebook.com,"05 de Agosto",https://www.facebook.com/debi.cabral.3,,,"Ciudad Autónoma de Buenos Aires","Buenos Aires",Argentina,666853424,"Manu Dadaglio",,1
Chechu,Bottan,cecibottan@facebook.com,"05 de Agosto",https://www.facebook.com/cecibottan,25,,"Ciudad Autónoma de Buenos Aires","Buenos Aires",Argentina,1630579403,"Martín Álvarez BA I",https://www.facebook.com/Woody.Blair,1
Natalia,Ramos,natalia.ramos.33886305@facebook.com,"05 de Agosto",https://www.facebook.com/natalia.ramos.33886305,33,,"Ciudad Autónoma de Buenos Aires","Buenos Aires",Argentina,100002370178836,"Romina Dorza",https://www.facebook.com/rodorza,1
Gonzalo,Barrios,gonzalo.m.barrios.1@facebook.com,"05 de Agosto",https://www.facebook.com/gonzalo.m.barrios.1,25,,"Ciudad Autónoma de Buenos Aires","Buenos Aires",Argentina,1630752422,"Martín Álvarez BA I",https://www.facebook.com/Woody.Blair,1
Anto,Blanco,anto.blanco3@facebook.com,"05 de Agosto",https://www.facebook.com/anto.blanco3,,,"Ciudad Autónoma de Buenos Aires","Buenos Aires",Argentina,100002595427553,"Martín Álvarez BA I",https://www.facebook.com/Woody.Blair,1
Jeng,Js,jeng.shiou.len@facebook.com,"05 de Agosto",https://www.facebook.com/jeng.shiou.len,,"Buenos Aires","Buenos Aires","Buenos Aires",Argentina,1445860684,"Alan Yun",0,1
Cinthia,Ramirez,giseramirez97@facebook.com,"05 de Agosto",https://www.facebook.com/GiseRamirez97,,,"Ciudad Autónoma de Buenos Aires","Buenos Aires",Argentina,100001767961681,"Anna Laura",https://www.facebook.com/Anna.Laucha,1
Francisco,Pendas,franchi.pendas@facebook.com,"05 de Agosto",https://www.facebook.com/franchi.pendas,,,"Ciudad Autónoma de Buenos Aires","Buenos Aires",Argentina,574110522,"Valentino Fabre",https://www.facebook.com/valenfabre,1
Julieta,Aspis,buffylastoncita@facebook.com,"05 de Agosto",https://www.facebook.com/buffylastoncita,31,,"Ciudad Autónoma de Buenos Aires","Buenos Aires",Argentina,1531391557,"Matias Daniel Pascual",,1
Encuestas,"Maria Gracia",encuestas.mariagracia@facebook.com,"05 de Agosto",https://www.facebook.com/encuestas.mariagracia,32,,"Ciudad Autónoma de Buenos Aires","Buenos Aires",Argentina,100000986772370,"Andrea Flijer",https://www.facebook.com/andrea.flijer,1
Luis,Valiante,luis.valiante@facebook.com,"05 de Agosto",https://www.facebook.com/luis.valiante,33,"Buenos Aires","Buenos Aires","Buenos Aires",Argentina,1000208885,"Juan Pablo Aleman",0,1
Vetranov,Paulinaa,vetranovpaulinaa.verifiedaccount@facebook.com,"05 de Agosto",https://www.facebook.com/vetranovpaulinaa.verifiedaccount,,,"Ciudad Autónoma de Buenos Aires","Buenos Aires",Argentina,100001842255040,"Agustin Sujo",https://www.facebook.com/agustin.sujook,1
Nestor,"Luján R",nestor.lujanr@facebook.com,"05 de Agosto",https://www.facebook.com/nestor.lujanr,33,,"Ciudad Autónoma de Buenos Aires","Buenos Aires",Argentina,100001482176585,"Karina Placeriani",https://www.facebook.com/karina.placeriani,1
Punky,Sutep,punky.sutep@facebook.com,"05 de Agosto",https://www.facebook.com/Punky.sutep,,,"Ciudad Autónoma de Buenos Aires","Buenos Aires",Argentina,100001046196258,"Gustavo Chiappe Sutep",,1
Roo,Anahii,rochianahi.curihuala@facebook.com,"05 de Agosto",https://www.facebook.com/rochianahi.curihuala,,"El Maitén","Ciudad Autónoma de Buenos Aires","Distrito Federal",Argentina,100003950833826,"Pedro Lopezyfernandez",https://www.facebook.com/pedronahuel,1
Federico,Berrogain,fekeee@facebook.com,"05 de Agosto",https://www.facebook.com/fekeee,24,,"Ciudad Autónoma de Buenos Aires","Buenos Aires",Argentina,1132305273,"Piltra Toller",https://www.facebook.com/piltra,1
"Victoria Valeria",Acosta,victoriavaleria.acosta@facebook.com,"05 de Agosto",https://www.facebook.com/victoriavaleria.acosta,,,"Ciudad Autónoma de Buenos Aires","Buenos Aires",Argentina,1418113415,"Jessica Bellomo",https://www.facebook.com/JessBellomo,1
Esteban,Veliz,esteban.veliz.731@facebook.com,"05 de Agosto",https://www.facebook.com/esteban.veliz.731,26,,"Ciudad Autónoma de Buenos Aires","Buenos Aires",Argentina,100007337020541,"Franco Marcoccia",https://www.facebook.com/franco.marcoccia,1
Bistro,Ramón,bistro.ramon@facebook.com,"06 de Agosto",https://www.facebook.com/bistro.ramon,28,,"Ciudad Autónoma de Buenos Aires","Buenos Aires",Argentina,100002760383473,"Nicolás Marano",https://www.facebook.com/nicolasmarano10,1
Folklore,"Pies A Cabeza",folklore.piesacabeza@facebook.com,"06 de Agosto",https://www.facebook.com/folklore.piesacabeza,26,,"Ciudad Autónoma de Buenos Aires","Buenos Aires",Argentina,100003117067978,"Florencia Cortés",https://www.facebook.com/cortes.florencia,1
Vika,Margaryan,margaryanvika@facebook.com,"06 de Agosto",https://www.facebook.com/margaryanvika,28,,"Ciudad Autónoma de Buenos Aires","Buenos Aires",Argentina,100002428758726,"Gisela Indjadjik",https://www.facebook.com/gisela.indjadjik,1
Mariela,Méndez,lunita.rodriguez.108@facebook.com,"06 de Agosto",https://www.facebook.com/lunita.rodriguez.108,26,,"Ciudad Autónoma de Buenos Aires","Buenos Aires",Argentina,100002708617804,"Julian Pagana",,1
Juliian,Zuritaa,july.carp.96@facebook.com,"06 de Agosto",https://www.facebook.com/july.carp.96,,,"Ciudad Autónoma de Buenos Aires","Buenos Aires",Argentina,100002128915125,"Agustina Pelle Müller",,1
Tuky,Ayala,tukyayara@facebook.com,"06 de Agosto",https://www.facebook.com/TUKYAYARA,,,"Ciudad Autónoma de Buenos Aires","Buenos Aires",Argentina,1580706478,"Carla Giovana",,1
"María Fernanda",Basalo,fer.basalo@facebook.com,"06 de Agosto",https://www.facebook.com/fer.basalo,,Núñez,"Ciudad Autónoma de Buenos Aires","Buenos Aires",Argentina,1366682370,"Brenda Fabregat",https://www.facebook.com/brenda.fabregat,1
Miluana,Bsas,miluana.bsas@facebook.com,"06 de Agosto",https://www.facebook.com/miluana.bsas,,,"Ciudad Autónoma de Buenos Aires","Buenos Aires",Argentina,100002425691660,"Felicitas Ghigliotti",https://www.facebook.com/felicitas.ghigliotti,1
Juan,Belaustegui,juan.j.belaustegui@facebook.com,"06 de Agosto",https://www.facebook.com/juan.j.belaustegui,28,,"Ciudad Autónoma de Buenos Aires","Buenos Aires",Argentina,690058602,"Flor Vischi Cortés",https://www.facebook.com/flor.vischi,1
Marysol,Zarza,marysol.zarza@facebook.com,"06 de Agosto",https://www.facebook.com/marysol.zarza,32,,"Ciudad Autónoma de Buenos Aires","Buenos Aires",Argentina,1566183016,"Pablo Bravo",,1
Ropita,Importada,ropausaonline@facebook.com,"06 de Agosto",https://www.facebook.com/ropaUSAonline,,,"Ciudad Autónoma de Buenos Aires","Buenos Aires",Argentina,100002435461288,"Marina Castagnino",https://www.facebook.com/castagnino,1
Funda,Fest,fundafest@facebook.com,"06 de Agosto",https://www.facebook.com/fundafest,,,"Ciudad Autónoma de Buenos Aires","Buenos Aires",Argentina,100000435084157,"Melo Dellarole",https://www.facebook.com/melodellarole,1
Tati,Talotti,tati.talotti@facebook.com,"06 de Agosto",https://www.facebook.com/tati.talotti,,,"Ciudad Autónoma de Buenos Aires","Buenos Aires",Argentina,1010463645,"Gonzalo Bussetti",https://www.facebook.com/gonzalo.bussetti,1
Silvia,Brown,silviabrown11@facebook.com,"06 de Agosto",https://www.facebook.com/silviabrown11,,,"Ciudad Autónoma de Buenos Aires","Buenos Aires",Argentina,660856708,"Mechi Abud",https://www.facebook.com/mechi.abud,1
Brenda,Ambiosini,brenda.ambiosini@facebook.com,"06 de Agosto",https://www.facebook.com/brenda.ambiosini,23,,"Ciudad Autónoma de Buenos Aires","Buenos Aires",Argentina,100000493513414,"Nahu Millicay Pereyra",https://www.facebook.com/nahumilli,1
Maggie,Levi,maggielevi@facebook.com,"06 de Agosto",https://www.facebook.com/MaggieLevi,,,"Ciudad Autónoma de Buenos Aires","Buenos Aires",Argentina,729099690,"Pala Falguera",,1
Nacho,Testa,nacho.testa.10@facebook.com,"06 de Agosto",https://www.facebook.com/nacho.testa.10,30,,"Ciudad Autónoma de Buenos Aires","Buenos Aires",Argentina,100001922286352,"Natalia Magariello",https://www.facebook.com/natalia.magariello,1
Kaareen,Luuciilaa,laa.t.sa@facebook.com,"06 de Agosto",https://www.facebook.com/laa.t.sa,,,"Ciudad Autónoma de Buenos Aires","Buenos Aires",Argentina,100002498291868,"Demián Gabriel",,1
Javier,Bart,kanga88@facebook.com,"06 de Agosto",https://www.facebook.com/Kanga88,26,,"Ciudad Autónoma de Buenos Aires","Buenos Aires",Argentina,765178866,"Geru Sznek",https://www.facebook.com/gsznek,1
"Brunna Gaia",Agencia,brunnagaia.agencia@facebook.com,"06 de Agosto",https://www.facebook.com/brunnagaia.agencia,27,,"Ciudad Autónoma de Buenos Aires","Buenos Aires",Argentina,1729154865,"Mia Miry Ponce",,1
"Gonzalez Buela","Promotoras Activaciones",gonzalezbuelabtl@facebook.com,"06 de Agosto",https://www.facebook.com/gonzalezbuelabtl,27,,"Ciudad Autónoma de Buenos Aires","Buenos Aires",Argentina,1749635605,"Mia Miry Ponce",,1
Victoria,Lamas,victoria.lamas.507@facebook.com,"06 de Agosto",https://www.facebook.com/victoria.lamas.507,,,"Ciudad Autónoma de Buenos Aires","Buenos Aires",Argentina,760474405,"Kandella Steiler",https://www.facebook.com/kandella.steiler,1
Leonel,Barila,leonel.barila@facebook.com,"06 de Agosto",https://www.facebook.com/leonel.barila,23,,"Ciudad Autónoma de Buenos Aires","Buenos Aires",Argentina,100000763720239,"Pia Bocchino",https://www.facebook.com/pia.bocchino,1
"Cia Teatral",Despierta,ciateatral.despierta@facebook.com,"06 de Agosto",https://www.facebook.com/ciateatral.despierta,,,"Ciudad Autónoma de Buenos Aires","Buenos Aires",Argentina,1201849474,"Miranda Toderi",https://www.facebook.com/miranda.toderi,1
Ni,Fa,ni.f.fa.5@facebook.com,"06 de Agosto",https://www.facebook.com/ni.f.fa.5,24,,"Ciudad Autónoma de Buenos Aires","Buenos Aires",Argentina,100002844023344,"Belen Uicich",https://www.facebook.com/belen.uicich,1
Diego,Hernan,diego.mc.359@facebook.com,"06 de Agosto",https://www.facebook.com/diego.mc.359,24,,"Ciudad Autónoma de Buenos Aires","Buenos Aires",Argentina,1045265332,"Carla Diaz",,1
Bob,Caruz,biosis.perfil1@facebook.com,"06 de Agosto",https://www.facebook.com/biosis.perfil1,,,"Ciudad Autónoma de Buenos Aires","Buenos Aires",Argentina,1583024089,"Jessica Bellomo",https://www.facebook.com/JessBellomo,1
"Le Maquillage",Novias,lemaquillage.novias@facebook.com,"06 de Agosto",https://www.facebook.com/lemaquillage.novias,24,,"Ciudad Autónoma de Buenos Aires","Buenos Aires",Argentina,100004183211812,"Juan Manuel Fotografo",https://www.facebook.com/JuanmaJMFotoEstudio,1
Myrna,Polotnianka,myrna.polotnianka@facebook.com,"06 de Agosto",https://www.facebook.com/myrna.polotnianka,,,"Ciudad Autónoma de Buenos Aires","Buenos Aires",Argentina,100000055713469,"Felicitas Ghigliotti",https://www.facebook.com/felicitas.ghigliotti,1
Lau,"Ayunta Robles",lauura.rociio@facebook.com,"06 de Agosto",https://www.facebook.com/lauura.rociio,24,,"Ciudad Autónoma de Buenos Aires","Buenos Aires",Argentina,100004223802313,"Juan Manuel Fotografo",https://www.facebook.com/JuanmaJMFotoEstudio,1
Ezequiel,Decarli,ezequiel.decarli.1@facebook.com,"06 de Agosto",https://www.facebook.com/ezequiel.decarli.1,26,Recoleta,"Ciudad Autónoma de Buenos Aires","Buenos Aires",Argentina,670159339,"Anto Trezza",https://www.facebook.com/anto.trezza,1
Angeles,Colecciones,angeleshernandezcolecciones@facebook.com,"06 de Agosto",https://www.facebook.com/angeleshernandezcolecciones,,,"Ciudad Autónoma de Buenos Aires","Buenos Aires",Argentina,100002423382315,"Karina Fernandez",https://www.facebook.com/karuchita,1
"Equipos Fotograficos","Casa de Camaras",casadecamaras@facebook.com,"06 de Agosto",https://www.facebook.com/casadecamaras,24,,"Ciudad Autónoma de Buenos Aires","Buenos Aires",Argentina,100004225896615,"Juan Manuel Fotografo",https://www.facebook.com/JuanmaJMFotoEstudio,1
"Tres Monos",Torneos,tresmonosfutbol@facebook.com,"06 de Agosto",https://www.facebook.com/tresmonosfutbol,28,,"Ciudad Autónoma de Buenos Aires","Buenos Aires",Argentina,100007353199501,"Diego Binayan",https://www.facebook.com/diego.binayan,1
Anto,Summel,anto.summel@facebook.com,"06 de Agosto",https://www.facebook.com/Anto.Summel,,,"Ciudad Autónoma de Buenos Aires","Buenos Aires",Argentina,100000577781778,"Brian Cano",,1
Marcos,Bardi,marcos.bardi.12@facebook.com,"06 de Agosto",https://www.facebook.com/marcos.bardi.12,,,"Ciudad Autónoma de Buenos Aires","Buenos Aires",Argentina,100000559740896,"Luli Torres",,1
Cece,Cox,cece.cox.75@facebook.com,"06 de Agosto",https://www.facebook.com/cece.cox.75,24,,"Ciudad Autónoma de Buenos Aires","Buenos Aires",Argentina,100007967402717,"Ale Arias Mandarine Park",,1
Agus,"De Souza Gago",aguustain@facebook.com,"06 de Agosto",https://www.facebook.com/Aguustain,,,"Ciudad Autónoma de Buenos Aires","Buenos Aires",Argentina,1110571936,"Maria Belén",,1
"Feria Americana",Shanti,vestidosfann@facebook.com,"06 de Agosto",https://www.facebook.com/vestidosfann,28,,"Ciudad Autónoma de Buenos Aires","Buenos Aires",Argentina,100001346024992,"Catalina Plá Señorans",https://www.facebook.com/catalina.pla,1
Maria,Canch,maria.canch@facebook.com,"06 de Agosto",https://www.facebook.com/maria.canch,,,"Ciudad Autónoma de Buenos Aires","Buenos Aires",Argentina,100003336250093,"Dafne Antonella Zas Amy",,1
"Maria Carolina",Bilardi,mariacarolina.bilardi@facebook.com,"06 de Agosto",https://www.facebook.com/mariacarolina.bilardi,32,,"Ciudad Autónoma de Buenos Aires","Buenos Aires",Argentina,604378830,"Jenny Barco",https://www.facebook.com/jenny.barco,1
Jesi,Franco,jesi.franco.3@facebook.com,"06 de Agosto",https://www.facebook.com/jesi.franco.3,30,,"Ciudad Autónoma de Buenos Aires","Buenos Aires",Argentina,1428172859,"Silvina Yanina Albornoz Garlepp",https://www.facebook.com/silvinayaninaalbornozgarl,1
Santi,Papier,santi.papier@facebook.com,"06 de Agosto",https://www.facebook.com/santi.papier,29,,"Ciudad Autónoma de Buenos Aires","Buenos Aires",Argentina,1421181364,"Eve Schiera",,1
Nazareno,Cruz,nazareno.lobos@facebook.com,"06 de Agosto",https://www.facebook.com/nazareno.lobos,,,"Ciudad Autónoma de Buenos Aires","Buenos Aires",Argentina,1089885886,"Ignacio Lines Ceruti",https://www.facebook.com/ignacio.lines,1
Juancs,RiverPlatense,juancs.riverplatense@facebook.com,"06 de Agosto",https://www.facebook.com/juancs.riverplatense,,"Almirante Brown","Ciudad Autónoma de Buenos Aires","Buenos Aires",Argentina,100000782782118,"Cielito Perez",,1
Portate,Mal,portate.mal.1@facebook.com,"06 de Agosto",https://www.facebook.com/portate.mal.1,26,,"Ciudad Autónoma de Buenos Aires","Buenos Aires",Argentina,100001039830474,"Ornela G Cirigliano",https://www.facebook.com/floweringashtree,1
Rocio,Flint,rochi.flint@facebook.com,"06 de Agosto",https://www.facebook.com/rochi.flint,,,"Ciudad Autónoma de Buenos Aires","Buenos Aires",Argentina,1161216218,"Aniita Canta",https://www.facebook.com/Aniita.Canta,1
Agustin,Fernandez,agus.95.fernandez@facebook.com,"06 de Agosto",https://www.facebook.com/agus.95.fernandez,,,"Ciudad Autónoma de Buenos Aires","Buenos Aires",Argentina,100004007149046,"Tatiana Petroccelli",https://www.facebook.com/tanshanita,1
Franco,Argenti,franco.argenti.33@facebook.com,"06 de Agosto",https://www.facebook.com/franco.argenti.33,,,"Ciudad Autónoma de Buenos Aires","Buenos Aires",Argentina,1407886042,"Brian Cano",,1
Lorena,Ledesma,lorena.ledesma.1257@facebook.com,"06 de Agosto",https://www.facebook.com/lorena.ledesma.1257,,,"Ciudad Autónoma de Buenos Aires","Buenos Aires",Argentina,100002143577577,"Pablo Bravo",,1
Natalia,Chin,natalia.chin@facebook.com,"06 de Agosto",https://www.facebook.com/natalia.chin,,"Buenos Aires","Buenos Aires","Buenos Aires",Argentina,709751603,"Alan Yun",0,1
Unders,Cover,unders.cover.5@facebook.com,"06 de Agosto",https://www.facebook.com/unders.cover.5,,,"Ciudad Autónoma de Buenos Aires","Buenos Aires",Argentina,100002308086705,"Jorge Biamonte",https://www.facebook.com/georgebiamonteok,1
William,Barboza,negrobrillante@facebook.com,"06 de Agosto",https://www.facebook.com/Negrobrillante,30,,"Ciudad Autónoma de Buenos Aires","Buenos Aires",Argentina,845145821,"Silvia Mesa Fernandez",https://www.facebook.com/silvia.mesafernandez,1
Rodrigo,Rosales,rodrigo.rosales.547@facebook.com,"06 de Agosto",https://www.facebook.com/rodrigo.rosales.547,23,,"Ciudad Autónoma de Buenos Aires","Buenos Aires",Argentina,100001140776441,"Vanesa Macias",https://www.facebook.com/vanesa.macias1,1
Tano,"De Boedo",marito.saa@facebook.com,"06 de Agosto",https://www.facebook.com/marito.saa,23,,"Ciudad Autónoma de Buenos Aires","Buenos Aires",Argentina,1221382474,"Brian Cano",,1
Walter,Novais,walter.adrian.50@facebook.com,"06 de Agosto",https://www.facebook.com/walter.adrian.50,31,,"Ciudad Autónoma de Buenos Aires","Buenos Aires",Argentina,100001597940381,"Ana Jasibe",https://www.facebook.com/ana.jasibe,1
Mystify,Calzado,mystify.calzado@facebook.com,"06 de Agosto",https://www.facebook.com/mystify.calzado,,,"Ciudad Autónoma de Buenos Aires","Buenos Aires",Argentina,100003870633827,"Nadia Denise",,1
Vicky,"Di Liscia",vicky.diliscia@facebook.com,"06 de Agosto",https://www.facebook.com/vicky.diliscia,,,"Ciudad Autónoma de Buenos Aires","Buenos Aires",Argentina,1386038444,"Laly Sereda",https://www.facebook.com/lalisereda,1
Kilca,SAires,kilcahostel.saires@facebook.com,"06 de Agosto",https://www.facebook.com/kilcahostel.saires,,,"Ciudad Autónoma de Buenos Aires","Buenos Aires",Argentina,1365301528,"Alicia Kosem",https://www.facebook.com/alicia.kosem,1
Gaston,Perez,gaston.ph@facebook.com,"06 de Agosto",https://www.facebook.com/gaston.ph,32,,"Ciudad Autónoma de Buenos Aires","Buenos Aires",Argentina,1478473361,"Barbara Sayago",https://www.facebook.com/barbara.sayago,1
Gente,"de Derecho",gentedederecho@facebook.com,"06 de Agosto",https://www.facebook.com/gentedederecho,32,,"Ciudad Autónoma de Buenos Aires","Buenos Aires",Argentina,100001055508550,"Sol Policastro",https://www.facebook.com/solangeforever,1
Walter,Garriga,walter.garriga.3@facebook.com,"06 de Agosto",https://www.facebook.com/walter.garriga.3,23,,"Ciudad Autónoma de Buenos Aires","Buenos Aires",Argentina,100005470710404,"Ale Arias Mandarine Park",,1
Esteban,Medicina,esteban.medicina@facebook.com,"06 de Agosto",https://www.facebook.com/esteban.medicina,31,,"Ciudad Autónoma de Buenos Aires","Buenos Aires",Argentina,1662664250,"Maria Florencia Vasquez",https://www.facebook.com/mariafvasquez,1
Pato,Facciuto,pato.facciuto@facebook.com,"06 de Agosto",https://www.facebook.com/pato.facciuto,,"Villa Devoto","Ciudad Autónoma de Buenos Aires","Buenos Aires",Argentina,100002370159918,"Miqui Berriòs",https://www.facebook.com/miqui.berrios,1
Micky,Sambunjak,micky.sambunjak@facebook.com,"06 de Agosto",https://www.facebook.com/micky.sambunjak,,,"Ciudad Autónoma de Buenos Aires","Buenos Aires",Argentina,632969692,"Clara Ryan",https://www.facebook.com/clariryaneventos,1
Sofi,Mazzini,sofi.mazzini@facebook.com,"06 de Agosto",https://www.facebook.com/sofi.mazzini,,,"Ciudad Autónoma de Buenos Aires","Buenos Aires",Argentina,1129180771,"Felipe Cianciarulo",https://www.facebook.com/fcianciarulo,1
Jeffy,Loredo,jesus.devillola@facebook.com,"06 de Agosto",https://www.facebook.com/jesus.devillola,23,,"Ciudad Autónoma de Buenos Aires","Buenos Aires",Argentina,100002324329301,"Juan Antonio Papagni Meca",https://www.facebook.com/juanantoniopapagnimeca,1
Nick,Belgrano,masculino.belgrano@facebook.com,"06 de Agosto",https://www.facebook.com/masculino.belgrano,31,,"Ciudad Autónoma de Buenos Aires","Buenos Aires",Argentina,100004202736196,"Cristian Fernandez Villamor",https://www.facebook.com/cristian.fernandezvillamo,1
Marissa,Vente,marissa.vente@facebook.com,"06 de Agosto",https://www.facebook.com/marissa.vente,,,"Ciudad Autónoma de Buenos Aires","Buenos Aires",Argentina,100001598803285,"Claudio Arias",https://www.facebook.com/clautrance,1
Lilia,Fomica,lilia.fomica@facebook.com,"31 de Julio",https://www.facebook.com/lilia.fomica,,"Buenos Aires","Buenos Aires","Buenos Aires",Argentina,1409284503,"Patrick Fernando Kushner L",0,1
Gisella,Santiani,gisella.santiani@facebook.com,"31 de Julio",https://www.facebook.com/gisella.santiani,30,,"Ciudad Autónoma de Buenos Aires","Buenos Aires",Argentina,1276415362,"Fran L. Ocampo",https://www.facebook.com/franco,1
"Guido N.",Martinez,guidon.martinez@facebook.com,"31 de Julio",https://www.facebook.com/GuidoN.Martinez,,,"Ciudad Autónoma de Buenos Aires","Buenos Aires",Argentina,1486983704,"Analia Utlo",https://www.facebook.com/ANY10,1
Gaston,"Alves Rc",gaston.alvesrc@facebook.com,"31 de Julio",https://www.facebook.com/gaston.alvesrc,22,,"Ciudad Autónoma de Buenos Aires","Buenos Aires",Argentina,1545303589,"Martín Álvarez BA I",https://www.facebook.com/Woody.Blair,1
Johana,Diaz,gabbjohana@facebook.com,"31 de Julio",https://www.facebook.com/gabbjohana,,,"Ciudad Autónoma de Buenos Aires","Buenos Aires",Argentina,100005977095817,"Tatiana Petroccelli",https://www.facebook.com/tanshanita,1
UP,High,upandhigh3040@facebook.com,"31 de Julio",https://www.facebook.com/UPANDHIGH3040,,,"Ciudad Autónoma de Buenos Aires","Buenos Aires",Argentina,100005994908371,"Tatiana Petroccelli",https://www.facebook.com/tanshanita,1
"Gaston Angrisani",Moykanos,gastonangrisanioficial@facebook.com,"31 de Julio",https://www.facebook.com/gastonangrisanioficial,,,"Ciudad Autónoma de Buenos Aires","Buenos Aires",Argentina,100000704268443,"Gisele Fratini",https://www.facebook.com/giakdmik,1
Magdalena,Fernandez,magdalena.fernandez.14@facebook.com,"31 de Julio",https://www.facebook.com/magdalena.fernandez.14,,,"Ciudad Autónoma de Buenos Aires","Buenos Aires",Argentina,1324284102,"María Victoria Uzal Haz",,1
La,"Clac Restaurante",la.clacrestaurante@facebook.com,"31 de Julio",https://www.facebook.com/la.clacrestaurante,31,,"Ciudad Autónoma de Buenos Aires","Buenos Aires",Argentina,1506126758,"Flor Scalise",https://www.facebook.com/flor.scalise,1
Gustavo,López,gusypame@facebook.com,"31 de Julio",https://www.facebook.com/GusyPame,,,"Ciudad Autónoma de Buenos Aires","Buenos Aires",Argentina,1174235463,"Franco Palermo",,1
Prognatus,Progresivo,prognatusprogresivo@facebook.com,"31 de Julio",https://www.facebook.com/prognatusprogresivo,,,"Ciudad Autónoma de Buenos Aires","Buenos Aires",Argentina,100000954307680,"La Rockeria",https://www.facebook.com/oveja1,1
Liliana,Corvalan,liliana.corvalan.102@facebook.com,"31 de Julio",https://www.facebook.com/liliana.corvalan.102,,,"Ciudad Autónoma de Buenos Aires","Buenos Aires",Argentina,100000956424200,"La Rockeria",https://www.facebook.com/oveja1,1
Mica,Rivero,mica.rivero.79@facebook.com,"31 de Julio",https://www.facebook.com/mica.rivero.79,21,,"Ciudad Autónoma de Buenos Aires","Buenos Aires",Argentina,1625247105,"Nahu Millicay Pereyra",https://www.facebook.com/nahumilli,1
Tobias,Aguilar,tobias.aguilar.98@facebook.com,"31 de Julio",https://www.facebook.com/tobias.aguilar.98,21,,"Ciudad Autónoma de Buenos Aires","Buenos Aires",Argentina,100002430321122,"Evangelina Dinatale de Biglieri",https://www.facebook.com/evangelina.dinataledebigl,1
Franco,Perez,frannco.perezz@facebook.com,"31 de Julio",https://www.facebook.com/frannco.perezz,,"La Boca","Ciudad Autónoma de Buenos Aires","Buenos Aires",Argentina,100001389649858,"Vicky Diaz",,1
Cinthy,Lagardo,cinthy.lagardo@facebook.com,"31 de Julio",https://www.facebook.com/cinthy.lagardo,22,Congreso,"Ciudad Autónoma de Buenos Aires","Buenos Aires",Argentina,100001453818338,"Julio Bittancourt",https://www.facebook.com/jbittancourt,1
Emiliano,Noto,emiliano.noto@facebook.com,"31 de Julio",https://www.facebook.com/emiliano.noto,32,,"Ciudad Autónoma de Buenos Aires","Buenos Aires",Argentina,1208094832,"Melina Piovano",https://www.facebook.com/melipiovano,1
Cindy,"de Merlo",cindy.demerlo@facebook.com,"31 de Julio",https://www.facebook.com/cindy.demerlo,,,"Ciudad Autónoma de Buenos Aires","Buenos Aires",Argentina,100002102411289,"Nicolás García",https://www.facebook.com/Niccccccccco,1
Agustín,Lyons,agulyons7@facebook.com,"31 de Julio",https://www.facebook.com/agulyons7,,,"Ciudad Autónoma de Buenos Aires","Buenos Aires",Argentina,559184891,"Jenny Barco",https://www.facebook.com/jenny.barco,1
Hockey,MetroFemenino,hockey.metrofemenino@facebook.com,"31 de Julio",https://www.facebook.com/hockey.metrofemenino,,,"Ciudad Autónoma de Buenos Aires","Buenos Aires",Argentina,100003166114596,"Agustina Del Rosario Anzisi",https://www.facebook.com/AgustinadelRosario,1
Enzo,Berger,enzo.berger.5@facebook.com,"31 de Julio",https://www.facebook.com/enzo.berger.5,,,"Ciudad Autónoma de Buenos Aires","Buenos Aires",Argentina,100000061364150,"Jero Salsamendi",https://www.facebook.com/jero.salsamendi,1
"Genesis Priscila",Huanca,genesispriscila.huanca@facebook.com,"31 de Julio",https://www.facebook.com/genesispriscila.huanca,22,,"Ciudad Autónoma de Buenos Aires","Buenos Aires",Argentina,1524402040,"Dafne Antonella Zas Amy",,1
Elastica,Elastica,elastica.sublimados@facebook.com,"31 de Julio",https://www.facebook.com/elastica.sublimados,29,,"Ciudad Autónoma de Buenos Aires","Buenos Aires",Argentina,100002171451796,"Ariel Villarreal",,1
Emusic,"Latino America",emusic.la@facebook.com,"31 de Julio",https://www.facebook.com/emusic.la,33,,"Ciudad Autónoma de Buenos Aires","Buenos Aires",Argentina,1099174944,"Cecilia Morinigo",,1
AC,Entretenimientos,ac.entretenimientos@facebook.com,"31 de Julio",https://www.facebook.com/ac.entretenimientos,24,,"Ciudad Autónoma de Buenos Aires","Buenos Aires",Argentina,100004532290215,"Sindy Elisa Szczucky",https://www.facebook.com/sindy.szczucky,1
Martin,Torrellas,martintorrellas@facebook.com,"31 de Julio",https://www.facebook.com/martintorrellas,,,"Ciudad Autónoma de Buenos Aires","Buenos Aires",Argentina,1118921124,"Belu Alvarez",,1
"Ana Laura",Comforte,analaura.comforte@facebook.com,"31 de Julio",https://www.facebook.com/analaura.comforte,26,,"Ciudad Autónoma de Buenos Aires","Buenos Aires",Argentina,100001712153336,"Bernardo Cura Bonazzola",https://www.facebook.com/bernardocurabonazzola,1
Maxi,Gabriel,maxi.blg@facebook.com,"31 de Julio",https://www.facebook.com/maxi.blg,31,,"Ciudad Autónoma de Buenos Aires","Buenos Aires",Argentina,1298984057,"Yanel Block",https://www.facebook.com/yanel.bllock,1
Anita,Palacio,anita.palacio.3@facebook.com,"31 de Julio",https://www.facebook.com/anita.palacio.3,32,,"Ciudad Autónoma de Buenos Aires","Buenos Aires",Argentina,1094473243,"Romi Maruffo",https://www.facebook.com/romi.maruffo,1
Alejandro,Nieto,alejandro.nieto.77@facebook.com,"31 de Julio",https://www.facebook.com/alejandro.nieto.77,25,,"Ciudad Autónoma de Buenos Aires","Buenos Aires",Argentina,1174671650,"Valentino Fabre",https://www.facebook.com/valenfabre,1
Mxs,Xtremesiteshop,xtremewaves@facebook.com,"31 de Julio",https://www.facebook.com/XtremeWaves,28,,"Ciudad Autónoma de Buenos Aires","Buenos Aires",Argentina,100002611065877,"Gabriela Prietoo",,1
Belu,Gomez,belu.gomez.169@facebook.com,"31 de Julio",https://www.facebook.com/belu.gomez.169,24,,"Ciudad Autónoma de Buenos Aires","Buenos Aires",Argentina,1293722458,"Piltra Toller",https://www.facebook.com/piltra,1
Piu,Chianea,piu.chianea@facebook.com,"31 de Julio",https://www.facebook.com/piu.chianea,,"Buenos Aires","Buenos Aires","Buenos Aires",Argentina,100000430684210,"Martu Lehmann",0,1
Luciana,Pizzo,luciana.pizzo.35@facebook.com,"31 de Julio",https://www.facebook.com/luciana.pizzo.35,25,"Buenos Aires","Buenos Aires","Buenos Aires",Argentina,100001808349127,"Fett Maidana",0,1
Viole,Dillon,viole.dillon@facebook.com,"31 de Julio",https://www.facebook.com/viole.dillon,,,"Ciudad Autónoma de Buenos Aires","Buenos Aires",Argentina,768742206,"Gustavo Pietrafesa",,1
Jorge,Papazian,jorge.papazian@facebook.com,"31 de Julio",https://www.facebook.com/jorge.papazian,31,,"Ciudad Autónoma de Buenos Aires","Buenos Aires",Argentina,690842383,"Viviana Farachi",https://www.facebook.com/viviana.farachi,1
Natalia,Pasuti,natalia.pasuti@facebook.com,"31 de Julio",https://www.facebook.com/natalia.pasuti,,,"Ciudad Autónoma de Buenos Aires","Buenos Aires",Argentina,100001113137770,"Demián Gabriel",,1
Mer,Arias,merkpa@facebook.com,"31 de Julio",https://www.facebook.com/Merkpa,,"Buenos Aires","Buenos Aires","Buenos Aires",Argentina,1075650574,"Fett Maidana",0,1
"Teatro Del Viejo",Mercado,teatrodelviejomercado@facebook.com,"31 de Julio",https://www.facebook.com/teatrodelviejomercado,29,,"Ciudad Autónoma de Buenos Aires","Buenos Aires",Argentina,100002192340781,"Gabriela Rosito",https://www.facebook.com/gabriela.rosito,1
Elisabet,"Vivir Solo Cuesta Vida",elisabet.pereira.75@facebook.com,"31 de Julio",https://www.facebook.com/elisabet.pereira.75,30,,"Ciudad Autónoma de Buenos Aires","Buenos Aires",Argentina,100006846433822,"Ariel Galinski",https://www.facebook.com/ariel.galinski,1
Andrea,Tomasella,andrea.tomasella@facebook.com,"31 de Julio",https://www.facebook.com/andrea.tomasella,26,,"Ciudad Autónoma de Buenos Aires","Buenos Aires",Argentina,804484839,"Victoria Cerdán",https://www.facebook.com/victoriaacerdan,1
Pedro,Costa,pela96@facebook.com,"31 de Julio",https://www.facebook.com/pela96,,,"Ciudad Autónoma de Buenos Aires","Buenos Aires",Argentina,1432364544,"Manu Dadaglio",,1
Barbi,Rios,barbi.rios@facebook.com,"31 de Julio",https://www.facebook.com/barbi.rios,23,"Villa Luro","Ciudad Autónoma de Buenos Aires","Buenos Aires",Argentina,1143940177,"Belen Loccisano",https://www.facebook.com/belen.loccisano,1
Cesar,Ledesma,turcocesar@facebook.com,"31 de Julio",https://www.facebook.com/turcocesar,,,"Ciudad Autónoma de Buenos Aires","Buenos Aires",Argentina,100003276529586,"Ariel Villarreal",,1
Flavia,Sa,chantuna@facebook.com,"31 de Julio",https://www.facebook.com/chantuna,28,,"Ciudad Autónoma de Buenos Aires","Buenos Aires",Argentina,1388955656,"Anto Trezza",https://www.facebook.com/anto.trezza,1
Luciano,D'amico,damicolucianovpt@facebook.com,"31 de Julio",https://www.facebook.com/damicolucianovpt,,Liniers,"Ciudad Autónoma de Buenos Aires","Buenos Aires",Argentina,1293063814,"Giiu Minniti",https://www.facebook.com/giiu.minniti,1
Camila,Nahir,caa.mila.37@facebook.com,"31 de Julio",https://www.facebook.com/caa.mila.37,,,"Ciudad Autónoma de Buenos Aires","Buenos Aires",Argentina,100001210647253,"Jonathan Leonel",,1
Agustina,Diaz,aguchisz@facebook.com,"31 de Julio",https://www.facebook.com/aguchisz,26,,"Ciudad Autónoma de Buenos Aires","Buenos Aires",Argentina,100000481753285,"Ignacio Lines Ceruti",https://www.facebook.com/ignacio.lines,1
