Nombre,Apellido,"Email Facebook",Cumpleaños,"Usuario Facebook",Edad,Barrio,Ciudad,Provincia,Pais,"ID Facebook","Amigo De","Amigo De (Usuario)",rebound
Tini,Barceló,tini.barcelo@facebook.com,"07 de Agosto",https://www.facebook.com/tini.barcelo,31,,"Ciudad Autónoma de Buenos Aires","Buenos Aires",Argentina,542886609,"Charly Ruez",https://www.facebook.com/charly.ruez,1
Maisa,"Ruiz Muro",mujer.bionica.735@facebook.com,"07 de Agosto",https://www.facebook.com/mujer.bionica.735,,,"Ciudad Autónoma de Buenos Aires","Buenos Aires",Argentina,100004385322542,"Andrea Marzorati",,1
Antonela,Chereminiano,antonela.chereminiano@facebook.com,"07 de Agosto",https://www.facebook.com/antonela.chereminiano,25,,"Ciudad Autónoma de Buenos Aires","Buenos Aires",Argentina,1189609907,"Fernando Olner Cupayolo",https://www.facebook.com/fernando.cupayolo,1
Outlet,"de Viajes",outlet.deviajes@facebook.com,"07 de Agosto",https://www.facebook.com/outlet.deviajes,,,"Ciudad Autónoma de Buenos Aires","Buenos Aires",Argentina,100001014642703,"Nadia Vannessa",https://www.facebook.com/nadiavannessa18,1
Aimi,"Tsukada Igei",aimi.tsukadaigei@facebook.com,"07 de Agosto",https://www.facebook.com/aimi.tsukadaigei,,,"Ciudad Autónoma de Buenos Aires","Buenos Aires",Argentina,100002401751815,"Yasu Higa",,1
Antonella,Biafore,antonella.biafore@facebook.com,"07 de Agosto",https://www.facebook.com/antonella.biafore,24,,"Ciudad Autónoma de Buenos Aires","Buenos Aires",Argentina,529925431,"Mili Mauro",https://www.facebook.com/milimauro,1
Iara,Troglio,iara.troglio@facebook.com,"07 de Agosto",https://www.facebook.com/iara.troglio,23,,"Ciudad Autónoma de Buenos Aires","Buenos Aires",Argentina,1325992975,"Victor Bernay",https://www.facebook.com/victor.bernay,1
Ezequiel,Ritmo,tannomontana@facebook.com,"07 de Agosto",https://www.facebook.com/TannoMontana,28,,"Ciudad Autónoma de Buenos Aires","Buenos Aires",Argentina,1319067585,"Ale Arias Mandarine Park",,1
Lucia,Domek,lucia.domek@facebook.com,"07 de Agosto",https://www.facebook.com/lucia.domek,30,,"Ciudad Autónoma de Buenos Aires","Buenos Aires",Argentina,100003972124337,"Esteban Sanchez",,1
Paula,Krizanovic,paula.krizanovic@facebook.com,"07 de Agosto",https://www.facebook.com/paula.krizanovic,31,,"Ciudad Autónoma de Buenos Aires","Buenos Aires",Argentina,736498086,"AnGie Bensignor",https://www.facebook.com/AnGieBensignor,1
Agus,Fernandez,agus.f.fernandez@facebook.com,"07 de Agosto",https://www.facebook.com/agus.f.fernandez,,,"Ciudad Autónoma de Buenos Aires","Buenos Aires",Argentina,100000327932745,"Alan Volper",https://www.facebook.com/alan.volper,1
Minuto,Siete,minuto.siete@facebook.com,"07 de Agosto",https://www.facebook.com/minuto.siete,,,"Ciudad Autónoma de Buenos Aires","Buenos Aires",Argentina,1328622546,"Daniel Arbol",https://www.facebook.com/darbol1,1
Gonzalo,Minieri,gonzaminieri@facebook.com,"07 de Agosto",https://www.facebook.com/gonzaminieri,,,"Ciudad Autónoma de Buenos Aires","Buenos Aires",Argentina,628524937,"Helena Robledo",,1
Sabrina,Street,sabrinaniro@facebook.com,"07 de Agosto",https://www.facebook.com/sabrinaniro,29,,"Ciudad Autónoma de Buenos Aires","Buenos Aires",Argentina,843127248,"Nicolás Andrés Hiernard",https://www.facebook.com/nicolas.hiernard,1
"Natalia Daniela",Juarez,nataliadaniela.juarez@facebook.com,"07 de Agosto",https://www.facebook.com/nataliadaniela.juarez,29,,"Ciudad Autónoma de Buenos Aires","Buenos Aires",Argentina,1573955267,"Irma Mercedes Palma",,1
Ricardo,Aualli,ricardo.aualli@facebook.com,"07 de Agosto",https://www.facebook.com/ricardo.aualli,31,,"Ciudad Autónoma de Buenos Aires","Buenos Aires",Argentina,1003401413,"Cynthia Tatiana Martinez Neves",https://www.facebook.com/cynthiatatiana.martinezne,1
Juan,Canton,juanchocanton@facebook.com,"07 de Agosto",https://www.facebook.com/juanchocanton,,"Buenos Aires","Buenos Aires","Buenos Aires",Argentina,1487881221,"Martu Lehmann",0,1
Villasoles,"Instituto Superior",villasoles@facebook.com,"07 de Agosto",https://www.facebook.com/villasoles,27,,"Ciudad Autónoma de Buenos Aires","Buenos Aires",Argentina,1318192089,"July Jaluff",https://www.facebook.com/july.jaluff,1
Nora,Petralli,npetralli@facebook.com,"07 de Agosto",https://www.facebook.com/npetralli,,,"Ciudad Autónoma de Buenos Aires","Buenos Aires",Argentina,688441451,"Lupe Etchart",https://www.facebook.com/lupe.etchart,1
Belu,Arrieta,belu.arrieta.3@facebook.com,"07 de Agosto",https://www.facebook.com/belu.arrieta.3,,,"Ciudad Autónoma de Buenos Aires","Buenos Aires",Argentina,100003268729201,"Agustina Pelle Müller",,1
Dinastia,Hipica,dinastia.hipica@facebook.com,"07 de Agosto",https://www.facebook.com/dinastia.hipica,,,"Ciudad Autónoma de Buenos Aires","Buenos Aires",Argentina,100000873738687,"Marcela Hinckelmann",https://www.facebook.com/marcela.hinckelmann,1
J.r.,Love,jorgelina.romero.9026@facebook.com,"07 de Agosto",https://www.facebook.com/jorgelina.romero.9026,,"Villa Ortúzar","Ciudad Autónoma de Buenos Aires","Buenos Aires",Argentina,100006384434494,"Monica Trigila",https://www.facebook.com/monica.trigila,1
José,Cristiano,jose.cristiano.129@facebook.com,"07 de Agosto",https://www.facebook.com/jose.cristiano.129,28,,"Ciudad Autónoma de Buenos Aires","Buenos Aires",Argentina,1487118515,"Ignacio Lines Ceruti",https://www.facebook.com/ignacio.lines,1
Armin,Bar,arminpub@facebook.com,"07 de Agosto",https://www.facebook.com/arminpub,,,"Ciudad Autónoma de Buenos Aires","Buenos Aires",Argentina,100000258638018,"Tatiana Petroccelli",https://www.facebook.com/tanshanita,1
Cbgb,"Baires Biss",cbgb.bairesbiss@facebook.com,"07 de Agosto",https://www.facebook.com/cbgb.bairesbiss,24,,"Ciudad Autónoma de Buenos Aires","Buenos Aires",Argentina,100000657425010,"La Rockeria",https://www.facebook.com/oveja1,1
Mauro,Nogueira,cabjnogueira@facebook.com,"07 de Agosto",https://www.facebook.com/CabjNogueira,,,"Ciudad Autónoma de Buenos Aires","Buenos Aires",Argentina,100001091532382,"Juanma Ramirez",,1
Javier,Coto,javierperezcoto@facebook.com,"07 de Agosto",https://www.facebook.com/javierperezcoto,32,,"Ciudad Autónoma de Buenos Aires","Buenos Aires",Argentina,1064169262,"Charly de la Iglesia",,1
Vanessa,Garcia,vanessa.a.garcia@facebook.com,"07 de Agosto",https://www.facebook.com/vanessa.a.garcia,,,"Ciudad Autónoma de Buenos Aires","Buenos Aires",Argentina,510699601,"Manu Monge",,1
Julieta,"Vera Silvestri",julieta.verasilvestri@facebook.com,"07 de Agosto",https://www.facebook.com/julieta.verasilvestri,27,,"Ciudad Autónoma de Buenos Aires","Buenos Aires",Argentina,555799728,"Anita Ghersinich",https://www.facebook.com/anita.ghersinich,1
Agustin,"Rodriguez H",agustin.rodriguezh.7@facebook.com,"07 de Agosto",https://www.facebook.com/agustin.rodriguezh.7,32,,"Ciudad Autónoma de Buenos Aires","Buenos Aires",Argentina,1684523289,"Santi Osterc",https://www.facebook.com/santiosterc,1
Leandro,Marianito,leandromarianito.carmona@facebook.com,"07 de Agosto",https://www.facebook.com/leandromarianito.carmona,,,"Ciudad Autónoma de Buenos Aires","Buenos Aires",Argentina,100004732116888,"Fabio Ezequiel Farruggio",https://www.facebook.com/ffachurro,1
Ayuda,Mascoteras,ayuda.mascoteras@facebook.com,"07 de Agosto",https://www.facebook.com/ayuda.mascoteras,27,,"Ciudad Autónoma de Buenos Aires","Buenos Aires",Argentina,100002320296040,"Mery Noel Vidal ?ï?",,1
Joyas,Alvi,joyas.alvi@facebook.com,"07 de Agosto",https://www.facebook.com/joyas.alvi,25,,"Ciudad Autónoma de Buenos Aires","Buenos Aires",Argentina,100002554427646,"Artur Margaryan",,1
Maria,Alfonsina,alfonsina91@facebook.com,"07 de Agosto",https://www.facebook.com/Alfonsina91,,,"Ciudad Autónoma de Buenos Aires","Buenos Aires",Argentina,100005941412926,"Natalia Magariello",https://www.facebook.com/natalia.magariello,1
Macarena,Magalí,macarenabarletaa@facebook.com,"07 de Agosto",https://www.facebook.com/MacarenaBarletaa,,,"Ciudad Autónoma de Buenos Aires","Buenos Aires",Argentina,1281215302,"Gabi López",,1
Mal,Parida,indumentariamalparida@facebook.com,"07 de Agosto",https://www.facebook.com/indumentariamalparida,26,"Villa Luro","Ciudad Autónoma de Buenos Aires","Buenos Aires",Argentina,100004469374602,"Gisele Galia",https://www.facebook.com/gisele.galia,1
Nahuel,Galeano,nahuel.galeano2@facebook.com,"07 de Agosto",https://www.facebook.com/nahuel.galeano2,26,"Parque Chacabuco","Ciudad Autónoma de Buenos Aires","Buenos Aires",Argentina,1349897951,"Nataly Cuerva",https://www.facebook.com/nataliagtrujillo,1
Visioner,Live,visioner.live@facebook.com,"07 de Agosto",https://www.facebook.com/visioner.live,28,,"Ciudad Autónoma de Buenos Aires","Buenos Aires",Argentina,1548901166,"Ro Cardoso",,1
Gjira,Fiesta,gjira.fiesta.9@facebook.com,"07 de Agosto",https://www.facebook.com/gjira.fiesta.9,27,,"Ciudad Autónoma de Buenos Aires","Buenos Aires",Argentina,100001164489449,"Evelina Ferreira",,1
Sergio,"Adrian Nrg",trainer.sernrg@facebook.com,"07 de Agosto",https://www.facebook.com/trainer.sernrg,,Liniers,"Ciudad Autónoma de Buenos Aires","Buenos Aires",Argentina,100002439658987,"Nataly Cuerva",https://www.facebook.com/nataliagtrujillo,1
José,Fiorito,josefiorito@facebook.com,"07 de Agosto",https://www.facebook.com/josefiorito,,,"Ciudad Autónoma de Buenos Aires","Buenos Aires",Argentina,1528398938,"Melo Dellarole",https://www.facebook.com/melodellarole,1
Franco,Strigaro,strigaro@facebook.com,"07 de Agosto",https://www.facebook.com/strigaro,25,,"Ciudad Autónoma de Buenos Aires","Buenos Aires",Argentina,1008690213,"Mariana Sparks",,1
Alejandro,Bianchi,alejandro.bianchi.77@facebook.com,"07 de Agosto",https://www.facebook.com/alejandro.bianchi.77,,,"Ciudad Autónoma de Buenos Aires","Buenos Aires",Argentina,655624939,"Poh Ly",https://www.facebook.com/pohoreyco,1
Las,Tas,laschuri@facebook.com,"07 de Agosto",https://www.facebook.com/LasChuri,26,,"Ciudad Autónoma de Buenos Aires","Buenos Aires",Argentina,100002308426733,"Chechu Acea",,1
Diego,Peluca,juana.villarreal.3386@facebook.com,"07 de Agosto",https://www.facebook.com/juana.villarreal.3386,31,,"Ciudad Autónoma de Buenos Aires","Buenos Aires",Argentina,100005435644164,"Jonathan Julian",,1
Teo,Coquet,teo.coquet@facebook.com,"07 de Agosto",https://www.facebook.com/teo.coquet,24,,"Ciudad Autónoma de Buenos Aires","Buenos Aires",Argentina,100001390745737,"Manu Dadaglio",,1
Cbgb,Baires,cbgb.baires@facebook.com,"07 de Agosto",https://www.facebook.com/cbgb.baires,,,"Ciudad Autónoma de Buenos Aires","Buenos Aires",Argentina,100000227380213,"Daiana Soledad Pintos",https://www.facebook.com/Sheena.is,1
Flor,Francesca,flor.francesca@facebook.com,"07 de Agosto",https://www.facebook.com/flor.francesca,,"Buenos Aires","Buenos Aires","Buenos Aires",Argentina,1121243380,"Patrick Fernando Kushner L",0,1
Antonella,"Quinteros Scerra",quinterosscerra@facebook.com,"07 de Agosto",https://www.facebook.com/quinterosscerra,28,,"Ciudad Autónoma de Buenos Aires","Buenos Aires",Argentina,1317734226,"Miqui Berriòs",https://www.facebook.com/miqui.berrios,1
Grupo,Patio,grupo.patio@facebook.com,"07 de Agosto",https://www.facebook.com/grupo.patio,,,"Ciudad Autónoma de Buenos Aires","Buenos Aires",Argentina,100002168733476,"Silvia Grun",,1
Leila,Cohen,leila.cohen.509@facebook.com,"07 de Agosto",https://www.facebook.com/leila.cohen.509,26,,"Ciudad Autónoma de Buenos Aires","Buenos Aires",Argentina,100006281169138,"Melanie Azar",,1
Nicolás,Alonso,bassbassdrum@facebook.com,"07 de Agosto",https://www.facebook.com/bassbassdrum,26,,"Ciudad Autónoma de Buenos Aires","Buenos Aires",Argentina,571104191,"Camila Gonzalez C",https://www.facebook.com/letmerocknrollyou,1
"Bajo Siete",Llaves,bajo7llaves@facebook.com,"07 de Agosto",https://www.facebook.com/bajo7llaves,26,,"Ciudad Autónoma de Buenos Aires","Buenos Aires",Argentina,100003116979694,"Maria Pia Perez Brea",,1
Brunella,Rottelli,brunella.rottelli@facebook.com,"07 de Agosto",https://www.facebook.com/brunella.rottelli,29,"San Telmo","Ciudad Autónoma de Buenos Aires","Buenos Aires",Argentina,100001428046333,"Jose Guevara",https://www.facebook.com/JoeGuevara81,1
Consultora,Stg,consultora.stg@facebook.com,"07 de Agosto",https://www.facebook.com/consultora.stg,,,"Ciudad Autónoma de Buenos Aires","Buenos Aires",Argentina,100000976373207,"Felicitas Ghigliotti",https://www.facebook.com/felicitas.ghigliotti,1
Mercedes,Gambini,mercedes.gambini@facebook.com,"07 de Agosto",https://www.facebook.com/mercedes.gambini,24,"Buenos Aires","Buenos Aires","Buenos Aires",Argentina,100002356087902,"Alan Yun",0,1
Marìa,Malvareszk,malavareszk@facebook.com,"07 de Agosto",https://www.facebook.com/malavareszk,,,"Ciudad Autónoma de Buenos Aires","Buenos Aires",Argentina,1232134958,"Miqui Berriòs",https://www.facebook.com/miqui.berrios,1
Cande,Kalhawy,cande.kalhawy@facebook.com,"07 de Agosto",https://www.facebook.com/cande.kalhawy,,,"Ciudad Autónoma de Buenos Aires","Buenos Aires",Argentina,1288187975,"Ailin Majeras",https://www.facebook.com/ailin.majeras,1
Autocine,"Rock Pop",theautocinesound@facebook.com,"07 de Agosto",https://www.facebook.com/theautocinesound,25,,"Ciudad Autónoma de Buenos Aires","Buenos Aires",Argentina,100002222011109,"Juani Koch",https://www.facebook.com/juani.koch,1
Francisco,Importador,absorbemipotencia@facebook.com,"07 de Agosto",https://www.facebook.com/absorbemipotencia,,,"Ciudad Autónoma de Buenos Aires","Buenos Aires",Argentina,1042798312,"Eve Schiera",,1
Francisco,"Fernández del Casal",nanodelcasal@facebook.com,"07 de Agosto",https://www.facebook.com/nanodelcasal,,,"Ciudad Autónoma de Buenos Aires","Buenos Aires",Argentina,769754181,"Catalina Plá Señorans",https://www.facebook.com/catalina.pla,1
Camila,Camilloni,camicamilloni@facebook.com,"08 de Agosto",https://www.facebook.com/camicamilloni,24,,"Ciudad Autónoma de Buenos Aires","Buenos Aires",Argentina,100000842679336,"Mar Marignac",https://www.facebook.com/marina.marignac,1
Manuel,Cover,evelyne.cover@facebook.com,"08 de Agosto",https://www.facebook.com/evelyne.cover,27,,"Ciudad Autónoma de Buenos Aires","Buenos Aires",Argentina,100001943569386,"La Rockeria",https://www.facebook.com/oveja1,1
Agus,Katena,agus.katena@facebook.com,"08 de Agosto",https://www.facebook.com/agus.katena,,,"Ciudad Autónoma de Buenos Aires","Buenos Aires",Argentina,100002670859353,"Yasu Higa",,1
Oria,Ferretti,oria.ornella@facebook.com,"08 de Agosto",https://www.facebook.com/oria.ornella,,,"Ciudad Autónoma de Buenos Aires","Buenos Aires",Argentina,1634877467,"Marti Nevares",https://www.facebook.com/martii.nevares,1
Nicole,Cagy,nicole.cagy.1@facebook.com,"08 de Agosto",https://www.facebook.com/nicole.cagy.1,,,"Ciudad Autónoma de Buenos Aires","Buenos Aires",Argentina,100001608728083,"Cesar Berdullas",https://www.facebook.com/cesar.berdullas,1
Kate,Polak,kate.polak.71@facebook.com,"08 de Agosto",https://www.facebook.com/kate.polak.71,,,"Ciudad Autónoma de Buenos Aires","Buenos Aires",Argentina,685424404,"Antoine Cornudet",,1
Maxi,Marandino,maxihardcore@facebook.com,"08 de Agosto",https://www.facebook.com/MaxiHardCore,24,Recoleta,"Ciudad Autónoma de Buenos Aires","Buenos Aires",Argentina,1451343919,"Silvia Mesa Fernandez",https://www.facebook.com/silvia.mesafernandez,1
Tour,Greengoal,greengoal@facebook.com,"08 de Agosto",https://www.facebook.com/Greengoal,24,,"Ciudad Autónoma de Buenos Aires","Buenos Aires",Argentina,1456748457,"Silvia Mesa Fernandez",https://www.facebook.com/silvia.mesafernandez,1
"Fernando Gaston",Bergantiños,fernandogasber@facebook.com,"08 de Agosto",https://www.facebook.com/fernandogasber,,,"Ciudad Autónoma de Buenos Aires","Buenos Aires",Argentina,1519597966,"Celeste Cabral",,1
Temporarios,Ymas,temporariosymas@facebook.com,"08 de Agosto",https://www.facebook.com/temporariosymas,,,"Ciudad Autónoma de Buenos Aires","Buenos Aires",Argentina,100000231244736,"Riberas Del Parana",https://www.facebook.com/riberas.delparana,1
Leila,"de Melo",leila.n.demelo@facebook.com,"08 de Agosto",https://www.facebook.com/leila.n.demelo,,,"Ciudad Autónoma de Buenos Aires","Buenos Aires",Argentina,1084867315,"Poh Ly",https://www.facebook.com/pohoreyco,1
Magdalena,Cash,magdalena.cash@facebook.com,"08 de Agosto",https://www.facebook.com/magdalena.cash,,,"Ciudad Autónoma de Buenos Aires","Buenos Aires",Argentina,664455119,"Aldana Queirolo",https://www.facebook.com/aldana.queirolo,1
Emmanuel,Monaco,toqqadeeaca@facebook.com,"08 de Agosto",https://www.facebook.com/ToqqaDeeAca,,,"Ciudad Autónoma de Buenos Aires","Buenos Aires",Argentina,1410241681,"Anna Laura",https://www.facebook.com/Anna.Laucha,1
Lula,Rocknigth,lula.rocknigth.5@facebook.com,"08 de Agosto",https://www.facebook.com/lula.rocknigth.5,24,,"Ciudad Autónoma de Buenos Aires","Buenos Aires",Argentina,100004214227855,"Joaquin Barraco",https://www.facebook.com/chino.barraco,1
Melisa,Lovera,melissa.lovera83@facebook.com,"08 de Agosto",https://www.facebook.com/melissa.lovera83,,,"Ciudad Autónoma de Buenos Aires","Buenos Aires",Argentina,1089181323,"Sumatra Shows",https://www.facebook.com/sumatrashows,1
Lucas,Barreto,lucas.floresbarreto@facebook.com,"08 de Agosto",https://www.facebook.com/lucas.floresbarreto,25,Núñez,"Ciudad Autónoma de Buenos Aires","Distrito Federal",Argentina,1590445674,"Ezequiel Perez",,1
Mosquito,Bf,luciano.nievas.5@facebook.com,"08 de Agosto",https://www.facebook.com/luciano.nievas.5,24,,"Ciudad Autónoma de Buenos Aires","Buenos Aires",Argentina,1135746172,"Fabio Ezequiel Farruggio",https://www.facebook.com/ffachurro,1
Flor,Mulhall,flor.mulhall@facebook.com,"08 de Agosto",https://www.facebook.com/flor.mulhall,25,,"Ciudad Autónoma de Buenos Aires","Buenos Aires",Argentina,1269368892,"Anto D'Amato",https://www.facebook.com/anto.dama,1
Martín,Castrillón,martin.castrillon.3@facebook.com,"08 de Agosto",https://www.facebook.com/martin.castrillon.3,26,"Villa Luro","Ciudad Autónoma de Buenos Aires","Buenos Aires",Argentina,100001609538399,"Belen Loccisano",https://www.facebook.com/belen.loccisano,1
Germán,Leo,gpdileo@facebook.com,"08 de Agosto",https://www.facebook.com/gpdileo,24,,"Ciudad Autónoma de Buenos Aires","Buenos Aires",Argentina,678689463,"Bian Tedesco",https://www.facebook.com/biaantedesco,1
Elias,Duarte,elias.aguanteriver@facebook.com,"08 de Agosto",https://www.facebook.com/elias.aguanteriver,26,,"Ciudad Autónoma de Buenos Aires","Buenos Aires",Argentina,100000219902679,"Nadia Vannessa",https://www.facebook.com/nadiavannessa18,1
Florencia,Oviedo,florencia.oviedo.39@facebook.com,"08 de Agosto",https://www.facebook.com/florencia.oviedo.39,27,,"Ciudad Autónoma de Buenos Aires","Buenos Aires",Argentina,642054637,"Guido De Marco",,1
Nach,Haberkorn,nacho.bongiovi@facebook.com,"08 de Agosto",https://www.facebook.com/nacho.bongiovi,24,,"Ciudad Autónoma de Buenos Aires","Buenos Aires",Argentina,1125236075,"Julieta Belen",,1
Leonarda,Aquino,leonarda.aquino.5@facebook.com,"08 de Agosto",https://www.facebook.com/leonarda.aquino.5,,,"Ciudad Autónoma de Buenos Aires","Buenos Aires",Argentina,100003243049684,"Lo Lola",,1
Loli,Voget,lolivoget@facebook.com,"08 de Agosto",https://www.facebook.com/LoliVoget,25,,"Ciudad Autónoma de Buenos Aires","Buenos Aires",Argentina,100003562495218,"Agustin Sujo",https://www.facebook.com/agustin.sujook,1
Lautaro,Santilli,lautarosantill@facebook.com,"08 de Agosto",https://www.facebook.com/lautarosantill,,,"Ciudad Autónoma de Buenos Aires","Buenos Aires",Argentina,1579748248,"Ricardo Caballero Mieres",https://www.facebook.com/Ricky.CM77,1
Fiesta,Mstrpln,fiestamstrpln@facebook.com,"08 de Agosto",https://www.facebook.com/FiestaMSTRPLN,31,,"Ciudad Autónoma de Buenos Aires","Buenos Aires",Argentina,100002978763233,"Daniel Arbol",https://www.facebook.com/darbol1,1
Victor,"Tu Angel",victor.tuangel.1@facebook.com,"08 de Agosto",https://www.facebook.com/victor.tuangel.1,,,"Ciudad Autónoma de Buenos Aires","Buenos Aires",Argentina,100000351454369,"Franco Marcoccia",https://www.facebook.com/franco.marcoccia,1
Juampi,Parè,juampi.pare.9@facebook.com,"08 de Agosto",https://www.facebook.com/juampi.pare.9,23,,"Ciudad Autónoma de Buenos Aires","Buenos Aires",Argentina,100000500059257,"Ariel Rivera",,1
Agustina,Brischetto,agustina.brischetto@facebook.com,"08 de Agosto",https://www.facebook.com/agustina.brischetto,26,,"Ciudad Autónoma de Buenos Aires","Buenos Aires",Argentina,594538702,"Aldana Queirolo",https://www.facebook.com/aldana.queirolo,1
Anabella,Agostina,vintage08@facebook.com,"08 de Agosto",https://www.facebook.com/vintage08,,,"Ciudad Autónoma de Buenos Aires","Buenos Aires",Argentina,1042347484,"Natalia Tarelli",,1
Rocio,Milanesio,la.roro2@facebook.com,"08 de Agosto",https://www.facebook.com/la.roro2,,,"Ciudad Autónoma de Buenos Aires","Buenos Aires",Argentina,100001702360298,"Anna Laura",https://www.facebook.com/Anna.Laucha,1
Ceras,Reiki,ceras.reiki@facebook.com,"08 de Agosto",https://www.facebook.com/ceras.reiki,,"Villa Del Parque","Ciudad Autónoma de Buenos Aires","Buenos Aires",Argentina,100001375171152,"Marcelo Gustavo Salerno",https://www.facebook.com/marcelogustavo.salerno,1
Diego,Kesler,diego.kesler@facebook.com,"08 de Agosto",https://www.facebook.com/diego.kesler,,,"Ciudad Autónoma de Buenos Aires","Buenos Aires",Argentina,1148319195,"Tamara Arias",,1
Bbtk,Artesanal,bbtk.artesanal@facebook.com,"08 de Agosto",https://www.facebook.com/bbtk.artesanal,24,,"Ciudad Autónoma de Buenos Aires","Buenos Aires",Argentina,100001997820979,"Maria Pia Perez Brea",,1
Yanet,Pais,yanet.pais@facebook.com,"08 de Agosto",https://www.facebook.com/yanet.pais,24,,"Ciudad Autónoma de Buenos Aires","Buenos Aires",Argentina,100002863286174,"Nataly Cuerva",https://www.facebook.com/nataliagtrujillo,1
Martin,Beccaria,mbeccaria2@facebook.com,"08 de Agosto",https://www.facebook.com/mbeccaria2,,,"Ciudad Autónoma de Buenos Aires","Buenos Aires",Argentina,1167607524,"Maria Belén",,1
Victor,Chang,veek.ch@facebook.com,"08 de Agosto",https://www.facebook.com/veek.ch,,,"Ciudad Autónoma de Buenos Aires","Buenos Aires",Argentina,1184089592,"Carlina Piedra",https://www.facebook.com/carlina.piedra,1
Lucca,Alvarez,lucca.alvarez.3@facebook.com,"08 de Agosto",https://www.facebook.com/lucca.alvarez.3,28,,"Ciudad Autónoma de Buenos Aires","Buenos Aires",Argentina,100002468054659,"Tatiana Petroccelli",https://www.facebook.com/tanshanita,1
Tamara,Cuellar,tami.cuellar.yf@facebook.com,"08 de Agosto",https://www.facebook.com/Tami.Cuellar.YF,,,"Ciudad Autónoma de Buenos Aires","Buenos Aires",Argentina,1418044492,"Agustina Del Rosario Anzisi",https://www.facebook.com/AgustinadelRosario,1
Cynthia,Paladino,cyn.paladino@facebook.com,"08 de Agosto",https://www.facebook.com/Cyn.Paladino,,"Buenos Aires","Buenos Aires","Buenos Aires",Argentina,1005491463,"Patrick Fernando Kushner L",0,1
Fede,Cataldi,fede.cataldi.9@facebook.com,"08 de Agosto",https://www.facebook.com/fede.cataldi.9,,,"Ciudad Autónoma de Buenos Aires","Buenos Aires",Argentina,100001222470674,"Jero Salsamendi",https://www.facebook.com/jero.salsamendi,1
Anahi,Fons,anahiracing@facebook.com,"08 de Agosto",https://www.facebook.com/AnahiRACING,26,"La Paternal","Ciudad Autónoma de Buenos Aires","Buenos Aires",Argentina,1312043368,"Gisele Fratini",https://www.facebook.com/giakdmik,1
"Solo Para",Entendidos,solopara.entendidos.37@facebook.com,"08 de Agosto",https://www.facebook.com/solopara.entendidos.37,,,"Ciudad Autónoma de Buenos Aires","Buenos Aires",Argentina,100001237303104,"Jero Salsamendi",https://www.facebook.com/jero.salsamendi,1
Amarga,Libertad,amarga.libertad@facebook.com,"08 de Agosto",https://www.facebook.com/amarga.libertad,24,,"Ciudad Autónoma de Buenos Aires","Buenos Aires",Argentina,100001351590178,"Mili Mauro",https://www.facebook.com/milimauro,1
Gustavo,Cdm,gustavogabriel.ledesma.9@facebook.com,"08 de Agosto",https://www.facebook.com/gustavogabriel.ledesma.9,28,,"Ciudad Autónoma de Buenos Aires","Buenos Aires",Argentina,100003281777547,"Estefania Rodriguez",,1
Perla,"Méndez Capriles",perla.capriles@facebook.com,"08 de Agosto",https://www.facebook.com/perla.capriles,,,"Ciudad Autónoma de Buenos Aires","Buenos Aires",Argentina,516340792,"Emanuel Gaston Perdigues",https://www.facebook.com/emaxpx,1
Joakin,Lopez,joakin.lopez.146069@facebook.com,"08 de Agosto",https://www.facebook.com/joakin.lopez.146069,28,,"Ciudad Autónoma de Buenos Aires","Buenos Aires",Argentina,100005817102277,"Ale Arias Mandarine Park",,1
Abelito,Casquete,abelito.casquete@facebook.com,"08 de Agosto",https://www.facebook.com/abelito.casquete,,,"Ciudad Autónoma de Buenos Aires","Buenos Aires",Argentina,100001728900263,"Facu Denegri",,1
Santatienda,Diseño,santatiendadiseio@facebook.com,"08 de Agosto",https://www.facebook.com/santatiendaDiseio,,,"Ciudad Autónoma de Buenos Aires","Buenos Aires",Argentina,1513454360,"Laly Sereda",https://www.facebook.com/lalisereda,1
Chelo,Sanchez,chelo.privilege@facebook.com,"08 de Agosto",https://www.facebook.com/chelo.privilege,,,"Ciudad Autónoma de Buenos Aires","Buenos Aires",Argentina,1178829891,"David Zalasar",https://www.facebook.com/Davidcocktails,1
Noe,Puig,noelia.puig.35@facebook.com,"08 de Agosto",https://www.facebook.com/noelia.puig.35,,,"Ciudad Autónoma de Buenos Aires","Buenos Aires",Argentina,100007014074547,"Christian Douer Chuky",https://www.facebook.com/christian.chuky,1
Rodo,Castaño,rodo.castano@facebook.com,"09 de Agosto",https://www.facebook.com/rodo.castano,23,,"Ciudad Autónoma de Buenos Aires","Buenos Aires",Argentina,524135296,"Romi Flores",,1
Rodo,Castaño,feriados.cult@facebook.com,"09 de Agosto",https://www.facebook.com/feriados.cult,23,,"Ciudad Autónoma de Buenos Aires","Buenos Aires",Argentina,100002987110535,"Alan Volper",https://www.facebook.com/alan.volper,1
Mona,Aloha,profile.3572@facebook.com,"09 de Agosto",https://www.facebook.com/profile.3572,23,,"Ciudad Autónoma de Buenos Aires","Buenos Aires",Argentina,100006577183239,"Agustin Sujo",https://www.facebook.com/agustin.sujook,1
Noe,Kubik,noe.gotika@facebook.com,"10 de Agosto",https://www.facebook.com/noe.gotika,24,,"Ciudad Autónoma de Buenos Aires","Buenos Aires",Argentina,100001020750038,"Martín Álvarez BA I",https://www.facebook.com/Woody.Blair,1
Prii,"Mas Ruperto",priimasruperto@facebook.com,"10 de Agosto",https://www.facebook.com/priimasruperto,,,"Ciudad Autónoma de Buenos Aires","Buenos Aires",Argentina,100004128219920,"Gabi López",,1
Nicolas,Rodrigo,nicolas.rodrigo.96@facebook.com,"10 de Agosto",https://www.facebook.com/nicolas.rodrigo.96,,,"Ciudad Autónoma de Buenos Aires","Buenos Aires",Argentina,100000185700260,"Alan Volper",https://www.facebook.com/alan.volper,1
Brise,"Peluqueria Alisados Progresivos",brise.alisados@facebook.com,"10 de Agosto",https://www.facebook.com/brise.alisados,,,"Ciudad Autónoma de Buenos Aires","Buenos Aires",Argentina,100002861626198,"Jazmin Jurevich",https://www.facebook.com/Jaz.Jurevich,1
Gustavo,Vitancor,gustavo.vitancor@facebook.com,"10 de Agosto",https://www.facebook.com/gustavo.vitancor,27,"Buenos Aires","Buenos Aires","Buenos Aires",Argentina,100001526202211,"Roberto Hatti",0,1
Facundo,Erbes,facu.disenos@facebook.com,"10 de Agosto",https://www.facebook.com/facu.disenos,,,"Ciudad Autónoma de Buenos Aires","Buenos Aires",Argentina,100001360673938,"Vale Piedra",https://www.facebook.com/Valepiedra,1
Romi,Benitez,romi.benitez.50@facebook.com,"10 de Agosto",https://www.facebook.com/romi.benitez.50,21,"Villa Crespo","Ciudad Autónoma de Buenos Aires","Distrito Federal",Argentina,100000563488524,"Fiestas Baires",,1
Ezequiel,Jaeggli,ezequiel.jaeggli@facebook.com,"10 de Agosto",https://www.facebook.com/ezequiel.jaeggli,,,"Ciudad Autónoma de Buenos Aires","Buenos Aires",Argentina,1590968975,"Natalia Rougier",,1
Leandro,"La Rosa",leandro.river.plate@facebook.com,"10 de Agosto",https://www.facebook.com/Leandro.River.Plate,22,,"Ciudad Autónoma de Buenos Aires","Buenos Aires",Argentina,840029510,"Ale Arias Mandarine Park",,1
Prichii,"Maas Rupertoo",prichii.maasrupertoo@facebook.com,"10 de Agosto",https://www.facebook.com/prichii.maasrupertoo,,,"Ciudad Autónoma de Buenos Aires","Buenos Aires",Argentina,100001051654957,"Gabi López",,1
Mrd,Mrd,mannirod.fotosmrdfotografia@facebook.com,"10 de Agosto",https://www.facebook.com/mannirod.fotosMRDFotografia,,,"Ciudad Autónoma de Buenos Aires","Buenos Aires",Argentina,100000681842213,"Bomba Barassi",https://www.facebook.com/bomba.barassi,1
Samanta,Lwn,samanta.lwn@facebook.com,"10 de Agosto",https://www.facebook.com/samanta.lwn,,,"Ciudad Autónoma de Buenos Aires","Buenos Aires",Argentina,663614897,"Juan Antonio Papagni Meca",https://www.facebook.com/juanantoniopapagnimeca,1
Vier,"Club OK",vier.club.58@facebook.com,"10 de Agosto",https://www.facebook.com/vier.club.58,,,"Ciudad Autónoma de Buenos Aires","Buenos Aires",Argentina,100006339790516,"Giiu Minniti",https://www.facebook.com/giiu.minniti,1
CrossFit,Baku,crossfitbaku@facebook.com,"10 de Agosto",https://www.facebook.com/crossfitbaku,25,,"Ciudad Autónoma de Buenos Aires","Buenos Aires",Argentina,100001903871698,"Tomi Rodriguez",,1
Fran,Bolaño,fbolano1@facebook.com,"10 de Agosto",https://www.facebook.com/fbolano1,23,,"Ciudad Autónoma de Buenos Aires","Buenos Aires",Argentina,1344573799,"Eve Schiera",,1
Nico,Cruces,nico.cru@facebook.com,"10 de Agosto",https://www.facebook.com/nico.cru,,,"Ciudad Autónoma de Buenos Aires","Buenos Aires",Argentina,797252051,"Geru Sznek",https://www.facebook.com/gsznek,1
"Claudia Oyhandy","Alta Costura",claudiaoyhandy.altacostura@facebook.com,"10 de Agosto",https://www.facebook.com/claudiaoyhandy.altacostura,,,"Ciudad Autónoma de Buenos Aires","Buenos Aires",Argentina,100000449078714,"Juan Antonio Papagni Meca",https://www.facebook.com/juanantoniopapagnimeca,1
Tomas,"Alvarez Chaus",tomas.alvarezchaus@facebook.com,"10 de Agosto",https://www.facebook.com/tomas.alvarezchaus,21,,"Ciudad Autónoma de Buenos Aires","Buenos Aires",Argentina,1046742295,"Catalina Plá Señorans",https://www.facebook.com/catalina.pla,1
Fran,Ibarra,fran.ibarra.92@facebook.com,"10 de Agosto",https://www.facebook.com/fran.ibarra.92,21,,"Ciudad Autónoma de Buenos Aires","Buenos Aires",Argentina,1140192056,"Laly Sereda",https://www.facebook.com/lalisereda,1
Het,Leven,lucashetleven@facebook.com,"10 de Agosto",https://www.facebook.com/lucashetleven,27,,"Ciudad Autónoma de Buenos Aires","Buenos Aires",Argentina,100002833640109,"Anna Laura",https://www.facebook.com/Anna.Laucha,1
Nahuel,Ramos,nahuel.ramos.12@facebook.com,"10 de Agosto",https://www.facebook.com/nahuel.ramos.12,26,,"Ciudad Autónoma de Buenos Aires","Buenos Aires",Argentina,100000693376356,"Silvia Fernandez",https://www.facebook.com/silviafernandezchivi,1
Nico,Canali,niicoocanali@facebook.com,"10 de Agosto",https://www.facebook.com/Niicoocanali,21,,"Ciudad Autónoma de Buenos Aires","Buenos Aires",Argentina,100000494925445,"Brian Cano",,1
Luca,"DE Genaro",luca.degenaro.180@facebook.com,"10 de Agosto",https://www.facebook.com/luca.degenaro.180,24,Recoleta,"Ciudad Autónoma de Buenos Aires","Buenos Aires",Argentina,100006324820682,"Vanesa Myrna Ojeda",,1
Waldemar,Primosich,waldemar.primosich@facebook.com,"10 de Agosto",https://www.facebook.com/waldemar.primosich,,,"Ciudad Autónoma de Buenos Aires","Buenos Aires",Argentina,715219419,"Helena Robledo",,1
Clari,Cobo,clarilavallecobo@facebook.com,"10 de Agosto",https://www.facebook.com/clarilavallecobo,,,"Ciudad Autónoma de Buenos Aires","Buenos Aires",Argentina,522636195,"Caro Ros Jones",https://www.facebook.com/carorosjones,1
Sebastian,Bonifacio,sebastian.bonifacio.33@facebook.com,"10 de Agosto",https://www.facebook.com/sebastian.bonifacio.33,25,Núñez,"Ciudad Autónoma de Buenos Aires","Distrito Federal",Argentina,100000437291725,"Ezequiel Perez",,1
Juli,Prado,mjulieta.prado@facebook.com,"10 de Agosto",https://www.facebook.com/mjulieta.prado,27,,"Ciudad Autónoma de Buenos Aires","Buenos Aires",Argentina,1320848814,"Tatiana Petroccelli",https://www.facebook.com/tanshanita,1
Royal,"House Pug",royal.housepug@facebook.com,"10 de Agosto",https://www.facebook.com/royal.housepug,25,,"Ciudad Autónoma de Buenos Aires","Buenos Aires",Argentina,100004953491983,"Natalia Vaccaro",,1
Jimblo,Eventos,jimbloeventos@facebook.com,"10 de Agosto",https://www.facebook.com/jimbloeventos,,,"Ciudad Autónoma de Buenos Aires","Buenos Aires",Argentina,100004976280455,"Sumatra Shows",https://www.facebook.com/sumatrashows,1
Emanuel,Petrini,emanuelpetrini@facebook.com,"10 de Agosto",https://www.facebook.com/emanuelpetrini,,,"Ciudad Autónoma de Buenos Aires","Buenos Aires",Argentina,725564539,"Vanesa Macias",https://www.facebook.com/vanesa.macias1,1
ListasFree,Cenas,palermohood@facebook.com,"10 de Agosto",https://www.facebook.com/palermohood,26,,"Ciudad Autónoma de Buenos Aires","Buenos Aires",Argentina,100001869175488,"Lorenzo Carrere",https://www.facebook.com/lorenzo.carrere,1
Rosebar,Palermo,rosebaroficial@facebook.com,"10 de Agosto",https://www.facebook.com/rosebaroficial,26,,"Ciudad Autónoma de Buenos Aires","Buenos Aires",Argentina,100002114667007,"Lorenzo Carrere",https://www.facebook.com/lorenzo.carrere,1
Cursi,Fotos,cursi.fotos@facebook.com,"10 de Agosto",https://www.facebook.com/cursi.fotos,25,,"Ciudad Autónoma de Buenos Aires","Buenos Aires",Argentina,100003689025175,"Carla Ferro",https://www.facebook.com/carla.ferro,1
Gaston,Duzac,gaston.duzac@facebook.com,"10 de Agosto",https://www.facebook.com/gaston.duzac,,,"Ciudad Autónoma de Buenos Aires","Buenos Aires",Argentina,779119850,"Clara Ryan",https://www.facebook.com/clariryaneventos,1
Fabian,Morris,fabian.morris@facebook.com,"10 de Agosto",https://www.facebook.com/fabian.morris,,,"Ciudad Autónoma de Buenos Aires","Buenos Aires",Argentina,1260058277,"Ezequiel Sebastian Berardi",https://www.facebook.com/EzErAsTa,1
Funnights,Fotos,funnights.fotos@facebook.com,"10 de Agosto",https://www.facebook.com/funnights.fotos,25,,"Ciudad Autónoma de Buenos Aires","Buenos Aires",Argentina,100000642553436,"Emanuel Gaston Perdigues",https://www.facebook.com/emaxpx,1
"Emilio Andrés",Aguirre,emilioandres.aguirre@facebook.com,"10 de Agosto",https://www.facebook.com/emilioandres.aguirre,27,,"Ciudad Autónoma de Buenos Aires","Buenos Aires",Argentina,1598875960,"Federico Tonero",https://www.facebook.com/fedeton,1
Martin,Guerra,martinmartinmartin1987774444@facebook.com,"10 de Agosto",https://www.facebook.com/martinmartinmartin1987774444,,,"Ciudad Autónoma de Buenos Aires","Buenos Aires",Argentina,100004586430553,"Mar Marignac",https://www.facebook.com/marina.marignac,1
Gonz,Gomez,gonzalo.gomez.167@facebook.com,"10 de Agosto",https://www.facebook.com/gonzalo.gomez.167,,"Buenos Aires","Buenos Aires","Buenos Aires",Argentina,651427904,"Gabriella Rouiller",0,1
Floggers,Glam,floggers.regresan@facebook.com,"10 de Agosto",https://www.facebook.com/floggers.regresan,22,,"Ciudad Autónoma de Buenos Aires","Buenos Aires",Argentina,100003083454564,"Pedro Lopezyfernandez",https://www.facebook.com/pedronahuel,1
BienmeVisto,Indumentaria,bienmevisto.indumentaria@facebook.com,"10 de Agosto",https://www.facebook.com/bienmevisto.indumentaria,,,"Ciudad Autónoma de Buenos Aires","Buenos Aires",Argentina,1824200668,"Denise Gisele",https://www.facebook.com/denise.gisele,1
Alto,Grito,alto.grito@facebook.com,"10 de Agosto",https://www.facebook.com/alto.grito,,,"Ciudad Autónoma de Buenos Aires","Buenos Aires",Argentina,100002153253772,"Alan Volper",https://www.facebook.com/alan.volper,1
Roobi,Marinas,robi.marinas@facebook.com,"10 de Agosto",https://www.facebook.com/robi.marinas,,,"Ciudad Autónoma de Buenos Aires","Buenos Aires",Argentina,100001661371391,"Carolina Damiano",https://www.facebook.com/carolina.damiano,1
Gimenita,Paz,gimenita.paz@facebook.com,"10 de Agosto",https://www.facebook.com/gimenita.paz,25,,"Ciudad Autónoma de Buenos Aires","Buenos Aires",Argentina,100000149256971,"Bë Döbiencita",https://www.facebook.com/be.dobiencita,1
Natasha,Fernández,natasha.fernandez.35513@facebook.com,"10 de Agosto",https://www.facebook.com/natasha.fernandez.35513,,,"Ciudad Autónoma de Buenos Aires","Buenos Aires",Argentina,100003790698577,"Ignacio Lines Ceruti",https://www.facebook.com/ignacio.lines,1
Vale,Pieri,vale.pieri.102@facebook.com,"10 de Agosto",https://www.facebook.com/vale.pieri.102,,,"Ciudad Autónoma de Buenos Aires","Buenos Aires",Argentina,100000891058407,"Pablo Dandrea",https://www.facebook.com/pablo.dandrea,1
Alvarito,Builss,alvabuils@facebook.com,"10 de Agosto",https://www.facebook.com/alvabuils,,,"Ciudad Autónoma de Buenos Aires","Buenos Aires",Argentina,100002228354177,"Emiliano Pirolo",https://www.facebook.com/emi.pirolo,1
Mariana,Schreiner,mariana.schreiner.3@facebook.com,"10 de Agosto",https://www.facebook.com/mariana.schreiner.3,,,"Ciudad Autónoma de Buenos Aires","Buenos Aires",Argentina,100000518918434,"Jessica Bellomo",https://www.facebook.com/JessBellomo,1
Sool,Kelofer,sool.bieber.7@facebook.com,"10 de Agosto",https://www.facebook.com/sool.bieber.7,22,"San Telmo","Ciudad Autónoma de Buenos Aires","Buenos Aires",Argentina,100000974186246,"Jessica Bellomo",https://www.facebook.com/JessBellomo,1
Agencia,"Paredes Montes",agencia.paredesmontes@facebook.com,"10 de Agosto",https://www.facebook.com/agencia.paredesmontes,,,"Ciudad Autónoma de Buenos Aires","Buenos Aires",Argentina,100000703980374,"Maria Belén",,1
Jesica,Bortoli,jesica.bortoli@facebook.com,"10 de Agosto",https://www.facebook.com/jesica.bortoli,27,"Villa Devoto","Ciudad Autónoma de Buenos Aires","Buenos Aires",Argentina,664770581,"Matias Daniel Pascual",,1
Juanita,Reina,juanita.reina.75@facebook.com,"10 de Agosto",https://www.facebook.com/juanita.reina.75,25,,"Ciudad Autónoma de Buenos Aires","Buenos Aires",Argentina,100002912084164,"Candelaria Sires Barrantes",,1
Franco,Araujo,franco.araujo.75@facebook.com,"11 de Agosto",https://www.facebook.com/franco.araujo.75,,,"Ciudad Autónoma de Buenos Aires","Buenos Aires",Argentina,100002920216990,"Flor Vischi Cortés",https://www.facebook.com/flor.vischi,1
Eduin,Jurado,eduinciitoh.corazon@facebook.com,"11 de Agosto",https://www.facebook.com/eduinciitoh.corazon,,,"Ciudad Autónoma de Buenos Aires","Buenos Aires",Argentina,100004030213557,"Atilio Fernandez",,1
Facu,Oviedo,facu.oviedo.750@facebook.com,"11 de Agosto",https://www.facebook.com/facu.oviedo.750,,"Villa Del Parque","Ciudad Autónoma de Buenos Aires","Buenos Aires",Argentina,1331807748,"Gimena Yamila Yerden Giaquinto",https://www.facebook.com/Gimetrance,1
Nicolas,Sequeira,nicolas.sequeira.96@facebook.com,"11 de Agosto",https://www.facebook.com/nicolas.sequeira.96,,,"Ciudad Autónoma de Buenos Aires","Buenos Aires",Argentina,100000546005420,"Vanesa Macias",https://www.facebook.com/vanesa.macias1,1
Fede,Bruland,fede.bruland@facebook.com,"11 de Agosto",https://www.facebook.com/fede.bruland,,,"Ciudad Autónoma de Buenos Aires","Buenos Aires",Argentina,543722591,"Vanesa Macias",https://www.facebook.com/vanesa.macias1,1
Federico,Badaracco,federico.badaracco@facebook.com,"11 de Agosto",https://www.facebook.com/federico.badaracco,,,"Ciudad Autónoma de Buenos Aires","Buenos Aires",Argentina,1659507358,"Juan Antonio Papagni Meca",https://www.facebook.com/juanantoniopapagnimeca,1
Santiago,Alvarez,santiago.alvarez.921677@facebook.com,"11 de Agosto",https://www.facebook.com/santiago.alvarez.921677,23,,"Ciudad Autónoma de Buenos Aires","Buenos Aires",Argentina,100002182820437,"Agustina Pelle Müller",,1
Nahuel,Valeriano,nahuel.valeriano.5@facebook.com,"11 de Agosto",https://www.facebook.com/nahuel.valeriano.5,,,"Ciudad Autónoma de Buenos Aires","Buenos Aires",Argentina,100004827631927,"Franco Palermo",,1
Dani,Tenga,dani.reggae.50@facebook.com,"11 de Agosto",https://www.facebook.com/dani.reggae.50,,,"Ciudad Autónoma de Buenos Aires","Buenos Aires",Argentina,100001567159435,"Vale Piedra",https://www.facebook.com/Valepiedra,1
Agustín,Ibarra,agustin.ibarra.940@facebook.com,"11 de Agosto",https://www.facebook.com/agustin.ibarra.940,21,,"Ciudad Autónoma de Buenos Aires","Buenos Aires",Argentina,1429152597,"Mili Mauro",https://www.facebook.com/milimauro,1
Flor,Bianchi,fflor.bianchi@facebook.com,"11 de Agosto",https://www.facebook.com/fflor.bianchi,,"Villa Crespo","Ciudad Autónoma de Buenos Aires","Buenos Aires",Argentina,1458462343,"Nahu Millicay Pereyra",https://www.facebook.com/nahumilli,1
Gisela,Leo,gisela.leo@facebook.com,"11 de Agosto",https://www.facebook.com/gisela.leo,27,,"Ciudad Autónoma de Buenos Aires","Buenos Aires",Argentina,757842243,"Valeria Ayala",,1
Luciana,Importado,luciana.importado@facebook.com,"11 de Agosto",https://www.facebook.com/luciana.importado,,,"Ciudad Autónoma de Buenos Aires","Buenos Aires",Argentina,100000047670702,"Belu Alvarez",,1
Agostina,"Capella Sosa",agostina.capellasosa1@facebook.com,"11 de Agosto",https://www.facebook.com/agostina.capellasosa1,21,,"Ciudad Autónoma de Buenos Aires","Buenos Aires",Argentina,100001344977803,"Flor De Santa",https://www.facebook.com/florencia.pacella,1
Ari,Lishu,ari.lishu@facebook.com,"11 de Agosto",https://www.facebook.com/ari.lishu,,,"Ciudad Autónoma de Buenos Aires","Buenos Aires",Argentina,678564046,"Michelle Fingeret",https://www.facebook.com/michelle.fingeret,1
"Juan Pablo",Zelarayan,juanpablo.zelarayan@facebook.com,"11 de Agosto",https://www.facebook.com/juanpablo.zelarayan,24,,"Ciudad Autónoma de Buenos Aires","Buenos Aires",Argentina,100000715238599,"Constanza Ramasco",https://www.facebook.com/constanza.ramasco,1
Javier,Montiel,javier.montiel.37201@facebook.com,"11 de Agosto",https://www.facebook.com/javier.montiel.37201,,,"Ciudad Autónoma de Buenos Aires","Buenos Aires",Argentina,1011153559,"Sergio Acosta",,1
Uti,Trinidad,uti.trinidad@facebook.com,"11 de Agosto",https://www.facebook.com/uti.trinidad,22,,"Ciudad Autónoma de Buenos Aires","Buenos Aires",Argentina,1142177812,"Daniela Sevilla",,1
Julián,Luque,julian.luque.14@facebook.com,"11 de Agosto",https://www.facebook.com/julian.luque.14,,,"Ciudad Autónoma de Buenos Aires","Buenos Aires",Argentina,683508808,"Gisele Fratini",https://www.facebook.com/giakdmik,1
Lulyna,Lulyna,lulynaluchilina@facebook.com,"11 de Agosto",https://www.facebook.com/lulynaluchilina,23,,"Ciudad Autónoma de Buenos Aires","Buenos Aires",Argentina,100001332668631,"Alexia Garcia",https://www.facebook.com/garciaalexiia,1
Gustavo,Dedicado,gustavo.c.dedicado@facebook.com,"11 de Agosto",https://www.facebook.com/gustavo.c.dedicado,,,"Ciudad Autónoma de Buenos Aires","Buenos Aires",Argentina,100001870934851,"Joshua Oglio",,1
Tali,Rud,tali.rud@facebook.com,"11 de Agosto",https://www.facebook.com/Tali.Rud,,,"Ciudad Autónoma de Buenos Aires","Buenos Aires",Argentina,566877378,"Michelle Fingeret",https://www.facebook.com/michelle.fingeret,1
Marta,Wilder,marta.wilder.9@facebook.com,"11 de Agosto",https://www.facebook.com/marta.wilder.9,,,"Ciudad Autónoma de Buenos Aires","Buenos Aires",Argentina,100001234684617,"Daniel Kitzis",https://www.facebook.com/kitzis,1
Sofy,Bernal,sofia.bernal.562@facebook.com,"11 de Agosto",https://www.facebook.com/sofia.bernal.562,,,"Ciudad Autónoma de Buenos Aires","Buenos Aires",Argentina,100003997192742,"Gastón Alejandro Di Lella",https://www.facebook.com/gastondilella,1
Diego,Bueno,diego.bueno.102361@facebook.com,"11 de Agosto",https://www.facebook.com/diego.bueno.102361,,,"Ciudad Autónoma de Buenos Aires","Buenos Aires",Argentina,644180943,"Florencia Ferrari",https://www.facebook.com/florenciaferrari.1403,1
Agus,Fernández,agus.fernandez.351@facebook.com,"11 de Agosto",https://www.facebook.com/agus.fernandez.351,,,"Ciudad Autónoma de Buenos Aires","Buenos Aires",Argentina,1155580094,"Francisco Klausner",https://www.facebook.com/francisco.klausner,1
Estudio,Colby,colby.leonela@facebook.com,"11 de Agosto",https://www.facebook.com/colby.leonela,26,,"Ciudad Autónoma de Buenos Aires","Buenos Aires",Argentina,100006906064491,"Gabriel Gutierrez",,1
Matías,Covello,matias.covello.1@facebook.com,"12 de Agosto",https://www.facebook.com/matias.covello.1,25,,"Ciudad Autónoma de Buenos Aires","Buenos Aires",Argentina,1183162725,"Carli Pellizzaro",https://www.facebook.com/Carlii,1
Thomas,Salvatierra,tomiisalvatierra@facebook.com,"12 de Agosto",https://www.facebook.com/tomiisalvatierra,,,"Ciudad Autónoma de Buenos Aires","Buenos Aires",Argentina,100000487075611,"Thomas Jensen",,1
Nicolás,Arrigoni,nicolas.arrigoni.5@facebook.com,"12 de Agosto",https://www.facebook.com/nicolas.arrigoni.5,,,"Ciudad Autónoma de Buenos Aires","Buenos Aires",Argentina,100001451112553,"Gianfranco Ferrati",,1
AlphaTravel,Turismo,alphatravel.turismo.5@facebook.com,"12 de Agosto",https://www.facebook.com/alphatravel.turismo.5,,,"Ciudad Autónoma de Buenos Aires","Buenos Aires",Argentina,100006577834684,"Flor Vischi Cortés",https://www.facebook.com/flor.vischi,1
Carlos,Cordeiro,carlos.cordeiro.1044@facebook.com,"12 de Agosto",https://www.facebook.com/carlos.cordeiro.1044,,,"Ciudad Autónoma de Buenos Aires","Buenos Aires",Argentina,100001916334228,"Guido Moncayo",https://www.facebook.com/guido.moncayo,1
Daniel,Licera,daniel.licera.775@facebook.com,"12 de Agosto",https://www.facebook.com/daniel.licera.775,,,"Ciudad Autónoma de Buenos Aires","Buenos Aires",Argentina,100005858533969,"Diego Urlacher",,1
Lucia,Dematei,lucia.dematei@facebook.com,"12 de Agosto",https://www.facebook.com/lucia.dematei,25,,"Ciudad Autónoma de Buenos Aires","Buenos Aires",Argentina,1323480070,"Mariana Sparks",,1
"Galana Eventos",Srl,galanaeventos@facebook.com,"12 de Agosto",https://www.facebook.com/galanaeventos,,,"Ciudad Autónoma de Buenos Aires","Buenos Aires",Argentina,100003229144167,"Ago Benedettini",https://www.facebook.com/ago.benedettini,1
Nano,Reguera,nano.reguera@facebook.com,"12 de Agosto",https://www.facebook.com/nano.reguera,,,"Ciudad Autónoma de Buenos Aires","Buenos Aires",Argentina,100002738257070,"Franco Marcoccia",https://www.facebook.com/franco.marcoccia,1
Roxana,Go,roxana.gonzalez.1865@facebook.com,"12 de Agosto",https://www.facebook.com/roxana.gonzalez.1865,,,"Ciudad Autónoma de Buenos Aires","Buenos Aires",Argentina,1360865852,"La Rockeria",https://www.facebook.com/oveja1,1
Karen,Beleen,karen.lamoroo@facebook.com,"12 de Agosto",https://www.facebook.com/karen.lamoroo,22,,"Ciudad Autónoma de Buenos Aires","Buenos Aires",Argentina,100001243847035,"Julio Roberto Cuevas",https://www.facebook.com/julioroberto.cuevas,1
Max,Regueiro,maximiliano.regueiro@facebook.com,"12 de Agosto",https://www.facebook.com/maximiliano.regueiro,27,,"Ciudad Autónoma de Buenos Aires","Buenos Aires",Argentina,1194019576,"Ariel Villarreal",,1
Lvs,Dosmildiez,lvs.dosmildiez@facebook.com,"12 de Agosto",https://www.facebook.com/lvs.dosmildiez,22,,"Ciudad Autónoma de Buenos Aires","Buenos Aires",Argentina,100000791892418,"Nano Vaquer",,1
Bigg,CrossFit,bigg.crossfit@facebook.com,"12 de Agosto",https://www.facebook.com/bigg.crossfit,21,,"Ciudad Autónoma de Buenos Aires","Buenos Aires",Argentina,100006521590092,"Sol Policastro",https://www.facebook.com/solangeforever,1
Jef,Fotografia,jef.fotografia@facebook.com,"12 de Agosto",https://www.facebook.com/jef.fotografia,27,,"Ciudad Autónoma de Buenos Aires","Buenos Aires",Argentina,100002816811228,"Maxi Aguirre Fernandez",,1
Aldana,Erbes,aldana.erbes@facebook.com,"12 de Agosto",https://www.facebook.com/aldana.erbes,21,,"Ciudad Autónoma de Buenos Aires","Buenos Aires",Argentina,100000249132296,"Agustina Pelle Müller",,1
"Cesar Pablo",Delgado,cesarpablo.delgado@facebook.com,"12 de Agosto",https://www.facebook.com/cesarpablo.delgado,,,"Ciudad Autónoma de Buenos Aires","Buenos Aires",Argentina,100001130552484,"Agustina Pelle Müller",,1
Sushicool,Delivery,sushicool.delivery@facebook.com,"12 de Agosto",https://www.facebook.com/sushicool.delivery,,,"Ciudad Autónoma de Buenos Aires","Buenos Aires",Argentina,100001889020233,"Alejandra Merlo",https://www.facebook.com/ALEVIVIMER,1
Michelle,"Torres Ponce",michii.u.u@facebook.com,"12 de Agosto",https://www.facebook.com/michii.u.u,,,"Ciudad Autónoma de Buenos Aires","Buenos Aires",Argentina,100000385870941,"Aniita Canta",https://www.facebook.com/Aniita.Canta,1
Nico,Ponce,niko.carp.9@facebook.com,"12 de Agosto",https://www.facebook.com/niko.carp.9,24,,"Ciudad Autónoma de Buenos Aires","Buenos Aires",Argentina,100002808523813,"Juanma Ramirez",,1
Marian,Salaberry,marian.zanon@facebook.com,"12 de Agosto",https://www.facebook.com/marian.zanon,,"Buenos Aires","Buenos Aires","Buenos Aires",Argentina,1585137528,"Peter GC",0,1
Josefina,Guzzardi,josefina.guzzardi@facebook.com,"12 de Agosto",https://www.facebook.com/josefina.guzzardi,,,"Ciudad Autónoma de Buenos Aires","Buenos Aires",Argentina,757389314,"Manuela Villa",,1
"Yanet Daiana",Escobar,yanetdaiana.escobar@facebook.com,"12 de Agosto",https://www.facebook.com/yanetdaiana.escobar,,,"Ciudad Autónoma de Buenos Aires","Buenos Aires",Argentina,100001327311671,"Agos D'Urbano",https://www.facebook.com/agostinnad,1
Thebeatle,Sonico,eloygamenojose@facebook.com,"12 de Agosto",https://www.facebook.com/Eloygamenojose,,,"Ciudad Autónoma de Buenos Aires","Buenos Aires",Argentina,100000926491589,"Tia Lu",https://www.facebook.com/vivardo.lucia,1
Flor,Maggio,flori.maggio@facebook.com,"12 de Agosto",https://www.facebook.com/flori.maggio,,,"Ciudad Autónoma de Buenos Aires","Buenos Aires",Argentina,757564556,"Fernando Olner Cupayolo",https://www.facebook.com/fernando.cupayolo,1
Claudio,"Mendieta Lopez",claudio.mendietalopez@facebook.com,"12 de Agosto",https://www.facebook.com/claudio.mendietalopez,25,"San Telmo","Ciudad Autónoma de Buenos Aires","Distrito Federal",Argentina,100007311254403,"Brian Cano",,1
Josefina,Reyes,josefina.reyes.353@facebook.com,"12 de Agosto",https://www.facebook.com/josefina.reyes.353,25,,"Ciudad Autónoma de Buenos Aires","Buenos Aires",Argentina,1628724650,"Aldana Queirolo",https://www.facebook.com/aldana.queirolo,1
Candela,Smith,candelasmith13@facebook.com,"12 de Agosto",https://www.facebook.com/CandelaSmith13,,,"Ciudad Autónoma de Buenos Aires","Buenos Aires",Argentina,100000754863567,"Felipe Vidal",https://www.facebook.com/Feelipe.vp,1
Romina,Sosa,vidademonos@facebook.com,"12 de Agosto",https://www.facebook.com/vidademonos,23,,"Ciudad Autónoma de Buenos Aires","Buenos Aires",Argentina,635078990,"Celeste Heli",https://www.facebook.com/celeste.heli,1
Anahí,Acosta,anacostta@facebook.com,"12 de Agosto",https://www.facebook.com/anacostta,,,"Ciudad Autónoma de Buenos Aires","Buenos Aires",Argentina,1545345737,"Juli Sremac",https://www.facebook.com/juli.sremac,1
Florencia,Torrico,florenciatv@facebook.com,"12 de Agosto",https://www.facebook.com/FlorenciaTV,,,"Ciudad Autónoma de Buenos Aires","Buenos Aires",Argentina,1761712611,"Geru Sznek",https://www.facebook.com/gsznek,1
Marta,Vazquez,marta.vazquez.7355@facebook.com,"12 de Agosto",https://www.facebook.com/marta.vazquez.7355,,,"Ciudad Autónoma de Buenos Aires","Buenos Aires",Argentina,100001105327575,"Susan Romano",,1
Meel,Anabella,meel.anabella@facebook.com,"12 de Agosto",https://www.facebook.com/Meel.Anabella,,,"Ciudad Autónoma de Buenos Aires","Buenos Aires",Argentina,1366400048,"Matías Panero",,1
"A Sala",Llena,asalallena@facebook.com,"12 de Agosto",https://www.facebook.com/asalallena,,,"Ciudad Autónoma de Buenos Aires","Buenos Aires",Argentina,100001349356759,"Juani Koch",https://www.facebook.com/juani.koch,1
Constanza,Franco,constanza.franco.7@facebook.com,"12 de Agosto",https://www.facebook.com/constanza.franco.7,25,,"Ciudad Autónoma de Buenos Aires","Buenos Aires",Argentina,511909702,"Natalia Rougier",,1
Carla,Maciel,carla.maciel.944@facebook.com,"13 de Agosto",https://www.facebook.com/carla.maciel.944,26,,"Ciudad Autónoma de Buenos Aires","Buenos Aires",Argentina,1283268943,"Flor Vischi Cortés",https://www.facebook.com/flor.vischi,1
Sebastian,Carbajo,sebastian.carbajo@facebook.com,"13 de Agosto",https://www.facebook.com/sebastian.carbajo,26,,"Ciudad Autónoma de Buenos Aires","Buenos Aires",Argentina,1161624690,"Matias Adanez",https://www.facebook.com/madanez,1
Mel,Barracas,mel.barracas.7@facebook.com,"13 de Agosto",https://www.facebook.com/mel.barracas.7,22,Barracas,"Ciudad Autónoma de Buenos Aires","Buenos Aires",Argentina,1091880239,"Christian Douer Chuky",https://www.facebook.com/christian.chuky,1
J,Pineda,jono.fftf@facebook.com,"13 de Agosto",https://www.facebook.com/jono.fftf,25,,"Ciudad Autónoma de Buenos Aires","Buenos Aires",Argentina,100001598542530,"Emanuel Gaston Perdigues",https://www.facebook.com/emaxpx,1
Johana,Rischiotti,falktesta@facebook.com,"13 de Agosto",https://www.facebook.com/falktesta,26,,"Ciudad Autónoma de Buenos Aires","Buenos Aires",Argentina,549029786,"La Rockeria",https://www.facebook.com/oveja1,1
Juli,Peralta,juli.peralta1@facebook.com,"13 de Agosto",https://www.facebook.com/juli.peralta1,,"Villa Del Parque","Ciudad Autónoma de Buenos Aires","Buenos Aires",Argentina,679502267,"Tatiana Petroccelli",https://www.facebook.com/tanshanita,1
Tati,Micaela,taty.micaela@facebook.com,"13 de Agosto",https://www.facebook.com/taty.micaela,23,,"Ciudad Autónoma de Buenos Aires","Buenos Aires",Argentina,1103185730,"Maria Florencia Lioni Tarsitano",https://www.facebook.com/mariaflorencia.lionitarsi,1
Mis,Carteras,celeste.perez.7965692@facebook.com,"13 de Agosto",https://www.facebook.com/celeste.perez.7965692,23,,"Ciudad Autónoma de Buenos Aires","Buenos Aires",Argentina,100005861737031,"Kati Mosich",https://www.facebook.com/kati.mosich,1
Calu,Rivero,alguienquemequie@facebook.com,"13 de Agosto",https://www.facebook.com/AlguienQueMequie,24,,"Ciudad Autónoma de Buenos Aires","Buenos Aires",Argentina,100008079003968,"Cristian Fernandez Villamor",https://www.facebook.com/cristian.fernandezvillamo,1
Ramiro,Moreno,ramiro.moreno.7359@facebook.com,"13 de Agosto",https://www.facebook.com/ramiro.moreno.7359,22,,"Ciudad Autónoma de Buenos Aires","Buenos Aires",Argentina,1415547674,"Belen Loccisano",https://www.facebook.com/belen.loccisano,1
Fabian,"Castro Barros",facastrobarros@facebook.com,"13 de Agosto",https://www.facebook.com/facastrobarros,,,"Ciudad Autónoma de Buenos Aires","Buenos Aires",Argentina,641911136,"Valeria Ayala",,1
Gonzalo,Muscatello,gonmuscatello@facebook.com,"13 de Agosto",https://www.facebook.com/gonmuscatello,,,"Ciudad Autónoma de Buenos Aires","Buenos Aires",Argentina,1426597489,"Gisela Tesei",,1
Alan,Digilio,alan.digilio@facebook.com,"13 de Agosto",https://www.facebook.com/alan.digilio,,,"Ciudad Autónoma de Buenos Aires","Buenos Aires",Argentina,1196151278,"Emiliano Pirolo",https://www.facebook.com/emi.pirolo,1
Jaqueline,Lamanno,jaqueline.lamanno@facebook.com,"13 de Agosto",https://www.facebook.com/jaqueline.lamanno,,,"Ciudad Autónoma de Buenos Aires","Buenos Aires",Argentina,1389450580,"Guille Rampo",https://www.facebook.com/guillermo.rampo,1
María,Romero,maria.b.romero@facebook.com,"13 de Agosto",https://www.facebook.com/maria.b.romero,27,,"Ciudad Autónoma de Buenos Aires","Buenos Aires",Argentina,1171474991,"Castro Marina",https://www.facebook.com/castro.marina,1
Pizzaparty,Pipon,pizzaparty.pipon@facebook.com,"13 de Agosto",https://www.facebook.com/pizzaparty.pipon,23,"Buenos Aires","Buenos Aires","Buenos Aires",Argentina,100005400425214,"Sol Vallejo",0,1
Majito,Cabrera,majito.cabrera.3@facebook.com,"13 de Agosto",https://www.facebook.com/majito.cabrera.3,25,"Villa Del Parque","Ciudad Autónoma de Buenos Aires","Buenos Aires",Argentina,1408844164,"Tamara Castillo",,1
Sol,"Rodriguez Pias",sol.rodriguez.3990@facebook.com,"13 de Agosto",https://www.facebook.com/sol.rodriguez.3990,,,"Ciudad Autónoma de Buenos Aires","Buenos Aires",Argentina,1332618676,"Carli Pellizzaro",https://www.facebook.com/Carlii,1
Facu,Adamo,facu.adamo@facebook.com,"13 de Agosto",https://www.facebook.com/facu.adamo,22,,"Ciudad Autónoma de Buenos Aires","Buenos Aires",Argentina,1257287636,"Luz Adamo",https://www.facebook.com/luz.adamo,1
Nati,Gonzalez,naaatigonzalez@facebook.com,"13 de Agosto",https://www.facebook.com/naaatigonzalez,,,"Ciudad Autónoma de Buenos Aires","Buenos Aires",Argentina,1096432424,"Felipe Vidal",https://www.facebook.com/Feelipe.vp,1
Jazmin,Rodríguez,jazmin.rodriguez.9809672@facebook.com,"13 de Agosto",https://www.facebook.com/jazmin.rodriguez.9809672,,,"Ciudad Autónoma de Buenos Aires","Buenos Aires",Argentina,1145013858,"Juan Manuel Fotografo",https://www.facebook.com/JuanmaJMFotoEstudio,1
Caro,Storani,caro.storani@facebook.com,"13 de Agosto",https://www.facebook.com/caro.storani,22,,"Ciudad Autónoma de Buenos Aires","Buenos Aires",Argentina,100002389341206,"Vicky Diaz",,1
Maca,Gauna,maca.gauna.92@facebook.com,"13 de Agosto",https://www.facebook.com/maca.gauna.92,,,"Ciudad Autónoma de Buenos Aires","Buenos Aires",Argentina,1513896839,"Gabriela Competiello",,1
Ange,Torres,angetorresok@facebook.com,"13 de Agosto",https://www.facebook.com/angetorresok,,,"Ciudad Autónoma de Buenos Aires","Buenos Aires",Argentina,100001410024937,"Agustin Sujo",https://www.facebook.com/agustin.sujook,1
Florencia,Belèn,peqqe2@facebook.com,"13 de Agosto",https://www.facebook.com/peqqe2,21,,"Ciudad Autónoma de Buenos Aires","Buenos Aires",Argentina,1483851331,"Nicolás García",https://www.facebook.com/Niccccccccco,1
Si,Quiero,siquieromoda@facebook.com,"13 de Agosto",https://www.facebook.com/siquieromoda,27,,"Ciudad Autónoma de Buenos Aires","Buenos Aires",Argentina,100002493456028,"Chechu Acea",,1
"Milu Ds","?ï? ?ï?",mikiymilu@facebook.com,"13 de Agosto",https://www.facebook.com/mikiymilu,24,,"Ciudad Autónoma de Buenos Aires","Buenos Aires",Argentina,100004062128094,"Demián Gabriel",,1
Veronica,Alborn,veronica.alborn@facebook.com,"13 de Agosto",https://www.facebook.com/veronica.alborn,,"Buenos Aires","Buenos Aires","Buenos Aires",Argentina,100000348058112,"Hercilia Rs",0,1
Rumi,Ru,rumi.ru.79@facebook.com,"13 de Agosto",https://www.facebook.com/rumi.ru.79,,,"Ciudad Autónoma de Buenos Aires","Buenos Aires",Argentina,100001246621441,"Camy Falcón",https://www.facebook.com/Cammy.Falcon,1
Gisela,Villca,gisela.villca@facebook.com,"13 de Agosto",https://www.facebook.com/gisela.villca,,,"Ciudad Autónoma de Buenos Aires","Buenos Aires",Argentina,100000297482936,"Martín Álvarez BA I",https://www.facebook.com/Woody.Blair,1
Gustavo,DC,gustavo.diaz.7161953@facebook.com,"13 de Agosto",https://www.facebook.com/gustavo.diaz.7161953,26,,"Ciudad Autónoma de Buenos Aires","Buenos Aires",Argentina,100000288133674,"Cristian Fernandez Villamor",https://www.facebook.com/cristian.fernandezvillamo,1
Anaís,Herrera,anais.mar.herrera@facebook.com,"13 de Agosto",https://www.facebook.com/anais.mar.herrera,,,"Ciudad Autónoma de Buenos Aires","Buenos Aires",Argentina,1481971950,"Luli Torres",,1
Cintia,Tirado,cintia.tirado@facebook.com,"13 de Agosto",https://www.facebook.com/cintia.tirado,,,"Ciudad Autónoma de Buenos Aires","Buenos Aires",Argentina,100001258306081,"Fátima Belén Zárate",,1
