Nombre,Apellido,"Email Facebook",Cumpleaños,"Usuario Facebook",Edad,Barrio,Ciudad,Provincia,Pais,"ID Facebook","Amigo De","Amigo De (Usuario)",rebound
Evaristo,Sanguinetti,evaristo.sanguinetti@facebook.com,"21 de Agosto",https://www.facebook.com/evaristo.sanguinetti,,,"Ciudad Autónoma de Buenos Aires","Buenos Aires",Argentina,1550875140,"Karina Fernandez",https://www.facebook.com/karuchita,1
Lucas,Lares,lucas.lares@facebook.com,"21 de Agosto",https://www.facebook.com/lucas.lares,,,"Ciudad Autónoma de Buenos Aires","Buenos Aires",Argentina,828389452,"Guido De Marco",,1
Uba,Medicina,juan.triaca.5@facebook.com,"21 de Agosto",https://www.facebook.com/juan.triaca.5,28,,"Ciudad Autónoma de Buenos Aires","Buenos Aires",Argentina,100007053845076,"Michelle Ribeiro",,1
Jorginho,Zumbazin,jorginhovieira.negro@facebook.com,"21 de Agosto",https://www.facebook.com/jorginhovieira.negro,,,"Ciudad Autónoma de Buenos Aires","Buenos Aires",Argentina,100001483876113,"Sergio Acosta",,1
Productos,Importados,productos.importados.voley@facebook.com,"21 de Agosto",https://www.facebook.com/productos.importados.voley,,,"Ciudad Autónoma de Buenos Aires","Buenos Aires",Argentina,100001673341269,"Romi Flores",,1
"Productos de",Belleza,productosde.belleza.33@facebook.com,"21 de Agosto",https://www.facebook.com/productosde.belleza.33,,,"Ciudad Autónoma de Buenos Aires","Buenos Aires",Argentina,100003088345782,"Macarena Alonso Dumón",https://www.facebook.com/macarenaad,1
Tamara,Páez,tamara.paez.9@facebook.com,"21 de Agosto",https://www.facebook.com/tamara.paez.9,25,,"Ciudad Autónoma de Buenos Aires","Buenos Aires",Argentina,1440953450,"Clari MLl",https://www.facebook.com/claritamll,1
Franco,Maiucci,franco.maiucci@facebook.com,"21 de Agosto",https://www.facebook.com/franco.maiucci,22,,"Ciudad Autónoma de Buenos Aires","Buenos Aires",Argentina,1062048256,"Jenny Barco",https://www.facebook.com/jenny.barco,1
Matias,Rivero,matias.rivero.127@facebook.com,"21 de Agosto",https://www.facebook.com/matias.rivero.127,27,"Buenos Aires","Buenos Aires","Buenos Aires",Argentina,790217856,"Peter GC",0,1
Ezequiel,Danussi,ezequiel.r.danussi@facebook.com,"21 de Agosto",https://www.facebook.com/ezequiel.r.danussi,24,"Puerto Madero","Ciudad Autónoma de Buenos Aires","Buenos Aires",Argentina,1454857043,"Cami Papiccio",https://www.facebook.com/cami.papiccio,1
Florencia,Martori,florencia.martori@facebook.com,"21 de Agosto",https://www.facebook.com/florencia.martori,,,"Ciudad Autónoma de Buenos Aires","Buenos Aires",Argentina,1184022041,"Yanina Toto",https://www.facebook.com/yanina.toto,1
Py,Accesorios,py.accesorios@facebook.com,"21 de Agosto",https://www.facebook.com/py.accesorios,,,"Ciudad Autónoma de Buenos Aires","Buenos Aires",Argentina,100001833682200,"Aylu Macchi",,1
Carlos,"M Mata",caco.mercado@facebook.com,"21 de Agosto",https://www.facebook.com/caco.mercado,,,"Ciudad Autónoma de Buenos Aires","Buenos Aires",Argentina,574940362,"Valentin Abelardo",https://www.facebook.com/valentin.abelardo,1
Queens,Dana,queens.dana.94@facebook.com,"21 de Agosto",https://www.facebook.com/queens.dana.94,23,,"Ciudad Autónoma de Buenos Aires","Buenos Aires",Argentina,100007969054885,"Ale Arias Mandarine Park",,1
Luis,Floggersiitoh,luis.floggersiitoh@facebook.com,"21 de Agosto",https://www.facebook.com/luis.floggersiitoh,21,,"Ciudad Autónoma de Buenos Aires","Buenos Aires",Argentina,100003025715522,"Pedro Lopezyfernandez",https://www.facebook.com/pedronahuel,1
Mar,"de Java",mar.dejava@facebook.com,"21 de Agosto",https://www.facebook.com/mar.dejava,,,"Ciudad Autónoma de Buenos Aires","Buenos Aires",Argentina,100001270792984,"Sabri Bértolo",,1
Luciana,Martinez,luli.martinez.5203@facebook.com,"21 de Agosto",https://www.facebook.com/luli.martinez.5203,22,,"Ciudad Autónoma de Buenos Aires","Buenos Aires",Argentina,1147104458,"Noelia Sarquiz",https://www.facebook.com/noelia.sarquiz,1
Magdalena,"de la Serna",magdalena.delaserna.3@facebook.com,"21 de Agosto",https://www.facebook.com/magdalena.delaserna.3,,,"Ciudad Autónoma de Buenos Aires","Buenos Aires",Argentina,542955998,"Franco Marcoccia",https://www.facebook.com/franco.marcoccia,1
Pili,Solís,piliisolis@facebook.com,"21 de Agosto",https://www.facebook.com/PiliiSolis,,,"Ciudad Autónoma de Buenos Aires","Buenos Aires",Argentina,1583562481,"Juan Cruz Albornoz",,1
Agus,Sappia,sappiaa@facebook.com,"21 de Agosto",https://www.facebook.com/sappiaa,,,"Ciudad Autónoma de Buenos Aires","Buenos Aires",Argentina,1072161092,"Caro Remedi",https://www.facebook.com/carol.remedi,1
Sagrada,Wichmann,diosenladisco@facebook.com,"21 de Agosto",https://www.facebook.com/diosenladisco,,,"Ciudad Autónoma de Buenos Aires","Buenos Aires",Argentina,1151124232,"Daiana Soledad Pintos",https://www.facebook.com/Sheena.is,1
Tatuss,Molina,tatiana.molina.509@facebook.com,"21 de Agosto",https://www.facebook.com/tatiana.molina.509,27,,"Ciudad Autónoma de Buenos Aires","Buenos Aires",Argentina,100000719682791,"Pamela Altamiranda",https://www.facebook.com/pamela.altamiranda1,1
Griselda,Maquilladora,griselda.barnatan@facebook.com,"21 de Agosto",https://www.facebook.com/griselda.barnatan,,,"Ciudad Autónoma de Buenos Aires","Buenos Aires",Argentina,1191975250,"Mauro Sebastian Villegas",,1
Veronica,Fernandez,veronica.fernandez.39904181@facebook.com,"21 de Agosto",https://www.facebook.com/veronica.fernandez.39904181,28,,"Ciudad Autónoma de Buenos Aires","Buenos Aires",Argentina,1421203091,"Sebastian Daniel Riccardi",https://www.facebook.com/sebastian.riccardi,1
Lucas,Duben,lduben@facebook.com,"21 de Agosto",https://www.facebook.com/lduben,25,Array,"Ciudad Autónoma de Buenos Aires","Buenos Aires",Argentina,1144385903,"Luciana Sismondi",0,1
Camila,Techeira,camilajaquelinee@facebook.com,"21 de Agosto",https://www.facebook.com/CamilaJaquelinee,,,"Ciudad Autónoma de Buenos Aires","Buenos Aires",Argentina,100000941720659,"Jonathan Leonel",,1
Feria,Canchera,feria.canchera@facebook.com,"21 de Agosto",https://www.facebook.com/feria.canchera,,,"Ciudad Autónoma de Buenos Aires","Buenos Aires",Argentina,100001179424081,"Romi Flores",,1
Fede,"M. Laver",federico.laver@facebook.com,"21 de Agosto",https://www.facebook.com/Federico.Laver,,,"Ciudad Autónoma de Buenos Aires","Buenos Aires",Argentina,1622657430,"Cami Weng",,1
Ámbar,Estudio,ambar.estudio@facebook.com,"22 de Agosto",https://www.facebook.com/ambar.estudio,23,,"Ciudad Autónoma de Buenos Aires","Buenos Aires",Argentina,100000581809497,"Mechi Abud",https://www.facebook.com/mechi.abud,1
Lautaro,"Spezzi Roncero",lautarospezzi@facebook.com,"22 de Agosto",https://www.facebook.com/lautarospezzi,,"Buenos Aires","Buenos Aires","Buenos Aires",Argentina,1345462399,"Martu Lehmann",0,1
Sofi,Folmer,sofii1992@facebook.com,"22 de Agosto",https://www.facebook.com/sofii1992,22,,"Ciudad Autónoma de Buenos Aires","Buenos Aires",Argentina,100002647362625,"Pilo Alvarez",https://www.facebook.com/pilo.alvarez,1
"Estudio Fotografico","Vicente Lopez",estudiopalermo@facebook.com,"22 de Agosto",https://www.facebook.com/estudiopalermo,26,,"Ciudad Autónoma de Buenos Aires","Buenos Aires",Argentina,100003515136726,"Juan Manuel Fotografo",https://www.facebook.com/JuanmaJMFotoEstudio,1
Soundance,Baires,soundance.rrpp@facebook.com,"22 de Agosto",https://www.facebook.com/soundance.rrpp,,,"Ciudad Autónoma de Buenos Aires","Buenos Aires",Argentina,100001352051009,"Cristian Fernandez Villamor",https://www.facebook.com/cristian.fernandezvillamo,1
Dolores,Campos,camposlolita@facebook.com,"22 de Agosto",https://www.facebook.com/camposlolita,23,,"Ciudad Autónoma de Buenos Aires","Buenos Aires",Argentina,531344666,"Joaco Alvarez Amuchástegui",,1
Wendy,Almaraz,wendy.almarazlazarte@facebook.com,"22 de Agosto",https://www.facebook.com/wendy.almarazlazarte,,"Villa Del Parque","Ciudad Autónoma de Buenos Aires","Distrito Federal",Argentina,1639298309,"Brian Cano",,1
CasAntica,Muebles,casantic@facebook.com,"22 de Agosto",https://www.facebook.com/Casantic,,,"Ciudad Autónoma de Buenos Aires","Buenos Aires",Argentina,100000774926882,"Micu Mc Hardy",https://www.facebook.com/micu.hardy,1
Counseling,"Sánchez Bodas",holos.sanchezbodas@facebook.com,"22 de Agosto",https://www.facebook.com/holos.sanchezbodas,,,"Ciudad Autónoma de Buenos Aires","Buenos Aires",Argentina,100001878729675,"Ro Pietro",https://www.facebook.com/rochy.pietra,1
Lucii,Gonzalez,luu.lii.336333@facebook.com,"22 de Agosto",https://www.facebook.com/luu.lii.336333,,,"Ciudad Autónoma de Buenos Aires","Buenos Aires",Argentina,100000909444009,"Atilio Fernandez",,1
Mundo,Fragancias,mundo.fragancias.3@facebook.com,"22 de Agosto",https://www.facebook.com/mundo.fragancias.3,27,,"Ciudad Autónoma de Buenos Aires","Buenos Aires",Argentina,100004637287176,"Macarena Alonso Dumón",https://www.facebook.com/macarenaad,1
Laura,Castaño,laurinecast@facebook.com,"22 de Agosto",https://www.facebook.com/laurinecast,23,,"Ciudad Autónoma de Buenos Aires","Buenos Aires",Argentina,545269572,"Vale Piedra",https://www.facebook.com/Valepiedra,1
Monica,Gavilanes,monica.gavilanes.79@facebook.com,"22 de Agosto",https://www.facebook.com/monica.gavilanes.79,,,"Ciudad Autónoma de Buenos Aires","Buenos Aires",Argentina,1493106027,"Marcela Alejandra",,1
Ezalco,"Empresa Constructora",ezalco.empresaconstructora@facebook.com,"22 de Agosto",https://www.facebook.com/ezalco.empresaconstructora,,,"Ciudad Autónoma de Buenos Aires","Buenos Aires",Argentina,100002467036178,"Flor Vischi Cortés",https://www.facebook.com/flor.vischi,1
Freedom,"ON Tour",freedom.ciclodemusicaarte@facebook.com,"22 de Agosto",https://www.facebook.com/freedom.ciclodemusicaarte,,,"Ciudad Autónoma de Buenos Aires","Buenos Aires",Argentina,100003453170950,"Noelia Sarquiz",https://www.facebook.com/noelia.sarquiz,1
Tefii,Mettini,stefania.mettini@facebook.com,"22 de Agosto",https://www.facebook.com/stefania.mettini,22,,"Ciudad Autónoma de Buenos Aires","Buenos Aires",Argentina,1412016601,"Bë Döbiencita",https://www.facebook.com/be.dobiencita,1
"Make UP","Marilina Perasso",maquillajeprofesionalmp@facebook.com,"22 de Agosto",https://www.facebook.com/maquillajeprofesionalmp,24,,"Ciudad Autónoma de Buenos Aires","Buenos Aires",Argentina,100001642963375,"Cecilia Weingardt",,1
Cata,Geoghegan,cata.geoghegan@facebook.com,"22 de Agosto",https://www.facebook.com/cata.geoghegan,24,,"Ciudad Autónoma de Buenos Aires","Buenos Aires",Argentina,100002486861818,"Gianfranco Ferrati",,1
Francisco,Paradela,laaboocaa@facebook.com,"22 de Agosto",https://www.facebook.com/laaboocaa,,,"Ciudad Autónoma de Buenos Aires","Buenos Aires",Argentina,100001623755696,"Brian Cano",,1
Aromas,MamaOclla,aromas.mamaoclla.1@facebook.com,"22 de Agosto",https://www.facebook.com/aromas.mamaoclla.1,,,"Ciudad Autónoma de Buenos Aires","Buenos Aires",Argentina,100005449532765,"Clara Ryan",https://www.facebook.com/clariryaneventos,1
Casa,"de Locas",casa.delocas@facebook.com,"22 de Agosto",https://www.facebook.com/casa.delocas,,,"Ciudad Autónoma de Buenos Aires","Buenos Aires",Argentina,100001086515693,"Michelle Fingeret",https://www.facebook.com/michelle.fingeret,1
Sofia,Ottaggio,sofia.ottaggio@facebook.com,"22 de Agosto",https://www.facebook.com/sofia.ottaggio,,,"Ciudad Autónoma de Buenos Aires","Buenos Aires",Argentina,100003308043972,"Romy Gutierrez Jaime",https://www.facebook.com/romygutierrezjaime,1
Yesica,Medina,yesica.medina.773@facebook.com,"22 de Agosto",https://www.facebook.com/yesica.medina.773,26,,"Ciudad Autónoma de Buenos Aires","Buenos Aires",Argentina,100002504501646,"Sebastian Daniel Riccardi",https://www.facebook.com/sebastian.riccardi,1
Betty,Corajuria,betiana.corajuria@facebook.com,"22 de Agosto",https://www.facebook.com/betiana.corajuria,,,"Ciudad Autónoma de Buenos Aires","Buenos Aires",Argentina,100000270745352,"M Agustina Ciarla Quintana",https://www.facebook.com/magustina.quintana,1
Lourdes,Silguero,evelyn.silguero.7@facebook.com,"22 de Agosto",https://www.facebook.com/evelyn.silguero.7,23,"Buenos Aires","Buenos Aires","Buenos Aires",Argentina,100004014073523,"Alan Yun",0,1
Facu,Veron,facundo.veron.585@facebook.com,"22 de Agosto",https://www.facebook.com/facundo.veron.585,,,"Ciudad Autónoma de Buenos Aires","Buenos Aires",Argentina,100002568757626,"Martín Álvarez BA I",https://www.facebook.com/Woody.Blair,1
Dana,Rincon,dana.rincon.75@facebook.com,"22 de Agosto",https://www.facebook.com/dana.rincon.75,24,Recoleta,"Ciudad Autónoma de Buenos Aires","Buenos Aires",Argentina,827019489,"Ana Costas",,1
Marina,Dachowker,marina.dachowker@facebook.com,"22 de Agosto",https://www.facebook.com/marina.dachowker,,,"Ciudad Autónoma de Buenos Aires","Buenos Aires",Argentina,1597098977,"Gabriela Competiello",,1
Mariana,Pizzorno,marina.suarez.94064@facebook.com,"22 de Agosto",https://www.facebook.com/marina.suarez.94064,21,,"Ciudad Autónoma de Buenos Aires","Buenos Aires",Argentina,100000257855962,"Ayelen Lopez",https://www.facebook.com/puchipockett,1
Alma,Racing,alma.racing.7@facebook.com,"22 de Agosto",https://www.facebook.com/alma.racing.7,27,,"Ciudad Autónoma de Buenos Aires","Buenos Aires",Argentina,100001541580924,"Sebastian Daniel Riccardi",https://www.facebook.com/sebastian.riccardi,1
Alejandro,Nuñes,alejandro.nunes.733@facebook.com,"22 de Agosto",https://www.facebook.com/alejandro.nunes.733,22,,"Ciudad Autónoma de Buenos Aires","Buenos Aires",Argentina,100000129167193,"La Rockeria",https://www.facebook.com/oveja1,1
Majo,Cha,maaajooooo@facebook.com,"22 de Agosto",https://www.facebook.com/Maaajooooo,,,"Ciudad Autónoma de Buenos Aires","Buenos Aires",Argentina,1524187646,"Fran L. Ocampo",https://www.facebook.com/franco,1
Valen,Olivetto,valentina.olivetto@facebook.com,"22 de Agosto",https://www.facebook.com/valentina.olivetto,24,,"Ciudad Autónoma de Buenos Aires","Buenos Aires",Argentina,100000357203163,"Ivan Lisz",,1
Baúl,"de Moda",bauldemoda@facebook.com,"23 de Agosto",https://www.facebook.com/bauldemoda,24,,"Ciudad Autónoma de Buenos Aires","Buenos Aires",Argentina,1152328249,"Cristian Fernandez Villamor",https://www.facebook.com/cristian.fernandezvillamo,1
BarTolo,Jueves,bartolojueves@facebook.com,"23 de Agosto",https://www.facebook.com/bartolojueves,,,"Ciudad Autónoma de Buenos Aires","Buenos Aires",Argentina,100001381804093,"Romina Toller",,1
Promotoras,Tc,promotoras.tc@facebook.com,"23 de Agosto",https://www.facebook.com/promotoras.tc,,,"Ciudad Autónoma de Buenos Aires","Buenos Aires",Argentina,100002387110505,"Sofía Barreira",https://www.facebook.com/sofia.barreiram,1
Matuca,Accesorios,matuca.accesorios@facebook.com,"23 de Agosto",https://www.facebook.com/matuca.accesorios,,,"Ciudad Autónoma de Buenos Aires","Buenos Aires",Argentina,100001182112193,"Betsabé Baxter",https://www.facebook.com/betsabe.baxter,1
"La Jaula",Mma,lajaula.mma@facebook.com,"23 de Agosto",https://www.facebook.com/lajaula.mma,,,"Ciudad Autónoma de Buenos Aires","Buenos Aires",Argentina,100004101182128,"Nicolás Marano",https://www.facebook.com/nicolasmarano10,1
Carnavalesco,"Show Desing",carnavalescoproart@facebook.com,"23 de Agosto",https://www.facebook.com/carnavalescoproart,,,"Ciudad Autónoma de Buenos Aires","Buenos Aires",Argentina,1570294145,"Calu Clau",https://www.facebook.com/AYLEN00,1
Guido,Paolini,guidopaolini88@facebook.com,"23 de Agosto",https://www.facebook.com/guidopaolini88,,,"Ciudad Autónoma de Buenos Aires","Buenos Aires",Argentina,735727265,"Federico Tonero",https://www.facebook.com/fedeton,1
Maia,Ramos,iramosmaia@facebook.com,"23 de Agosto",https://www.facebook.com/iramosmaia,,Boedo,"Ciudad Autónoma de Buenos Aires","Distrito Federal",Argentina,1327537574,"Ale Arias Mandarine Park",,1
Barese,"Ferias II",domingueras.feriadediseno@facebook.com,"23 de Agosto",https://www.facebook.com/domingueras.feriadediseno,,,"Ciudad Autónoma de Buenos Aires","Buenos Aires",Argentina,100001489091405,"Loreto Belmar",https://www.facebook.com/loreto.belmar,1
Facundo,Martins,faacumartins@facebook.com,"23 de Agosto",https://www.facebook.com/FaacuMartins,,,"Ciudad Autónoma de Buenos Aires","Buenos Aires",Argentina,100000062312361,"Giiu Minniti",https://www.facebook.com/giiu.minniti,1
Gise,Chirizola,gise.chirizola@facebook.com,"23 de Agosto",https://www.facebook.com/gise.chirizola,28,"Villa Del Parque","Ciudad Autónoma de Buenos Aires","Buenos Aires",Argentina,1161644483,"Divino Vestuario Salve",https://www.facebook.com/salvedivinovestuario,1
Esty,"Delponte Cai",esty.delpontecai@facebook.com,"23 de Agosto",https://www.facebook.com/esty.delpontecai,,Flores,"Ciudad Autónoma de Buenos Aires","Buenos Aires",Argentina,100001830504478,"Camy Falcón",https://www.facebook.com/Cammy.Falcon,1
Lu,Gomez,luciana.sehn.5@facebook.com,"23 de Agosto",https://www.facebook.com/luciana.sehn.5,21,,"Ciudad Autónoma de Buenos Aires","Buenos Aires",Argentina,100005654232926,"Agustina Pelle Müller",,1
Kevin,Fretes,kevin.fretes1@facebook.com,"23 de Agosto",https://www.facebook.com/kevin.fretes1,,"Monte Castro","Ciudad Autónoma de Buenos Aires","Buenos Aires",Argentina,1715122076,"Noe Guillén",https://www.facebook.com/noeguillen20,1
Monica,Fort,monica.p.fort@facebook.com,"23 de Agosto",https://www.facebook.com/monica.p.fort,,,"Ciudad Autónoma de Buenos Aires","Buenos Aires",Argentina,592754089,"Gabriel Gutierrez",,1
Adrian,Figueroa,adrian.figueroa10@facebook.com,"23 de Agosto",https://www.facebook.com/adrian.figueroa10,,"La Paternal","Ciudad Autónoma de Buenos Aires","Distrito Federal",Argentina,100000530494938,"Brian Cano",,1
Fernando,Schuvik,fernando.schuvik@facebook.com,"23 de Agosto",https://www.facebook.com/fernando.schuvik,,"San Telmo","Ciudad Autónoma de Buenos Aires","Buenos Aires",Argentina,777753691,"Srita Bauer",https://www.facebook.com/marina.vas,1
Alan,Aquino,alankpodc@facebook.com,"23 de Agosto",https://www.facebook.com/alankpodc,,Avellaneda,"Ciudad Autónoma de Buenos Aires","Buenos Aires",Argentina,100003399940122,"Juan Elias Catan",https://www.facebook.com/juan.724,1
Rosario,Belerenian,cbelerenian@facebook.com,"23 de Agosto",https://www.facebook.com/cbelerenian,21,,"Ciudad Autónoma de Buenos Aires","Buenos Aires",Argentina,100002762367138,"Ramiro Prieto",,1
"Maria Sol",Petrochello,mariasol.petrochello@facebook.com,"23 de Agosto",https://www.facebook.com/mariasol.petrochello,24,,"Ciudad Autónoma de Buenos Aires","Buenos Aires",Argentina,100002240792531,"Martín Álvarez BA I",https://www.facebook.com/Woody.Blair,1
Belén,Gonzalez,miqaelagonzalez@facebook.com,"23 de Agosto",https://www.facebook.com/miqaelagonzalez,21,,"Ciudad Autónoma de Buenos Aires","Buenos Aires",Argentina,1685468542,"Nahu Millicay Pereyra",https://www.facebook.com/nahumilli,1
Soledad,Prieto,soledad.prieto.50@facebook.com,"23 de Agosto",https://www.facebook.com/soledad.prieto.50,28,"La Paternal","Ciudad Autónoma de Buenos Aires","Buenos Aires",Argentina,1404714175,"Divino Vestuario Salve",https://www.facebook.com/salvedivinovestuario,1
Augusto,Osenda,ok.augu@facebook.com,"23 de Agosto",https://www.facebook.com/ok.augu,,,"Ciudad Autónoma de Buenos Aires","Buenos Aires",Argentina,100000803295808,"Cynthia Tatiana Martinez Neves",https://www.facebook.com/cynthiatatiana.martinezne,1
Novedades,Importadas,novedadesimportadas1@facebook.com,"23 de Agosto",https://www.facebook.com/novedadesimportadas1,,,"Ciudad Autónoma de Buenos Aires","Buenos Aires",Argentina,100001484498818,"Anto Trezza",https://www.facebook.com/anto.trezza,1
"Desayunos A Domicilio",Petitdelicias,desayunosadomicilio.petitdelicias@facebook.com,"23 de Agosto",https://www.facebook.com/desayunosadomicilio.petitdelicias,,,"Ciudad Autónoma de Buenos Aires","Buenos Aires",Argentina,100000992936691,"Gimena Yamila Yerden Giaquinto",https://www.facebook.com/Gimetrance,1
Maribel,"Mairena Ganchegui",marimaire@facebook.com,"23 de Agosto",https://www.facebook.com/marimaire,21,,"Ciudad Autónoma de Buenos Aires","Buenos Aires",Argentina,1274656109,"Piltra Toller",https://www.facebook.com/piltra,1
Bianca,Constanza,estasenelfesbucdebiaaam@facebook.com,"23 de Agosto",https://www.facebook.com/estasenelfesbucdebiaaam,21,Barracas,"Ciudad Autónoma de Buenos Aires","Buenos Aires",Argentina,1617315293,"Bë Döbiencita",https://www.facebook.com/be.dobiencita,1
Francisco,Musetti,francisco.musetti@facebook.com,"23 de Agosto",https://www.facebook.com/francisco.musetti,,,"Ciudad Autónoma de Buenos Aires","Buenos Aires",Argentina,719854556,"Alejandro Cocktila Acosta",https://www.facebook.com/alejandro.acosta,1
Albana,Autalan,albana.autalan@facebook.com,"23 de Agosto",https://www.facebook.com/albana.autalan,,,"Ciudad Autónoma de Buenos Aires","Buenos Aires",Argentina,100000815167959,"Yanina Battiato",,1
Vicki,Godoy,vicki.godoy.37@facebook.com,"23 de Agosto",https://www.facebook.com/vicki.godoy.37,24,,"Ciudad Autónoma de Buenos Aires","Buenos Aires",Argentina,100008338891112,"Carla Giovana",,1
Martin,Villada,villada.martin@facebook.com,"23 de Agosto",https://www.facebook.com/villada.martin,,,"Ciudad Autónoma de Buenos Aires","Buenos Aires",Argentina,100000851644279,"Martin Gonzalez",,1
Apple,BuenosAires,appledisco@facebook.com,"23 de Agosto",https://www.facebook.com/appledisco,,,"Ciudad Autónoma de Buenos Aires","Buenos Aires",Argentina,1218120126,"Fátima Belén Zárate",,1
Gonza,"Santa Cruz",gonza.santacruz.7@facebook.com,"23 de Agosto",https://www.facebook.com/gonza.santacruz.7,25,,"Ciudad Autónoma de Buenos Aires","Buenos Aires",Argentina,100000954977841,"Julieta Abreu Frank",https://www.facebook.com/julieta.abreufrank,1
Facu,Díaz,facuclubm@facebook.com,"23 de Agosto",https://www.facebook.com/facuclubm,,,"Ciudad Autónoma de Buenos Aires","Buenos Aires",Argentina,100002268078624,"Ronit Nates",https://www.facebook.com/ronates,1
Pula,Colantuono,paula.colantuono@facebook.com,"23 de Agosto",https://www.facebook.com/paula.colantuono,22,,"Ciudad Autónoma de Buenos Aires","Buenos Aires",Argentina,1116823870,"Piltra Toller",https://www.facebook.com/piltra,1
FilmVideo,Company,thefilmvideocompany@facebook.com,"23 de Agosto",https://www.facebook.com/thefilmvideocompany,,,"Ciudad Autónoma de Buenos Aires","Buenos Aires",Argentina,100002611750796,"Ronit Nates",https://www.facebook.com/ronates,1
Apple,BuenosAires,appledisco2@facebook.com,"23 de Agosto",https://www.facebook.com/appledisco2,,,"Ciudad Autónoma de Buenos Aires","Buenos Aires",Argentina,100002448290822,"Fede Martino",,1
Ma,Ki,masak.ito.1@facebook.com,"23 de Agosto",https://www.facebook.com/masak.ito.1,,"Buenos Aires","Buenos Aires","Buenos Aires",Argentina,573622879,"Alan Yun",0,1
Textil,Jota,textil.jota.9@facebook.com,"23 de Agosto",https://www.facebook.com/textil.jota.9,,,"Ciudad Autónoma de Buenos Aires","Buenos Aires",Argentina,100000042986946,"Romy Gutierrez Jaime",https://www.facebook.com/romygutierrezjaime,1
Piu,"Make Up",piu.makeup@facebook.com,"23 de Agosto",https://www.facebook.com/piu.makeup,28,,"Ciudad Autónoma de Buenos Aires","Buenos Aires",Argentina,100001208654319,"Juan Manuel Fotografo",https://www.facebook.com/JuanmaJMFotoEstudio,1
Cinco,Burbujas,cinco.burbujas@facebook.com,"23 de Agosto",https://www.facebook.com/cinco.burbujas,,,"Ciudad Autónoma de Buenos Aires","Buenos Aires",Argentina,100001666892570,"Paula Lara-Foti",https://www.facebook.com/paula.larafoti,1
Carla,Avalos,caaaaaaaaaaaaaaaaaaaaaaaarla@facebook.com,"23 de Agosto",https://www.facebook.com/Caaaaaaaaaaaaaaaaaaaaaaaarla,,,"Ciudad Autónoma de Buenos Aires","Buenos Aires",Argentina,100000695697155,"Clari Stagno",,1
Escuela,"de Circo",escuela.decirco.7@facebook.com,"23 de Agosto",https://www.facebook.com/escuela.decirco.7,,,"Ciudad Autónoma de Buenos Aires","Buenos Aires",Argentina,1209551941,"Ro Cardoso",,1
Agus,Tancredi,agustin.tancredi@facebook.com,"24 de Agosto",https://www.facebook.com/agustin.tancredi,24,,"Ciudad Autónoma de Buenos Aires","Buenos Aires",Argentina,1832876280,"Joaquin Barraco",https://www.facebook.com/chino.barraco,1
Daniela,Abreu,daniela.soledad.abreu@facebook.com,"24 de Agosto",https://www.facebook.com/daniela.soledad.abreu,26,,"Ciudad Autónoma de Buenos Aires","Buenos Aires",Argentina,1155393036,"Martín Álvarez BA I",https://www.facebook.com/Woody.Blair,1
Any,"Lacoste Diseños",lacostedisenos@facebook.com,"24 de Agosto",https://www.facebook.com/lacostedisenos,,,"Ciudad Autónoma de Buenos Aires","Buenos Aires",Argentina,100000332499422,"Divino Vestuario Salve",https://www.facebook.com/salvedivinovestuario,1
Lu,Soracco,lu.soracco@facebook.com,"24 de Agosto",https://www.facebook.com/lu.soracco,24,,"Ciudad Autónoma de Buenos Aires","Buenos Aires",Argentina,1519855864,"Tomi Rodriguez",,1
Hernan,Salvia,hernan.salvia@facebook.com,"24 de Agosto",https://www.facebook.com/hernan.salvia,21,,"Ciudad Autónoma de Buenos Aires","Buenos Aires",Argentina,100001483446251,"Romina Toller",,1
Sergio,Michell,sergio.michell.5@facebook.com,"24 de Agosto",https://www.facebook.com/sergio.michell.5,29,,"Ciudad Autónoma de Buenos Aires","Buenos Aires",Argentina,540086577,"Andrea Badani",https://www.facebook.com/andrea.badani,1
Christian,Gomez,chris.akd15@facebook.com,"24 de Agosto",https://www.facebook.com/chris.akd15,26,,"Ciudad Autónoma de Buenos Aires","Buenos Aires",Argentina,1077500596,"Gisele Fratini",https://www.facebook.com/giakdmik,1
"Peter Lanzani",Vargas,peterlanzani.vargas.79@facebook.com,"24 de Agosto",https://www.facebook.com/peterlanzani.vargas.79,24,,"Ciudad Autónoma de Buenos Aires","Buenos Aires",Argentina,100008065860375,"Alejandra Lopez",,1
Muldhara,Indumentaria,muldhara@facebook.com,"24 de Agosto",https://www.facebook.com/muldhara,28,,"Ciudad Autónoma de Buenos Aires","Buenos Aires",Argentina,100000880506560,"Belu Cepa Fraga",,1
Juan,Carreras,juandelascarreras@facebook.com,"24 de Agosto",https://www.facebook.com/juandelascarreras,30,,"Ciudad Autónoma de Buenos Aires","Buenos Aires",Argentina,570765519,"Pam Contreras",,1
Claudia,Vaz,claudia.vaz.332@facebook.com,"24 de Agosto",https://www.facebook.com/claudia.vaz.332,24,,"Ciudad Autónoma de Buenos Aires","Buenos Aires",Argentina,100000894890922,"Miqui Berriòs",https://www.facebook.com/miqui.berrios,1
Kathii,Diaz,kathii.diaz.9@facebook.com,"24 de Agosto",https://www.facebook.com/kathii.diaz.9,,,"Ciudad Autónoma de Buenos Aires","Buenos Aires",Argentina,1153023321,"Helena Robledo",,1
Sommiers,Dellarole,sommiers.dellarole@facebook.com,"24 de Agosto",https://www.facebook.com/sommiers.dellarole,26,,"Ciudad Autónoma de Buenos Aires","Buenos Aires",Argentina,100002529493231,"Melo Dellarole",https://www.facebook.com/melodellarole,1
Flor,Monteverde,florrmonteverde@facebook.com,"24 de Agosto",https://www.facebook.com/florrmonteverde,,,"Ciudad Autónoma de Buenos Aires","Buenos Aires",Argentina,1452759713,"Gianfranco Ferrati",,1
Santi,Manzanares,santi.manzanares.7@facebook.com,"24 de Agosto",https://www.facebook.com/santi.manzanares.7,,,"Ciudad Autónoma de Buenos Aires","Buenos Aires",Argentina,732832569,"Julieta Belen",,1
Elian,Trerotola,elian.mazzotta@facebook.com,"24 de Agosto",https://www.facebook.com/elian.mazzotta,,,"Ciudad Autónoma de Buenos Aires","Buenos Aires",Argentina,1348250625,"Bë Döbiencita",https://www.facebook.com/be.dobiencita,1
Peter,Lanzani,juan.kiki.756@facebook.com,"24 de Agosto",https://www.facebook.com/juan.kiki.756,24,,"Ciudad Autónoma de Buenos Aires","Buenos Aires",Argentina,100007193732517,"Agustin Sujo",https://www.facebook.com/agustin.sujook,1
Damian,Mahler,damian.mahler@facebook.com,"24 de Agosto",https://www.facebook.com/damian.mahler,26,,"Ciudad Autónoma de Buenos Aires","Buenos Aires",Argentina,738318211,"Yanina Battiato",,1
Pèdrììtòò,Sztajnszrajber,pedritodeblv@facebook.com,"24 de Agosto",https://www.facebook.com/pedritodEBLV,,,"Ciudad Autónoma de Buenos Aires","Buenos Aires",Argentina,100000235759595,"Carla Diaz",,1
Juan,Lanzani,juan.lanzani.359@facebook.com,"24 de Agosto",https://www.facebook.com/juan.lanzani.359,24,,"Ciudad Autónoma de Buenos Aires","Buenos Aires",Argentina,100001169016925,"Cielito Perez",,1
Givré,Doré,givre.dore@facebook.com,"24 de Agosto",https://www.facebook.com/givre.dore,26,,"Ciudad Autónoma de Buenos Aires","Buenos Aires",Argentina,100004257998452,"Aldana Queirolo",https://www.facebook.com/aldana.queirolo,1
Brenda,Sheila,brenda.lc.587@facebook.com,"24 de Agosto",https://www.facebook.com/brenda.lc.587,,,"Ciudad Autónoma de Buenos Aires","Buenos Aires",Argentina,100001965938101,"Piltra Toller",https://www.facebook.com/piltra,1
Rocio,Natalì,rocio.nflores@facebook.com,"24 de Agosto",https://www.facebook.com/rocio.nflores,24,"Villa Luro","Ciudad Autónoma de Buenos Aires","Buenos Aires",Argentina,1213527050,"Miranda Toderi",https://www.facebook.com/miranda.toderi,1
Luli,Manzano,lulimanzan@facebook.com,"24 de Agosto",https://www.facebook.com/lulimanzan,27,,"Ciudad Autónoma de Buenos Aires","Buenos Aires",Argentina,713604096,"Débora Piccirilli",https://www.facebook.com/debora.piccirilli1,1
"Rescatando Al Soldado",Monti,rescatandoalsoldado.monti@facebook.com,"24 de Agosto",https://www.facebook.com/rescatandoalsoldado.monti,30,,"Ciudad Autónoma de Buenos Aires","Buenos Aires",Argentina,100004050277310,"Pam Contreras",,1
Richard,Villetitt,richard.villetitt@facebook.com,"24 de Agosto",https://www.facebook.com/richard.villetitt,27,,"Ciudad Autónoma de Buenos Aires","Buenos Aires",Argentina,100005497834857,"Lo Lola",,1
Rochi,Verificada,rochi.igarzabal.verificada@facebook.com,"24 de Agosto",https://www.facebook.com/Rochi.Igarzabal.Verificada,25,,"Ciudad Autónoma de Buenos Aires","Buenos Aires",Argentina,1545948202,"Agustin Justin",https://www.facebook.com/Agustin.Justin,1
Rocio,Igarzabal,rochiigaar@facebook.com,"24 de Agosto",https://www.facebook.com/Rochiigaar,25,,"Ciudad Autónoma de Buenos Aires","Buenos Aires",Argentina,100003477982906,"Agustin Sujo",https://www.facebook.com/agustin.sujook,1
Ariel,Gonzalez,ariel.gonzalez.779205@facebook.com,"24 de Agosto",https://www.facebook.com/ariel.gonzalez.779205,,,"Ciudad Autónoma de Buenos Aires","Buenos Aires",Argentina,755494095,"Guido Blarasin",https://www.facebook.com/guido.blarasin,1
Marcos,Benzo,mbenzo1@facebook.com,"24 de Agosto",https://www.facebook.com/mbenzo1,21,,"Ciudad Autónoma de Buenos Aires","Buenos Aires",Argentina,1639216709,"Ale Ponzo",https://www.facebook.com/alee.ponzo,1
"Rocio R.",Igarzabal,tumiradamehacebien@facebook.com,"24 de Agosto",https://www.facebook.com/tumiradamehacebien,25,,"Ciudad Autónoma de Buenos Aires","Buenos Aires",Argentina,100008009070109,"Nahu Millicay Pereyra",https://www.facebook.com/nahumilli,1
Rochi,Igarzabal,rosaigarzabaloficial@facebook.com,"24 de Agosto",https://www.facebook.com/RosaIgarzabalOficial,25,,"Ciudad Autónoma de Buenos Aires","Buenos Aires",Argentina,100001155674302,"Agustin Sujo",https://www.facebook.com/agustin.sujook,1
Juli,Carusso,juli.carusso@facebook.com,"24 de Agosto",https://www.facebook.com/juli.carusso,,"Buenos Aires","Buenos Aires","Buenos Aires",Argentina,100000763518054,"Rebe Gonzalez",0,1
Juan,Lanzani,juan.lanzani.378@facebook.com,"24 de Agosto",https://www.facebook.com/juan.lanzani.378,24,,"Ciudad Autónoma de Buenos Aires","Buenos Aires",Argentina,1424379194,"Ana Glinberg",https://www.facebook.com/ana.glinberg,1
Leonardo,"Di Carlo",leo.aramis@facebook.com,"24 de Agosto",https://www.facebook.com/leo.aramis,29,,"Ciudad Autónoma de Buenos Aires","Buenos Aires",Argentina,100008081643005,"Paula Martínez",,1
Mar,Ramirez,elfacedelamar@facebook.com,"24 de Agosto",https://www.facebook.com/elfacedelamar,,,"Ciudad Autónoma de Buenos Aires","Buenos Aires",Argentina,100000197275548,"Martín Álvarez BA I",https://www.facebook.com/Woody.Blair,1
Augusto,"A. Schuster",augustoschusterverificado@facebook.com,"24 de Agosto",https://www.facebook.com/augustoschusterverificado,22,,"Ciudad Autónoma de Buenos Aires","Buenos Aires",Argentina,100008342026625,"Agustin Sujo",https://www.facebook.com/agustin.sujook,1
Rocío,Igarzabal,rocio.igarzabal.77312@facebook.com,"24 de Agosto",https://www.facebook.com/rocio.igarzabal.77312,,,"Ciudad Autónoma de Buenos Aires","Buenos Aires",Argentina,100002234897696,"Pablo Bravo",,1
"Juan Manuel","Vann Der Wint",juanmanuel.vannderwint@facebook.com,"24 de Agosto",https://www.facebook.com/juanmanuel.vannderwint,27,Recoleta,"Ciudad Autónoma de Buenos Aires","Buenos Aires",Argentina,100006337021438,"Cristian Fernandez Villamor",https://www.facebook.com/cristian.fernandezvillamo,1
Natalia,Alfaro,natalia.alfaro.37@facebook.com,"24 de Agosto",https://www.facebook.com/natalia.alfaro.37,,,"Ciudad Autónoma de Buenos Aires","Buenos Aires",Argentina,100002638522967,"Sabry Valenti",https://www.facebook.com/sabry.valenti,1
La,Cortesana,la.cortesana.9@facebook.com,"24 de Agosto",https://www.facebook.com/la.cortesana.9,24,,"Ciudad Autónoma de Buenos Aires","Buenos Aires",Argentina,100000263985053,"Carli Pellizzaro",https://www.facebook.com/Carlii,1
Thomas,Ditzend,thomas.ditzend@facebook.com,"24 de Agosto",https://www.facebook.com/thomas.ditzend,21,,"Ciudad Autónoma de Buenos Aires","Buenos Aires",Argentina,1182756993,"Maria Belén",,1
Nicolás,Tischler,nicolas.tischler1@facebook.com,"24 de Agosto",https://www.facebook.com/nicolas.tischler1,22,Colegiales,"Ciudad Autónoma de Buenos Aires","Distrito Federal",Argentina,100000728957770,"Matias Duarte",,1
"Macu Ailen",Aliberti,macuailen.aliberti@facebook.com,"24 de Agosto",https://www.facebook.com/macuailen.aliberti,21,,"Ciudad Autónoma de Buenos Aires","Buenos Aires",Argentina,100000919483795,"Julieta Belen",,1
Daii,Moliterno,veniiconmiigo@facebook.com,"24 de Agosto",https://www.facebook.com/veniiconmiigo,,,"Ciudad Autónoma de Buenos Aires","Buenos Aires",Argentina,1638684404,"Javier Potenza",,1
Brenda,Sutara,brenchu16yukki@facebook.com,"24 de Agosto",https://www.facebook.com/brenchu16yukki,21,,"Ciudad Autónoma de Buenos Aires","Buenos Aires",Argentina,1563755166,"Christian Douer Chuky",https://www.facebook.com/christian.chuky,1
Sofia,Antoniadis,sofiantoniadis@facebook.com,"24 de Agosto",https://www.facebook.com/sofiantoniadis,,,"Ciudad Autónoma de Buenos Aires","Buenos Aires",Argentina,717005570,"Facu Denegri",,1
Christian,Alloix,christian.alloix@facebook.com,"24 de Agosto",https://www.facebook.com/christian.alloix,,,"Ciudad Autónoma de Buenos Aires","Buenos Aires",Argentina,1209478155,"Agustina Pelle Müller",,1
Rapa,Varela,joaquin.varela.313@facebook.com,"24 de Agosto",https://www.facebook.com/joaquin.varela.313,30,,"Ciudad Autónoma de Buenos Aires","Buenos Aires",Argentina,1635012965,"Juan Manuel Vilagut",https://www.facebook.com/jvilagut1,1
Graciela,Coppola,apareciste.tu@facebook.com,"24 de Agosto",https://www.facebook.com/apareciste.tu,,Flores,"Ciudad Autónoma de Buenos Aires","Buenos Aires",Argentina,100001914316011,"Gisele Fratini",https://www.facebook.com/giakdmik,1
Luciana,Martinez,luuliimartinez@facebook.com,"24 de Agosto",https://www.facebook.com/LuuliiMartinez,,,"Ciudad Autónoma de Buenos Aires","Buenos Aires",Argentina,1604656994,"Brian Cano",,1
Guido,Mastandrea,riiverteamooooo@facebook.com,"25 de Agosto",https://www.facebook.com/RiiverTeAmooooo,26,,"Ciudad Autónoma de Buenos Aires","Buenos Aires",Argentina,100003214727299,"Celeste Heli",https://www.facebook.com/celeste.heli,1
La,"Calandria Deco",so.mystic.1@facebook.com,"25 de Agosto",https://www.facebook.com/so.mystic.1,25,,"Ciudad Autónoma de Buenos Aires","Buenos Aires",Argentina,100002524805996,"Andrea Flijer",https://www.facebook.com/andrea.flijer,1
Querida,Prudencia,querida.prudencia.3@facebook.com,"25 de Agosto",https://www.facebook.com/querida.prudencia.3,25,,"Ciudad Autónoma de Buenos Aires","Buenos Aires",Argentina,100002540334707,"Andrea Flijer",https://www.facebook.com/andrea.flijer,1
Karen,Kosyk,karen.kosyk@facebook.com,"25 de Agosto",https://www.facebook.com/karen.kosyk,27,,"Ciudad Autónoma de Buenos Aires","Buenos Aires",Argentina,852062277,"Marina Giordano",,1
"Juan Cruz",Paez,juancruz.paez.77@facebook.com,"25 de Agosto",https://www.facebook.com/juancruz.paez.77,23,,"Ciudad Autónoma de Buenos Aires","Buenos Aires",Argentina,100002517603309,"Emiliano Pirolo",https://www.facebook.com/emi.pirolo,1
Carla,Zapata,carla.stephaniezapata@facebook.com,"25 de Agosto",https://www.facebook.com/carla.stephaniezapata,,"La Paternal","Ciudad Autónoma de Buenos Aires","Buenos Aires",Argentina,771149232,"Felipe Cianciarulo",https://www.facebook.com/fcianciarulo,1
Catalina,Aras,catalina.aras@facebook.com,"25 de Agosto",https://www.facebook.com/catalina.aras,,,"Ciudad Autónoma de Buenos Aires","Buenos Aires",Argentina,1179562312,"Estefi Hilarza",https://www.facebook.com/estefi.hilarza,1
Maxi,Duarte,maxi.cumbiero.gato@facebook.com,"25 de Agosto",https://www.facebook.com/maxi.cumbiero.gato,,,"Ciudad Autónoma de Buenos Aires","Buenos Aires",Argentina,100000715449447,"Pamela Garrote",https://www.facebook.com/pamela.garrote,1
Pamee,Gonzalez,pame.gonzalez.1023@facebook.com,"25 de Agosto",https://www.facebook.com/pame.gonzalez.1023,24,,"Ciudad Autónoma de Buenos Aires","Buenos Aires",Argentina,100005084016698,"Fede Martino",,1
Killy,Eventos,killyy@facebook.com,"25 de Agosto",https://www.facebook.com/killyy,,,"Ciudad Autónoma de Buenos Aires","Buenos Aires",Argentina,1039302874,"Aniita Canta",https://www.facebook.com/Aniita.Canta,1
Cam,Rodriguez,cam.rodriguez.7@facebook.com,"25 de Agosto",https://www.facebook.com/cam.rodriguez.7,,,"Ciudad Autónoma de Buenos Aires","Buenos Aires",Argentina,1039567874,"Aniita Canta",https://www.facebook.com/Aniita.Canta,1
Luis,Diaz,luis.s.diaz.9@facebook.com,"25 de Agosto",https://www.facebook.com/luis.s.diaz.9,,,"Ciudad Autónoma de Buenos Aires","Buenos Aires",Argentina,1245392338,"Gimena Yamila Yerden Giaquinto",https://www.facebook.com/Gimetrance,1
Ludmila,"Dos Santos",ludmila.dossantos.98@facebook.com,"25 de Agosto",https://www.facebook.com/ludmila.dossantos.98,28,,"Ciudad Autónoma de Buenos Aires","Buenos Aires",Argentina,1342745456,"Cynthia Tatiana Martinez Neves",https://www.facebook.com/cynthiatatiana.martinezne,1
Johnny,Bisiglia,jbisiglia@facebook.com,"25 de Agosto",https://www.facebook.com/jbisiglia,28,,"Ciudad Autónoma de Buenos Aires","Buenos Aires",Argentina,776515137,"Lo Lola",,1
Nacho,Piñero,ignacioep@facebook.com,"25 de Agosto",https://www.facebook.com/Ignacioep,29,,"Ciudad Autónoma de Buenos Aires","Buenos Aires",Argentina,584689473,"Nicolas Brea",https://www.facebook.com/Nicolas.Brea,1
Juan,Ghirardelli,jighirardelli@facebook.com,"25 de Agosto",https://www.facebook.com/jighirardelli,26,,"Ciudad Autónoma de Buenos Aires","Buenos Aires",Argentina,683802123,"Victoria Roldán",https://www.facebook.com/marievickyroldan,1
Micaela,Camacho,miicaa.camacho@facebook.com,"25 de Agosto",https://www.facebook.com/Miicaa.Camacho,,,"Ciudad Autónoma de Buenos Aires","Buenos Aires",Argentina,1382582248,"Bren Gayol",,1
Pablo,Corigliano,pablo.cori@facebook.com,"25 de Agosto",https://www.facebook.com/pablo.cori,27,Avellaneda,"Ciudad Autónoma de Buenos Aires","Buenos Aires",Argentina,1272463753,"Ago Benedettini",https://www.facebook.com/ago.benedettini,1
"Fernando Angel",Santaolalla,fernandoangel.santaolalla@facebook.com,"25 de Agosto",https://www.facebook.com/fernandoangel.santaolalla,28,,"Ciudad Autónoma de Buenos Aires","Buenos Aires",Argentina,1510335197,"Sergio Acosta",,1
Francisco,Espindola,francisco.espindola.77@facebook.com,"25 de Agosto",https://www.facebook.com/francisco.espindola.77,,,"Ciudad Autónoma de Buenos Aires","Buenos Aires",Argentina,1001932852,"Pala Falguera",,1
Nicolas,Espinola,maxis.sound@facebook.com,"25 de Agosto",https://www.facebook.com/maxis.sound,28,,"Ciudad Autónoma de Buenos Aires","Buenos Aires",Argentina,100002701494260,"Demián Gabriel",,1
Lucas,Carranza,lulo.carranza@facebook.com,"25 de Agosto",https://www.facebook.com/lulo.carranza,,,"Ciudad Autónoma de Buenos Aires","Buenos Aires",Argentina,1245026997,"Victoria Casado",,1
Luciana,Malinverno,luciana.malinverno@facebook.com,"25 de Agosto",https://www.facebook.com/luciana.malinverno,28,,"Ciudad Autónoma de Buenos Aires","Buenos Aires",Argentina,1327294545,"Joni Aires",https://www.facebook.com/joniaires,1
Damian,Flores,damian.flores.505@facebook.com,"25 de Agosto",https://www.facebook.com/damian.flores.505,23,,"Ciudad Autónoma de Buenos Aires","Buenos Aires",Argentina,100000081773676,"Martín Álvarez BA I",https://www.facebook.com/Woody.Blair,1
Cesac,Peron,cesac.peron@facebook.com,"25 de Agosto",https://www.facebook.com/cesac.peron,23,,"Ciudad Autónoma de Buenos Aires","Buenos Aires",Argentina,100001786576603,"Natalia Walter",,1
Sole,Puerta,sole.puerta1@facebook.com,"25 de Agosto",https://www.facebook.com/sole.puerta1,,,"Ciudad Autónoma de Buenos Aires","Buenos Aires",Argentina,100000018917427,"Marina Castagnino",https://www.facebook.com/castagnino,1
Lmc,Moda,lmc.moda@facebook.com,"25 de Agosto",https://www.facebook.com/lmc.moda,,,"Ciudad Autónoma de Buenos Aires","Buenos Aires",Argentina,100000065241503,"Felicitas Ghigliotti",https://www.facebook.com/felicitas.ghigliotti,1
Coronados,ByMemi,coronadosdemoda.memi@facebook.com,"25 de Agosto",https://www.facebook.com/coronadosdemoda.memi,22,,"Ciudad Autónoma de Buenos Aires","Buenos Aires",Argentina,100002163676856,"Susan Romano",,1
Ito,Trescincoseis,agrandadito.moto@facebook.com,"25 de Agosto",https://www.facebook.com/agrandadito.moto,,,"Ciudad Autónoma de Buenos Aires","Buenos Aires",Argentina,100003609868364,"Lorenzo Carrere",https://www.facebook.com/lorenzo.carrere,1
Abrojo,Velzip,abrojo.velzip@facebook.com,"25 de Agosto",https://www.facebook.com/abrojo.velzip,,,"Ciudad Autónoma de Buenos Aires","Buenos Aires",Argentina,100000064047746,"Micaela Parisi",https://www.facebook.com/parisimica,1
Lucas,Mobrici,lucas.mobrici@facebook.com,"25 de Agosto",https://www.facebook.com/lucas.mobrici,,,"Ciudad Autónoma de Buenos Aires","Buenos Aires",Argentina,1161423431,"Nicolas Brea",https://www.facebook.com/Nicolas.Brea,1
Juan,Sbaraglia,juan.sbaraglia@facebook.com,"25 de Agosto",https://www.facebook.com/juan.sbaraglia,,,"Ciudad Autónoma de Buenos Aires","Buenos Aires",Argentina,1166493124,"Nicolas Brea",https://www.facebook.com/Nicolas.Brea,1
Milu,Tiribe,milu.tiribe@facebook.com,"25 de Agosto",https://www.facebook.com/milu.tiribe,,,"Ciudad Autónoma de Buenos Aires","Buenos Aires",Argentina,100002393630274,"Franco Palermo",,1
Expo,Natural,expo.natural@facebook.com,"25 de Agosto",https://www.facebook.com/expo.natural,,,"Ciudad Autónoma de Buenos Aires","Buenos Aires",Argentina,1339627440,"Felicitas Ghigliotti",https://www.facebook.com/felicitas.ghigliotti,1
Cotillon,Jaguiga,cotillon.jaguiga@facebook.com,"25 de Agosto",https://www.facebook.com/cotillon.jaguiga,28,,"Ciudad Autónoma de Buenos Aires","Buenos Aires",Argentina,100001981097200,"Natalia Magali Guglielmo",https://www.facebook.com/nataliamagali.guglielmo,1
Facundito,Mèndèz,sivisitasfirma@facebook.com,"25 de Agosto",https://www.facebook.com/SiVisitasFirma,,,"Ciudad Autónoma de Buenos Aires","Buenos Aires",Argentina,100000908874292,"Giiu Minniti",https://www.facebook.com/giiu.minniti,1
Llongueras,Cruz,llongueras.cruz@facebook.com,"25 de Agosto",https://www.facebook.com/llongueras.cruz,,,"Ciudad Autónoma de Buenos Aires","Buenos Aires",Argentina,100000935884270,"Laly Sereda",https://www.facebook.com/lalisereda,1
Maria,Quiroga,eugequiroga@facebook.com,"25 de Agosto",https://www.facebook.com/eugequiroga,,,"Ciudad Autónoma de Buenos Aires","Buenos Aires",Argentina,601959068,"Lulita Biagini",https://www.facebook.com/luciana.biagini,1
Max,Moratti,maximiliano.moratti@facebook.com,"25 de Agosto",https://www.facebook.com/maximiliano.moratti,26,,"Ciudad Autónoma de Buenos Aires","Buenos Aires",Argentina,558832465,"Franco Marcoccia",https://www.facebook.com/franco.marcoccia,1
Mallin,Dosmilonce,mallindosmilonce@facebook.com,"25 de Agosto",https://www.facebook.com/mallindosmilonce,,,"Ciudad Autónoma de Buenos Aires","Buenos Aires",Argentina,100000855627698,"Emiliano Pirolo",https://www.facebook.com/emi.pirolo,1
Lau,Funes,heylaau@facebook.com,"25 de Agosto",https://www.facebook.com/heylaau,,,"Ciudad Autónoma de Buenos Aires","Buenos Aires",Argentina,1312228486,"Agustina Gorrini",https://www.facebook.com/agustina.gorrini,1
"Ivan Matias",Guastaferro,ivanmatias.guastaferro@facebook.com,"25 de Agosto",https://www.facebook.com/ivanmatias.guastaferro,21,,"Ciudad Autónoma de Buenos Aires","Buenos Aires",Argentina,1318627291,"Facu Denegri",,1
Nanita,Grohl,nanita.grohl@facebook.com,"25 de Agosto",https://www.facebook.com/nanita.grohl,,,"Ciudad Autónoma de Buenos Aires","Buenos Aires",Argentina,1754191905,"Gisele Fratini",https://www.facebook.com/giakdmik,1
Gustavo,Jurjo,gustavo.jurjo@facebook.com,"25 de Agosto",https://www.facebook.com/gustavo.jurjo,26,,"Ciudad Autónoma de Buenos Aires","Buenos Aires",Argentina,100000061140499,"Dafne Antonella Zas Amy",,1
Mariela,Censori,mariela.censori@facebook.com,"25 de Agosto",https://www.facebook.com/mariela.censori,,,"Ciudad Autónoma de Buenos Aires","Buenos Aires",Argentina,506378374,"Jose Guevara",https://www.facebook.com/JoeGuevara81,1
"Indumentaria De Danza",Imaginarte,indumentariadedanza.imaginarte@facebook.com,"25 de Agosto",https://www.facebook.com/indumentariadedanza.imaginarte,24,,"Ciudad Autónoma de Buenos Aires","Buenos Aires",Argentina,100001175014342,"Miranda Toderi",https://www.facebook.com/miranda.toderi,1
Estudio,"Olga Herrero",estudio.olgaherrero@facebook.com,"25 de Agosto",https://www.facebook.com/estudio.olgaherrero,24,,"Ciudad Autónoma de Buenos Aires","Buenos Aires",Argentina,100001192723179,"Miranda Toderi",https://www.facebook.com/miranda.toderi,1
Derrape,ModelsAgency,derrape.models@facebook.com,"25 de Agosto",https://www.facebook.com/derrape.models,,,"Ciudad Autónoma de Buenos Aires","Buenos Aires",Argentina,100002478326030,"Yanina Battiato",,1
Dani,Gomez,daani.gomezz25@facebook.com,"25 de Agosto",https://www.facebook.com/daani.gomezz25,22,,"Ciudad Autónoma de Buenos Aires","Buenos Aires",Argentina,1561382568,"Lucas Funes",https://www.facebook.com/SkriLef14,1
Sabina,"Blanco Vecchi",sabina.blancovecchi@facebook.com,"25 de Agosto",https://www.facebook.com/sabina.blancovecchi,25,,"Ciudad Autónoma de Buenos Aires","Buenos Aires",Argentina,100001511634959,"Miranda Toderi",https://www.facebook.com/miranda.toderi,1
Lú,Sedova,lu.sedova.5@facebook.com,"26 de Agosto",https://www.facebook.com/lu.sedova.5,,,"Ciudad Autónoma de Buenos Aires","Buenos Aires",Argentina,100003928900746,"Juan José Merino Cagnones",https://www.facebook.com/jmerinocagnones,1
Osvaldo,Lezcano,osvaldo.lezcano.1654@facebook.com,"26 de Agosto",https://www.facebook.com/osvaldo.lezcano.1654,,,"Ciudad Autónoma de Buenos Aires","Buenos Aires",Argentina,100001037120223,"Agustina Pelle Müller",,1
Martin,Fellner,martin.fellner.50@facebook.com,"26 de Agosto",https://www.facebook.com/martin.fellner.50,26,,"Ciudad Autónoma de Buenos Aires","Buenos Aires",Argentina,100006170289813,"Anto Congiu",,1
Marce,"Ruiz II",marce.ruizii@facebook.com,"26 de Agosto",https://www.facebook.com/marce.ruizII,27,Flores,"Ciudad Autónoma de Buenos Aires","Buenos Aires",Argentina,100001413831353,"Cristian Fernandez Villamor",https://www.facebook.com/cristian.fernandezvillamo,1
Eri,Ruchtein,eri.ruchtein@facebook.com,"26 de Agosto",https://www.facebook.com/eri.ruchtein,,,"Ciudad Autónoma de Buenos Aires","Buenos Aires",Argentina,508709537,"Ronit Nates",https://www.facebook.com/ronates,1
Mauro,BN,mauro.libertario@facebook.com,"26 de Agosto",https://www.facebook.com/mauro.libertario,,,"Ciudad Autónoma de Buenos Aires","Buenos Aires",Argentina,100002828446749,"Maria Soledad Villamil",https://www.facebook.com/mariasoledad.villamil,1
Rosario,Asogaraymodels,rosario.asogaraymodels@facebook.com,"26 de Agosto",https://www.facebook.com/rosario.asogaraymodels,27,,"Ciudad Autónoma de Buenos Aires","Buenos Aires",Argentina,100005415612237,"Juan José Merino Cagnones",https://www.facebook.com/jmerinocagnones,1
Veronica,Rotela,vrotela1@facebook.com,"26 de Agosto",https://www.facebook.com/vrotela1,,,"Ciudad Autónoma de Buenos Aires","Buenos Aires",Argentina,1342583770,"Paula Castro",,1
Majo,Lotierzo,majo.lotierzo@facebook.com,"26 de Agosto",https://www.facebook.com/majo.lotierzo,,,"Ciudad Autónoma de Buenos Aires","Buenos Aires",Argentina,1354438303,"Gabriela Competiello",,1
Razmik,Yan,razmik.yan.3@facebook.com,"26 de Agosto",https://www.facebook.com/razmik.yan.3,,,"Ciudad Autónoma de Buenos Aires","Buenos Aires",Argentina,1006200837,"Artur Margaryan",,1
Edu,Pebé,edu.pebe@facebook.com,"26 de Agosto",https://www.facebook.com/edu.pebe,21,,"Ciudad Autónoma de Buenos Aires","Buenos Aires",Argentina,1403705971,"Caro Remedi",https://www.facebook.com/carol.remedi,1
Jonathan,Rivas,jonathan.rivas.71@facebook.com,"26 de Agosto",https://www.facebook.com/jonathan.rivas.71,,,"Ciudad Autónoma de Buenos Aires","Buenos Aires",Argentina,1327305659,"Emiliano Pirolo",https://www.facebook.com/emi.pirolo,1
Sacate,"la Duda",sacate.laduda@facebook.com,"26 de Agosto",https://www.facebook.com/sacate.laduda,,,"Ciudad Autónoma de Buenos Aires","Buenos Aires",Argentina,100003850590277,"Cristian Pluis",,1
La,Roxtar,laroxtar@facebook.com,"26 de Agosto",https://www.facebook.com/laroxtar,24,,"Ciudad Autónoma de Buenos Aires","Buenos Aires",Argentina,100001181142578,"Victoria Roldán",https://www.facebook.com/marievickyroldan,1
Bettiana,Nuñez,bettianan1@facebook.com,"26 de Agosto",https://www.facebook.com/bettianan1,29,,"Ciudad Autónoma de Buenos Aires","Buenos Aires",Argentina,100000589537435,"Chelu Chavez",https://www.facebook.com/chelu.chavez,1
"La Puta",Enamorada,laputa.enamorada@facebook.com,"26 de Agosto",https://www.facebook.com/laputa.enamorada,26,"San Telmo","Ciudad Autónoma de Buenos Aires","Distrito Federal",Argentina,100004177295156,"Aldana Queirolo",https://www.facebook.com/aldana.queirolo,1
Anto,Volpe,anto.volpe.9@facebook.com,"26 de Agosto",https://www.facebook.com/anto.volpe.9,,,"Ciudad Autónoma de Buenos Aires","Buenos Aires",Argentina,1179547336,"Nadia Denise",,1
Marcos,Giuliano,marcos.giuliano.5@facebook.com,"26 de Agosto",https://www.facebook.com/marcos.giuliano.5,23,"Buenos Aires","Buenos Aires","Buenos Aires",Argentina,100004341244068,"Clara Nosiglia",0,1
Soledad,Gutierrez,soledad.gutierrez.18@facebook.com,"26 de Agosto",https://www.facebook.com/soledad.gutierrez.18,,,"Ciudad Autónoma de Buenos Aires","Buenos Aires",Argentina,100001253151262,"Franco Marcoccia",https://www.facebook.com/franco.marcoccia,1
Adrian,"Fiesta II",adrian.fiestaii@facebook.com,"26 de Agosto",https://www.facebook.com/adrian.fiestaii,23,,"Ciudad Autónoma de Buenos Aires","Buenos Aires",Argentina,100005053681883,"Jessica Bellomo",https://www.facebook.com/JessBellomo,1
Indigo,Accesorios,indigo.accesorios.56@facebook.com,"26 de Agosto",https://www.facebook.com/indigo.accesorios.56,25,,"Ciudad Autónoma de Buenos Aires","Buenos Aires",Argentina,100000929106137,"Catalina Plá Señorans",https://www.facebook.com/catalina.pla,1
Celeste,Reyesa,celeste.reyesa@facebook.com,"26 de Agosto",https://www.facebook.com/celeste.reyesa,27,"San Telmo","Ciudad Autónoma de Buenos Aires","Buenos Aires",Argentina,100003236637408,"Tomi Rodriguez",,1
Vanesa,Arregui,vanesa.arregui.9@facebook.com,"26 de Agosto",https://www.facebook.com/vanesa.arregui.9,24,,"Ciudad Autónoma de Buenos Aires","Buenos Aires",Argentina,100004995042212,"Mariela Alonso",,1
Estefania,Holman,estefyholman@facebook.com,"26 de Agosto",https://www.facebook.com/estefyholman,,,"Ciudad Autónoma de Buenos Aires","Buenos Aires",Argentina,100001752900183,"Emiliano Zabala",,1
Maximo,Yazlle,myazlle@facebook.com,"26 de Agosto",https://www.facebook.com/myazlle,,,"Ciudad Autónoma de Buenos Aires","Buenos Aires",Argentina,1439277436,"Joaquin Barraco",https://www.facebook.com/chino.barraco,1
Ayelen,Guevara,ayi.mili@facebook.com,"26 de Agosto",https://www.facebook.com/Ayi.mili,26,,"Ciudad Autónoma de Buenos Aires","Buenos Aires",Argentina,563929166,"Dorian Mori",https://www.facebook.com/Dorian.Mori,1
Sbbanquete,Banquetes,sbbanquetes@facebook.com,"26 de Agosto",https://www.facebook.com/sbbanquetes,,,"Ciudad Autónoma de Buenos Aires","Buenos Aires",Argentina,100002485685344,"Juan Manuel Fotografo",https://www.facebook.com/JuanmaJMFotoEstudio,1
Naty,Borasi,natii.perez@facebook.com,"26 de Agosto",https://www.facebook.com/NATII.PEREZ,,,"Ciudad Autónoma de Buenos Aires","Buenos Aires",Argentina,1503807289,"Bë Döbiencita",https://www.facebook.com/be.dobiencita,1
Patricia,Espinola,paty.espinola.3@facebook.com,"26 de Agosto",https://www.facebook.com/paty.espinola.3,,,"Ciudad Autónoma de Buenos Aires","Buenos Aires",Argentina,1160061360,"Juanma Ramirez",,1
Diego,Maya,diego.maya.988@facebook.com,"26 de Agosto",https://www.facebook.com/diego.maya.988,26,,"Ciudad Autónoma de Buenos Aires","Buenos Aires",Argentina,100003629467769,"Gisele Galia",https://www.facebook.com/gisele.galia,1
Luli,Pini,lulipini@facebook.com,"26 de Agosto",https://www.facebook.com/lulipini,,,"Ciudad Autónoma de Buenos Aires","Buenos Aires",Argentina,1334921043,"Pato Franco",,1
Guilherme,"Okoti de Melo",guilherme.okotidemelo@facebook.com,"26 de Agosto",https://www.facebook.com/guilherme.okotidemelo,,,"Ciudad Autónoma de Buenos Aires","Buenos Aires",Argentina,100002372036551,"Carolina Ataides Sena Barcelos",https://www.facebook.com/kkbarcellos,1
"Grupo A",Consultora,grupoa.consultora@facebook.com,"26 de Agosto",https://www.facebook.com/grupoa.consultora,25,,"Ciudad Autónoma de Buenos Aires","Buenos Aires",Argentina,100000972285788,"Maria Lucila Quarleri",https://www.facebook.com/maria.quarleri,1
Adri,Pezechis,adrimcfly@facebook.com,"26 de Agosto",https://www.facebook.com/AdriMcFly,,,"Ciudad Autónoma de Buenos Aires","Buenos Aires",Argentina,1137026307,"Yanina Battiato",,1
Diego,Puntieri,diego.r.p.d.p@facebook.com,"26 de Agosto",https://www.facebook.com/DIEGO.R.P.D.P,28,,"Ciudad Autónoma de Buenos Aires","Buenos Aires",Argentina,100001859656084,"Brenda Araceli Gonzalez",https://www.facebook.com/brendaaraceli.gonzalez,1
Soledad,Demaría,soledad.demaria.9@facebook.com,"26 de Agosto",https://www.facebook.com/soledad.demaria.9,22,,"Ciudad Autónoma de Buenos Aires","Buenos Aires",Argentina,1133251964,"Emiliano Pirolo",https://www.facebook.com/emi.pirolo,1
Geronimo,"Fernandez Chavez",geronimo.fernandezchavez@facebook.com,"26 de Agosto",https://www.facebook.com/geronimo.fernandezchavez,,,"Ciudad Autónoma de Buenos Aires","Buenos Aires",Argentina,1567166878,"Juanita Lupetrone",https://www.facebook.com/jlupetrone,1
Nico,Eze,nicoeze@facebook.com,"26 de Agosto",https://www.facebook.com/nicoeze,28,,"Ciudad Autónoma de Buenos Aires","Buenos Aires",Argentina,1668333811,"Ignacio Lines Ceruti",https://www.facebook.com/ignacio.lines,1
Celes,Delgado,celes.delgado.3@facebook.com,"26 de Agosto",https://www.facebook.com/celes.delgado.3,,,"Ciudad Autónoma de Buenos Aires","Buenos Aires",Argentina,100002645687821,"Vale Piedra",https://www.facebook.com/Valepiedra,1
Soolee,Sz,laculii.suelta.1@facebook.com,"26 de Agosto",https://www.facebook.com/laculii.suelta.1,23,,"Ciudad Autónoma de Buenos Aires","Buenos Aires",Argentina,100000915348657,"Agustina Pelle Müller",,1
Carito,Luna,carito.luna.54@facebook.com,"26 de Agosto",https://www.facebook.com/carito.luna.54,28,,"Ciudad Autónoma de Buenos Aires","Buenos Aires",Argentina,100003883971106,"Julieta Olmedo Cortese",https://www.facebook.com/poshipo,1
Esmeralda,Criscuolo,esmeralda.criscuolo@facebook.com,"26 de Agosto",https://www.facebook.com/esmeralda.criscuolo,,"Buenos Aires","Buenos Aires","Buenos Aires",Argentina,100000070420195,"Natalia Schönfeld",0,1
Celee,Chukii,celee.chukii@facebook.com,"26 de Agosto",https://www.facebook.com/celee.chukii,,,"Ciudad Autónoma de Buenos Aires","Buenos Aires",Argentina,100001402902165,"Juanma Ramirez",,1
Marianita,Torres,marianintorres@facebook.com,"26 de Agosto",https://www.facebook.com/marianintorres,28,"Buenos Aires","Buenos Aires","Buenos Aires",Argentina,586122377,"David Ricardo Irusta",0,1
Desayunos,Celes,desayunos.celes@facebook.com,"26 de Agosto",https://www.facebook.com/desayunos.celes,30,,"Ciudad Autónoma de Buenos Aires","Buenos Aires",Argentina,100003029202745,"Juan Manuel Fotografo",https://www.facebook.com/JuanmaJMFotoEstudio,1
Nico,Wilamovsky,nico.wilamovsky@facebook.com,"26 de Agosto",https://www.facebook.com/nico.wilamovsky,21,,"Ciudad Autónoma de Buenos Aires","Buenos Aires",Argentina,518457972,"Eve Schiera",,1
Juan,Leon,juan.leon.3910@facebook.com,"26 de Agosto",https://www.facebook.com/juan.leon.3910,23,,"Ciudad Autónoma de Buenos Aires","Buenos Aires",Argentina,100003274572704,"Belu Alvarez",,1
Flopi,Scaramuccia,flopi.scaramuccia@facebook.com,"26 de Agosto",https://www.facebook.com/flopi.scaramuccia,,,"Ciudad Autónoma de Buenos Aires","Buenos Aires",Argentina,1321657391,"Sabry Valenti",https://www.facebook.com/sabry.valenti,1
Nena,Turquesa,dosparaelamor@facebook.com,"26 de Agosto",https://www.facebook.com/dosparaelamor,22,,"Ciudad Autónoma de Buenos Aires","Buenos Aires",Argentina,100003189704243,"Sindy Elisa Szczucky",https://www.facebook.com/sindy.szczucky,1
Tendencias,BuenosAires,tendencias.bs.as@facebook.com,"27 de Agosto",https://www.facebook.com/TENDENCIAS.Bs.As,,,"Ciudad Autónoma de Buenos Aires","Buenos Aires",Argentina,1161129640,"Flor De Santa",https://www.facebook.com/florencia.pacella,1
Ale,Quintana,ale.quintana.370@facebook.com,"27 de Agosto",https://www.facebook.com/ale.quintana.370,,,"Ciudad Autónoma de Buenos Aires","Buenos Aires",Argentina,1376799271,"Agustina Pelle Müller",,1
Mati,Petit,matias.petit.1@facebook.com,"27 de Agosto",https://www.facebook.com/matias.petit.1,27,,"Ciudad Autónoma de Buenos Aires","Buenos Aires",Argentina,1617914920,"Camila Gonzalez C",https://www.facebook.com/letmerocknrollyou,1
"Juan Gabriel",Montenegro,juangabriel.montenegro.5@facebook.com,"27 de Agosto",https://www.facebook.com/juangabriel.montenegro.5,,,"Ciudad Autónoma de Buenos Aires","Buenos Aires",Argentina,100002390719120,"Facu Denegri",,1
Camila,Ivanissevich,camila.ivanissevich.3@facebook.com,"27 de Agosto",https://www.facebook.com/camila.ivanissevich.3,29,Array,"Ciudad Autónoma de Buenos Aires","Buenos Aires",Argentina,1496102731,"Agustina Rabioglio",0,1
Belen,Perri,belen.perri@facebook.com,"27 de Agosto",https://www.facebook.com/belen.perri,27,,"Ciudad Autónoma de Buenos Aires","Buenos Aires",Argentina,1146542324,"AnGie Bensignor",https://www.facebook.com/AnGieBensignor,1
Juliá,Facundo,facuujulia@facebook.com,"27 de Agosto",https://www.facebook.com/facuujulia,,,"Ciudad Autónoma de Buenos Aires","Buenos Aires",Argentina,100000571759374,"Celeste Heli",https://www.facebook.com/celeste.heli,1
Chano,Basseau,chanobasseau@facebook.com,"27 de Agosto",https://www.facebook.com/chanobasseau,,,"Ciudad Autónoma de Buenos Aires","Buenos Aires",Argentina,1263633225,"Charly Ruez",https://www.facebook.com/charly.ruez,1
Guada,Otero,guada.otero.33@facebook.com,"27 de Agosto",https://www.facebook.com/guada.otero.33,23,"Buenos Aires","Buenos Aires","Buenos Aires",Argentina,1543006761,"Peter GC",0,1
Micaela,Tinelli,micatinelli01@facebook.com,"27 de Agosto",https://www.facebook.com/micatinelli01,26,,"Ciudad Autónoma de Buenos Aires","Buenos Aires",Argentina,100004832266564,"Cristian Fernandez Villamor",https://www.facebook.com/cristian.fernandezvillamo,1
Nanu,CaRp,riverteamonanu@facebook.com,"27 de Agosto",https://www.facebook.com/RiverTeAmoNanu,,,"Ciudad Autónoma de Buenos Aires","Buenos Aires",Argentina,100001123608527,"Agustina Pelle Müller",,1
Mel,Nardi,melnardi@facebook.com,"27 de Agosto",https://www.facebook.com/MelNardi,,,"Ciudad Autónoma de Buenos Aires","Buenos Aires",Argentina,100000226201454,"Ian Szejner",,1
Agus,Avalos,aguss.avaloss@facebook.com,"27 de Agosto",https://www.facebook.com/aguss.avaloss,,,"Ciudad Autónoma de Buenos Aires","Buenos Aires",Argentina,1397749454,"Facu Denegri",,1
Flaco,Ge,nelson.gimenez2@facebook.com,"27 de Agosto",https://www.facebook.com/nelson.gimenez2,27,,"Ciudad Autónoma de Buenos Aires","Buenos Aires",Argentina,100001291650274,"Carla Giovana",,1
Belu,Escobar,belu.escobar@facebook.com,"27 de Agosto",https://www.facebook.com/belu.escobar,21,,"Ciudad Autónoma de Buenos Aires","Buenos Aires",Argentina,1608541611,"Nico Mackinlay",,1
Eqilivra,EQ,eqilivra.rock@facebook.com,"27 de Agosto",https://www.facebook.com/eqilivra.rock,,,"Ciudad Autónoma de Buenos Aires","Buenos Aires",Argentina,1818453343,"La Rockeria",https://www.facebook.com/oveja1,1
Dulcinea,Tevaagustar,dulcinea.tevaagustar@facebook.com,"27 de Agosto",https://www.facebook.com/dulcinea.tevaagustar,,,"Ciudad Autónoma de Buenos Aires","Buenos Aires",Argentina,100002898332706,"Natalia Tarelli",,1
Alejandro,Ordoñez,alejandro.ordonez1@facebook.com,"27 de Agosto",https://www.facebook.com/alejandro.ordonez1,,,"Ciudad Autónoma de Buenos Aires","Buenos Aires",Argentina,1034432962,"Gonzalo Bussetti",https://www.facebook.com/gonzalo.bussetti,1
Atii,Riveros,atilanariveros.blanco@facebook.com,"27 de Agosto",https://www.facebook.com/atilanariveros.blanco,24,"Buenos Aires","Buenos Aires","Buenos Aires",Argentina,100003354448592,"Alan Yun",0,1
"Siamo Fuori",Devoto,siamofuori.devoto@facebook.com,"27 de Agosto",https://www.facebook.com/siamofuori.devoto,,"Villa Devoto","Ciudad Autónoma de Buenos Aires","Buenos Aires",Argentina,100001699952965,"Ramiro Prieto",,1
"Andres Ysmael","Arias Estrada",ismael.arias3@facebook.com,"27 de Agosto",https://www.facebook.com/ismael.arias3,,,"Ciudad Autónoma de Buenos Aires","Buenos Aires",Argentina,1375856896,"Ivan Lisz",,1
Fa,Popurrí,zeta.carteras@facebook.com,"27 de Agosto",https://www.facebook.com/zeta.carteras,,,"Ciudad Autónoma de Buenos Aires","Buenos Aires",Argentina,100001991962496,"Gisele Galia",https://www.facebook.com/gisele.galia,1
Carolina,Romero,carolina.romero.96343@facebook.com,"27 de Agosto",https://www.facebook.com/carolina.romero.96343,25,"Buenos Aires","Buenos Aires","Buenos Aires",Argentina,100001568702000,"Juan Pablo Aleman",0,1
"Sandra E",Rolon,sandrae.rolon.5@facebook.com,"27 de Agosto",https://www.facebook.com/sandrae.rolon.5,24,,"Ciudad Autónoma de Buenos Aires","Buenos Aires",Argentina,100005481251640,"Claudio Arias",https://www.facebook.com/clautrance,1
Micaela,Chirivino,micaela.chirivino@facebook.com,"27 de Agosto",https://www.facebook.com/micaela.chirivino,29,,"Ciudad Autónoma de Buenos Aires","Buenos Aires",Argentina,1023264048,"Valentin Abelardo",https://www.facebook.com/valentin.abelardo,1
Guillermo,Vázquez,drguillermovazquez@facebook.com,"27 de Agosto",https://www.facebook.com/drguillermovazquez,,,"Ciudad Autónoma de Buenos Aires","Buenos Aires",Argentina,1454414907,"Juan José Merino Cagnones",https://www.facebook.com/jmerinocagnones,1
Seba,Rodriguez,seba.rodriguez.129@facebook.com,"27 de Agosto",https://www.facebook.com/seba.rodriguez.129,,,"Ciudad Autónoma de Buenos Aires","Buenos Aires",Argentina,1611669942,"Daniela Sevilla",,1
Diego,Maldonado,diego.maldonado.73550@facebook.com,"27 de Agosto",https://www.facebook.com/diego.maldonado.73550,27,,"Ciudad Autónoma de Buenos Aires","Buenos Aires",Argentina,100001754961075,"Agustina Pelle Müller",,1
Andres,Wade,andres.wade.1@facebook.com,"27 de Agosto",https://www.facebook.com/andres.wade.1,,,"Ciudad Autónoma de Buenos Aires","Buenos Aires",Argentina,750519470,"Matias Duarte",,1
Kyky,Quintana,julio.quintana.94@facebook.com,"27 de Agosto",https://www.facebook.com/julio.quintana.94,,,"Ciudad Autónoma de Buenos Aires","Buenos Aires",Argentina,1054781087,"Claudia Lopez",,1
"Raul Augusto Gonzalez",Gonzalez,raulaugustogonzalez.gonzalez@facebook.com,"27 de Agosto",https://www.facebook.com/raulaugustogonzalez.gonzalez,,,"Ciudad Autónoma de Buenos Aires","Buenos Aires",Argentina,1105009657,"Clara Ryan",https://www.facebook.com/clariryaneventos,1
Aguus,Thinn,agustin.batica.5@facebook.com,"27 de Agosto",https://www.facebook.com/agustin.batica.5,24,,"Ciudad Autónoma de Buenos Aires","Buenos Aires",Argentina,100004857942560,"Ale Arias Mandarine Park",,1
Alexis,Rodriguez,alexis.rodriguez.3954@facebook.com,"27 de Agosto",https://www.facebook.com/alexis.rodriguez.3954,27,,"Ciudad Autónoma de Buenos Aires","Buenos Aires",Argentina,1671576457,"Pedro Lopezyfernandez",https://www.facebook.com/pedronahuel,1
Camii,Barraza,camila.a.barraza@facebook.com,"27 de Agosto",https://www.facebook.com/camila.a.barraza,,Congreso,"Ciudad Autónoma de Buenos Aires","Buenos Aires",Argentina,1077853701,"Silvia Mesa Fernandez",https://www.facebook.com/silvia.mesafernandez,1
Guido,Vazquez,guidin.vazquez@facebook.com,"27 de Agosto",https://www.facebook.com/guidin.vazquez,,,"Ciudad Autónoma de Buenos Aires","Buenos Aires",Argentina,1219820226,"Aniita Canta",https://www.facebook.com/Aniita.Canta,1
Nanii,Belem,nanii.belen.7@facebook.com,"27 de Agosto",https://www.facebook.com/nanii.belen.7,21,,"Ciudad Autónoma de Buenos Aires","Buenos Aires",Argentina,100001391700539,"Juanma Ramirez",,1
Laura,Avanzi,laura.avanzi.33@facebook.com,"27 de Agosto",https://www.facebook.com/laura.avanzi.33,25,,"Ciudad Autónoma de Buenos Aires","Buenos Aires",Argentina,819960426,"Anto D'Amato",https://www.facebook.com/anto.dama,1
Dolores,Imaz,dolores.imaz@facebook.com,"27 de Agosto",https://www.facebook.com/dolores.imaz,,,"Ciudad Autónoma de Buenos Aires","Buenos Aires",Argentina,780162341,"Santi Osterc",https://www.facebook.com/santiosterc,1
Mauricio,Rivero,mauricarpr@facebook.com,"27 de Agosto",https://www.facebook.com/mauricarpr,,,"Ciudad Autónoma de Buenos Aires","Buenos Aires",Argentina,100002264408856,"Brenda Araceli Gonzalez",https://www.facebook.com/brendaaraceli.gonzalez,1
Lucas,Lamandia,lucas.lamandia@facebook.com,"27 de Agosto",https://www.facebook.com/lucas.lamandia,,,"Ciudad Autónoma de Buenos Aires","Buenos Aires",Argentina,1389669613,"Javier Potenza",,1
Johnzhitoo,Hermez,johnzhitooo@facebook.com,"27 de Agosto",https://www.facebook.com/johnzhitooo,,,"Ciudad Autónoma de Buenos Aires","Buenos Aires",Argentina,100001680267278,"David Zalasar",https://www.facebook.com/Davidcocktails,1
"Jesus Alexis",Aguilera,jesusalexis.aguilera@facebook.com,"27 de Agosto",https://www.facebook.com/jesusalexis.aguilera,,,"Ciudad Autónoma de Buenos Aires","Buenos Aires",Argentina,100001060933983,"Emiliano Pirolo",https://www.facebook.com/emi.pirolo,1
Yesica,Azcona,yesica.azcona@facebook.com,"27 de Agosto",https://www.facebook.com/yesica.azcona,,,"Ciudad Autónoma de Buenos Aires","Buenos Aires",Argentina,1295258321,"Ale Arias Mandarine Park",,1
Olivia,Viggiano,olivia.chornogubsky.94@facebook.com,"27 de Agosto",https://www.facebook.com/olivia.chornogubsky.94,24,,"Ciudad Autónoma de Buenos Aires","Buenos Aires",Argentina,100007692633489,"Nicolas Baumann",https://www.facebook.com/redcarpetpalermo,1
