Nombre,Apellido,"Email Facebook",Cumpleaños,"Usuario Facebook",Edad,Barrio,Ciudad,Provincia,Pais,"ID Facebook","Amigo De","Amigo De (Usuario)"
"Irene Gala",Perez,irenegala.perez@facebook.com,"27 de Junio",https://www.facebook.com/irenegala.perez,21,,"Ciudad Autónoma de Buenos Aires","Buenos Aires",Argentina,1173441660,"Agus Carranza",
Carlos,Balestra,carlos.balestra.7@facebook.com,"27 de Junio",https://www.facebook.com/carlos.balestra.7,28,,"Ciudad Autónoma de Buenos Aires","Buenos Aires",Argentina,752394064,"Agus Terra Medina",https://www.facebook.com/kiki.terra
Julian,Percincula,julian.percincula@facebook.com,"27 de Junio",https://www.facebook.com/julian.percincula,23,,"Ciudad Autónoma de Buenos Aires","Buenos Aires",Argentina,1546005725,"Agustina Pelle Müller",
Sofia,Suarez,sofia.suarez.9277@facebook.com,"27 de Junio",https://www.facebook.com/sofia.suarez.9277,26,,"Ciudad Autónoma de Buenos Aires","Buenos Aires",Argentina,1107087228,"Agustina Saenz",
Mica,Archiópoli,mica.archiopoli@facebook.com,"27 de Junio",https://www.facebook.com/mica.archiopoli,22,,"Ciudad Autónoma de Buenos Aires","Buenos Aires",Argentina,1118135706,"Ailin Majeras",https://www.facebook.com/ailin.majeras
Guille,Fernandez,guilleexequiel@facebook.com,"27 de Junio",https://www.facebook.com/guilleexequiel,22,,"Ciudad Autónoma de Buenos Aires","Buenos Aires",Argentina,100002183927666,"Ale Arias Mandarine Park",
Javier,Finocchio,javi.claxin@facebook.com,"27 de Junio",https://www.facebook.com/javi.claxin,26,,"Ciudad Autónoma de Buenos Aires","Buenos Aires",Argentina,1027004828,"Alexia Garcia",https://www.facebook.com/garciaalexiia
Paula,Araujo,paliaraujo@facebook.com,"27 de Junio",https://www.facebook.com/paliaraujo,23,,"Ciudad Autónoma de Buenos Aires","Buenos Aires",Argentina,719953121,"Alexia Garcia",https://www.facebook.com/garciaalexiia
Nacho,Saeed,nacho.saeed@facebook.com,"27 de Junio",https://www.facebook.com/nacho.saeed,29,,"Ciudad Autónoma de Buenos Aires","Buenos Aires",Argentina,506751565,"Alexia Garcia",https://www.facebook.com/garciaalexiia
Rocio,Neves,rocio.neves@facebook.com,"27 de Junio",https://www.facebook.com/rocio.neves,26,,"Ciudad Autónoma de Buenos Aires","Buenos Aires",Argentina,1117195959,"Amalia Mihaljevic",https://www.facebook.com/amalia.mihaljevic
Federico,Klosowski,federico.klosowski@facebook.com,"27 de Junio",https://www.facebook.com/federico.klosowski,27,,"Ciudad Autónoma de Buenos Aires","Buenos Aires",Argentina,100001630124320,"Anita Sol Malpassi",https://www.facebook.com/anitasol.malpassi
El,Squishi,el.squishi@facebook.com,"27 de Junio",https://www.facebook.com/el.squishi,29,,"Ciudad Autónoma de Buenos Aires","Buenos Aires",Argentina,1404985880,"Annie Silva",https://www.facebook.com/AnnieGaleano
Jonathan,Kania,jonathan.kania@facebook.com,"27 de Junio",https://www.facebook.com/jonathan.kania,27,,"Ciudad Autónoma de Buenos Aires","Buenos Aires",Argentina,763649790,"Ariel Galinski",https://www.facebook.com/ariel.galinski
Ollie,Scklarovsky,ollie.scklarovsky@facebook.com,"27 de Junio",https://www.facebook.com/ollie.scklarovsky,24,,"Ciudad Autónoma de Buenos Aires","Buenos Aires",Argentina,100004019114805,"Ariel Villarreal",
Federico,Palavecino,federicochapu.palavecino@facebook.com,"27 de Junio",https://www.facebook.com/federicochapu.palavecino,23,"Villa Soldati","Ciudad Autónoma de Buenos Aires","Buenos Aires",Argentina,100000159118118,"Barby Suarez",https://www.facebook.com/barby1522
Julieta,García,juliigarcia@facebook.com,"27 de Junio",https://www.facebook.com/juliigarcia,25,,"Ciudad Autónoma de Buenos Aires","Buenos Aires",Argentina,1165583839,"Braii Venieri",https://www.facebook.com/BraianVenieri
Santi,Lisio,santiago.lisio@facebook.com,"27 de Junio",https://www.facebook.com/santiago.lisio,22,,"Ciudad Autónoma de Buenos Aires","Buenos Aires",Argentina,1296405938,"Brian Cano",
Vale,Liguori,vale.liguori@facebook.com,"27 de Junio",https://www.facebook.com/vale.liguori,26,,"Ciudad Autónoma de Buenos Aires","Buenos Aires",Argentina,672654525,"Brian Hettich",https://www.facebook.com/brianghettich
Dani,Ramos,dani.ramos.37@facebook.com,"27 de Junio",https://www.facebook.com/dani.ramos.37,28,,"Ciudad Autónoma de Buenos Aires","Buenos Aires",Argentina,567022310,"Cami Maranessi",https://www.facebook.com/cami.maranessi
Laura,Díaz,dibujopintoycoloreo@facebook.com,"27 de Junio",https://www.facebook.com/dibujopintoycoloreo,26,,"Ciudad Autónoma de Buenos Aires","Buenos Aires",Argentina,851250191,"Cami Papiccio",https://www.facebook.com/cami.papiccio
Juan,Racioppi,juan.m.racioppi@facebook.com,"27 de Junio",https://www.facebook.com/juan.m.racioppi,28,,"Ciudad Autónoma de Buenos Aires","Buenos Aires",Argentina,614141186,"Carina Viernickel",
Tamara,Reina,tamara.reina.5@facebook.com,"27 de Junio",https://www.facebook.com/tamara.reina.5,25,,"Ciudad Autónoma de Buenos Aires","Buenos Aires",Argentina,1116529703,"Chechu Acea",
Alan,Borensztein,alanborens@facebook.com,"27 de Junio",https://www.facebook.com/alanborens,25,,"Ciudad Autónoma de Buenos Aires","Buenos Aires",Argentina,1230967383,"Chechu Acea",
Melody,Neira,melody.neira@facebook.com,"27 de Junio",https://www.facebook.com/melody.neira,23,"San Telmo","Ciudad Autónoma de Buenos Aires","Buenos Aires",Argentina,1301013959,"Christian Douer Chuky",https://www.facebook.com/christian.chuky
Giuli,Gds,giuli.gds@facebook.com,"27 de Junio",https://www.facebook.com/giuli.gds,22,,"Ciudad Autónoma de Buenos Aires","Buenos Aires",Argentina,1788766814,"Cristian Andres Romano",
Cooly,Arte,coolyarte@facebook.com,"27 de Junio",https://www.facebook.com/coolyarte,22,,"Ciudad Autónoma de Buenos Aires","Buenos Aires",Argentina,1791532720,"Cristian Andres Romano",
Santiago,Bussi,santiago.bussi.7@facebook.com,"27 de Junio",https://www.facebook.com/santiago.bussi.7,28,,"Ciudad Autónoma de Buenos Aires","Buenos Aires",Argentina,706419739,"Cristian Pluis",
"María Paz",Depetris,mariapaz.depetris@facebook.com,"27 de Junio",https://www.facebook.com/mariapaz.depetris,23,,"Ciudad Autónoma de Buenos Aires","Buenos Aires",Argentina,582773051,"Daiana Soledad Pintos",https://www.facebook.com/Sheena.is
Ainho,Ferretti,ainho.ferretti@facebook.com,"27 de Junio",https://www.facebook.com/ainho.ferretti,28,,"Ciudad Autónoma de Buenos Aires","Buenos Aires",Argentina,751410509,"Dario Larreina",https://www.facebook.com/dariol80
Penélope,Laspiur,penelope.laspiur@facebook.com,"27 de Junio",https://www.facebook.com/penelope.laspiur,29,,"Ciudad Autónoma de Buenos Aires","Buenos Aires",Argentina,713388430,"Dorian Mori",https://www.facebook.com/Dorian.Mori
Rechy,Montania,RechyMontania@facebook.com,"27 de Junio",https://www.facebook.com/RechyMontania,28,,"Ciudad Autónoma de Buenos Aires","Buenos Aires",Argentina,537889029,"Emanuel Gaston Perdigues",https://www.facebook.com/emaxpx
Germán,Molina,german.molina.90@facebook.com,"27 de Junio",https://www.facebook.com/german.molina.90,23,,"Ciudad Autónoma de Buenos Aires","Buenos Aires",Argentina,1131042235,"Emanuel Gaston Perdigues",https://www.facebook.com/emaxpx
Mile,Zabala,natalia.gargia.7@facebook.com,"27 de Junio",https://www.facebook.com/natalia.gargia.7,24,,"Ciudad Autónoma de Buenos Aires","Buenos Aires",Argentina,100003554211133,"Emiliano Zabala",
Gonzalo,Prieto,gonzalo.prieto.1293@facebook.com,"27 de Junio",https://www.facebook.com/gonzalo.prieto.1293,25,,"Ciudad Autónoma de Buenos Aires","Buenos Aires",Argentina,834245137,"Estefi Hilarza",https://www.facebook.com/estefi.hilarza
Florencia,Lera,florvegal@facebook.com,"27 de Junio",https://www.facebook.com/florvegal,22,,"Ciudad Autónoma de Buenos Aires","Buenos Aires",Argentina,667416547,"Facundo Bulacio",https://www.facebook.com/facundo.bulacio
Carolina,Verónica,carolina.veronica.decono@facebook.com,"27 de Junio",https://www.facebook.com/carolina.veronica.decono,25,"Buenos Aires","Buenos Aires","Buenos Aires",Argentina,1009599150,"Fett Maidana",fett.maidana
Jesus,Jesus,jesus.negrete.52012@facebook.com,"27 de Junio",https://www.facebook.com/jesus.negrete.52012,22,"Buenos Aires","Buenos Aires","Buenos Aires",Argentina,100007364610584,"Fett Maidana",fett.maidana
Ale,Rock,alecure@facebook.com,"27 de Junio",https://www.facebook.com/alecure,27,Array,"Ciudad Autónoma de Buenos Aires","Buenos Aires",Argentina,623092354,"Fett Maidana",fett.maidana
Juan,Sist,juan.sist.7@facebook.com,"27 de Junio",https://www.facebook.com/juan.sist.7,26,,"Ciudad Autónoma de Buenos Aires","Buenos Aires",Argentina,100002624063029,"Flor Charró",https://www.facebook.com/florr.ch
Karina,"De La Cruz",karina.delacruz.944@facebook.com,"27 de Junio",https://www.facebook.com/karina.delacruz.944,25,,"Ciudad Autónoma de Buenos Aires","Buenos Aires",Argentina,100000669423828,"Flor Gonzalez",
Sofia,Bellocq,sofiabellocq@facebook.com,"27 de Junio",https://www.facebook.com/sofiabellocq,22,,"Ciudad Autónoma de Buenos Aires","Buenos Aires",Argentina,1455464335,"Francisco Klausner",https://www.facebook.com/francisco.klausner
Victoria,Coga,victoria.coga@facebook.com,"27 de Junio",https://www.facebook.com/victoria.coga,29,,"Ciudad Autónoma de Buenos Aires","Buenos Aires",Argentina,1076623397,"Gimena Librio",https://www.facebook.com/gimelibrio
May,Said,mayra.said@facebook.com,"27 de Junio",https://www.facebook.com/mayra.said,25,,"Ciudad Autónoma de Buenos Aires","Buenos Aires",Argentina,1404122572,"Gisele Fratini",https://www.facebook.com/giakdmik
Sole,Creixell,solechulis@facebook.com,"27 de Junio",https://www.facebook.com/solechulis,24,,"Ciudad Autónoma de Buenos Aires","Buenos Aires",Argentina,1152524863,"Guido Moncayo",https://www.facebook.com/guido.moncayo
Jorge,Orellana,jorge.orellana.505@facebook.com,"27 de Junio",https://www.facebook.com/jorge.orellana.505,29,Boedo,"Ciudad Autónoma de Buenos Aires","Buenos Aires",Argentina,1205315691,"Guido Moncayo",https://www.facebook.com/guido.moncayo
Ivi,Zanette,iviz1@facebook.com,"27 de Junio",https://www.facebook.com/iviz1,25,,"Ciudad Autónoma de Buenos Aires","Buenos Aires",Argentina,1172282449,"Guille Rampo",https://www.facebook.com/guillermo.rampo
Carina,Larrea,carina.a.larrea@facebook.com,"27 de Junio",https://www.facebook.com/carina.a.larrea,27,,"Ciudad Autónoma de Buenos Aires","Buenos Aires",Argentina,650697316,"Guillermo Wakstein",https://www.facebook.com/guillermo.wakstein
Mathias,Lego,mathias.lego@facebook.com,"27 de Junio",https://www.facebook.com/mathias.lego,21,,"Ciudad Autónoma de Buenos Aires","Buenos Aires",Argentina,1531230493,"Gustavo Pietrafesa",
"Maria Victoria",Isola,mariavictoria.isola@facebook.com,"27 de Junio",https://www.facebook.com/mariavictoria.isola,22,,"Ciudad Autónoma de Buenos Aires","Buenos Aires",Argentina,619709185,"Gustavo Pietrafesa",
Nils,Ljungmann,nils.ljungmann@facebook.com,"27 de Junio",https://www.facebook.com/nils.ljungmann,23,,"Ciudad Autónoma de Buenos Aires","Buenos Aires",Argentina,1075543976,"Isa Bensusan Millé",
German,Pezzella,german.pezzella.5@facebook.com,"27 de Junio",https://www.facebook.com/german.pezzella.5,23,,"Ciudad Autónoma de Buenos Aires","Buenos Aires",Argentina,726463754,"Ivon Andersson",https://www.facebook.com/ivon.andersson
La,Lovera,maria.f.lovera@facebook.com,"27 de Junio",https://www.facebook.com/maria.f.lovera,29,,"Ciudad Autónoma de Buenos Aires","Buenos Aires",Argentina,560191940,"Jessica Bellomo",https://www.facebook.com/JessBellomo
Gonzalo,Cortés,gonzoPH@facebook.com,"27 de Junio",https://www.facebook.com/gonzoPH,29,,"Ciudad Autónoma de Buenos Aires","Buenos Aires",Argentina,561119931,"Jessica Bellomo",https://www.facebook.com/JessBellomo
Carolina,Aguilera,aguileracaro@facebook.com,"27 de Junio",https://www.facebook.com/aguileracaro,24,,"Ciudad Autónoma de Buenos Aires","Buenos Aires",Argentina,601090984,"Jobs Bar",https://www.facebook.com/jobsbar
Edgardo,Britez,edgar.britez.16@facebook.com,"27 de Junio",https://www.facebook.com/edgar.britez.16,23,"Parque Patricios","Ciudad Autónoma de Buenos Aires","Buenos Aires",Argentina,1580079250,"Jobs Bar",https://www.facebook.com/jobsbar
Leandro,Rizzo,rizzogol89@facebook.com,"27 de Junio",https://www.facebook.com/rizzogol89,25,,"Ciudad Autónoma de Buenos Aires","Buenos Aires",Argentina,1639834748,"Jobs Bar",https://www.facebook.com/jobsbar
Edu,Car,leandro.zima@facebook.com,"27 de Junio",https://www.facebook.com/leandro.zima,24,,"Ciudad Autónoma de Buenos Aires","Buenos Aires",Argentina,100000610452396,"Jonathan Julian",
Daiana,Pintos,Sheena.is@facebook.com,"27 de Junio",https://www.facebook.com/Sheena.is,23,,"Ciudad Autónoma de Buenos Aires","Buenos Aires",Argentina,1014753919,"Juan Antonio Papagni Meca",https://www.facebook.com/juanantoniopapagnimeca
Walter,Petrilli,tioo.wally@facebook.com,"27 de Junio",https://www.facebook.com/tioo.wally,26,,"Ciudad Autónoma de Buenos Aires","Buenos Aires",Argentina,1166498704,"Juan Clemente",
Brenda,Asnicar,brenda.d.asnicar.14@facebook.com,"27 de Junio",https://www.facebook.com/brenda.d.asnicar.14,21,,"Ciudad Autónoma de Buenos Aires","Buenos Aires",Argentina,1545030855,"Julian Argiz",https://www.facebook.com/julian.argiz
River,"Mi Enfermedad",river.demivida1@facebook.com,"27 de Junio",https://www.facebook.com/river.demivida1,23,"Comodoro Rivadavia","Ciudad Autónoma de Buenos Aires","Distrito Federal",Argentina,100002455636101,"Julian Yankeliovich Barassi",
Agustina,Torres,agustinatorres@facebook.com,"27 de Junio",https://www.facebook.com/agustinatorres,22,,"Ciudad Autónoma de Buenos Aires","Buenos Aires",Argentina,1400531007,"Kati Mosich",https://www.facebook.com/kati.mosich
Caro,Cuchetti,carolina.cuchetti@facebook.com,"27 de Junio",https://www.facebook.com/carolina.cuchetti,25,"Buenos Aires","Buenos Aires","Buenos Aires",Argentina,100004334734627,"Leo LugÓn",leolugon
Mariano,Martinez,mariano.martinez.359778@facebook.com,"27 de Junio",https://www.facebook.com/mariano.martinez.359778,23,,"Ciudad Autónoma de Buenos Aires","Buenos Aires",Argentina,1144927662,"Lucía Lopez Aleman",https://www.facebook.com/marialucialopezaleman
"Pablo Alejandro",Fain,pablo.fain@facebook.com,"27 de Junio",https://www.facebook.com/pablo.fain,23,,"Ciudad Autónoma de Buenos Aires","Buenos Aires",Argentina,1145019986,"Lucía Lopez Aleman",https://www.facebook.com/marialucialopezaleman
Rey,Sonámbulo,rsonambulo2@facebook.com,"27 de Junio",https://www.facebook.com/rsonambulo2,28,,"Ciudad Autónoma de Buenos Aires","Buenos Aires",Argentina,100001554336082,"Malvi Ovando",https://www.facebook.com/malvi.ovando
Paula,Aramburu,paula.aramburu@facebook.com,"27 de Junio",https://www.facebook.com/paula.aramburu,23,,"Ciudad Autónoma de Buenos Aires","Buenos Aires",Argentina,1282258932,"Manuela Villa",
Luisina,Leoni,luisina.leoni@facebook.com,"27 de Junio",https://www.facebook.com/luisina.leoni,29,,"Ciudad Autónoma de Buenos Aires","Buenos Aires",Argentina,694718501,"Maria DEL Mar",
Federico,Schneider,el.trivy@facebook.com,"27 de Junio",https://www.facebook.com/el.trivy,23,,"Ciudad Autónoma de Buenos Aires","Buenos Aires",Argentina,538287064,"Maria DEL Mar",
Agustina,Caballero,agustina.caballero.7161@facebook.com,"27 de Junio",https://www.facebook.com/agustina.caballero.7161,21,,"Ciudad Autónoma de Buenos Aires","Buenos Aires",Argentina,100005942071441,"Martín Álvarez BA I",https://www.facebook.com/Woody.Blair
Pablo,Mazzeo,pablo.mazzeo1@facebook.com,"27 de Junio",https://www.facebook.com/pablo.mazzeo1,25,"San Cristóbal","Ciudad Autónoma de Buenos Aires","Buenos Aires",Argentina,530063074,"Mauricio Gregori",
Esteban,Galli,esteban.galli.12@facebook.com,"27 de Junio",https://www.facebook.com/esteban.galli.12,24,,"Ciudad Autónoma de Buenos Aires","Buenos Aires",Argentina,621135539,"Melo Dellarole",https://www.facebook.com/melodellarole
Magdalena,"de Urquiza",magdalena.deurquiza@facebook.com,"27 de Junio",https://www.facebook.com/magdalena.deurquiza,24,,"Ciudad Autónoma de Buenos Aires","Buenos Aires",Argentina,561421252,"Mia Miry Ponce",
Alito,Ale,alejandro.javier23@facebook.com,"27 de Junio",https://www.facebook.com/alejandro.javier23,28,,"Ciudad Autónoma de Buenos Aires","Buenos Aires",Argentina,1052275861,"Micaela Parisi",https://www.facebook.com/parisimica
Bebu,Ledesma,bebu.ledesma@facebook.com,"27 de Junio",https://www.facebook.com/bebu.ledesma,27,Recoleta,"Ciudad Autónoma de Buenos Aires","Buenos Aires",Argentina,100001908805276,"Michelle Fingeret",https://www.facebook.com/michelle.fingeret
"Ayres de",Sefarad,asefarad@facebook.com,"27 de Junio",https://www.facebook.com/asefarad,27,,"Ciudad Autónoma de Buenos Aires","Buenos Aires",Argentina,100001908971131,"Michelle Fingeret",https://www.facebook.com/michelle.fingeret
Camilo,Palavecino,Camopalavecino@facebook.com,"27 de Junio",https://www.facebook.com/Camopalavecino,25,,"Ciudad Autónoma de Buenos Aires","Buenos Aires",Argentina,1149889537,"Micu Mc Hardy",https://www.facebook.com/micu.hardy
Octavio,Sillitti,octavio.sillitti@facebook.com,"27 de Junio",https://www.facebook.com/octavio.sillitti,25,,"Ciudad Autónoma de Buenos Aires","Buenos Aires",Argentina,559950915,"Micu Mc Hardy",https://www.facebook.com/micu.hardy
Lihuen,Trigo,lihuen.trigo@facebook.com,"27 de Junio",https://www.facebook.com/lihuen.trigo,29,,"Ciudad Autónoma de Buenos Aires","Buenos Aires",Argentina,1238547043,"Monica Trigila",https://www.facebook.com/monica.trigila
Her,Apfelberg,her.apfelberg@facebook.com,"27 de Junio",https://www.facebook.com/her.apfelberg,21,,"Ciudad Autónoma de Buenos Aires","Buenos Aires",Argentina,100000076777277,"Nano Vaquer",
Mividaloca,Indumentaria,@facebook.com,"27 de Junio",https://www.facebook.com/profile.php?id=100000090282226,21,,"Ciudad Autónoma de Buenos Aires","Buenos Aires",Argentina,100000090282226,"Nano Vaquer",
Romina,Colichini,romina.colichini@facebook.com,"27 de Junio",https://www.facebook.com/romina.colichini,29,,"Ciudad Autónoma de Buenos Aires","Buenos Aires",Argentina,1474857709,"Natalia Landa",
Maria,Anchorena,maria.anchorena@facebook.com,"27 de Junio",https://www.facebook.com/maria.anchorena,22,,"Ciudad Autónoma de Buenos Aires","Buenos Aires",Argentina,1511592672,"Natalia Oviedo",
Andrea,Cáceres,andrea.caceres.313371@facebook.com,"27 de Junio",https://www.facebook.com/andrea.caceres.313371,28,,"Ciudad Autónoma de Buenos Aires","Buenos Aires",Argentina,1257847462,"Natalia Vaccaro",
Bárbara,Lizarraga,barbara.lizarr@facebook.com,"27 de Junio",https://www.facebook.com/barbara.lizarr,28,,"Ciudad Autónoma de Buenos Aires","Buenos Aires",Argentina,539065469,"Nicolas Ajargo",https://www.facebook.com/najargo
Romi,Fidanza,romina.fidanza@facebook.com,"27 de Junio",https://www.facebook.com/romina.fidanza,29,,"Ciudad Autónoma de Buenos Aires","Buenos Aires",Argentina,1496709628,"Noelia G. Coviella",
Nacho,Boubeta,nacho.boubeta@facebook.com,"27 de Junio",https://www.facebook.com/nacho.boubeta,25,,"Ciudad Autónoma de Buenos Aires","Buenos Aires",Argentina,1751761921,"Oriella Romano",https://www.facebook.com/oriella.romano
Julia,Ojeda,julsojeda@facebook.com,"27 de Junio",https://www.facebook.com/julsojeda,27,,"Ciudad Autónoma de Buenos Aires","Buenos Aires",Argentina,1186839180,"Pato Pagano",https://www.facebook.com/pato.p111
Nicolás,Conde,nico.conde.35@facebook.com,"27 de Junio",https://www.facebook.com/nico.conde.35,22,,"Ciudad Autónoma de Buenos Aires","Buenos Aires",Argentina,1189635964,"Pato Pagano",https://www.facebook.com/pato.p111
Cuentos,Decapitados,Mono.Pasitillero@facebook.com,"27 de Junio",https://www.facebook.com/Mono.Pasitillero,23,,"Ciudad Autónoma de Buenos Aires","Buenos Aires",Argentina,1322981178,"Poh Ly",https://www.facebook.com/pohoreyco
Florencia,Gradel,florencia.gradel@facebook.com,"27 de Junio",https://www.facebook.com/florencia.gradel,24,,"Ciudad Autónoma de Buenos Aires","Buenos Aires",Argentina,503995002,"Ramiro Prieto",
Jose,Mazzinghi,jose.mazzinghi@facebook.com,"27 de Junio",https://www.facebook.com/jose.mazzinghi,21,,"Ciudad Autónoma de Buenos Aires","Buenos Aires",Argentina,728634851,"Rochi Christensen",https://www.facebook.com/rochi.christensen
Cami,Romeo,cami.romeo.142@facebook.com,"27 de Junio",https://www.facebook.com/cami.romeo.142,24,,"Ciudad Autónoma de Buenos Aires","Buenos Aires",Argentina,738954047,"Rocio Marquez",
Charles,Hequet,charles.hequet@facebook.com,"27 de Junio",https://www.facebook.com/charles.hequet,29,,"Ciudad Autónoma de Buenos Aires","Buenos Aires",Argentina,635247058,"Rocio Marquez",
Gisel,Quintana,gigi.quintana.71@facebook.com,"27 de Junio",https://www.facebook.com/gigi.quintana.71,24,,"Ciudad Autónoma de Buenos Aires","Buenos Aires",Argentina,100000102509440,"Rodrii Martinez",
Flor,Busquets,flor.busquets@facebook.com,"27 de Junio",https://www.facebook.com/flor.busquets,25,,"Ciudad Autónoma de Buenos Aires","Buenos Aires",Argentina,1480958799,"Romi Flores",
Magu,Grandio,magu.grandio@facebook.com,"27 de Junio",https://www.facebook.com/magu.grandio,23,,"Ciudad Autónoma de Buenos Aires","Buenos Aires",Argentina,521072958,"Romina Toller",
Fatima,Autuori,fatima.autuori@facebook.com,"27 de Junio",https://www.facebook.com/fatima.autuori,23,,"Ciudad Autónoma de Buenos Aires","Buenos Aires",Argentina,570627725,"Romina Toller",
Tienda,Positano,tienda.positano@facebook.com,"27 de Junio",https://www.facebook.com/tienda.positano,23,,"Ciudad Autónoma de Buenos Aires","Buenos Aires",Argentina,100008098777136,"Romina Toller",
Sofia,Lamarca,sofia.lamarca.940@facebook.com,"27 de Junio",https://www.facebook.com/sofia.lamarca.940,28,,"Ciudad Autónoma de Buenos Aires","Buenos Aires",Argentina,627450190,"Sebastian Diaz",https://www.facebook.com/sebastiantatudiaz
Ramiro,Fontanella,ramiro.fontanella@facebook.com,"27 de Junio",https://www.facebook.com/ramiro.fontanella,23,,"Ciudad Autónoma de Buenos Aires","Buenos Aires",Argentina,100000663955588,"Sofía Barreira",https://www.facebook.com/sofia.barreiram
Ju,Ibichian,ju.ibichian@facebook.com,"27 de Junio",https://www.facebook.com/ju.ibichian,25,,"Ciudad Autónoma de Buenos Aires","Buenos Aires",Argentina,546436419,"Tamara Castillo",
Belen,Boccabella,belen.boccabella.7@facebook.com,"27 de Junio",https://www.facebook.com/belen.boccabella.7,27,,"Ciudad Autónoma de Buenos Aires","Buenos Aires",Argentina,100001483385365,"Tavo M-p",
Jorge,Tiscornia,jorge.tiscornia@facebook.com,"27 de Junio",https://www.facebook.com/jorge.tiscornia,28,,"Ciudad Autónoma de Buenos Aires","Buenos Aires",Argentina,541277803,"Tavo M-p",
Rocio,Mayol,rocio.mayol2@facebook.com,"27 de Junio",https://www.facebook.com/rocio.mayol2,23,,"Ciudad Autónoma de Buenos Aires","Buenos Aires",Argentina,654878564,"Valentino Fabre",https://www.facebook.com/valenfabre
Giuliana,Vasquez,giuliana.vasquez@facebook.com,"27 de Junio",https://www.facebook.com/giuliana.vasquez,23,,"Ciudad Autónoma de Buenos Aires","Buenos Aires",Argentina,1803402544,"Valeria Ayala",
Ivan,Soubeste,ivancruzsoubeste@facebook.com,"27 de Junio",https://www.facebook.com/ivancruzsoubeste,27,"Puerto Madero","Ciudad Autónoma de Buenos Aires","Buenos Aires",Argentina,702759151,"Vanesa Myrna Ojeda",
