Nombre,Apellido,"Email Facebook",Cumpleaños,"Usuario Facebook",Edad,Barrio,Ciudad,Provincia,Pais,"ID Facebook","Amigo De","Amigo De (Usuario)"
Juan,Alaniz,juanualaniz@facebook.com,"09 Enero",https://www.facebook.com/juanualaniz,24,"San Isidro","San Isidro","Buenos Aires",Argentina,603244269,"Agus Carranza",
Belu,Villarroel,beluu.villarroel@facebook.com,"09 Enero",https://www.facebook.com/beluu.villarroel,,,"Ciudad Autónoma de Buenos Aires","Buenos Aires",Argentina,1188327965,"Agus Rodriguez",
Fidel,Diaz,fideldiazdesign@facebook.com,"09 Enero",https://www.facebook.com/fideldiazdesign,,Flores,"Ciudad Autónoma de Buenos Aires","Buenos Aires",Argentina,1116621052,"Ailin Majeras",https://www.facebook.com/ailin.majeras
Kari,Rondanelli,kari.rondanelli@facebook.com,"09 Enero",https://www.facebook.com/kari.rondanelli,,,"Ciudad Autónoma de Buenos Aires","Buenos Aires",Argentina,1221456892,"Alan Volper",https://www.facebook.com/alan.volper
Negra,Roll,nathalie.caruso.16@facebook.com,"09 Enero",https://www.facebook.com/nathalie.caruso.16,,,"Ciudad Autónoma de Buenos Aires","Buenos Aires",Argentina,1408539361,"Albana Ramognini",https://www.facebook.com/albana.ramognini
Nicolas,Bertolino,nicolas.bertolino.104@facebook.com,"09 Enero",https://www.facebook.com/nicolas.bertolino.104,20,,"Ciudad Autónoma de Buenos Aires","Buenos Aires",Argentina,100006282370564,"Ale Arias Mandarine Park",
Rocio,Oliver,RoGonzalezOliver@facebook.com,"09 Enero",https://www.facebook.com/RoGonzalezOliver,,,"Ciudad Autónoma de Buenos Aires","Buenos Aires",Argentina,551284820,"Ale Cabas",https://www.facebook.com/AleCabas
Clau,Gomez,clau.gomez.946@facebook.com,"09 Enero",https://www.facebook.com/clau.gomez.946,22,,"Ciudad Autónoma de Buenos Aires","Buenos Aires",Argentina,1383789582,"Alejandra Diaz De Vivar",
Marianita,"De Melo",marianita.demelo@facebook.com,"09 Enero",https://www.facebook.com/marianita.demelo,,,"Ciudad Autónoma de Buenos Aires","Buenos Aires",Argentina,1311628583,"Alejandro Amitrano",
Fede,Piana,fede.piana.7@facebook.com,"09 Enero",https://www.facebook.com/fede.piana.7,,Pilar,Pilar,"Buenos Aires",Argentina,100000229987513,"Aluhe Morbidoni",
Gabriel,Pistonesi,gabriel.pistonesi@facebook.com,"09 Enero",https://www.facebook.com/gabriel.pistonesi,25,,"Ciudad Autónoma de Buenos Aires","Buenos Aires",Argentina,100000876526107,"Anto D'Amato",https://www.facebook.com/anto.dama
Tomas,Manzanares,tomas.manzanares.3@facebook.com,"09 Enero",https://www.facebook.com/tomas.manzanares.3,22,,"Ciudad Autónoma de Buenos Aires","Buenos Aires",Argentina,1310703873,"Antoine Cornudet",
Maca,Paz,paz.macka@facebook.com,"09 Enero",https://www.facebook.com/paz.macka,,,"Ciudad Autónoma de Buenos Aires","Buenos Aires",Argentina,100001093119036,"Antonela Monachesi",https://www.facebook.com/anto.monachesi
Jota,Kechi,jota.kechi@facebook.com,"09 Enero",https://www.facebook.com/jota.kechi,25,,"Ciudad Autónoma de Buenos Aires","Buenos Aires",Argentina,100002435291929,"Artur Margaryan",
Vicky,Morales,Vicky.Morales.Accesorios@facebook.com,"09 Enero",https://www.facebook.com/Vicky.Morales.Accesorios,22,,"Ciudad Autónoma de Buenos Aires","Buenos Aires",Argentina,100006925325193,"Aylu Macchi",
Viviana,Lopez,viviana.lopez.733@facebook.com,"09 Enero",https://www.facebook.com/viviana.lopez.733,,,"Ciudad Autónoma de Buenos Aires","Buenos Aires",Argentina,100000233935798,"Ayu Casanova",
"Debora Paola",Beluchi,dbeluchi@facebook.com,"09 Enero",https://www.facebook.com/dbeluchi,,,"Ciudad Autónoma de Buenos Aires","Buenos Aires",Argentina,1399243297,"Barbara Sayago",https://www.facebook.com/barbara.sayago
Franco,Tomasone,franco.tomasone.1@facebook.com,"09 Enero",https://www.facebook.com/franco.tomasone.1,25,,"Ciudad Autónoma de Buenos Aires","Buenos Aires",Argentina,1313059415,"Barby Lanata",https://www.facebook.com/barby.lanata
Belu,Ronza,belu.ronza@facebook.com,"09 Enero",https://www.facebook.com/belu.ronza,,,"Ciudad Autónoma de Buenos Aires","Buenos Aires",Argentina,1133446346,"Bernardo Cura Bonazzola",https://www.facebook.com/bernardocurabonazzola
Santi,Guelfo,sguelfo@facebook.com,"09 Enero",https://www.facebook.com/sguelfo,,"Bella Vista","Bella Vista","Buenos Aires",Argentina,810987401,"Bren Gayol",
Mati,Yañez,mati.yanez.5@facebook.com,"09 Enero",https://www.facebook.com/mati.yanez.5,20,,"Ciudad Autónoma de Buenos Aires","Buenos Aires",Argentina,100006199934317,"Brenda Araceli Gonzalez",https://www.facebook.com/brendaaraceli.gonzalez
Actuar,"Frente A Cánaves",actuar.frenteacamara.5@facebook.com,"09 Enero",https://www.facebook.com/actuar.frenteacamara.5,,,"Ciudad Autónoma de Buenos Aires","Buenos Aires",Argentina,100002319301845,"Brenda Fabregat",https://www.facebook.com/brenda.fabregat
Lima,Mía,lima.mia.9@facebook.com,"09 Enero",https://www.facebook.com/lima.mia.9,,,"Ciudad Autónoma de Buenos Aires","Buenos Aires",Argentina,100002329854058,"Brenda Fabregat",https://www.facebook.com/brenda.fabregat
Giuliana,Perenich,giuli.perenich@facebook.com,"09 Enero",https://www.facebook.com/giuli.perenich,,Versailles,"Ciudad Autónoma de Buenos Aires","Distrito Federal",Argentina,1588922900,"Brian Cano",
Sofi,Cavallaro,sofi.cavallaro.1@facebook.com,"09 Enero",https://www.facebook.com/sofi.cavallaro.1,,"San Isidro","San Isidro","Buenos Aires",Argentina,562894836,"Brian Hettich",https://www.facebook.com/brianghettich
Mora,García,Moor.garcia@facebook.com,"09 Enero",https://www.facebook.com/Moor.garcia,,,"Ciudad Autónoma de Buenos Aires","Buenos Aires",Argentina,1650919447,"Cami Weng",
Camila,Malenchini,camila.malenchini@facebook.com,"09 Enero",https://www.facebook.com/camila.malenchini,24,,"Ciudad Autónoma de Buenos Aires","Buenos Aires",Argentina,517543127,"Candelaria Sires Barrantes",
Nicolas,Siekavica,nsiekavica@facebook.com,"09 Enero",https://www.facebook.com/nsiekavica,,,"Ciudad Autónoma de Buenos Aires","Buenos Aires",Argentina,672019454,"Carlina Piedra",https://www.facebook.com/carlina.piedra
Adriana,Frossasco,adriana.p.frossasco@facebook.com,"09 Enero",https://www.facebook.com/adriana.p.frossasco,,,"Ciudad Autónoma de Buenos Aires","Buenos Aires",Argentina,723428858,"Carlos Wilson",
Damián,"Del Percio",damian.delpercio@facebook.com,"09 Enero",https://www.facebook.com/damian.delpercio,,,"Ciudad Autónoma de Buenos Aires","Buenos Aires",Argentina,1291840744,"Carlos Wilson",
Nico,Negri,nicolas.negri.927@facebook.com,"09 Enero",https://www.facebook.com/nicolas.negri.927,,,"Ciudad Autónoma de Buenos Aires","Buenos Aires",Argentina,100001873937140,"Caro Juarez",https://www.facebook.com/carolinacjuarez
Sergio,Camara,sebavange@facebook.com,"09 Enero",https://www.facebook.com/sebavange,,,"Ciudad Autónoma de Buenos Aires","Buenos Aires",Argentina,100002591103546,"Caro Juarez",https://www.facebook.com/carolinacjuarez
Renatta,Mode,renatta.mode@facebook.com,"09 Enero",https://www.facebook.com/renatta.mode,,,"Ciudad Autónoma de Buenos Aires","Buenos Aires",Argentina,100002811263834,"Caro Juarez",https://www.facebook.com/carolinacjuarez
Guadita,Poitevin,mariaguada.p@facebook.com,"09 Enero",https://www.facebook.com/mariaguada.p,,,"Ciudad Autónoma de Buenos Aires","Buenos Aires",Argentina,100002833398979,"Caro Juarez",https://www.facebook.com/carolinacjuarez
Ariel,Lee,ariel.lee.16@facebook.com,"09 Enero",https://www.facebook.com/ariel.lee.16,,,"Ciudad Autónoma de Buenos Aires","Buenos Aires",Argentina,1278984272,"Caro Remedi",https://www.facebook.com/carol.remedi
Julia,Garibaldi,Juli.garibaldi@facebook.com,"09 Enero",https://www.facebook.com/Juli.garibaldi,21,,"Ciudad Autónoma de Buenos Aires","Buenos Aires",Argentina,703908522,"Caro Remedi",https://www.facebook.com/carol.remedi
Facundo,Logrippo,facundo.logrippo@facebook.com,"09 Enero",https://www.facebook.com/facundo.logrippo,20,,"Ciudad Autónoma de Buenos Aires","Buenos Aires",Argentina,100001170210595,"Carolina Damiano",https://www.facebook.com/carolina.damiano
Sofi,Russo,sofia.russo.aulet@facebook.com,"09 Enero",https://www.facebook.com/sofia.russo.aulet,,,"Ciudad Autónoma de Buenos Aires","Buenos Aires",Argentina,845070153,"Catalina Plá Señorans",https://www.facebook.com/catalina.pla
Alejandra,Rodriguez,alejandra.rodriguez.902266@facebook.com,"09 Enero",https://www.facebook.com/alejandra.rodriguez.902266,,,"Ciudad Autónoma de Buenos Aires","Buenos Aires",Argentina,100000949854944,"Celeste Heli",https://www.facebook.com/celeste.heli
Ayelen,Ponce,aye.ponce@facebook.com,"09 Enero",https://www.facebook.com/aye.ponce,,,"Ciudad Autónoma de Buenos Aires","Buenos Aires",Argentina,1388070344,"Chanchi Martinez",https://www.facebook.com/chanchi.martinez
Jorge,Nahir,JORGE.NAHIR@facebook.com,"09 Enero",https://www.facebook.com/JORGE.NAHIR,25,,"Ciudad Autónoma de Buenos Aires","Buenos Aires",Argentina,1639359758,"Chanchi Martinez",https://www.facebook.com/chanchi.martinez
Flor,Martino,flor.s.martino@facebook.com,"09 Enero",https://www.facebook.com/flor.s.martino,23,,"Ciudad Autónoma de Buenos Aires","Buenos Aires",Argentina,676550764,"Charly Ruez",https://www.facebook.com/charly.ruez
Lucia,Rodriguez,@facebook.com,"09 Enero",https://www.facebook.com/profile.php?id=100000748638032,22,,"Ciudad Autónoma de Buenos Aires","Buenos Aires",Argentina,100000748638032,"Clari Stagno",
Tamara,Nadal,tamara.nadal@facebook.com,"09 Enero",https://www.facebook.com/tamara.nadal,24,,"Ciudad Autónoma de Buenos Aires","Buenos Aires",Argentina,586859791,"Cristian Pluis",
Mariné,Ketchibachian,marine.ketchibachian@facebook.com,"09 Enero",https://www.facebook.com/marine.ketchibachian,,,"Ciudad Autónoma de Buenos Aires","Buenos Aires",Argentina,1226296354,"Diego Binayan",https://www.facebook.com/diego.binayan
DoubleDecker,"Band Argentina",doubledeckeroficial@facebook.com,"09 Enero",https://www.facebook.com/doubledeckeroficial,,Olivos,Olivos,"Buenos Aires",Argentina,1230988275,"Diego Binayan",https://www.facebook.com/diego.binayan
Tatiana,Velasco,tatuni.v@facebook.com,"09 Enero",https://www.facebook.com/tatuni.v,,,"Ciudad Autónoma de Buenos Aires","Buenos Aires",Argentina,1335904699,"Elias Saul",https://www.facebook.com/elias.saul
Solange,Barabasch,solange.barabasch@facebook.com,"09 Enero",https://www.facebook.com/solange.barabasch,20,,"Ciudad Autónoma de Buenos Aires","Buenos Aires",Argentina,1174373359,"Emiliano Cazanetz Dick",https://www.facebook.com/emiliano.cazanetzdick
Camila,Bazán,ccamibazan@facebook.com,"09 Enero",https://www.facebook.com/ccamibazan,,,"Ciudad Autónoma de Buenos Aires","Buenos Aires",Argentina,1513382053,"Emiliano Pirolo",https://www.facebook.com/emi.pirolo
Bernie,Catoira,bernie.catoira@facebook.com,"09 Enero",https://www.facebook.com/bernie.catoira,,,"Ciudad Autónoma de Buenos Aires","Buenos Aires",Argentina,100000750186239,"Emiliano Pirolo",https://www.facebook.com/emi.pirolo
Valentina,Martinez,valentina.martinez.7564@facebook.com,"09 Enero",https://www.facebook.com/valentina.martinez.7564,20,,"Ciudad Autónoma de Buenos Aires","Buenos Aires",Argentina,100000819925690,"Emiliano Pirolo",https://www.facebook.com/emi.pirolo
Gianu,Fresone,gianu.fresone@facebook.com,"09 Enero",https://www.facebook.com/gianu.fresone,,,"Ciudad Autónoma de Buenos Aires","Buenos Aires",Argentina,1035464590,"Emiliano Pirolo",https://www.facebook.com/emi.pirolo
Sebastian,Nieto,seba.nietopier@facebook.com,"09 Enero",https://www.facebook.com/seba.nietopier,,,"Ciudad Autónoma de Buenos Aires","Buenos Aires",Argentina,100002237309018,"Eve Schiera",
Juanma,Rodriguez,juanmaa.rodriguez.3@facebook.com,"09 Enero",https://www.facebook.com/juanmaa.rodriguez.3,22,,"Ciudad Autónoma de Buenos Aires","Buenos Aires",Argentina,1030882637,"Facu Denegri",
Cande,Venturi,cande.venturi@facebook.com,"09 Enero",https://www.facebook.com/cande.venturi,,,"Ciudad Autónoma de Buenos Aires","Buenos Aires",Argentina,1137835754,"Facu Denegri",
Flor,Pascual,Floor.pascual@facebook.com,"09 Enero",https://www.facebook.com/Floor.pascual,,,"Ciudad Autónoma de Buenos Aires","Buenos Aires",Argentina,1343838860,"Facu Denegri",
Macarena,Pereyra,macarena.pereyra.50@facebook.com,"09 Enero",https://www.facebook.com/macarena.pereyra.50,,,"Ciudad Autónoma de Buenos Aires","Buenos Aires",Argentina,590144910,"Felicitas Ghigliotti",https://www.facebook.com/felicitas.ghigliotti
Julieta,Malagon,julieta.malagon@facebook.com,"09 Enero",https://www.facebook.com/julieta.malagon,23,,"Ciudad Autónoma de Buenos Aires","Buenos Aires",Argentina,649801546,"Felipe Cianciarulo",https://www.facebook.com/fcianciarulo
Cata,Carranza,cata.carranza.1@facebook.com,"09 Enero",https://www.facebook.com/cata.carranza.1,,"Bella Vista","Bella Vista","Buenos Aires",Argentina,100002859352430,"Felipe Vidal",https://www.facebook.com/Feelipe.vp
Cami,Russmann,camula.russmann@facebook.com,"09 Enero",https://www.facebook.com/camula.russmann,,"Bella Vista","Bella Vista","Buenos Aires",Argentina,1046191448,"Felipe Vidal",https://www.facebook.com/Feelipe.vp
Quimy,Sugier,quimy.sugier@facebook.com,"09 Enero",https://www.facebook.com/quimy.sugier,20,"Bella Vista","Bella Vista","Buenos Aires",Argentina,1266672997,"Felipe Vidal",https://www.facebook.com/Feelipe.vp
Melisa,Burckwardt,melisa.burckwardt@facebook.com,"09 Enero",https://www.facebook.com/melisa.burckwardt,,,"Ciudad Autónoma de Buenos Aires","Buenos Aires",Argentina,742284027,"Flor Botana",
J,Bredfeldt,j.a.bredfeldt@facebook.com,"09 Enero",https://www.facebook.com/j.a.bredfeldt,,,"Ciudad Autónoma de Buenos Aires","Buenos Aires",Argentina,1178446195,"Flor Cantero",
Ayito,Manatrizio,ayelen.manatrizio@facebook.com,"09 Enero",https://www.facebook.com/ayelen.manatrizio,,,"Ciudad Autónoma de Buenos Aires","Buenos Aires",Argentina,100001095995743,"Flor Gonzalez",
Nicole,"Bentancort Hurtado",nicole.bentancorthurtado@facebook.com,"09 Enero",https://www.facebook.com/nicole.bentancorthurtado,22,,"Ciudad Autónoma de Buenos Aires","Buenos Aires",Argentina,1154794640,"Flor Rossi",
Santiago,Amado,santiamado91@facebook.com,"09 Enero",https://www.facebook.com/santiamado91,,,"Ciudad Autónoma de Buenos Aires","Buenos Aires",Argentina,100001344096377,"Flor Scalise",https://www.facebook.com/flor.scalise
Nicolas,Fourtané,nicolas.fourtane@facebook.com,"09 Enero",https://www.facebook.com/nicolas.fourtane,,,"Ciudad Autónoma de Buenos Aires","Buenos Aires",Argentina,100001082029333,"Flor Scalise",https://www.facebook.com/flor.scalise
Constanza,Indumentaria,constanza.indumentaria.5@facebook.com,"09 Enero",https://www.facebook.com/constanza.indumentaria.5,,,"Ciudad Autónoma de Buenos Aires","Buenos Aires",Argentina,100001082935367,"Flor Scalise",https://www.facebook.com/flor.scalise
Martina,Borgeaux,mar.borgeaud@facebook.com,"09 Enero",https://www.facebook.com/mar.borgeaud,,,"Ciudad Autónoma de Buenos Aires","Buenos Aires",Argentina,1175511409,"Fran L. Ocampo",https://www.facebook.com/franco
Estefania,Izaguirre,estefania.izaguirre@facebook.com,"09 Enero",https://www.facebook.com/estefania.izaguirre,22,,"Ciudad Autónoma de Buenos Aires","Buenos Aires",Argentina,1032696976,"Francisco Klausner",https://www.facebook.com/francisco.klausner
Gabriela,Mingrone,gache.vm@facebook.com,"09 Enero",https://www.facebook.com/gache.vm,,,"Ciudad Autónoma de Buenos Aires","Buenos Aires",Argentina,100003513450683,"Franco Marcoccia",https://www.facebook.com/franco.marcoccia
Matias,Lopez,peke.lopez@facebook.com,"09 Enero",https://www.facebook.com/peke.lopez,24,"Parque Chacabuco","Ciudad Autónoma de Buenos Aires","Buenos Aires",Argentina,1319361241,"Franco Palermo",
Chriss,Cavs,ChriisTiaanDeCiudadela@facebook.com,"09 Enero",https://www.facebook.com/ChriisTiaanDeCiudadela,,,"Ciudad Autónoma de Buenos Aires","Buenos Aires",Argentina,1665335879,"Franco Palermo",
Chavo,Pascal,chavo.pascal@facebook.com,"09 Enero",https://www.facebook.com/chavo.pascal,,"La Boca","Ciudad Autónoma de Buenos Aires","Distrito Federal",Argentina,1103853547,"Gabi López",
Candela,Casco,candela.casco@facebook.com,"09 Enero",https://www.facebook.com/candela.casco,,,"Ciudad Autónoma de Buenos Aires","Buenos Aires",Argentina,100000456287734,"Gabi López",
Nacho,Kahn,nachito.kahn@facebook.com,"09 Enero",https://www.facebook.com/nachito.kahn,,,"Ciudad Autónoma de Buenos Aires","Buenos Aires",Argentina,717744115,"Gabriela Prietoo",
Jesús,Pérez,ChituCrazy@facebook.com,"09 Enero",https://www.facebook.com/ChituCrazy,21,,"Ciudad Autónoma de Buenos Aires","Buenos Aires",Argentina,100000948306058,"Gabriela Prietoo",
"Joao Martin","de Melo",joaomartin.demelo@facebook.com,"09 Enero",https://www.facebook.com/joaomartin.demelo,20,"Bella Vista","Bella Vista","Buenos Aires",Argentina,100002219943523,"Gianfranco Ferrati",
Keith,Pacheco,KeithPachecoo@facebook.com,"09 Enero",https://www.facebook.com/KeithPachecoo,,,"Ciudad Autónoma de Buenos Aires","Buenos Aires",Argentina,1152543494,"Giiu Minniti",https://www.facebook.com/giiu.minniti
Joaquín,Santillán,joaquirola@facebook.com,"09 Enero",https://www.facebook.com/joaquirola,25,,"Ciudad Autónoma de Buenos Aires","Buenos Aires",Argentina,1179580556,"Gimena Yamila Yerden Giaquinto",https://www.facebook.com/Gimetrance
Ivone,Meggiolaro,ivone.meggiolaro@facebook.com,"09 Enero",https://www.facebook.com/ivone.meggiolaro,,,"Ciudad Autónoma de Buenos Aires","Buenos Aires",Argentina,1225716968,"Guido De Marco",
Sakura,Nikoláyevna,evisakura@facebook.com,"09 Enero",https://www.facebook.com/evisakura,,,"Ciudad Autónoma de Buenos Aires","Buenos Aires",Argentina,1169585073,"Guido Moncayo",https://www.facebook.com/guido.moncayo
"Juan Manuel",Rosso,juanmanuel.rosso.5@facebook.com,"09 Enero",https://www.facebook.com/juanmanuel.rosso.5,21,,"Ciudad Autónoma de Buenos Aires","Buenos Aires",Argentina,1371581826,"Gustavo Pietrafesa",
Lionel,Arian,LionelArianPK@facebook.com,"09 Enero",https://www.facebook.com/LionelArianPK,,,"Ciudad Autónoma de Buenos Aires","Buenos Aires",Argentina,100002908971296,"Ignacio Lines Ceruti",https://www.facebook.com/ignacio.lines
Federico,"Chavez Rios",fede.chavez.12@facebook.com,"09 Enero",https://www.facebook.com/fede.chavez.12,,"San Isidro","San Isidro","Buenos Aires",Argentina,100000125373871,"Isa Bensusan Millé",
Guillermo,Grüning,guillermo.gruning@facebook.com,"09 Enero",https://www.facebook.com/guillermo.gruning,,,"Ciudad Autónoma de Buenos Aires","Buenos Aires",Argentina,828374786,"Ivan Achaval",https://www.facebook.com/ivancho.achaval
Edu,Stancanelli,eduardo.stancanelli@facebook.com,"09 Enero",https://www.facebook.com/eduardo.stancanelli,,"San Isidro","San Isidro","Buenos Aires",Argentina,679624451,"Ivan Achaval",https://www.facebook.com/ivancho.achaval
Alan,Sardón,alansardon@facebook.com,"09 Enero",https://www.facebook.com/alansardon,22,"Villa Luro","Ciudad Autónoma de Buenos Aires","Distrito Federal",Argentina,100002819395836,"Ivan Lisz",
Romina,Carol,romicarol@facebook.com,"09 Enero",https://www.facebook.com/romicarol,,,"Ciudad Autónoma de Buenos Aires","Buenos Aires",Argentina,100000248900452,"Jessica Bellomo",https://www.facebook.com/JessBellomo
Mónica,Muthular,mmmuthular@facebook.com,"09 Enero",https://www.facebook.com/mmmuthular,,"Villa Devoto","Ciudad Autónoma de Buenos Aires","Buenos Aires",Argentina,1406689451,"Jimena Zaccardi",https://www.facebook.com/Jimediab
Paula,Esposito,paula.esposito.54@facebook.com,"09 Enero",https://www.facebook.com/paula.esposito.54,22,,"Ciudad Autónoma de Buenos Aires","Buenos Aires",Argentina,771504180,"Joaco Alvarez Amuchástegui",
Lucho,Barchi,lucho.barchi@facebook.com,"09 Enero",https://www.facebook.com/lucho.barchi,24,,"Ciudad Autónoma de Buenos Aires","Buenos Aires",Argentina,1086384095,"Joaquin Barraco",https://www.facebook.com/chino.barraco
Emilio,Eberhard,ezequiel.sanchez.58@facebook.com,"09 Enero",https://www.facebook.com/ezequiel.sanchez.58,,,"Ciudad Autónoma de Buenos Aires","Buenos Aires",Argentina,1225115160,"Joaquin Perez Flenche",
Nicolás,Nosetto,nicolasnosetto@facebook.com,"09 Enero",https://www.facebook.com/nicolasnosetto,,,"Ciudad Autónoma de Buenos Aires","Buenos Aires",Argentina,1113207417,"Jobs Bar",https://www.facebook.com/jobsbar
Gisela,Ortiz,gisela.ortiz.56@facebook.com,"09 Enero",https://www.facebook.com/gisela.ortiz.56,25,,"Ciudad Autónoma de Buenos Aires","Buenos Aires",Argentina,744894576,"Jobs Bar",https://www.facebook.com/jobsbar
Federico,Gallardo,gallardofederico@facebook.com,"09 Enero",https://www.facebook.com/gallardofederico,,Olivos,Olivos,"Buenos Aires",Argentina,801164469,"Jochuu Rodriguez Linck",https://www.facebook.com/jochuu.rodriguezlinck
Melanie,Díaz,meeli.diaz@facebook.com,"09 Enero",https://www.facebook.com/meeli.diaz,23,Coghlan,"Ciudad Autónoma de Buenos Aires","Buenos Aires",Argentina,629397365,"Jochuu Rodriguez Linck",https://www.facebook.com/jochuu.rodriguezlinck
Sabrina,Antonuccio,sabrina.antonuccio@facebook.com,"09 Enero",https://www.facebook.com/sabrina.antonuccio,21,,"Ciudad Autónoma de Buenos Aires","Buenos Aires",Argentina,539473307,"Jonathan Leonel",
Sofia,Castaños,sofia.castanos@facebook.com,"09 Enero",https://www.facebook.com/sofia.castanos,24,,"Ciudad Autónoma de Buenos Aires","Buenos Aires",Argentina,568526009,"Joni Aires",https://www.facebook.com/joniaires
Ezequiel,Villarroel,ezzequieel.viillarrooell@facebook.com,"09 Enero",https://www.facebook.com/ezzequieel.viillarrooell,21,,"Ciudad Autónoma de Buenos Aires","Buenos Aires",Argentina,100001392777249,"Jorge Biamonte",https://www.facebook.com/georgebiamonteok
Gabriela,Figueroa,gabriela.figueroa.1460@facebook.com,"09 Enero",https://www.facebook.com/gabriela.figueroa.1460,,,"Ciudad Autónoma de Buenos Aires","Buenos Aires",Argentina,710872890,"Jose Guevara",https://www.facebook.com/JoeGuevara81
Tomi,"Diaz Z",tomi.diaz.z@facebook.com,"09 Enero",https://www.facebook.com/tomi.diaz.z,,,"Ciudad Autónoma de Buenos Aires","Buenos Aires",Argentina,559782977,"Joshua Oglio",
Jimena,Gomez,jimena.gomez.313@facebook.com,"09 Enero",https://www.facebook.com/jimena.gomez.313,,,"Ciudad Autónoma de Buenos Aires","Buenos Aires",Argentina,1550781129,"Juan Clemente",
Santiago,Martínez,santiago.martinez.986227@facebook.com,"09 Enero",https://www.facebook.com/santiago.martinez.986227,20,,"Ciudad Autónoma de Buenos Aires","Buenos Aires",Argentina,1095139316,"Juan Cruz Albornoz",
Gonza,Ricartez,gonzaalitooo@facebook.com,"09 Enero",https://www.facebook.com/gonzaalitooo,,,"Ciudad Autónoma de Buenos Aires","Buenos Aires",Argentina,1683086420,"Juan Manuel Fotografo",https://www.facebook.com/JuanmaJMFotoEstudio
Proyectoeventos,Eventos,proyectoeventos@facebook.com,"09 Enero",https://www.facebook.com/proyectoeventos,,,"Ciudad Autónoma de Buenos Aires","Buenos Aires",Argentina,1685322312,"Juan Manuel Fotografo",https://www.facebook.com/JuanmaJMFotoEstudio
Mark,Recondo,mark.recondo@facebook.com,"09 Enero",https://www.facebook.com/mark.recondo,,Olivos,Olivos,"Buenos Aires",Argentina,1071962009,"Juan Manuel Vilagut",https://www.facebook.com/jvilagut1
Yan,Yan,yanina.yan.9@facebook.com,"09 Enero",https://www.facebook.com/yanina.yan.9,,,"Ciudad Autónoma de Buenos Aires","Buenos Aires",Argentina,100003230088998,"Julian Pagana",
Julieta,Balzano,@facebook.com,"09 Enero",https://www.facebook.com/profile.php?id=1024051699,21,,"Ciudad Autónoma de Buenos Aires","Buenos Aires",Argentina,1024051699,"Julieta Abreu Frank",https://www.facebook.com/julieta.abreufrank
Mati,Calles,mati.calles@facebook.com,"09 Enero",https://www.facebook.com/mati.calles,,,"Ciudad Autónoma de Buenos Aires","Buenos Aires",Argentina,1346196872,"Julieta Belen",
Pablo,Suarez,pablopucho@facebook.com,"09 Enero",https://www.facebook.com/pablopucho,,Boedo,"Ciudad Autónoma de Buenos Aires","Buenos Aires",Argentina,762379932,"La Rockeria",https://www.facebook.com/oveja1
"Maria Florencia",Labiano,mariaflorencia.labiano@facebook.com,"09 Enero",https://www.facebook.com/mariaflorencia.labiano,25,,"Ciudad Autónoma de Buenos Aires","Buenos Aires",Argentina,1077674978,"La Rockeria",https://www.facebook.com/oveja1
Pacifico,Diaz,tagevonrose@facebook.com,"09 Enero",https://www.facebook.com/tagevonrose,,,"Ciudad Autónoma de Buenos Aires","Buenos Aires",Argentina,693743602,"Laly Sereda",https://www.facebook.com/lalisereda
Emiliano,Righetti,emiliano.righetti.1@facebook.com,"09 Enero",https://www.facebook.com/emiliano.righetti.1,,"Villa Devoto","Ciudad Autónoma de Buenos Aires","Buenos Aires",Argentina,760698163,"Leonel Russo",https://www.facebook.com/leonel.russo
Agustin,Comerci,acomerci@facebook.com,"09 Enero",https://www.facebook.com/acomerci,23,,"Ciudad Autónoma de Buenos Aires","Buenos Aires",Argentina,1291192410,"Leonel Russo",https://www.facebook.com/leonel.russo
Romina,Balletti,romina.balletti@facebook.com,"09 Enero",https://www.facebook.com/romina.balletti,,,"Ciudad Autónoma de Buenos Aires","Buenos Aires",Argentina,1221672392,"Lucas Funes",https://www.facebook.com/SkriLef14
Juli,Chinski,juli.chinski@facebook.com,"09 Enero",https://www.facebook.com/juli.chinski,24,,"Ciudad Autónoma de Buenos Aires","Buenos Aires",Argentina,1153426886,"Luli Torres",
Pato,Lastra,patricio.g.lastra@facebook.com,"09 Enero",https://www.facebook.com/patricio.g.lastra,,,"Ciudad Autónoma de Buenos Aires","Buenos Aires",Argentina,604284360,"Lulita Biagini",https://www.facebook.com/luciana.biagini
Belen,Costa,bele.costa@facebook.com,"09 Enero",https://www.facebook.com/bele.costa,,,"Ciudad Autónoma de Buenos Aires","Buenos Aires",Argentina,1328731136,"Luz Adamo",https://www.facebook.com/luz.adamo
Pecosos,Intar,Pecosos79@facebook.com,"09 Enero",https://www.facebook.com/Pecosos79,,,"Ciudad Autónoma de Buenos Aires","Buenos Aires",Argentina,1331302457,"Luz Adamo",https://www.facebook.com/luz.adamo
Marisa,Passero,marisapassero@facebook.com,"09 Enero",https://www.facebook.com/marisapassero,,,"Ciudad Autónoma de Buenos Aires","Buenos Aires",Argentina,1448391480,"Luz Adamo",https://www.facebook.com/luz.adamo
Enri,Mentasty,elenrimentasty@facebook.com,"09 Enero",https://www.facebook.com/elenrimentasty,,,"Ciudad Autónoma de Buenos Aires","Buenos Aires",Argentina,551782978,"M Agustina Ciarla Quintana",https://www.facebook.com/magustina.quintana
Martu,Torlasco,martu.torlasco@facebook.com,"09 Enero",https://www.facebook.com/martu.torlasco,21,,"Ciudad Autónoma de Buenos Aires","Buenos Aires",Argentina,793315222,"M Agustina Ciarla Quintana",https://www.facebook.com/magustina.quintana
Paola,Supan,paola.supan@facebook.com,"09 Enero",https://www.facebook.com/paola.supan,25,,"Ciudad Autónoma de Buenos Aires","Buenos Aires",Argentina,1126999861,"Maga Estevez",
Dakota,Editora,dakota.editora@facebook.com,"09 Enero",https://www.facebook.com/dakota.editora,,,"Ciudad Autónoma de Buenos Aires","Buenos Aires",Argentina,100004033290850,"Majo López Tavani",https://www.facebook.com/lasplumas
Lucio,Calabria,lucio.calabria@facebook.com,"09 Enero",https://www.facebook.com/lucio.calabria,,,"Ciudad Autónoma de Buenos Aires","Buenos Aires",Argentina,1068596874,"Malen Hendler",https://www.facebook.com/malen.hendler
Martin,"Lopez Fernandez",martin.lopezfernandez.14@facebook.com,"09 Enero",https://www.facebook.com/martin.lopezfernandez.14,23,,"Ciudad Autónoma de Buenos Aires","Buenos Aires",Argentina,655083732,"Manu Dadaglio",
Alberto,Galan,titogalan@facebook.com,"09 Enero",https://www.facebook.com/titogalan,,,"Ciudad Autónoma de Buenos Aires","Buenos Aires",Argentina,1067151449,"Manuel Saenz",
Jennifer,"Oshiro Miyazono",Natsumi.Jennifer.Oshiro@facebook.com,"09 Enero",https://www.facebook.com/Natsumi.Jennifer.Oshiro,24,,"Ciudad Autónoma de Buenos Aires","Buenos Aires",Argentina,577604263,"María Paz Short",https://www.facebook.com/paz.short
Facundo,"Novaro Hueyo",facundo.novarohueyo@facebook.com,"09 Enero",https://www.facebook.com/facundo.novarohueyo,21,,"Ciudad Autónoma de Buenos Aires","Buenos Aires",Argentina,728006041,"Marcelo Braun Menendez",
Enrique,Bustos,enriquefedebustos@facebook.com,"09 Enero",https://www.facebook.com/enriquefedebustos,,,"Ciudad Autónoma de Buenos Aires","Buenos Aires",Argentina,100000534746056,"Maria Eugenia Ferreyra Iañez",https://www.facebook.com/mariaeugenia.ferreyraiane
"Mariel A.",Bobek,@facebook.com,"09 Enero",https://www.facebook.com/profile.php?id=100003165799487,,,"Ciudad Autónoma de Buenos Aires","Buenos Aires",Argentina,100003165799487,"Maria Paula Toyos",
Mateo,Etchegaray,mateo.etchegaray@facebook.com,"09 Enero",https://www.facebook.com/mateo.etchegaray,,,"Ciudad Autónoma de Buenos Aires","Buenos Aires",Argentina,100001111410344,"Maria Quevedo",https://www.facebook.com/mery.quevedo3
"Marce L.",Marczewski,@facebook.com,"09 Enero",https://www.facebook.com/profile.php?id=100006702793281,,,"Ciudad Autónoma de Buenos Aires","Buenos Aires",Argentina,100006702793281,"Mariana Graña",
Delfina,Ponce,delfina.ponce.92@facebook.com,"09 Enero",https://www.facebook.com/delfina.ponce.92,22,,"Ciudad Autónoma de Buenos Aires","Buenos Aires",Argentina,1281014519,"Mariana Sparks",
Christian,Trotta,christian.trotta@facebook.com,"09 Enero",https://www.facebook.com/christian.trotta,,,"Ciudad Autónoma de Buenos Aires","Buenos Aires",Argentina,542169423,"Marianela Irusta",
Vero,Rey,veronicasilvana.rey@facebook.com,"09 Enero",https://www.facebook.com/veronicasilvana.rey,,,"Ciudad Autónoma de Buenos Aires","Buenos Aires",Argentina,1532160484,"Mariano Montani",https://www.facebook.com/mariano.montani
Fer,Cariló,fernando.villanueva.1654700@facebook.com,"09 Enero",https://www.facebook.com/fernando.villanueva.1654700,,,"Ciudad Autónoma de Buenos Aires","Buenos Aires",Argentina,1341041227,"Marina Castagnino",https://www.facebook.com/castagnino
Florencia,"Masson Telleriarte",flor.masson@facebook.com,"09 Enero",https://www.facebook.com/flor.masson,,,"Ciudad Autónoma de Buenos Aires","Buenos Aires",Argentina,100000036009924,"Marti Nevares",https://www.facebook.com/martii.nevares
Josefina,Pollak,josefina.pollak@facebook.com,"09 Enero",https://www.facebook.com/josefina.pollak,22,,"Ciudad Autónoma de Buenos Aires","Buenos Aires",Argentina,1226616573,"Marti Nevares",https://www.facebook.com/martii.nevares
Charly,Senande,charly.senande@facebook.com,"09 Enero",https://www.facebook.com/charly.senande,,,"Ciudad Autónoma de Buenos Aires","Buenos Aires",Argentina,603083493,"Matias Blas",https://www.facebook.com/Matias.Blas
Diego,Barcelo,diego.barcelo.5@facebook.com,"09 Enero",https://www.facebook.com/diego.barcelo.5,,,"Ciudad Autónoma de Buenos Aires","Buenos Aires",Argentina,1386572502,"Matias Daniel Pascual",
Lucila,Rubio,lucila.rubio.10@facebook.com,"09 Enero",https://www.facebook.com/lucila.rubio.10,22,"San Isidro","San Isidro","Buenos Aires",Argentina,520264022,"Maureen Burton",
Vanesa,Echeveste,Vanesukii@facebook.com,"09 Enero",https://www.facebook.com/Vanesukii,,,"Ciudad Autónoma de Buenos Aires","Buenos Aires",Argentina,682292451,"Mauro Napole",https://www.facebook.com/maurinapole
Daiana,Cornalo,daiana.cornalo.7@facebook.com,"09 Enero",https://www.facebook.com/daiana.cornalo.7,,,"Ciudad Autónoma de Buenos Aires","Buenos Aires",Argentina,1049643708,"Mauro Napole",https://www.facebook.com/maurinapole
Lolet's,Deco,lolets.deco@facebook.com,"09 Enero",https://www.facebook.com/lolets.deco,,,"Ciudad Autónoma de Buenos Aires","Buenos Aires",Argentina,100004024281896,"Mechi Abud",https://www.facebook.com/mechi.abud
Maria,Samba,hola.mariasamba@facebook.com,"09 Enero",https://www.facebook.com/hola.mariasamba,24,,"Ciudad Autónoma de Buenos Aires","Buenos Aires",Argentina,100001227085233,"Mercedes Ferrario",https://www.facebook.com/mercedes.ferrario
Alan,Lagman,alan.lagman.31@facebook.com,"09 Enero",https://www.facebook.com/alan.lagman.31,25,,"Ciudad Autónoma de Buenos Aires","Buenos Aires",Argentina,730783848,"Michelle Fingeret",https://www.facebook.com/michelle.fingeret
Claudio,Garcia,claudio.garcia.52831@facebook.com,"09 Enero",https://www.facebook.com/claudio.garcia.52831,25,,"Ciudad Autónoma de Buenos Aires","Buenos Aires",Argentina,100003191386307,"Michelle Ribeiro",
Diego,Impagliazzo,diego.impagliazzo.3@facebook.com,"09 Enero",https://www.facebook.com/diego.impagliazzo.3,,,"Ciudad Autónoma de Buenos Aires","Buenos Aires",Argentina,703632629,"Miqui Berriòs",https://www.facebook.com/miqui.berrios
Natalia,Naty,natalia.naty.39@facebook.com,"09 Enero",https://www.facebook.com/natalia.naty.39,,,"Ciudad Autónoma de Buenos Aires","Buenos Aires",Argentina,1524336636,"Miqui Berriòs",https://www.facebook.com/miqui.berrios
"Lo de",Bartolo,lodebartolo@facebook.com,"09 Enero",https://www.facebook.com/lodebartolo,,,"Ciudad Autónoma de Buenos Aires","Buenos Aires",Argentina,1524670637,"Miqui Berriòs",https://www.facebook.com/miqui.berrios
Patricia,Hakim,patricia.hakim.54@facebook.com,"09 Enero",https://www.facebook.com/patricia.hakim.54,,,"Ciudad Autónoma de Buenos Aires","Buenos Aires",Argentina,100000546833190,"Miqui Berriòs",https://www.facebook.com/miqui.berrios
Emiliano,Volpe,emilianovolpee@facebook.com,"09 Enero",https://www.facebook.com/emilianovolpee,,,"Ciudad Autónoma de Buenos Aires","Buenos Aires",Argentina,1111248591,"Nadia Denise",
Julieta,Poggio,@facebook.com,"09 Enero",https://www.facebook.com/profile.php?id=100005456265254,22,,"Ciudad Autónoma de Buenos Aires","Buenos Aires",Argentina,100005456265254,"Nahu Millicay Pereyra",https://www.facebook.com/nahumilli
Fernando,Corona,fernando.corona.940@facebook.com,"09 Enero",https://www.facebook.com/fernando.corona.940,,,"Ciudad Autónoma de Buenos Aires","Buenos Aires",Argentina,664404648,"Natalia Ponce",
Santiago,Skiappa,santiago.skiappa@facebook.com,"09 Enero",https://www.facebook.com/santiago.skiappa,20,,"Ciudad Autónoma de Buenos Aires","Buenos Aires",Argentina,1047181950,"Nico Mackinlay",
Sol,Rizzuti,lailasolanger@facebook.com,"09 Enero",https://www.facebook.com/lailasolanger,20,,"Ciudad Autónoma de Buenos Aires","Buenos Aires",Argentina,1137652747,"Nicolás Marano",https://www.facebook.com/nicolasmarano10
Ariel,Mannelli,ariel.mannelli@facebook.com,"09 Enero",https://www.facebook.com/ariel.mannelli,,,"Ciudad Autónoma de Buenos Aires","Buenos Aires",Argentina,100001555792456,"Pablo Dandrea",https://www.facebook.com/pablo.dandrea
Claudia,Castellano,claudia.castellano.731572@facebook.com,"09 Enero",https://www.facebook.com/claudia.castellano.731572,,,"Ciudad Autónoma de Buenos Aires","Buenos Aires",Argentina,100004574220050,"Pablo Gilmartin",https://www.facebook.com/pablo.gilmartin
Giulia,Ojeda,giuliana.ojeda@facebook.com,"09 Enero",https://www.facebook.com/giuliana.ojeda,,,"Ciudad Autónoma de Buenos Aires","Buenos Aires",Argentina,100000031025841,"Pamela Garrote",https://www.facebook.com/pamela.garrote
HipismoDigital,ComAr,hipismodigital.comar@facebook.com,"09 Enero",https://www.facebook.com/hipismodigital.comar,24,,"Ciudad Autónoma de Buenos Aires","Buenos Aires",Argentina,100000080611458,"Pato Franco",
Agustina,Sada,agustina.sada@facebook.com,"09 Enero",https://www.facebook.com/agustina.sada,21,,"Ciudad Autónoma de Buenos Aires","Buenos Aires",Argentina,1494456890,"Pato Franco",
Agustín,Cacciola,aguscacciola@facebook.com,"09 Enero",https://www.facebook.com/aguscacciola,25,,"Ciudad Autónoma de Buenos Aires","Buenos Aires",Argentina,900855437,"Pato Pagano",https://www.facebook.com/pato.p111
Ornella,"Delli Quadri",ornella.delliquadri@facebook.com,"09 Enero",https://www.facebook.com/ornella.delliquadri,22,,"Ciudad Autónoma de Buenos Aires","Buenos Aires",Argentina,1278937266,"Pato Pagano",https://www.facebook.com/pato.p111
Fernando,Ariel,asgfar@facebook.com,"09 Enero",https://www.facebook.com/asgfar,,,"Ciudad Autónoma de Buenos Aires","Buenos Aires",Argentina,1129807538,"Paula Acosta",
Romina,Toller,romina.toller.5@facebook.com,"09 Enero",https://www.facebook.com/romina.toller.5,23,,"Ciudad Autónoma de Buenos Aires","Buenos Aires",Argentina,1116497286,"Piltra Toller",https://www.facebook.com/piltra
Renan,Ruiz,renan.gonzalo@facebook.com,"09 Enero",https://www.facebook.com/renan.gonzalo,22,,"Ciudad Autónoma de Buenos Aires","Buenos Aires",Argentina,1404865602,"Rocío Martínez",https://www.facebook.com/rochi.belen
Kevin,Kuras,kkuras2@facebook.com,"09 Enero",https://www.facebook.com/kkuras2,23,,"Ciudad Autónoma de Buenos Aires","Buenos Aires",Argentina,548828951,"Rocío Martínez",https://www.facebook.com/rochi.belen
Clara,Agüero,agueroclara@facebook.com,"09 Enero",https://www.facebook.com/agueroclara,22,,"Ciudad Autónoma de Buenos Aires","Buenos Aires",Argentina,100001427268705,"Rochi Christensen",https://www.facebook.com/rochi.christensen
Martin,Bergada,martin.bergada@facebook.com,"09 Enero",https://www.facebook.com/martin.bergada,22,,"Ciudad Autónoma de Buenos Aires","Buenos Aires",Argentina,560243854,"Rochi Christensen",https://www.facebook.com/rochi.christensen
Vicky,Gourdy,vickygourdy@facebook.com,"09 Enero",https://www.facebook.com/vickygourdy,22,,"Ciudad Autónoma de Buenos Aires","Buenos Aires",Argentina,570487495,"Rochi Christensen",https://www.facebook.com/rochi.christensen
Cristian,Varano,cristianhk@facebook.com,"09 Enero",https://www.facebook.com/cristianhk,,,"Ciudad Autónoma de Buenos Aires","Buenos Aires",Argentina,597583790,"Romy Gutierrez Jaime",https://www.facebook.com/romygutierrezjaime
Coya,Suarez,coya.suarez@facebook.com,"09 Enero",https://www.facebook.com/coya.suarez,24,,"Ciudad Autónoma de Buenos Aires","Buenos Aires",Argentina,759242517,"Ronit Nates",https://www.facebook.com/ronates
Melisa,Arevalo,melarevalo@facebook.com,"09 Enero",https://www.facebook.com/melarevalo,,,"Ciudad Autónoma de Buenos Aires","Buenos Aires",Argentina,735535297,"Sabry Valenti",https://www.facebook.com/sabry.valenti
Micaela,Blanco,micu.blanco@facebook.com,"09 Enero",https://www.facebook.com/micu.blanco,,,"Ciudad Autónoma de Buenos Aires","Buenos Aires",Argentina,691178734,"Sebastian Diaz",https://www.facebook.com/sebastiantatudiaz
Marina,Gallego,marinavgallego@facebook.com,"09 Enero",https://www.facebook.com/marinavgallego,24,,"Ciudad Autónoma de Buenos Aires","Buenos Aires",Argentina,591035503,"Sebastian Diaz",https://www.facebook.com/sebastiantatudiaz
Lorena,Lola,lola.dance.739@facebook.com,"09 Enero",https://www.facebook.com/lola.dance.739,,,"Ciudad Autónoma de Buenos Aires","Buenos Aires",Argentina,1098987683,"Sergio Acosta",
Ornella,"Gismondi Lovera",ornegis@facebook.com,"09 Enero",https://www.facebook.com/ornegis,25,,"Ciudad Autónoma de Buenos Aires","Buenos Aires",Argentina,585865548,"Shirley Cass",
Ivan,Zanetti,ivan.zanetti1@facebook.com,"09 Enero",https://www.facebook.com/ivan.zanetti1,,,"Ciudad Autónoma de Buenos Aires","Buenos Aires",Argentina,659189372,"Silvia Grun",
Nahuel,Bonnet,NAHUELBONNET@facebook.com,"09 Enero",https://www.facebook.com/NAHUELBONNET,,,"Ciudad Autónoma de Buenos Aires","Buenos Aires",Argentina,100000502698117,"Sofu Maddonni",https://www.facebook.com/ssofiia
Adri,Dig,adrianadignani@facebook.com,"09 Enero",https://www.facebook.com/adrianadignani,21,,"Ciudad Autónoma de Buenos Aires","Buenos Aires",Argentina,1445902225,"Sofu Maddonni",https://www.facebook.com/ssofiia
Rodrii,Fernandez,rodrigo.fernandez.7545@facebook.com,"09 Enero",https://www.facebook.com/rodrigo.fernandez.7545,,,"Ciudad Autónoma de Buenos Aires","Buenos Aires",Argentina,100001063674554,"Sofu Maddonni",https://www.facebook.com/ssofiia
Eli,Gonzalez,eli.gonzalez.182@facebook.com,"09 Enero",https://www.facebook.com/eli.gonzalez.182,21,,"Ciudad Autónoma de Buenos Aires","Buenos Aires",Argentina,1607955859,"Sofu Maddonni",https://www.facebook.com/ssofiia
Valen,Tinny,valentina.akiyama@facebook.com,"09 Enero",https://www.facebook.com/valentina.akiyama,,,"Ciudad Autónoma de Buenos Aires","Buenos Aires",Argentina,100000903623672,"Sol Bettoni",
Romina,Godoy,romina.godoy.31@facebook.com,"09 Enero",https://www.facebook.com/romina.godoy.31,22,,"Ciudad Autónoma de Buenos Aires","Buenos Aires",Argentina,1587670587,"Soledad Sanchez",
Nano,Pellegrini,nano.pellegrini@facebook.com,"09 Enero",https://www.facebook.com/nano.pellegrini,,,"Ciudad Autónoma de Buenos Aires","Buenos Aires",Argentina,1068394253,"Tamara Arias",
Cecilia,Eis,cecilia.eis@facebook.com,"09 Enero",https://www.facebook.com/cecilia.eis,,,"Ciudad Autónoma de Buenos Aires","Buenos Aires",Argentina,528181403,"Tomás Eis",
Belu,Tessitore,belu.tessitore@facebook.com,"09 Enero",https://www.facebook.com/belu.tessitore,24,,"Ciudad Autónoma de Buenos Aires","Buenos Aires",Argentina,752194717,"Valentin Abelardo",https://www.facebook.com/valentin.abelardo
Matteo,Gritti,matteo.gritti.96@facebook.com,"09 Enero",https://www.facebook.com/matteo.gritti.96,,,"Ciudad Autónoma de Buenos Aires","Buenos Aires",Argentina,1217145075,"Valentino Fabre",https://www.facebook.com/valenfabre
Martin,Soto,martin.soto.545849@facebook.com,"09 Enero",https://www.facebook.com/martin.soto.545849,,"San Isidro","San Isidro","Buenos Aires",Argentina,1419534569,"Valeria Ayala",
Rocio,Sce,manzaniita.roxio@facebook.com,"09 Enero",https://www.facebook.com/manzaniita.roxio,23,,"Ciudad Autónoma de Buenos Aires","Buenos Aires",Argentina,1115298427,"Vanesa Myrna Ojeda",
Mariana,Corneli,marianita.corneli@facebook.com,"09 Enero",https://www.facebook.com/marianita.corneli,25,,"Ciudad Autónoma de Buenos Aires","Buenos Aires",Argentina,676744686,"Vicky Alsina",https://www.facebook.com/vickalsina
Teo,"Courbrant Barchán",teocou@facebook.com,"09 Enero",https://www.facebook.com/teocou,,,"Ciudad Autónoma de Buenos Aires","Buenos Aires",Argentina,1676284929,"Vicky Diaz",
Marita,Salomon,marita.salomon.3@facebook.com,"09 Enero",https://www.facebook.com/marita.salomon.3,25,,"Ciudad Autónoma de Buenos Aires","Buenos Aires",Argentina,1189128817,"Yanina Toto",https://www.facebook.com/yanina.toto
