Nombre,Apellido,"Email Facebook",Cumpleaños,"Usuario Facebook",Edad,Barrio,Ciudad,Provincia,Pais,"ID Facebook","Amigo De","Amigo De (Usuario)"
Paula,Ceballo,paula.ceballo@facebook.com,"12 de Julio",https://www.facebook.com/paula.ceballo,,,"Ciudad Autónoma de Buenos Aires","Buenos Aires",Argentina,1108591049,"Adrian Tomassino",
Lais,Calil,lilac.sial@facebook.com,"12 de Julio",https://www.facebook.com/lilac.sial,,,"Ciudad Autónoma de Buenos Aires","Buenos Aires",Argentina,1482982886,"Agostina Magali Aguirre Alvarez",
Rosario,Ponisio,rosario.p.ponisio@facebook.com,"12 de Julio",https://www.facebook.com/rosario.p.ponisio,24,,"Ciudad Autónoma de Buenos Aires","Buenos Aires",Argentina,645218472,"Agus Carranza",
Eleonora,Cavallo,eleo.94@facebook.com,"11 de Julio",https://www.facebook.com/eleo.94,,,"Ciudad Autónoma de Buenos Aires","Buenos Aires",Argentina,1288571054,"Agus Rodriguez",
Agos,Mannara,agos.mannara@facebook.com,"11 de Julio",https://www.facebook.com/agos.mannara,24,,"Ciudad Autónoma de Buenos Aires","Buenos Aires",Argentina,503901082,"Agus Rodriguez",
Gonzalo,Puebla,gonzapp@facebook.com,"12 de Julio",https://www.facebook.com/gonzapp,,Barracas,"Ciudad Autónoma de Buenos Aires","Buenos Aires",Argentina,666788030,"Agustín de Aramburu",https://www.facebook.com/agustin.dearamburu
Antonella,Albertosi,antoalbertosi@facebook.com,"11 de Julio",https://www.facebook.com/antoalbertosi,24,,"Ciudad Autónoma de Buenos Aires","Buenos Aires",Argentina,1552571208,"Agustin Justin",https://www.facebook.com/Agustin.Justin
Maxi,Mendez,maxi.mendez.9619@facebook.com,"12 de Julio",https://www.facebook.com/maxi.mendez.9619,23,,"Ciudad Autónoma de Buenos Aires","Buenos Aires",Argentina,676057331,"Agustina Del Rosario Anzisi",https://www.facebook.com/AgustinadelRosario
Charlie,Grenier,charlie.grenier@facebook.com,"12 de Julio",https://www.facebook.com/charlie.grenier,,,"Ciudad Autónoma de Buenos Aires","Buenos Aires",Argentina,679452729,"Agustina Gorrini",https://www.facebook.com/agustina.gorrini
Arte,Renguero,mariela.pepona@facebook.com,"12 de Julio",https://www.facebook.com/mariela.pepona,24,,"Ciudad Autónoma de Buenos Aires","Buenos Aires",Argentina,100000685202820,"Agustina Pelle Müller",
Santiago,Heinrich,santiago.heinrich@facebook.com,"12 de Julio",https://www.facebook.com/santiago.heinrich,23,,"Ciudad Autónoma de Buenos Aires","Buenos Aires",Argentina,100000881957447,"Agustina Pelle Müller",
Calzados,Pablo,calzados.pablo.5@facebook.com,"11 de Julio",https://www.facebook.com/calzados.pablo.5,22,,"Ciudad Autónoma de Buenos Aires","Buenos Aires",Argentina,100007074215307,"Agustina Pelle Müller",
Mauricio,Campero,mauricio.campero.96@facebook.com,"11 de Julio",https://www.facebook.com/mauricio.campero.96,22,,"Ciudad Autónoma de Buenos Aires","Buenos Aires",Argentina,1590815836,"Agustina Pelle Müller",
Agustin,Gioffre,Agustin.gioffre@facebook.com,"12 de Julio",https://www.facebook.com/Agustin.gioffre,,,"Ciudad Autónoma de Buenos Aires","Buenos Aires",Argentina,1464895278,"Agustina Pelle Müller",
Hernán,Reinoso,hernanerre@facebook.com,"12 de Julio",https://www.facebook.com/hernanerre,,,"Ciudad Autónoma de Buenos Aires","Buenos Aires",Argentina,1630092556,"Agustina Pelle Müller",
Goyo,"Fernandez Zurdo",gregorio.fernandezzurdo@facebook.com,"11 de Julio",https://www.facebook.com/gregorio.fernandezzurdo,,,"Ciudad Autónoma de Buenos Aires","Buenos Aires",Argentina,1411684874,"Alan Volper",https://www.facebook.com/alan.volper
Lucila,Salvatore,lucila.salvatore@facebook.com,"12 de Julio",https://www.facebook.com/lucila.salvatore,,,"Ciudad Autónoma de Buenos Aires","Buenos Aires",Argentina,1599834070,"Alan Volper",https://www.facebook.com/alan.volper
Romina,Yoo,Ykj.90@facebook.com,"11 de Julio",https://www.facebook.com/Ykj.90,,"Buenos Aires","Buenos Aires","Buenos Aires",Argentina,802209667,"Alan Yun",0
Luis,"Ortiz Barili",ortizbarili@facebook.com,"11 de Julio",https://www.facebook.com/ortizbarili,,"Buenos Aires","Buenos Aires","Buenos Aires",Argentina,1428863910,"Alan Yun",0
Diego,Kwak,diego.kwak@facebook.com,"12 de Julio",https://www.facebook.com/diego.kwak,,"Buenos Aires","Buenos Aires","Buenos Aires",Argentina,1304229775,"Alan Yun",0
Mariana,Lopez,mariana.lopez.37625@facebook.com,"11 de Julio",https://www.facebook.com/mariana.lopez.37625,25,"Buenos Aires","Buenos Aires","Buenos Aires",Argentina,573859144,"Alan Yun",0
Cata,Spinelli,Cataalinn@facebook.com,"11 de Julio",https://www.facebook.com/Cataalinn,,,"Ciudad Autónoma de Buenos Aires","Buenos Aires",Argentina,538641059,"Aldana Queirolo",https://www.facebook.com/aldana.queirolo
Orfano,Sesma,orfano.sesma@facebook.com,"11 de Julio",https://www.facebook.com/orfano.sesma,24,,"Ciudad Autónoma de Buenos Aires","Buenos Aires",Argentina,100007513235459,"Ale Arias Mandarine Park",
Any,Uckermann,anyvonuckermann@facebook.com,"11 de Julio",https://www.facebook.com/anyvonuckermann,,,"Ciudad Autónoma de Buenos Aires","Buenos Aires",Argentina,100003704505696,"Ale Arias Mandarine Park",
Coti,Barrios,coti.barrios.5@facebook.com,"12 de Julio",https://www.facebook.com/coti.barrios.5,23,,"Ciudad Autónoma de Buenos Aires","Buenos Aires",Argentina,100007809753180,"Ale Arias Mandarine Park",
Natalia,Mandros,natalia.mandros.1@facebook.com,"12 de Julio",https://www.facebook.com/natalia.mandros.1,23,,"Ciudad Autónoma de Buenos Aires","Buenos Aires",Argentina,100007951923188,"Ale Arias Mandarine Park",
Ailu,Mehaudy,Ailuu.mehaudy@facebook.com,"12 de Julio",https://www.facebook.com/Ailuu.mehaudy,,,"Ciudad Autónoma de Buenos Aires","Buenos Aires",Argentina,1415805672,"Ale Arias Mandarine Park",
Javier,Braim,javier.braim@facebook.com,"11 de Julio",https://www.facebook.com/javier.braim,26,,"Ciudad Autónoma de Buenos Aires","Buenos Aires",Argentina,708293884,"Alejandro Polo",https://www.facebook.com/alejandropolo16
Nati,Sierra,sierranati@facebook.com,"12 de Julio",https://www.facebook.com/sierranati,26,,"Ciudad Autónoma de Buenos Aires","Buenos Aires",Argentina,722065603,"Alexia Garcia",https://www.facebook.com/garciaalexiia
"Philippe Maxime",Mathieu,pmathieu89@facebook.com,"11 de Julio",https://www.facebook.com/pmathieu89,25,,"Ciudad Autónoma de Buenos Aires","Buenos Aires",Argentina,588590563,"Alexia Garcia",https://www.facebook.com/garciaalexiia
Alan,Axel,solhijolee@facebook.com,"12 de Julio",https://www.facebook.com/solhijolee,,,"Ciudad Autónoma de Buenos Aires","Buenos Aires",Argentina,100004069331309,"Alexia Garcia",https://www.facebook.com/garciaalexiia
Juan,Stein,Juann.Stein@facebook.com,"12 de Julio",https://www.facebook.com/Juann.Stein,22,,"Ciudad Autónoma de Buenos Aires","Buenos Aires",Argentina,729057755,"Ana Glinberg",https://www.facebook.com/ana.glinberg
Christian,Viarnes,christiancdv@facebook.com,"11 de Julio",https://www.facebook.com/christiancdv,26,,"Ciudad Autónoma de Buenos Aires","Buenos Aires",Argentina,658299571,"Ana Glinberg",https://www.facebook.com/ana.glinberg
Carlos,Roibon,carlos.roibon@facebook.com,"12 de Julio",https://www.facebook.com/carlos.roibon,,,"Ciudad Autónoma de Buenos Aires","Buenos Aires",Argentina,1177644810,"Ana María Mesones",https://www.facebook.com/ana.mesones
Analía,Presentado,analia.presentado@facebook.com,"12 de Julio",https://www.facebook.com/analia.presentado,,,"Ciudad Autónoma de Buenos Aires","Buenos Aires",Argentina,1072410182,"Analia Utlo",https://www.facebook.com/ANY10
Ariel,Miranda,arielivanmiranda@facebook.com,"12 de Julio",https://www.facebook.com/arielivanmiranda,,,"Ciudad Autónoma de Buenos Aires","Buenos Aires",Argentina,1072946018,"Analia Utlo",https://www.facebook.com/ANY10
Juanse,Flores,juantos@facebook.com,"12 de Julio",https://www.facebook.com/juantos,,,"Ciudad Autónoma de Buenos Aires","Buenos Aires",Argentina,872120633,"Andrés Bonavera Rendo",https://www.facebook.com/andybonavera
Alejandra,Perasso,Alejandra.Rollano.Perasso@facebook.com,"11 de Julio",https://www.facebook.com/Alejandra.Rollano.Perasso,,,"Ciudad Autónoma de Buenos Aires","Buenos Aires",Argentina,567435143,"Andrea Badani",https://www.facebook.com/andrea.badani
Florencia,Otero,florencia.otero.397@facebook.com,"11 de Julio",https://www.facebook.com/florencia.otero.397,25,,"Ciudad Autónoma de Buenos Aires","Buenos Aires",Argentina,1322593779,"Andrea Flijer",https://www.facebook.com/andrea.flijer
Sol,Filgueira,sol.filgueira@facebook.com,"12 de Julio",https://www.facebook.com/sol.filgueira,25,,"Ciudad Autónoma de Buenos Aires","Buenos Aires",Argentina,842528727,"Andrea Flijer",https://www.facebook.com/andrea.flijer
Horacio,Szacher,horassss@facebook.com,"12 de Julio",https://www.facebook.com/horassss,,,"Ciudad Autónoma de Buenos Aires","Buenos Aires",Argentina,100000966287970,"Andrea García Sención",https://www.facebook.com/andreagarciasencion
Gabriela,Juarez,gabojuarez@facebook.com,"12 de Julio",https://www.facebook.com/gabojuarez,,,"Ciudad Autónoma de Buenos Aires","Buenos Aires",Argentina,1367935191,"Andres Melis",https://www.facebook.com/andres.melis
Michelle,Armstrong,michelle.armstrong.9231@facebook.com,"11 de Julio",https://www.facebook.com/michelle.armstrong.9231,,,"Ciudad Autónoma de Buenos Aires","Buenos Aires",Argentina,100000083959902,"Aniita Canta",https://www.facebook.com/Aniita.Canta
Cesar,Berger,berger.muzik@facebook.com,"11 de Julio",https://www.facebook.com/berger.muzik,,,"Ciudad Autónoma de Buenos Aires","Buenos Aires",Argentina,100001392097309,"Anita Ghersinich",https://www.facebook.com/anita.ghersinich
Lihuu,Silva,Innocencen@facebook.com,"12 de Julio",https://www.facebook.com/Innocencen,,,"Ciudad Autónoma de Buenos Aires","Buenos Aires",Argentina,100002885726805,"Anna Laura",https://www.facebook.com/Anna.Laucha
Agustina,Ayala,aguus.ayala.90@facebook.com,"11 de Julio",https://www.facebook.com/aguus.ayala.90,,,"Ciudad Autónoma de Buenos Aires","Buenos Aires",Argentina,100000493936837,"Anna Laura",https://www.facebook.com/Anna.Laucha
Luciano,Arias,MiNameIsLuciano@facebook.com,"12 de Julio",https://www.facebook.com/MiNameIsLuciano,,,"Ciudad Autónoma de Buenos Aires","Buenos Aires",Argentina,100000870800878,"Anna Laura",https://www.facebook.com/Anna.Laucha
Sil,"Maciel Saravia",silvana.macielsaravia@facebook.com,"12 de Julio",https://www.facebook.com/silvana.macielsaravia,,,"Ciudad Autónoma de Buenos Aires","Buenos Aires",Argentina,1325746796,"Annie Silva",https://www.facebook.com/AnnieGaleano
Jazmin,Rodriguez,jazminrodriguez88@facebook.com,"11 de Julio",https://www.facebook.com/jazminrodriguez88,,,"Ciudad Autónoma de Buenos Aires","Buenos Aires",Argentina,100001970264954,"Anoland Lorenzo",https://www.facebook.com/anoland.lorenzo
Maria,Bolgare,Agendate.BuenosAires@facebook.com,"12 de Julio",https://www.facebook.com/Agendate.BuenosAires,26,,"Ciudad Autónoma de Buenos Aires","Buenos Aires",Argentina,100001136726379,"Anto D'Amato",https://www.facebook.com/anto.dama
Veronica,Rodriguez,@facebook.com,"11 de Julio",https://www.facebook.com/profile.php?id=1354787343,,,"Ciudad Autónoma de Buenos Aires","Buenos Aires",Argentina,1354787343,"Antonela Monachesi",https://www.facebook.com/anto.monachesi
Gian,Fiore,GianFiore1@facebook.com,"12 de Julio",https://www.facebook.com/GianFiore1,,,"Ciudad Autónoma de Buenos Aires","Buenos Aires",Argentina,1435039325,"Ariel Rivera",
Fernando,Bertuol,fernando.bertuol.1@facebook.com,"11 de Julio",https://www.facebook.com/fernando.bertuol.1,,,"Ciudad Autónoma de Buenos Aires","Buenos Aires",Argentina,528071613,"Ariel Rivera",
Javier,Lesa,javierlesa@facebook.com,"12 de Julio",https://www.facebook.com/javierlesa,26,,"Ciudad Autónoma de Buenos Aires","Buenos Aires",Argentina,1202062304,"Ariel Villarreal",
Magdalena,Flores,magdalena.flores.5@facebook.com,"11 de Julio",https://www.facebook.com/magdalena.flores.5,25,,"Ciudad Autónoma de Buenos Aires","Buenos Aires",Argentina,1548516663,"Axx Agustin",https://www.facebook.com/Ax.Agustin
Anita,Saravia,anita.r.saravia@facebook.com,"11 de Julio",https://www.facebook.com/anita.r.saravia,27,,"Ciudad Autónoma de Buenos Aires","Buenos Aires",Argentina,544453683,"Aylu Macchi",
Martin,Puccini,tinchopuccini@facebook.com,"11 de Julio",https://www.facebook.com/tinchopuccini,,,"Ciudad Autónoma de Buenos Aires","Buenos Aires",Argentina,100006219394388,"Aylu Macchi",
Flavia,Tossi,flavia.tossi.7@facebook.com,"11 de Julio",https://www.facebook.com/flavia.tossi.7,24,,"Ciudad Autónoma de Buenos Aires","Buenos Aires",Argentina,100006195095881,"Bë Döbiencita",https://www.facebook.com/be.dobiencita
Denis,Britez,denis.britez.10@facebook.com,"12 de Julio",https://www.facebook.com/denis.britez.10,24,,"Ciudad Autónoma de Buenos Aires","Buenos Aires",Argentina,1138387891,"Babi Linares",https://www.facebook.com/babi.linares
"Pablo Gabriel",Miranda,pablogabriel.miranda@facebook.com,"11 de Julio",https://www.facebook.com/pablogabriel.miranda,28,,"Ciudad Autónoma de Buenos Aires","Buenos Aires",Argentina,1204544572,"Barby Lanata",https://www.facebook.com/barby.lanata
Rocio,Pepe,rociopepe@facebook.com,"12 de Julio",https://www.facebook.com/rociopepe,26,,"Ciudad Autónoma de Buenos Aires","Buenos Aires",Argentina,795822887,"Barby Lanata",https://www.facebook.com/barby.lanata
Carlos,Correia,carlos.correia.96930@facebook.com,"12 de Julio",https://www.facebook.com/carlos.correia.96930,28,,"Ciudad Autónoma de Buenos Aires","Buenos Aires",Argentina,1484343726,"Barby Lanata",https://www.facebook.com/barby.lanata
Estefania,Protti,tefi.face@facebook.com,"11 de Julio",https://www.facebook.com/tefi.face,25,,"Ciudad Autónoma de Buenos Aires","Buenos Aires",Argentina,1175310499,"Barby Lanata",https://www.facebook.com/barby.lanata
Gala,Bosch,gala.bosch@facebook.com,"12 de Julio",https://www.facebook.com/gala.bosch,,,"Ciudad Autónoma de Buenos Aires","Buenos Aires",Argentina,558717842,"Barby Suarez",https://www.facebook.com/barby1522
Sol,Pansardi,sol.pansardi@facebook.com,"12 de Julio",https://www.facebook.com/sol.pansardi,,,"Ciudad Autónoma de Buenos Aires","Buenos Aires",Argentina,1091919259,"Belen Loccisano",https://www.facebook.com/belen.loccisano
Mod,BA,mod.ba.7@facebook.com,"12 de Julio",https://www.facebook.com/mod.ba.7,24,,"Ciudad Autónoma de Buenos Aires","Buenos Aires",Argentina,100002987822603,"Belen Uicich",https://www.facebook.com/belen.uicich
Nahuel,Dominguez,nahuel.dominguez1@facebook.com,"11 de Julio",https://www.facebook.com/nahuel.dominguez1,26,,"Ciudad Autónoma de Buenos Aires","Buenos Aires",Argentina,1201366898,"Belen Uicich",https://www.facebook.com/belen.uicich
Sammir,Bruzzone,sammir.bruzzone@facebook.com,"12 de Julio",https://www.facebook.com/sammir.bruzzone,,,"Ciudad Autónoma de Buenos Aires","Buenos Aires",Argentina,679004639,"Belen Uicich",https://www.facebook.com/belen.uicich
Dolores,Astarloa,dolores.astarloa@facebook.com,"12 de Julio",https://www.facebook.com/dolores.astarloa,,"San Isidro","San Isidro","Buenos Aires",Argentina,555959349,"Belu Alvarez",
Yannick,Princic,y.princic@facebook.com,"12 de Julio",https://www.facebook.com/y.princic,,,"Ciudad Autónoma de Buenos Aires","Buenos Aires",Argentina,1070959010,"Betsabé Baxter",https://www.facebook.com/betsabe.baxter
Ire,Electrodance,ire.electrodance@facebook.com,"11 de Julio",https://www.facebook.com/ire.electrodance,23,,"Ciudad Autónoma de Buenos Aires","Buenos Aires",Argentina,100001754294802,"Braii Venieri",https://www.facebook.com/BraianVenieri
Braian,Cortez,ElRompetelitas@facebook.com,"11 de Julio",https://www.facebook.com/ElRompetelitas,,,"Ciudad Autónoma de Buenos Aires","Buenos Aires",Argentina,100001611700831,"Brenda Araceli Gonzalez",https://www.facebook.com/brendaaraceli.gonzalez
Sebastian,Castillo,saggitariuspk@facebook.com,"12 de Julio",https://www.facebook.com/saggitariuspk,26,Pilar,Pilar,"Buenos Aires",Argentina,1272272106,"Brenda Araceli Gonzalez",https://www.facebook.com/brendaaraceli.gonzalez
Meell,Ailen,Meelodyalonso@facebook.com,"12 de Julio",https://www.facebook.com/Meelodyalonso,,,"Ciudad Autónoma de Buenos Aires","Buenos Aires",Argentina,100001032797713,"Brenda Araceli Gonzalez",https://www.facebook.com/brendaaraceli.gonzalez
Nuria,Campos,nuria.campos1@facebook.com,"11 de Julio",https://www.facebook.com/nuria.campos1,,,"Ciudad Autónoma de Buenos Aires","Buenos Aires",Argentina,1177366563,"Brenda Fabregat",https://www.facebook.com/brenda.fabregat
Roxana,Avila,roxana.avila.3994@facebook.com,"11 de Julio",https://www.facebook.com/roxana.avila.3994,,,"Ciudad Autónoma de Buenos Aires","Buenos Aires",Argentina,100004123447760,"Brenda Fabregat",https://www.facebook.com/brenda.fabregat
Leandro,Ezequiel,leandro.saco.5@facebook.com,"11 de Julio",https://www.facebook.com/leandro.saco.5,,,"Ciudad Autónoma de Buenos Aires","Buenos Aires",Argentina,1624974893,"Brian Cano",
Daniel,Guantay,daniel.guantay@facebook.com,"11 de Julio",https://www.facebook.com/daniel.guantay,,,"Ciudad Autónoma de Buenos Aires","Buenos Aires",Argentina,1647100684,"Brian Cano",
Daniela,Guzzanti,DaniGuzzanti@facebook.com,"11 de Julio",https://www.facebook.com/DaniGuzzanti,,"Villa Del Parque","Ciudad Autónoma de Buenos Aires","Distrito Federal",Argentina,1126630792,"Brian Cano",
Sophie,Naiara,sophiie.ve@facebook.com,"12 de Julio",https://www.facebook.com/sophiie.ve,24,,"Ciudad Autónoma de Buenos Aires","Buenos Aires",Argentina,100000524782187,"Brian Cano",
Axel,Guerrero,achuguerrero@facebook.com,"12 de Julio",https://www.facebook.com/achuguerrero,23,,"Ciudad Autónoma de Buenos Aires","Buenos Aires",Argentina,1177900750,"Brian Hettich",https://www.facebook.com/brianghettich
Facundo,Cintolo,facundo.cintolo@facebook.com,"12 de Julio",https://www.facebook.com/facundo.cintolo,24,,"Ciudad Autónoma de Buenos Aires","Buenos Aires",Argentina,1557301257,"Calvin Peterson",
Sofi,Regirozzi,sofi.regi.9@facebook.com,"12 de Julio",https://www.facebook.com/sofi.regi.9,,,"Ciudad Autónoma de Buenos Aires","Buenos Aires",Argentina,100003927186884,"Calvin Peterson",
Micaela,Miserere,micaela.miserere@facebook.com,"12 de Julio",https://www.facebook.com/micaela.miserere,26,,"Ciudad Autónoma de Buenos Aires","Buenos Aires",Argentina,1097144786,"Cami Maranessi",https://www.facebook.com/cami.maranessi
"Juan Ignacio",Provéndola,juaniprovendola@facebook.com,"11 de Julio",https://www.facebook.com/juaniprovendola,,,"Ciudad Autónoma de Buenos Aires","Buenos Aires",Argentina,714012781,"Cami Maranessi",https://www.facebook.com/cami.maranessi
Josefina,Videtta,josefina.videtta@facebook.com,"11 de Julio",https://www.facebook.com/josefina.videtta,,,"Ciudad Autónoma de Buenos Aires","Buenos Aires",Argentina,642542080,"Cami Papiccio",https://www.facebook.com/cami.papiccio
Tincho,Laxague,martin.laxague@facebook.com,"11 de Julio",https://www.facebook.com/martin.laxague,27,,"Ciudad Autónoma de Buenos Aires","Buenos Aires",Argentina,667687318,"Candelaria Sires Barrantes",
"M Jóvenes",Voluntarios,mjovenes.voluntarios@facebook.com,"11 de Julio",https://www.facebook.com/mjovenes.voluntarios,,,"Ciudad Autónoma de Buenos Aires","Buenos Aires",Argentina,100000194895929,"Candelaria Sires Barrantes",
"Jubilacion Pension",Anses,jubilacionpension.anses@facebook.com,"12 de Julio",https://www.facebook.com/jubilacionpension.anses,,,"Ciudad Autónoma de Buenos Aires","Buenos Aires",Argentina,1156171335,"Carla Ferro",https://www.facebook.com/carla.ferro
Santiago,Klein,santiago.klein@facebook.com,"11 de Julio",https://www.facebook.com/santiago.klein,26,Recoleta,"Ciudad Autónoma de Buenos Aires","Buenos Aires",Argentina,1041378014,"Carlina Piedra",https://www.facebook.com/carlina.piedra
Pablo,Coronel,pablo.coronel.73@facebook.com,"11 de Julio",https://www.facebook.com/pablo.coronel.73,,,"Ciudad Autónoma de Buenos Aires","Buenos Aires",Argentina,1297010556,"Carlos Wilson",
Amalia,Berger,amalia.berger.7@facebook.com,"12 de Julio",https://www.facebook.com/amalia.berger.7,,,"Ciudad Autónoma de Buenos Aires","Buenos Aires",Argentina,1321563833,"Carlos Wilson",
Fundacion,Fronteras,hepatitis.virales@facebook.com,"11 de Julio",https://www.facebook.com/hepatitis.virales,,,"Ciudad Autónoma de Buenos Aires","Buenos Aires",Argentina,1108520193,"Carlos Wilson",
Bruno,Cot,brunito.cot@facebook.com,"12 de Julio",https://www.facebook.com/brunito.cot,,,"Ciudad Autónoma de Buenos Aires","Buenos Aires",Argentina,1352110253,"Carlos Wilson",
Juan,Ignacio,Juanii89@facebook.com,"11 de Julio",https://www.facebook.com/Juanii89,25,,"Ciudad Autónoma de Buenos Aires","Buenos Aires",Argentina,603753092,"Carlos Wilson",
Mariana,Barbasán,mariana.barbasan@facebook.com,"12 de Julio",https://www.facebook.com/mariana.barbasan,,,"Ciudad Autónoma de Buenos Aires","Buenos Aires",Argentina,100002580031749,"Caro Radaelli",https://www.facebook.com/carola.rdll
Maru,Stocca,marustocca@facebook.com,"11 de Julio",https://www.facebook.com/marustocca,,,"Ciudad Autónoma de Buenos Aires","Buenos Aires",Argentina,100001463853629,"Caro Remedi",https://www.facebook.com/carol.remedi
Caro,Buldrini,caro.buldrini@facebook.com,"11 de Julio",https://www.facebook.com/caro.buldrini,28,,"Ciudad Autónoma de Buenos Aires","Buenos Aires",Argentina,643140144,"Caro Ros Jones",https://www.facebook.com/carorosjones
Santiago,Farrell,santiagofarrell@facebook.com,"11 de Julio",https://www.facebook.com/santiagofarrell,,,"Ciudad Autónoma de Buenos Aires","Buenos Aires",Argentina,664085036,"Caro Ros Jones",https://www.facebook.com/carorosjones
Meli,Menichetti,MeliMenichetti@facebook.com,"11 de Julio",https://www.facebook.com/MeliMenichetti,,Pilar,Pilar,"Buenos Aires",Argentina,1592845868,"Carolina Damiano",https://www.facebook.com/carolina.damiano
Manuel,"Abella Nazar",manu.abella.9@facebook.com,"11 de Julio",https://www.facebook.com/manu.abella.9,28,"San Isidro","San Isidro","Buenos Aires",Argentina,609818021,"Catalina Plá Señorans",https://www.facebook.com/catalina.pla
NAcho,Urpi,nachourpi@facebook.com,"11 de Julio",https://www.facebook.com/nachourpi,,,"Ciudad Autónoma de Buenos Aires","Buenos Aires",Argentina,535376548,"Catalina Plá Señorans",https://www.facebook.com/catalina.pla
Valentín,Virasoro,valentin.virasoro@facebook.com,"12 de Julio",https://www.facebook.com/valentin.virasoro,,"Bella Vista","Bella Vista","Buenos Aires",Argentina,654874354,"Catalina Plá Señorans",https://www.facebook.com/catalina.pla
Agus,Rossi,rossi.agus@facebook.com,"11 de Julio",https://www.facebook.com/rossi.agus,26,Recoleta,"Ciudad Autónoma de Buenos Aires","Buenos Aires",Argentina,504347526,"Cecilia Di Gaeta",https://www.facebook.com/cecilia.digaeta
Marcela,SwissJust,marcela.swissjust.9@facebook.com,"12 de Julio",https://www.facebook.com/marcela.swissjust.9,24,,"Ciudad Autónoma de Buenos Aires","Buenos Aires",Argentina,100002484580712,"Cecilia Weingardt",
Laura,Sidoti,lausidoti@facebook.com,"12 de Julio",https://www.facebook.com/lausidoti,24,,"Ciudad Autónoma de Buenos Aires","Buenos Aires",Argentina,100002498236149,"Cecilia Weingardt",
Gigi,Denise,mariana.larroude@facebook.com,"12 de Julio",https://www.facebook.com/mariana.larroude,,,"Ciudad Autónoma de Buenos Aires","Buenos Aires",Argentina,1421170247,"Ceu Seoane",https://www.facebook.com/ceciliaseoane
Wally,Gauna,wally.gauna@facebook.com,"11 de Julio",https://www.facebook.com/wally.gauna,,"Barrio Norte","Ciudad Autónoma de Buenos Aires","Buenos Aires",Argentina,1101382923,"Chanchi Martinez",https://www.facebook.com/chanchi.martinez
Casamenteras,"Aficionadas A Los Casamientos",casamenteras.aficionadasaloscasamientos@facebook.c,"11 de Julio",https://www.facebook.com/casamenteras.aficionadasaloscasamientos,,"San Isidro","San Isidro","Buenos Aires",Argentina,100004269644111,"Charly de la Iglesia",
Rafy,Garoqui,rafy.garoqui@facebook.com,"11 de Julio",https://www.facebook.com/rafy.garoqui,,,"Ciudad Autónoma de Buenos Aires","Buenos Aires",Argentina,1586315845,"Charly Rr.Pp",
Lionel,Dosoretz,lionel.dosoretz@facebook.com,"11 de Julio",https://www.facebook.com/lionel.dosoretz,25,,"Ciudad Autónoma de Buenos Aires","Buenos Aires",Argentina,615815655,"Charly Ruez",https://www.facebook.com/charly.ruez
Lujan,Miller,lujan.miller@facebook.com,"11 de Julio",https://www.facebook.com/lujan.miller,25,,"Ciudad Autónoma de Buenos Aires","Buenos Aires",Argentina,100000909541317,"Chechu Acea",
Victoria,Luzzi,victoria.luzzi.5@facebook.com,"11 de Julio",https://www.facebook.com/victoria.luzzi.5,,,"Ciudad Autónoma de Buenos Aires","Buenos Aires",Argentina,685803305,"Christian Marconi",https://www.facebook.com/gmarconi.turismo
Alita,Amormino,alita.amormino@facebook.com,"11 de Julio",https://www.facebook.com/alita.amormino,,,"Ciudad Autónoma de Buenos Aires","Buenos Aires",Argentina,100000181898540,"Christian Marconi",https://www.facebook.com/gmarconi.turismo
Lu,Berterreix,lu.berterreix@facebook.com,"12 de Julio",https://www.facebook.com/lu.berterreix,,"Buenos Aires","Buenos Aires","Buenos Aires",Argentina,100000887811517,"Clara Nosiglia",0
Estefania,Mancebo,estefania.mancebo.1@facebook.com,"12 de Julio",https://www.facebook.com/estefania.mancebo.1,27,"Buenos Aires","Buenos Aires","Buenos Aires",Argentina,100001766215730,"Claudio Gustavo Caminos",0
Lu,Barrueco,lu.barrueco@facebook.com,"12 de Julio",https://www.facebook.com/lu.barrueco,,"Buenos Aires","Buenos Aires","Buenos Aires",Argentina,573084822,"Corina Doorish",0
Priscila,Kleiman,prii.k@facebook.com,"11 de Julio",https://www.facebook.com/prii.k,,,"Ciudad Autónoma de Buenos Aires","Buenos Aires",Argentina,758712769,"Cristian Andres Romano",
Marcos,Morici,marcos.morici@facebook.com,"11 de Julio",https://www.facebook.com/marcos.morici,,,"Ciudad Autónoma de Buenos Aires","Buenos Aires",Argentina,1425730348,"Cristian Andres Romano",
Luciano,Lacheta,luciano.lacheta@facebook.com,"11 de Julio",https://www.facebook.com/luciano.lacheta,,,"Ciudad Autónoma de Buenos Aires","Buenos Aires",Argentina,100000327774776,"Cristian Andres Romano",
Jero,"Guevara Lynch",jero.guevaralynch@facebook.com,"12 de Julio",https://www.facebook.com/jero.guevaralynch,24,,"Ciudad Autónoma de Buenos Aires","Buenos Aires",Argentina,100000437686848,"Cristian Andres Romano",
Gloria,"Lopez Lecube",gloria.lopezlecube@facebook.com,"11 de Julio",https://www.facebook.com/gloria.lopezlecube,,,"Ciudad Autónoma de Buenos Aires","Buenos Aires",Argentina,806060767,"Cristian Fernandez Villamor",https://www.facebook.com/cristian.fernandezvillamo
Leandro,Latini,NO.PENDEJO@facebook.com,"11 de Julio",https://www.facebook.com/NO.PENDEJO,,,"Ciudad Autónoma de Buenos Aires","Buenos Aires",Argentina,810987607,"Cristian Fernandez Villamor",https://www.facebook.com/cristian.fernandezvillamo
Cristian,Amaro,amaro.artilustrator@facebook.com,"11 de Julio",https://www.facebook.com/amaro.artilustrator,,,"Ciudad Autónoma de Buenos Aires","Buenos Aires",Argentina,100000590493724,"Cristian Fernandez Villamor",https://www.facebook.com/cristian.fernandezvillamo
Agus,Menna,agusmenna@facebook.com,"11 de Julio",https://www.facebook.com/agusmenna,,,"Ciudad Autónoma de Buenos Aires","Buenos Aires",Argentina,1134690207,"Cynthia Gianni",
Walter,Ezequiel,seze.19@facebook.com,"12 de Julio",https://www.facebook.com/seze.19,,Avellaneda,"Ciudad Autónoma de Buenos Aires","Buenos Aires",Argentina,1370131078,"Dafne Antonella Zas Amy",
Ezequiel,Ledesma,eezeee@facebook.com,"12 de Julio",https://www.facebook.com/eezeee,,Avellaneda,"Ciudad Autónoma de Buenos Aires","Buenos Aires",Argentina,100000520213436,"Dafne Antonella Zas Amy",
Guido,Suarez,globodemivida@facebook.com,"12 de Julio",https://www.facebook.com/globodemivida,27,"Nueva Pompeya","Ciudad Autónoma de Buenos Aires","Buenos Aires",Argentina,1072847126,"Daiana Solange Labat",https://www.facebook.com/Daichilandia
Mati,Palmieri,mati.palmieri@facebook.com,"12 de Julio",https://www.facebook.com/mati.palmieri,24,"Villa Riachuelo","Ciudad Autónoma de Buenos Aires","Buenos Aires",Argentina,1292887901,"Daiana Soledad Pintos",https://www.facebook.com/Sheena.is
Maria,Sweet,maria.sweet.14@facebook.com,"11 de Julio",https://www.facebook.com/maria.sweet.14,,,"Ciudad Autónoma de Buenos Aires","Buenos Aires",Argentina,100003268605350,"Daiana Soledad Pintos",https://www.facebook.com/Sheena.is
Juan,Llanos,Juan.S.Galvis@facebook.com,"11 de Julio",https://www.facebook.com/Juan.S.Galvis,26,,"Ciudad Autónoma de Buenos Aires","Buenos Aires",Argentina,525580755,"Dani Escala",https://www.facebook.com/danielaescala
Silvia,"de Barton",cursodevinos@facebook.com,"12 de Julio",https://www.facebook.com/cursodevinos,,,"Ciudad Autónoma de Buenos Aires","Buenos Aires",Argentina,1223355127,"Daniel Arbol",https://www.facebook.com/darbol1
Pamela,Marmissolle,pamela.marmissolle@facebook.com,"12 de Julio",https://www.facebook.com/pamela.marmissolle,,,"Ciudad Autónoma de Buenos Aires","Buenos Aires",Argentina,1363666029,"Daniel Kitzis",https://www.facebook.com/kitzis
Jorge,Ivan,georgeipr@facebook.com,"12 de Julio",https://www.facebook.com/georgeipr,,,"Ciudad Autónoma de Buenos Aires","Buenos Aires",Argentina,729222304,"Daniel Toro Lopez",
Alfredo,Guiroy,alfredo.guiroy@facebook.com,"12 de Julio",https://www.facebook.com/alfredo.guiroy,,,"Ciudad Autónoma de Buenos Aires","Buenos Aires",Argentina,565922369,"Daniela Sevilla",
Jorge,Chernicki,jorge.chernicki@facebook.com,"11 de Julio",https://www.facebook.com/jorge.chernicki,,,"Ciudad Autónoma de Buenos Aires","Buenos Aires",Argentina,1526109184,"Dany Kunowsky",https://www.facebook.com/daniel.kunowsky
Gigio,Derkrikorian,gigio.derkrikorian@facebook.com,"11 de Julio",https://www.facebook.com/gigio.derkrikorian,,,"Ciudad Autónoma de Buenos Aires","Buenos Aires",Argentina,1310214162,"Diego Binayan",https://www.facebook.com/diego.binayan
Gabriela,Martínez,gabaferro2@facebook.com,"12 de Julio",https://www.facebook.com/gabaferro2,,"Villa Crespo","Ciudad Autónoma de Buenos Aires","Buenos Aires",Argentina,1070934657,"Diego Urlacher",
Flor,Conidi,flociittaaconiiglii@facebook.com,"12 de Julio",https://www.facebook.com/flociittaaconiiglii,,,"Ciudad Autónoma de Buenos Aires","Buenos Aires",Argentina,100001290450594,"Divino Vestuario Salve",https://www.facebook.com/salvedivinovestuario
Maca,Eventos,macaeventos@facebook.com,"12 de Julio",https://www.facebook.com/macaeventos,,,"Ciudad Autónoma de Buenos Aires","Buenos Aires",Argentina,1565945030,"Eduardo Vilches",https://www.facebook.com/eduardovilchescba
Ana,Rondini,alrondini@facebook.com,"11 de Julio",https://www.facebook.com/alrondini,23,,"Ciudad Autónoma de Buenos Aires","Buenos Aires",Argentina,1345203985,"Emanuel Gaston Perdigues",https://www.facebook.com/emaxpx
Hugo,EA,hugo.ea.90@facebook.com,"12 de Julio",https://www.facebook.com/hugo.ea.90,,,"Ciudad Autónoma de Buenos Aires","Buenos Aires",Argentina,100008066293754,"Emanuel Gaston Perdigues",https://www.facebook.com/emaxpx
Delia,Almazán,delia.almazan.3@facebook.com,"11 de Julio",https://www.facebook.com/delia.almazan.3,,,"Ciudad Autónoma de Buenos Aires","Buenos Aires",Argentina,729244421,"Emiliano Cazanetz Dick",https://www.facebook.com/emiliano.cazanetzdick
"Matias Iki",Diaz,matyas.diaz@facebook.com,"12 de Julio",https://www.facebook.com/matyas.diaz,,,"Ciudad Autónoma de Buenos Aires","Buenos Aires",Argentina,1407830466,"Emiliano Pirolo",https://www.facebook.com/emi.pirolo
Facu,Fiestas,facu.fiestas@facebook.com,"11 de Julio",https://www.facebook.com/facu.fiestas,,,"Ciudad Autónoma de Buenos Aires","Buenos Aires",Argentina,100002815480554,"Emiliano Pirolo",
Lula,Lorenzo,lula.lorenzo@facebook.com,"12 de Julio",https://www.facebook.com/lula.lorenzo,,,"Ciudad Autónoma de Buenos Aires","Buenos Aires",Argentina,100000228065415,"Emiliano Pirolo",https://www.facebook.com/emi.pirolo
VR,"Diseños Exclusivos",@facebook.com,"11 de Julio",https://www.facebook.com/profile.php?id=100008332666527,,,"Ciudad Autónoma de Buenos Aires","Buenos Aires",Argentina,100008332666527,"Emme Elle Russo",https://www.facebook.com/emme.shantiom
Juan,Farizano,juan.farizano.9@facebook.com,"11 de Julio",https://www.facebook.com/juan.farizano.9,28,,"Ciudad Autónoma de Buenos Aires","Buenos Aires",Argentina,1437320268,"Estefania Pascual Lerario",https://www.facebook.com/estefania.lerario
"Matías Sebastian",Marti,matiassebastian.marti@facebook.com,"12 de Julio",https://www.facebook.com/matiassebastian.marti,27,,"Ciudad Autónoma de Buenos Aires","Buenos Aires",Argentina,636483353,"Estefania Pascual Lerario",https://www.facebook.com/estefania.lerario
Leonardo,Leo,leonardo.rozza.1@facebook.com,"12 de Julio",https://www.facebook.com/leonardo.rozza.1,,,"Ciudad Autónoma de Buenos Aires","Buenos Aires",Argentina,1634651480,"Eugenia Vega",https://www.facebook.com/eugenitavega
Agustina,Pose,agustinapose@facebook.com,"11 de Julio",https://www.facebook.com/agustinapose,,,"Ciudad Autónoma de Buenos Aires","Buenos Aires",Argentina,1174248698,"Eve Schiera",
Francisco,Leone,fran.leone@facebook.com,"12 de Julio",https://www.facebook.com/fran.leone,26,"Bella Vista","Bella Vista","Buenos Aires",Argentina,734661623,"Evelina Ferreira",
Federico,Oviedo,fhoviedo@facebook.com,"12 de Julio",https://www.facebook.com/fhoviedo,26,"Bella Vista","Bella Vista","Buenos Aires",Argentina,1385613862,"Evelina Ferreira",
Sebas,Lavagna,Slgarza.sl@facebook.com,"12 de Julio",https://www.facebook.com/Slgarza.sl,24,,"Ciudad Autónoma de Buenos Aires","Buenos Aires",Argentina,1042907640,"Evelina Ferreira",
Noelia,Trindade,noe.trindade@facebook.com,"11 de Julio",https://www.facebook.com/noe.trindade,,,"Ciudad Autónoma de Buenos Aires","Buenos Aires",Argentina,1461682693,"Fátima Belén Zárate",
Joaquin,"Blanco Antuña",joaquin.blancoantuna@facebook.com,"12 de Julio",https://www.facebook.com/joaquin.blancoantuna,24,"Buenos Aires","Buenos Aires","Buenos Aires",Argentina,695535772,"Fabi Cepeda",0
Alex,Stef,alex.stef11@facebook.com,"11 de Julio",https://www.facebook.com/alex.stef11,23,,"Ciudad Autónoma de Buenos Aires","Buenos Aires",Argentina,100003483526645,"Fabio Ezequiel Farruggio",https://www.facebook.com/ffachurro
Florencia,Sabrina,@facebook.com,"12 de Julio",https://www.facebook.com/profile.php?id=100004657200677,22,"Villa Crespo","Ciudad Autónoma de Buenos Aires","Buenos Aires",Argentina,100004657200677,"Fabio Ezequiel Farruggio",https://www.facebook.com/ffachurro
Franco,Muras,fmuras@facebook.com,"11 de Julio",https://www.facebook.com/fmuras,,,"Ciudad Autónoma de Buenos Aires","Buenos Aires",Argentina,1321885426,"Facu Denegri",
Omar,Adjami,omar.adjami@facebook.com,"11 de Julio",https://www.facebook.com/omar.adjami,24,Barracas,"Ciudad Autónoma de Buenos Aires","Buenos Aires",Argentina,709444407,"Fede Martino",
Dami,Viilla,Villin.blv@facebook.com,"11 de Julio",https://www.facebook.com/Villin.blv,,Once,"Ciudad Autónoma de Buenos Aires","Buenos Aires",Argentina,1208869400,"Federico Carrizo",https://www.facebook.com/federicoc
Jacqueline,D'Eramo,jacqueline.deramo@facebook.com,"12 de Julio",https://www.facebook.com/jacqueline.deramo,27,,"Ciudad Autónoma de Buenos Aires","Buenos Aires",Argentina,1312039771,"Federico Carrizo",https://www.facebook.com/federicoc
Stefy,Hu,stefyHP@facebook.com,"12 de Julio",https://www.facebook.com/stefyHP,27,,"Ciudad Autónoma de Buenos Aires","Buenos Aires",Argentina,1313080474,"Federico Carrizo",https://www.facebook.com/federicoc
Karina,Ciucci,kciucci@facebook.com,"12 de Julio",https://www.facebook.com/kciucci,25,Colegiales,"Ciudad Autónoma de Buenos Aires","Buenos Aires",Argentina,840700757,"Federico Carrizo",https://www.facebook.com/federicoc
Agustin,Espinel,agustinespinel@facebook.com,"12 de Julio",https://www.facebook.com/agustinespinel,25,,"Ciudad Autónoma de Buenos Aires","Buenos Aires",Argentina,705715082,"Federico Piegas",https://www.facebook.com/FedericoPiegas
Giani,Michelotti,gianina.michelotti@facebook.com,"12 de Julio",https://www.facebook.com/gianina.michelotti,,Olivos,Olivos,"Buenos Aires",Argentina,542266834,"Federico Piegas",https://www.facebook.com/FedericoPiegas
Ani,Mestre,ani.mestre1@facebook.com,"11 de Julio",https://www.facebook.com/ani.mestre1,,,"Ciudad Autónoma de Buenos Aires","Buenos Aires",Argentina,617991706,"Felicitas Ghigliotti",https://www.facebook.com/felicitas.ghigliotti
Juani,Mannara,juani.mannara@facebook.com,"11 de Julio",https://www.facebook.com/juani.mannara,,,"Ciudad Autónoma de Buenos Aires","Buenos Aires",Argentina,759279653,"Felipe Cianciarulo",https://www.facebook.com/fcianciarulo
Agustina,Porta,agustina.porta.5@facebook.com,"12 de Julio",https://www.facebook.com/agustina.porta.5,23,,"Ciudad Autónoma de Buenos Aires","Buenos Aires",Argentina,1531292764,"Fernando Olner Cupayolo",https://www.facebook.com/fernando.cupayolo
Len,Olivera,len.olivera@facebook.com,"12 de Julio",https://www.facebook.com/len.olivera,24,,"Ciudad Autónoma de Buenos Aires","Buenos Aires",Argentina,652107529,"Fernando Olner Cupayolo",https://www.facebook.com/fernando.cupayolo
Camila,Mina,MinaCamila@facebook.com,"11 de Julio",https://www.facebook.com/MinaCamila,,,"Ciudad Autónoma de Buenos Aires","Buenos Aires",Argentina,1428043805,"Flor Cantero",
Gabriel,Rabellino,gabriel.rabellino@facebook.com,"12 de Julio",https://www.facebook.com/gabriel.rabellino,,"Barrio Norte","Ciudad Autónoma de Buenos Aires","Buenos Aires",Argentina,1067554729,"Flor Charró",https://www.facebook.com/florr.ch
Sebastian,Gonzalez,@facebook.com,"12 de Julio",https://www.facebook.com/profile.php?id=578195719,,,"Ciudad Autónoma de Buenos Aires","Buenos Aires",Argentina,578195719,"Flor De Santa",https://www.facebook.com/florencia.pacella
Gisele,Medina,GISELE.MEDINA.DE.FERNANDEZ@facebook.com,"11 de Julio",https://www.facebook.com/GISELE.MEDINA.DE.FERNANDEZ,,,"Ciudad Autónoma de Buenos Aires","Buenos Aires",Argentina,1524686300,"Flor Gonzalez",
Agus,Brignani,agus.brignani@facebook.com,"11 de Julio",https://www.facebook.com/agus.brignani,28,,"Ciudad Autónoma de Buenos Aires","Buenos Aires",Argentina,100000426127044,"Flor Gonzalez",
Kuky,Rifé,kuky.rife@facebook.com,"12 de Julio",https://www.facebook.com/kuky.rife,25,,"Ciudad Autónoma de Buenos Aires","Buenos Aires",Argentina,701813863,"Flor Rossi",
Juan,Alfaro,alfarojuanmanuel@facebook.com,"12 de Julio",https://www.facebook.com/alfarojuanmanuel,,,"Ciudad Autónoma de Buenos Aires","Buenos Aires",Argentina,618246835,"Flor Scalise",https://www.facebook.com/flor.scalise
Espacio,Natural,espacio.natural1@facebook.com,"12 de Julio",https://www.facebook.com/espacio.natural1,,,"Ciudad Autónoma de Buenos Aires","Buenos Aires",Argentina,100000236668282,"Flor Scalise",https://www.facebook.com/flor.scalise
Lucas,Agustin,lucas.agustin.566@facebook.com,"12 de Julio",https://www.facebook.com/lucas.agustin.566,23,,"Ciudad Autónoma de Buenos Aires","Buenos Aires",Argentina,1222257948,"Flor Vischi Cortés",https://www.facebook.com/flor.vischi
Yonathan,Torres,yonnathann@facebook.com,"11 de Julio",https://www.facebook.com/yonnathann,22,,"Ciudad Autónoma de Buenos Aires","Buenos Aires",Argentina,1600056166,"Flor Vischi Cortés",https://www.facebook.com/flor.vischi
Camila,"Cortés Leal",camila.cortesleal@facebook.com,"12 de Julio",https://www.facebook.com/camila.cortesleal,,,"Ciudad Autónoma de Buenos Aires","Buenos Aires",Argentina,1156376479,"Flor Vischi Cortés",https://www.facebook.com/flor.vischi
Flavia,Guardiola,flavia.m.guardiola@facebook.com,"12 de Julio",https://www.facebook.com/flavia.m.guardiola,22,,"Ciudad Autónoma de Buenos Aires","Buenos Aires",Argentina,1403306203,"Flor Vischi Cortés",https://www.facebook.com/flor.vischi
Maca,Sbruzzi,macarena.sbruzzi@facebook.com,"12 de Julio",https://www.facebook.com/macarena.sbruzzi,23,,"Ciudad Autónoma de Buenos Aires","Buenos Aires",Argentina,1154095167,"Florencia Cortés",https://www.facebook.com/cortes.florencia
Esther,Pagola,esther.pagola@facebook.com,"12 de Julio",https://www.facebook.com/esther.pagola,,,"Ciudad Autónoma de Buenos Aires","Buenos Aires",Argentina,100001044810827,"Florencia Ferrari",https://www.facebook.com/florenciaferrari.1403
Sonia,Sosa,soniisosa@facebook.com,"11 de Julio",https://www.facebook.com/soniisosa,,Recoleta,"Ciudad Autónoma de Buenos Aires","Buenos Aires",Argentina,100001364438888,"Florencia Pulicari",https://www.facebook.com/florencia.pulicari
Tati,Cravero,tati.cravero@facebook.com,"11 de Julio",https://www.facebook.com/tati.cravero,24,,"Ciudad Autónoma de Buenos Aires","Buenos Aires",Argentina,1011847886,"Fran L. Ocampo",https://www.facebook.com/franco
Chechu,Deane,ceci.deane@facebook.com,"11 de Julio",https://www.facebook.com/ceci.deane,23,,"Ciudad Autónoma de Buenos Aires","Buenos Aires",Argentina,519837832,"Fran L. Ocampo",https://www.facebook.com/franco
Daiana,Oca,daiana.oca@facebook.com,"12 de Julio",https://www.facebook.com/daiana.oca,24,,"Ciudad Autónoma de Buenos Aires","Buenos Aires",Argentina,100000911717243,"Fran L. Ocampo",https://www.facebook.com/franco
Santiago,Hegui,santiago.heguy@facebook.com,"11 de Julio",https://www.facebook.com/santiago.heguy,,,"Ciudad Autónoma de Buenos Aires","Buenos Aires",Argentina,100000036776255,"Franco Marcoccia",https://www.facebook.com/franco.marcoccia
Martín,Cravero,craverohutnik@facebook.com,"11 de Julio",https://www.facebook.com/craverohutnik,23,,"Ciudad Autónoma de Buenos Aires","Buenos Aires",Argentina,100001003025246,"Franco Palermo",
Theyummy,Hernandez,th3yummy@facebook.com,"11 de Julio",https://www.facebook.com/th3yummy,,,"Ciudad Autónoma de Buenos Aires","Buenos Aires",Argentina,723263865,"Gabriel Gutierrez",
Roberto,Lopez,roberto.lopez.503645@facebook.com,"12 de Julio",https://www.facebook.com/roberto.lopez.503645,,,"Ciudad Autónoma de Buenos Aires","Buenos Aires",Argentina,1370867694,"Gabriela Rosito",https://www.facebook.com/gabriela.rosito
Mishka,Grobler,mishgrobler@facebook.com,"12 de Julio",https://www.facebook.com/mishgrobler,26,,"Ciudad Autónoma de Buenos Aires","Buenos Aires",Argentina,653140020,"Gaby Pascuali",https://www.facebook.com/gabriela.pascuali
Ceci,Zhou,soo.ceci@facebook.com,"12 de Julio",https://www.facebook.com/soo.ceci,22,,"Ciudad Autónoma de Buenos Aires","Buenos Aires",Argentina,620267422,"Geru Sznek",https://www.facebook.com/gsznek
Andre,Muñoz,andree.m91@facebook.com,"11 de Julio",https://www.facebook.com/andree.m91,23,,"Ciudad Autónoma de Buenos Aires","Buenos Aires",Argentina,630785461,"Geru Sznek",https://www.facebook.com/gsznek
Andrea,Muñoz,profesoradetenisandrea@facebook.com,"11 de Julio",https://www.facebook.com/profesoradetenisandrea,,,"Ciudad Autónoma de Buenos Aires","Buenos Aires",Argentina,100002240912486,"Geru Sznek",https://www.facebook.com/gsznek
Agustina,Casado,agustina.casado.9@facebook.com,"12 de Julio",https://www.facebook.com/agustina.casado.9,,,"Ciudad Autónoma de Buenos Aires","Buenos Aires",Argentina,837757304,"Geru Sznek",https://www.facebook.com/gsznek
Rocio,Noya,rocio.noya.5@facebook.com,"11 de Julio",https://www.facebook.com/rocio.noya.5,28,,"Ciudad Autónoma de Buenos Aires","Buenos Aires",Argentina,607876479,"Gimena Librio",https://www.facebook.com/gimelibrio
Julieta,Gonzalez,julieta.gonzalez.100046@facebook.com,"12 de Julio",https://www.facebook.com/julieta.gonzalez.100046,,,"Ciudad Autónoma de Buenos Aires","Buenos Aires",Argentina,1563542742,"Gimena Yamila Yerden Giaquinto",https://www.facebook.com/Gimetrance
Mazzoko,Tanga,mazzoko@facebook.com,"11 de Julio",https://www.facebook.com/mazzoko,,,"Ciudad Autónoma de Buenos Aires","Buenos Aires",Argentina,1294150746,"Gimena Yamila Yerden Giaquinto",https://www.facebook.com/Gimetrance
Fer,Gurruchaga,fgurruchaga@facebook.com,"12 de Julio",https://www.facebook.com/fgurruchaga,26,,"Ciudad Autónoma de Buenos Aires","Buenos Aires",Argentina,703774607,"Gisele Fratini",https://www.facebook.com/giakdmik
Anto,"De Candia",anto.decandia.5@facebook.com,"12 de Julio",https://www.facebook.com/anto.decandia.5,,,"Ciudad Autónoma de Buenos Aires","Buenos Aires",Argentina,100003741035670,"Gonza Gonzalez",
Matias,Sustersic,matias.sustersic@facebook.com,"12 de Julio",https://www.facebook.com/matias.sustersic,,,"Ciudad Autónoma de Buenos Aires","Buenos Aires",Argentina,1635981937,"Gonza Gonzalez",
Maria,Pisani,bebi.pisani@facebook.com,"11 de Julio",https://www.facebook.com/bebi.pisani,24,,"Ciudad Autónoma de Buenos Aires","Buenos Aires",Argentina,1406146714,"Guido Blarasin",https://www.facebook.com/guido.blarasin
Mariano,Currao,mariano.currao@facebook.com,"12 de Julio",https://www.facebook.com/mariano.currao,23,,"Ciudad Autónoma de Buenos Aires","Buenos Aires",Argentina,837675601,"Guido Blarasin",https://www.facebook.com/guido.blarasin
Rodrigo,Videla,@facebook.com,"11 de Julio",https://www.facebook.com/profile.php?id=1031918176,27,,"Ciudad Autónoma de Buenos Aires","Buenos Aires",Argentina,1031918176,"Guido Blarasin",https://www.facebook.com/guido.blarasin
Juan,Sevillano,juan.m.sevillano.3@facebook.com,"11 de Julio",https://www.facebook.com/juan.m.sevillano.3,26,,"Ciudad Autónoma de Buenos Aires","Buenos Aires",Argentina,806830257,"Guido De Marco",
Juani,Kabakian,juani.kabakian@facebook.com,"11 de Julio",https://www.facebook.com/juani.kabakian,25,,"Ciudad Autónoma de Buenos Aires","Buenos Aires",Argentina,1172191161,"Guille Rampo",https://www.facebook.com/guillermo.rampo
Mati,Rodriguez,mati.rodriguezzzz@facebook.com,"12 de Julio",https://www.facebook.com/mati.rodriguezzzz,,,"Ciudad Autónoma de Buenos Aires","Buenos Aires",Argentina,1563851176,"Gustavo Pietrafesa",
Federico,Cassina,federico.cassina@facebook.com,"12 de Julio",https://www.facebook.com/federico.cassina,,"Buenos Aires","Buenos Aires","Buenos Aires",Argentina,677717330,"Hercilia Rs",0
Mati,Jablonsky,mati.jablonsky@facebook.com,"11 de Julio",https://www.facebook.com/mati.jablonsky,,,"Ciudad Autónoma de Buenos Aires","Buenos Aires",Argentina,503825402,"Ignacio Busquiazo",https://www.facebook.com/ignacio.busquiazo
Ignacio,Pizzatelli,ignacio.pizzatelli@facebook.com,"12 de Julio",https://www.facebook.com/ignacio.pizzatelli,25,,"Ciudad Autónoma de Buenos Aires","Buenos Aires",Argentina,100000744434465,"Ignacio Busquiazo",https://www.facebook.com/ignacio.busquiazo
Alfonso,Ratto,alfonso.ratto.7@facebook.com,"12 de Julio",https://www.facebook.com/alfonso.ratto.7,24,,"Ciudad Autónoma de Buenos Aires","Buenos Aires",Argentina,562429239,"Ignacio Busquiazo",https://www.facebook.com/ignacio.busquiazo
María,Rey,maria.e.rey.5@facebook.com,"11 de Julio",https://www.facebook.com/maria.e.rey.5,24,,"Ciudad Autónoma de Buenos Aires","Buenos Aires",Argentina,599924317,"Ingrid Sondergaard",https://www.facebook.com/ingridfash
Jimena,Torres,Jimuchis@facebook.com,"11 de Julio",https://www.facebook.com/Jimuchis,,,"Ciudad Autónoma de Buenos Aires","Buenos Aires",Argentina,1583927928,"Isa Bensusan Millé",
Carlos,Soria,Carlos.Soria.Silveyra@facebook.com,"12 de Julio",https://www.facebook.com/Carlos.Soria.Silveyra,,,"Ciudad Autónoma de Buenos Aires","Buenos Aires",Argentina,667326567,"Ivan Achaval",https://www.facebook.com/ivancho.achaval
Maite,Beitia,maite.beitia.1@facebook.com,"12 de Julio",https://www.facebook.com/maite.beitia.1,24,,"Ciudad Autónoma de Buenos Aires","Buenos Aires",Argentina,100000339664605,"Ivon Andersson",https://www.facebook.com/ivon.andersson
Andres,Perez,@facebook.com,"11 de Julio",https://www.facebook.com/profile.php?id=100002939062188,25,,"Ciudad Autónoma de Buenos Aires","Buenos Aires",Argentina,100002939062188,"Javier Potenza",
Anahi,Sanchez,dulce.bsanchez@facebook.com,"12 de Julio",https://www.facebook.com/dulce.bsanchez,23,,"Ciudad Autónoma de Buenos Aires","Buenos Aires",Argentina,100005918294077,"Javier Potenza",
Juli,Gutierrez,juli.gutierrez1@facebook.com,"12 de Julio",https://www.facebook.com/juli.gutierrez1,24,,"Ciudad Autónoma de Buenos Aires","Buenos Aires",Argentina,675657310,"Jero Salsamendi",https://www.facebook.com/jero.salsamendi
Barby,Santoro,barbysantoroneiman@facebook.com,"12 de Julio",https://www.facebook.com/barbysantoroneiman,24,,"Ciudad Autónoma de Buenos Aires","Buenos Aires",Argentina,535094455,"Jero Salsamendi",https://www.facebook.com/jero.salsamendi
Sebastian,Rochetti,sebastian.rochetti@facebook.com,"11 de Julio",https://www.facebook.com/sebastian.rochetti,27,,"Ciudad Autónoma de Buenos Aires","Buenos Aires",Argentina,100000222263871,"Jessica Bellomo",https://www.facebook.com/JessBellomo
Cali,Barros,cali.barros@facebook.com,"12 de Julio",https://www.facebook.com/cali.barros,24,,"Ciudad Autónoma de Buenos Aires","Buenos Aires",Argentina,618245521,"Joaco Alvarez Amuchástegui",
Negro,Rosati,negro.rosati@facebook.com,"12 de Julio",https://www.facebook.com/negro.rosati,25,,"Ciudad Autónoma de Buenos Aires","Buenos Aires",Argentina,754623796,"Joaco Alvarez Amuchástegui",
Clari,Gaing,clari.gaing@facebook.com,"12 de Julio",https://www.facebook.com/clari.gaing,,,"Ciudad Autónoma de Buenos Aires","Buenos Aires",Argentina,685407775,"Joaco Alvarez Amuchástegui",
Lourdes,Suarez,ilj.lourdes@facebook.com,"12 de Julio",https://www.facebook.com/ilj.lourdes,,,"Ciudad Autónoma de Buenos Aires","Buenos Aires",Argentina,1730574778,"Jobs Bar",https://www.facebook.com/jobsbar
Guada,Mannara,guada.mannara@facebook.com,"11 de Julio",https://www.facebook.com/guada.mannara,24,,"Ciudad Autónoma de Buenos Aires","Buenos Aires",Argentina,503854523,"Jobs Bar",https://www.facebook.com/jobsbar
Cristian,Izquierdo,Zurdo.88@facebook.com,"12 de Julio",https://www.facebook.com/Zurdo.88,26,,"Ciudad Autónoma de Buenos Aires","Buenos Aires",Argentina,100001166096759,"Jobs Bar",https://www.facebook.com/jobsbar
"Nicolás F.",Gatto,nicolasgatto86@facebook.com,"12 de Julio",https://www.facebook.com/nicolasgatto86,,,"Ciudad Autónoma de Buenos Aires","Buenos Aires",Argentina,1081727285,"Jobs Bar",https://www.facebook.com/jobsbar
Tim,Gim,martbymix@facebook.com,"11 de Julio",https://www.facebook.com/martbymix,,Recoleta,"Ciudad Autónoma de Buenos Aires","Buenos Aires",Argentina,1301615488,"Jobs Bar",https://www.facebook.com/jobsbar
Hernan,Yoista,hernan.valarella@facebook.com,"12 de Julio",https://www.facebook.com/hernan.valarella,,,"Ciudad Autónoma de Buenos Aires","Buenos Aires",Argentina,771970001,"Jobs Bar",https://www.facebook.com/jobsbar
Pablo,"Victoria Koruza",pavel.koruza@facebook.com,"12 de Julio",https://www.facebook.com/pavel.koruza,,,"Ciudad Autónoma de Buenos Aires","Buenos Aires",Argentina,1526117523,"Johii Fim",https://www.facebook.com/johii.fim
Fabian,Fonseca,fabian.fonsecamono@facebook.com,"12 de Julio",https://www.facebook.com/fabian.fonsecamono,,,"Ciudad Autónoma de Buenos Aires","Buenos Aires",Argentina,1093430496,"Jonathan Leonel",
Nati,Marino,nati.marino21@facebook.com,"12 de Julio",https://www.facebook.com/nati.marino21,,,"Ciudad Autónoma de Buenos Aires","Buenos Aires",Argentina,1345203035,"Joni Aires",https://www.facebook.com/joniaires
Alejandro,Odorico,alejandro.odorico.7@facebook.com,"12 de Julio",https://www.facebook.com/alejandro.odorico.7,26,,"Ciudad Autónoma de Buenos Aires","Buenos Aires",Argentina,1048951740,"Jorge Biamonte",https://www.facebook.com/georgebiamonteok
Victoria,Wust,vwust@facebook.com,"11 de Julio",https://www.facebook.com/vwust,27,,"Ciudad Autónoma de Buenos Aires","Buenos Aires",Argentina,1044648279,"Jose Guevara",https://www.facebook.com/JoeGuevara81
Franco,Baccello,franquetin@facebook.com,"11 de Julio",https://www.facebook.com/franquetin,,,"Ciudad Autónoma de Buenos Aires","Buenos Aires",Argentina,681240309,"Jose Guevara",https://www.facebook.com/JoeGuevara81
Karina,Serra,karinalauraserra@facebook.com,"12 de Julio",https://www.facebook.com/karinalauraserra,,,"Ciudad Autónoma de Buenos Aires","Buenos Aires",Argentina,1163935184,"Jose Guevara",https://www.facebook.com/JoeGuevara81
Claudio,Favieri,klaudio.favieri@facebook.com,"11 de Julio",https://www.facebook.com/klaudio.favieri,,,"Ciudad Autónoma de Buenos Aires","Buenos Aires",Argentina,1355677619,"Joshua Oglio",
Walter,Mansilla,WalterMansilla1@facebook.com,"11 de Julio",https://www.facebook.com/WalterMansilla1,23,,"Ciudad Autónoma de Buenos Aires","Buenos Aires",Argentina,1667859040,"Juan Antonio Papagni Meca",https://www.facebook.com/juanantoniopapagnimeca
Cami,Benitez,cami.benitez1@facebook.com,"12 de Julio",https://www.facebook.com/cami.benitez1,,,"Ciudad Autónoma de Buenos Aires","Buenos Aires",Argentina,1449450776,"Juan Clemente",
Baires,Show,baireseventos.show@facebook.com,"11 de Julio",https://www.facebook.com/baireseventos.show,,,"Ciudad Autónoma de Buenos Aires","Buenos Aires",Argentina,100000204132828,"Juan Manuel Fotografo",https://www.facebook.com/JuanmaJMFotoEstudio
"Shaka Mp",Estudio,shakamp.estudio@facebook.com,"12 de Julio",https://www.facebook.com/shakamp.estudio,25,,"Ciudad Autónoma de Buenos Aires","Buenos Aires",Argentina,100001646437063,"Juan Manuel Fotografo",https://www.facebook.com/JuanmaJMFotoEstudio
Sofi,Jordán,sofi.jordan.5@facebook.com,"12 de Julio",https://www.facebook.com/sofi.jordan.5,,,"Ciudad Autónoma de Buenos Aires","Buenos Aires",Argentina,100001903434809,"Juan Manuel Fotografo",https://www.facebook.com/JuanmaJMFotoEstudio
Festich,Eventos,festicheventos@facebook.com,"12 de Julio",https://www.facebook.com/festicheventos,,,"Ciudad Autónoma de Buenos Aires","Buenos Aires",Argentina,100001904794548,"Juan Manuel Fotografo",https://www.facebook.com/JuanmaJMFotoEstudio
Joaquin,Berasategui,cuayo1@facebook.com,"12 de Julio",https://www.facebook.com/cuayo1,23,"San Isidro","San Isidro","Buenos Aires",Argentina,729104373,"Juan Martin Segre",https://www.facebook.com/juan.segre
Nancy,Potter,,"12 de Julio",https://www.facebook.com/profile.php?id=3423401,,"Buenos Aires","Buenos Aires","Buenos Aires",Argentina,3423401,"Juan Pablo Aleman",0
Diego,Bordón,diego.bordon.7528@facebook.com,"12 de Julio",https://www.facebook.com/diego.bordon.7528,28,,"Ciudad Autónoma de Buenos Aires","Buenos Aires",Argentina,100003938866215,"Juani Koch",https://www.facebook.com/juani.koch
Estefi,Barberis,estefi.barberis@facebook.com,"12 de Julio",https://www.facebook.com/estefi.barberis,23,Olivos,Olivos,"Buenos Aires",Argentina,1275570326,"Juani Koch",https://www.facebook.com/juani.koch
Santiago,Albornoz,santiago.albornoz.397@facebook.com,"12 de Julio",https://www.facebook.com/santiago.albornoz.397,28,,"Ciudad Autónoma de Buenos Aires","Buenos Aires",Argentina,1032225930,"Juani Luciani",https://www.facebook.com/ayjuancito83
Shee,Rose,sheerose15@facebook.com,"11 de Julio",https://www.facebook.com/sheerose15,,,"Ciudad Autónoma de Buenos Aires","Buenos Aires",Argentina,100004191156340,"Juanma Ramirez",
Ayelen,Ledezma,sheemoza@facebook.com,"11 de Julio",https://www.facebook.com/sheemoza,,,"Ciudad Autónoma de Buenos Aires","Buenos Aires",Argentina,100003330647440,"Juanma Ramirez",
Florencia,Iglesias,florencia.m.iglesias@facebook.com,"11 de Julio",https://www.facebook.com/florencia.m.iglesias,,,"Ciudad Autónoma de Buenos Aires","Buenos Aires",Argentina,1380036398,"Juli Sremac",https://www.facebook.com/juli.sremac
Dahiana,Segura,DAHI.SEGURA@facebook.com,"11 de Julio",https://www.facebook.com/DAHI.SEGURA,,,"Ciudad Autónoma de Buenos Aires","Buenos Aires",Argentina,580358999,"Julian Pagana",
Olga,Lucia,labarbie979@facebook.com,"11 de Julio",https://www.facebook.com/labarbie979,22,,"Ciudad Autónoma de Buenos Aires","Buenos Aires",Argentina,1040689942,"Julian Pagana",
"Solange Mailen",Jofre,solangemailen.jofre@facebook.com,"12 de Julio",https://www.facebook.com/solangemailen.jofre,24,,"Ciudad Autónoma de Buenos Aires","Buenos Aires",Argentina,1127467815,"Julian Pagana",
Ariadna,Reinoso,ariadna.reinoso@facebook.com,"12 de Julio",https://www.facebook.com/ariadna.reinoso,24,,"Ciudad Autónoma de Buenos Aires","Buenos Aires",Argentina,1128126090,"Julian Pagana",
Luna,Rasini,luna.rasini@facebook.com,"11 de Julio",https://www.facebook.com/luna.rasini,23,,"Ciudad Autónoma de Buenos Aires","Buenos Aires",Argentina,1561397421,"Kati Mosich",https://www.facebook.com/kati.mosich
Julia,Santana,julia.santana.10@facebook.com,"11 de Julio",https://www.facebook.com/julia.santana.10,,,"Ciudad Autónoma de Buenos Aires","Buenos Aires",Argentina,100000017649172,"La Rockeria",https://www.facebook.com/oveja1
Jorge,Reynal,jorge.reynal@facebook.com,"11 de Julio",https://www.facebook.com/jorge.reynal,,,"Ciudad Autónoma de Buenos Aires","Buenos Aires",Argentina,800275889,"Laly Sereda",https://www.facebook.com/lalisereda
Maria,"Varela Mazzantini",maria.varelamazzantini@facebook.com,"11 de Julio",https://www.facebook.com/maria.varelamazzantini,28,,"Ciudad Autónoma de Buenos Aires","Buenos Aires",Argentina,1119044259,"Lea Lopez",https://www.facebook.com/Leanwest
Agustin,Marrucci,agusfco@facebook.com,"12 de Julio",https://www.facebook.com/agusfco,,"Buenos Aires","Buenos Aires","Buenos Aires",Argentina,1044599269,"Leonardo Schreyer",0
Carlos,Castillo,carlos.castillo.7528610@facebook.com,"11 de Julio",https://www.facebook.com/carlos.castillo.7528610,,,"Ciudad Autónoma de Buenos Aires","Buenos Aires",Argentina,603688728,"Lo Lola",
Luciana,Argüello,lu.arguello@facebook.com,"11 de Julio",https://www.facebook.com/lu.arguello,,,"Ciudad Autónoma de Buenos Aires","Buenos Aires",Argentina,1127925678,"Lucas Funes",https://www.facebook.com/SkriLef14
Flor,Pamphilis,flordepamphilis@facebook.com,"11 de Julio",https://www.facebook.com/flordepamphilis,23,,"Ciudad Autónoma de Buenos Aires","Buenos Aires",Argentina,577041256,"Lucas Malaret",https://www.facebook.com/lmalaret
"Kar Lii Tta",Ariias,karliitha.tu.turriita@facebook.com,"12 de Julio",https://www.facebook.com/karliitha.tu.turriita,,,"Ciudad Autónoma de Buenos Aires","Buenos Aires",Argentina,100001764710087,"Lucho Viana",
Susana,Moro,susana.moro@facebook.com,"11 de Julio",https://www.facebook.com/susana.moro,,Flores,"Ciudad Autónoma de Buenos Aires","Buenos Aires",Argentina,1360637561,"Luciana Grisolia",https://www.facebook.com/lulagri
Franco,Nozzi,franco.nozzi@facebook.com,"11 de Julio",https://www.facebook.com/franco.nozzi,,"Buenos Aires","Buenos Aires","Buenos Aires",Argentina,543603446,"Luciana Paione Oleszuk",0
"Nuestro Tiempo",IsCihsal,NuestroTiempo.Alum@facebook.com,"11 de Julio",https://www.facebook.com/NuestroTiempo.Alum,25,,"Ciudad Autónoma de Buenos Aires","Buenos Aires",Argentina,100001128517016,"Lucrecia Martinez",https://www.facebook.com/lucrecia.martinez
Marcelo,Iniarra,marcelo.iniarra@facebook.com,"11 de Julio",https://www.facebook.com/marcelo.iniarra,,,"Ciudad Autónoma de Buenos Aires","Buenos Aires",Argentina,591282897,"Lucrecia Walter",https://www.facebook.com/Lulissima
Zeki,Ezequiel,zeki.ezequiel@facebook.com,"11 de Julio",https://www.facebook.com/zeki.ezequiel,27,,"Ciudad Autónoma de Buenos Aires","Buenos Aires",Argentina,671602154,"Ludmila Di Prinzio",https://www.facebook.com/ludmila2k
Marcelo,Echezarraga,marcelo.echezarraga@facebook.com,"11 de Julio",https://www.facebook.com/marcelo.echezarraga,,,"Ciudad Autónoma de Buenos Aires","Buenos Aires",Argentina,100000849781816,"Ludmila Di Prinzio",https://www.facebook.com/ludmila2k
Nelly,"Di Prinzio",nelly.diprinzio@facebook.com,"12 de Julio",https://www.facebook.com/nelly.diprinzio,,,"Ciudad Autónoma de Buenos Aires","Buenos Aires",Argentina,1359326347,"Ludmila Di Prinzio",https://www.facebook.com/ludmila2k
Belén,"Pérez Maurice",maria.b.maurice@facebook.com,"12 de Julio",https://www.facebook.com/maria.b.maurice,,,"Ciudad Autónoma de Buenos Aires","Buenos Aires",Argentina,521290459,"Lulú Robledo",
"Lorena Valeria",Aguirre,lorenavaleria.aguirre@facebook.com,"12 de Julio",https://www.facebook.com/lorenavaleria.aguirre,,,"Ciudad Autónoma de Buenos Aires","Buenos Aires",Argentina,1391560470,"Luli Torres",
Rocio,"Garcia Felice",roro.garciaf@facebook.com,"11 de Julio",https://www.facebook.com/roro.garciaf,,,"Ciudad Autónoma de Buenos Aires","Buenos Aires",Argentina,1070616302,"Luli Torres",
Javi,Molinez,javimolinez@facebook.com,"12 de Julio",https://www.facebook.com/javimolinez,,,"Ciudad Autónoma de Buenos Aires","Buenos Aires",Argentina,825824926,"Lupe Dávalos",https://www.facebook.com/guadinight
Mariano,Martin,eldisfrutemdq@facebook.com,"12 de Julio",https://www.facebook.com/eldisfrutemdq,,,"Ciudad Autónoma de Buenos Aires","Buenos Aires",Argentina,100001144317060,"Lupe Dávalos",https://www.facebook.com/guadinight
Stefano,Jimenez,snoferini1@facebook.com,"11 de Julio",https://www.facebook.com/snoferini1,23,,"Ciudad Autónoma de Buenos Aires","Buenos Aires",Argentina,100001884494534,"Lupe Dávalos",https://www.facebook.com/guadinight
Mónica,González,monica.gonzalez.90663@facebook.com,"12 de Julio",https://www.facebook.com/monica.gonzalez.90663,,,"Ciudad Autónoma de Buenos Aires","Buenos Aires",Argentina,1556562613,"Luz Adamo",https://www.facebook.com/luz.adamo
Marianela,Baez,marianeladkuzmik@facebook.com,"12 de Julio",https://www.facebook.com/marianeladkuzmik,,,"Ciudad Autónoma de Buenos Aires","Buenos Aires",Argentina,1602940207,"Luz Adamo",https://www.facebook.com/luz.adamo
Dufi,Lourenco,dufi.lourenco@facebook.com,"12 de Julio",https://www.facebook.com/dufi.lourenco,23,,"Ciudad Autónoma de Buenos Aires","Buenos Aires",Argentina,584080421,"M Agustina Ciarla Quintana",https://www.facebook.com/magustina.quintana
Jose,Quiroga,jose.quiroga.3576@facebook.com,"11 de Julio",https://www.facebook.com/jose.quiroga.3576,,,"Ciudad Autónoma de Buenos Aires","Buenos Aires",Argentina,1131517598,"Maanu C. Rebori",https://www.facebook.com/maanu
Maria,Salinas,maria.s.salinas.12@facebook.com,"11 de Julio",https://www.facebook.com/maria.s.salinas.12,,,"Ciudad Autónoma de Buenos Aires","Buenos Aires",Argentina,838679349,"Manuela Casella Vecchi",https://www.facebook.com/manu.casve
Flor,Bracco,flor.bracco.7@facebook.com,"11 de Julio",https://www.facebook.com/flor.bracco.7,28,,"Ciudad Autónoma de Buenos Aires","Buenos Aires",Argentina,646536609,"María Sofia Zunino",
Poli,Pieres,poli.pieres@facebook.com,"11 de Julio",https://www.facebook.com/poli.pieres,,,"Ciudad Autónoma de Buenos Aires","Buenos Aires",Argentina,100001067215507,"Marcela Hinckelmann",https://www.facebook.com/marcela.hinckelmann
Victoria,Shanly,vickyshanly@facebook.com,"12 de Julio",https://www.facebook.com/vickyshanly,,,"Ciudad Autónoma de Buenos Aires","Buenos Aires",Argentina,514730661,"Marcelo Braun Menendez",
"Diego Eduardo",Salerno,diegoesalerno@facebook.com,"12 de Julio",https://www.facebook.com/diegoesalerno,,"San Isidro","San Isidro","Buenos Aires",Argentina,1484374285,"Marcelo Gustavo Salerno",https://www.facebook.com/marcelogustavo.salerno
Marisol,Cambre,marisol.cambre@facebook.com,"12 de Julio",https://www.facebook.com/marisol.cambre,,,"Ciudad Autónoma de Buenos Aires","Buenos Aires",Argentina,1234094535,"Marco Antonio Ciocca II",https://www.facebook.com/cioccamarco
"Andrea Paula",Battiston,andreapaula.battiston@facebook.com,"12 de Julio",https://www.facebook.com/andreapaula.battiston,,,"Ciudad Autónoma de Buenos Aires","Buenos Aires",Argentina,1505915325,"Maria DEL Mar",
Sebastian,Alvarez,sebastian.alvarez.714655@facebook.com,"12 de Julio",https://www.facebook.com/sebastian.alvarez.714655,26,,"Ciudad Autónoma de Buenos Aires","Buenos Aires",Argentina,1190036436,"Maria Emilia Lopez Fonseca",
Juan,Cvitanich,juan.cvitanich@facebook.com,"11 de Julio",https://www.facebook.com/juan.cvitanich,,,"Ciudad Autónoma de Buenos Aires","Buenos Aires",Argentina,100000356073252,"Maria Emilia Lopez Fonseca",
Joaqui,Oyhanart,joaqui.oyhanart@facebook.com,"11 de Julio",https://www.facebook.com/joaqui.oyhanart,,,"Ciudad Autónoma de Buenos Aires","Buenos Aires",Argentina,1383610531,"Maria Eugenia Ferreyra Iañez",https://www.facebook.com/mariaeugenia.ferreyraiane
Florencia,"López Torrecilla",flopylopez@facebook.com,"11 de Julio",https://www.facebook.com/flopylopez,28,,"Ciudad Autónoma de Buenos Aires","Buenos Aires",Argentina,694383334,"Maria Garcia Neglia",https://www.facebook.com/maria.garcianeglia
Suzete,Oliveira,suzete.oliveira@facebook.com,"11 de Julio",https://www.facebook.com/suzete.oliveira,,,"Ciudad Autónoma de Buenos Aires","Buenos Aires",Argentina,1519262305,"Maria Laura Mortensen",
Manuel,Lafo,mslafita@facebook.com,"11 de Julio",https://www.facebook.com/mslafita,,,"Ciudad Autónoma de Buenos Aires","Buenos Aires",Argentina,1072562258,"Maria Lucila Quarleri",https://www.facebook.com/maria.quarleri
Marisol,Delgado,marisol.delgado.794@facebook.com,"12 de Julio",https://www.facebook.com/marisol.delgado.794,24,,"Ciudad Autónoma de Buenos Aires","Buenos Aires",Argentina,1222540578,"Maria Lucila Quarleri",https://www.facebook.com/maria.quarleri
Matías,Benalal,mbenalal@facebook.com,"12 de Julio",https://www.facebook.com/mbenalal,24,,"Ciudad Autónoma de Buenos Aires","Buenos Aires",Argentina,1002990275,"Maria Lucila Quarleri",https://www.facebook.com/maria.quarleri
Malopea,Accesorios,malopea.accesorios@facebook.com,"12 de Julio",https://www.facebook.com/malopea.accesorios,24,,"Ciudad Autónoma de Buenos Aires","Buenos Aires",Argentina,100002180642184,"Maria Lucila Quarleri",https://www.facebook.com/maria.quarleri
Dannii,Bernhardt,dannii.bernhardt@facebook.com,"11 de Julio",https://www.facebook.com/dannii.bernhardt,23,"Villa Crespo","Ciudad Autónoma de Buenos Aires","Buenos Aires",Argentina,1295762915,"Maria Paula Toyos",
Globus,"de Argentina",ergowin@facebook.com,"11 de Julio",https://www.facebook.com/ergowin,,,"Ciudad Autónoma de Buenos Aires","Buenos Aires",Argentina,100000315011359,"Maria Paula Toyos",
Tefi,Michelena,stefania.michelena@facebook.com,"12 de Julio",https://www.facebook.com/stefania.michelena,26,,"Ciudad Autónoma de Buenos Aires","Buenos Aires",Argentina,744228397,"Maria Pia Perez Brea",
Maria,Malizia,Derrochandobuenasvibras@facebook.com,"12 de Julio",https://www.facebook.com/Derrochandobuenasvibras,23,,"Ciudad Autónoma de Buenos Aires","Buenos Aires",Argentina,620942232,"Maria Soledad Villamil",https://www.facebook.com/mariasoledad.villamil
Merys,Medina,Merys.Belen@facebook.com,"11 de Julio",https://www.facebook.com/Merys.Belen,22,"San Cristóbal","Ciudad Autónoma de Buenos Aires","Buenos Aires",Argentina,1024473365,"Maria Soledad Villamil",https://www.facebook.com/mariasoledad.villamil
Joaquín,Alejandro,arreeeeeeee@facebook.com,"11 de Julio",https://www.facebook.com/arreeeeeeee,,,"Ciudad Autónoma de Buenos Aires","Buenos Aires",Argentina,1637627255,"Mariana Aris",https://www.facebook.com/mariana.aris
Soledad,Montejano,solemontejano@facebook.com,"11 de Julio",https://www.facebook.com/solemontejano,,,"Ciudad Autónoma de Buenos Aires","Buenos Aires",Argentina,741267821,"Mariana Fournier",https://www.facebook.com/mariana.fournier1
Luisina,Perassi,Luisinaperassi@facebook.com,"11 de Julio",https://www.facebook.com/Luisinaperassi,22,,"Ciudad Autónoma de Buenos Aires","Buenos Aires",Argentina,1276728019,"Mariana Sparks",
Maria,Ortiz,micaelaortiz@facebook.com,"12 de Julio",https://www.facebook.com/micaelaortiz,,,"Ciudad Autónoma de Buenos Aires","Buenos Aires",Argentina,1049129816,"Mariana Sparks",
Kevin,Furmanski,kevinfur@facebook.com,"11 de Julio",https://www.facebook.com/kevinfur,25,,"Ciudad Autónoma de Buenos Aires","Buenos Aires",Argentina,537193663,"Mariano Calvagna",https://www.facebook.com/mariano.calvagna
Geraldine,Buffa,geraldinebelen.buffa@facebook.com,"12 de Julio",https://www.facebook.com/geraldinebelen.buffa,23,,"Ciudad Autónoma de Buenos Aires","Buenos Aires",Argentina,508707894,"Mariano Gonzalez",
Julieta,Ciminello,julieta.ciminello@facebook.com,"12 de Julio",https://www.facebook.com/julieta.ciminello,22,,"Ciudad Autónoma de Buenos Aires","Buenos Aires",Argentina,1067956521,"Mariano Gonzalez",
Joel,Agustin,joebostero@facebook.com,"12 de Julio",https://www.facebook.com/joebostero,,,"Ciudad Autónoma de Buenos Aires","Buenos Aires",Argentina,100002005386399,"Mariela Puricelli",https://www.facebook.com/mariela.puricelli
Tomas,Parrado,tomas.parrado.7@facebook.com,"12 de Julio",https://www.facebook.com/tomas.parrado.7,25,,"Ciudad Autónoma de Buenos Aires","Buenos Aires",Argentina,558783019,"Martin Gonzalez",
Tomi,Gramajo,tupapitocalentito@facebook.com,"12 de Julio",https://www.facebook.com/tupapitocalentito,,,"Ciudad Autónoma de Buenos Aires","Buenos Aires",Argentina,1519862340,"Martin Gonzalez",
Rodrigo,Ciarmiello,rodrigo.ciarmiello@facebook.com,"11 de Julio",https://www.facebook.com/rodrigo.ciarmiello,,"San Telmo","Ciudad Autónoma de Buenos Aires","Buenos Aires",Argentina,1124016153,"Martin Menini",https://www.facebook.com/martin.menini
Dani,Musso,dani.musso1@facebook.com,"12 de Julio",https://www.facebook.com/dani.musso1,26,,"Ciudad Autónoma de Buenos Aires","Buenos Aires",Argentina,569792247,"Martin Menini",https://www.facebook.com/martin.menini
Bauti,Harfuch,bautih@facebook.com,"12 de Julio",https://www.facebook.com/bautih,,,"Ciudad Autónoma de Buenos Aires","Buenos Aires",Argentina,760104145,"Martin Olmedo",
Aixa,Muñoz,AIwaySmile@facebook.com,"12 de Julio",https://www.facebook.com/AIwaySmile,,,"Ciudad Autónoma de Buenos Aires","Buenos Aires",Argentina,100002656018352,"Matías Panero",
Monica,Rayen,@facebook.com,"11 de Julio",https://www.facebook.com/profile.php?id=745649055,,,"Ciudad Autónoma de Buenos Aires","Buenos Aires",Argentina,745649055,"Matias Adanez",https://www.facebook.com/madanez
Nazarena,Frugoni,nazarena.frugoni@facebook.com,"11 de Julio",https://www.facebook.com/nazarena.frugoni,,,"Ciudad Autónoma de Buenos Aires","Buenos Aires",Argentina,616022986,"Matias Blas",https://www.facebook.com/Matias.Blas
Soledad,"Speicher Mujica",soledad.speicher@facebook.com,"12 de Julio",https://www.facebook.com/soledad.speicher,,,"Ciudad Autónoma de Buenos Aires","Buenos Aires",Argentina,767875789,"Matias Daniel Pascual",
Lucas,Ferrari,EliteLuka@facebook.com,"12 de Julio",https://www.facebook.com/EliteLuka,23,,"Ciudad Autónoma de Buenos Aires","Buenos Aires",Argentina,1035691858,"Matias Duarte",
Manuel,Ramos,manuel.ramos.984@facebook.com,"12 de Julio",https://www.facebook.com/manuel.ramos.984,,,"Ciudad Autónoma de Buenos Aires","Buenos Aires",Argentina,100001922228762,"Maureen Burton",
Daniel,Yadevito,daniel.yadevito@facebook.com,"12 de Julio",https://www.facebook.com/daniel.yadevito,,,"Ciudad Autónoma de Buenos Aires","Buenos Aires",Argentina,1378153169,"Maureen Burton",
Guido,Cesar,guido.cesar.5@facebook.com,"11 de Julio",https://www.facebook.com/guido.cesar.5,,Pilar,Pilar,"Buenos Aires",Argentina,637735687,"Maureen Burton",
Yanina,Barrios,yanina.d.barrios@facebook.com,"12 de Julio",https://www.facebook.com/yanina.d.barrios,26,,"Ciudad Autónoma de Buenos Aires","Buenos Aires",Argentina,1477720141,"Mauricio Gregori",
Anita,Chaud,anita.chaud@facebook.com,"11 de Julio",https://www.facebook.com/anita.chaud,25,,"Ciudad Autónoma de Buenos Aires","Buenos Aires",Argentina,1057327845,"Mauro Napole",https://www.facebook.com/maurinapole
Colo,Lagomarsino,colo.lagomarsino@facebook.com,"12 de Julio",https://www.facebook.com/colo.lagomarsino,,Pilar,Pilar,"Buenos Aires",Argentina,100001349201748,"Mauro Sebastian Villegas",
"Eda Raquel",Fernandez,edaraquel.fernandez@facebook.com,"12 de Julio",https://www.facebook.com/edaraquel.fernandez,,,"Ciudad Autónoma de Buenos Aires","Buenos Aires",Argentina,100001919792698,"Maxi Aguirre Fernandez",
Santiago,Córdoba,santiago.chucho@facebook.com,"11 de Julio",https://www.facebook.com/santiago.chucho,28,Recoleta,"Ciudad Autónoma de Buenos Aires","Buenos Aires",Argentina,676719157,"Mechi Abud",https://www.facebook.com/mechi.abud
Sofia,Colonel,sofia.colonel@facebook.com,"12 de Julio",https://www.facebook.com/sofia.colonel,26,"Bella Vista","Bella Vista","Buenos Aires",Argentina,594716875,"Mechi Abud",https://www.facebook.com/mechi.abud
Castagnaro,Juan,@facebook.com,"12 de Julio",https://www.facebook.com/profile.php?id=100008209067774,,,"Ciudad Autónoma de Buenos Aires","Buenos Aires",Argentina,100008209067774,"Melanie Azar",
Guada,R.V,guada.r.v@facebook.com,"11 de Julio",https://www.facebook.com/guada.r.v,,,"Ciudad Autónoma de Buenos Aires","Buenos Aires",Argentina,549341971,"Melanie Azar",
Sebastian,Cassano,sebastian.cassano.9@facebook.com,"11 de Julio",https://www.facebook.com/sebastian.cassano.9,25,,"Ciudad Autónoma de Buenos Aires","Buenos Aires",Argentina,748654652,"Melo Dellarole",https://www.facebook.com/melodellarole
Gonzalo,Pereira,gonzalo.v.pereira@facebook.com,"11 de Julio",https://www.facebook.com/gonzalo.v.pereira,26,,"Ciudad Autónoma de Buenos Aires","Buenos Aires",Argentina,513613750,"Melo Dellarole",https://www.facebook.com/melodellarole
Emi,Bertolini,emiliano.bertolini.9@facebook.com,"12 de Julio",https://www.facebook.com/emiliano.bertolini.9,,,"Ciudad Autónoma de Buenos Aires","Buenos Aires",Argentina,840080698,"Melo Dellarole",https://www.facebook.com/melodellarole
Mily,Alasino,mily.alasino@facebook.com,"11 de Julio",https://www.facebook.com/mily.alasino,,,"Ciudad Autónoma de Buenos Aires","Buenos Aires",Argentina,100001810384453,"Melo Dellarole",https://www.facebook.com/melodellarole
Newton,BA,newtonmuebles@facebook.com,"11 de Julio",https://www.facebook.com/newtonmuebles,,,"Ciudad Autónoma de Buenos Aires","Buenos Aires",Argentina,100001829338829,"Melo Dellarole",https://www.facebook.com/melodellarole
Sebastian,Prancevic,sebaprancevic@facebook.com,"12 de Julio",https://www.facebook.com/sebaprancevic,,,"Ciudad Autónoma de Buenos Aires","Buenos Aires",Argentina,100001545834117,"Mia Miry Ponce",
Lobo,Xeneize,lobo.xeneize@facebook.com,"12 de Julio",https://www.facebook.com/lobo.xeneize,,"La Boca","Ciudad Autónoma de Buenos Aires","Buenos Aires",Argentina,100000102022987,"Mia Miry Ponce",
Leandro,Belinky,junioooor@facebook.com,"12 de Julio",https://www.facebook.com/junioooor,,,"Ciudad Autónoma de Buenos Aires","Buenos Aires",Argentina,1089133298,"Mili Mauro",https://www.facebook.com/milimauro
Nic,Lerner,nic.lerner@facebook.com,"12 de Julio",https://www.facebook.com/nic.lerner,,,"Ciudad Autónoma de Buenos Aires","Buenos Aires",Argentina,566161054,"Miqui Berriòs",https://www.facebook.com/miqui.berrios
Victoria,Musotto,bicmusotto@facebook.com,"11 de Julio",https://www.facebook.com/bicmusotto,,,"Ciudad Autónoma de Buenos Aires","Buenos Aires",Argentina,748399342,"Miqui Berriòs",https://www.facebook.com/miqui.berrios
Hernán,Borisonik,hernanbori@facebook.com,"11 de Julio",https://www.facebook.com/hernanbori,,,"Ciudad Autónoma de Buenos Aires","Buenos Aires",Argentina,609141360,"Miqui Berriòs",https://www.facebook.com/miqui.berrios
"Omar Alejandro",Molina,omaralejandro.molina@facebook.com,"11 de Julio",https://www.facebook.com/omaralejandro.molina,,,"Ciudad Autónoma de Buenos Aires","Buenos Aires",Argentina,1339035536,"Miriam Larrosa",https://www.facebook.com/MeryLarrosa
Alan,Colombo,ajcolombo@facebook.com,"12 de Julio",https://www.facebook.com/ajcolombo,,,"Ciudad Autónoma de Buenos Aires","Buenos Aires",Argentina,100000011593738,"Nadia Denise",
Paola,Carpintero,paola.carpintero.9@facebook.com,"12 de Julio",https://www.facebook.com/paola.carpintero.9,23,,"Ciudad Autónoma de Buenos Aires","Buenos Aires",Argentina,531751470,"Nadia Denise",
Marianela,Garcia,mini.maru@facebook.com,"12 de Julio",https://www.facebook.com/mini.maru,,,"Ciudad Autónoma de Buenos Aires","Buenos Aires",Argentina,1324389806,"Nadia Denise",
Cristian,Messa,cristian.messa.16@facebook.com,"11 de Julio",https://www.facebook.com/cristian.messa.16,,,"Ciudad Autónoma de Buenos Aires","Buenos Aires",Argentina,675770398,"Nadia Soraya",https://www.facebook.com/nadia.soraya
Giuliana,"Rodriguez Carrera",giuliana.rodriguezcarrera@facebook.com,"12 de Julio",https://www.facebook.com/giuliana.rodriguezcarrera,28,,"Ciudad Autónoma de Buenos Aires","Buenos Aires",Argentina,100005152774504,"Nadia Soraya",https://www.facebook.com/nadia.soraya
Ashley,Sanchez,@facebook.com,"12 de Julio",https://www.facebook.com/profile.php?id=100006769687142,26,,"Ciudad Autónoma de Buenos Aires","Buenos Aires",Argentina,100006769687142,"Nahu Millicay Pereyra",https://www.facebook.com/nahumilli
Tati,Celestino,tati.celestino.1@facebook.com,"12 de Julio",https://www.facebook.com/tati.celestino.1,28,"Parque Chacabuco","Ciudad Autónoma de Buenos Aires","Buenos Aires",Argentina,100003341406441,"Nanys Rodriguez",
"Romina Vanesa",Saliette,rominavanesa.saliette@facebook.com,"11 de Julio",https://www.facebook.com/rominavanesa.saliette,27,,"Ciudad Autónoma de Buenos Aires","Buenos Aires",Argentina,1409075353,"Nanys Rodriguez",
"Juan Ba",Bracht,juanbautista.bracht@facebook.com,"11 de Julio",https://www.facebook.com/juanbautista.bracht,25,"San Isidro","San Isidro","Buenos Aires",Argentina,538161890,"Natalia Oviedo",
Pam,Gomez,pam.gomez.90@facebook.com,"12 de Julio",https://www.facebook.com/pam.gomez.90,25,,"Ciudad Autónoma de Buenos Aires","Buenos Aires",Argentina,100001449575758,"Natalia Oviedo",
Ruth,Ledesma,ruth.ledesma.5220@facebook.com,"11 de Julio",https://www.facebook.com/ruth.ledesma.5220,28,Barracas,"Ciudad Autónoma de Buenos Aires","Buenos Aires",Argentina,100003252320063,"Natalia Ponce",
Ruth,Ledesma,ruth.ledesma.52643@facebook.com,"11 de Julio",https://www.facebook.com/ruth.ledesma.52643,28,Barracas,"Ciudad Autónoma de Buenos Aires","Buenos Aires",Argentina,100005142218171,"Natalia Ponce",
Miriam,Leyes,miriam.leyes.56@facebook.com,"11 de Julio",https://www.facebook.com/miriam.leyes.56,,,"Ciudad Autónoma de Buenos Aires","Buenos Aires",Argentina,1326440528,"Natalia Tarelli",
Micaela,Heav,micaela.heav@facebook.com,"12 de Julio",https://www.facebook.com/micaela.heav,27,Pilar,Pilar,"Buenos Aires",Argentina,100000656422557,"Natalia Vaccaro",
Eze,Marin,eze.marin@facebook.com,"11 de Julio",https://www.facebook.com/eze.marin,27,,"Ciudad Autónoma de Buenos Aires","Buenos Aires",Argentina,709623505,"Nicolás Marano",https://www.facebook.com/nicolasmarano10
Manuel,Merlino,manuel.merlino@facebook.com,"11 de Julio",https://www.facebook.com/manuel.merlino,28,,"Ciudad Autónoma de Buenos Aires","Buenos Aires",Argentina,644269936,"Nicolas Ajargo",https://www.facebook.com/najargo
Laura,Falco,lauravfalco@facebook.com,"12 de Julio",https://www.facebook.com/lauravfalco,,,"Ciudad Autónoma de Buenos Aires","Buenos Aires",Argentina,631652931,"Nicolas Bacich",https://www.facebook.com/nicolas.bacich
"Rogelio Gabriel","Funes Mori",rogeliogabriel.funesmori.1694@facebook.com,"11 de Julio",https://www.facebook.com/rogeliogabriel.funesmori.1694,23,,"Ciudad Autónoma de Buenos Aires","Buenos Aires",Argentina,100000567654389,"Nicolas Zelechowski",
Marisa,Ceraldi,marisa.gilceraldi@facebook.com,"11 de Julio",https://www.facebook.com/marisa.gilceraldi,,,"Ciudad Autónoma de Buenos Aires","Buenos Aires",Argentina,1426770613,"Noe Guillén",https://www.facebook.com/noeguillen20
Fiestas,Temáticas,Aleyourlist@facebook.com,"11 de Julio",https://www.facebook.com/Aleyourlist,,,"Ciudad Autónoma de Buenos Aires","Buenos Aires",Argentina,100000864190080,"Noelia Juskiewicz",https://www.facebook.com/noelia.juskiewicz
Laura,Delicio,laura.delicio@facebook.com,"11 de Julio",https://www.facebook.com/laura.delicio,27,,"Ciudad Autónoma de Buenos Aires","Buenos Aires",Argentina,1517786059,"Noelia Juskiewicz",https://www.facebook.com/noelia.juskiewicz
Romina,Castrillo,romina.castrillo@facebook.com,"11 de Julio",https://www.facebook.com/romina.castrillo,27,,"Ciudad Autónoma de Buenos Aires","Buenos Aires",Argentina,1524580890,"Noelia Juskiewicz",https://www.facebook.com/noelia.juskiewicz
Valeria,Leites,themusicisintheair@facebook.com,"12 de Julio",https://www.facebook.com/themusicisintheair,22,,"Ciudad Autónoma de Buenos Aires","Buenos Aires",Argentina,731109846,"Noelia Sarquiz",https://www.facebook.com/noelia.sarquiz
Fernando,Cisterna,fernando.cisterna.50@facebook.com,"12 de Julio",https://www.facebook.com/fernando.cisterna.50,22,Recoleta,"Ciudad Autónoma de Buenos Aires","Buenos Aires",Argentina,731903575,"Noelia Sarquiz",https://www.facebook.com/noelia.sarquiz
Delirium,Cosmico,delirium.cosmico@facebook.com,"11 de Julio",https://www.facebook.com/delirium.cosmico,27,,"Ciudad Autónoma de Buenos Aires","Buenos Aires",Argentina,1150878272,"Ornela G Cirigliano",https://www.facebook.com/floweringashtree
Constanza,Falguera,coni.falguera@facebook.com,"11 de Julio",https://www.facebook.com/coni.falguera,27,,"Ciudad Autónoma de Buenos Aires","Buenos Aires",Argentina,1124317925,"Pala Falguera",
Leandro,Hanc,leandro.hanc@facebook.com,"11 de Julio",https://www.facebook.com/leandro.hanc,28,,"Ciudad Autónoma de Buenos Aires","Buenos Aires",Argentina,1146763166,"Pala Falguera",
Carolina,"F. Fracaro",carolina.f.fracarossi@facebook.com,"11 de Julio",https://www.facebook.com/carolina.f.fracarossi,,,"Ciudad Autónoma de Buenos Aires","Buenos Aires",Argentina,552680869,"Pam Contreras",
Mateo,Triemstra,mateo.triemstra@facebook.com,"11 de Julio",https://www.facebook.com/mateo.triemstra,,"Bella Vista","Bella Vista","Buenos Aires",Argentina,100003180630863,"Pato Franco",
Osmar,Queirel,kokaso@facebook.com,"11 de Julio",https://www.facebook.com/kokaso,28,Núñez,"Ciudad Autónoma de Buenos Aires","Buenos Aires",Argentina,686084587,"Pato Pagano",https://www.facebook.com/pato.p111
Ro,Caveda,rocave@facebook.com,"11 de Julio",https://www.facebook.com/rocave,,"Buenos Aires","Buenos Aires","Buenos Aires",Argentina,1096653884,"Patrick Fernando Kushner L",0
Anto,Castillo,Anto.castillo.m@facebook.com,"11 de Julio",https://www.facebook.com/Anto.castillo.m,27,,"Ciudad Autónoma de Buenos Aires","Buenos Aires",Argentina,100002755195908,"Paula Lara-Foti",https://www.facebook.com/paula.larafoti
Santiago,Cuello,Santino89@facebook.com,"12 de Julio",https://www.facebook.com/Santino89,25,,"Ciudad Autónoma de Buenos Aires","Buenos Aires",Argentina,1622767188,"Paula Martínez",
Clark,Pennington,clark.pennington.7@facebook.com,"11 de Julio",https://www.facebook.com/clark.pennington.7,22,,"Ciudad Autónoma de Buenos Aires","Buenos Aires",Argentina,1374011336,"Paula Otálvaro",https://www.facebook.com/paula.otalvaro
SoiiUn,Uchiha,DaianaDilly@facebook.com,"12 de Julio",https://www.facebook.com/DaianaDilly,,,"Ciudad Autónoma de Buenos Aires","Buenos Aires",Argentina,1510267353,"Pedro Lopezyfernandez",https://www.facebook.com/pedronahuel
Fran,Zalazar,franzalazar@facebook.com,"11 de Julio",https://www.facebook.com/franzalazar,24,"Buenos Aires","Buenos Aires","Buenos Aires",Argentina,1078343112,"Peter GC",0
Amparo,Battaglia,catnapp@facebook.com,"12 de Julio",https://www.facebook.com/catnapp,,"Buenos Aires","Buenos Aires","Buenos Aires",Argentina,1252995632,"Peter GC",0
Lucas,Sebastian,lucas.sebastian.1088@facebook.com,"11 de Julio",https://www.facebook.com/lucas.sebastian.1088,26,"Buenos Aires","Buenos Aires","Buenos Aires",Argentina,520522662,"Peter GC",0
Nico,"De Santis",nico.desantis.56@facebook.com,"11 de Julio",https://www.facebook.com/nico.desantis.56,,,"Ciudad Autónoma de Buenos Aires","Buenos Aires",Argentina,746684323,"Pia Bocchino",https://www.facebook.com/pia.bocchino
Santi,Olais,santi.olais@facebook.com,"12 de Julio",https://www.facebook.com/santi.olais,,,"Ciudad Autónoma de Buenos Aires","Buenos Aires",Argentina,1162577714,"Piltra Toller",https://www.facebook.com/piltra
Augusto,Cruz,augusto.cruz.359@facebook.com,"11 de Julio",https://www.facebook.com/augusto.cruz.359,28,,"Ciudad Autónoma de Buenos Aires","Buenos Aires",Argentina,1220906992,"Piltra Toller",https://www.facebook.com/piltra
Rancy,Codino,,"11 de Julio",https://www.facebook.com/profile.php?id=100008369345541,26,"Buenos Aires","Buenos Aires","Buenos Aires",Argentina,100008369345541,"Piru Lasta",0
Antonella,Gandia,antonella.gandia@facebook.com,"11 de Julio",https://www.facebook.com/antonella.gandia,26,,"Ciudad Autónoma de Buenos Aires","Buenos Aires",Argentina,719648055,"Ramiro Prieto",
Matias,Leschiutta,mleschiutta@facebook.com,"11 de Julio",https://www.facebook.com/mleschiutta,26,,"Ciudad Autónoma de Buenos Aires","Buenos Aires",Argentina,781423814,"Ramiro Prieto",
Maria,Budiño,florencia.budino1@facebook.com,"12 de Julio",https://www.facebook.com/florencia.budino1,25,,"Ciudad Autónoma de Buenos Aires","Buenos Aires",Argentina,1252320125,"Ramiro Prieto",
"Cintia Victoria",Maur,Cintia1207@facebook.com,"12 de Julio",https://www.facebook.com/Cintia1207,25,,"Ciudad Autónoma de Buenos Aires","Buenos Aires",Argentina,1364732625,"Ramiro Prieto",
Lorena,Perrupato,lorena.perrupato@facebook.com,"11 de Julio",https://www.facebook.com/lorena.perrupato,,"Buenos Aires","Buenos Aires","Buenos Aires",Argentina,100001057837382,"Rebe Gonzalez",0
Estudio,Suricata,estudiosuricata@facebook.com,"11 de Julio",https://www.facebook.com/estudiosuricata,25,,"Ciudad Autónoma de Buenos Aires","Buenos Aires",Argentina,100000859686640,"Riberas Del Parana",https://www.facebook.com/riberas.delparana
"Carla Soledad",Gasso,carlasoledad.gasso@facebook.com,"12 de Julio",https://www.facebook.com/carlasoledad.gasso,,,"Ciudad Autónoma de Buenos Aires","Buenos Aires",Argentina,1435118517,"Ricardo Caballero Mieres",https://www.facebook.com/Ricky.CM77
German,Garcia,saintpope@facebook.com,"12 de Julio",https://www.facebook.com/saintpope,,,"Ciudad Autónoma de Buenos Aires","Buenos Aires",Argentina,1188500586,"Ricardo Caballero Mieres",https://www.facebook.com/Ricky.CM77
Cristina,Morey,crist.morey.1@facebook.com,"11 de Julio",https://www.facebook.com/crist.morey.1,,,"Ciudad Autónoma de Buenos Aires","Buenos Aires",Argentina,1355645560,"Ro Pietro",https://www.facebook.com/rochy.pietra
Vicente,Vega,vicente.vega.35@facebook.com,"11 de Julio",https://www.facebook.com/vicente.vega.35,27,,"Ciudad Autónoma de Buenos Aires","Buenos Aires",Argentina,502453168,"Rocío Martínez",https://www.facebook.com/rochi.belen
Gonzalo,Appel,gonzalo.appel@facebook.com,"11 de Julio",https://www.facebook.com/gonzalo.appel,27,,"Ciudad Autónoma de Buenos Aires","Buenos Aires",Argentina,100000299742561,"Rocío Martínez",https://www.facebook.com/rochi.belen
Lucas,Morgavi,lucas.morgavi@facebook.com,"12 de Julio",https://www.facebook.com/lucas.morgavi,23,,"Ciudad Autónoma de Buenos Aires","Buenos Aires",Argentina,1167648562,"Rocío Martínez",https://www.facebook.com/rochi.belen
Juan,Etchevarne,juan.etchevarne.9@facebook.com,"11 de Julio",https://www.facebook.com/juan.etchevarne.9,24,,"Ciudad Autónoma de Buenos Aires","Buenos Aires",Argentina,737234881,"Rochi Christensen",https://www.facebook.com/rochi.christensen
Juan,Montemerlo,jmontemerlo@facebook.com,"11 de Julio",https://www.facebook.com/jmontemerlo,,,"Ciudad Autónoma de Buenos Aires","Buenos Aires",Argentina,654966870,"Rochi Christensen",https://www.facebook.com/rochi.christensen
Lula,Miranda,lourdes.miranda.509@facebook.com,"12 de Julio",https://www.facebook.com/lourdes.miranda.509,23,,"Ciudad Autónoma de Buenos Aires","Buenos Aires",Argentina,508714285,"Rochi Christensen",https://www.facebook.com/rochi.christensen
Luli,Creixent,luli.creixent@facebook.com,"11 de Julio",https://www.facebook.com/luli.creixent,24,,"Ciudad Autónoma de Buenos Aires","Buenos Aires",Argentina,679268390,"Rocio Benitez",
Federico,Pieruzzini,federico.pieruzzini@facebook.com,"11 de Julio",https://www.facebook.com/federico.pieruzzini,28,,"Ciudad Autónoma de Buenos Aires","Buenos Aires",Argentina,575185835,"Rocio Marquez",
Lucas,Warat,lucas.warat@facebook.com,"11 de Julio",https://www.facebook.com/lucas.warat,28,,"Ciudad Autónoma de Buenos Aires","Buenos Aires",Argentina,510475093,"Rocio Marquez",
Federico,Fernandez,fede.fernandez.3323@facebook.com,"11 de Julio",https://www.facebook.com/fede.fernandez.3323,,,"Ciudad Autónoma de Buenos Aires","Buenos Aires",Argentina,1344895826,"Romi Flores",
Ale,"A. Saravia",aleaguirresaravia@facebook.com,"12 de Julio",https://www.facebook.com/aleaguirresaravia,,,"Ciudad Autónoma de Buenos Aires","Buenos Aires",Argentina,100000226575904,"Romy Escudero",https://www.facebook.com/romina.escudero
Thomas,Girard,kaatmondsohn@facebook.com,"11 de Julio",https://www.facebook.com/kaatmondsohn,25,,"Ciudad Autónoma de Buenos Aires","Buenos Aires",Argentina,1445432053,"Roxy Arana",
"Christian S",Morrison,christians.morrison@facebook.com,"12 de Julio",https://www.facebook.com/christians.morrison,,Olivos,Olivos,"Buenos Aires",Argentina,342800005,"Sabri Bértolo",
"Macarena Aylen",Ricci,macarenaaylen.ricci@facebook.com,"11 de Julio",https://www.facebook.com/macarenaaylen.ricci,,,"Ciudad Autónoma de Buenos Aires","Buenos Aires",Argentina,100001549092374,"Sabry Valenti",https://www.facebook.com/sabry.valenti
Matias,Lareu,matias.lareu@facebook.com,"11 de Julio",https://www.facebook.com/matias.lareu,,Pilar,Pilar,"Buenos Aires",Argentina,734394146,"Seba Alvarez",https://www.facebook.com/lalvar22
Lareu,Eventos,djlareu@facebook.com,"11 de Julio",https://www.facebook.com/djlareu,23,Pilar,Pilar,"Buenos Aires",Argentina,1149871415,"Seba Alvarez",https://www.facebook.com/lalvar22
Juan,Ramos,jmramos1@facebook.com,"12 de Julio",https://www.facebook.com/jmramos1,22,,"Ciudad Autónoma de Buenos Aires","Buenos Aires",Argentina,1411755486,"Sele Raimundo",https://www.facebook.com/sele.raimundo
Matias,Sesma,matias.ys@facebook.com,"11 de Julio",https://www.facebook.com/matias.ys,,,"Ciudad Autónoma de Buenos Aires","Buenos Aires",Argentina,1134325270,"Sergio Acosta",
Gonzaa,Salica,gonzaa.salica@facebook.com,"11 de Julio",https://www.facebook.com/gonzaa.salica,,,"Ciudad Autónoma de Buenos Aires","Buenos Aires",Argentina,100007466255255,"Sil Cristiano ?ï?",https://www.facebook.com/Sivinita
Laguardia,Imperial,sladoce@facebook.com,"12 de Julio",https://www.facebook.com/sladoce,25,"La Boca","Ciudad Autónoma de Buenos Aires","Buenos Aires",Argentina,100001654208958,"Silvia Fernandez",https://www.facebook.com/silviafernandezchivi
Mauro,Gonzalez,mauro.gonzalez.50951@facebook.com,"11 de Julio",https://www.facebook.com/mauro.gonzalez.50951,,,"Ciudad Autónoma de Buenos Aires","Buenos Aires",Argentina,1331874642,"Silvina Yanina Albornoz Garlepp",https://www.facebook.com/silvinayaninaalbornozgarl
Florencia,Kitaigorodsky,florencia.kitaigorodsky@facebook.com,"11 de Julio",https://www.facebook.com/florencia.kitaigorodsky,,,"Ciudad Autónoma de Buenos Aires","Buenos Aires",Argentina,1358573287,"Silvina Yanina Albornoz Garlepp",https://www.facebook.com/silvinayaninaalbornozgarl
Maxi,Polimeni,maxi.polimeni.1@facebook.com,"12 de Julio",https://www.facebook.com/maxi.polimeni.1,23,,"Ciudad Autónoma de Buenos Aires","Buenos Aires",Argentina,100004008196229,"Sindy Elisa Szczucky",https://www.facebook.com/sindy.szczucky
"Bruna Gabriela",Ratto,brunagabriela.ratto@facebook.com,"12 de Julio",https://www.facebook.com/brunagabriela.ratto,,,"Ciudad Autónoma de Buenos Aires","Buenos Aires",Argentina,1131902976,"Sindy Elisa Szczucky",https://www.facebook.com/sindy.szczucky
Imelda,Llano,imelda.llano@facebook.com,"11 de Julio",https://www.facebook.com/imelda.llano,,,"Ciudad Autónoma de Buenos Aires","Buenos Aires",Argentina,1505632823,"Sofía Barreira",https://www.facebook.com/sofia.barreiram
Agustin,Solivella,@facebook.com,"12 de Julio",https://www.facebook.com/profile.php?id=100002915027037,22,,"Ciudad Autónoma de Buenos Aires","Buenos Aires",Argentina,100002915027037,"Sofía Barreira",https://www.facebook.com/sofia.barreiram
Juan,Paoletta,kb.paoletta@facebook.com,"12 de Julio",https://www.facebook.com/kb.paoletta,23,,"Ciudad Autónoma de Buenos Aires","Buenos Aires",Argentina,1263078074,"Sofía Barreira",https://www.facebook.com/sofia.barreiram
"Ana Valentina",Tamame,anavalentina.tamame@facebook.com,"12 de Julio",https://www.facebook.com/anavalentina.tamame,25,,"Ciudad Autónoma de Buenos Aires","Buenos Aires",Argentina,824862359,"Sofia Cantero",
Gina,Gavazza,gina.gavazza@facebook.com,"11 de Julio",https://www.facebook.com/gina.gavazza,26,,"Ciudad Autónoma de Buenos Aires","Buenos Aires",Argentina,100000847133393,"Sofia Cantero",
Ju,Iarossi,ju.iarossi@facebook.com,"12 de Julio",https://www.facebook.com/ju.iarossi,25,"Buenos Aires","Buenos Aires","Buenos Aires",Argentina,1267641316,"Sofia Reinoso",0
Guille,Bordenave,llegui.bordenave@facebook.com,"11 de Julio",https://www.facebook.com/llegui.bordenave,26,,"Ciudad Autónoma de Buenos Aires","Buenos Aires",Argentina,1300521702,"Sol Bettoni",
DjMatias,Sesma,djmatias.sesma@facebook.com,"11 de Julio",https://www.facebook.com/djmatias.sesma,24,,"Ciudad Autónoma de Buenos Aires","Buenos Aires",Argentina,100008156614136,"Tatiana Petroccelli",https://www.facebook.com/tanshanita
Vale,Lulys,valulys@facebook.com,"11 de Julio",https://www.facebook.com/valulys,,,"Ciudad Autónoma de Buenos Aires","Buenos Aires",Argentina,617309632,"Tatiana Petroccelli",https://www.facebook.com/tanshanita
Ivo,Mattiaccio,ivan.mattiaccio@facebook.com,"11 de Julio",https://www.facebook.com/ivan.mattiaccio,,,"Ciudad Autónoma de Buenos Aires","Buenos Aires",Argentina,100000920818579,"Tomás Eis",
Carlos,Martinez,martinezcharli@facebook.com,"11 de Julio",https://www.facebook.com/martinezcharli,,,"Ciudad Autónoma de Buenos Aires","Buenos Aires",Argentina,100000925943551,"Tomás Eis",
Cecilia,Esses,cecilia.esses@facebook.com,"12 de Julio",https://www.facebook.com/cecilia.esses,,,"Ciudad Autónoma de Buenos Aires","Buenos Aires",Argentina,777533747,"Tomas Ini",
Fashionn,"To Inspire",fashiontoinspire@facebook.com,"12 de Julio",https://www.facebook.com/fashiontoinspire,,,"Ciudad Autónoma de Buenos Aires","Buenos Aires",Argentina,100002336724860,"Valentin Abelardo",https://www.facebook.com/valentin.abelardo
Olivia,Diaz,olivia.diaz.923@facebook.com,"12 de Julio",https://www.facebook.com/olivia.diaz.923,,,"Ciudad Autónoma de Buenos Aires","Buenos Aires",Argentina,100000335103169,"Valentino Fabre",https://www.facebook.com/valenfabre
Luli,Bolo,luli.bolo.5@facebook.com,"11 de Julio",https://www.facebook.com/luli.bolo.5,,,"Ciudad Autónoma de Buenos Aires","Buenos Aires",Argentina,792202346,"Valentino Fabre",https://www.facebook.com/valenfabre
Nuna,Bossi,nuna.bossi@facebook.com,"12 de Julio",https://www.facebook.com/nuna.bossi,,,"Ciudad Autónoma de Buenos Aires","Buenos Aires",Argentina,795409517,"Valentino Fabre",https://www.facebook.com/valenfabre
Ariel,Scharaer,ariel.scharaer@facebook.com,"12 de Julio",https://www.facebook.com/ariel.scharaer,,,"Ciudad Autónoma de Buenos Aires","Buenos Aires",Argentina,656625759,"Valeria Ayala",
Carolina,Segura,carolina.segura.3720@facebook.com,"12 de Julio",https://www.facebook.com/carolina.segura.3720,,,"Ciudad Autónoma de Buenos Aires","Buenos Aires",Argentina,1041538025,"Valeria Lardiez",https://www.facebook.com/valeria.lardiez
Diego,Abramovich,diego.m.abramovich@facebook.com,"12 de Julio",https://www.facebook.com/diego.m.abramovich,,,"Ciudad Autónoma de Buenos Aires","Buenos Aires",Argentina,1345595940,"Valeria Mansilla",https://www.facebook.com/valitus
Luis,Nícolas,LUISNICOLAS2012@facebook.com,"11 de Julio",https://www.facebook.com/LUISNICOLAS2012,23,,"Ciudad Autónoma de Buenos Aires","Buenos Aires",Argentina,1839003503,"Vanesa Macias",https://www.facebook.com/vanesa.macias1
Fla,Palmiero,fla.palmiero@facebook.com,"11 de Julio",https://www.facebook.com/fla.palmiero,,,"Ciudad Autónoma de Buenos Aires","Buenos Aires",Argentina,100000322294936,"Vanesa Macias",https://www.facebook.com/vanesa.macias1
Maxi,"Mangini Vaccarezza",maxi.manginivaccarezza@facebook.com,"12 de Julio",https://www.facebook.com/maxi.manginivaccarezza,24,,"Ciudad Autónoma de Buenos Aires","Buenos Aires",Argentina,100000324441215,"Vanesa Macias",https://www.facebook.com/vanesa.macias1
Federico,Pedicino,fpedicino@facebook.com,"11 de Julio",https://www.facebook.com/fpedicino,28,Liniers,"Ciudad Autónoma de Buenos Aires","Buenos Aires",Argentina,1009485749,"Vanesa Macias",https://www.facebook.com/vanesa.macias1
Damián,Zorrilla,damian.zorrilla@facebook.com,"12 de Julio",https://www.facebook.com/damian.zorrilla,,,"Ciudad Autónoma de Buenos Aires","Buenos Aires",Argentina,1482192991,"Vanesa Marinich",https://www.facebook.com/vanesa.marinich
Friendspa,Selena,selena.friendpas@facebook.com,"11 de Julio",https://www.facebook.com/selena.friendpas,,"San Isidro","San Isidro",Lima,Peru,606421670,"Vanesa Myrna Ojeda",
Suplementos,Deportivos,suplementos.deportivoshernan@facebook.com,"11 de Julio",https://www.facebook.com/suplementos.deportivoshernan,,,"Ciudad Autónoma de Buenos Aires","Buenos Aires",Argentina,100000269733376,"Vanesa Myrna Ojeda",
Jose,Galletta,jose.galletta@facebook.com,"12 de Julio",https://www.facebook.com/jose.galletta,,,"Ciudad Autónoma de Buenos Aires","Buenos Aires",Argentina,560654341,"Vanesa Myrna Ojeda",
Juliana,Moreira,lajulimoreira@facebook.com,"12 de Julio",https://www.facebook.com/lajulimoreira,28,,"Ciudad Autónoma de Buenos Aires","Buenos Aires",Argentina,1538169378,"Vanina Lopez Baroni",https://www.facebook.com/vaninalb
Javier,Picca,JavaSka@facebook.com,"12 de Julio",https://www.facebook.com/JavaSka,25,,"Ciudad Autónoma de Buenos Aires","Buenos Aires",Argentina,1438347385,"Vero Milione",https://www.facebook.com/vero.milione
Anii,TTa,anita.tekierotanto@facebook.com,"11 de Julio",https://www.facebook.com/anita.tekierotanto,27,,"Ciudad Autónoma de Buenos Aires","Buenos Aires",Argentina,1325319467,"Vicky Blengini",https://www.facebook.com/vicky.blengini
Benjamin,Griffin,benjamin.griffin.1460@facebook.com,"11 de Julio",https://www.facebook.com/benjamin.griffin.1460,22,,"Ciudad Autónoma de Buenos Aires","Buenos Aires",Argentina,100004923336950,"Victor Bernay",https://www.facebook.com/victor.bernay
Juampi,Aromí,juampi.aromi@facebook.com,"11 de Julio",https://www.facebook.com/juampi.aromi,,,"Ciudad Autónoma de Buenos Aires","Buenos Aires",Argentina,643025053,"Victor Bernay",https://www.facebook.com/victor.bernay
Felipe,Dietrich,felipediet@facebook.com,"11 de Julio",https://www.facebook.com/felipediet,,,"Ciudad Autónoma de Buenos Aires","Buenos Aires",Argentina,1140375181,"Victor Bernay",https://www.facebook.com/victor.bernay
Agustina,Alfaro,agustina.alfaro.923@facebook.com,"12 de Julio",https://www.facebook.com/agustina.alfaro.923,22,,"Ciudad Autónoma de Buenos Aires","Buenos Aires",Argentina,1270933871,"Victor Bernay",https://www.facebook.com/victor.bernay
Maxi,Bavio,maxi.bavio@facebook.com,"12 de Julio",https://www.facebook.com/maxi.bavio,22,,"Ciudad Autónoma de Buenos Aires","Buenos Aires",Argentina,1310727238,"Victoria Cerdán",https://www.facebook.com/victoriaacerdan
Anita,Colombo,anita.a.colombo.5@facebook.com,"12 de Julio",https://www.facebook.com/anita.a.colombo.5,23,,"Ciudad Autónoma de Buenos Aires","Buenos Aires",Argentina,813862088,"Victoria Roldán",https://www.facebook.com/marievickyroldan
Gabriela,Yonadi,gabriela.yonadi@facebook.com,"12 de Julio",https://www.facebook.com/gabriela.yonadi,,,"Ciudad Autónoma de Buenos Aires","Buenos Aires",Argentina,100001011392726,"Virginia Maria De Bassi",https://www.facebook.com/virginia.debassi
Pablo,Grosso,pablo.grosso.311@facebook.com,"12 de Julio",https://www.facebook.com/pablo.grosso.311,26,,"Ciudad Autónoma de Buenos Aires","Buenos Aires",Argentina,1383495684,"Yani Nefes",https://www.facebook.com/yani.nefes
Chris,Pliauzer,ph.christianpliauzer@facebook.com,"11 de Julio",https://www.facebook.com/ph.christianpliauzer,,,"Ciudad Autónoma de Buenos Aires","Buenos Aires",Argentina,100003052305586,"Yanina Battiato",
Naty,Gomez,naty.gomez.589@facebook.com,"11 de Julio",https://www.facebook.com/naty.gomez.589,,,"Ciudad Autónoma de Buenos Aires","Buenos Aires",Argentina,1383964705,"Yanina Toto",https://www.facebook.com/yanina.toto
Anto,Coronel,antonella.coronel.503@facebook.com,"12 de Julio",https://www.facebook.com/antonella.coronel.503,24,,"Ciudad Autónoma de Buenos Aires","Buenos Aires",Argentina,100002029162389,"Yasu Higa",
