Nombre,Apellido,"Email Facebook",Cumpleaños,"Usuario Facebook",Edad,Barrio,Ciudad,Provincia,Pais,"ID Facebook","Amigo De","Amigo De (Usuario)"
Emiliano,Trespailhie,nanotrespa@facebook.com,"28 de Junio",https://www.facebook.com/nanotrespa,,,"Ciudad Autónoma de Buenos Aires","Buenos Aires",Argentina,549515797,"Agus Carranza",
Mauro,Rojas,mauro.rojas.395@facebook.com,"28 de Junio",https://www.facebook.com/mauro.rojas.395,,,"Ciudad Autónoma de Buenos Aires","Buenos Aires",Argentina,100000857711599,"Agus Rodriguez",
Ignacio,Fiora,ignacio.fiora.3@facebook.com,"28 de Junio",https://www.facebook.com/ignacio.fiora.3,23,,"Ciudad Autónoma de Buenos Aires","Buenos Aires",Argentina,541074597,"Agustin De Pascali",https://www.facebook.com/agustin.depascali
La,Neno,la.neno.1@facebook.com,"28 de Junio",https://www.facebook.com/la.neno.1,29,,"Ciudad Autónoma de Buenos Aires","Buenos Aires",Argentina,1378538262,"Agustin Justin",https://www.facebook.com/Agustin.Justin
Lali,Esposito,@facebook.com,"28 de Junio",https://www.facebook.com/profile.php?id=100002628833208,25,,"Ciudad Autónoma de Buenos Aires","Buenos Aires",Argentina,100002628833208,"Agustin Sujo",https://www.facebook.com/agustin.sujook
Moraa,Celus,contanza.perez.98@facebook.com,"28 de Junio",https://www.facebook.com/contanza.perez.98,23,,"Ciudad Autónoma de Buenos Aires","Buenos Aires",Argentina,100006594313530,"Agustin Sujo",https://www.facebook.com/agustin.sujook
Lucky,Bonifato,lucky.bonifato@facebook.com,"28 de Junio",https://www.facebook.com/lucky.bonifato,,"Buenos Aires","Buenos Aires","Buenos Aires",Argentina,826529673,"Agustina Rabioglio",0
Paloma,Coscia,paloma.coscia@facebook.com,"28 de Junio",https://www.facebook.com/paloma.coscia,,,"Ciudad Autónoma de Buenos Aires","Buenos Aires",Argentina,1321262350,"Alan Volper",https://www.facebook.com/alan.volper
Pachu,Lee,AkiraShock41@facebook.com,"28 de Junio",https://www.facebook.com/AkiraShock41,,"Buenos Aires","Buenos Aires","Buenos Aires",Argentina,100001914632888,"Alan Yun",0
Miguel,Park,miguel.park.10@facebook.com,"28 de Junio",https://www.facebook.com/miguel.park.10,30,"Buenos Aires","Buenos Aires","Buenos Aires",Argentina,500665998,"Alan Yun",0
Natalia,Echavarria,natalia.echavarria@facebook.com,"28 de Junio",https://www.facebook.com/natalia.echavarria,,,"Ciudad Autónoma de Buenos Aires","Buenos Aires",Argentina,1536687271,"Aldana Queirolo",https://www.facebook.com/aldana.queirolo
Cintia,Almada,@facebook.com,"28 de Junio",https://www.facebook.com/profile.php?id=100001751754428,,,"Ciudad Autónoma de Buenos Aires","Buenos Aires",Argentina,100001751754428,"Ale Arias Mandarine Park",
Delfi,Ocampo,delfi.ocampo.14@facebook.com,"28 de Junio",https://www.facebook.com/delfi.ocampo.14,25,,"Ciudad Autónoma de Buenos Aires","Buenos Aires",Argentina,564277166,"Alejandra Diaz De Vivar",
Emanuel,"del Rivero",emadelri@facebook.com,"28 de Junio",https://www.facebook.com/emadelri,,,"Ciudad Autónoma de Buenos Aires","Buenos Aires",Argentina,100001243597324,"Alejandro Cocktila Acosta",https://www.facebook.com/alejandro.acosta
Yessika,Martinez,yessika.martinez2@facebook.com,"28 de Junio",https://www.facebook.com/yessika.martinez2,,,"Ciudad Autónoma de Buenos Aires","Buenos Aires",Argentina,1438991222,"Alejandro Cocktila Acosta",https://www.facebook.com/alejandro.acosta
Mariano,Muñoz,marianomm1@facebook.com,"28 de Junio",https://www.facebook.com/marianomm1,,Versailles,"Ciudad Autónoma de Buenos Aires","Distrito Federal",Argentina,1440093608,"Alejandro Cocktila Acosta",https://www.facebook.com/alejandro.acosta
"Julieta Romina",Duarte,julietaromina.duarte@facebook.com,"28 de Junio",https://www.facebook.com/julietaromina.duarte,,,"Ciudad Autónoma de Buenos Aires","Buenos Aires",Argentina,1070568626,"Alexia Garcia",https://www.facebook.com/garciaalexiia
Matiias,Gonzalez,Gonzalez.Matiias@facebook.com,"28 de Junio",https://www.facebook.com/Gonzalez.Matiias,,Pilar,Pilar,"Buenos Aires",Argentina,100000963995646,"Aluhe Morbidoni",
Rubio,Florencia,Flopi.rubio@facebook.com,"28 de Junio",https://www.facebook.com/Flopi.rubio,29,,"Ciudad Autónoma de Buenos Aires","Buenos Aires",Argentina,1304070225,"Amalia Mihaljevic",https://www.facebook.com/amalia.mihaljevic
Lu,Levy,lu.levy.90@facebook.com,"28 de Junio",https://www.facebook.com/lu.levy.90,,,"Ciudad Autónoma de Buenos Aires","Buenos Aires",Argentina,832178011,"Ana Glinberg",https://www.facebook.com/ana.glinberg
Marcos,Javier,marcos.javier2@facebook.com,"28 de Junio",https://www.facebook.com/marcos.javier2,,,"Ciudad Autónoma de Buenos Aires","Buenos Aires",Argentina,713201613,"Analia Utlo",https://www.facebook.com/ANY10
Sebastian,Chavez,sebastian.chavez.7739@facebook.com,"28 de Junio",https://www.facebook.com/sebastian.chavez.7739,24,,"Ciudad Autónoma de Buenos Aires","Buenos Aires",Argentina,1393154800,"Analia Utlo",https://www.facebook.com/ANY10
Nadia,Musarella,nadia.musarella@facebook.com,"28 de Junio",https://www.facebook.com/nadia.musarella,29,,"Ciudad Autónoma de Buenos Aires","Buenos Aires",Argentina,715539880,"Andrea Badani",https://www.facebook.com/andrea.badani
Aitana,AccesoriosDivinos,aitana.accesoriosdivinos@facebook.com,"28 de Junio",https://www.facebook.com/aitana.accesoriosdivinos,24,,"Ciudad Autónoma de Buenos Aires","Buenos Aires",Argentina,100002568267602,"Andrea Flijer",https://www.facebook.com/andrea.flijer
Julieta,Torres,julieta.torres.948@facebook.com,"28 de Junio",https://www.facebook.com/julieta.torres.948,24,,"Ciudad Autónoma de Buenos Aires","Buenos Aires",Argentina,100002596876516,"Andrea Flijer",https://www.facebook.com/andrea.flijer
Marianela,Culetta,marianela.culetta@facebook.com,"28 de Junio",https://www.facebook.com/marianela.culetta,,,"Ciudad Autónoma de Buenos Aires","Buenos Aires",Argentina,1524637395,"Andrea Iturregui Elem",https://www.facebook.com/andrea.iturregui
"Javier Alejandro",Kriger,javieralejandro.kriger@facebook.com,"28 de Junio",https://www.facebook.com/javieralejandro.kriger,25,,"Ciudad Autónoma de Buenos Aires","Buenos Aires",Argentina,100004753178217,"AnGie Bensignor",https://www.facebook.com/AnGieBensignor
Manu,Echazú,manuu.ruiz@facebook.com,"28 de Junio",https://www.facebook.com/manuu.ruiz,,,"Ciudad Autónoma de Buenos Aires","Buenos Aires",Argentina,525332025,"Aniita Canta",https://www.facebook.com/Aniita.Canta
Adolfo,Jajam,adolfo.jajam@facebook.com,"28 de Junio",https://www.facebook.com/adolfo.jajam,23,,"Ciudad Autónoma de Buenos Aires","Buenos Aires",Argentina,1551882501,"Anita Ghersinich",https://www.facebook.com/anita.ghersinich
Yasmani,Ferrer,yasmani.ferrer@facebook.com,"28 de Junio",https://www.facebook.com/yasmani.ferrer,27,,"Ciudad Autónoma de Buenos Aires","Buenos Aires",Argentina,100002171476148,"Anoland Lorenzo",https://www.facebook.com/anoland.lorenzo
"Be Ay Pi",Indumentaria,beaypi.indumentaria@facebook.com,"28 de Junio",https://www.facebook.com/beaypi.indumentaria,27,,"Ciudad Autónoma de Buenos Aires","Buenos Aires",Argentina,100002428387192,"Antonella La Torre",
Fernando,Schapire,fernando.schapire@facebook.com,"28 de Junio",https://www.facebook.com/fernando.schapire,,"San Isidro","San Isidro","Buenos Aires",Argentina,1086976919,"Ariel Villarreal",
MarianaPiru,"del Santo",marianapiru@facebook.com,"28 de Junio",https://www.facebook.com/marianapiru,28,,"Ciudad Autónoma de Buenos Aires","Buenos Aires",Argentina,636736870,"Ayelen Alumine Anahi",https://www.facebook.com/ashe.chabakana
Florencia,Magalí,florencia.magali.9@facebook.com,"28 de Junio",https://www.facebook.com/florencia.magali.9,24,,"Ciudad Autónoma de Buenos Aires","Buenos Aires",Argentina,100000690183393,"Ayu Casanova",
Florencia,Scarpatti,florencia.scarpatti@facebook.com,"28 de Junio",https://www.facebook.com/florencia.scarpatti,,,"Ciudad Autónoma de Buenos Aires","Buenos Aires",Argentina,853539826,"Barby Lanata",https://www.facebook.com/barby.lanata
Juani,Capoverde,juani.capoverde@facebook.com,"28 de Junio",https://www.facebook.com/juani.capoverde,23,,"Ciudad Autónoma de Buenos Aires","Buenos Aires",Argentina,1138129986,"Barby Lanata",https://www.facebook.com/barby.lanata
Jes,Martinez,jes.martinez.566@facebook.com,"28 de Junio",https://www.facebook.com/jes.martinez.566,,,"Ciudad Autónoma de Buenos Aires","Buenos Aires",Argentina,638495421,"Belen Argarate",https://www.facebook.com/belen.argarate
Juan,Blanco,juan.p.blanco.129@facebook.com,"28 de Junio",https://www.facebook.com/juan.p.blanco.129,,,"Ciudad Autónoma de Buenos Aires","Buenos Aires",Argentina,1231505635,"Belu Cepa Fraga",
Alan,Carbone,alan.carbone.37@facebook.com,"28 de Junio",https://www.facebook.com/alan.carbone.37,,,"Ciudad Autónoma de Buenos Aires","Buenos Aires",Argentina,100001282713588,"Bian Tedesco",https://www.facebook.com/biaantedesco
Marcelo,Lopez,MarceloDelmar@facebook.com,"28 de Junio",https://www.facebook.com/MarceloDelmar,,,"Ciudad Autónoma de Buenos Aires","Buenos Aires",Argentina,719138392,"Brenda Fabregat",https://www.facebook.com/brenda.fabregat
Efecto,Cerebro,efecto.cerebro@facebook.com,"28 de Junio",https://www.facebook.com/efecto.cerebro,,,"Ciudad Autónoma de Buenos Aires","Buenos Aires",Argentina,719494796,"Brenda Fabregat",https://www.facebook.com/brenda.fabregat
Carlos,Kirevam,carlos.kirevam@facebook.com,"28 de Junio",https://www.facebook.com/carlos.kirevam,,,"Ciudad Autónoma de Buenos Aires","Buenos Aires",Argentina,1417155185,"Brenda Fabregat",https://www.facebook.com/brenda.fabregat
Gonzalo,Carp,gonzalo.barraza1@facebook.com,"28 de Junio",https://www.facebook.com/gonzalo.barraza1,,,"Ciudad Autónoma de Buenos Aires","Buenos Aires",Argentina,1778367995,"Brian Cano",
Agustín,Brignoli,agustin.brignoli@facebook.com,"28 de Junio",https://www.facebook.com/agustin.brignoli,26,,"Ciudad Autónoma de Buenos Aires","Buenos Aires",Argentina,712901037,"Cami Maranessi",https://www.facebook.com/cami.maranessi
Margarita,Fernandez,margarita.fernandez.1690671@facebook.com,"28 de Junio",https://www.facebook.com/margarita.fernandez.1690671,28,,"Ciudad Autónoma de Buenos Aires","Buenos Aires",Argentina,748853348,"Camila Perelló",https://www.facebook.com/camiperello
Florencio,Hidalgo,CUCIMUNDO@facebook.com,"28 de Junio",https://www.facebook.com/CUCIMUNDO,,,"Ciudad Autónoma de Buenos Aires","Buenos Aires",Argentina,542511178,"Cana Cilley",https://www.facebook.com/cana.cilley
Paula,Lavalle,paula.s.lavalle@facebook.com,"28 de Junio",https://www.facebook.com/paula.s.lavalle,,,"Ciudad Autónoma de Buenos Aires","Buenos Aires",Argentina,563980075,"Candy Pinto Kramer",
Laura,Peuscovich,Laupeuscovich@facebook.com,"28 de Junio",https://www.facebook.com/Laupeuscovich,,,"Ciudad Autónoma de Buenos Aires","Buenos Aires",Argentina,741349346,"Candy Pinto Kramer",
Diego,Arroyo,diego.r.arroyo@facebook.com,"28 de Junio",https://www.facebook.com/diego.r.arroyo,,,"Ciudad Autónoma de Buenos Aires","Buenos Aires",Argentina,769133354,"Carla Ferro",https://www.facebook.com/carla.ferro
Lalii,Elustondo,LaliiElustondo@facebook.com,"28 de Junio",https://www.facebook.com/LaliiElustondo,27,,"Ciudad Autónoma de Buenos Aires","Buenos Aires",Argentina,619541225,"Caro Ros Jones",https://www.facebook.com/carorosjones
Agus,Elustondo,agus.elustondo@facebook.com,"28 de Junio",https://www.facebook.com/agus.elustondo,27,,"Ciudad Autónoma de Buenos Aires","Buenos Aires",Argentina,758779991,"Caro Ros Jones",https://www.facebook.com/carorosjones
Kassio,Geordano,kassio.geordano@facebook.com,"28 de Junio",https://www.facebook.com/kassio.geordano,25,,"Ciudad Autónoma de Buenos Aires","Buenos Aires",Argentina,100001869851394,"Carolina Ataides Sena Barcelos",https://www.facebook.com/kkbarcellos
Tomi,Lacaria,tomi.lacaria@facebook.com,"28 de Junio",https://www.facebook.com/tomi.lacaria,,,"Ciudad Autónoma de Buenos Aires","Buenos Aires",Argentina,1800420288,"Carolina Damiano",https://www.facebook.com/carolina.damiano
Marko,Drocchi,marko.drocchi@facebook.com,"28 de Junio",https://www.facebook.com/marko.drocchi,26,,"Ciudad Autónoma de Buenos Aires","Buenos Aires",Argentina,100002719664498,"Carolina Del Campo",https://www.facebook.com/carolina.delcampo2
Marcelo,Rojas,marcelo.rojas.5059@facebook.com,"28 de Junio",https://www.facebook.com/marcelo.rojas.5059,27,"Buenos Aires","Buenos Aires","Buenos Aires",Argentina,100000325678180,"Carolina Maidana",0
Victoria,Virasoro,victoria.virasoro.1@facebook.com,"28 de Junio",https://www.facebook.com/victoria.virasoro.1,30,,"Ciudad Autónoma de Buenos Aires","Buenos Aires",Argentina,609006988,"Catalina Plá Señorans",https://www.facebook.com/catalina.pla
Flori,Grillo,flori.grillo@facebook.com,"28 de Junio",https://www.facebook.com/flori.grillo,29,,"Ciudad Autónoma de Buenos Aires","Buenos Aires",Argentina,525478201,"Cecilia Di Gaeta",https://www.facebook.com/cecilia.digaeta
Fabian,"Santa Cruz",fabian.santacruz1@facebook.com,"28 de Junio",https://www.facebook.com/fabian.santacruz1,30,,"Ciudad Autónoma de Buenos Aires","Buenos Aires",Argentina,759364988,"Cecilia Weingardt",
Lucas,Doyle,doylelucas@facebook.com,"28 de Junio",https://www.facebook.com/doylelucas,30,"Buenos Aires","Buenos Aires","Buenos Aires",Argentina,100000423441622,"Charly Ruez",0
Mike,Cameroni,mike.cameroni@facebook.com,"28 de Junio",https://www.facebook.com/mike.cameroni,,,"Ciudad Autónoma de Buenos Aires","Buenos Aires",Argentina,723935404,"Charly Ruez",https://www.facebook.com/charly.ruez
Debora,Ali,ani.barracas@facebook.com,"28 de Junio",https://www.facebook.com/ani.barracas,25,,"Ciudad Autónoma de Buenos Aires","Buenos Aires",Argentina,100008265637246,"Christian Douer Chuky",https://www.facebook.com/christian.chuky
Agustina,Russo,agustina.russo.33@facebook.com,"28 de Junio",https://www.facebook.com/agustina.russo.33,,,"Ciudad Autónoma de Buenos Aires","Buenos Aires",Argentina,689639061,"Clara Costas",
Ro,"Fernandez Arean",ro.fernandezarean@facebook.com,"28 de Junio",https://www.facebook.com/ro.fernandezarean,,,"Ciudad Autónoma de Buenos Aires","Buenos Aires",Argentina,100002498306686,"Clara Ryan",https://www.facebook.com/clariryaneventos
There,Sorribas,mukayirangadesorribas@facebook.com,"28 de Junio",https://www.facebook.com/mukayirangadesorribas,,,"Ciudad Autónoma de Buenos Aires","Buenos Aires",Argentina,100001314211212,"Claudia Gonzalez",
Naate,Gomez,NaateGomez@facebook.com,"28 de Junio",https://www.facebook.com/NaateGomez,,,"Ciudad Autónoma de Buenos Aires","Buenos Aires",Argentina,1424444552,"Cristian Andres Romano",
Exe,"Fernandez Podesta",exeqiuelf@facebook.com,"28 de Junio",https://www.facebook.com/exeqiuelf,,,"Ciudad Autónoma de Buenos Aires","Buenos Aires",Argentina,1157391520,"Cristian Andres Romano",
Chechu,Salvatierra,cecilia.salvatierra1@facebook.com,"28 de Junio",https://www.facebook.com/cecilia.salvatierra1,,,"Ciudad Autónoma de Buenos Aires","Buenos Aires",Argentina,1093642570,"Cristian Fernandez Villamor",https://www.facebook.com/cristian.fernandezvillamo
Norbert,Ocelot,LorDNorberT@facebook.com,"28 de Junio",https://www.facebook.com/LorDNorberT,24,"Buenos Aires","Buenos Aires","Buenos Aires",Argentina,1338481579,"Cristian Incarnato",0
Nicolas,Gomez,nicoo.dt@facebook.com,"28 de Junio",https://www.facebook.com/nicoo.dt,23,,"Ciudad Autónoma de Buenos Aires","Buenos Aires",Argentina,614791841,"Cynthia Gianni",
Dairo,Deejay,dj.dairo@facebook.com,"28 de Junio",https://www.facebook.com/dj.dairo,,,"Ciudad Autónoma de Buenos Aires","Buenos Aires",Argentina,1078342003,"Daiana Soledad Pintos",https://www.facebook.com/Sheena.is
Isaac,Coronel,isaac.g.gutierrez@facebook.com,"28 de Junio",https://www.facebook.com/isaac.g.gutierrez,24,,"Ciudad Autónoma de Buenos Aires","Buenos Aires",Argentina,100001184904195,"Dorian Mori",https://www.facebook.com/Dorian.Mori
Guía,"Del Contador",guia.delcontador@facebook.com,"28 de Junio",https://www.facebook.com/guia.delcontador,30,,"Ciudad Autónoma de Buenos Aires","Buenos Aires",Argentina,100000138054859,"Emanuel Pusi Gómez",https://www.facebook.com/pusi56
Vicky,Diaz,vicky.diaz.1234@facebook.com,"28 de Junio",https://www.facebook.com/vicky.diaz.1234,,,"Ciudad Autónoma de Buenos Aires","Buenos Aires",Argentina,1020224337,"Emiliano Pirolo",https://www.facebook.com/emi.pirolo
Lucas,"Benelli Riesco",lucas.benelliriesco@facebook.com,"28 de Junio",https://www.facebook.com/lucas.benelliriesco,30,,"Ciudad Autónoma de Buenos Aires","Buenos Aires",Argentina,801189860,"Estefi Hilarza",https://www.facebook.com/estefi.hilarza
Luli,Niklison,lulinik@facebook.com,"28 de Junio",https://www.facebook.com/lulinik,,,"Ciudad Autónoma de Buenos Aires","Buenos Aires",Argentina,711362819,"Estefi Willis",https://www.facebook.com/estefi.willis
Octi,Tenero,Olotenero@facebook.com,"28 de Junio",https://www.facebook.com/Olotenero,,,"Ciudad Autónoma de Buenos Aires","Buenos Aires",Argentina,738406099,"Eve Schiera",
Patricio,Natale,patricio.natale.7@facebook.com,"28 de Junio",https://www.facebook.com/patricio.natale.7,25,,"Ciudad Autónoma de Buenos Aires","Buenos Aires",Argentina,1128309160,"Evelina Ferreira",
Agustin,Farcy,agustin.farcy@facebook.com,"28 de Junio",https://www.facebook.com/agustin.farcy,23,"Comodoro Rivadavia","Ciudad Autónoma de Buenos Aires","Distrito Federal",Argentina,1102501093,"Evelina Ferreira",
Federico,Mga,fechinhow@facebook.com,"28 de Junio",https://www.facebook.com/fechinhow,24,,"Ciudad Autónoma de Buenos Aires","Buenos Aires",Argentina,1039142470,"Ezequiel Perez",
Mar,Pekes,mar.pekes@facebook.com,"28 de Junio",https://www.facebook.com/mar.pekes,27,,"Ciudad Autónoma de Buenos Aires","Buenos Aires",Argentina,1154444334,"Ezequiel Sebastian Berardi",https://www.facebook.com/EzErAsTa
Marcos,Griselli,marcos.griselli@facebook.com,"28 de Junio",https://www.facebook.com/marcos.griselli,23,,"Ciudad Autónoma de Buenos Aires","Buenos Aires",Argentina,513590070,"Facundo Bulacio",https://www.facebook.com/facundo.bulacio
Gaby,Novo,gabriela.novo.7@facebook.com,"28 de Junio",https://www.facebook.com/gabriela.novo.7,25,,"Ciudad Autónoma de Buenos Aires","Buenos Aires",Argentina,100003478020818,"Fede Martinez",https://www.facebook.com/fedemartinez17
Yanina,"Martinez Cata",cata.casadecatamarca@facebook.com,"28 de Junio",https://www.facebook.com/cata.casadecatamarca,25,,"Ciudad Autónoma de Buenos Aires","Buenos Aires",Argentina,100003493449888,"Fede Martinez",https://www.facebook.com/fedemartinez17
"Los Migrales","Empanadas Salteñas",losmigrales.empanadassaltenas@facebook.com,"28 de Junio",https://www.facebook.com/losmigrales.empanadassaltenas,,,"Ciudad Autónoma de Buenos Aires","Buenos Aires",Argentina,100002109451078,"Felicitas Ghigliotti",https://www.facebook.com/felicitas.ghigliotti
Nacho,Caputo,nacho.caputo.1@facebook.com,"28 de Junio",https://www.facebook.com/nacho.caputo.1,,,"Ciudad Autónoma de Buenos Aires","Buenos Aires",Argentina,569029017,"Felicitas Ghigliotti",https://www.facebook.com/felicitas.ghigliotti
Lorena,Vicentela,lorenavicentela@facebook.com,"28 de Junio",https://www.facebook.com/lorenavicentela,,"Bella Vista","Bella Vista","Buenos Aires",Argentina,1379777076,"Felicitas Ghigliotti",https://www.facebook.com/felicitas.ghigliotti
Pau,Menna,paudimenna@facebook.com,"28 de Junio",https://www.facebook.com/paudimenna,23,,"Ciudad Autónoma de Buenos Aires","Buenos Aires",Argentina,522040016,"Felipe Cianciarulo",https://www.facebook.com/fcianciarulo
Chus,Rizzi,chusrizzi@facebook.com,"28 de Junio",https://www.facebook.com/chusrizzi,,"Bella Vista","Bella Vista","Buenos Aires",Argentina,100000202723889,"Felipe Vidal",https://www.facebook.com/Feelipe.vp
Romy,Reynoso,manijitareynoso@facebook.com,"28 de Junio",https://www.facebook.com/manijitareynoso,25,"Buenos Aires","Buenos Aires","Buenos Aires",Argentina,1484111988,"Fett Maidana",0
Lsn,Sunglasses,lsn.sunglasses@facebook.com,"28 de Junio",https://www.facebook.com/lsn.sunglasses,26,,"Ciudad Autónoma de Buenos Aires","Buenos Aires",Argentina,100003078216195,"Flor Charró",https://www.facebook.com/florr.ch
Florencia,Lucia,floru.enci@facebook.com,"28 de Junio",https://www.facebook.com/floru.enci,,,"Ciudad Autónoma de Buenos Aires","Buenos Aires",Argentina,100001324462601,"Flor Encino",https://www.facebook.com/flopy.encino
Juli,Bey,juli.bey.1@facebook.com,"28 de Junio",https://www.facebook.com/juli.bey.1,22,,"Ciudad Autónoma de Buenos Aires","Buenos Aires",Argentina,100000529801333,"Flor Encino",https://www.facebook.com/flopy.encino
Ossis,"San Telmo",ossispilates@facebook.com,"28 de Junio",https://www.facebook.com/ossispilates,29,,"Ciudad Autónoma de Buenos Aires","Buenos Aires",Argentina,100001507720762,"Flor Scalise",https://www.facebook.com/flor.scalise
Gabriel,Gatti,gabriel.gatti.31@facebook.com,"28 de Junio",https://www.facebook.com/gabriel.gatti.31,23,,"Ciudad Autónoma de Buenos Aires","Buenos Aires",Argentina,1285998074,"Flor Vischi Cortés",https://www.facebook.com/flor.vischi
Matias,Tridico,matias.tridico@facebook.com,"28 de Junio",https://www.facebook.com/matias.tridico,,,"Ciudad Autónoma de Buenos Aires","Buenos Aires",Argentina,758062701,"Florencia Cortés",https://www.facebook.com/cortes.florencia
Juliana,Caceres,@facebook.com,"28 de Junio",https://www.facebook.com/profile.php?id=100008311281702,23,,"Ciudad Autónoma de Buenos Aires","Buenos Aires",Argentina,100008311281702,"Fran L. Ocampo",https://www.facebook.com/franco
Victoria,Garcia,victoria.veco@facebook.com,"28 de Junio",https://www.facebook.com/victoria.veco,25,,"Ciudad Autónoma de Buenos Aires","Buenos Aires",Argentina,1045242518,"Fran L. Ocampo",https://www.facebook.com/franco
Julieta,Mila,julieta.mila1@facebook.com,"28 de Junio",https://www.facebook.com/julieta.mila1,,,"Ciudad Autónoma de Buenos Aires","Buenos Aires",Argentina,589104061,"Fran L. Ocampo",https://www.facebook.com/franco
Lucia,Lanfranco,lulerta@facebook.com,"28 de Junio",https://www.facebook.com/lulerta,27,Recoleta,"Ciudad Autónoma de Buenos Aires","Buenos Aires",Argentina,633591693,"Fran L. Ocampo",https://www.facebook.com/franco
Bernardo,Benedetti,bernardo.benedetti.1@facebook.com,"28 de Junio",https://www.facebook.com/bernardo.benedetti.1,22,,"Ciudad Autónoma de Buenos Aires","Buenos Aires",Argentina,697390755,"Francisco Klausner",https://www.facebook.com/francisco.klausner
Pablo,Benedetti,pablo.benedetti@facebook.com,"28 de Junio",https://www.facebook.com/pablo.benedetti,22,,"Ciudad Autónoma de Buenos Aires","Buenos Aires",Argentina,852964796,"Francisco Klausner",https://www.facebook.com/francisco.klausner
Leandro,Santillan,leandro.santillan.520@facebook.com,"28 de Junio",https://www.facebook.com/leandro.santillan.520,23,,"Ciudad Autónoma de Buenos Aires","Buenos Aires",Argentina,100001489580313,"Franco Palermo",
Anshii,Belen,anshi.biersack@facebook.com,"28 de Junio",https://www.facebook.com/anshi.biersack,,,"Ciudad Autónoma de Buenos Aires","Buenos Aires",Argentina,100000405934242,"Gabi López",
Matias,Matocq-Photography,matiasmatocq@facebook.com,"28 de Junio",https://www.facebook.com/matiasmatocq,,"Buenos Aires","Buenos Aires","Buenos Aires",Argentina,736775695,"Gabriella Rouiller",0
Fiorella,Fredes,fiorella.fredes.7@facebook.com,"28 de Junio",https://www.facebook.com/fiorella.fredes.7,26,,"Ciudad Autónoma de Buenos Aires","Buenos Aires",Argentina,1445022173,"Giiu Minniti",https://www.facebook.com/giiu.minniti
Noelia,Ezeiza,noelia.ezeiza@facebook.com,"28 de Junio",https://www.facebook.com/noelia.ezeiza,23,,"Ciudad Autónoma de Buenos Aires","Buenos Aires",Argentina,100000795958071,"Giiu Minniti",https://www.facebook.com/giiu.minniti
Daniela,Ele,dany.ele.5@facebook.com,"28 de Junio",https://www.facebook.com/dany.ele.5,,,"Ciudad Autónoma de Buenos Aires","Buenos Aires",Argentina,100001240620562,"Gimena Yamila Yerden Giaquinto",https://www.facebook.com/Gimetrance
Lorena,Praino,lorena.praino@facebook.com,"28 de Junio",https://www.facebook.com/lorena.praino,,,"Ciudad Autónoma de Buenos Aires","Buenos Aires",Argentina,100003358500560,"Giovanna Castellino",https://www.facebook.com/giovanna.castellino
Matías,Kallay,matias.kallay@facebook.com,"28 de Junio",https://www.facebook.com/matias.kallay,,,"Ciudad Autónoma de Buenos Aires","Buenos Aires",Argentina,758309691,"Gonzalo Bussetti",https://www.facebook.com/gonzalo.bussetti
Rocio,Romano,ro.romano@facebook.com,"28 de Junio",https://www.facebook.com/ro.romano,,,"Ciudad Autónoma de Buenos Aires","Buenos Aires",Argentina,1337760299,"Guido Blarasin",https://www.facebook.com/guido.blarasin
Sindicato,"de Fiesteros",sindicatodefiesteros@facebook.com,"28 de Junio",https://www.facebook.com/sindicatodefiesteros,27,,"Ciudad Autónoma de Buenos Aires","Buenos Aires",Argentina,100000241586678,"Guido Blarasin",https://www.facebook.com/guido.blarasin
Yamila,Saadi,yamila.saadi@facebook.com,"28 de Junio",https://www.facebook.com/yamila.saadi,24,,"Ciudad Autónoma de Buenos Aires","Buenos Aires",Argentina,1448711155,"Guille Rampo",https://www.facebook.com/guillermo.rampo
Claudio,Ulloa,ulloaclaudio@facebook.com,"28 de Junio",https://www.facebook.com/ulloaclaudio,,,"Ciudad Autónoma de Buenos Aires","Buenos Aires",Argentina,1541718188,"Gustavo Pietrafesa",
Mirian,Vitti,mirian.vitti@facebook.com,"28 de Junio",https://www.facebook.com/mirian.vitti,26,,"Ciudad Autónoma de Buenos Aires","Buenos Aires",Argentina,100000248809312,"Gustavo Pietrafesa",
Mariano,"Peralta Correa",mariano.p.correa.1@facebook.com,"28 de Junio",https://www.facebook.com/mariano.p.correa.1,24,,"Ciudad Autónoma de Buenos Aires","Buenos Aires",Argentina,1147925050,"Ignacio Lines Ceruti",https://www.facebook.com/ignacio.lines
Julia,Pons,julitapons@facebook.com,"28 de Junio",https://www.facebook.com/julitapons,,,"Ciudad Autónoma de Buenos Aires","Buenos Aires",Argentina,508632266,"Ivan Achaval",https://www.facebook.com/ivancho.achaval
Analia,Szymczak,AnaliaSzymczakCantante@facebook.com,"28 de Junio",https://www.facebook.com/AnaliaSzymczakCantante,24,,"Ciudad Autónoma de Buenos Aires","Buenos Aires",Argentina,637295236,"Ivon Andersson",https://www.facebook.com/ivon.andersson
Carolina,Villa,Caaro.villaa@facebook.com,"28 de Junio",https://www.facebook.com/Caaro.villaa,,,"Ciudad Autónoma de Buenos Aires","Buenos Aires",Argentina,1425040996,"Javier Potenza",
Romina,Perez,romi.peerez@facebook.com,"28 de Junio",https://www.facebook.com/romi.peerez,,,"Ciudad Autónoma de Buenos Aires","Buenos Aires",Argentina,100003900670902,"Javier Potenza",
Gala,Couto,gala.couto@facebook.com,"28 de Junio",https://www.facebook.com/gala.couto,24,,"Ciudad Autónoma de Buenos Aires","Buenos Aires",Argentina,1146281378,"Jero Salsamendi",https://www.facebook.com/jero.salsamendi
Hawaii,Hawaii,hawaiian.hawaii@facebook.com,"28 de Junio",https://www.facebook.com/hawaiian.hawaii,,,"Ciudad Autónoma de Buenos Aires","Buenos Aires",Argentina,100002107140643,"Jessica Bellomo",https://www.facebook.com/JessBellomo
Flor,Diaz,frdiaz@facebook.com,"28 de Junio",https://www.facebook.com/frdiaz,30,,"Ciudad Autónoma de Buenos Aires","Buenos Aires",Argentina,688399395,"Jimena Avila",
Samanta,Mele,samanta.mele@facebook.com,"28 de Junio",https://www.facebook.com/samanta.mele,,,"Ciudad Autónoma de Buenos Aires","Buenos Aires",Argentina,1361834826,"Jimena Zaccardi",https://www.facebook.com/Jimediab
María,Victoria,maria.victoria.16568@facebook.com,"28 de Junio",https://www.facebook.com/maria.victoria.16568,,,"Ciudad Autónoma de Buenos Aires","Buenos Aires",Argentina,1361954445,"Jimena Zaccardi",https://www.facebook.com/Jimediab
Velen,"Diaz Keza",velen.diazkeza@facebook.com,"28 de Junio",https://www.facebook.com/velen.diazkeza,27,,"Ciudad Autónoma de Buenos Aires","Buenos Aires",Argentina,517020924,"Jo Escoriaza",https://www.facebook.com/jo.escoriaza
África,Egaña,africa.rodrigueze@facebook.com,"28 de Junio",https://www.facebook.com/africa.rodrigueze,,,"Ciudad Autónoma de Buenos Aires","Buenos Aires",Argentina,630104911,"Joaco Alvarez Amuchástegui",
Javi,Winne,javi.dewinne@facebook.com,"28 de Junio",https://www.facebook.com/javi.dewinne,30,,"Ciudad Autónoma de Buenos Aires","Buenos Aires",Argentina,514062154,"Joaco Alvarez Amuchástegui",
Lola,Britez,dolores.britez.1@facebook.com,"28 de Junio",https://www.facebook.com/dolores.britez.1,23,,"Ciudad Autónoma de Buenos Aires","Buenos Aires",Argentina,100001878946257,"Jobs Bar",https://www.facebook.com/jobsbar
Lucas,Rodrigues,lucas.rodrigues.14661261@facebook.com,"28 de Junio",https://www.facebook.com/lucas.rodrigues.14661261,26,,"Ciudad Autónoma de Buenos Aires","Buenos Aires",Argentina,1265234385,"Jobs Bar",https://www.facebook.com/jobsbar
Sebastian,Milovich,Seba.28@facebook.com,"28 de Junio",https://www.facebook.com/Seba.28,,"Villa Crespo","Ciudad Autónoma de Buenos Aires","Buenos Aires",Argentina,572268961,"Jobs Bar",https://www.facebook.com/jobsbar
Sole,Cortelezzi,soleil.cortelezzi@facebook.com,"28 de Junio",https://www.facebook.com/soleil.cortelezzi,26,Versailles,"Ciudad Autónoma de Buenos Aires","Buenos Aires",Argentina,100002287942270,"Jobs Bar",https://www.facebook.com/jobsbar
Florencia,Beya,florencia.beya@facebook.com,"28 de Junio",https://www.facebook.com/florencia.beya,,,"Ciudad Autónoma de Buenos Aires","Buenos Aires",Argentina,1308924793,"Jobs Bar",https://www.facebook.com/jobsbar
Sofi,Miranda,SofiiMirandaaa@facebook.com,"28 de Junio",https://www.facebook.com/SofiiMirandaaa,,,"Ciudad Autónoma de Buenos Aires","Buenos Aires",Argentina,1162625286,"Jochuu Rodriguez Linck",https://www.facebook.com/jochuu.rodriguezlinck
Flor,Peñaloza,flor.penaloza.7@facebook.com,"28 de Junio",https://www.facebook.com/flor.penaloza.7,30,,"Ciudad Autónoma de Buenos Aires","Buenos Aires",Argentina,643744453,"Jose Guevara",https://www.facebook.com/JoeGuevara81
Milena,Szapiro,milena.szapiro@facebook.com,"28 de Junio",https://www.facebook.com/milena.szapiro,,,"Ciudad Autónoma de Buenos Aires","Buenos Aires",Argentina,784202247,"Joshua Oglio",
Fede,Oberti,FedeOberti@facebook.com,"28 de Junio",https://www.facebook.com/FedeOberti,27,,"Ciudad Autónoma de Buenos Aires","Buenos Aires",Argentina,100003177294551,"Juan Antonio Papagni Meca",https://www.facebook.com/juanantoniopapagnimeca
Solange,Salvá,solange.salva@facebook.com,"28 de Junio",https://www.facebook.com/solange.salva,,,"Ciudad Autónoma de Buenos Aires","Buenos Aires",Argentina,744693504,"Juan Antonio Papagni Meca",https://www.facebook.com/juanantoniopapagnimeca
Mymliving,Eventos,mymliving.eventos@facebook.com,"28 de Junio",https://www.facebook.com/mymliving.eventos,25,,"Ciudad Autónoma de Buenos Aires","Buenos Aires",Argentina,100001507141184,"Juan Manuel Fotografo",https://www.facebook.com/JuanmaJMFotoEstudio
Kay,Montes,kaymontes@facebook.com,"28 de Junio",https://www.facebook.com/kaymontes,,,"Ciudad Autónoma de Buenos Aires","Buenos Aires",Argentina,624138690,"Juan Martin Segre",https://www.facebook.com/juan.segre
Josefina,Argiró,josefina.argiro.1@facebook.com,"28 de Junio",https://www.facebook.com/josefina.argiro.1,,"Buenos Aires","Buenos Aires","Buenos Aires",Argentina,633196438,"Juan Pablo Aleman",0
Rapi,"B A",masa.antioquia@facebook.com,"28 de Junio",https://www.facebook.com/masa.antioquia,30,"Buenos Aires","Buenos Aires","Buenos Aires",Argentina,100004462686902,"Juan Pablo Aleman",0
Andrea,Hernandez,AndreaHernandez2011@facebook.com,"28 de Junio",https://www.facebook.com/AndreaHernandez2011,,"Buenos Aires","Buenos Aires","Buenos Aires",Argentina,1333486218,"Juan Pablo Aleman",0
Francisco,Cronshey,francisco.cronshey@facebook.com,"28 de Junio",https://www.facebook.com/francisco.cronshey,,,"Ciudad Autónoma de Buenos Aires","Buenos Aires",Argentina,508516999,"Juani Luciani",https://www.facebook.com/ayjuancito83
Emmanuel,Torres,emmanueltutatorres@facebook.com,"28 de Junio",https://www.facebook.com/emmanueltutatorres,,,"Ciudad Autónoma de Buenos Aires","Buenos Aires",Argentina,1032484057,"Julieta Olmedo Cortese",https://www.facebook.com/poshipo
Gabriela,Rojas,gabriela.rojas.186@facebook.com,"28 de Junio",https://www.facebook.com/gabriela.rojas.186,28,"Villa Del Parque","Ciudad Autónoma de Buenos Aires","Buenos Aires",Argentina,1264097707,"Julieta Olmedo Cortese",https://www.facebook.com/poshipo
Pau,Peralta,pau.peralta1@facebook.com,"28 de Junio",https://www.facebook.com/pau.peralta1,26,,"Ciudad Autónoma de Buenos Aires","Buenos Aires",Argentina,671485816,"Karina Fernandez",https://www.facebook.com/karuchita
Lili,Mini,lili.mini.16@facebook.com,"28 de Junio",https://www.facebook.com/lili.mini.16,,,"Ciudad Autónoma de Buenos Aires","Buenos Aires",Argentina,100000134536800,"Kati Mosich",https://www.facebook.com/kati.mosich
Black,Rock,blacksheepsrock@facebook.com,"28 de Junio",https://www.facebook.com/blacksheepsrock,,,"Ciudad Autónoma de Buenos Aires","Buenos Aires",Argentina,1757615765,"La Rockeria",https://www.facebook.com/oveja1
Analia,Sayago,analia.sayago.9@facebook.com,"28 de Junio",https://www.facebook.com/analia.sayago.9,27,,"Ciudad Autónoma de Buenos Aires","Buenos Aires",Argentina,100001681693902,"La Rockeria",https://www.facebook.com/oveja1
Caroline,Amore,carolina.amore@facebook.com,"28 de Junio",https://www.facebook.com/carolina.amore,27,,"Ciudad Autónoma de Buenos Aires","Buenos Aires",Argentina,1339371656,"La Rockeria",https://www.facebook.com/oveja1
Pao,Leiva,paolasofiadistroyd@facebook.com,"28 de Junio",https://www.facebook.com/paolasofiadistroyd,26,Once,"Ciudad Autónoma de Buenos Aires","Buenos Aires",Argentina,1324778485,"Leandro Matias",
Noelia,Aparicio,noelia.d.aparicio@facebook.com,"28 de Junio",https://www.facebook.com/noelia.d.aparicio,,,"Ciudad Autónoma de Buenos Aires","Buenos Aires",Argentina,1523531802,"Lucía Lopez Aleman",https://www.facebook.com/marialucialopezaleman
Gonzalo,Galizia,gonzalo.galizia@facebook.com,"28 de Junio",https://www.facebook.com/gonzalo.galizia,,,"Ciudad Autónoma de Buenos Aires","Buenos Aires",Argentina,1524544453,"Lucas Funes",https://www.facebook.com/SkriLef14
Pablo,"Marchese Fotografia",pablo.marchese.102@facebook.com,"28 de Junio",https://www.facebook.com/pablo.marchese.102,30,,"Ciudad Autónoma de Buenos Aires","Buenos Aires",Argentina,100004206822615,"Luciana Barcia",
Daiana,Nogacz,daiana.nogacz@facebook.com,"28 de Junio",https://www.facebook.com/daiana.nogacz,,,"Ciudad Autónoma de Buenos Aires","Buenos Aires",Argentina,1237190926,"Luciana Grisolia",https://www.facebook.com/lulagri
Lilus,Sofia,lilus.sofia2@facebook.com,"28 de Junio",https://www.facebook.com/lilus.sofia2,25,Recoleta,"Ciudad Autónoma de Buenos Aires","Buenos Aires",Argentina,100000488035832,"Luciana Poeltra",https://www.facebook.com/luciana.poeltra
Nando,Hc,Nandoohc@facebook.com,"28 de Junio",https://www.facebook.com/Nandoohc,,,"Ciudad Autónoma de Buenos Aires","Buenos Aires",Argentina,1239022578,"Luli Santos Neves",
Roxana,Silva,roxana.t.silva@facebook.com,"28 de Junio",https://www.facebook.com/roxana.t.silva,,,"Ciudad Autónoma de Buenos Aires","Buenos Aires",Argentina,1276283693,"Luz Adamo",https://www.facebook.com/luz.adamo
Maru,Daris,maru.daris@facebook.com,"28 de Junio",https://www.facebook.com/maru.daris,24,,"Ciudad Autónoma de Buenos Aires","Buenos Aires",Argentina,561879187,"M Agustina Ciarla Quintana",https://www.facebook.com/magustina.quintana
"Leandro Lucas",Melian,leandrolucas.melian@facebook.com,"28 de Junio",https://www.facebook.com/leandrolucas.melian,29,,"Ciudad Autónoma de Buenos Aires","Buenos Aires",Argentina,1378906283,"Majo López Tavani",https://www.facebook.com/lasplumas
Susana,Nicolini,susanainesnicolini@facebook.com,"28 de Junio",https://www.facebook.com/susanainesnicolini,29,,"Ciudad Autónoma de Buenos Aires","Buenos Aires",Argentina,1381692083,"Majo López Tavani",https://www.facebook.com/lasplumas
Tiago,Gallego,tiagogallego@facebook.com,"28 de Junio",https://www.facebook.com/tiagogallego,,Pilar,Pilar,"Buenos Aires",Argentina,582466293,"Marcela Hinckelmann",https://www.facebook.com/marcela.hinckelmann
Cherline,Karica,cherline.karica@facebook.com,"28 de Junio",https://www.facebook.com/cherline.karica,25,,"Ciudad Autónoma de Buenos Aires","Buenos Aires",Argentina,100001505125183,"Marcelo Gustavo Salerno",https://www.facebook.com/marcelogustavo.salerno
Lucrecia,Mendía,lucrecia.mendia@facebook.com,"28 de Junio",https://www.facebook.com/lucrecia.mendia,,,"Ciudad Autónoma de Buenos Aires","Buenos Aires",Argentina,1342690116,"Maria Florencia Lioni Tarsitano",https://www.facebook.com/mariaflorencia.lionitarsi
Majo,Monteverde,majo.monteverde.3@facebook.com,"28 de Junio",https://www.facebook.com/majo.monteverde.3,,,"Ciudad Autónoma de Buenos Aires","Buenos Aires",Argentina,871800146,"Maria Laura Pendás",https://www.facebook.com/marialaura.pendas
Bohemio,Objetos,bohemio.objetos@facebook.com,"28 de Junio",https://www.facebook.com/bohemio.objetos,26,,"Ciudad Autónoma de Buenos Aires","Buenos Aires",Argentina,100001020781730,"Maria Lucila Quarleri",https://www.facebook.com/maria.quarleri
Ezequiel,Gil,ezequiel.f.gil@facebook.com,"28 de Junio",https://www.facebook.com/ezequiel.f.gil,,,"Ciudad Autónoma de Buenos Aires","Buenos Aires",Argentina,1017589731,"Marianela Irusta",
Eventos,Makabro,eventos.makabro@facebook.com,"28 de Junio",https://www.facebook.com/eventos.makabro,,,"Ciudad Autónoma de Buenos Aires","Buenos Aires",Argentina,100001049487702,"Martín Álvarez BA I",https://www.facebook.com/Woody.Blair
Caro,Ponce,caro.ponce.927@facebook.com,"28 de Junio",https://www.facebook.com/caro.ponce.927,,,"Ciudad Autónoma de Buenos Aires","Buenos Aires",Argentina,1103123290,"Martín Álvarez BA I",https://www.facebook.com/Woody.Blair
Agustina,Andrada,agustina.andrada@facebook.com,"28 de Junio",https://www.facebook.com/agustina.andrada,30,,"Ciudad Autónoma de Buenos Aires","Buenos Aires",Argentina,1011471120,"Martín Álvarez BA I",https://www.facebook.com/Woody.Blair
Cecilia,Feijoo,cecilia.feijoo.1@facebook.com,"28 de Junio",https://www.facebook.com/cecilia.feijoo.1,29,,"Ciudad Autónoma de Buenos Aires","Buenos Aires",Argentina,525753635,"Martin Barrabes",
Ricardo,Neira,ricardo.n.vidal@facebook.com,"28 de Junio",https://www.facebook.com/ricardo.n.vidal,,,"Ciudad Autónoma de Buenos Aires","Buenos Aires",Argentina,615412290,"Martin Benitez",
Lucas,Peiró,lucas.peiro.3@facebook.com,"28 de Junio",https://www.facebook.com/lucas.peiro.3,,,"Ciudad Autónoma de Buenos Aires","Buenos Aires",Argentina,717541898,"Martin Menini",https://www.facebook.com/martin.menini
Santi,Bourdieu,santi.bourdieu@facebook.com,"28 de Junio",https://www.facebook.com/santi.bourdieu,,,"Ciudad Autónoma de Buenos Aires","Buenos Aires",Argentina,1048027861,"Martin Olmedo",
Belén,López,LopezLeli@facebook.com,"28 de Junio",https://www.facebook.com/LopezLeli,,,"Ciudad Autónoma de Buenos Aires","Buenos Aires",Argentina,1135571211,"Martin Olmedo",
Gaby,Campos,gaby.campos.83@facebook.com,"28 de Junio",https://www.facebook.com/gaby.campos.83,,,"Ciudad Autónoma de Buenos Aires","Buenos Aires",Argentina,1091497769,"Maru Bruni",
Juan,Rodríguez,juanmanu8@facebook.com,"28 de Junio",https://www.facebook.com/juanmanu8,25,,"Ciudad Autónoma de Buenos Aires","Buenos Aires",Argentina,841244267,"Matias Blas",https://www.facebook.com/Matias.Blas
Eritrovet,"Banco de Sangre",marianela.castillo.5891@facebook.com,"28 de Junio",https://www.facebook.com/marianela.castillo.5891,28,,"Ciudad Autónoma de Buenos Aires","Buenos Aires",Argentina,725197793,"Matias Daniel Pascual",
Inés,Cabanas,ines.cabanas.33@facebook.com,"28 de Junio",https://www.facebook.com/ines.cabanas.33,25,,"Ciudad Autónoma de Buenos Aires","Buenos Aires",Argentina,1113736465,"Mechi Abud",https://www.facebook.com/mechi.abud
Matias,Capriulo,matias.capriulo@facebook.com,"28 de Junio",https://www.facebook.com/matias.capriulo,25,,"Ciudad Autónoma de Buenos Aires","Buenos Aires",Argentina,728792921,"Mechi Abud",https://www.facebook.com/mechi.abud
Ludmila,"Alonso CH",ludmila.alonso.39@facebook.com,"28 de Junio",https://www.facebook.com/ludmila.alonso.39,,,"Ciudad Autónoma de Buenos Aires","Buenos Aires",Argentina,100000925958427,"Melanie Azar",
Florencia,Gatti,florero.gatti@facebook.com,"28 de Junio",https://www.facebook.com/florero.gatti,24,,"Ciudad Autónoma de Buenos Aires","Buenos Aires",Argentina,544569939,"Melina Piovano",https://www.facebook.com/melipiovano
Romina,Podlesch,romipodlesch@facebook.com,"28 de Junio",https://www.facebook.com/romipodlesch,28,,"Ciudad Autónoma de Buenos Aires","Buenos Aires",Argentina,708550006,"Melina Piovano",https://www.facebook.com/melipiovano
Maru,Dentone,maru.dentone@facebook.com,"28 de Junio",https://www.facebook.com/maru.dentone,,,"Ciudad Autónoma de Buenos Aires","Buenos Aires",Argentina,1181627236,"Melo Dellarole",https://www.facebook.com/melodellarole
Federico,Todoli,federico.todoli@facebook.com,"28 de Junio",https://www.facebook.com/federico.todoli,,,"Ciudad Autónoma de Buenos Aires","Buenos Aires",Argentina,536839778,"Melo Dellarole",https://www.facebook.com/melodellarole
Javier,"Ferro Matera",javier.ferromatera@facebook.com,"28 de Junio",https://www.facebook.com/javier.ferromatera,,,"Ciudad Autónoma de Buenos Aires","Buenos Aires",Argentina,1130483723,"Mery Noel Vidal ?ï?",
Candela,Fingeret,candelafingeret@facebook.com,"28 de Junio",https://www.facebook.com/candelafingeret,23,,"Ciudad Autónoma de Buenos Aires","Buenos Aires",Argentina,539959489,"Michelle Fingeret",https://www.facebook.com/michelle.fingeret
Fernando,Valiente,fernando.s.valiente@facebook.com,"28 de Junio",https://www.facebook.com/fernando.s.valiente,,"San Isidro","San Isidro","Buenos Aires",Argentina,1080740324,"Miqui Berriòs",https://www.facebook.com/miqui.berrios
Carolina,"del Prado",carolina.delprado.9@facebook.com,"28 de Junio",https://www.facebook.com/carolina.delprado.9,,,"Ciudad Autónoma de Buenos Aires","Buenos Aires",Argentina,1093417283,"Miqui Berriòs",https://www.facebook.com/miqui.berrios
Militta,Bora,@facebook.com,"28 de Junio",https://www.facebook.com/profile.php?id=1020023179,,,"Ciudad Autónoma de Buenos Aires","Buenos Aires",Argentina,1020023179,"Miqui Berriòs",https://www.facebook.com/miqui.berrios
Juan,Jcr,juancitovtec@facebook.com,"28 de Junio",https://www.facebook.com/juancitovtec,,"Villa Luro","Ciudad Autónoma de Buenos Aires","Buenos Aires",Argentina,1413069344,"Miranda Toderi",https://www.facebook.com/miranda.toderi
Cepoxipol,Azul,poxipolazul@facebook.com,"28 de Junio",https://www.facebook.com/poxipolazul,,,"Ciudad Autónoma de Buenos Aires","Buenos Aires",Argentina,1313807429,"Nadia Vannessa",https://www.facebook.com/nadiavannessa18
Janice,Balanian,janu.balanian@facebook.com,"28 de Junio",https://www.facebook.com/janu.balanian,,,"Ciudad Autónoma de Buenos Aires","Buenos Aires",Argentina,1172071032,"Nano Vaquer",
Josh,Raiman,josh.raiman@facebook.com,"28 de Junio",https://www.facebook.com/josh.raiman,24,,"Ciudad Autónoma de Buenos Aires","Buenos Aires",Argentina,1249673922,"Nano Vaquer",
Tatiana,"Putruele Nadotti",tatiana.putruelenadotti@facebook.com,"28 de Junio",https://www.facebook.com/tatiana.putruelenadotti,25,Olivos,Olivos,"Buenos Aires",Argentina,1017970223,"Nano Vaquer",
Vanesa,Colloca,vanesa.colloca.7@facebook.com,"28 de Junio",https://www.facebook.com/vanesa.colloca.7,29,,"Ciudad Autónoma de Buenos Aires","Buenos Aires",Argentina,1140861641,"Natalia Magariello",https://www.facebook.com/natalia.magariello
Carolina,Noriega,carolina.noriega.562@facebook.com,"28 de Junio",https://www.facebook.com/carolina.noriega.562,,,"Ciudad Autónoma de Buenos Aires","Buenos Aires",Argentina,1524125944,"Natalia Tarelli",
Sergio,Saravia,elprincipitodelanus@facebook.com,"28 de Junio",https://www.facebook.com/elprincipitodelanus,27,,"Ciudad Autónoma de Buenos Aires","Buenos Aires",Argentina,1075391504,"Natalia Tarelli",
Noelia,Moreira,Noesita@facebook.com,"28 de Junio",https://www.facebook.com/Noesita,,"Parque Chacabuco","Ciudad Autónoma de Buenos Aires","Distrito Federal",Argentina,1204760734,"Nazarena Sierra",
Wenchi,Beveraggi,wenchi.beveraggi@facebook.com,"28 de Junio",https://www.facebook.com/wenchi.beveraggi,,,"Ciudad Autónoma de Buenos Aires","Buenos Aires",Argentina,100002880483638,"Nico Mackinlay",
Martín,Humaran,martin.humaran@facebook.com,"28 de Junio",https://www.facebook.com/martin.humaran,24,,"Ciudad Autónoma de Buenos Aires","Buenos Aires",Argentina,781859520,"Nicolas Bacich",https://www.facebook.com/nicolas.bacich
Josefina,Marturano,josefina.marturano@facebook.com,"28 de Junio",https://www.facebook.com/josefina.marturano,25,,"Ciudad Autónoma de Buenos Aires","Buenos Aires",Argentina,1486160681,"Pablo Dandrea",https://www.facebook.com/pablo.dandrea
Adrian,Ofman,jdruni@facebook.com,"28 de Junio",https://www.facebook.com/jdruni,,"Buenos Aires","Buenos Aires","Buenos Aires",Argentina,668951349,"Pablo Resnik",0
Ari,Ghio,arieleg@facebook.com,"28 de Junio",https://www.facebook.com/arieleg,,,"Ciudad Autónoma de Buenos Aires","Buenos Aires",Argentina,596292048,"Pala Falguera",
Damiàn,Moriconi,damian.moriconi@facebook.com,"28 de Junio",https://www.facebook.com/damian.moriconi,25,,"Ciudad Autónoma de Buenos Aires","Buenos Aires",Argentina,1364753083,"Pamela Garrote",https://www.facebook.com/pamela.garrote
Matias,Alemani,matiasalemani@facebook.com,"28 de Junio",https://www.facebook.com/matiasalemani,,,"Ciudad Autónoma de Buenos Aires","Buenos Aires",Argentina,534121894,"Pato Pagano",https://www.facebook.com/pato.p111
"Brand On",Ospina,brandOnARTLoveHopeFaith@facebook.com,"28 de Junio",https://www.facebook.com/brandOnARTLoveHopeFaith,,,"Ciudad Autónoma de Buenos Aires","Buenos Aires",Argentina,1334860132,"Pato Pagano",https://www.facebook.com/pato.p111
Rene,Claure,rene.m.claure@facebook.com,"28 de Junio",https://www.facebook.com/rene.m.claure,,"Buenos Aires","Buenos Aires","Buenos Aires",Argentina,1625553229,"Patrick Fernando Kushner L",0
Eduardo,Nazrala,eduardo.nazrala@facebook.com,"28 de Junio",https://www.facebook.com/eduardo.nazrala,,"Buenos Aires","Buenos Aires","Buenos Aires",Argentina,557240013,"Patrick Fernando Kushner L",0
Martin,Cacibar,martin.cacibar@facebook.com,"28 de Junio",https://www.facebook.com/martin.cacibar,,"San Isidro","San Isidro","Buenos Aires",Argentina,1635632023,"Paula Castro",
Agus,Medina,kiki.terra@facebook.com,"28 de Junio",https://www.facebook.com/kiki.terra,29,"Bella Vista","Bella Vista","Buenos Aires",Argentina,557884873,"Paz Gonzalez",https://www.facebook.com/pachu.gonzalez
"Natura Palermo",Belgrano,Natura.Palermo.Recoleta.Belgrano@facebook.com,"28 de Junio",https://www.facebook.com/Natura.Palermo.Recoleta.Belgrano,28,,"Ciudad Autónoma de Buenos Aires","Buenos Aires",Argentina,100002375444945,"Poh Ly",https://www.facebook.com/pohoreyco
Gabriela,Paez,gaby.paez88@facebook.com,"28 de Junio",https://www.facebook.com/gaby.paez88,26,"Buenos Aires","Buenos Aires","Buenos Aires",Argentina,1388119959,"Rebe Gonzalez",0
Cata,Quintela,cata.quintela@facebook.com,"28 de Junio",https://www.facebook.com/cata.quintela,,,"Ciudad Autónoma de Buenos Aires","Buenos Aires",Argentina,590637965,"Rochi Christensen",https://www.facebook.com/rochi.christensen
Nicolas,Canale,nicolas.canale.739@facebook.com,"28 de Junio",https://www.facebook.com/nicolas.canale.739,23,,"Ciudad Autónoma de Buenos Aires","Buenos Aires",Argentina,739852646,"Rochi Christensen",https://www.facebook.com/rochi.christensen
Nicolás,Balbi,ocin77@facebook.com,"28 de Junio",https://www.facebook.com/ocin77,25,,"Ciudad Autónoma de Buenos Aires","Buenos Aires",Argentina,1089437721,"Rodrigo Alonso",https://www.facebook.com/rodrigojalonso
Max,Zant,max.zant@facebook.com,"28 de Junio",https://www.facebook.com/max.zant,,,"Ciudad Autónoma de Buenos Aires","Buenos Aires",Argentina,1032195613,"Romi Flores",
Malena,Espinosa,malena.espinosa@facebook.com,"28 de Junio",https://www.facebook.com/malena.espinosa,23,,"Ciudad Autónoma de Buenos Aires","Buenos Aires",Argentina,1256636168,"Romy Escudero",https://www.facebook.com/romina.escudero
Vero,Ivaldi,vero.ivaldi.7@facebook.com,"28 de Junio",https://www.facebook.com/vero.ivaldi.7,,,"Ciudad Autónoma de Buenos Aires","Buenos Aires",Argentina,100002103249178,"Romy Gutierrez Jaime",https://www.facebook.com/romygutierrezjaime
Cecy,Voytenco,chechu.voytenco@facebook.com,"28 de Junio",https://www.facebook.com/chechu.voytenco,,,"Ciudad Autónoma de Buenos Aires","Buenos Aires",Argentina,100001003684473,"Sabry Valenti",https://www.facebook.com/sabry.valenti
Mili,Imhoff,mili.imhoff@facebook.com,"28 de Junio",https://www.facebook.com/mili.imhoff,29,"San Isidro","San Isidro","Buenos Aires",Argentina,673655061,"Santiago Villanueva",https://www.facebook.com/santiago.villanueva
"Maria Liza","Malaspina Marich",marializa.malaspinamarich@facebook.com,"28 de Junio",https://www.facebook.com/marializa.malaspinamarich,23,,"Ciudad Autónoma de Buenos Aires","Buenos Aires",Argentina,1155010307,"Sele Raimundo",https://www.facebook.com/sele.raimundo
Meli,Trabuchi,meli.trabuchi@facebook.com,"28 de Junio",https://www.facebook.com/meli.trabuchi,,,"Ciudad Autónoma de Buenos Aires","Buenos Aires",Argentina,1536224626,"Sofía Barreira",https://www.facebook.com/sofia.barreiram
Santiago,Camaño,santicaman@facebook.com,"28 de Junio",https://www.facebook.com/santicaman,,,"Ciudad Autónoma de Buenos Aires","Buenos Aires",Argentina,669145499,"Sofía Barreira",https://www.facebook.com/sofia.barreiram
Negrita,Campatelli,negritadivina@facebook.com,"28 de Junio",https://www.facebook.com/negritadivina,,"Buenos Aires","Buenos Aires","Buenos Aires",Argentina,569480969,"Sofia Reinoso",0
Axel,Treyer,axel.treyer@facebook.com,"28 de Junio",https://www.facebook.com/axel.treyer,,,"Ciudad Autónoma de Buenos Aires","Buenos Aires",Argentina,100000606494331,"Sol Bettoni",
Maia,Crivolotti,maia.crivolotti@facebook.com,"28 de Junio",https://www.facebook.com/maia.crivolotti,24,,"Ciudad Autónoma de Buenos Aires","Buenos Aires",Argentina,811135163,"Tamara Arias",
Ayelén,Foulon,ayefoulon@facebook.com,"28 de Junio",https://www.facebook.com/ayefoulon,24,"Villa Del Parque","Ciudad Autónoma de Buenos Aires","Buenos Aires",Argentina,788022289,"Tamara Castillo",
Sol,Alvarez,sol.alvarez.5@facebook.com,"28 de Junio",https://www.facebook.com/sol.alvarez.5,25,,"Ciudad Autónoma de Buenos Aires","Buenos Aires",Argentina,100000048075554,"Tatiana Petroccelli",https://www.facebook.com/tanshanita
Nas,Ty,NastyLopezI@facebook.com,"28 de Junio",https://www.facebook.com/NastyLopezI,,,"Ciudad Autónoma de Buenos Aires","Buenos Aires",Argentina,1058208286,"Tatiana Petroccelli",https://www.facebook.com/tanshanita
Sil,Romano,sil.romano.9@facebook.com,"28 de Junio",https://www.facebook.com/sil.romano.9,22,,"Ciudad Autónoma de Buenos Aires","Buenos Aires",Argentina,100003094488388,"Tomi Rodriguez",
Tomas,Allande,tomas.allande@facebook.com,"28 de Junio",https://www.facebook.com/tomas.allande,,,"Ciudad Autónoma de Buenos Aires","Buenos Aires",Argentina,733987487,"Valentino Fabre",https://www.facebook.com/valenfabre
Olivia,Tedin,olivia.tedin@facebook.com,"28 de Junio",https://www.facebook.com/olivia.tedin,22,,"Ciudad Autónoma de Buenos Aires","Buenos Aires",Argentina,629795196,"Valentino Fabre",https://www.facebook.com/valenfabre
Juan,"Fernandez Saier",juan.fernandezsaier@facebook.com,"28 de Junio",https://www.facebook.com/juan.fernandezsaier,,,"Ciudad Autónoma de Buenos Aires","Buenos Aires",Argentina,1153436241,"Vanesa Macias",https://www.facebook.com/vanesa.macias1
Edith,Spontón,edith.sponton@facebook.com,"28 de Junio",https://www.facebook.com/edith.sponton,,,"Ciudad Autónoma de Buenos Aires","Buenos Aires",Argentina,1087541550,"Vanesa Marinich",https://www.facebook.com/vanesa.marinich
Marcelo,Saul,marcesaul28@facebook.com,"28 de Junio",https://www.facebook.com/marcesaul28,,,"Ciudad Autónoma de Buenos Aires","Buenos Aires",Argentina,788155640,"Vanesa Marinich",https://www.facebook.com/vanesa.marinich
Christian,Roberts,christian.roberts.7965@facebook.com,"28 de Junio",https://www.facebook.com/christian.roberts.7965,,,"Ciudad Autónoma de Buenos Aires","Buenos Aires",Argentina,1408033964,"Vanesa Myrna Ojeda",
Sabrina,Feijo,@facebook.com,"28 de Junio",https://www.facebook.com/profile.php?id=100005840567656,27,,"Ciudad Autónoma de Buenos Aires","Buenos Aires",Argentina,100005840567656,"Vanina Lopez Baroni",https://www.facebook.com/vaninalb
"Yoga EN Movimiento",Bioenergetica,yogacentros.deenergia@facebook.com,"28 de Junio",https://www.facebook.com/yogacentros.deenergia,,,"Ciudad Autónoma de Buenos Aires","Buenos Aires",Argentina,100000754893749,"Verónica Sebben",https://www.facebook.com/veronica.sebben
"Maria Laura",Monjo,marialaura.monjo@facebook.com,"28 de Junio",https://www.facebook.com/marialaura.monjo,,,"Ciudad Autónoma de Buenos Aires","Buenos Aires",Argentina,1231350258,"Vero Milione",https://www.facebook.com/vero.milione
Angie,Eom,ehr95@facebook.com,"28 de Junio",https://www.facebook.com/ehr95,,,"Ciudad Autónoma de Buenos Aires","Buenos Aires",Argentina,1128132065,"Vicky Diaz",
HyeRyeong,Eom,hrae95@facebook.com,"28 de Junio",https://www.facebook.com/hrae95,,,"Ciudad Autónoma de Buenos Aires","Buenos Aires",Argentina,100007943554424,"Vicky Diaz",
Joaco,Manfre,joaco.manfre@facebook.com,"28 de Junio",https://www.facebook.com/joaco.manfre,,,"Ciudad Autónoma de Buenos Aires","Buenos Aires",Argentina,100000021894407,"Victoria Casado",
Nicolas,Lehmann,nicolehmann88@facebook.com,"28 de Junio",https://www.facebook.com/nicolehmann88,26,,"Ciudad Autónoma de Buenos Aires","Buenos Aires",Argentina,698564821,"Walter Gonzalez",
Facundo,Saez,@facebook.com,"28 de Junio",https://www.facebook.com/profile.php?id=100004232987800,28,,"Ciudad Autónoma de Buenos Aires","Buenos Aires",Argentina,100004232987800,"Yani Nefes",https://www.facebook.com/yani.nefes
Nicolas,"Mellino Fotografia",nicolas.mellino.fotografia@facebook.com,"28 de Junio",https://www.facebook.com/nicolas.mellino.fotografia,29,Olivos,Olivos,"Buenos Aires",Argentina,682296965,"Yanina Battiato",
