Nombre,Apellido,"Email Facebook",Cumpleaños,"Usuario Facebook",Edad,Barrio,Ciudad,Provincia,Pais,"ID Facebook","Amigo De","Amigo De (Usuario)"
"Alfredo Ramón",González,alfredoramon.gonzalez@facebook.com,"08 de Julio",https://www.facebook.com/alfredoramon.gonzalez,31,Chacarita,"Ciudad Autónoma de Buenos Aires","Buenos Aires",Argentina,1295600800,"Lucas Alegre",
Agustina,Iturri,agustina.iturri.1@facebook.com,"08 de Julio",https://www.facebook.com/agustina.iturri.1,25,,"Ciudad Autónoma de Buenos Aires","Buenos Aires",Argentina,663791776,"Ezequiel Sebastian Berardi",https://www.facebook.com/EzErAsTa
Luis,Rosas,luis.rosas.1276@facebook.com,"08 de Julio",https://www.facebook.com/luis.rosas.1276,25,,"Ciudad Autónoma de Buenos Aires","Buenos Aires",Argentina,100001005537666,"Agustin De Pascali",https://www.facebook.com/agustin.depascali
Giorgio,Bono,giorgio.bono.9@facebook.com,"08 de Julio",https://www.facebook.com/giorgio.bono.9,,,"Ciudad Autónoma de Buenos Aires","Buenos Aires",Argentina,100002331983188,"Yasu Higa",
Cecilia,Campos,ceciliacamposs@facebook.com,"08 de Julio",https://www.facebook.com/ceciliacamposs,,,"Ciudad Autónoma de Buenos Aires","Buenos Aires",Argentina,1268203329,"Juan Manuel Fotografo",https://www.facebook.com/JuanmaJMFotoEstudio
Tatiana,"Millares Heintz",tatiana.millaresheintz@facebook.com,"08 de Julio",https://www.facebook.com/tatiana.millaresheintz,,,"Ciudad Autónoma de Buenos Aires","Buenos Aires",Argentina,1268431404,"Juan Manuel Fotografo",https://www.facebook.com/JuanmaJMFotoEstudio
Camila,Calivar,camilasarac@facebook.com,"08 de Julio",https://www.facebook.com/camilasarac,,"San Telmo","Ciudad Autónoma de Buenos Aires","Buenos Aires",Argentina,1574190784,"Camila Gonzalez C",https://www.facebook.com/letmerocknrollyou
Facundo,González,facundogonzalez7@facebook.com,"08 de Julio",https://www.facebook.com/facundogonzalez7,,,"Ciudad Autónoma de Buenos Aires","Buenos Aires",Argentina,1588072367,"Camila Gonzalez C",https://www.facebook.com/letmerocknrollyou
Fede,Crespo,crespofede1993@facebook.com,"08 de Julio",https://www.facebook.com/crespofede1993,,,"Ciudad Autónoma de Buenos Aires","Buenos Aires",Argentina,1196548579,"David Zalasar",https://www.facebook.com/Davidcocktails
Benjamin,Lorenzetti,benjamin.lorenzetti.3@facebook.com,"08 de Julio",https://www.facebook.com/benjamin.lorenzetti.3,,,"Ciudad Autónoma de Buenos Aires","Buenos Aires",Argentina,601791658,"Ornela G Cirigliano",https://www.facebook.com/floweringashtree
Blanqueria,Kolors,blanqueria.kolors@facebook.com,"08 de Julio",https://www.facebook.com/blanqueria.kolors,,,"Ciudad Autónoma de Buenos Aires","Buenos Aires",Argentina,100004024223331,"Leila Polonsky",https://www.facebook.com/leila.polonsky
Jose,Ledesma,jose.ledesma2@facebook.com,"08 de Julio",https://www.facebook.com/jose.ledesma2,25,,"Ciudad Autónoma de Buenos Aires","Buenos Aires",Argentina,1382777249,"Christian Douer Chuky",https://www.facebook.com/christian.chuky
Flavio,Peuzner,elfladepalermo@facebook.com,"08 de Julio",https://www.facebook.com/elfladepalermo,26,,"Ciudad Autónoma de Buenos Aires","Buenos Aires",Argentina,591694532,"Yanina Battiato",
Melissa,Alonso,melisalonso@facebook.com,"08 de Julio",https://www.facebook.com/melisalonso,,,"Ciudad Autónoma de Buenos Aires","Buenos Aires",Argentina,744910679,"Macarena Alonso Dumón",https://www.facebook.com/macarenaad
Andres,Zardain,andres.zardain@facebook.com,"08 de Julio",https://www.facebook.com/andres.zardain,32,,"Ciudad Autónoma de Buenos Aires","Buenos Aires",Argentina,1133379760,"Tia Lu",https://www.facebook.com/vivardo.lucia
Ninoska,Angulo,nina.angulo@facebook.com,"08 de Julio",https://www.facebook.com/nina.angulo,,,"Ciudad Autónoma de Buenos Aires","Buenos Aires",Argentina,1344432088,"Giiu Minniti",https://www.facebook.com/giiu.minniti
Smg,Promotoras,smg.promotoras.9@facebook.com,"08 de Julio",https://www.facebook.com/smg.promotoras.9,,,"Ciudad Autónoma de Buenos Aires","Buenos Aires",Argentina,100001572360159,"Romi Flores",
Rafael,Augier,rafael.augier@facebook.com,"08 de Julio",https://www.facebook.com/rafael.augier,,,"Ciudad Autónoma de Buenos Aires","Buenos Aires",Argentina,588257259,"Juani Luciani",https://www.facebook.com/ayjuancito83
Ivan,Buttarone,ivan.buttarone.7@facebook.com,"08 de Julio",https://www.facebook.com/ivan.buttarone.7,30,,"Ciudad Autónoma de Buenos Aires","Buenos Aires",Argentina,100008044394507,"Malvi Ovando",https://www.facebook.com/malvi.ovando
Marcos,Bowa,marcos.bowa@facebook.com,"08 de Julio",https://www.facebook.com/marcos.bowa,27,Coghlan,"Ciudad Autónoma de Buenos Aires","Buenos Aires",Argentina,1513703756,"Constanza Ramasco",https://www.facebook.com/constanza.ramasco
Tuki,Tavares,tuki.tavares@facebook.com,"08 de Julio",https://www.facebook.com/tuki.tavares,,Recoleta,"Ciudad Autónoma de Buenos Aires","Buenos Aires",Argentina,1297854666,"Francisco Klausner",https://www.facebook.com/francisco.klausner
SIlvia,Fruman,silvia.fruman@facebook.com,"08 de Julio",https://www.facebook.com/silvia.fruman,,,"Ciudad Autónoma de Buenos Aires","Buenos Aires",Argentina,1179648652,"Cecilia Weingardt",
May,Kiara,soii.maykiara.ladivinah@facebook.com,"08 de Julio",https://www.facebook.com/soii.maykiara.ladivinah,,,"Ciudad Autónoma de Buenos Aires","Buenos Aires",Argentina,100003189460250,"Brian Cano",
Rodrigo,Lapeña,rollape@facebook.com,"08 de Julio",https://www.facebook.com/rollape,,"Buenos Aires","Buenos Aires","Buenos Aires",Argentina,681877217,"Clara Nosiglia",0
Complementos,Dis,complementos.dis@facebook.com,"08 de Julio",https://www.facebook.com/complementos.dis,26,,"Ciudad Autónoma de Buenos Aires","Buenos Aires",Argentina,100003498909756,"Estefi Hilarza",https://www.facebook.com/estefi.hilarza
Jorge,Repetto,jorge.repetto@facebook.com,"08 de Julio",https://www.facebook.com/jorge.repetto,,,"Ciudad Autónoma de Buenos Aires","Buenos Aires",Argentina,1079990606,"Cesar Berdullas",https://www.facebook.com/cesar.berdullas
Ivan,Darsy,ivan.darsy@facebook.com,"08 de Julio",https://www.facebook.com/ivan.darsy,,,"Ciudad Autónoma de Buenos Aires","Buenos Aires",Argentina,655128440,"M Agustina Ciarla Quintana",https://www.facebook.com/magustina.quintana
Matias,Palacios,matias.palacios1@facebook.com,"08 de Julio",https://www.facebook.com/matias.palacios1,,,"Ciudad Autónoma de Buenos Aires","Buenos Aires",Argentina,1067027568,"Yanina Toto",https://www.facebook.com/yanina.toto
Dalila,Poggio,dalila.poggio@facebook.com,"08 de Julio",https://www.facebook.com/dalila.poggio,29,,"Ciudad Autónoma de Buenos Aires","Buenos Aires",Argentina,1244360888,"Sol Policastro",https://www.facebook.com/solangeforever
Lalo,Huber,lalo.huber@facebook.com,"08 de Julio",https://www.facebook.com/lalo.huber,,,"Ciudad Autónoma de Buenos Aires","Buenos Aires",Argentina,561472058,"Cecilia Di Gaeta",https://www.facebook.com/cecilia.digaeta
"Choc Choc",Manvel,pocoflor@facebook.com,"08 de Julio",https://www.facebook.com/pocoflor,,,"Ciudad Autónoma de Buenos Aires","Buenos Aires",Argentina,1105442901,"Brian Cano",
Artesanías,Patagónicas,artesanias.patagonicas.9@facebook.com,"08 de Julio",https://www.facebook.com/artesanias.patagonicas.9,29,,"Ciudad Autónoma de Buenos Aires","Buenos Aires",Argentina,100002589661940,"Daniela Ghilarducci",
Tamy,Artist,@facebook.com,"08 de Julio",https://www.facebook.com/profile.php?id=100005731174679,25,,"Ciudad Autónoma de Buenos Aires","Buenos Aires",Argentina,100005731174679,"Tatiana Petroccelli",https://www.facebook.com/tanshanita
Julieta,Negri,julieta.negri.7@facebook.com,"08 de Julio",https://www.facebook.com/julieta.negri.7,29,,"Ciudad Autónoma de Buenos Aires","Buenos Aires",Argentina,747789227,"Belu Pagliettini",https://www.facebook.com/belu.pagliettini
Braian,Luna,braiancrluna@facebook.com,"08 de Julio",https://www.facebook.com/braiancrluna,,,"Ciudad Autónoma de Buenos Aires","Buenos Aires",Argentina,1507755758,"Belen Argarate",https://www.facebook.com/belen.argarate
Martin,Ferrari,ferrari.martin.92@facebook.com,"08 de Julio",https://www.facebook.com/ferrari.martin.92,,,"Ciudad Autónoma de Buenos Aires","Buenos Aires",Argentina,1504147179,"Ariel Rivera",
Diego,Crudo,diegocaporiver@facebook.com,"08 de Julio",https://www.facebook.com/diegocaporiver,25,,"Ciudad Autónoma de Buenos Aires","Buenos Aires",Argentina,1011805881,"Tomas Zocca",https://www.facebook.com/tomyzocca
Iara,Loncon,iara.loncon.5@facebook.com,"08 de Julio",https://www.facebook.com/iara.loncon.5,,,"Ciudad Autónoma de Buenos Aires","Buenos Aires",Argentina,100006518779471,"Piltra Toller",https://www.facebook.com/piltra
Tincho,Caggiano,tincho.caggiano@facebook.com,"08 de Julio",https://www.facebook.com/tincho.caggiano,,,"Ciudad Autónoma de Buenos Aires","Buenos Aires",Argentina,1084988724,"Johii Fim",https://www.facebook.com/johii.fim
Tatiana,Berghmans,tatucarreta@facebook.com,"08 de Julio",https://www.facebook.com/tatucarreta,26,,"Ciudad Autónoma de Buenos Aires","Buenos Aires",Argentina,550770457,"Juan José Merino Cagnones",https://www.facebook.com/jmerinocagnones
Tomi,Carullo,tomi.carullo@facebook.com,"08 de Julio",https://www.facebook.com/tomi.carullo,,,"Ciudad Autónoma de Buenos Aires","Buenos Aires",Argentina,1445464888,"Fátima Belén Zárate",
Luu,Rosani,Larosani@facebook.com,"08 de Julio",https://www.facebook.com/Larosani,,,"Ciudad Autónoma de Buenos Aires","Buenos Aires",Argentina,1568526121,"Cristian Andres Romano",
"Natalia Silvia",Astrada,natalia.astrada.5@facebook.com,"08 de Julio",https://www.facebook.com/natalia.astrada.5,,,"Ciudad Autónoma de Buenos Aires","Buenos Aires",Argentina,558371183,"Babi Linares",https://www.facebook.com/babi.linares
Vanu,Caamaño,vanu.caamano@facebook.com,"08 de Julio",https://www.facebook.com/vanu.caamano,25,,"Ciudad Autónoma de Buenos Aires","Buenos Aires",Argentina,100003918401201,"Julian Pagana",
Clara,Piscicelli,clara.piscicelli@facebook.com,"08 de Julio",https://www.facebook.com/clara.piscicelli,26,,"Ciudad Autónoma de Buenos Aires","Buenos Aires",Argentina,657346213,"Santi Osterc",https://www.facebook.com/santiosterc
Alejandra,Campbell,alejandra.campbell@facebook.com,"08 de Julio",https://www.facebook.com/alejandra.campbell,34,,"Ciudad Autónoma de Buenos Aires","Buenos Aires",Argentina,658806657,"Cuadra Vicky",
Tamii,Miranda,tamara.miranda.923@facebook.com,"08 de Julio",https://www.facebook.com/tamara.miranda.923,,,"Ciudad Autónoma de Buenos Aires","Buenos Aires",Argentina,100004128331664,"Pedro Lopezyfernandez",https://www.facebook.com/pedronahuel
Lorena,Sued,lorena.sued.7@facebook.com,"08 de Julio",https://www.facebook.com/lorena.sued.7,32,,"Ciudad Autónoma de Buenos Aires","Buenos Aires",Argentina,531492301,"Mariana Aris",https://www.facebook.com/mariana.aris
Cinthia,Arzamendia,carzamendia@facebook.com,"08 de Julio",https://www.facebook.com/carzamendia,31,,"Ciudad Autónoma de Buenos Aires","Buenos Aires",Argentina,602827102,"Albana Ramognini",https://www.facebook.com/albana.ramognini
Fran,Percamilli,fran.percamilli@facebook.com,"08 de Julio",https://www.facebook.com/fran.percamilli,37,,"Ciudad Autónoma de Buenos Aires","Buenos Aires",Argentina,785684390,"Claudio Arias",https://www.facebook.com/clautrance
Martin,"Palacios Anchorena",martin.palaciosanchorena@facebook.com,"08 de Julio",https://www.facebook.com/martin.palaciosanchorena,,,"Ciudad Autónoma de Buenos Aires","Buenos Aires",Argentina,1357394683,"Aline Vilches",
Christian,Weimer,christian.weimer@facebook.com,"08 de Julio",https://www.facebook.com/christian.weimer,,,"Ciudad Autónoma de Buenos Aires","Buenos Aires",Argentina,840013669,"Chechu Acea",
Enzo,Coluccio,enzo.coluccio.35@facebook.com,"08 de Julio",https://www.facebook.com/enzo.coluccio.35,,"Buenos Aires","Buenos Aires","Buenos Aires",Argentina,775749160,"Peter GC",0
Mariana,"Leon Echevarria",mariana.leonechevarria@facebook.com,"08 de Julio",https://www.facebook.com/mariana.leonechevarria,,,"Ciudad Autónoma de Buenos Aires","Buenos Aires",Argentina,1366633135,"Aline Vilches",
Jorge,Espinosa,VySDIGITAL@facebook.com,"08 de Julio",https://www.facebook.com/VySDIGITAL,,,"Ciudad Autónoma de Buenos Aires","Buenos Aires",Argentina,1371166377,"Aline Vilches",
Nacho,Biondi,nacho.biondi@facebook.com,"08 de Julio",https://www.facebook.com/nacho.biondi,28,,"Ciudad Autónoma de Buenos Aires","Buenos Aires",Argentina,1080014240,"Maria Lucila Quarleri",https://www.facebook.com/maria.quarleri
Agustín,Borrelli,agustin.borrelli.1@facebook.com,"08 de Julio",https://www.facebook.com/agustin.borrelli.1,,,"Ciudad Autónoma de Buenos Aires","Buenos Aires",Argentina,1008619769,"Cristian Andres Romano",
Fernando,Nuñez,fernando.nunez.3762@facebook.com,"08 de Julio",https://www.facebook.com/fernando.nunez.3762,,,"Ciudad Autónoma de Buenos Aires","Buenos Aires",Argentina,1334413358,"Gonza Gonzalez",
Pepi,Diez,pepi.diez.7@facebook.com,"08 de Julio",https://www.facebook.com/pepi.diez.7,26,,"Ciudad Autónoma de Buenos Aires","Buenos Aires",Argentina,775818255,"Belu Pagliettini",https://www.facebook.com/belu.pagliettini
Esteban,Maestripieri,esteban.maestripieri@facebook.com,"08 de Julio",https://www.facebook.com/esteban.maestripieri,26,,"Ciudad Autónoma de Buenos Aires","Buenos Aires",Argentina,1078010943,"Lucia Marti",https://www.facebook.com/luli.marti
Joel,Drut,joel.drut@facebook.com,"08 de Julio",https://www.facebook.com/joel.drut,29,,"Ciudad Autónoma de Buenos Aires","Buenos Aires",Argentina,585902847,"Cami Papiccio",https://www.facebook.com/cami.papiccio
Marcos,Orzábal,marcos.orzabal@facebook.com,"08 de Julio",https://www.facebook.com/marcos.orzabal,26,,"Ciudad Autónoma de Buenos Aires","Buenos Aires",Argentina,634740834,"Barby Lanata",https://www.facebook.com/barby.lanata
Guido,Pisanu,guido.pisanu.7@facebook.com,"08 de Julio",https://www.facebook.com/guido.pisanu.7,,"Buenos Aires","Buenos Aires","Buenos Aires",Argentina,100003701737059,"Leo LugÓn",0
Santiago,Chittaro,My.Sushi.Bs.As@facebook.com,"08 de Julio",https://www.facebook.com/My.Sushi.Bs.As,30,,"Ciudad Autónoma de Buenos Aires","Buenos Aires",Argentina,100000446015464,"Vanesa Myrna Ojeda",
Nadia,Ruiz,nadia.ruiz.3726@facebook.com,"08 de Julio",https://www.facebook.com/nadia.ruiz.3726,31,,"Ciudad Autónoma de Buenos Aires","Buenos Aires",Argentina,1403748792,"Sol Policastro",https://www.facebook.com/solangeforever
"Talía Paula",Vega,TaliaPaula@facebook.com,"08 de Julio",https://www.facebook.com/TaliaPaula,,,"Ciudad Autónoma de Buenos Aires","Buenos Aires",Argentina,1334530575,"Bë Döbiencita",https://www.facebook.com/be.dobiencita
Mono,Bubba,mono.bubba.3@facebook.com,"08 de Julio",https://www.facebook.com/mono.bubba.3,37,,"Ciudad Autónoma de Buenos Aires","Buenos Aires",Argentina,100006215142596,"Evangelina Araoz",https://www.facebook.com/evangelina.araoz
Nohely,Ponte,nohely.ponte@facebook.com,"08 de Julio",https://www.facebook.com/nohely.ponte,26,,"Ciudad Autónoma de Buenos Aires","Buenos Aires",Argentina,611811486,"Natalia Tarelli",
Pocho,Soler,PRXMMNT@facebook.com,"08 de Julio",https://www.facebook.com/PRXMMNT,,,"Ciudad Autónoma de Buenos Aires","Buenos Aires",Argentina,1375104037,"Franco Marcoccia",https://www.facebook.com/franco.marcoccia
Sofi,"Ponce Martinez",sofi.poncemartinez@facebook.com,"08 de Julio",https://www.facebook.com/sofi.poncemartinez,,,"Ciudad Autónoma de Buenos Aires","Buenos Aires",Argentina,100001884783693,"Gianfranco Ferrati",
Augusto,Alvarez,augusto.jazz.3@facebook.com,"08 de Julio",https://www.facebook.com/augusto.jazz.3,32,,"Ciudad Autónoma de Buenos Aires","Buenos Aires",Argentina,100001015355320,"Aldana Queirolo",https://www.facebook.com/aldana.queirolo
Gonzalo,Balcarce,GonzaloBalcarce@facebook.com,"08 de Julio",https://www.facebook.com/GonzaloBalcarce,26,,"Ciudad Autónoma de Buenos Aires","Buenos Aires",Argentina,1131182637,"Carlos Wilson",
Charly,Defiori,carlosdanieldefiori@facebook.com,"08 de Julio",https://www.facebook.com/carlosdanieldefiori,26,,"Ciudad Autónoma de Buenos Aires","Buenos Aires",Argentina,100000732157378,"Nadia Denise",
Elisa,Agüero,elisa.aguero@facebook.com,"08 de Julio",https://www.facebook.com/elisa.aguero,32,,"Ciudad Autónoma de Buenos Aires","Buenos Aires",Argentina,1635636061,"Alejandro Cocktila Acosta",https://www.facebook.com/alejandro.acosta
Gualá,Diseño,giselle.lasala.12@facebook.com,"08 de Julio",https://www.facebook.com/giselle.lasala.12,25,,"Ciudad Autónoma de Buenos Aires","Buenos Aires",Argentina,100006696823859,"Sele Raimundo",https://www.facebook.com/sele.raimundo
Juan,Stillo,juan.stillo@facebook.com,"08 de Julio",https://www.facebook.com/juan.stillo,,,"Ciudad Autónoma de Buenos Aires","Buenos Aires",Argentina,667517238,"M Agustina Ciarla Quintana",https://www.facebook.com/magustina.quintana
Promobooks,Argentina,promobooks.argentina@facebook.com,"08 de Julio",https://www.facebook.com/promobooks.argentina,26,,"Ciudad Autónoma de Buenos Aires","Buenos Aires",Argentina,100000735924391,"Nadia Denise",
Cecilia,Luna,cecilia.luna.9085@facebook.com,"08 de Julio",https://www.facebook.com/cecilia.luna.9085,33,,"Ciudad Autónoma de Buenos Aires","Buenos Aires",Argentina,706369593,"Mercedes Cataldi",https://www.facebook.com/mercedes.cataldi
Naty,Castro,naty.castro.908@facebook.com,"08 de Julio",https://www.facebook.com/naty.castro.908,33,,"Ciudad Autónoma de Buenos Aires","Buenos Aires",Argentina,522696178,"Julian Pagana",
Nicolás,Camarasa,ncamarasa@facebook.com,"08 de Julio",https://www.facebook.com/ncamarasa,37,,"Ciudad Autónoma de Buenos Aires","Buenos Aires",Argentina,1303623272,"Vale Piedra",https://www.facebook.com/Valepiedra
Isabel,Laharrague,isabel.laharrague@facebook.com,"08 de Julio",https://www.facebook.com/isabel.laharrague,33,,"Ciudad Autónoma de Buenos Aires","Buenos Aires",Argentina,738115158,"Federico Piegas",https://www.facebook.com/FedericoPiegas
Marcos,Salas,salitasmarcos@facebook.com,"08 de Julio",https://www.facebook.com/salitasmarcos,,,"Ciudad Autónoma de Buenos Aires","Buenos Aires",Argentina,537022312,"Antoine Cornudet",
Martín,Bohm,marto.bohm@facebook.com,"08 de Julio",https://www.facebook.com/marto.bohm,,,"Ciudad Autónoma de Buenos Aires","Buenos Aires",Argentina,743069595,"Eve Schiera",
Federico,Bleicher,fede.bleicher@facebook.com,"08 de Julio",https://www.facebook.com/fede.bleicher,,"Buenos Aires","Buenos Aires","Buenos Aires",Argentina,731207610,"Clara Nosiglia",0
Laura,Sosa,leoiseaumouche@facebook.com,"08 de Julio",https://www.facebook.com/leoiseaumouche,,Colegiales,"Ciudad Autónoma de Buenos Aires","Buenos Aires",Argentina,650898059,"Dani Escala",https://www.facebook.com/danielaescala
Matias,Gheggi,@facebook.com,"08 de Julio",https://www.facebook.com/profile.php?id=1074525867,26,Boedo,"Ciudad Autónoma de Buenos Aires","Buenos Aires",Argentina,1074525867,"Romi Flores",
Juan,Tortarolo,juan.tortarolo@facebook.com,"08 de Julio",https://www.facebook.com/juan.tortarolo,,,"Ciudad Autónoma de Buenos Aires","Buenos Aires",Argentina,675393233,"Ariel Villarreal",
Jesica,Castrege,jesica.castrege@facebook.com,"08 de Julio",https://www.facebook.com/jesica.castrege,30,,"Ciudad Autónoma de Buenos Aires","Buenos Aires",Argentina,100000112638103,"Pablo Bravo",
Mauge,Corna,mauge.corna@facebook.com,"08 de Julio",https://www.facebook.com/mauge.corna,,,"Ciudad Autónoma de Buenos Aires","Buenos Aires",Argentina,679727307,"Li-ly Rojas",https://www.facebook.com/serena1968
Annette,N,annettepanama@facebook.com,"08 de Julio",https://www.facebook.com/annettepanama,,"Buenos Aires","Buenos Aires","Buenos Aires",Argentina,1736686751,"Leo LugÓn",0
Tomas,Beraja,tomas.beraja@facebook.com,"08 de Julio",https://www.facebook.com/tomas.beraja,28,,"Ciudad Autónoma de Buenos Aires","Buenos Aires",Argentina,713265683,"Rocio Marquez",
Johanna,Vales,johanna.vales@facebook.com,"08 de Julio",https://www.facebook.com/johanna.vales,27,"Buenos Aires","Buenos Aires","Buenos Aires",Argentina,1003776257,"Alejandro Dixon",0
"Licenciado Chaparron",Bonaparte,matiasfederico.perezmartin@facebook.com,"08 de Julio",https://www.facebook.com/matiasfederico.perezmartin,,,"Ciudad Autónoma de Buenos Aires","Buenos Aires",Argentina,682767678,"Li-ly Rojas",https://www.facebook.com/serena1968
Ti,Ni,Agus.bascialla@facebook.com,"08 de Julio",https://www.facebook.com/Agus.bascialla,28,,"Ciudad Autónoma de Buenos Aires","Buenos Aires",Argentina,1259827797,"Tomas Ini",
Agus,Litt,agus.litt@facebook.com,"08 de Julio",https://www.facebook.com/agus.litt,26,,"Ciudad Autónoma de Buenos Aires","Buenos Aires",Argentina,611955713,"Cami Maranessi",https://www.facebook.com/cami.maranessi
Mely,MG,yanel.m.g.z@facebook.com,"08 de Julio",https://www.facebook.com/yanel.m.g.z,31,,"Ciudad Autónoma de Buenos Aires","Buenos Aires",Argentina,100000744622838,"Camila Perelló",https://www.facebook.com/camiperello
Beat,Mgmt,beat.mgmt@facebook.com,"08 de Julio",https://www.facebook.com/beat.mgmt,30,"Buenos Aires","Buenos Aires","Buenos Aires",Argentina,100005463614212,"Leo LugÓn",0
Yanii,Bonelli,Yanii.bonelli@facebook.com,"08 de Julio",https://www.facebook.com/Yanii.bonelli,,"Villa Pueyrredón","Ciudad Autónoma de Buenos Aires","Distrito Federal",Argentina,1370775637,"Brian Cano",
Graciela,Vazquez,graciela.vazquez.9275@facebook.com,"08 de Julio",https://www.facebook.com/graciela.vazquez.9275,37,,"Ciudad Autónoma de Buenos Aires","Buenos Aires",Argentina,100005642733828,"Julio Bittancourt",https://www.facebook.com/jbittancourt
Belen,Moreno,belen.moreno.589@facebook.com,"08 de Julio",https://www.facebook.com/belen.moreno.589,,,"Ciudad Autónoma de Buenos Aires","Buenos Aires",Argentina,1389733877,"Ale Cabas",https://www.facebook.com/AleCabas
Ailuu,Torres,ailuuLt@facebook.com,"08 de Julio",https://www.facebook.com/ailuuLt,,,"Ciudad Autónoma de Buenos Aires","Buenos Aires",Argentina,1492661868,"Ale Arias Mandarine Park",
Martin,Trongé,martin.tronge@facebook.com,"08 de Julio",https://www.facebook.com/martin.tronge,31,,"Ciudad Autónoma de Buenos Aires","Buenos Aires",Argentina,670396754,"Rocío Martínez",https://www.facebook.com/rochi.belen
Vicky,Terca,vicky.bordon.3@facebook.com,"08 de Julio",https://www.facebook.com/vicky.bordon.3,25,"Villa Del Parque","Ciudad Autónoma de Buenos Aires","Buenos Aires",Argentina,1250906060,"Gastón Alejandro Di Lella",https://www.facebook.com/gastondilella
Mujer,Chamana,@facebook.com,"08 de Julio",https://www.facebook.com/profile.php?id=100006924138386,34,,"Ciudad Autónoma de Buenos Aires","Buenos Aires",Argentina,100006924138386,"Monica Trigila",https://www.facebook.com/monica.trigila
Andres,Jalile,andres.jalile@facebook.com,"08 de Julio",https://www.facebook.com/andres.jalile,29,,"Ciudad Autónoma de Buenos Aires","Buenos Aires",Argentina,100005865122225,"Cecilia Martinez Etchevers",https://www.facebook.com/ceciliaetc
Nutricionalesshop,Suplementos,nutricionalesshop@facebook.com,"08 de Julio",https://www.facebook.com/nutricionalesshop,25,,"Ciudad Autónoma de Buenos Aires","Buenos Aires",Argentina,100006963150915,"Maria Paula Toyos",
Fernando,Anaut,feranaut@facebook.com,"08 de Julio",https://www.facebook.com/feranaut,26,,"Ciudad Autónoma de Buenos Aires","Buenos Aires",Argentina,747079086,"Sebastian Zarate",
"José María","Kokubu Munzón",kokubu@facebook.com,"08 de Julio",https://www.facebook.com/kokubu,,,"Ciudad Autónoma de Buenos Aires","Buenos Aires",Argentina,1581615589,"Daniel Arbol",https://www.facebook.com/darbol1
"Maria Cristina",Espiña,mariacristina.espina.3@facebook.com,"08 de Julio",https://www.facebook.com/mariacristina.espina.3,,,"Ciudad Autónoma de Buenos Aires","Buenos Aires",Argentina,100001245226776,"Alicia Kosem",https://www.facebook.com/alicia.kosem
Augusto,Aponte,tutoaponte@facebook.com,"08 de Julio",https://www.facebook.com/tutoaponte,25,,"Ciudad Autónoma de Buenos Aires","Buenos Aires",Argentina,760674551,"Laura Maria Puerta Sierra",https://www.facebook.com/lauralaprincesa
Chicho,"Sirna Delli Quadri",chichosirna@facebook.com,"08 de Julio",https://www.facebook.com/chichosirna,,,"Ciudad Autónoma de Buenos Aires","Buenos Aires",Argentina,100000563383783,"Carolina Damiano",https://www.facebook.com/carolina.damiano
Ale,"Rodriguez Moreno",ale.rodriguez456@facebook.com,"08 de Julio",https://www.facebook.com/ale.rodriguez456,,,"Ciudad Autónoma de Buenos Aires","Buenos Aires",Argentina,737421983,"Daniela Sevilla",
Lookeame,Lookeame,lookeame.lookeame@facebook.com,"08 de Julio",https://www.facebook.com/lookeame.lookeame,34,,"Ciudad Autónoma de Buenos Aires","Buenos Aires",Argentina,100006432754679,"Silvana Garcia Marciafava",https://www.facebook.com/silvana.marciafava
Nachi,Battistino,nachi.battistino@facebook.com,"08 de Julio",https://www.facebook.com/nachi.battistino,,,"Ciudad Autónoma de Buenos Aires","Buenos Aires",Argentina,776038045,"Romina Toller",
Sole,Manco,sole.manco@facebook.com,"08 de Julio",https://www.facebook.com/sole.manco,30,,"Ciudad Autónoma de Buenos Aires","Buenos Aires",Argentina,642225360,"Martin Barrabes",
Rodo,Castaño,kubikcumples@facebook.com,"08 de Julio",https://www.facebook.com/kubikcumples,,,"Ciudad Autónoma de Buenos Aires","Buenos Aires",Argentina,1636060453,"Vicky Diaz",
Natalia,Vera,natalia.vera@facebook.com,"08 de Julio",https://www.facebook.com/natalia.vera,,,"Ciudad Autónoma de Buenos Aires","Buenos Aires",Argentina,1296570217,"Christian Douer Chuky",https://www.facebook.com/christian.chuky
Mariano,Gerbino,mariano.gerbino@facebook.com,"08 de Julio",https://www.facebook.com/mariano.gerbino,37,,"Ciudad Autónoma de Buenos Aires","Buenos Aires",Argentina,530092956,"Maria Lucila Quarleri",https://www.facebook.com/maria.quarleri
Martin,Hansen,martin.hansen.56808@facebook.com,"08 de Julio",https://www.facebook.com/martin.hansen.56808,29,,"Ciudad Autónoma de Buenos Aires","Buenos Aires",Argentina,664766354,"Juani Luciani",https://www.facebook.com/ayjuancito83
Eduardo,Albarracin,cyberedal@facebook.com,"08 de Julio",https://www.facebook.com/cyberedal,,,"Ciudad Autónoma de Buenos Aires","Buenos Aires",Argentina,1395979516,"Miqui Berriòs",https://www.facebook.com/miqui.berrios
Residencia,To,residencia.to@facebook.com,"08 de Julio",https://www.facebook.com/residencia.to,36,,"Ciudad Autónoma de Buenos Aires","Buenos Aires",Argentina,100001921260229,"Gisela Tesei",
Luisa,Vott,LuisaVott@facebook.com,"08 de Julio",https://www.facebook.com/LuisaVott,26,,"Ciudad Autónoma de Buenos Aires","Buenos Aires",Argentina,721114854,"Lucía Lopez Aleman",https://www.facebook.com/marialucialopezaleman
Nanny,Sook,nanny.sook@facebook.com,"08 de Julio",https://www.facebook.com/nanny.sook,28,,"Ciudad Autónoma de Buenos Aires","Buenos Aires",Argentina,100006553876347,"Natalia Vaccaro",
Piluncha,Martinez,pilar.martinez.359@facebook.com,"08 de Julio",https://www.facebook.com/pilar.martinez.359,,,"Ciudad Autónoma de Buenos Aires","Buenos Aires",Argentina,1101621149,"Fernando Olner Cupayolo",https://www.facebook.com/fernando.cupayolo
Martin,"Di Laudo",martin.dilaudo@facebook.com,"08 de Julio",https://www.facebook.com/martin.dilaudo,,,"Ciudad Autónoma de Buenos Aires","Buenos Aires",Argentina,1551206616,"Guido Moncayo",https://www.facebook.com/guido.moncayo
"Lic Lucas",Tenreyro,Lucas.Iguana@facebook.com,"08 de Julio",https://www.facebook.com/Lucas.Iguana,,,"Ciudad Autónoma de Buenos Aires","Buenos Aires",Argentina,724740698,"Lucía Lopez Aleman",https://www.facebook.com/marialucialopezaleman
Gonzalo,Gaston,gonzalogaston.martinez.5@facebook.com,"08 de Julio",https://www.facebook.com/gonzalogaston.martinez.5,31,,"Ciudad Autónoma de Buenos Aires","Buenos Aires",Argentina,1439264545,"Ruben Pacora",https://www.facebook.com/ruben.pacora
Flavia,Martins,@facebook.com,"08 de Julio",https://www.facebook.com/profile.php?id=100007538561705,31,,"Ciudad Autónoma de Buenos Aires","Buenos Aires",Argentina,100007538561705,"Jobs Bar",https://www.facebook.com/jobsbar
Emiliano,Martin,emiliano.f.martin@facebook.com,"08 de Julio",https://www.facebook.com/emiliano.f.martin,37,,"Ciudad Autónoma de Buenos Aires","Buenos Aires",Argentina,724298996,"Jimena Zaccardi",https://www.facebook.com/Jimediab
"Guadalupe Lostra",Miquelarena,guadalupelostra.miquelarena@facebook.com,"08 de Julio",https://www.facebook.com/guadalupelostra.miquelarena,,,"Ciudad Autónoma de Buenos Aires","Buenos Aires",Argentina,1048311538,"Pala Falguera",
Alejandro,Chrononaut,z1loG@facebook.com,"08 de Julio",https://www.facebook.com/z1loG,,,"Ciudad Autónoma de Buenos Aires","Buenos Aires",Argentina,594017405,"Andrea Badani",https://www.facebook.com/andrea.badani
Radhakunda,"Diseño de Modas",radhakunda.disenodemodas@facebook.com,"08 de Julio",https://www.facebook.com/radhakunda.disenodemodas,36,,"Ciudad Autónoma de Buenos Aires","Buenos Aires",Argentina,100000723004844,"Marina Castagnino",https://www.facebook.com/castagnino
"Cristian Emanuel",Collado,colladocristian@facebook.com,"08 de Julio",https://www.facebook.com/colladocristian,29,,"Ciudad Autónoma de Buenos Aires","Buenos Aires",Argentina,1092666230,"Carlina Piedra",https://www.facebook.com/carlina.piedra
Tato,Araoz,tatoaraoz@facebook.com,"08 de Julio",https://www.facebook.com/tatoaraoz,,,"Ciudad Autónoma de Buenos Aires","Buenos Aires",Argentina,563134931,"Aylu Macchi",
Alberto,Kim,alberto.kim.73@facebook.com,"08 de Julio",https://www.facebook.com/alberto.kim.73,31,"Buenos Aires","Buenos Aires","Buenos Aires",Argentina,560821775,"Alan Yun",0
Marcos,Mascherano,marcos.mascherano@facebook.com,"08 de Julio",https://www.facebook.com/marcos.mascherano,,,"Ciudad Autónoma de Buenos Aires","Buenos Aires",Argentina,100001246662062,"Silvia Mesa Fernandez",https://www.facebook.com/silvia.mesafernandez
Corel,Millán,corel.millan@facebook.com,"08 de Julio",https://www.facebook.com/corel.millan,37,,"Ciudad Autónoma de Buenos Aires","Buenos Aires",Argentina,1307559430,"Melanie Azar",
Elias,Bayon,elias.bayon@facebook.com,"08 de Julio",https://www.facebook.com/elias.bayon,37,,"Ciudad Autónoma de Buenos Aires","Buenos Aires",Argentina,1312056581,"Melanie Azar",
Render,Banda,render.banda.7@facebook.com,"08 de Julio",https://www.facebook.com/render.banda.7,,,"Ciudad Autónoma de Buenos Aires","Buenos Aires",Argentina,100000644741560,"Giiu Minniti",https://www.facebook.com/giiu.minniti
Sol,Alvarez,@facebook.com,"08 de Julio",https://www.facebook.com/profile.php?id=658059941,28,,"Ciudad Autónoma de Buenos Aires","Buenos Aires",Argentina,658059941,"Betania Rodriguez Lamaison",https://www.facebook.com/betaniarl
Ramiro,Argüelles,ramiro.arguelles@facebook.com,"08 de Julio",https://www.facebook.com/ramiro.arguelles,25,,"Ciudad Autónoma de Buenos Aires","Buenos Aires",Argentina,837310512,"Mariana Sparks",
Juan,"Rey Orellana",juanisimo.reyorellana@facebook.com,"08 de Julio",https://www.facebook.com/juanisimo.reyorellana,,"Buenos Aires","Buenos Aires","Buenos Aires",Argentina,1112122200,"Camila Romano",0
Quillen,Fackelmann,quillen.fackelmann@facebook.com,"08 de Julio",https://www.facebook.com/quillen.fackelmann,,,"Ciudad Autónoma de Buenos Aires","Buenos Aires",Argentina,100000089696828,"Fernando Velcic",https://www.facebook.com/fernando.velcic
Guillermo,Tella,guillermo.tella@facebook.com,"08 de Julio",https://www.facebook.com/guillermo.tella,,,"Ciudad Autónoma de Buenos Aires","Buenos Aires",Argentina,100000080505343,"Martin Menini",https://www.facebook.com/martin.menini
Fernando,Barmat,fernando.barmat@facebook.com,"08 de Julio",https://www.facebook.com/fernando.barmat,30,"Buenos Aires","Buenos Aires","Buenos Aires",Argentina,1052924482,"Gaston Vilalta",0
Nunca,Nadie,NuncaNadieNunca@facebook.com,"08 de Julio",https://www.facebook.com/NuncaNadieNunca,,,"Ciudad Autónoma de Buenos Aires","Buenos Aires",Argentina,538255075,"Paula Otálvaro",https://www.facebook.com/paula.otalvaro
Luna,"de Belu",lunadebelu@facebook.com,"08 de Julio",https://www.facebook.com/lunadebelu,25,,"Ciudad Autónoma de Buenos Aires","Buenos Aires",Argentina,100003752875138,"Brenda Fabregat",https://www.facebook.com/brenda.fabregat
Jakob,Plessen,jakob.plessen@facebook.com,"08 de Julio",https://www.facebook.com/jakob.plessen,34,,"Ciudad Autónoma de Buenos Aires","Buenos Aires",Argentina,602195299,"Marilina Lagomarsino",https://www.facebook.com/marilina.lagomarsino
Omar,Gasió,omar.gasio@facebook.com,"08 de Julio",https://www.facebook.com/omar.gasio,26,,"Ciudad Autónoma de Buenos Aires","Buenos Aires",Argentina,1353756586,"Ignacio Busquiazo",https://www.facebook.com/ignacio.busquiazo
David,Alderete,murdock2011@facebook.com,"08 de Julio",https://www.facebook.com/murdock2011,31,,"Ciudad Autónoma de Buenos Aires","Buenos Aires",Argentina,100000772924794,"Sil Cristiano ?ï?",https://www.facebook.com/Sivinita
Adrian,Clazon,adrian.clazon@facebook.com,"08 de Julio",https://www.facebook.com/adrian.clazon,,,"Ciudad Autónoma de Buenos Aires","Buenos Aires",Argentina,642711313,"Mica Ledo",https://www.facebook.com/micaledo
Araoz,Fotos,araoz.fotos@facebook.com,"08 de Julio",https://www.facebook.com/araoz.fotos,31,,"Ciudad Autónoma de Buenos Aires","Buenos Aires",Argentina,100000784191567,"Sil Cristiano ?ï?",https://www.facebook.com/Sivinita
Clementina,Echave,clemi.echave@facebook.com,"08 de Julio",https://www.facebook.com/clemi.echave,,,"Ciudad Autónoma de Buenos Aires","Buenos Aires",Argentina,776597205,"Guille Rampo",https://www.facebook.com/guillermo.rampo
Jose,Divano,jose.divano.5@facebook.com,"08 de Julio",https://www.facebook.com/jose.divano.5,37,,"Ciudad Autónoma de Buenos Aires","Buenos Aires",Argentina,1217820457,"Valeria Ayala",
Exe,Gómez,exegomez@facebook.com,"08 de Julio",https://www.facebook.com/exegomez,30,"Villa Crespo","Ciudad Autónoma de Buenos Aires","Buenos Aires",Argentina,642906800,"Verónica Peschiutta",https://www.facebook.com/VERONICAPESCHIUTTA
Georgina,Frattini,georgiafrattini@facebook.com,"08 de Julio",https://www.facebook.com/georgiafrattini,31,,"Ciudad Autónoma de Buenos Aires","Buenos Aires",Argentina,1553779579,"Flor Scalise",https://www.facebook.com/flor.scalise
Ariel,Romero,ariel.romero.739@facebook.com,"08 de Julio",https://www.facebook.com/ariel.romero.739,31,,"Ciudad Autónoma de Buenos Aires","Buenos Aires",Argentina,100001708526909,"Chechu Acea",
Majo,Colombo,majo.colombo.18@facebook.com,"08 de Julio",https://www.facebook.com/majo.colombo.18,,,"Ciudad Autónoma de Buenos Aires","Buenos Aires",Argentina,1115114897,"Jessica Bellomo",https://www.facebook.com/JessBellomo
Sebastian,Albertarelli,Cartuja.AZZ@facebook.com,"08 de Julio",https://www.facebook.com/Cartuja.AZZ,36,,"Ciudad Autónoma de Buenos Aires","Buenos Aires",Argentina,642586074,"Ruben Pacora",https://www.facebook.com/ruben.pacora
Agustina,Lloret,agustinetlloret@facebook.com,"08 de Julio",https://www.facebook.com/agustinetlloret,27,,"Ciudad Autónoma de Buenos Aires","Buenos Aires",Argentina,764973121,"Martin Gonzalez",
"Juan Pablo",Elejalde,elejaldejp@facebook.com,"08 de Julio",https://www.facebook.com/elejaldejp,36,,"Ciudad Autónoma de Buenos Aires","Buenos Aires",Argentina,1361034677,"Pablo Gilmartin",https://www.facebook.com/pablo.gilmartin
Candelaria,"Diaz Ressia",canidr@facebook.com,"08 de Julio",https://www.facebook.com/canidr,27,,"Ciudad Autónoma de Buenos Aires","Buenos Aires",Argentina,750063044,"Maria Pia Perez Brea",
Delfin,Desemana,delfin.desemana.5@facebook.com,"08 de Julio",https://www.facebook.com/delfin.desemana.5,26,,"Ciudad Autónoma de Buenos Aires","Buenos Aires",Argentina,100004282694440,"Maria Amelia Ferron",
"Diego Marcelo",Centeno,diegomarcelo.centeno@facebook.com,"08 de Julio",https://www.facebook.com/diegomarcelo.centeno,28,,"Ciudad Autónoma de Buenos Aires","Buenos Aires",Argentina,1538657677,"Guille Rampo",https://www.facebook.com/guillermo.rampo
Ailin,Baldassare,gorrda@facebook.com,"08 de Julio",https://www.facebook.com/gorrda,,,"Ciudad Autónoma de Buenos Aires","Buenos Aires",Argentina,607358989,"Santiago Villanueva",https://www.facebook.com/santiago.villanueva
Gonza,Diaz,Dr.oggas@facebook.com,"08 de Julio",https://www.facebook.com/Dr.oggas,,,"Ciudad Autónoma de Buenos Aires","Buenos Aires",Argentina,1129429945,"Martín Álvarez BA I",https://www.facebook.com/Woody.Blair
Charly,Valerio,charly.valerio.71@facebook.com,"08 de Julio",https://www.facebook.com/charly.valerio.71,30,,"Ciudad Autónoma de Buenos Aires","Buenos Aires",Argentina,1051763847,"Susan Romano",
Gonza,Calvo,gonza.calvo.1@facebook.com,"08 de Julio",https://www.facebook.com/gonza.calvo.1,29,,"Ciudad Autónoma de Buenos Aires","Buenos Aires",Argentina,100000708981608,"Rocio Marquez",
Matias,Albano,matias.albano.7@facebook.com,"08 de Julio",https://www.facebook.com/matias.albano.7,,,"Ciudad Autónoma de Buenos Aires","Buenos Aires",Argentina,1476093576,"Ignacio Busquiazo",https://www.facebook.com/ignacio.busquiazo
Sanando,Heridas,sanaheridas@facebook.com,"08 de Julio",https://www.facebook.com/sanaheridas,,,"Ciudad Autónoma de Buenos Aires","Buenos Aires",Argentina,100002254873968,"La Rockeria",https://www.facebook.com/oveja1
Yamila,Garibaldi,yamila.garibaldi@facebook.com,"08 de Julio",https://www.facebook.com/yamila.garibaldi,26,,"Ciudad Autónoma de Buenos Aires","Buenos Aires",Argentina,1040961682,"Christian Douer Chuky",https://www.facebook.com/christian.chuky
"Mariana Graciela",Domínguez,marianagraciela.dominguez@facebook.com,"08 de Julio",https://www.facebook.com/marianagraciela.dominguez,,,"Ciudad Autónoma de Buenos Aires","Buenos Aires",Argentina,1190684722,"La Rockeria",https://www.facebook.com/oveja1
Cintia,Alvarez,cintia.alvarez.7186@facebook.com,"08 de Julio",https://www.facebook.com/cintia.alvarez.7186,33,"Parque Patricios","Ciudad Autónoma de Buenos Aires","Buenos Aires",Argentina,100001322480204,"Natalia Rosensvaich",https://www.facebook.com/Rochen
"Salomé Luana",Inchaurrondo,salomeluana.inchaurrondo@facebook.com,"08 de Julio",https://www.facebook.com/salomeluana.inchaurrondo,,,"Ciudad Autónoma de Buenos Aires","Buenos Aires",Argentina,1483343133,"Christian Marconi",https://www.facebook.com/gmarconi.turismo
Grunkel,Abramov,grunkel.abramov@facebook.com,"08 de Julio",https://www.facebook.com/grunkel.abramov,,,"Ciudad Autónoma de Buenos Aires","Buenos Aires",Argentina,1050461417,"Francisco Klausner",https://www.facebook.com/francisco.klausner
Fabian,"Jara II",fabian.jaraii@facebook.com,"08 de Julio",https://www.facebook.com/fabian.jaraii,37,,"Ciudad Autónoma de Buenos Aires","Buenos Aires",Argentina,100007900238232,"Martín Álvarez BA I",https://www.facebook.com/Woody.Blair
Florencia,Castellarin,florencia.castellarin@facebook.com,"08 de Julio",https://www.facebook.com/florencia.castellarin,,"Buenos Aires","Buenos Aires","Buenos Aires",Argentina,1082316041,"Juan Pablo Aleman",0
Herreria,BellaVista,herreria.bellavista@facebook.com,"08 de Julio",https://www.facebook.com/herreria.bellavista,,,"Ciudad Autónoma de Buenos Aires","Buenos Aires",Argentina,1335126964,"Maria Soledad Villamil",https://www.facebook.com/mariasoledad.villamil
Lola,Sosa,lola.sosa.75@facebook.com,"08 de Julio",https://www.facebook.com/lola.sosa.75,,,"Ciudad Autónoma de Buenos Aires","Buenos Aires",Argentina,1311830512,"Li-ly Rojas",https://www.facebook.com/serena1968
Ro,OrLevich,rorlevich@facebook.com,"08 de Julio",https://www.facebook.com/rorlevich,27,,"Ciudad Autónoma de Buenos Aires","Buenos Aires",Argentina,1514198290,"Gabriela Prietoo",
Paulo,"Cadilla Sousa",paulo.cadillasousa@facebook.com,"08 de Julio",https://www.facebook.com/paulo.cadillasousa,29,"Buenos Aires","Buenos Aires","Buenos Aires",Argentina,673112656,"Luciana Paione Oleszuk",0
Joaquin,Torroja,joaquin.torroja@facebook.com,"08 de Julio",https://www.facebook.com/joaquin.torroja,,,"Ciudad Autónoma de Buenos Aires","Buenos Aires",Argentina,744541844,"Jero Salsamendi",https://www.facebook.com/jero.salsamendi
Ivi,Rojas,ivi.rojas@facebook.com,"08 de Julio",https://www.facebook.com/ivi.rojas,,,"Ciudad Autónoma de Buenos Aires","Buenos Aires",Argentina,1521230546,"Ezequiel Sebastian Berardi",https://www.facebook.com/EzErAsTa
Teresa,Hsieh,teresa.hsieh@facebook.com,"08 de Julio",https://www.facebook.com/teresa.hsieh,32,"Buenos Aires","Buenos Aires","Buenos Aires",Argentina,1006426885,"Alan Yun",0
Marina,"Make Up",marina.makeup.9@facebook.com,"08 de Julio",https://www.facebook.com/marina.makeup.9,35,"Buenos Aires","Buenos Aires","Buenos Aires",Argentina,100001391558471,"Carla Lopez",0
Lule,Domínguez,luled1@facebook.com,"08 de Julio",https://www.facebook.com/luled1,,,"Ciudad Autónoma de Buenos Aires","Buenos Aires",Argentina,1425691241,"Brian Cano",
Abadia,Matinee,abadia.matinee@facebook.com,"08 de Julio",https://www.facebook.com/abadia.matinee,,,"Ciudad Autónoma de Buenos Aires","Buenos Aires",Argentina,1542332859,"Aniita Canta",https://www.facebook.com/Aniita.Canta
Rodrigo,Ikereneas,rodrigo.ikereneas@facebook.com,"08 de Julio",https://www.facebook.com/rodrigo.ikereneas,,"Barrio Norte","Ciudad Autónoma de Buenos Aires","Buenos Aires",Argentina,879295136,"Germán LM",https://www.facebook.com/ghermanl
Matias,Bory,matias.bory@facebook.com,"08 de Julio",https://www.facebook.com/matias.bory,,,"Ciudad Autónoma de Buenos Aires","Buenos Aires",Argentina,595849576,"Mariela Puricelli",https://www.facebook.com/mariela.puricelli
Adrian,Posadas,gonyito@facebook.com,"08 de Julio",https://www.facebook.com/gonyito,33,,"Ciudad Autónoma de Buenos Aires","Buenos Aires",Argentina,666532234,"Maria Laura Mortensen",
Daiana,Schein,daiana.schein@facebook.com,"08 de Julio",https://www.facebook.com/daiana.schein,,,"Ciudad Autónoma de Buenos Aires","Buenos Aires",Argentina,100001025078994,"Sabrina Fuchs",
Matias,Cepeda,matias.cepeda3@facebook.com,"08 de Julio",https://www.facebook.com/matias.cepeda3,25,,"Ciudad Autónoma de Buenos Aires","Buenos Aires",Argentina,1451705210,"Maria Pia Perez Brea",
Fabian,Jara,fabian.jara.338@facebook.com,"08 de Julio",https://www.facebook.com/fabian.jara.338,37,,"Ciudad Autónoma de Buenos Aires","Buenos Aires",Argentina,809668843,"Vanesa Macias",https://www.facebook.com/vanesa.macias1
Gb,"Make Up",gb.makeup@facebook.com,"08 de Julio",https://www.facebook.com/gb.makeup,,,"Ciudad Autónoma de Buenos Aires","Buenos Aires",Argentina,100001027115251,"Sabrina Fuchs",
"María Paz",Gálvez,mariapaz.galvez@facebook.com,"08 de Julio",https://www.facebook.com/mariapaz.galvez,26,,"Ciudad Autónoma de Buenos Aires","Buenos Aires",Argentina,811270631,"Lucía Lopez Aleman",https://www.facebook.com/marialucialopezaleman
Sebastian,Caporaso,sebastian.caporaso@facebook.com,"08 de Julio",https://www.facebook.com/sebastian.caporaso,25,,"Ciudad Autónoma de Buenos Aires","Buenos Aires",Argentina,698303374,"Barby Suarez",https://www.facebook.com/barby1522
Aixa,Mancini,aixa.mancini@facebook.com,"08 de Julio",https://www.facebook.com/aixa.mancini,26,,"Ciudad Autónoma de Buenos Aires","Buenos Aires",Argentina,1407152843,"Nahu Millicay Pereyra",https://www.facebook.com/nahumilli
Reina,Volada,Luzcila@facebook.com,"08 de Julio",https://www.facebook.com/Luzcila,29,,"Ciudad Autónoma de Buenos Aires","Buenos Aires",Argentina,609563420,"Ezequiel Sebastian Berardi",https://www.facebook.com/EzErAsTa
Mathias,Lancaster,sir.lancaster@facebook.com,"08 de Julio",https://www.facebook.com/sir.lancaster,,,"Ciudad Autónoma de Buenos Aires","Buenos Aires",Argentina,100000721358384,"Juan Antonio Papagni Meca",https://www.facebook.com/juanantoniopapagnimeca
Matias,Tedesco,matias.tedesco2@facebook.com,"08 de Julio",https://www.facebook.com/matias.tedesco2,32,,"Ciudad Autónoma de Buenos Aires","Buenos Aires",Argentina,100001812843953,"Albana Ramognini",https://www.facebook.com/albana.ramognini
Daniel,Yerpelle,daniel.yerpelle@facebook.com,"08 de Julio",https://www.facebook.com/daniel.yerpelle,,,"Ciudad Autónoma de Buenos Aires","Buenos Aires",Argentina,100001067973730,"Lix Infinito",https://www.facebook.com/lix.infinito
Silvana,Emme,silvana.emme@facebook.com,"08 de Julio",https://www.facebook.com/silvana.emme,32,,"Ciudad Autónoma de Buenos Aires","Buenos Aires",Argentina,100001219830441,"Justin Temperley",https://www.facebook.com/justin.temperley
Marina,Vasta,marina.c.vasta@facebook.com,"08 de Julio",https://www.facebook.com/marina.c.vasta,37,,"Ciudad Autónoma de Buenos Aires","Buenos Aires",Argentina,711513243,"Martin Menini",https://www.facebook.com/martin.menini
Nicolas,Seibelt,nseibelt@facebook.com,"08 de Julio",https://www.facebook.com/nseibelt,,,"Ciudad Autónoma de Buenos Aires","Buenos Aires",Argentina,621159597,"Matias Blas",https://www.facebook.com/Matias.Blas
Facu,Rava,Facu.rava@facebook.com,"08 de Julio",https://www.facebook.com/Facu.rava,,,"Ciudad Autónoma de Buenos Aires","Buenos Aires",Argentina,1547424864,"Ezequiel Sebastian Berardi",https://www.facebook.com/EzErAsTa
Eas,Selinger,easelinger@facebook.com,"08 de Julio",https://www.facebook.com/easelinger,30,,"Ciudad Autónoma de Buenos Aires","Buenos Aires",Argentina,512433803,"Aline Vilches",
Mery,Nerina,nerina.acosta.3@facebook.com,"08 de Julio",https://www.facebook.com/nerina.acosta.3,27,,"Ciudad Autónoma de Buenos Aires","Buenos Aires",Argentina,1391417367,"Alee Jandro",https://www.facebook.com/alejandropassadore
Moni,"Mendes Duarte",moni.mendesduarte@facebook.com,"08 de Julio",https://www.facebook.com/moni.mendesduarte,26,,"Ciudad Autónoma de Buenos Aires","Buenos Aires",Argentina,595217819,"Noe Guillén",https://www.facebook.com/noeguillen20
Souta,Creadores,soutaimagen@facebook.com,"08 de Julio",https://www.facebook.com/soutaimagen,26,,"Ciudad Autónoma de Buenos Aires","Buenos Aires",Argentina,1502779797,"Maria Pia Perez Brea",
Emilio,"Castellini Botta",emi.castellinibotta@facebook.com,"08 de Julio",https://www.facebook.com/emi.castellinibotta,27,Flores,"Ciudad Autónoma de Buenos Aires","Buenos Aires",Argentina,770485654,"Stefi Chiarullo",https://www.facebook.com/stefi.chiarullo
Alee,Cuello,Aleee.cuello@facebook.com,"08 de Julio",https://www.facebook.com/Aleee.cuello,,,"Ciudad Autónoma de Buenos Aires","Buenos Aires",Argentina,1047510639,"Brian Cano",
SilJoni,TG,silvana.torres.7967@facebook.com,"08 de Julio",https://www.facebook.com/silvana.torres.7967,,,"Ciudad Autónoma de Buenos Aires","Buenos Aires",Argentina,100007990662107,"Princess Rouse",
Julia,Velez,julia.velez.16@facebook.com,"08 de Julio",https://www.facebook.com/julia.velez.16,,,"Ciudad Autónoma de Buenos Aires","Buenos Aires",Argentina,1250406127,"Felicitas Ghigliotti",https://www.facebook.com/felicitas.ghigliotti
"María Sol",Gheggi,mariasol.gheggi@facebook.com,"08 de Julio",https://www.facebook.com/mariasol.gheggi,26,,"Ciudad Autónoma de Buenos Aires","Buenos Aires",Argentina,709646290,"Lucia Marti",https://www.facebook.com/luli.marti
Vale,Nieto,vale.nieto.71@facebook.com,"08 de Julio",https://www.facebook.com/vale.nieto.71,25,,"Ciudad Autónoma de Buenos Aires","Buenos Aires",Argentina,630499478,"Mechi Abud",https://www.facebook.com/mechi.abud
Damian,Frii,dfridson@facebook.com,"08 de Julio",https://www.facebook.com/dfridson,34,,"Ciudad Autónoma de Buenos Aires","Buenos Aires",Argentina,1015975923,"Sabrina Fuchs",
Eeuu,"En Tus Manos",eeuu.entusmanos@facebook.com,"08 de Julio",https://www.facebook.com/eeuu.entusmanos,,"Buenos Aires","Buenos Aires","Buenos Aires",Argentina,100006985667919,"Gaston Vilalta",0
Sergio,Barboza,sergio.barboza.31@facebook.com,"08 de Julio",https://www.facebook.com/sergio.barboza.31,26,,"Ciudad Autónoma de Buenos Aires","Buenos Aires",Argentina,1489097918,"Luli Santos Neves",
Agustin,Torroja,atorroja@facebook.com,"08 de Julio",https://www.facebook.com/atorroja,,,"Ciudad Autónoma de Buenos Aires","Buenos Aires",Argentina,622059357,"Jero Salsamendi",https://www.facebook.com/jero.salsamendi
Milagros,Manghi,milipm@facebook.com,"08 de Julio",https://www.facebook.com/milipm,35,,"Ciudad Autónoma de Buenos Aires","Buenos Aires",Argentina,1131648827,"Marina Castagnino",https://www.facebook.com/castagnino
Gladys,"Martinez CHauca",gladys.martinezchauca@facebook.com,"08 de Julio",https://www.facebook.com/gladys.martinezchauca,,,"Ciudad Autónoma de Buenos Aires","Buenos Aires",Argentina,100000739227430,"Ruben Pacora",https://www.facebook.com/ruben.pacora
"Maria Eugenia","Lopez Lecube",mariaeugenia.lopezlecube@facebook.com,"08 de Julio",https://www.facebook.com/mariaeugenia.lopezlecube,28,,"Ciudad Autónoma de Buenos Aires","Buenos Aires",Argentina,658001281,"Jose Guevara",https://www.facebook.com/JoeGuevara81
Cori,Bernasconi,cori.bernasconi.8@facebook.com,"08 de Julio",https://www.facebook.com/cori.bernasconi.8,,,"Ciudad Autónoma de Buenos Aires","Buenos Aires",Argentina,1136381883,"Estefania Rodriguez",
Maxi,Perrotta,maxi.perrotta.7@facebook.com,"08 de Julio",https://www.facebook.com/maxi.perrotta.7,28,,"Ciudad Autónoma de Buenos Aires","Buenos Aires",Argentina,1453700785,"Cami Maranessi",https://www.facebook.com/cami.maranessi
"Monica Lorena",Mancuso,monicalorena.mancuso@facebook.com,"08 de Julio",https://www.facebook.com/monicalorena.mancuso,32,,"Ciudad Autónoma de Buenos Aires","Buenos Aires",Argentina,1845345884,"Natalia Tarelli",
Sol,Lopatin,sol.lopatin@facebook.com,"09 de Julio",https://www.facebook.com/sol.lopatin,,,"Ciudad Autónoma de Buenos Aires","Buenos Aires",Argentina,633610586,"Ariel Villarreal",
Silvana,Fernandez,silvanafernandez1977@facebook.com,"09 de Julio",https://www.facebook.com/silvanafernandez1977,,,"Ciudad Autónoma de Buenos Aires","Buenos Aires",Argentina,1425110549,"Romina Dorza",https://www.facebook.com/rodorza
Yesenia,"Infante Monje",yesi.infante.9@facebook.com,"09 de Julio",https://www.facebook.com/yesi.infante.9,34,,"Ciudad Autónoma de Buenos Aires","Buenos Aires",Argentina,100001092812228,"Nicolas Alejandro Fleischer",https://www.facebook.com/nicolasalejandro.fleische
"Ángela Elena",Romero,angelaeromero@facebook.com,"09 de Julio",https://www.facebook.com/angelaeromero,35,,"Ciudad Autónoma de Buenos Aires","Buenos Aires",Argentina,668564052,"Matias Daniel Pascual",
Tú,Mérítáhh,tu.meritahh@facebook.com,"09 de Julio",https://www.facebook.com/tu.meritahh,34,,"Ciudad Autónoma de Buenos Aires","Buenos Aires",Argentina,100001145310199,"Nicolas Alejandro Fleischer",https://www.facebook.com/nicolasalejandro.fleische
Gastón,Petrola,gaston.ramos1@facebook.com,"09 de Julio",https://www.facebook.com/gaston.ramos1,34,,"Ciudad Autónoma de Buenos Aires","Buenos Aires",Argentina,1174462785,"Silvia Fernandez",https://www.facebook.com/silviafernandezchivi
Mariano,"Rey Ordoñez",mariano.reyordonez@facebook.com,"09 de Julio",https://www.facebook.com/mariano.reyordonez,27,,"Ciudad Autónoma de Buenos Aires","Buenos Aires",Argentina,1380941042,"Mariana Fazio",https://www.facebook.com/amanecerrosa
Raul,Ricardo,elphstein@facebook.com,"09 de Julio",https://www.facebook.com/elphstein,27,,"Ciudad Autónoma de Buenos Aires","Buenos Aires",Argentina,1383948499,"Mariana Fazio",https://www.facebook.com/amanecerrosa
"Pekeñas Cajitas",Ymas,pks.cajitas@facebook.com,"09 de Julio",https://www.facebook.com/pks.cajitas,,,"Ciudad Autónoma de Buenos Aires","Buenos Aires",Argentina,100001961068986,"Ago Benedettini",https://www.facebook.com/ago.benedettini
Juan,Kaparra,juan.kaparra.77@facebook.com,"09 de Julio",https://www.facebook.com/juan.kaparra.77,37,,"Ciudad Autónoma de Buenos Aires","Buenos Aires",Argentina,771087453,"Ariel Villarreal",
Cami,Petit,cami.petit.3@facebook.com,"09 de Julio",https://www.facebook.com/cami.petit.3,,Recoleta,"Ciudad Autónoma de Buenos Aires","Buenos Aires",Argentina,100002187266168,"Jero Salsamendi",https://www.facebook.com/jero.salsamendi
Jade,Jazz,jade.jazzyotrasmusicas@facebook.com,"09 de Julio",https://www.facebook.com/jade.jazzyotrasmusicas,,,"Ciudad Autónoma de Buenos Aires","Buenos Aires",Argentina,1834853596,"Natascha Stern",https://www.facebook.com/natascha.stern
Diego,Jeon,junbaek@facebook.com,"09 de Julio",https://www.facebook.com/junbaek,32,"Buenos Aires","Buenos Aires","Buenos Aires",Argentina,661001692,"Alan Yun",0
Gustavo,Maldonado,soychiche@facebook.com,"09 de Julio",https://www.facebook.com/soychiche,27,,"Ciudad Autónoma de Buenos Aires","Buenos Aires",Argentina,798695284,"Marti Nevares",https://www.facebook.com/martii.nevares
Sofia,Pineda,sofia.pineda.87@facebook.com,"09 de Julio",https://www.facebook.com/sofia.pineda.87,27,,"Ciudad Autónoma de Buenos Aires","Buenos Aires",Argentina,1217104694,"Estefania Rodriguez",
Annere,"Varela Bertinat",annere.varelabertinat@facebook.com,"09 de Julio",https://www.facebook.com/annere.varelabertinat,,,"Ciudad Autónoma de Buenos Aires","Buenos Aires",Argentina,1165364536,"Antoine Cornudet",
Omar,Suarez,omisuarez@facebook.com,"09 de Julio",https://www.facebook.com/omisuarez,,,"Ciudad Autónoma de Buenos Aires","Buenos Aires",Argentina,1813863951,"Vanesa Macias",https://www.facebook.com/vanesa.macias1
Meli,Kohan,meli.kohan@facebook.com,"09 de Julio",https://www.facebook.com/meli.kohan,,,"Ciudad Autónoma de Buenos Aires","Buenos Aires",Argentina,1090179730,"Ana Glinberg",https://www.facebook.com/ana.glinberg
Tani,Ta,tania.pebe.9@facebook.com,"09 de Julio",https://www.facebook.com/tania.pebe.9,25,,"Ciudad Autónoma de Buenos Aires","Buenos Aires",Argentina,1217537944,"Barby Lanata",https://www.facebook.com/barby.lanata
Dictator's,"Staffordshire Bull Terrier",dictators.staffordshirebullterrier@facebook.com,"09 de Julio",https://www.facebook.com/dictators.staffordshirebullterrier,,,"Ciudad Autónoma de Buenos Aires","Buenos Aires",Argentina,100003236113730,"Sergio Acosta",
Iris,Eyt-Dessus,irisette@facebook.com,"09 de Julio",https://www.facebook.com/irisette,,,"Ciudad Autónoma de Buenos Aires","Buenos Aires",Argentina,556703287,"Nicolas Brea",https://www.facebook.com/Nicolas.Brea
Fernando,Capli,fernando.d.capli@facebook.com,"09 de Julio",https://www.facebook.com/fernando.d.capli,,,"Ciudad Autónoma de Buenos Aires","Buenos Aires",Argentina,846150524,"Lix Infinito",https://www.facebook.com/lix.infinito
Tomás,Agustín,aguus.germana@facebook.com,"09 de Julio",https://www.facebook.com/aguus.germana,,,"Ciudad Autónoma de Buenos Aires","Buenos Aires",Argentina,1547207558,"Tomás Eis",
Noe,Rodriguez,NoeeRodriguezz@facebook.com,"09 de Julio",https://www.facebook.com/NoeeRodriguezz,,Recoleta,"Ciudad Autónoma de Buenos Aires","Buenos Aires",Argentina,1529866198,"Jobs Bar",https://www.facebook.com/jobsbar
"Leonardo Agustín",Sanchez,leonsanchez29@facebook.com,"09 de Julio",https://www.facebook.com/leonsanchez29,37,,"Ciudad Autónoma de Buenos Aires","Buenos Aires",Argentina,100001267890451,"Brenda Fabregat",https://www.facebook.com/brenda.fabregat
Martin,"Molla del Castillo",mmdelcastillo@facebook.com,"09 de Julio",https://www.facebook.com/mmdelcastillo,35,"Barrio Norte","Ciudad Autónoma de Buenos Aires","Buenos Aires",Argentina,608231635,"Marina Castagnino",https://www.facebook.com/castagnino
Lucas,Santos,@facebook.com,"09 de Julio",https://www.facebook.com/profile.php?id=1438189854,29,,"Ciudad Autónoma de Buenos Aires","Buenos Aires",Argentina,1438189854,"Ludmila Di Prinzio",https://www.facebook.com/ludmila2k
Yessy,Infante,yessy.infante.58@facebook.com,"09 de Julio",https://www.facebook.com/yessy.infante.58,34,,"Ciudad Autónoma de Buenos Aires","Buenos Aires",Argentina,100005462410913,"Nicolas Alejandro Fleischer",https://www.facebook.com/nicolasalejandro.fleische
Carla,Violeta,vviolettta@facebook.com,"09 de Julio",https://www.facebook.com/vviolettta,,,"Ciudad Autónoma de Buenos Aires","Buenos Aires",Argentina,1532135897,"Daiana Soledad Pintos",https://www.facebook.com/Sheena.is
Alejandro,Mizrahi,alejandro.mizrahi.9@facebook.com,"09 de Julio",https://www.facebook.com/alejandro.mizrahi.9,33,,"Ciudad Autónoma de Buenos Aires","Buenos Aires",Argentina,100003757510433,"Alejandro Polo",https://www.facebook.com/alejandropolo16
Fabrizio,Cataudela,fabrizio.cataudela@facebook.com,"09 de Julio",https://www.facebook.com/fabrizio.cataudela,27,,"Ciudad Autónoma de Buenos Aires","Buenos Aires",Argentina,1159070470,"Roxana Cecilia Moyano",https://www.facebook.com/roxana.moyano
Anto,Fagnano,antomaira@facebook.com,"09 de Julio",https://www.facebook.com/antomaira,,,"Ciudad Autónoma de Buenos Aires","Buenos Aires",Argentina,788419574,"Felipe Cianciarulo",https://www.facebook.com/fcianciarulo
Cynthia,Romina,cynthia.romina2@facebook.com,"09 de Julio",https://www.facebook.com/cynthia.romina2,,,"Ciudad Autónoma de Buenos Aires","Buenos Aires",Argentina,1580745818,"Jonathan Leonel",
Caribe,Ruso,cariberuuso@facebook.com,"09 de Julio",https://www.facebook.com/cariberuuso,,,"Ciudad Autónoma de Buenos Aires","Buenos Aires",Argentina,652952238,"Vicky Diaz",
Victoria,Martinez,@facebook.com,"09 de Julio",https://www.facebook.com/profile.php?id=676835715,,,"Ciudad Autónoma de Buenos Aires","Buenos Aires",Argentina,676835715,"Alexia Garcia",https://www.facebook.com/garciaalexiia
Marcos,Noguer,marcosnoguer@facebook.com,"09 de Julio",https://www.facebook.com/marcosnoguer,,,"Ciudad Autónoma de Buenos Aires","Buenos Aires",Argentina,1050750193,"Isa Bensusan Millé",
Florencia,Borgnia,florencia.borgnia@facebook.com,"09 de Julio",https://www.facebook.com/florencia.borgnia,31,,"Ciudad Autónoma de Buenos Aires","Buenos Aires",Argentina,757928165,"Mery Spessa",https://www.facebook.com/Mery.Spessa
Fernando,Godoy,FernandoAGodoy@facebook.com,"09 de Julio",https://www.facebook.com/FernandoAGodoy,32,"Buenos Aires","Buenos Aires","Buenos Aires",Argentina,1461814096,"Erica Volpi Werkmann",0
Pedro,Levy,pedrolevymusic@facebook.com,"09 de Julio",https://www.facebook.com/pedrolevymusic,30,Flores,"Ciudad Autónoma de Buenos Aires","Buenos Aires",Argentina,1471944237,"Luciana Grisolia",https://www.facebook.com/lulagri
Zari,Goncalves,zari.goncalves@facebook.com,"09 de Julio",https://www.facebook.com/zari.goncalves,,,"Ciudad Autónoma de Buenos Aires","Buenos Aires",Argentina,583477128,"Maureen Burton",
Ultrapop,Pop,ultrapop.ar@facebook.com,"09 de Julio",https://www.facebook.com/ultrapop.ar,,,"Ciudad Autónoma de Buenos Aires","Buenos Aires",Argentina,1340995289,"Daniel Arbol",https://www.facebook.com/darbol1
Cecilia,Bravo,cecilia.bravo.79@facebook.com,"09 de Julio",https://www.facebook.com/cecilia.bravo.79,33,,"Ciudad Autónoma de Buenos Aires","Buenos Aires",Argentina,1151761209,"Julieta Abreu Frank",https://www.facebook.com/julieta.abreufrank
Elizabeth,Gonzalez,elizabeth.a.gonzalez.18@facebook.com,"09 de Julio",https://www.facebook.com/elizabeth.a.gonzalez.18,,,"Ciudad Autónoma de Buenos Aires","Buenos Aires",Argentina,1251313984,"Brenda Fabregat",https://www.facebook.com/brenda.fabregat
Laura,Vivares,laura.vivares@facebook.com,"09 de Julio",https://www.facebook.com/laura.vivares,34,"Villa Luro","Ciudad Autónoma de Buenos Aires","Buenos Aires",Argentina,1130229080,"GiSe Abraham",https://www.facebook.com/gise.abraham
"María Belén",Páppolla,mariabelen.pappolla@facebook.com,"09 de Julio",https://www.facebook.com/mariabelen.pappolla,27,,"Ciudad Autónoma de Buenos Aires","Buenos Aires",Argentina,551830039,"Cecilia Martinez Etchevers",https://www.facebook.com/ceciliaetc
Pablo,Albanese,pablo.albanese.10@facebook.com,"09 de Julio",https://www.facebook.com/pablo.albanese.10,34,,"Ciudad Autónoma de Buenos Aires","Buenos Aires",Argentina,100002831581521,"Valeria Rodriguez",
Chino,Gueimunde,chino.gueimunde@facebook.com,"09 de Julio",https://www.facebook.com/chino.gueimunde,,,"Ciudad Autónoma de Buenos Aires","Buenos Aires",Argentina,100000020014286,"Martín Álvarez BA I",https://www.facebook.com/Woody.Blair
Maxi,Favilli,max.fav.7@facebook.com,"09 de Julio",https://www.facebook.com/max.fav.7,33,Boedo,"Ciudad Autónoma de Buenos Aires","Buenos Aires",Argentina,712058718,"Matias Daniel Pascual",
Manu,Cash,maanu.caash@facebook.com,"09 de Julio",https://www.facebook.com/maanu.caash,,,"Ciudad Autónoma de Buenos Aires","Buenos Aires",Argentina,1264236503,"Vanesa Macias",https://www.facebook.com/vanesa.macias1
Eze,Cun,ezequiel.cunzolo@facebook.com,"09 de Julio",https://www.facebook.com/ezequiel.cunzolo,28,,"Ciudad Autónoma de Buenos Aires","Buenos Aires",Argentina,807367707,"Cynthia Tatiana Martinez Neves",https://www.facebook.com/cynthiatatiana.martinezne
Neo,German,neo.german@facebook.com,"09 de Julio",https://www.facebook.com/neo.german,,,"Ciudad Autónoma de Buenos Aires","Buenos Aires",Argentina,100000998785857,"Agustin Justin",https://www.facebook.com/Agustin.Justin
"Juan Pablo",Teyssandier,juanpablo.teyssandier@facebook.com,"09 de Julio",https://www.facebook.com/juanpablo.teyssandier,30,,"Ciudad Autónoma de Buenos Aires","Buenos Aires",Argentina,1253201070,"Matias Daniel Pascual",
Sebastian,Sewrjugin,sebastian.sewrjugin@facebook.com,"09 de Julio",https://www.facebook.com/sebastian.sewrjugin,,,"Ciudad Autónoma de Buenos Aires","Buenos Aires",Argentina,636830639,"Maxi Aguirre Fernandez",
Romain,Descombes,romaindd@facebook.com,"09 de Julio",https://www.facebook.com/romaindd,,,"Ciudad Autónoma de Buenos Aires","Buenos Aires",Argentina,611905226,"Juan Antonio Papagni Meca",https://www.facebook.com/juanantoniopapagnimeca
Cami,Dumon,camila.dumon@facebook.com,"09 de Julio",https://www.facebook.com/camila.dumon,,,"Ciudad Autónoma de Buenos Aires","Buenos Aires",Argentina,664517133,"Agustin De Pascali",https://www.facebook.com/agustin.depascali
Daiana,Primo,DaianaPrimo@facebook.com,"09 de Julio",https://www.facebook.com/DaianaPrimo,,,"Ciudad Autónoma de Buenos Aires","Buenos Aires",Argentina,1309865713,"Juan Antonio Papagni Meca",https://www.facebook.com/juanantoniopapagnimeca
Nacho,Cavanagh,nacho.cavanagh1@facebook.com,"09 de Julio",https://www.facebook.com/nacho.cavanagh1,,Recoleta,"Ciudad Autónoma de Buenos Aires","Buenos Aires",Argentina,1557761403,"Emiliano Cazanetz Dick",https://www.facebook.com/emiliano.cazanetzdick
Leandro,Vallejos,leandro.vallejos.501@facebook.com,"09 de Julio",https://www.facebook.com/leandro.vallejos.501,,Barracas,"Ciudad Autónoma de Buenos Aires","Buenos Aires",Argentina,100000115673371,"Chelu Chavez",https://www.facebook.com/chelu.chavez
Vinoteca,"Los Vinos",vinoteca.losvinos@facebook.com,"09 de Julio",https://www.facebook.com/vinoteca.losvinos,,,"Ciudad Autónoma de Buenos Aires","Buenos Aires",Argentina,100002171722989,"Lupe Dávalos",https://www.facebook.com/guadinight
Tomás,Bitocchi,Bito2012@facebook.com,"09 de Julio",https://www.facebook.com/Bito2012,,"Buenos Aires","Buenos Aires","Buenos Aires",Argentina,100002040059801,"Camila Romano",0
Delfi,Tarradellas,delfo.tarradellas@facebook.com,"09 de Julio",https://www.facebook.com/delfo.tarradellas,26,,"Ciudad Autónoma de Buenos Aires","Buenos Aires",Argentina,729547424,"Paz Gonzalez",https://www.facebook.com/pachu.gonzalez
Tomas,Cavanagh,cavanaghtomas@facebook.com,"09 de Julio",https://www.facebook.com/cavanaghtomas,26,,"Ciudad Autónoma de Buenos Aires","Buenos Aires",Argentina,100000485538819,"Rochi Christensen",https://www.facebook.com/rochi.christensen
Ruben,Iummato,ruben.iummato@facebook.com,"09 de Julio",https://www.facebook.com/ruben.iummato,,,"Ciudad Autónoma de Buenos Aires","Buenos Aires",Argentina,1252950665,"Marcela Hinckelmann",https://www.facebook.com/marcela.hinckelmann
Lucas,Portal,melacomo.doblada@facebook.com,"09 de Julio",https://www.facebook.com/melacomo.doblada,33,,"Ciudad Autónoma de Buenos Aires","Buenos Aires",Argentina,100000942175666,"Belu Piacentino",https://www.facebook.com/belenpiacentino
Juan,Coelho,juan.m.coelho@facebook.com,"09 de Julio",https://www.facebook.com/juan.m.coelho,32,,"Ciudad Autónoma de Buenos Aires","Buenos Aires",Argentina,622948589,"Maru Mastro",https://www.facebook.com/marielita
Yesica,Lopez,yeiss.lo@facebook.com,"09 de Julio",https://www.facebook.com/yeiss.lo,34,,"Ciudad Autónoma de Buenos Aires","Buenos Aires",Argentina,1141887014,"Daiana Solange Labat",https://www.facebook.com/Daichilandia
Guadalupe,Falasca,guadalupe.falasca@facebook.com,"09 de Julio",https://www.facebook.com/guadalupe.falasca,27,,"Ciudad Autónoma de Buenos Aires","Buenos Aires",Argentina,500369760,"Gisela Tesei",
Sofia,Martinez,sofia.martinez.1042@facebook.com,"09 de Julio",https://www.facebook.com/sofia.martinez.1042,25,"Buenos Aires","Buenos Aires","Buenos Aires",Argentina,1093813418,"Sofia Reinoso",0
Pau,Lavezzolo,pau.lavezzolo@facebook.com,"09 de Julio",https://www.facebook.com/pau.lavezzolo,25,,"Ciudad Autónoma de Buenos Aires","Buenos Aires",Argentina,689662271,"Tamara Arias",
Martin,"De Caro",martin.decaro1@facebook.com,"09 de Julio",https://www.facebook.com/martin.decaro1,26,"Buenos Aires","Buenos Aires","Buenos Aires",Argentina,1333121307,"Rebe Gonzalez",0
Emanuel,Rosales,emanuel.rosales.3139@facebook.com,"09 de Julio",https://www.facebook.com/emanuel.rosales.3139,,,"Ciudad Autónoma de Buenos Aires","Buenos Aires",Argentina,1368061705,"Paula Castro",
Mgs,"Make Up",@facebook.com,"09 de Julio",https://www.facebook.com/profile.php?id=100008385787996,25,,"Ciudad Autónoma de Buenos Aires","Buenos Aires",Argentina,100008385787996,"Rocio Mayo",https://www.facebook.com/marinirocio
Marlene,"de Baires",marlene.debaires@facebook.com,"09 de Julio",https://www.facebook.com/marlene.debaires,35,,"Ciudad Autónoma de Buenos Aires","Buenos Aires",Argentina,753378557,"Nannuja Nadia Delfini",https://www.facebook.com/nadiaximenadelfi
Raul,Escobar,raulcream@facebook.com,"09 de Julio",https://www.facebook.com/raulcream,32,,"Ciudad Autónoma de Buenos Aires","Buenos Aires",Argentina,740653846,"Vanina Lopez Baroni",https://www.facebook.com/vaninalb
Tomas,Santino,tomas.santino.5@facebook.com,"09 de Julio",https://www.facebook.com/tomas.santino.5,,"Buenos Aires","Buenos Aires","Buenos Aires",Argentina,100002325833171,"Sofia Reinoso",0
Gasia,Kazanejian,gasiak@facebook.com,"09 de Julio",https://www.facebook.com/gasiak,32,,"Ciudad Autónoma de Buenos Aires","Buenos Aires",Argentina,568556805,"Gisela Indjadjik",https://www.facebook.com/gisela.indjadjik
Sebástian,Drake,bloodrakex@facebook.com,"09 de Julio",https://www.facebook.com/bloodrakex,,,"Ciudad Autónoma de Buenos Aires","Buenos Aires",Argentina,1318307195,"Juan Antonio Papagni Meca",https://www.facebook.com/juanantoniopapagnimeca
Pomiró,"Deejay Company",pomiro.deejaycompany@facebook.com,"09 de Julio",https://www.facebook.com/pomiro.deejaycompany,,,"Ciudad Autónoma de Buenos Aires","Buenos Aires",Argentina,1492384441,"Daniel Arbol",https://www.facebook.com/darbol1
Leo,Gatti,leonardo.gatti.77@facebook.com,"09 de Julio",https://www.facebook.com/leonardo.gatti.77,30,,"Ciudad Autónoma de Buenos Aires","Buenos Aires",Argentina,577914217,"Marcelo Braun Menendez",
Roxana,Martinez,romartinez@facebook.com,"09 de Julio",https://www.facebook.com/romartinez,37,,"Ciudad Autónoma de Buenos Aires","Buenos Aires",Argentina,1481462854,"Andrea Iturregui Elem",https://www.facebook.com/andrea.iturregui
Fernando,Dominguez,nando.oasis@facebook.com,"09 de Julio",https://www.facebook.com/nando.oasis,,,"Ciudad Autónoma de Buenos Aires","Buenos Aires",Argentina,842144695,"Pala Falguera",
Juana,"Alvarez DeArco",juana.dearco.3348@facebook.com,"09 de Julio",https://www.facebook.com/juana.dearco.3348,25,,"Ciudad Autónoma de Buenos Aires","Buenos Aires",Argentina,100007255060285,"Felicitas Ghigliotti",https://www.facebook.com/felicitas.ghigliotti
Cecilia,Tirro,ceciliaditirro@facebook.com,"09 de Julio",https://www.facebook.com/ceciliaditirro,,"Parque Patricios","Ciudad Autónoma de Buenos Aires","Buenos Aires",Argentina,754287294,"Matias Daniel Pascual",
Valeria,Portela,valeriatoledoportela@facebook.com,"09 de Julio",https://www.facebook.com/valeriatoledoportela,26,,"Ciudad Autónoma de Buenos Aires","Buenos Aires",Argentina,1039983377,"Cynthia Tatiana Martinez Neves",https://www.facebook.com/cynthiatatiana.martinezne
"Juan Ignacio",Zubillaga,juanelolp@facebook.com,"09 de Julio",https://www.facebook.com/juanelolp,,,"Ciudad Autónoma de Buenos Aires","Buenos Aires",Argentina,1557805968,"Esteban Sanchez",
Tomas,Brizzi,tomas.brizzi@facebook.com,"09 de Julio",https://www.facebook.com/tomas.brizzi,,,"Ciudad Autónoma de Buenos Aires","Buenos Aires",Argentina,704215709,"Evelina Ferreira",
Luli,Barnetch,luli.barnetch@facebook.com,"09 de Julio",https://www.facebook.com/luli.barnetch,,"Buenos Aires","Buenos Aires","Buenos Aires",Argentina,1505842251,"Sofia Reinoso",0
"Alejandro Daniel",Ortenzi,alejandrodaniel.ortenzi@facebook.com,"09 de Julio",https://www.facebook.com/alejandrodaniel.ortenzi,,,"Ciudad Autónoma de Buenos Aires","Buenos Aires",Argentina,100000991463886,"Sebastian Daniel Riccardi",https://www.facebook.com/sebastian.riccardi
"Partii Boii",Tg,partiiboii.tg@facebook.com,"09 de Julio",https://www.facebook.com/partiiboii.tg,,,"Ciudad Autónoma de Buenos Aires","Buenos Aires",Argentina,100000993790387,"Sebastian Daniel Riccardi",https://www.facebook.com/sebastian.riccardi
Sergio,Schenone,sschenone@facebook.com,"09 de Julio",https://www.facebook.com/sschenone,30,,"Ciudad Autónoma de Buenos Aires","Buenos Aires",Argentina,645909535,"Analia Utlo",https://www.facebook.com/ANY10
Diego,"De Toledo",diegoalvarezdetoledo@facebook.com,"09 de Julio",https://www.facebook.com/diegoalvarezdetoledo,,,"Ciudad Autónoma de Buenos Aires","Buenos Aires",Argentina,599187136,"Vero Milione",https://www.facebook.com/vero.milione
Suena,Platanoradio,aldia.platanoradio@facebook.com,"09 de Julio",https://www.facebook.com/aldia.platanoradio,28,,"Ciudad Autónoma de Buenos Aires","Buenos Aires",Argentina,100005967902928,"Ariel Villarreal",
"La Morocha","Solo Para Ti",jimena.gimenez.37@facebook.com,"09 de Julio",https://www.facebook.com/jimena.gimenez.37,25,,"Ciudad Autónoma de Buenos Aires","Buenos Aires",Argentina,100004589280082,"Sebastian Daniel Riccardi",https://www.facebook.com/sebastian.riccardi
Juco,Castelli,juco.castelli@facebook.com,"09 de Julio",https://www.facebook.com/juco.castelli,,,"Ciudad Autónoma de Buenos Aires","Buenos Aires",Argentina,100003860664445,"Srita Bauer",https://www.facebook.com/marina.vas
Damian,Steinberg,damian.steinberg@facebook.com,"09 de Julio",https://www.facebook.com/damian.steinberg,,"Buenos Aires","Buenos Aires","Buenos Aires",Argentina,1539184189,"Martu Lehmann",0
Rodrigo,Hillion,rohillion@facebook.com,"09 de Julio",https://www.facebook.com/rohillion,25,,"Ciudad Autónoma de Buenos Aires","Buenos Aires",Argentina,563638662,"Ronit Nates",https://www.facebook.com/ronates
Rachel-Clothes,Bald,rachel.balbenz@facebook.com,"09 de Julio",https://www.facebook.com/rachel.balbenz,35,,"Ciudad Autónoma de Buenos Aires","Buenos Aires",Argentina,100006355421229,"Sil Cristiano ?ï?",https://www.facebook.com/Sivinita
Sonia,Bouso,sbouso@facebook.com,"09 de Julio",https://www.facebook.com/sbouso,28,,"Ciudad Autónoma de Buenos Aires","Buenos Aires",Argentina,566002412,"Alejandra Diaz De Vivar",
Vanesa,Simons,vanesa.simons.1@facebook.com,"09 de Julio",https://www.facebook.com/vanesa.simons.1,37,,"Ciudad Autónoma de Buenos Aires","Buenos Aires",Argentina,557599326,"Chivi Giler",https://www.facebook.com/chivigiler
Brenda,Madero,brenda.madero.33@facebook.com,"09 de Julio",https://www.facebook.com/brenda.madero.33,36,,"Ciudad Autónoma de Buenos Aires","Buenos Aires",Argentina,829510496,"Mariana Pedroso",https://www.facebook.com/mariana.pedroso3
Roo,Mara,romii.mara@facebook.com,"09 de Julio",https://www.facebook.com/romii.mara,,,"Ciudad Autónoma de Buenos Aires","Buenos Aires",Argentina,519147496,"Felicitas Ghigliotti",https://www.facebook.com/felicitas.ghigliotti
Christian,Prieto,c0nf1@facebook.com,"09 de Julio",https://www.facebook.com/c0nf1,28,Liniers,"Ciudad Autónoma de Buenos Aires","Buenos Aires",Argentina,100000817405612,"Tatiana Petroccelli",https://www.facebook.com/tanshanita
Marita,Pettinato,marita.pettinato@facebook.com,"09 de Julio",https://www.facebook.com/marita.pettinato,,Liniers,"Ciudad Autónoma de Buenos Aires","Buenos Aires",Argentina,1620831438,"Florencia Pulicari",https://www.facebook.com/florencia.pulicari
Phoenix,Rock,phoenix.rock.1@facebook.com,"09 de Julio",https://www.facebook.com/phoenix.rock.1,,,"Ciudad Autónoma de Buenos Aires","Buenos Aires",Argentina,100000997872497,"La Rockeria",https://www.facebook.com/oveja1
Nicolas,Fabianich,nicolas.fabianich@facebook.com,"09 de Julio",https://www.facebook.com/nicolas.fabianich,,"Buenos Aires","Buenos Aires","Buenos Aires",Argentina,599078021,"Juan Pablo Aleman",0
Estefania,Garcia,teefi.g@facebook.com,"09 de Julio",https://www.facebook.com/teefi.g,,,"Ciudad Autónoma de Buenos Aires","Buenos Aires",Argentina,1005883486,"Felipe Cianciarulo",https://www.facebook.com/fcianciarulo
Natalia,Paez,nataliapaez86@facebook.com,"09 de Julio",https://www.facebook.com/nataliapaez86,28,,"Ciudad Autónoma de Buenos Aires","Buenos Aires",Argentina,1130986027,"Silvina Cazzulino",https://www.facebook.com/silvina.cazzulino
Jose,Hausmann,@facebook.com,"09 de Julio",https://www.facebook.com/profile.php?id=100005342374449,,,"Ciudad Autónoma de Buenos Aires","Buenos Aires",Argentina,100005342374449,"Cristian Fernandez Villamor",https://www.facebook.com/cristian.fernandezvillamo
Coquito,Floreano,agustinfloreano@facebook.com,"09 de Julio",https://www.facebook.com/agustinfloreano,,,"Ciudad Autónoma de Buenos Aires","Buenos Aires",Argentina,1006343448,"Geru Sznek",https://www.facebook.com/gsznek
Jimena,Burkett,jimenaburkett@facebook.com,"09 de Julio",https://www.facebook.com/jimenaburkett,,"Buenos Aires","Buenos Aires","Buenos Aires",Argentina,1381586842,"Fett Maidana",0
Marcela,Mastrostefano,marcela.mastrostefano@facebook.com,"09 de Julio",https://www.facebook.com/marcela.mastrostefano,30,,"Ciudad Autónoma de Buenos Aires","Buenos Aires",Argentina,1094258039,"Maru Mastro",https://www.facebook.com/marielita
Pech,Swier,pechswier@facebook.com,"09 de Julio",https://www.facebook.com/pechswier,,,"Ciudad Autónoma de Buenos Aires","Buenos Aires",Argentina,523215572,"Ale Ponzo",https://www.facebook.com/alee.ponzo
Diego,Suver,diego.suver@facebook.com,"09 de Julio",https://www.facebook.com/diego.suver,34,,"Ciudad Autónoma de Buenos Aires","Buenos Aires",Argentina,1016306097,"Leonel Russo",https://www.facebook.com/leonel.russo
Analia,Simonatto,simonattoa@facebook.com,"09 de Julio",https://www.facebook.com/simonattoa,,,"Ciudad Autónoma de Buenos Aires","Buenos Aires",Argentina,1522021321,"Evangelina Dinatale de Biglieri",https://www.facebook.com/evangelina.dinataledebigl
Pablo,Vitti,pablo.vitti.5@facebook.com,"09 de Julio",https://www.facebook.com/pablo.vitti.5,,,"Ciudad Autónoma de Buenos Aires","Buenos Aires",Argentina,1147491358,"Anita Ghersinich",https://www.facebook.com/anita.ghersinich
"Xime Steff",Ortiz,ashleyximena.ortizdavila@facebook.com,"09 de Julio",https://www.facebook.com/ashleyximena.ortizdavila,,,"Ciudad Autónoma de Buenos Aires","Buenos Aires",Argentina,1547380993,"Sheyla Gutierrez Aguirre",https://www.facebook.com/sheylamarilyn.gutierrezag
Boris,Sarthe,boris.sarthe.7@facebook.com,"09 de Julio",https://www.facebook.com/boris.sarthe.7,29,,"Ciudad Autónoma de Buenos Aires","Buenos Aires",Argentina,100004340503459,"Tomi Rodriguez",
Natalia,Guerrieri,natalia.guerrieri1@facebook.com,"09 de Julio",https://www.facebook.com/natalia.guerrieri1,37,,"Ciudad Autónoma de Buenos Aires","Buenos Aires",Argentina,100002125438316,"Susan Romano",
Federico,Freund,federico.freund@facebook.com,"09 de Julio",https://www.facebook.com/federico.freund,34,,"Ciudad Autónoma de Buenos Aires","Buenos Aires",Argentina,706357374,"Natascha Stern",https://www.facebook.com/natascha.stern
Sebas,Scarinci,sebas.scarinci@facebook.com,"09 de Julio",https://www.facebook.com/sebas.scarinci,,,"Ciudad Autónoma de Buenos Aires","Buenos Aires",Argentina,577944506,"Alexia Garcia",https://www.facebook.com/garciaalexiia
Virginia,Benitez,virginia.benitez.14@facebook.com,"09 de Julio",https://www.facebook.com/virginia.benitez.14,33,,"Ciudad Autónoma de Buenos Aires","Buenos Aires",Argentina,1556790144,"Valeria Lardiez",https://www.facebook.com/valeria.lardiez
Mariano,Graña,mariano.m.grana@facebook.com,"09 de Julio",https://www.facebook.com/mariano.m.grana,,,"Ciudad Autónoma de Buenos Aires","Buenos Aires",Argentina,559845991,"Sergio Acosta",
Martín,Iribarne,jmiribarne@facebook.com,"09 de Julio",https://www.facebook.com/jmiribarne,,,"Ciudad Autónoma de Buenos Aires","Buenos Aires",Argentina,1103824601,"Marcela Hinckelmann",https://www.facebook.com/marcela.hinckelmann
Patricia,Iturriaga,patricia.iturriaga.3@facebook.com,"09 de Julio",https://www.facebook.com/patricia.iturriaga.3,,,"Ciudad Autónoma de Buenos Aires","Buenos Aires",Argentina,1186955212,"Marcela Baghino",https://www.facebook.com/marcela.baghino
Lucas,Gomez,lger2@facebook.com,"09 de Julio",https://www.facebook.com/lger2,28,,"Ciudad Autónoma de Buenos Aires","Buenos Aires",Argentina,1557818830,"Sergio Acosta",
Luciana,"Loria Bua",luciana.loriabua@facebook.com,"09 de Julio",https://www.facebook.com/luciana.loriabua,35,,"Ciudad Autónoma de Buenos Aires","Buenos Aires",Argentina,1665421000,"Carla Hermann",
Georgina,Lovekerberos,GinitaVu@facebook.com,"09 de Julio",https://www.facebook.com/GinitaVu,25,"Buenos Aires","Buenos Aires","Buenos Aires",Argentina,1026849648,"Camila Romano",0
Mauri,Williams,maurygroovewilliams@facebook.com,"09 de Julio",https://www.facebook.com/maurygroovewilliams,27,Olivos,Olivos,"Buenos Aires",Argentina,622956023,"Mili Mauro",https://www.facebook.com/milimauro
Carlos,Bermudez,carlos.bermudez.92@facebook.com,"09 de Julio",https://www.facebook.com/carlos.bermudez.92,36,,"Ciudad Autónoma de Buenos Aires","Buenos Aires",Argentina,1448255519,"Ruben Pacora",https://www.facebook.com/ruben.pacora
Esteban,Nanni,nanniesteban@facebook.com,"09 de Julio",https://www.facebook.com/nanniesteban,37,,"Ciudad Autónoma de Buenos Aires","Buenos Aires",Argentina,1017250738,"Mariana Graña",
Edgar,Sá,edgar.r.sa.9@facebook.com,"09 de Julio",https://www.facebook.com/edgar.r.sa.9,,,"Ciudad Autónoma de Buenos Aires","Buenos Aires",Argentina,1495354035,"Marina Castagnino",https://www.facebook.com/castagnino
Luis,Luna-Stapel,mun.kun@facebook.com,"09 de Julio",https://www.facebook.com/mun.kun,26,,"Ciudad Autónoma de Buenos Aires","Buenos Aires",Argentina,507601107,"Maureen Burton",
Mariela,Carugo,mariela.carugo@facebook.com,"09 de Julio",https://www.facebook.com/mariela.carugo,34,,"Ciudad Autónoma de Buenos Aires","Buenos Aires",Argentina,1580674070,"Natalia Tarelli",
Andres,"della Porta",andres.dellaporta.1@facebook.com,"09 de Julio",https://www.facebook.com/andres.dellaporta.1,,,"Ciudad Autónoma de Buenos Aires","Buenos Aires",Argentina,1622795432,"Maria Belén",
Diego,Ciancio,diego.ciancio.37@facebook.com,"09 de Julio",https://www.facebook.com/diego.ciancio.37,30,,"Ciudad Autónoma de Buenos Aires","Buenos Aires",Argentina,1342366401,"Maria Emilia Lopez Fonseca",
Nahu,Rubio,rubiolin@facebook.com,"09 de Julio",https://www.facebook.com/rubiolin,,"Villa Del Parque","Ciudad Autónoma de Buenos Aires","Distrito Federal",Argentina,1536412088,"Brian Cano",
Mariano,Zeitune,mariano.zeitune@facebook.com,"09 de Julio",https://www.facebook.com/mariano.zeitune,35,,"Ciudad Autónoma de Buenos Aires","Buenos Aires",Argentina,1728703258,"Sabrina Fuchs",
Fede,Muller,fede.muller.37@facebook.com,"09 de Julio",https://www.facebook.com/fede.muller.37,,,"Ciudad Autónoma de Buenos Aires","Buenos Aires",Argentina,636407121,"Juan Manuel Fotografo",https://www.facebook.com/JuanmaJMFotoEstudio
Matias,"Teran Frias",matias.teranfrias@facebook.com,"09 de Julio",https://www.facebook.com/matias.teranfrias,27,,"Ciudad Autónoma de Buenos Aires","Buenos Aires",Argentina,749588477,"Lucas Malaret",https://www.facebook.com/lmalaret
IShop,Palermo,ifrancomad@facebook.com,"09 de Julio",https://www.facebook.com/ifrancomad,,,"Ciudad Autónoma de Buenos Aires","Buenos Aires",Argentina,1220300619,"Alejandro G Sierra",https://www.facebook.com/alejandrogsierra
Camila,Blanco,camila.blanco.718@facebook.com,"09 de Julio",https://www.facebook.com/camila.blanco.718,,,"Ciudad Autónoma de Buenos Aires","Buenos Aires",Argentina,1054163928,"Mili Mauro",https://www.facebook.com/milimauro
Rosario,Gasparini,rosario.gasparini@facebook.com,"09 de Julio",https://www.facebook.com/rosario.gasparini,,,"Ciudad Autónoma de Buenos Aires","Buenos Aires",Argentina,1054964361,"Mili Mauro",https://www.facebook.com/milimauro
Agus,Olivieri,agus.olivieri.58@facebook.com,"09 de Julio",https://www.facebook.com/agus.olivieri.58,,,"Ciudad Autónoma de Buenos Aires","Buenos Aires",Argentina,1031545703,"Agus Garibaldi",https://www.facebook.com/agus.garibaldi
Juan,Emina,juan.emina@facebook.com,"09 de Julio",https://www.facebook.com/juan.emina,27,,"Ciudad Autónoma de Buenos Aires","Buenos Aires",Argentina,1619940279,"Veronica Olery",https://www.facebook.com/Vero.OLery
Sheila,Loy,sheila.loy.5@facebook.com,"09 de Julio",https://www.facebook.com/sheila.loy.5,,,"Ciudad Autónoma de Buenos Aires","Buenos Aires",Argentina,605950287,"Valentin Abelardo",https://www.facebook.com/valentin.abelardo
Romina,Laino,romina.laino@facebook.com,"09 de Julio",https://www.facebook.com/romina.laino,32,,"Ciudad Autónoma de Buenos Aires","Buenos Aires",Argentina,792192957,"Flor Scalise",https://www.facebook.com/flor.scalise
Lucho,Luciano,luciano.campodonico@facebook.com,"09 de Julio",https://www.facebook.com/luciano.campodonico,36,,"Ciudad Autónoma de Buenos Aires","Buenos Aires",Argentina,744382905,"Daiana Soledad Pintos",https://www.facebook.com/Sheena.is
Pilar,Pose,pilarpose@facebook.com,"09 de Julio",https://www.facebook.com/pilarpose,,,"Ciudad Autónoma de Buenos Aires","Buenos Aires",Argentina,710445070,"Flor Freixas",https://www.facebook.com/freichus
Naty,Vade,naty.vade@facebook.com,"09 de Julio",https://www.facebook.com/naty.vade,27,,"Ciudad Autónoma de Buenos Aires","Buenos Aires",Argentina,100002611404822,"La Rockeria",https://www.facebook.com/oveja1
Sale,"O Sale",sale.osale.1@facebook.com,"09 de Julio",https://www.facebook.com/sale.osale.1,,,"Ciudad Autónoma de Buenos Aires","Buenos Aires",Argentina,100002296867932,"Gisela Tesei",
Sabados,Pound,pound.roxy@facebook.com,"09 de Julio",https://www.facebook.com/pound.roxy,25,,"Ciudad Autónoma de Buenos Aires","Buenos Aires",Argentina,100001001869496,"Javier Potenza",
DebYon,Eventos,DebYonEventos@facebook.com,"09 de Julio",https://www.facebook.com/DebYonEventos,28,,"Ciudad Autónoma de Buenos Aires","Buenos Aires",Argentina,100000193840679,"Divino Vestuario Salve",https://www.facebook.com/salvedivinovestuario
Silva,Teatro,pablosilvateatro@facebook.com,"09 de Julio",https://www.facebook.com/pablosilvateatro,,,"Ciudad Autónoma de Buenos Aires","Buenos Aires",Argentina,1851618371,"Sofi Donantueno",https://www.facebook.com/sofi.donantueno
Escena,Catorce,escena.catorce@facebook.com,"09 de Julio",https://www.facebook.com/escena.catorce,,,"Ciudad Autónoma de Buenos Aires","Buenos Aires",Argentina,100000044034462,"Sofi Donantueno",https://www.facebook.com/sofi.donantueno
Karito,Sanchez,karito.sanchez.3532@facebook.com,"09 de Julio",https://www.facebook.com/karito.sanchez.3532,26,Boedo,"Ciudad Autónoma de Buenos Aires","Buenos Aires",Argentina,634258353,"Ruben Pacora",https://www.facebook.com/ruben.pacora
"Ver Para Sentir",Fotografía,verparasentir.fotografia@facebook.com,"09 de Julio",https://www.facebook.com/verparasentir.fotografia,,,"Ciudad Autónoma de Buenos Aires","Buenos Aires",Argentina,100002594034277,"Juan Manuel Fotografo",https://www.facebook.com/JuanmaJMFotoEstudio
Gimena,"Lima Jofre",gimena.limajofre@facebook.com,"09 de Julio",https://www.facebook.com/gimena.limajofre,,,"Ciudad Autónoma de Buenos Aires","Buenos Aires",Argentina,1127180343,"Yanina Battiato",
Mateo,Maggio,mateo.maggio.3@facebook.com,"09 de Julio",https://www.facebook.com/mateo.maggio.3,27,,"Ciudad Autónoma de Buenos Aires","Buenos Aires",Argentina,587528643,"Mechi Abud",https://www.facebook.com/mechi.abud
Sol,Canievsky,solcanievsky@facebook.com,"09 de Julio",https://www.facebook.com/solcanievsky,,,"Ciudad Autónoma de Buenos Aires","Buenos Aires",Argentina,1076505689,"Ariel Villarreal",
Estilo,Thailandia,estilo.thailandia@facebook.com,"09 de Julio",https://www.facebook.com/estilo.thailandia,35,Recoleta,"Ciudad Autónoma de Buenos Aires","Buenos Aires",Argentina,100000141905783,"Soledad Antunez",
Euro,Botines,eurobotines2013@facebook.com,"09 de Julio",https://www.facebook.com/eurobotines2013,25,,"Ciudad Autónoma de Buenos Aires","Buenos Aires",Argentina,100005609972156,"Facu Denegri",
Carolina,Cunial,carolina.cunial@facebook.com,"09 de Julio",https://www.facebook.com/carolina.cunial,,,"Ciudad Autónoma de Buenos Aires","Buenos Aires",Argentina,1042764579,"Carli Pellizzaro",https://www.facebook.com/Carlii
SeoHyun,Kim,seohyun.kim.1441@facebook.com,"09 de Julio",https://www.facebook.com/seohyun.kim.1441,26,"Buenos Aires","Buenos Aires","Buenos Aires",Argentina,100001967644347,"Alan Yun",0
Isaac,Meta,isaac.meta@facebook.com,"09 de Julio",https://www.facebook.com/isaac.meta,,,"Ciudad Autónoma de Buenos Aires","Buenos Aires",Argentina,12451969,"Melanie Azar",
Gloria,Mia,gloria.mia.58@facebook.com,"09 de Julio",https://www.facebook.com/gloria.mia.58,,,"Ciudad Autónoma de Buenos Aires","Buenos Aires",Argentina,100002568262118,"Florencia Garré",https://www.facebook.com/florencia.garre
Nicolas,Ramallo,nicolas.ramallo.313@facebook.com,"09 de Julio",https://www.facebook.com/nicolas.ramallo.313,32,,"Ciudad Autónoma de Buenos Aires","Buenos Aires",Argentina,501219540,"Matias Adanez",https://www.facebook.com/madanez
Ely,Losasso,eliana.losasso@facebook.com,"09 de Julio",https://www.facebook.com/eliana.losasso,,,"Ciudad Autónoma de Buenos Aires","Buenos Aires",Argentina,1219377006,"Tatiana Petroccelli",https://www.facebook.com/tanshanita
Natalia,Rodriguez,natalia.rodriguez.7921975@facebook.com,"09 de Julio",https://www.facebook.com/natalia.rodriguez.7921975,36,,"Ciudad Autónoma de Buenos Aires","Buenos Aires",Argentina,1313340726,"Marisa Laura Negri",https://www.facebook.com/mlnegri
Santiago,Casey,santiagokci@facebook.com,"09 de Julio",https://www.facebook.com/santiagokci,36,,"Ciudad Autónoma de Buenos Aires","Buenos Aires",Argentina,1330149162,"Charly de la Iglesia",
Adrian,Bonini,adrian.bonini@facebook.com,"09 de Julio",https://www.facebook.com/adrian.bonini,31,,"Ciudad Autónoma de Buenos Aires","Buenos Aires",Argentina,1124710429,"Sebastian Zarate",
Jose,Maria,jose.maria.372@facebook.com,"09 de Julio",https://www.facebook.com/jose.maria.372,29,,"Ciudad Autónoma de Buenos Aires","Buenos Aires",Argentina,803514538,"Silvia Grun",
Pili,Broggi,pili.broggi@facebook.com,"09 de Julio",https://www.facebook.com/pili.broggi,,,"Ciudad Autónoma de Buenos Aires","Buenos Aires",Argentina,100001448102768,"Joaquin Barraco",https://www.facebook.com/chino.barraco
Juan,Serra,juanpy77@facebook.com,"09 de Julio",https://www.facebook.com/juanpy77,28,,"Ciudad Autónoma de Buenos Aires","Buenos Aires",Argentina,703158705,"Ruben Pacora",https://www.facebook.com/ruben.pacora
Mena,Mena,Mena26@facebook.com,"09 de Julio",https://www.facebook.com/Mena26,31,,"Ciudad Autónoma de Buenos Aires","Buenos Aires",Argentina,1041429278,"Dani Escala",https://www.facebook.com/danielaescala
Santiago,Cosimano,santiago.cosimano@facebook.com,"09 de Julio",https://www.facebook.com/santiago.cosimano,29,,"Ciudad Autónoma de Buenos Aires","Buenos Aires",Argentina,520802574,"Antonella La Torre",
Cristian,"DAngelo Modelo",Cristian.D.Angelo.Modelo@facebook.com,"09 de Julio",https://www.facebook.com/Cristian.D.Angelo.Modelo,,Recoleta,"Ciudad Autónoma de Buenos Aires","Buenos Aires",Argentina,100000915255454,"Jessica Bellomo",https://www.facebook.com/JessBellomo
Rocio,"Doukler Fotografía",rocio.douklerfotografia@facebook.com,"09 de Julio",https://www.facebook.com/rocio.douklerfotografia,,,"Ciudad Autónoma de Buenos Aires","Buenos Aires",Argentina,100000916129075,"Jessica Bellomo",https://www.facebook.com/JessBellomo
Richard,Deisernia,richard.deisernia@facebook.com,"09 de Julio",https://www.facebook.com/richard.deisernia,,,"Ciudad Autónoma de Buenos Aires","Buenos Aires",Argentina,646321288,"Martin Menini",https://www.facebook.com/martin.menini
Corina,"Pur Caro",CorinaOrganizacion@facebook.com,"09 de Julio",https://www.facebook.com/CorinaOrganizacion,33,,"Ciudad Autónoma de Buenos Aires","Buenos Aires",Argentina,100000792164470,"Flor Scalise",https://www.facebook.com/flor.scalise
Mariano,Rivero,mariano.a.rivero@facebook.com,"09 de Julio",https://www.facebook.com/mariano.a.rivero,,,"Ciudad Autónoma de Buenos Aires","Buenos Aires",Argentina,1404319478,"Sumatra Shows",https://www.facebook.com/sumatrashows
Elreo,"Por Elreo",elreo.porelreo@facebook.com,"09 de Julio",https://www.facebook.com/elreo.porelreo,,,"Ciudad Autónoma de Buenos Aires","Buenos Aires",Argentina,825907102,"Alejandra Ale Roldan",
Esperanza,"San Miguel",esperanza.sanmiguel.5@facebook.com,"09 de Julio",https://www.facebook.com/esperanza.sanmiguel.5,35,,"Ciudad Autónoma de Buenos Aires","Buenos Aires",Argentina,100000617408585,"Alina Gálvez Lynch",https://www.facebook.com/alina.galvez
Sara,Hebe,sara.hebe.5@facebook.com,"09 de Julio",https://www.facebook.com/sara.hebe.5,31,,"Ciudad Autónoma de Buenos Aires","Buenos Aires",Argentina,1051909237,"Juli Castellano",https://www.facebook.com/Juliiiiiiy
August,Deer,elmisteriodelciervo@facebook.com,"09 de Julio",https://www.facebook.com/elmisteriodelciervo,35,,"Ciudad Autónoma de Buenos Aires","Buenos Aires",Argentina,1043393300,"Miqui Berriòs",https://www.facebook.com/miqui.berrios
Juampi,Cajal,jpcajal@facebook.com,"09 de Julio",https://www.facebook.com/jpcajal,32,,"Ciudad Autónoma de Buenos Aires","Buenos Aires",Argentina,1154813984,"Florencia Ferrari",https://www.facebook.com/florenciaferrari.1403
Litay,Doval,litay.doval@facebook.com,"09 de Julio",https://www.facebook.com/litay.doval,,"Buenos Aires","Buenos Aires","Buenos Aires",Argentina,653851090,"Alejandro Dixon",0
Mariana,Falk,marianafalk@facebook.com,"09 de Julio",https://www.facebook.com/marianafalk,32,"Buenos Aires","Buenos Aires","Buenos Aires",Argentina,1151952294,"Pablo Peretti",0
Diego,Parengo,diego.parengo@facebook.com,"09 de Julio",https://www.facebook.com/diego.parengo,31,"La Boca","Ciudad Autónoma de Buenos Aires","Buenos Aires",Argentina,742693643,"Nicolás Marano",https://www.facebook.com/nicolasmarano10
Silvina,"De Armas",sil.dearmas@facebook.com,"09 de Julio",https://www.facebook.com/sil.dearmas,,,"Ciudad Autónoma de Buenos Aires","Buenos Aires",Argentina,1346306731,"Cana Cilley",https://www.facebook.com/cana.cilley
Fiera,"Feria Americana",fiera.feriaamericana@facebook.com,"09 de Julio",https://www.facebook.com/fiera.feriaamericana,,,"Ciudad Autónoma de Buenos Aires","Buenos Aires",Argentina,100004100768505,"Ailin Majeras",https://www.facebook.com/ailin.majeras
Maximiliano,Yoguel,maximiliano.yoguel.7@facebook.com,"09 de Julio",https://www.facebook.com/maximiliano.yoguel.7,,,"Ciudad Autónoma de Buenos Aires","Buenos Aires",Argentina,1475778242,"Jessica Pacente",https://www.facebook.com/jessica.pacente
Trio,"Obra Teatral",tirioobrateatral@facebook.com,"09 de Julio",https://www.facebook.com/tirioobrateatral,30,,"Ciudad Autónoma de Buenos Aires","Buenos Aires",Argentina,100005843371165,"Gabriel Gutierrez",
Camila,Daniela,kiacmirando@facebook.com,"09 de Julio",https://www.facebook.com/kiacmirando,,,"Ciudad Autónoma de Buenos Aires","Buenos Aires",Argentina,100000980649972,"Nicolás García",https://www.facebook.com/Niccccccccco
"Te Visto",Loca,tevisto.bonita@facebook.com,"09 de Julio",https://www.facebook.com/tevisto.bonita,,,"Ciudad Autónoma de Buenos Aires","Buenos Aires",Argentina,100004137663194,"Ailin Majeras",https://www.facebook.com/ailin.majeras
Ignacio,Mazza,ignacio.mazza.7@facebook.com,"09 de Julio",https://www.facebook.com/ignacio.mazza.7,,,"Ciudad Autónoma de Buenos Aires","Buenos Aires",Argentina,100000086134905,"Evangelina Araoz",https://www.facebook.com/evangelina.araoz
Cristian,"Gonzalez Soriano",cristian.gonzalezsoriano@facebook.com,"09 de Julio",https://www.facebook.com/cristian.gonzalezsoriano,,,"Ciudad Autónoma de Buenos Aires","Buenos Aires",Argentina,565317859,"Chechu Acea",
Mane,Schlishting,mane.violeta@facebook.com,"09 de Julio",https://www.facebook.com/mane.violeta,,,"Ciudad Autónoma de Buenos Aires","Buenos Aires",Argentina,547543224,"Soledad Antunez",
Charly,Borja,charly.borja.77@facebook.com,"09 de Julio",https://www.facebook.com/charly.borja.77,,,"Ciudad Autónoma de Buenos Aires","Buenos Aires",Argentina,100000074177634,"Miqui Berriòs",https://www.facebook.com/miqui.berrios
Andrea,Gonzalez,Andii.Gonzalez@facebook.com,"09 de Julio",https://www.facebook.com/Andii.Gonzalez,,,"Ciudad Autónoma de Buenos Aires","Buenos Aires",Argentina,578287059,"Agustin Justin",https://www.facebook.com/Agustin.Justin
Pilu,Montaron,piluu.montaron@facebook.com,"09 de Julio",https://www.facebook.com/piluu.montaron,,,"Ciudad Autónoma de Buenos Aires","Buenos Aires",Argentina,755114871,"Aylu Macchi",
Ces,Stankunas,ces.stankunas@facebook.com,"09 de Julio",https://www.facebook.com/ces.stankunas,,"Buenos Aires","Buenos Aires","Buenos Aires",Argentina,1411415552,"Peter GC",0
Cali,"Martinez Larrea",cali.martinezlarrea@facebook.com,"09 de Julio",https://www.facebook.com/cali.martinezlarrea,,,"Ciudad Autónoma de Buenos Aires","Buenos Aires",Argentina,1200480834,"Florencia Pellegrino",
Ines,Camacho,@facebook.com,"09 de Julio",https://www.facebook.com/profile.php?id=678259206,,Olivos,Olivos,"Buenos Aires",Argentina,678259206,"Juan Martin Segre",https://www.facebook.com/juan.segre
Natalia,Cañete,natalia.canete.106@facebook.com,"09 de Julio",https://www.facebook.com/natalia.canete.106,,,"Ciudad Autónoma de Buenos Aires","Buenos Aires",Argentina,100004471838063,"Ezequiel Sebastian Berardi",https://www.facebook.com/EzErAsTa
Franco,"Favini Ragone",francofavini@facebook.com,"09 de Julio",https://www.facebook.com/francofavini,,,"Ciudad Autónoma de Buenos Aires","Buenos Aires",Argentina,601448544,"Ricardo Caballero Mieres",https://www.facebook.com/Ricky.CM77
"Juan Ignacio",Torrente,juanignacio.torrente@facebook.com,"09 de Julio",https://www.facebook.com/juanignacio.torrente,28,,"Ciudad Autónoma de Buenos Aires","Buenos Aires",Argentina,100002378403527,"Andrea Paola Acorinti",https://www.facebook.com/andrea.acorinti
Sol,Ceffalotti,sol.ceffalotti@facebook.com,"09 de Julio",https://www.facebook.com/sol.ceffalotti,26,,"Ciudad Autónoma de Buenos Aires","Buenos Aires",Argentina,1098595536,"Guido Moncayo",https://www.facebook.com/guido.moncayo
Caprese,Tarteria,caprese.tarteria@facebook.com,"09 de Julio",https://www.facebook.com/caprese.tarteria,,,"Ciudad Autónoma de Buenos Aires","Buenos Aires",Argentina,100000193171223,"Carla Ferro",https://www.facebook.com/carla.ferro
Yamila,Correa,yamilagabriela.correa@facebook.com,"09 de Julio",https://www.facebook.com/yamilagabriela.correa,29,,"Ciudad Autónoma de Buenos Aires","Buenos Aires",Argentina,1105222036,"Natalia Rosensvaich",https://www.facebook.com/Rochen
Ale,Criss,cristinaalejandracrespo@facebook.com,"09 de Julio",https://www.facebook.com/cristinaalejandracrespo,,Recoleta,"Ciudad Autónoma de Buenos Aires","Buenos Aires",Argentina,1452081947,"Agustin Justin",https://www.facebook.com/Agustin.Justin
DebYon,Eventos,organizando.tus.eventos@facebook.com,"09 de Julio",https://www.facebook.com/organizando.tus.eventos,,,"Ciudad Autónoma de Buenos Aires","Buenos Aires",Argentina,100001174112674,"Flor Scalise",https://www.facebook.com/flor.scalise
Maria,"Garcia Rivas",maris.garcia.rivas@facebook.com,"09 de Julio",https://www.facebook.com/maris.garcia.rivas,,,"Ciudad Autónoma de Buenos Aires","Buenos Aires",Argentina,100000471493846,"Rocío Martínez",https://www.facebook.com/rochi.belen
Pelado,Ojeda,pelado.ojeda@facebook.com,"09 de Julio",https://www.facebook.com/pelado.ojeda,,,"Ciudad Autónoma de Buenos Aires","Buenos Aires",Argentina,1441659162,"Manu Dadaglio",
Magui,Bello,magui.bello.18@facebook.com,"09 de Julio",https://www.facebook.com/magui.bello.18,31,,"Ciudad Autónoma de Buenos Aires","Buenos Aires",Argentina,718511129,"Anita Ghersinich",https://www.facebook.com/anita.ghersinich
Federico,Parra,federico.parra.10@facebook.com,"09 de Julio",https://www.facebook.com/federico.parra.10,,,"Ciudad Autónoma de Buenos Aires","Buenos Aires",Argentina,1402087007,"Antonella La Torre",
Gabriela,Ludueña,Vidabella2@facebook.com,"09 de Julio",https://www.facebook.com/Vidabella2,34,,"Ciudad Autónoma de Buenos Aires","Buenos Aires",Argentina,1368968319,"Felicitas Ghigliotti",https://www.facebook.com/felicitas.ghigliotti
Ulises,Garay,ulises.garay@facebook.com,"09 de Julio",https://www.facebook.com/ulises.garay,30,,"Ciudad Autónoma de Buenos Aires","Buenos Aires",Argentina,1347224801,"Manu Monge",
Facun,Dean,facun.dean@facebook.com,"09 de Julio",https://www.facebook.com/facun.dean,25,,"Ciudad Autónoma de Buenos Aires","Buenos Aires",Argentina,100001198511786,"Romi Flores",
Regi,Museyri,regi.museyri@facebook.com,"09 de Julio",https://www.facebook.com/regi.museyri,,,"Ciudad Autónoma de Buenos Aires","Buenos Aires",Argentina,1080980005,"Fran L. Ocampo",https://www.facebook.com/franco
Safe,Inmuebles,safe.inmuebles@facebook.com,"09 de Julio",https://www.facebook.com/safe.inmuebles,,Liniers,"Ciudad Autónoma de Buenos Aires","Buenos Aires",Argentina,1813873871,"Valeria Ayala",
Ceci,Marx,ceci.marx@facebook.com,"09 de Julio",https://www.facebook.com/ceci.marx,27,,"Ciudad Autónoma de Buenos Aires","Buenos Aires",Argentina,342800011,"Guido Blarasin",https://www.facebook.com/guido.blarasin
Eze,Cun,@facebook.com,"09 de Julio",https://www.facebook.com/profile.php?id=100008021101323,28,,"Ciudad Autónoma de Buenos Aires","Buenos Aires",Argentina,100008021101323,"Cynthia Tatiana Martinez Neves",https://www.facebook.com/cynthiatatiana.martinezne
Leo,Anzalone,leo.anzalone@facebook.com,"09 de Julio",https://www.facebook.com/leo.anzalone,25,,"Ciudad Autónoma de Buenos Aires","Buenos Aires",Argentina,100001583982020,"Lucía Lopez Aleman",https://www.facebook.com/marialucialopezaleman
Fabiola,Muñoz,fabiolamunozchaby@facebook.com,"09 de Julio",https://www.facebook.com/fabiolamunozchaby,,,"Ciudad Autónoma de Buenos Aires","Buenos Aires",Argentina,1521110865,"Fabio Ezequiel Farruggio",https://www.facebook.com/ffachurro
Flor,Luna,FlorLu97@facebook.com,"09 de Julio",https://www.facebook.com/FlorLu97,,,"Ciudad Autónoma de Buenos Aires","Buenos Aires",Argentina,1002948192,"Alan Volper",https://www.facebook.com/alan.volper
Martín,Galván,MarToGalvan@facebook.com,"09 de Julio",https://www.facebook.com/MarToGalvan,32,,"Ciudad Autónoma de Buenos Aires","Buenos Aires",Argentina,652821227,"Carolina Del Campo",https://www.facebook.com/carolina.delcampo2
Facu,Guaycochea,facu.guaycochea@facebook.com,"09 de Julio",https://www.facebook.com/facu.guaycochea,25,,"Ciudad Autónoma de Buenos Aires","Buenos Aires",Argentina,1071807816,"July Jaluff",https://www.facebook.com/july.jaluff
Maria,Mu,freestyling@facebook.com,"09 de Julio",https://www.facebook.com/freestyling,29,,"Ciudad Autónoma de Buenos Aires","Buenos Aires",Argentina,541132734,"Charly Ruez",https://www.facebook.com/charly.ruez
Graciela,Francino,graciela.francino@facebook.com,"09 de Julio",https://www.facebook.com/graciela.francino,,,"Ciudad Autónoma de Buenos Aires","Buenos Aires",Argentina,100002074734086,"Noelia Ferrari",https://www.facebook.com/noeliavf
Santiago,Estarriaga,santiago.estarriaga@facebook.com,"09 de Julio",https://www.facebook.com/santiago.estarriaga,,,"Ciudad Autónoma de Buenos Aires","Buenos Aires",Argentina,732821865,"Caro Juarez",https://www.facebook.com/carolinacjuarez
Sebastian,Caubet,sirkubt@facebook.com,"09 de Julio",https://www.facebook.com/sirkubt,31,Saavedra,"Ciudad Autónoma de Buenos Aires","Buenos Aires",Argentina,1043310702,"Carla Ferro",https://www.facebook.com/carla.ferro
Ruben,Andreatta,ruben.andreatta@facebook.com,"09 de Julio",https://www.facebook.com/ruben.andreatta,,,"Ciudad Autónoma de Buenos Aires","Buenos Aires",Argentina,1427647519,"Alejandro G Sierra",https://www.facebook.com/alejandrogsierra
Viviana,Sider,vivianametal@facebook.com,"09 de Julio",https://www.facebook.com/vivianametal,,,"Ciudad Autónoma de Buenos Aires","Buenos Aires",Argentina,1675702623,"La Rockeria",https://www.facebook.com/oveja1
