Nombre,Apellido,"Email Facebook",Cumpleaños,"Usuario Facebook",Edad,Barrio,Ciudad,Provincia,Pais,"ID Facebook","Amigo De","Amigo De (Usuario)",rebound
Delfi,Higaa,delfi.higa@facebook.com,"15 de Enero",https://www.facebook.com/delfi.higa,27,,"Ciudad Autónoma de Buenos Aires","Buenos Aires",Argentina,100003265527654,"Silvia Grun",,1
"Prof. Sergio",Postigo,prof.sergio.postigo@facebook.com,"15 de Enero",https://www.facebook.com/prof.sergio.postigo,,,"Ciudad Autónoma de Buenos Aires","Buenos Aires",Argentina,583171019,"Rodrigo Alonso",https://www.facebook.com/rodrigojalonso,1
Rodrigo,Naboulet,rodrigo.naboulet@facebook.com,"15 de Enero",https://www.facebook.com/rodrigo.naboulet,23,,"Ciudad Autónoma de Buenos Aires","Buenos Aires",Argentina,100000957377555,"Ian Szejner",,1
Jxi,Capital,jovenesxigualdad@facebook.com,"15 de Enero",https://www.facebook.com/jovenesXigualdad,,,"Ciudad Autónoma de Buenos Aires","Buenos Aires",Argentina,100000329453382,"Maria DEL Mar",,1
Loli,Sarmiento,loli.sarmiento.3114@facebook.com,"15 de Enero",https://www.facebook.com/loli.sarmiento.3114,28,"Buenos Aires","Buenos Aires","Buenos Aires",Argentina,100004142376741,"Juan Pablo Aleman",0,1
Juan,"Martín Giménez",juan.martingimenez.50@facebook.com,"15 de Enero",https://www.facebook.com/juan.martingimenez.50,22,,"Ciudad Autónoma de Buenos Aires","Buenos Aires",Argentina,802054484,"Gonzalo Bussetti",https://www.facebook.com/gonzalo.bussetti,1
Constanza,Oubeid,cfernandezoub@facebook.com,"15 de Enero",https://www.facebook.com/cfernandezoub,22,Boedo,"Ciudad Autónoma de Buenos Aires","Buenos Aires",Argentina,1250382963,"Daiana Soledad Pintos",https://www.facebook.com/Sheena.is,1
Carla,Suarez,carla.suarez.798@facebook.com,"15 de Enero",https://www.facebook.com/carla.suarez.798,,,"Ciudad Autónoma de Buenos Aires","Buenos Aires",Argentina,1009664663,"Lucrecia Martinez",https://www.facebook.com/lucrecia.martinez,1
Ágata,Kurdziel,agata.m.kurdziel@facebook.com,"15 de Enero",https://www.facebook.com/agata.m.kurdziel,,,"Ciudad Autónoma de Buenos Aires","Buenos Aires",Argentina,1043558212,"Pato Pagano",https://www.facebook.com/pato.p111,1
Yamila,Barrera,yamila.barrera.52@facebook.com,"15 de Enero",https://www.facebook.com/yamila.barrera.52,28,,"Ciudad Autónoma de Buenos Aires","Buenos Aires",Argentina,100000266323791,"Lucas Alegre",,1
Federico,Hourcade,federicohourcade@facebook.com,"15 de Enero",https://www.facebook.com/federicohourcade,,"Buenos Aires","Buenos Aires","Buenos Aires",Argentina,1057616683,"Sofia Reinoso",0,1
Cami,Ripo,cami.ripo@facebook.com,"15 de Enero",https://www.facebook.com/cami.ripo,,,"Ciudad Autónoma de Buenos Aires","Buenos Aires",Argentina,100001305830537,"Emiliano Pirolo",https://www.facebook.com/emi.pirolo,1
Julián,Leguizamón,julianperfecto@facebook.com,"15 de Enero",https://www.facebook.com/JulianPerfecto,,,"Ciudad Autónoma de Buenos Aires","Buenos Aires",Argentina,1056420658,"Agustin Justin",https://www.facebook.com/Agustin.Justin,1
Matias,Seifert,matias.seifert@facebook.com,"15 de Enero",https://www.facebook.com/matias.seifert,,,"Ciudad Autónoma de Buenos Aires","Buenos Aires",Argentina,1426334629,"Alan Volper",https://www.facebook.com/alan.volper,1
Pilar,Cortese,pilu.corte@facebook.com,"15 de Enero",https://www.facebook.com/pilu.corte,,,"Ciudad Autónoma de Buenos Aires","Buenos Aires",Argentina,1809130436,"Vicky Diaz",,1
Enferiamina,"Feria Americana",enferiamina@facebook.com,"15 de Enero",https://www.facebook.com/enferiamina,,,"Ciudad Autónoma de Buenos Aires","Buenos Aires",Argentina,100003824169683,"Flor Rossi",,1
Blanco,Dorita,blanco.dorita@facebook.com,"15 de Enero",https://www.facebook.com/blanco.dorita,,,"Ciudad Autónoma de Buenos Aires","Buenos Aires",Argentina,1581463151,"Alicia Kosem",https://www.facebook.com/alicia.kosem,1
Bombones,Misericordia,bombones.misericordia.7@facebook.com,"15 de Enero",https://www.facebook.com/bombones.misericordia.7,,,"Ciudad Autónoma de Buenos Aires","Buenos Aires",Argentina,100001504401554,"Agustina Gorrini",https://www.facebook.com/agustina.gorrini,1
Matias,Saggese,matias.saggese@facebook.com,"15 de Enero",https://www.facebook.com/matias.saggese,,,"Ciudad Autónoma de Buenos Aires","Buenos Aires",Argentina,1435762776,"Vanesa Myrna Ojeda",,1
Martin,Manobla,martinmanobla@facebook.com,"15 de Enero",https://www.facebook.com/martinmanobla,,,"Ciudad Autónoma de Buenos Aires","Buenos Aires",Argentina,700646991,"Sele Raimundo",https://www.facebook.com/sele.raimundo,1
Rafa,Encabo,rafa.encabo@facebook.com,"15 de Enero",https://www.facebook.com/rafa.encabo,,,"Ciudad Autónoma de Buenos Aires","Buenos Aires",Argentina,710123475,"Evelina Ferreira",,1
Patricia,Juarez,patriciabeatriz.juarez.3@facebook.com,"15 de Enero",https://www.facebook.com/patriciabeatriz.juarez.3,22,,"Ciudad Autónoma de Buenos Aires","Buenos Aires",Argentina,100004217617292,"Emanuel Pusi Gómez",https://www.facebook.com/pusi56,1
Sofi,Nuñez,sofi.nunez.313@facebook.com,"15 de Enero",https://www.facebook.com/sofi.nunez.313,22,"Buenos Aires","Buenos Aires","Buenos Aires",Argentina,1311885323,"Fabi Cepeda",0,1
Ro,Vitale,ro.vitale@facebook.com,"15 de Enero",https://www.facebook.com/ro.vitale,,,"Ciudad Autónoma de Buenos Aires","Buenos Aires",Argentina,1158100062,"La Rockeria",https://www.facebook.com/oveja1,1
Carolina,Speroni,carolina.speroni.5@facebook.com,"15 de Enero",https://www.facebook.com/carolina.speroni.5,,,"Ciudad Autónoma de Buenos Aires","Buenos Aires",Argentina,1540983487,"Pamela Gil",https://www.facebook.com/pamelagil,1
Daiana,"Brea Re Max",daianabrearemaxtotalv@facebook.com,"15 de Enero",https://www.facebook.com/daianabrearemaxtotalv,26,,"Ciudad Autónoma de Buenos Aires","Buenos Aires",Argentina,100007173285303,"Natalia Vaccaro",,1
"La Velada",Folclore,santi.whains@facebook.com,"15 de Enero",https://www.facebook.com/santi.whains,,,"Ciudad Autónoma de Buenos Aires","Buenos Aires",Argentina,1759222411,"Maria Quevedo",https://www.facebook.com/mery.quevedo3,1
Flor,Diana,flor.diana1@facebook.com,"15 de Enero",https://www.facebook.com/flor.diana1,,,"Ciudad Autónoma de Buenos Aires","Buenos Aires",Argentina,634620968,"Tomas Zocca",https://www.facebook.com/tomyzocca,1
Angel,Cambart,angelcambart@facebook.com,"15 de Enero",https://www.facebook.com/angelcambart,26,,"Ciudad Autónoma de Buenos Aires","Buenos Aires",Argentina,804715127,"Joaquin Perez Flenche",,1
Iwe,Viajes,iwe.viajes@facebook.com,"15 de Enero",https://www.facebook.com/iwe.viajes,24,,"Ciudad Autónoma de Buenos Aires","Buenos Aires",Argentina,100000640764488,"Marcelo Di Salvo",,1
Pauly,Benitez,pauly.benitez.52@facebook.com,"15 de Enero",https://www.facebook.com/pauly.benitez.52,24,"Buenos Aires","Buenos Aires","Buenos Aires",Argentina,100003747565633,"Alan Yun",0,1
Capacitación,"Megatlon Escuela",megatlon.escuelacapacitacion@facebook.com,"15 de Enero",https://www.facebook.com/megatlon.escuelacapacitacion,28,,"Ciudad Autónoma de Buenos Aires","Buenos Aires",Argentina,100000382930099,"Miranda Toderi",https://www.facebook.com/miranda.toderi,1
Martin,Canosa,martinemanuelcanosa@facebook.com,"15 de Enero",https://www.facebook.com/martinemanuelcanosa,,,"Ciudad Autónoma de Buenos Aires","Buenos Aires",Argentina,100000651090299,"Gabi López",,1
Kia,Cacchione,kia.cacchione.1@facebook.com,"15 de Enero",https://www.facebook.com/kia.cacchione.1,24,,"Ciudad Autónoma de Buenos Aires","Buenos Aires",Argentina,100001221592734,"Evelina Ferreira",,1
Coronadas,Diseño,coronadas.diseno@facebook.com,"15 de Enero",https://www.facebook.com/coronadas.diseno,,,"Ciudad Autónoma de Buenos Aires","Buenos Aires",Argentina,100002033408047,"Ivon Andersson",https://www.facebook.com/ivon.andersson,1
Vale,Matto,vale.matto.3@facebook.com,"15 de Enero",https://www.facebook.com/vale.matto.3,28,,"Ciudad Autónoma de Buenos Aires","Buenos Aires",Argentina,100001526825097,"Tatiana Petroccelli",https://www.facebook.com/tanshanita,1
Uopa,Fiesta,uopa.fiesta@facebook.com,"15 de Enero",https://www.facebook.com/uopa.fiesta,28,,"Ciudad Autónoma de Buenos Aires","Buenos Aires",Argentina,100002283010504,"Joaquin Perez Flenche",,1
Paula,Cabral,paula.cabral.9655@facebook.com,"15 de Enero",https://www.facebook.com/paula.cabral.9655,,,"Ciudad Autónoma de Buenos Aires","Buenos Aires",Argentina,100002950503276,"Susan Romano",,1
Estudio,Tres,tres.estudio@facebook.com,"15 de Enero",https://www.facebook.com/tres.estudio,,,"Ciudad Autónoma de Buenos Aires","Buenos Aires",Argentina,100000628138318,"Estefi Willis",https://www.facebook.com/estefi.willis,1
Marilina,"Fernandez Duza",marilina.fernandez@facebook.com,"15 de Enero",https://www.facebook.com/marilina.fernandez,,,"Ciudad Autónoma de Buenos Aires","Buenos Aires",Argentina,1176372127,"Pamela Garrote",https://www.facebook.com/pamela.garrote,1
Jessy,Fernandez,jessy.fernandez.315428@facebook.com,"15 de Enero",https://www.facebook.com/jessy.fernandez.315428,,,"Ciudad Autónoma de Buenos Aires","Buenos Aires",Argentina,100006553245111,"Natalia Tarelli",,1
Facundo,Alegria,facundo.alegria@facebook.com,"15 de Enero",https://www.facebook.com/facundo.alegria,,,"Ciudad Autónoma de Buenos Aires","Buenos Aires",Argentina,603770957,"Vanina Lopez Baroni",https://www.facebook.com/vaninalb,1
Karolina,Hawtin,karolina.facio@facebook.com,"15 de Enero",https://www.facebook.com/karolina.facio,,,"Ciudad Autónoma de Buenos Aires","Buenos Aires",Argentina,1575395884,"Miqui Berriòs",https://www.facebook.com/miqui.berrios,1
Rodrigo,Ezequiel,roez.feba@facebook.com,"15 de Enero",https://www.facebook.com/roez.feba,25,,"Ciudad Autónoma de Buenos Aires","Buenos Aires",Argentina,100002895962946,"Amalia Gomes",,1
Pablo,Olbap,pablogermanhulgich@facebook.com,"15 de Enero",https://www.facebook.com/pablogermanhulgich,,,"Ciudad Autónoma de Buenos Aires","Buenos Aires",Argentina,100002135298549,"Franco Marcoccia",https://www.facebook.com/franco.marcoccia,1
Agustin,Lamm,agustin.lamm@facebook.com,"15 de Enero",https://www.facebook.com/agustin.lamm,,"Buenos Aires","Buenos Aires","Buenos Aires",Argentina,529497911,"Patrick Fernando Kushner L",0,1
Fede,Galibert,fede.goup@facebook.com,"15 de Enero",https://www.facebook.com/Fede.GoUp,,,"Ciudad Autónoma de Buenos Aires","Buenos Aires",Argentina,1028910187,"Axx Agustin",https://www.facebook.com/Ax.Agustin,1
Iñigo,Basombrio,inigobaso@facebook.com,"16 de Enero",https://www.facebook.com/inigobaso,,,"Ciudad Autónoma de Buenos Aires","Buenos Aires",Argentina,100001676008409,"Felipe Vidal",https://www.facebook.com/Feelipe.vp,1
"Juan Pablo",Chieffa,jchieffa@facebook.com,"16 de Enero",https://www.facebook.com/jchieffa,27,,"Ciudad Autónoma de Buenos Aires","Buenos Aires",Argentina,1068889345,"Alejandro Cocktila Acosta",https://www.facebook.com/alejandro.acosta,1
Paula,Leiva,pauli.leiva.58@facebook.com,"16 de Enero",https://www.facebook.com/pauli.leiva.58,30,,"Ciudad Autónoma de Buenos Aires","Buenos Aires",Argentina,1578611476,"Nadia Vannessa",https://www.facebook.com/nadiavannessa18,1
Manuela,Román,manuela.f.roman@facebook.com,"16 de Enero",https://www.facebook.com/manuela.f.roman,,,"Ciudad Autónoma de Buenos Aires","Buenos Aires",Argentina,100002600362073,"Ale Arias Mandarine Park",,1
Adriana,"Suarez Cadiac",adriana.suarezcadiac@facebook.com,"16 de Enero",https://www.facebook.com/adriana.suarezcadiac,,,"Ciudad Autónoma de Buenos Aires","Buenos Aires",Argentina,1017165404,"Barby Suarez",https://www.facebook.com/barby1522,1
Lucas,Mailland,lucasmailland@facebook.com,"16 de Enero",https://www.facebook.com/lucasmailland,25,,"Ciudad Autónoma de Buenos Aires","Buenos Aires",Argentina,1549533294,"Rochi Christensen",https://www.facebook.com/rochi.christensen,1
Jime,Medina,jime.medina.33@facebook.com,"16 de Enero",https://www.facebook.com/jime.medina.33,,,"Ciudad Autónoma de Buenos Aires","Buenos Aires",Argentina,1803522666,"Tamara Pereyra",,1
Fede,Feite,fede.feite@facebook.com,"16 de Enero",https://www.facebook.com/fede.feite,,,"Ciudad Autónoma de Buenos Aires","Buenos Aires",Argentina,100000466505115,"Nano Vaquer",,1
Ihona,Tempura,ihona.tempura@facebook.com,"16 de Enero",https://www.facebook.com/ihona.tempura,,,"Ciudad Autónoma de Buenos Aires","Buenos Aires",Argentina,1260847209,"Miqui Berriòs",https://www.facebook.com/miqui.berrios,1
Elias,Pereira,elias.pereira.3958@facebook.com,"16 de Enero",https://www.facebook.com/elias.pereira.3958,25,,"Ciudad Autónoma de Buenos Aires","Buenos Aires",Argentina,100000947785572,"Sofu Maddonni",https://www.facebook.com/ssofiia,1
Melina,Peregal,melina.peregal@facebook.com,"16 de Enero",https://www.facebook.com/melina.peregal,,,"Ciudad Autónoma de Buenos Aires","Buenos Aires",Argentina,639906775,"Michelle Fingeret",https://www.facebook.com/michelle.fingeret,1
Macarena,"Pires Diz",macarena.piresdiz@facebook.com,"16 de Enero",https://www.facebook.com/macarena.piresdiz,24,,"Ciudad Autónoma de Buenos Aires","Buenos Aires",Argentina,1228060704,"Gonzalo Bussetti",https://www.facebook.com/gonzalo.bussetti,1
Facu,Isgleas,facuisgleas@facebook.com,"16 de Enero",https://www.facebook.com/facuisgleas,26,,"Ciudad Autónoma de Buenos Aires","Buenos Aires",Argentina,1095483492,"Barby Suarez",https://www.facebook.com/barby1522,1
Enzo,Tommasi,enzo.a.tommasi@facebook.com,"16 de Enero",https://www.facebook.com/enzo.a.tommasi,,,"Ciudad Autónoma de Buenos Aires","Buenos Aires",Argentina,100005134326952,"Vanina Lopez Baroni",https://www.facebook.com/vaninalb,1
Roman,Elmo,romanelmo@facebook.com,"16 de Enero",https://www.facebook.com/romanelmo,,,"Ciudad Autónoma de Buenos Aires","Buenos Aires",Argentina,631227091,"Alejandro Amitrano",,1
Tu,Habitacion,tuhabitacionbuenosaires@facebook.com,"16 de Enero",https://www.facebook.com/tuhabitacionbuenosaires,,,"Ciudad Autónoma de Buenos Aires","Buenos Aires",Argentina,100000622822309,"Camila Gonzalez C",https://www.facebook.com/letmerocknrollyou,1
Mell,"Van Ewijk",mell.vanewijk@facebook.com,"16 de Enero",https://www.facebook.com/mell.vanewijk,,,"Ciudad Autónoma de Buenos Aires","Buenos Aires",Argentina,1647104444,"Cristian Andres Romano",,1
"Alejandra Daniela",Corredoira,alejandradaniela.corredoira@facebook.com,"16 de Enero",https://www.facebook.com/alejandradaniela.corredoira,28,,"Ciudad Autónoma de Buenos Aires","Buenos Aires",Argentina,100002085116724,"La Rockeria",https://www.facebook.com/oveja1,1
Angie,Laffitte,angie.laffitte@facebook.com,"16 de Enero",https://www.facebook.com/angie.laffitte,28,,"Ciudad Autónoma de Buenos Aires","Buenos Aires",Argentina,100003397579870,"Polina Remkevich",https://www.facebook.com/polina.remkevich,1
"Mariano Andres",Hurtado,marianoandres.hurtado@facebook.com,"16 de Enero",https://www.facebook.com/marianoandres.hurtado,30,,"Ciudad Autónoma de Buenos Aires","Buenos Aires",Argentina,737542904,"Agustin Martinez Molinelli",https://www.facebook.com/agustin.martinezmolinelli,1
Carol,"Von Ville",carol.gonzalez1@facebook.com,"16 de Enero",https://www.facebook.com/carol.gonzalez1,,,"Ciudad Autónoma de Buenos Aires","Buenos Aires",Argentina,1150146909,"La Rockeria",https://www.facebook.com/oveja1,1
El,Bufy,el.bufy@facebook.com,"16 de Enero",https://www.facebook.com/el.bufy,25,Boedo,"Ciudad Autónoma de Buenos Aires","Buenos Aires",Argentina,100005383267888,"Guido Moncayo",https://www.facebook.com/guido.moncayo,1
Clari,Gabe,clari.gabe@facebook.com,"16 de Enero",https://www.facebook.com/clari.gabe,,,"Ciudad Autónoma de Buenos Aires","Buenos Aires",Argentina,1454543058,"Juli Sremac",https://www.facebook.com/juli.sremac,1
"La SolciiTo",DS,solciito.gomeez@facebook.com,"16 de Enero",https://www.facebook.com/solciito.gomeez,,,"Ciudad Autónoma de Buenos Aires","Buenos Aires",Argentina,100002228607206,"Tuty Martinez",,1
Diego,Heredia,dieg.heredia@facebook.com,"16 de Enero",https://www.facebook.com/Dieg.Heredia,25,,"Ciudad Autónoma de Buenos Aires","Buenos Aires",Argentina,100001207638996,"Cielito Perez",,1
Juan,Ibarlucía,juanibarlucia@facebook.com,"16 de Enero",https://www.facebook.com/juanibarlucia,26,"Buenos Aires","Buenos Aires","Buenos Aires",Argentina,1288385157,"Gabriella Rouiller",0,1
Lumma,Mujer,lumma.mujer@facebook.com,"16 de Enero",https://www.facebook.com/lumma.mujer,28,,"Ciudad Autónoma de Buenos Aires","Buenos Aires",Argentina,100007208051780,"Belen Uicich",https://www.facebook.com/belen.uicich,1
German,Camarra,grcmillo@facebook.com,"16 de Enero",https://www.facebook.com/grcmillo,,,"Ciudad Autónoma de Buenos Aires","Buenos Aires",Argentina,1265044050,"Agustina Del Rosario Anzisi",https://www.facebook.com/AgustinadelRosario,1
Dario,Mitnick,dario.mitnick@facebook.com,"16 de Enero",https://www.facebook.com/dario.mitnick,,,"Ciudad Autónoma de Buenos Aires","Buenos Aires",Argentina,100001076403287,"Flor Vischi Cortés",https://www.facebook.com/flor.vischi,1
Sol,BerecoecheaFans,sol.berecoecheafans@facebook.com,"16 de Enero",https://www.facebook.com/sol.berecoecheafans,22,,"Ciudad Autónoma de Buenos Aires","Buenos Aires",Argentina,100000093720338,"Ariel Rivera",,1
"Joel Aaguustiin","Vamoss Millo",sshaamir.millonarios@facebook.com,"16 de Enero",https://www.facebook.com/sshaamir.millonarios,30,,"Ciudad Autónoma de Buenos Aires","Buenos Aires",Argentina,100006413671137,"Agustina Pelle Müller",,1
Ludmii,"De Ituza",ludmii.deituza@facebook.com,"16 de Enero",https://www.facebook.com/ludmii.deituza,,,"Ciudad Autónoma de Buenos Aires","Buenos Aires",Argentina,100002469426238,"Nicolás García",https://www.facebook.com/Niccccccccco,1
"Club Atlético","San Telmo",soydetelmo@facebook.com,"16 de Enero",https://www.facebook.com/soydetelmo,22,"San Telmo","Ciudad Autónoma de Buenos Aires","Buenos Aires",Argentina,1295837659,"Guille Maciá",https://www.facebook.com/guillemacia,1
Lurdes,Rodas,lurdes.rodas@facebook.com,"16 de Enero",https://www.facebook.com/lurdes.rodas,25,,"Ciudad Autónoma de Buenos Aires","Buenos Aires",Argentina,100000011764002,"Guido Moncayo",https://www.facebook.com/guido.moncayo,1
Rocii,Martinez,rocii.martinez.3910@facebook.com,"16 de Enero",https://www.facebook.com/rocii.martinez.3910,22,,"Ciudad Autónoma de Buenos Aires","Buenos Aires",Argentina,100007554788759,"Bë Döbiencita",https://www.facebook.com/be.dobiencita,1
Lukitas,Tumino,lukitas.excursio14@facebook.com,"16 de Enero",https://www.facebook.com/lukitas.excursio14,22,Colegiales,"Ciudad Autónoma de Buenos Aires","Distrito Federal",Argentina,1149813802,"Maria Belén",,1
Guadalupe,Larrain,guadalarrain@facebook.com,"16 de Enero",https://www.facebook.com/GuadaLarrain,,,"Ciudad Autónoma de Buenos Aires","Buenos Aires",Argentina,1163073604,"Felipe Vidal",https://www.facebook.com/Feelipe.vp,1
Ars,"Constructores de Calzado",ars.constructoresdecalzado@facebook.com,"16 de Enero",https://www.facebook.com/ars.constructoresdecalzado,28,,"Ciudad Autónoma de Buenos Aires","Buenos Aires",Argentina,1590274564,"Ro Cardoso",,1
Anitaa,Fernandez,aniitha.laurii.de.sixx@facebook.com,"16 de Enero",https://www.facebook.com/aniitha.laurii.De.Sixx,,,"Ciudad Autónoma de Buenos Aires","Buenos Aires",Argentina,100000090006132,"Agustin Blanco",,1
Viviana,"La Nueva Era",viviana.lanuevaera@facebook.com,"16 de Enero",https://www.facebook.com/viviana.lanuevaera,,Recoleta,"Ciudad Autónoma de Buenos Aires","Buenos Aires",Argentina,100001799804635,"La Rockeria",https://www.facebook.com/oveja1,1
Juan,Bo,juan.bo.discipulo.de.jesus@facebook.com,"16 de Enero",https://www.facebook.com/Juan.Bo.Discipulo.de.Jesus,27,,"Ciudad Autónoma de Buenos Aires","Buenos Aires",Argentina,100002381638033,"Joaco Alvarez Amuchástegui",,1
Luciana,Ruiz,luciana.ruiz.9678@facebook.com,"16 de Enero",https://www.facebook.com/luciana.ruiz.9678,,,"Ciudad Autónoma de Buenos Aires","Buenos Aires",Argentina,563864172,"Micaa Villa",https://www.facebook.com/MicaaElaVilla,1
Eventos,Gold,eventos.gold@facebook.com,"16 de Enero",https://www.facebook.com/eventos.gold,23,,"Ciudad Autónoma de Buenos Aires","Buenos Aires",Argentina,100002877456251,"Juan Manuel Fotografo",https://www.facebook.com/JuanmaJMFotoEstudio,1
Marcella,"Rotundo Eventos",avanti.dosespaciosmultieventos@facebook.com,"16 de Enero",https://www.facebook.com/avanti.dosespaciosmultieventos,,,"Ciudad Autónoma de Buenos Aires","Buenos Aires",Argentina,1082624467,"Javier Potenza",,1
"Gabriel Hugo",Brandan,gabrielhugo.brandan@facebook.com,"16 de Enero",https://www.facebook.com/gabrielhugo.brandan,27,,"Ciudad Autónoma de Buenos Aires","Buenos Aires",Argentina,100002135123428,"Brenda Araceli Gonzalez",https://www.facebook.com/brendaaraceli.gonzalez,1
Glo,Leveratto,lola.leveratto@facebook.com,"16 de Enero",https://www.facebook.com/lola.leveratto,,,"Ciudad Autónoma de Buenos Aires","Buenos Aires",Argentina,644310549,"Paz Gonzalez",https://www.facebook.com/pachu.gonzalez,1
Vale,Cabrera,vale.cabrera.52@facebook.com,"16 de Enero",https://www.facebook.com/vale.cabrera.52,,"Buenos Aires","Buenos Aires","Buenos Aires",Argentina,1127679578,"Gaston Vilalta",0,1
Luciano,Martinez,lucianonicolasmartinez9@facebook.com,"16 de Enero",https://www.facebook.com/lucianonicolasmartinez9,23,,"Ciudad Autónoma de Buenos Aires","Buenos Aires",Argentina,1408329269,"Lucía Lopez Aleman",https://www.facebook.com/marialucialopezaleman,1
Joaquin,"Monster Detailing",joaquin.detailing@facebook.com,"16 de Enero",https://www.facebook.com/joaquin.detailing,28,,"Ciudad Autónoma de Buenos Aires","Buenos Aires",Argentina,100005781935445,"Sindy Elisa Szczucky",https://www.facebook.com/sindy.szczucky,1
Geraldine,Blasich,geral.blasich@facebook.com,"16 de Enero",https://www.facebook.com/Geral.Blasich,24,"Buenos Aires","Buenos Aires","Buenos Aires",Argentina,100002259806979,"Gabriella Rouiller",0,1
Vanesa,Riccardi,vanesa.riccardi@facebook.com,"16 de Enero",https://www.facebook.com/vanesa.riccardi,,,"Ciudad Autónoma de Buenos Aires","Buenos Aires",Argentina,809242759,"Flor Rossi",,1
Pilar,"Garcia Paladino",pilar.garciapaladino@facebook.com,"16 de Enero",https://www.facebook.com/pilar.garciapaladino,29,,"Ciudad Autónoma de Buenos Aires","Buenos Aires",Argentina,100002977914868,"Fiestas Baires",,1
Kikbolcheinch,Remeras,kik.bol.cheinch@facebook.com,"16 de Enero",https://www.facebook.com/kik.bol.cheinch,,,"Ciudad Autónoma de Buenos Aires","Buenos Aires",Argentina,1396834477,"Miranda Toderi",https://www.facebook.com/miranda.toderi,1
Maku,Rubino,maku.1@facebook.com,"16 de Enero",https://www.facebook.com/Maku.1,28,,"Ciudad Autónoma de Buenos Aires","Buenos Aires",Argentina,1415451138,"Alee Jandro",https://www.facebook.com/alejandropassadore,1
Carolina,Achaval,carolina.achaval@facebook.com,"16 de Enero",https://www.facebook.com/Carolina.Achaval,30,,"Ciudad Autónoma de Buenos Aires","Buenos Aires",Argentina,100002440975266,"Estefi Willis",https://www.facebook.com/estefi.willis,1
Agustinaa,Biondi,agustinaabiondii@facebook.com,"16 de Enero",https://www.facebook.com/AgustinaaBiondii,,,"Ciudad Autónoma de Buenos Aires","Buenos Aires",Argentina,100000924181923,"Gabi López",,1
Ayelen,Springer,ayelen.springer@facebook.com,"16 de Enero",https://www.facebook.com/ayelen.springer,21,,"Ciudad Autónoma de Buenos Aires","Buenos Aires",Argentina,1169773549,"Rodrii Martinez",,1
Pau,Giotti,pau.giotti@facebook.com,"16 de Enero",https://www.facebook.com/pau.giotti,25,,"Ciudad Autónoma de Buenos Aires","Buenos Aires",Argentina,100000737319752,"Ruben Pacora",https://www.facebook.com/ruben.pacora,1
Mauro,Lentini,mauro.lentini.37@facebook.com,"17 de Enero",https://www.facebook.com/mauro.lentini.37,26,,"Ciudad Autónoma de Buenos Aires","Buenos Aires",Argentina,100002982813230,"Vanina Lopez Baroni",https://www.facebook.com/vaninalb,1
Lii,Yobaa,kuarte@facebook.com,"17 de Enero",https://www.facebook.com/kuarte,26,,"Ciudad Autónoma de Buenos Aires","Buenos Aires",Argentina,100002463646754,"Juanma Ramirez",,1
Sole,Cañamas,rominasoledad.canamas@facebook.com,"17 de Enero",https://www.facebook.com/rominasoledad.canamas,29,,"Ciudad Autónoma de Buenos Aires","Buenos Aires",Argentina,1387437043,"Jonathan Julian",,1
Juan,Settanni,juan.settanni@facebook.com,"17 de Enero",https://www.facebook.com/juan.settanni,22,,"Ciudad Autónoma de Buenos Aires","Buenos Aires",Argentina,1105997305,"Miranda Toderi",https://www.facebook.com/miranda.toderi,1
Cachengue,Fest,cachengue.fest@facebook.com,"17 de Enero",https://www.facebook.com/cachengue.fest,25,,"Ciudad Autónoma de Buenos Aires","Buenos Aires",Argentina,1222781551,"Bë Döbiencita",https://www.facebook.com/be.dobiencita,1
Isabel,Ysabel,isabel.gauto.52@facebook.com,"17 de Enero",https://www.facebook.com/isabel.gauto.52,30,,"Ciudad Autónoma de Buenos Aires","Buenos Aires",Argentina,100001787336861,"Riberas Del Parana",https://www.facebook.com/riberas.delparana,1
Nicolas,Puebla,nicolas.puebla.7@facebook.com,"17 de Enero",https://www.facebook.com/nicolas.puebla.7,27,"Buenos Aires","Buenos Aires","Buenos Aires",Argentina,100001069877164,"Alejandro Dixon",0,1
Mariana,Pietro,sol.vasquez.3114@facebook.com,"17 de Enero",https://www.facebook.com/sol.vasquez.3114,23,,"Ciudad Autónoma de Buenos Aires","Buenos Aires",Argentina,100003280600896,"Julian Pagana",,1
Malena,Salazar,malena.salazar2@facebook.com,"17 de Enero",https://www.facebook.com/malena.salazar2,21,,"Ciudad Autónoma de Buenos Aires","Buenos Aires",Argentina,100000566844032,"Victoria Casado",,1
Daiana,Ramirez,dashu02@facebook.com,"17 de Enero",https://www.facebook.com/Dashu02,27,Array,"Ciudad Autónoma de Buenos Aires","Buenos Aires",Argentina,677087877,"Sofia Reinoso",0,1
"Gisela Sabrina",Cruz,giselasabrina.cruz@facebook.com,"17 de Enero",https://www.facebook.com/giselasabrina.cruz,28,,"Ciudad Autónoma de Buenos Aires","Buenos Aires",Argentina,1008917659,"Flor Vischi Cortés",https://www.facebook.com/flor.vischi,1
Lucas,Insaurralde,lucas.insaurralde.54@facebook.com,"17 de Enero",https://www.facebook.com/lucas.insaurralde.54,22,,"Ciudad Autónoma de Buenos Aires","Buenos Aires",Argentina,100001817284870,"Clari Stagno",,1
Planeta,Magico,planetamagico1@facebook.com,"17 de Enero",https://www.facebook.com/PlanetaMagico1,22,Barracas,"Ciudad Autónoma de Buenos Aires","Buenos Aires",Argentina,100001796047629,"Luz Adamo",https://www.facebook.com/luz.adamo,1
Juan,Cassol,juan.cassol.77@facebook.com,"17 de Enero",https://www.facebook.com/juan.cassol.77,,,"Ciudad Autónoma de Buenos Aires","Buenos Aires",Argentina,1013997338,"Julian Marino",,1
Rebeca,Ricosta,rebe.ricosta@facebook.com,"17 de Enero",https://www.facebook.com/rebe.ricosta,,,"Ciudad Autónoma de Buenos Aires","Buenos Aires",Argentina,1385829440,"Lucia Benavídez",,1
Mariela,Villalba,mariela.villalba.712@facebook.com,"17 de Enero",https://www.facebook.com/mariela.villalba.712,23,"Villa Soldati","Ciudad Autónoma de Buenos Aires","Buenos Aires",Argentina,100002079862186,"Martín Álvarez BA I",https://www.facebook.com/Woody.Blair,1
Max,Presencia,maximilianovalcarcel@facebook.com,"17 de Enero",https://www.facebook.com/maximilianovalcarcel,27,,"Ciudad Autónoma de Buenos Aires","Buenos Aires",Argentina,100003127349148,"Lupe Dávalos",https://www.facebook.com/guadinight,1
Mariana,Chen,mariana.chen.50@facebook.com,"17 de Enero",https://www.facebook.com/mariana.chen.50,22,,"Ciudad Autónoma de Buenos Aires","Buenos Aires",Argentina,1475500000,"Gustavo Pietrafesa",,1
Fiorella,Loyola,fiorella.e.loyola@facebook.com,"17 de Enero",https://www.facebook.com/fiorella.e.loyola,,"Buenos Aires","Buenos Aires","Buenos Aires",Argentina,100001675784262,"Alan Yun",0,1
Sabri,"Rodriguez Val",sabri.rodriguezval@facebook.com,"17 de Enero",https://www.facebook.com/sabri.rodriguezval,,,"Ciudad Autónoma de Buenos Aires","Buenos Aires",Argentina,100000038491545,"Cristian Andres Romano",,1
Carolina,Yahbes,carolina.yahbes@facebook.com,"17 de Enero",https://www.facebook.com/carolina.yahbes,,,"Ciudad Autónoma de Buenos Aires","Buenos Aires",Argentina,100002430468149,"Lorenzo Carrere",https://www.facebook.com/lorenzo.carrere,1
Franco,Ciro,cirofran@facebook.com,"17 de Enero",https://www.facebook.com/cirofran,,,"Ciudad Autónoma de Buenos Aires","Buenos Aires",Argentina,1557758618,"Sebastian Daniel Riccardi",https://www.facebook.com/sebastian.riccardi,1
Anahi,Cubecino,anahi.cubecino.7@facebook.com,"17 de Enero",https://www.facebook.com/anahi.cubecino.7,,,"Ciudad Autónoma de Buenos Aires","Buenos Aires",Argentina,100004211350786,"Agustin Justin",https://www.facebook.com/Agustin.Justin,1
Antonella,"De Vito",antitodevito@facebook.com,"17 de Enero",https://www.facebook.com/Antitodevito,,,"Ciudad Autónoma de Buenos Aires","Buenos Aires",Argentina,1126336392,"Fran L. Ocampo",https://www.facebook.com/franco,1
Ladislao,Hs,ladislaosivila@facebook.com,"17 de Enero",https://www.facebook.com/Ladislaosivila,,,"Ciudad Autónoma de Buenos Aires","Buenos Aires",Argentina,732541665,"Marina Castagnino",https://www.facebook.com/castagnino,1
"Leonardo Martin",Fernandez,leonardomartin.fernandez.9@facebook.com,"17 de Enero",https://www.facebook.com/leonardomartin.fernandez.9,,Flores,"Ciudad Autónoma de Buenos Aires","Buenos Aires",Argentina,100001585704358,"Silvina Yanina Albornoz Garlepp",https://www.facebook.com/silvinayaninaalbornozgarl,1
Carmín,Pinto,carmu.pinto@facebook.com,"17 de Enero",https://www.facebook.com/carmu.pinto,,,"Ciudad Autónoma de Buenos Aires","Buenos Aires",Argentina,1408674148,"Brian Cano",,1
Federico,Acevedo,federico.acevedo.18@facebook.com,"17 de Enero",https://www.facebook.com/federico.acevedo.18,,,"Ciudad Autónoma de Buenos Aires","Buenos Aires",Argentina,100000825181952,"Martín Álvarez BA I",https://www.facebook.com/Woody.Blair,1
Juan,Gasparini,juanj.gasparini@facebook.com,"17 de Enero",https://www.facebook.com/juanj.gasparini,27,,"Ciudad Autónoma de Buenos Aires","Buenos Aires",Argentina,1275534100,"Chanchi Martinez",https://www.facebook.com/chanchi.martinez,1
Bruno,Cortes,bbrunito@facebook.com,"17 de Enero",https://www.facebook.com/bbrunito,,,"Ciudad Autónoma de Buenos Aires","Buenos Aires",Argentina,1585235901,"Juanma Ramirez",,1
Terra,Feminarum,terra.feminarum@facebook.com,"17 de Enero",https://www.facebook.com/terra.feminarum,29,,"Ciudad Autónoma de Buenos Aires","Buenos Aires",Argentina,100006700384868,"Gabriela Rosito",https://www.facebook.com/gabriela.rosito,1
"Cercos Removibles",G-Safe,cercosremovibles@facebook.com,"17 de Enero",https://www.facebook.com/cercosremovibles,30,,"Ciudad Autónoma de Buenos Aires","Buenos Aires",Argentina,100002496392648,"Natascha Stern",https://www.facebook.com/natascha.stern,1
Difusores,Aromaticos,da.difusores.aromaticos@facebook.com,"17 de Enero",https://www.facebook.com/da.difusores.aromaticos,22,,"Ciudad Autónoma de Buenos Aires","Buenos Aires",Argentina,100002642085999,"Emiliano Cazanetz Dick",https://www.facebook.com/emiliano.cazanetzdick,1
Nora,Ghezzi,nora.ghezzi@facebook.com,"17 de Enero",https://www.facebook.com/nora.ghezzi,,,"Ciudad Autónoma de Buenos Aires","Buenos Aires",Argentina,1062330339,"Rodrigo Vega",,1
Sebastián,Yanzat,sebasy17@facebook.com,"17 de Enero",https://www.facebook.com/sebasy17,23,,"Ciudad Autónoma de Buenos Aires","Buenos Aires",Argentina,1554753462,"Ivon Andersson",https://www.facebook.com/ivon.andersson,1
Meluchita,Lunera,melisa.luna.102@facebook.com,"17 de Enero",https://www.facebook.com/melisa.luna.102,21,,"Ciudad Autónoma de Buenos Aires","Buenos Aires",Argentina,100005470564455,"Jobs Bar",https://www.facebook.com/jobsbar,1
Point,Summer,posummer@facebook.com,"17 de Enero",https://www.facebook.com/posummer,,,"Ciudad Autónoma de Buenos Aires","Buenos Aires",Argentina,1026130312,"Anto Melgarejo",https://www.facebook.com/antho.melgarejo,1
"Maria Noel",Brando,marianoel.brando@facebook.com,"17 de Enero",https://www.facebook.com/marianoel.brando,,,"Ciudad Autónoma de Buenos Aires","Buenos Aires",Argentina,1098550074,"Natalia Tarelli",,1
Vadu,Amed,vadu.amed@facebook.com,"17 de Enero",https://www.facebook.com/vadu.amed,24,,"Ciudad Autónoma de Buenos Aires","Buenos Aires",Argentina,704496806,"Cesar Andree VL",,1
"Joaquin Sabina",Tributo,joaquinsabina.tributo@facebook.com,"17 de Enero",https://www.facebook.com/joaquinsabina.tributo,,,"Ciudad Autónoma de Buenos Aires","Buenos Aires",Argentina,1440262321,"Daiana Soledad Pintos",https://www.facebook.com/Sheena.is,1
Viviana,Prestes,viviana.prestes.5@facebook.com,"17 de Enero",https://www.facebook.com/viviana.prestes.5,30,,"Ciudad Autónoma de Buenos Aires","Buenos Aires",Argentina,1485366219,"Mery Noel Vidal ?ï?",,1
Adrian,"Benitez Ocampo",adrian.benitez.908132@facebook.com,"17 de Enero",https://www.facebook.com/adrian.benitez.908132,27,,"Ciudad Autónoma de Buenos Aires","Buenos Aires",Argentina,100003986386512,"Cristian Fernandez Villamor",https://www.facebook.com/cristian.fernandezvillamo,1
Javier,Cerviño,cervinobyrequest@facebook.com,"17 de Enero",https://www.facebook.com/cervinobyrequest,23,,"Ciudad Autónoma de Buenos Aires","Buenos Aires",Argentina,832558846,"Flor Rossi",,1
Agustin,Cilento,agustin.cilento@facebook.com,"17 de Enero",https://www.facebook.com/agustin.cilento,27,,"Ciudad Autónoma de Buenos Aires","Buenos Aires",Argentina,1315988396,"Ramiro Prieto",,1
Giani,Centanaro,giani.centanaro@facebook.com,"17 de Enero",https://www.facebook.com/giani.centanaro,29,,"Ciudad Autónoma de Buenos Aires","Buenos Aires",Argentina,759804766,"Belén Gray",https://www.facebook.com/belen.gray1,1
Ceci,Caballero,cecicaballero@facebook.com,"17 de Enero",https://www.facebook.com/cecicaballero,25,,"Ciudad Autónoma de Buenos Aires","Buenos Aires",Argentina,653263879,"Jose Guevara",https://www.facebook.com/JoeGuevara81,1
Andi,Arce,andii.arce@facebook.com,"17 de Enero",https://www.facebook.com/andii.arce,,,"Ciudad Autónoma de Buenos Aires","Buenos Aires",Argentina,1044946048,"Ian Szejner",,1
Diki,Casanovaa,diki.casanovaa@facebook.com,"17 de Enero",https://www.facebook.com/diki.casanovaa,25,,"Ciudad Autónoma de Buenos Aires","Buenos Aires",Argentina,601687016,"Joaco Alvarez Amuchástegui",,1
Elias,Guzman,juanca.guzman@facebook.com,"18 de Enero",https://www.facebook.com/juanca.guzman,,"Buenos Aires","Buenos Aires","Buenos Aires",Argentina,1268016916,"Rebe Gonzalez",0,1
Damian,Donnangelo,damian.donnangelo@facebook.com,"18 de Enero",https://www.facebook.com/damian.donnangelo,,,"Ciudad Autónoma de Buenos Aires","Buenos Aires",Argentina,1093810156,"Vanina Granados",https://www.facebook.com/vanina.granados,1
Fiestas,"En Barcos",fiestabarco@facebook.com,"18 de Enero",https://www.facebook.com/fiestabarco,29,,"Ciudad Autónoma de Buenos Aires","Buenos Aires",Argentina,100003358719696,"Sol Policastro",https://www.facebook.com/solangeforever,1
Melissa,Montefuscco,valeria.aragon.9461@facebook.com,"18 de Enero",https://www.facebook.com/valeria.aragon.9461,,,"Ciudad Autónoma de Buenos Aires","Buenos Aires",Argentina,100005700215073,"Tatiana Petroccelli",https://www.facebook.com/tanshanita,1
Ro,Cuevas,rochicuevas@facebook.com,"18 de Enero",https://www.facebook.com/RochiCuevas,22,,"Ciudad Autónoma de Buenos Aires","Buenos Aires",Argentina,1296670444,"M Agustina Ciarla Quintana",https://www.facebook.com/magustina.quintana,1
Dahina,Soto,mariela.fernandez.18@facebook.com,"18 de Enero",https://www.facebook.com/mariela.fernandez.18,23,"Buenos Aires","Buenos Aires","Buenos Aires",Argentina,100001377815277,"Alan Yun",0,1
Lucia,Poper,lucia.poper@facebook.com,"18 de Enero",https://www.facebook.com/lucia.poper,24,,"Ciudad Autónoma de Buenos Aires","Buenos Aires",Argentina,1542990613,"Fran L. Ocampo",https://www.facebook.com/franco,1
Delfi,Scaramuzza,defi.scaramuzza@facebook.com,"18 de Enero",https://www.facebook.com/defi.scaramuzza,,,"Ciudad Autónoma de Buenos Aires","Buenos Aires",Argentina,100000220798162,"Agustin Sujo",https://www.facebook.com/agustin.sujook,1
"Maria Jose",Robles,mariajose.robles.52@facebook.com,"18 de Enero",https://www.facebook.com/mariajose.robles.52,29,,"Ciudad Autónoma de Buenos Aires","Buenos Aires",Argentina,1107141404,"Nataly Cuerva",https://www.facebook.com/nataliagtrujillo,1
"Calcos De","Helicópteros-Helicopters Decals",calcosdehelicopteros@facebook.com,"18 de Enero",https://www.facebook.com/calcosdehelicopteros,,,"Ciudad Autónoma de Buenos Aires","Buenos Aires",Argentina,100003735099235,"Claudia Gonzalez",,1
Zorzal,Merchandising,zcriollo@facebook.com,"18 de Enero",https://www.facebook.com/zcriollo,23,,"Ciudad Autónoma de Buenos Aires","Buenos Aires",Argentina,659039730,"Alejandro Javier Espindola",https://www.facebook.com/alej.bastirly,1
Marti,Fernandez,marti.fernandez98@facebook.com,"18 de Enero",https://www.facebook.com/marti.fernandez98,,,"Ciudad Autónoma de Buenos Aires","Buenos Aires",Argentina,1390377011,"Facu Denegri",,1
Pablo,Martin,pablofabric@facebook.com,"18 de Enero",https://www.facebook.com/Pablofabric,25,,"Ciudad Autónoma de Buenos Aires","Buenos Aires",Argentina,571004208,"Vanesa Macias",https://www.facebook.com/vanesa.macias1,1
Rodrigo,Suarez,roodriracing@facebook.com,"18 de Enero",https://www.facebook.com/RoodriRacing,,Flores,"Ciudad Autónoma de Buenos Aires","Distrito Federal",Argentina,1477521518,"Ale Arias Mandarine Park",,1
Micaa,Gonseski,micaa.gonseski@facebook.com,"18 de Enero",https://www.facebook.com/micaa.gonseski,,,"Ciudad Autónoma de Buenos Aires","Buenos Aires",Argentina,1536100863,"Matias Duarte",,1
Martin,Quiroga,mqeventosbrandsen@facebook.com,"18 de Enero",https://www.facebook.com/mqeventosbrandsen,29,Núñez,"Ciudad Autónoma de Buenos Aires","Distrito Federal",Argentina,100003552053856,"Agus Leoni",https://www.facebook.com/agustina.leoni,1
Ale,Brizuela,ale.brizuela.589@facebook.com,"18 de Enero",https://www.facebook.com/ale.brizuela.589,30,,"Ciudad Autónoma de Buenos Aires","Buenos Aires",Argentina,100001408189666,"Eugenia Vega",https://www.facebook.com/eugenitavega,1
Adrian,Diaz,adrian.diaz.56211@facebook.com,"18 de Enero",https://www.facebook.com/adrian.diaz.56211,,,"Ciudad Autónoma de Buenos Aires","Buenos Aires",Argentina,100002079977605,"Bomba Barassi",https://www.facebook.com/bomba.barassi,1
Carlos,Gomez,carlos.gomez.77985@facebook.com,"18 de Enero",https://www.facebook.com/carlos.gomez.77985,,Agronomía,"Ciudad Autónoma de Buenos Aires","Buenos Aires",Argentina,1342505142,"Daiana Soledad Pintos",https://www.facebook.com/Sheena.is,1
Lucianita,Dri,lucianita.ita.ita@facebook.com,"18 de Enero",https://www.facebook.com/lucianita.ita.ita,,,"Ciudad Autónoma de Buenos Aires","Buenos Aires",Argentina,100002089852490,"Bomba Barassi",https://www.facebook.com/bomba.barassi,1
Paola,Padilla,paolarubia@facebook.com,"18 de Enero",https://www.facebook.com/paolarubia,23,,"Ciudad Autónoma de Buenos Aires","Buenos Aires",Argentina,100000372442370,"Emiliano Pirolo",https://www.facebook.com/emi.pirolo,1
Andrea,Benedetti,andrea.benedetti.9638@facebook.com,"18 de Enero",https://www.facebook.com/andrea.benedetti.9638,30,"Buenos Aires","Buenos Aires","Buenos Aires",Argentina,604381715,"Debora Lopez Sosa",0,1
Joe,Chap,jose.chapter@facebook.com,"18 de Enero",https://www.facebook.com/jose.chapter,26,,"Ciudad Autónoma de Buenos Aires","Buenos Aires",Argentina,555869928,"Cecilia Weingardt",,1
Mery,Villegas,mery.villegas.3@facebook.com,"18 de Enero",https://www.facebook.com/mery.villegas.3,,,"Ciudad Autónoma de Buenos Aires","Buenos Aires",Argentina,100003447444529,"Agustina Pelle Müller",,1
Victoria,"Montenegro Niveyro",victoria.montenegroniveyro@facebook.com,"18 de Enero",https://www.facebook.com/victoria.montenegroniveyro,,,"Ciudad Autónoma de Buenos Aires","Buenos Aires",Argentina,823518231,"Ivon Andersson",https://www.facebook.com/ivon.andersson,1
Ale,Tribal,ale.psike@facebook.com,"18 de Enero",https://www.facebook.com/Ale.Psike,26,,"Ciudad Autónoma de Buenos Aires","Buenos Aires",Argentina,800672855,"Maria DEL Mar",,1
Mariel,Cardus,mariel.cardus@facebook.com,"18 de Enero",https://www.facebook.com/mariel.cardus,21,,"Ciudad Autónoma de Buenos Aires","Buenos Aires",Argentina,717618939,"Matias Duarte",,1
"Bianca Luisina",Vassallo,biancaluisina.vassallo@facebook.com,"18 de Enero",https://www.facebook.com/biancaluisina.vassallo,,"Villa Pueyrredón","Ciudad Autónoma de Buenos Aires","Buenos Aires",Argentina,1555765102,"Federico Carrizo",https://www.facebook.com/federicoc,1
Laura,Muñoz,laura.munoz.3597@facebook.com,"18 de Enero",https://www.facebook.com/laura.munoz.3597,,,"Ciudad Autónoma de Buenos Aires","Buenos Aires",Argentina,1220711320,"Alejandro G Sierra",https://www.facebook.com/alejandrogsierra,1
Florencia,"Cea Otero",florencia.ceaotero@facebook.com,"18 de Enero",https://www.facebook.com/florencia.ceaotero,21,,"Ciudad Autónoma de Buenos Aires","Buenos Aires",Argentina,1792672785,"Nahu Millicay Pereyra",https://www.facebook.com/nahumilli,1
Quad,Pro,quad.pro.1@facebook.com,"18 de Enero",https://www.facebook.com/quad.pro.1,24,,"Ciudad Autónoma de Buenos Aires","Buenos Aires",Argentina,100006067982262,"Joni Aires",https://www.facebook.com/joniaires,1
Promotoras,Promac,promotoras.promac@facebook.com,"18 de Enero",https://www.facebook.com/promotoras.promac,,,"Ciudad Autónoma de Buenos Aires","Buenos Aires",Argentina,100003288196939,"Nadia Denise",,1
Conejo,Saquetti,conejo.saquetti@facebook.com,"18 de Enero",https://www.facebook.com/conejo.saquetti,,,"Ciudad Autónoma de Buenos Aires","Buenos Aires",Argentina,1205216884,"Miqui Berriòs",https://www.facebook.com/miqui.berrios,1
Tienda,Palacio,tienda.palacio@facebook.com,"18 de Enero",https://www.facebook.com/tienda.palacio,,,"Ciudad Autónoma de Buenos Aires","Buenos Aires",Argentina,1449546187,"Juan Antonio Papagni Meca",https://www.facebook.com/juanantoniopapagnimeca,1
Mauro,Dominguez,mauro.dominguez92@facebook.com,"18 de Enero",https://www.facebook.com/mauro.dominguez92,,,"Ciudad Autónoma de Buenos Aires","Buenos Aires",Argentina,1051656928,"Matias Daniel Pascual",,1
Naty,Fridt,naty.fridt@facebook.com,"18 de Enero",https://www.facebook.com/naty.fridt,24,,"Ciudad Autónoma de Buenos Aires","Buenos Aires",Argentina,100000559257493,"Pablo Dandrea",https://www.facebook.com/pablo.dandrea,1
Roxana,Alé,roxanaale1970@facebook.com,"18 de Enero",https://www.facebook.com/roxanaale1970,,"Puerto Madero","Ciudad Autónoma de Buenos Aires","Buenos Aires",Argentina,1711527381,"Tatiana Petroccelli",https://www.facebook.com/tanshanita,1
Lautaro,Giudice,lautaro.giudice.5@facebook.com,"18 de Enero",https://www.facebook.com/lautaro.giudice.5,,,"Ciudad Autónoma de Buenos Aires","Buenos Aires",Argentina,100001136258967,"Caro Remedi",https://www.facebook.com/carol.remedi,1
Tomas,Schoenfeld,tomiito.schoenfeld@facebook.com,"18 de Enero",https://www.facebook.com/tomiito.schoenfeld,,"Villa Pueyrredón","Ciudad Autónoma de Buenos Aires","Buenos Aires",Argentina,1197018875,"Martu Lehmann",0,1
Monny,Cornejo,monicacornejo2013@facebook.com,"18 de Enero",https://www.facebook.com/monicacornejo2013,,,"Ciudad Autónoma de Buenos Aires","Buenos Aires",Argentina,1076319498,"Rochi Christensen",https://www.facebook.com/rochi.christensen,1
Sofi,Zavalla,sofi.zavalla@facebook.com,"18 de Enero",https://www.facebook.com/sofi.zavalla,,,"Ciudad Autónoma de Buenos Aires","Buenos Aires",Argentina,1344434611,"Juan Cruz Albornoz",,1
Gabriela,Bottino,gabriela.v.bottino.9@facebook.com,"18 de Enero",https://www.facebook.com/gabriela.v.bottino.9,,,"Ciudad Autónoma de Buenos Aires","Buenos Aires",Argentina,841748760,"Martín Levy Rocca",https://www.facebook.com/TinchoVDP,1
Mia,Ferrari,mia.ferrari.5@facebook.com,"18 de Enero",https://www.facebook.com/mia.ferrari.5,26,,"Ciudad Autónoma de Buenos Aires","Buenos Aires",Argentina,100002385962139,"Fede Martino",,1
Banda,Eternal,eternal.metal@facebook.com,"18 de Enero",https://www.facebook.com/ETERNAL.METAL,,,"Ciudad Autónoma de Buenos Aires","Buenos Aires",Argentina,1646642300,"La Rockeria",https://www.facebook.com/oveja1,1
Hernan,Perez,hernan.perez.372019@facebook.com,"18 de Enero",https://www.facebook.com/hernan.perez.372019,28,,"Ciudad Autónoma de Buenos Aires","Buenos Aires",Argentina,809599659,"Juan Manuel Vilagut",https://www.facebook.com/jvilagut1,1
Maria,Coronel,maria.e.coronel@facebook.com,"18 de Enero",https://www.facebook.com/maria.e.coronel,,,"Ciudad Autónoma de Buenos Aires","Buenos Aires",Argentina,551608387,"Ivon Andersson",https://www.facebook.com/ivon.andersson,1
Alejandro,Farias,alejandro.farias.14@facebook.com,"18 de Enero",https://www.facebook.com/alejandro.farias.14,,,"Ciudad Autónoma de Buenos Aires","Buenos Aires",Argentina,1057042476,"María Sofia Zunino",,1
Love,Mybags,love.mybags.3@facebook.com,"18 de Enero",https://www.facebook.com/love.mybags.3,29,,"Ciudad Autónoma de Buenos Aires","Buenos Aires",Argentina,100003390648502,"Gisela Tesei",,1
Natalia,Espósito,natu.esposito@facebook.com,"18 de Enero",https://www.facebook.com/natu.esposito,,,"Ciudad Autónoma de Buenos Aires","Buenos Aires",Argentina,1481541772,"Jenny Barco",https://www.facebook.com/jenny.barco,1
ChloesIndumentaria,"de Diseño",chloesindumentaria@facebook.com,"18 de Enero",https://www.facebook.com/chloesindumentaria,24,,"Ciudad Autónoma de Buenos Aires","Buenos Aires",Argentina,100002362326628,"Cecilia Morinigo",,1
Sam,Sanchez,sanchezsamy@facebook.com,"18 de Enero",https://www.facebook.com/sanchezsamy,28,"Buenos Aires","Buenos Aires","Buenos Aires",Argentina,100002181036695,"Fett Maidana",0,1
Agustina,Pereyra,agustina.pereyra.142@facebook.com,"18 de Enero",https://www.facebook.com/agustina.pereyra.142,29,,"Ciudad Autónoma de Buenos Aires","Buenos Aires",Argentina,100001679800979,"Irma Mercedes Palma",,1
Fernanda,Cordoba,fernanda.c.cordoba@facebook.com,"18 de Enero",https://www.facebook.com/fernanda.c.cordoba,27,,"Ciudad Autónoma de Buenos Aires","Buenos Aires",Argentina,525108349,"Daniela Sevilla",,1
Lau,Yacachury,lau.yacachury@facebook.com,"18 de Enero",https://www.facebook.com/lau.yacachury,25,,"Ciudad Autónoma de Buenos Aires","Buenos Aires",Argentina,519440858,"Cecilia Di Gaeta",https://www.facebook.com/cecilia.digaeta,1
Francis,Root,francis.root@facebook.com,"19 de Enero",https://www.facebook.com/francis.root,22,,"Ciudad Autónoma de Buenos Aires","Buenos Aires",Argentina,100001628916905,"Martín Álvarez BA I",https://www.facebook.com/Woody.Blair,1
Slam,Promociones,slam.promociones@facebook.com,"19 de Enero",https://www.facebook.com/slam.promociones,27,,"Ciudad Autónoma de Buenos Aires","Buenos Aires",Argentina,100003260552065,"Sindy Elisa Szczucky",https://www.facebook.com/sindy.szczucky,1
Tomas,Agustin,pirata.agus@facebook.com,"19 de Enero",https://www.facebook.com/pirata.agus,26,,"Ciudad Autónoma de Buenos Aires","Buenos Aires",Argentina,593162278,"Jose Guevara",https://www.facebook.com/JoeGuevara81,1
Horacio,Autelli,alberto.mundo.7@facebook.com,"19 de Enero",https://www.facebook.com/alberto.mundo.7,27,,"Ciudad Autónoma de Buenos Aires","Buenos Aires",Argentina,100003267001830,"Sindy Elisa Szczucky",https://www.facebook.com/sindy.szczucky,1
Pablo,Martinez,pablomartinezrrpp@facebook.com,"19 de Enero",https://www.facebook.com/PabloMartinezrrpp,30,,"Ciudad Autónoma de Buenos Aires","Buenos Aires",Argentina,100001701439703,"Mia Miry Ponce",,1
Carla,Benitez,mendescarla@facebook.com,"19 de Enero",https://www.facebook.com/mendescarla,29,,"Ciudad Autónoma de Buenos Aires","Buenos Aires",Argentina,721089666,"Cali Corsi",https://www.facebook.com/cali.corsi,1
Paula,Rodriguez,paula.s.rodriguez@facebook.com,"19 de Enero",https://www.facebook.com/Paula.S.Rodriguez,,,"Ciudad Autónoma de Buenos Aires","Buenos Aires",Argentina,1476548990,"Maria Belén",,1
Ramiro,Caseb,rcaseb@facebook.com,"19 de Enero",https://www.facebook.com/rcaseb,,,"Ciudad Autónoma de Buenos Aires","Buenos Aires",Argentina,1284846251,"Karina Gianelli",https://www.facebook.com/karina.gianelli,1
Mariana,"Alisados Definitivos",marianacsouza@facebook.com,"19 de Enero",https://www.facebook.com/marianacsouza,,,"Ciudad Autónoma de Buenos Aires","Buenos Aires",Argentina,1287942329,"Karina Gianelli",https://www.facebook.com/karina.gianelli,1
Vivoporella,Lopez,vivoporella.lopez@facebook.com,"19 de Enero",https://www.facebook.com/vivoporella.lopez,24,,"Ciudad Autónoma de Buenos Aires","Buenos Aires",Argentina,1691165392,"Alejandra Lopez",,1
"La Boulerie","Nueva Temporada",boulerie.la@facebook.com,"19 de Enero",https://www.facebook.com/boulerie.la,,,"Ciudad Autónoma de Buenos Aires","Buenos Aires",Argentina,100000481934299,"Felicitas Ghigliotti",https://www.facebook.com/felicitas.ghigliotti,1
Dario,Benitez,dariio.losredondos@facebook.com,"19 de Enero",https://www.facebook.com/Dariio.LosRedondos,,,"Ciudad Autónoma de Buenos Aires","Buenos Aires",Argentina,100001428363600,"Brenda Araceli Gonzalez",https://www.facebook.com/brendaaraceli.gonzalez,1
Schiuma,Sofia,schiuma.sofia@facebook.com,"19 de Enero",https://www.facebook.com/schiuma.sofia,,,"Ciudad Autónoma de Buenos Aires","Buenos Aires",Argentina,1429617073,"Lucas Malaret",https://www.facebook.com/lmalaret,1
Francis,Wen,francis.pacha@facebook.com,"19 de Enero",https://www.facebook.com/francis.pacha,22,,"Ciudad Autónoma de Buenos Aires","Buenos Aires",Argentina,100003081944608,"Aniita Canta",https://www.facebook.com/Aniita.Canta,1
Giuuli,Sanguinetti,giuuli.sanguinetti@facebook.com,"19 de Enero",https://www.facebook.com/giuuli.sanguinetti,,,"Ciudad Autónoma de Buenos Aires","Buenos Aires",Argentina,100000107394629,"Nicolás García",https://www.facebook.com/Niccccccccco,1
María,Badini,maria.badini.5@facebook.com,"19 de Enero",https://www.facebook.com/maria.badini.5,,,"Ciudad Autónoma de Buenos Aires","Buenos Aires",Argentina,1407998928,"Bettina Narbona",https://www.facebook.com/bettina.narbona,1
Mechi,Bressa,mechi.bressa@facebook.com,"19 de Enero",https://www.facebook.com/mechi.bressa,27,,"Ciudad Autónoma de Buenos Aires","Buenos Aires",Argentina,513638846,"Caro Ros Jones",https://www.facebook.com/carorosjones,1
Los,Resto,ernesto.ayub@facebook.com,"19 de Enero",https://www.facebook.com/ernesto.ayub,23,"San Telmo","Ciudad Autónoma de Buenos Aires","Buenos Aires",Argentina,100005429227055,"Elias Saul",https://www.facebook.com/elias.saul,1
"Juan Manuel",Brunetti,juanmanuel.brunetti.7@facebook.com,"19 de Enero",https://www.facebook.com/juanmanuel.brunetti.7,28,,"Ciudad Autónoma de Buenos Aires","Buenos Aires",Argentina,500731192,"Maia Ledo",https://www.facebook.com/maia.ledo,1
Bebu,Girolami,bebu.girolami@facebook.com,"19 de Enero",https://www.facebook.com/bebu.girolami,29,,"Ciudad Autónoma de Buenos Aires","Buenos Aires",Argentina,707411788,"Sebastian Daniel Riccardi",https://www.facebook.com/sebastian.riccardi,1
Dai,Gomez,daiana.gomez2@facebook.com,"19 de Enero",https://www.facebook.com/daiana.gomez2,21,,"Ciudad Autónoma de Buenos Aires","Buenos Aires",Argentina,1506453274,"Brian Cano",,1
Jp,Requejo,jprequejoc@facebook.com,"19 de Enero",https://www.facebook.com/JpRequejoc,,,"Ciudad Autónoma de Buenos Aires","Buenos Aires",Argentina,100000128524876,"Claudio Arias",https://www.facebook.com/clautrance,1
Tomas,Somovilla,tomas.somovilla@facebook.com,"19 de Enero",https://www.facebook.com/tomas.somovilla,24,,"Ciudad Autónoma de Buenos Aires","Buenos Aires",Argentina,100000199681219,"Guada Lozano",,1
"Le Premier",Enfant,lepremierenfant@facebook.com,"19 de Enero",https://www.facebook.com/lepremierenfant,22,,"Ciudad Autónoma de Buenos Aires","Buenos Aires",Argentina,100001566201993,"Jessica Bellomo",https://www.facebook.com/JessBellomo,1
Nati,Tedesco,natasha.tedesco.7@facebook.com,"19 de Enero",https://www.facebook.com/natasha.tedesco.7,21,"Buenos Aires","Buenos Aires","Buenos Aires",Argentina,100004316100556,"Pablo Resnik",0,1
Elcheche,Javier,elcheche.tuverdadero@facebook.com,"19 de Enero",https://www.facebook.com/elcheche.tuverdadero,30,,"Ciudad Autónoma de Buenos Aires","Buenos Aires",Argentina,1618240143,"Annie Silva",https://www.facebook.com/AnnieGaleano,1
Marcela,"Bordenave De Moises",carlinabordenave@facebook.com,"19 de Enero",https://www.facebook.com/carlinabordenave,23,,"Ciudad Autónoma de Buenos Aires","Buenos Aires",Argentina,100007500697318,"Tatiana Petroccelli",https://www.facebook.com/tanshanita,1
Meet,Point,meet.point.986@facebook.com,"19 de Enero",https://www.facebook.com/meet.point.986,23,"Villa Del Parque","Ciudad Autónoma de Buenos Aires","Buenos Aires",Argentina,100007572277133,"Tatiana Petroccelli",https://www.facebook.com/tanshanita,1
Lauri,Lobato,lauri.lobato@facebook.com,"19 de Enero",https://www.facebook.com/lauri.lobato,22,,"Ciudad Autónoma de Buenos Aires","Buenos Aires",Argentina,788517691,"Mariana Sparks",,1
Libra,Eventos,libra.eventos1@facebook.com,"19 de Enero",https://www.facebook.com/libra.eventos1,30,,"Ciudad Autónoma de Buenos Aires","Buenos Aires",Argentina,100001711272629,"Florencia Ferrari",https://www.facebook.com/florenciaferrari.1403,1
Nahúú,Casco,nahuu.casco@facebook.com,"19 de Enero",https://www.facebook.com/nahuu.casco,,,"Ciudad Autónoma de Buenos Aires","Buenos Aires",Argentina,100001355254319,"Gabi López",,1
Marcia,Vargas,marciav3@facebook.com,"19 de Enero",https://www.facebook.com/marciav3,,,"Ciudad Autónoma de Buenos Aires","Buenos Aires",Argentina,1586083641,"Ale Abd",https://www.facebook.com/alejandra.abdala,1
Antonela,Peres,antonela.peres.3@facebook.com,"19 de Enero",https://www.facebook.com/antonela.peres.3,28,,"Ciudad Autónoma de Buenos Aires","Buenos Aires",Argentina,100003099874352,"David Zalasar",https://www.facebook.com/Davidcocktails,1
Julieta,Esposito,julietaaesposito@facebook.com,"19 de Enero",https://www.facebook.com/julietaaesposito,,,"Ciudad Autónoma de Buenos Aires","Buenos Aires",Argentina,100000056589710,"Ezequiel Sebastian Berardi",https://www.facebook.com/EzErAsTa,1
Damian,Marinelli,damian.cavs.1@facebook.com,"19 de Enero",https://www.facebook.com/damian.cavs.1,,,"Ciudad Autónoma de Buenos Aires","Buenos Aires",Argentina,100000102642106,"Maria Quevedo",https://www.facebook.com/mery.quevedo3,1
"Decora Tu Pared",Argentina,decoratuparedargentina@facebook.com,"19 de Enero",https://www.facebook.com/decoratuparedargentina,,,"Ciudad Autónoma de Buenos Aires","Buenos Aires",Argentina,100002955517857,"Carina Viernickel",,1
Pocho,Bombelli,pocho.bombelli.1@facebook.com,"19 de Enero",https://www.facebook.com/pocho.bombelli.1,,,"Ciudad Autónoma de Buenos Aires","Buenos Aires",Argentina,1028472527,"Matias Blas",https://www.facebook.com/Matias.Blas,1
Markinho,Regan,markinho.regan@facebook.com,"19 de Enero",https://www.facebook.com/markinho.regan,,"Buenos Aires","Buenos Aires","Buenos Aires",Argentina,1019489693,"Fett Maidana",0,1
Mel,Quinteros,mell.quinteros@facebook.com,"19 de Enero",https://www.facebook.com/mell.quinteros,,,"Ciudad Autónoma de Buenos Aires","Buenos Aires",Argentina,1271073496,"Fernando Velcic",https://www.facebook.com/fernando.velcic,1
Luciana,Menghini,luciana.mgh@facebook.com,"19 de Enero",https://www.facebook.com/luciana.mgh,,,"Ciudad Autónoma de Buenos Aires","Buenos Aires",Argentina,1432186750,"Matias Daniel Pascual",,1
Tres,Sesenta,tressesentafutbol@facebook.com,"19 de Enero",https://www.facebook.com/tressesentafutbol,,,"Ciudad Autónoma de Buenos Aires","Buenos Aires",Argentina,100000136855898,"Martin Gonzalez",,1
Romii,Barrios,romina.barrios.777@facebook.com,"19 de Enero",https://www.facebook.com/romina.barrios.777,,,"Ciudad Autónoma de Buenos Aires","Buenos Aires",Argentina,1242308241,"Gisele Fratini",https://www.facebook.com/giakdmik,1
"El Arte",Ataka,elarte.ataka@facebook.com,"19 de Enero",https://www.facebook.com/elarte.ataka,22,,"Ciudad Autónoma de Buenos Aires","Buenos Aires",Argentina,1216089563,"Alejandra Ale Roldan",,1
Andrea,Leiva,andrea.leiva.583@facebook.com,"19 de Enero",https://www.facebook.com/andrea.leiva.583,,,"Ciudad Autónoma de Buenos Aires","Buenos Aires",Argentina,1283183361,"Gabriela A. Maidana",https://www.facebook.com/gabmaidana,1
Gabriela,Rio,gabriela.rio.54@facebook.com,"19 de Enero",https://www.facebook.com/gabriela.rio.54,25,,"Ciudad Autónoma de Buenos Aires","Buenos Aires",Argentina,100006193952790,"Flor Vischi Cortés",https://www.facebook.com/flor.vischi,1
Nahuel,Celano,nahuel.celano@facebook.com,"19 de Enero",https://www.facebook.com/nahuel.celano,,,"Ciudad Autónoma de Buenos Aires","Buenos Aires",Argentina,710044374,"Melo Dellarole",https://www.facebook.com/melodellarole,1
Noe,Grso,noe018@facebook.com,"19 de Enero",https://www.facebook.com/noe018,,,"Ciudad Autónoma de Buenos Aires","Buenos Aires",Argentina,841294846,"Lucas Alegre",,1
Martin,Mambrin,martin.mambrin@facebook.com,"19 de Enero",https://www.facebook.com/martin.mambrin,24,,"Ciudad Autónoma de Buenos Aires","Buenos Aires",Argentina,1252637150,"Julieta Belen",,1
Cxa,rock,cxarock@facebook.com,"19 de Enero",https://www.facebook.com/cxarock,,,"Ciudad Autónoma de Buenos Aires","Buenos Aires",Argentina,567343446,"Jessica Bellomo",https://www.facebook.com/JessBellomo,1
Ana,Gonzalez,ana.v.gonzalez.16@facebook.com,"19 de Enero",https://www.facebook.com/ana.v.gonzalez.16,24,,"Ciudad Autónoma de Buenos Aires","Buenos Aires",Argentina,507410718,"Emanuel Gaston Perdigues",https://www.facebook.com/emaxpx,1
Franco,Cavana,franco.cavana.9@facebook.com,"19 de Enero",https://www.facebook.com/franco.cavana.9,21,"Buenos Aires","Buenos Aires","Buenos Aires",Argentina,1530805117,"Augusto Lios",0,1
Baires,Eventos,baires.eventos.14@facebook.com,"19 de Enero",https://www.facebook.com/baires.eventos.14,26,,"Ciudad Autónoma de Buenos Aires","Buenos Aires",Argentina,100001215466543,"Ago Benedettini",https://www.facebook.com/ago.benedettini,1
Juaan,Vega,juaan.vega.121@facebook.com,"19 de Enero",https://www.facebook.com/juaan.vega.121,27,,"Ciudad Autónoma de Buenos Aires","Buenos Aires",Argentina,100007490856804,"Silvia Fernandez",https://www.facebook.com/silviafernandezchivi,1
Guillermina,Eiguchi,gui.eiguchi@facebook.com,"19 de Enero",https://www.facebook.com/gui.eiguchi,,,"Ciudad Autónoma de Buenos Aires","Buenos Aires",Argentina,1389618294,"Agustina Ortega",https://www.facebook.com/agustina.ortega3,1
Maxi,Spataro,maxi.spataro.7@facebook.com,"19 de Enero",https://www.facebook.com/maxi.spataro.7,,,"Ciudad Autónoma de Buenos Aires","Buenos Aires",Argentina,1040088196,"Gisele Fratini",https://www.facebook.com/giakdmik,1
Rosebar,"Ale Meliga",rosebar.alemeliga@facebook.com,"19 de Enero",https://www.facebook.com/rosebar.alemeliga,,,"Ciudad Autónoma de Buenos Aires","Buenos Aires",Argentina,100003040958523,"Valeria Ayala",,1
Joaquin,Ochoa,kattiusca.bella@facebook.com,"19 de Enero",https://www.facebook.com/kattiusca.bella,29,,"Ciudad Autónoma de Buenos Aires","Buenos Aires",Argentina,100004253982240,"Agustin Sujo",https://www.facebook.com/agustin.sujook,1
Jesica,Bogarín,zep.bogarin@facebook.com,"20 de Enero",https://www.facebook.com/zep.bogarin,24,,"Ciudad Autónoma de Buenos Aires","Buenos Aires",Argentina,1520757670,"Maanu C. Rebori",https://www.facebook.com/maanu,1
Sol,Burnichon,sol.burnichon@facebook.com,"20 de Enero",https://www.facebook.com/sol.burnichon,,,"Ciudad Autónoma de Buenos Aires","Buenos Aires",Argentina,1093841337,"Ariel Martin",https://www.facebook.com/arielcabezon,1
Andrea,Benavides,andrea.benavides.106@facebook.com,"20 de Enero",https://www.facebook.com/andrea.benavides.106,,,"Ciudad Autónoma de Buenos Aires","Buenos Aires",Argentina,1471236758,"Facundo Bulacio",https://www.facebook.com/facundo.bulacio,1
"Congreso Musicales","Óperas Rock",congresomusicales@facebook.com,"20 de Enero",https://www.facebook.com/congresomusicales,,,"Ciudad Autónoma de Buenos Aires","Buenos Aires",Argentina,100000868900224,"Sumatra Shows",https://www.facebook.com/sumatrashows,1
"Luis Miguel",Ro,luismiguel.rojas.75@facebook.com,"20 de Enero",https://www.facebook.com/luismiguel.rojas.75,29,,"Ciudad Autónoma de Buenos Aires","Buenos Aires",Argentina,100000108319116,"Yanel Block",https://www.facebook.com/yanel.bllock,1
Amparo,Arce,amparitah@facebook.com,"20 de Enero",https://www.facebook.com/amparitah,30,,"Ciudad Autónoma de Buenos Aires","Buenos Aires",Argentina,1402183744,"Alan Volper",https://www.facebook.com/alan.volper,1
Jazmín,Gras,painting.paradise@facebook.com,"20 de Enero",https://www.facebook.com/painting.paradise,22,"Villa Del Parque","Ciudad Autónoma de Buenos Aires","Buenos Aires",Argentina,1521087137,"Daiana Soledad Pintos",https://www.facebook.com/Sheena.is,1
Sol,Frocham,sol.frocham12@facebook.com,"20 de Enero",https://www.facebook.com/Sol.Frocham12,,,"Ciudad Autónoma de Buenos Aires","Buenos Aires",Argentina,100002483274735,"Facu Denegri",,1
Agustin,Quatrini,agustinquat@facebook.com,"20 de Enero",https://www.facebook.com/agustinquat,26,,"Ciudad Autónoma de Buenos Aires","Buenos Aires",Argentina,1222624197,"Bettina Narbona",https://www.facebook.com/bettina.narbona,1
Na,Lopez,na.lopez.52@facebook.com,"20 de Enero",https://www.facebook.com/na.lopez.52,24,,"Ciudad Autónoma de Buenos Aires","Buenos Aires",Argentina,1594149512,"Luciana Poeltra",https://www.facebook.com/luciana.poeltra,1
Yenii,Coronel,laamoroochiita.love@facebook.com,"20 de Enero",https://www.facebook.com/laamoroochiita.love,26,,"Ciudad Autónoma de Buenos Aires","Buenos Aires",Argentina,100000178061692,"Lo Lola",,1
Lily,Oxley,lily.oxley@facebook.com,"20 de Enero",https://www.facebook.com/lily.oxley,,,"Ciudad Autónoma de Buenos Aires","Buenos Aires",Argentina,1000147317,"Ale Arias Mandarine Park",,1
Jé,Adore,je.adore.9@facebook.com,"20 de Enero",https://www.facebook.com/je.adore.9,29,,"Ciudad Autónoma de Buenos Aires","Buenos Aires",Argentina,100000240880300,"Miqui Berriòs",https://www.facebook.com/miqui.berrios,1
Renata,Clerici,renata.clerici.3@facebook.com,"20 de Enero",https://www.facebook.com/renata.clerici.3,,"Buenos Aires","Buenos Aires","Buenos Aires",Argentina,1030802794,"Hercilia Rs",0,1
Gisel,Delliera,gisel.delliera@facebook.com,"20 de Enero",https://www.facebook.com/gisel.delliera,,,"Ciudad Autónoma de Buenos Aires","Buenos Aires",Argentina,100000166104361,"Felipe Vidal",https://www.facebook.com/Feelipe.vp,1
Martín,Benitez,syama97@facebook.com,"20 de Enero",https://www.facebook.com/syama97,,,"Ciudad Autónoma de Buenos Aires","Buenos Aires",Argentina,100001926698381,"Martín Álvarez BA I",https://www.facebook.com/Woody.Blair,1
Morochiitaa,Akd,laacooliitoo.bp@facebook.com,"20 de Enero",https://www.facebook.com/laacooliitoo.bp,21,,"Ciudad Autónoma de Buenos Aires","Buenos Aires",Argentina,100003592628047,"Julio Roberto Cuevas",https://www.facebook.com/julioroberto.cuevas,1
Anto,Michale,antomichale@facebook.com,"20 de Enero",https://www.facebook.com/AntoMichale,21,,"Ciudad Autónoma de Buenos Aires","Buenos Aires",Argentina,100000795405297,"Manuel Saenz",,1
Juano,Aramburu,juano.aramburu@facebook.com,"20 de Enero",https://www.facebook.com/juano.aramburu,24,Recoleta,"Ciudad Autónoma de Buenos Aires","Buenos Aires",Argentina,100001069383401,"Rochi Christensen",https://www.facebook.com/rochi.christensen,1
Nonii,Ta,nonyta.88@facebook.com,"20 de Enero",https://www.facebook.com/nonyta.88,26,,"Ciudad Autónoma de Buenos Aires","Buenos Aires",Argentina,100000371333561,"Miqui Berriòs",https://www.facebook.com/miqui.berrios,1
Fede,Pasajero,fede.merayo.7@facebook.com,"20 de Enero",https://www.facebook.com/fede.merayo.7,24,,"Ciudad Autónoma de Buenos Aires","Buenos Aires",Argentina,1023703510,"Brian Hettich",https://www.facebook.com/brianghettich,1
Atomix,Estudio,atomix.estudio@facebook.com,"20 de Enero",https://www.facebook.com/atomix.estudio,,,"Ciudad Autónoma de Buenos Aires","Buenos Aires",Argentina,100003368695374,"Agustina Pelle Müller",,1
Gigí,"Gonzalez M",shishii90@facebook.com,"20 de Enero",https://www.facebook.com/shishii90,30,,"Ciudad Autónoma de Buenos Aires","Buenos Aires",Argentina,1020161816,"Victoria Roldán",https://www.facebook.com/marievickyroldan,1
Voluntariado,"Perdidos Encontrados",voluntariadolp.perdidosencontrados@facebook.com,"20 de Enero",https://www.facebook.com/voluntariadolp.perdidosencontrados,,,"Ciudad Autónoma de Buenos Aires","Buenos Aires",Argentina,100002031136733,"Mery Noel Vidal ?ï?",,1
Mati,Perez,matipere10@facebook.com,"20 de Enero",https://www.facebook.com/matipere10,24,,"Ciudad Autónoma de Buenos Aires","Buenos Aires",Argentina,1438031782,"Julieta Belen",,1
Majo,"López Tavani",lasplumas@facebook.com,"20 de Enero",https://www.facebook.com/lasplumas,25,,"Ciudad Autónoma de Buenos Aires","Buenos Aires",Argentina,653399597,"Charly Ruez",https://www.facebook.com/charly.ruez,1
Broka,Brasil,broka.brasil@facebook.com,"20 de Enero",https://www.facebook.com/broka.brasil,24,,"Ciudad Autónoma de Buenos Aires","Buenos Aires",Argentina,100000403788762,"Mia Miry Ponce",,1
Marcela,Cuesta,marcela.cuesta.75@facebook.com,"20 de Enero",https://www.facebook.com/marcela.cuesta.75,30,,"Ciudad Autónoma de Buenos Aires","Buenos Aires",Argentina,1597915537,"Cecilia Morinigo",,1
Ampi,Arce,profile.520@facebook.com,"20 de Enero",https://www.facebook.com/profile.520,,,"Ciudad Autónoma de Buenos Aires","Buenos Aires",Argentina,100004562830451,"Facu Denegri",,1
Juan,Thomp,juan.thomp@facebook.com,"20 de Enero",https://www.facebook.com/juan.thomp,,,"Ciudad Autónoma de Buenos Aires","Buenos Aires",Argentina,100001438564505,"Alicia Kosem",https://www.facebook.com/alicia.kosem,1
Selo,Quieres,selo.quieres@facebook.com,"20 de Enero",https://www.facebook.com/selo.quieres,26,,"Ciudad Autónoma de Buenos Aires","Buenos Aires",Argentina,100000876850862,"Evelina Ferreira",,1
Luli,Rossi,luulirossi@facebook.com,"20 de Enero",https://www.facebook.com/luulirossi,,,"Ciudad Autónoma de Buenos Aires","Buenos Aires",Argentina,1405242188,"Brenda Fabregat",https://www.facebook.com/brenda.fabregat,1
Escu,Scuderi,escu.scuderi@facebook.com,"20 de Enero",https://www.facebook.com/escu.scuderi,,,"Ciudad Autónoma de Buenos Aires","Buenos Aires",Argentina,530477264,"Belu Alvarez",,1
Luciana,Consi,luciana.consi.16@facebook.com,"20 de Enero",https://www.facebook.com/luciana.consi.16,27,,"Ciudad Autónoma de Buenos Aires","Buenos Aires",Argentina,100005942195591,"Juan Manuel Vilagut",https://www.facebook.com/jvilagut1,1
Andy,River,andres.river.96@facebook.com,"20 de Enero",https://www.facebook.com/andres.river.96,27,,"Ciudad Autónoma de Buenos Aires","Buenos Aires",Argentina,1109385625,"Mery Noel Vidal ?ï?",,1
Marisol,Danzarina,marisolporto@facebook.com,"20 de Enero",https://www.facebook.com/MarisolPorto,27,,"Ciudad Autónoma de Buenos Aires","Buenos Aires",Argentina,527277126,"Solari Elenn",https://www.facebook.com/elenn.solari,1
Franco,Acuña,franco.acuna.395@facebook.com,"20 de Enero",https://www.facebook.com/franco.acuna.395,21,,"Ciudad Autónoma de Buenos Aires","Buenos Aires",Argentina,695578041,"Jorge Biamonte",https://www.facebook.com/georgebiamonteok,1
Dylan,Grinberg,dylan.grinberg@facebook.com,"20 de Enero",https://www.facebook.com/dylan.grinberg,,Colegiales,"Ciudad Autónoma de Buenos Aires","Distrito Federal",Argentina,1435584995,"Facu Denegri",,1
Marina,Gauto,marina.gauto.1@facebook.com,"20 de Enero",https://www.facebook.com/marina.gauto.1,,,"Ciudad Autónoma de Buenos Aires","Buenos Aires",Argentina,1439259604,"Facu Denegri",,1
El,Mosquito,severino.mosquitto@facebook.com,"20 de Enero",https://www.facebook.com/severino.mosquitto,,,"Ciudad Autónoma de Buenos Aires","Buenos Aires",Argentina,100007924564831,"Jessica Bellomo",https://www.facebook.com/JessBellomo,1
Maxi,Fernandez,maxi.fernandez.129@facebook.com,"20 de Enero",https://www.facebook.com/maxi.fernandez.129,,,"Ciudad Autónoma de Buenos Aires","Buenos Aires",Argentina,100001297936479,"Agustina Pelle Müller",,1
Melanie,Maariel,melanie.maariel.1@facebook.com,"20 de Enero",https://www.facebook.com/melanie.maariel.1,,,"Ciudad Autónoma de Buenos Aires","Buenos Aires",Argentina,100003647188885,"Matías Panero",,1
Pablo,Turnes,pablo.turnes.7@facebook.com,"20 de Enero",https://www.facebook.com/pablo.turnes.7,22,,"Ciudad Autónoma de Buenos Aires","Buenos Aires",Argentina,100000681831661,"Anna Laura",https://www.facebook.com/Anna.Laucha,1
Alfredo,Meroni,alfredo.meroni@facebook.com,"20 de Enero",https://www.facebook.com/alfredo.meroni,,,"Ciudad Autónoma de Buenos Aires","Buenos Aires",Argentina,1273916250,"Paula Martínez",,1
Roby,King,roberto.rry.5@facebook.com,"20 de Enero",https://www.facebook.com/roberto.rry.5,,"Barrio Norte","Ciudad Autónoma de Buenos Aires","Buenos Aires",Argentina,100003673627904,"Ignacio Lines Ceruti",https://www.facebook.com/ignacio.lines,1
Deborah,Stern,deborah.stern.73@facebook.com,"20 de Enero",https://www.facebook.com/deborah.stern.73,,,"Ciudad Autónoma de Buenos Aires","Buenos Aires",Argentina,694747407,"Christian Marconi",https://www.facebook.com/gmarconi.turismo,1
Marce,Ruiz,marcelo.ruiz.7140@facebook.com,"20 de Enero",https://www.facebook.com/marcelo.ruiz.7140,28,,"Ciudad Autónoma de Buenos Aires","Buenos Aires",Argentina,100002458562149,"Pamela Garrote",https://www.facebook.com/pamela.garrote,1
Guillermo,Loria,guillermo.loria.9@facebook.com,"20 de Enero",https://www.facebook.com/guillermo.loria.9,,Boedo,"Ciudad Autónoma de Buenos Aires","Buenos Aires",Argentina,100000499981771,"Tatiana Petroccelli",https://www.facebook.com/tanshanita,1
Granada,Banda,granada.banda@facebook.com,"20 de Enero",https://www.facebook.com/granada.banda,,,"Ciudad Autónoma de Buenos Aires","Buenos Aires",Argentina,100000501214234,"Tatiana Petroccelli",https://www.facebook.com/tanshanita,1
Pau,Liss,pau.liss.39@facebook.com,"20 de Enero",https://www.facebook.com/pau.liss.39,,Congreso,"Ciudad Autónoma de Buenos Aires","Buenos Aires",Argentina,100000501559133,"Tatiana Petroccelli",https://www.facebook.com/tanshanita,1
Francisco,Navarro,wasooon@facebook.com,"20 de Enero",https://www.facebook.com/Wasooon,22,,"Ciudad Autónoma de Buenos Aires","Buenos Aires",Argentina,1186816985,"Anna Laura",https://www.facebook.com/Anna.Laucha,1
Denise,Flor,deniseeeeeeeeee@facebook.com,"20 de Enero",https://www.facebook.com/deniseeeeeeeeee,23,,"Ciudad Autónoma de Buenos Aires","Buenos Aires",Argentina,1350042291,"Guido Moncayo",https://www.facebook.com/guido.moncayo,1
Frank,Bahamondes,frank.bahamondes@facebook.com,"20 de Enero",https://www.facebook.com/frank.bahamondes,30,,"Ciudad Autónoma de Buenos Aires","Buenos Aires",Argentina,1410197668,"Fernando Velcic",https://www.facebook.com/fernando.velcic,1
Limpia,Martinez,conce.martinez.121@facebook.com,"20 de Enero",https://www.facebook.com/conce.martinez.121,29,,"Ciudad Autónoma de Buenos Aires","Buenos Aires",Argentina,100000982551722,"Martín Álvarez BA I",https://www.facebook.com/Woody.Blair,1
Lucio,Favara,lucho.lionel@facebook.com,"20 de Enero",https://www.facebook.com/Lucho.Lionel,,,"Ciudad Autónoma de Buenos Aires","Buenos Aires",Argentina,1682794746,"Emiliano Pirolo",https://www.facebook.com/emi.pirolo,1
Cami,Marzola,cami.marzola@facebook.com,"20 de Enero",https://www.facebook.com/cami.marzola,28,,"Ciudad Autónoma de Buenos Aires","Buenos Aires",Argentina,100001552373537,"Pamela Altamiranda",https://www.facebook.com/pamela.altamiranda1,1
Lu,Pinacchio,organizemosnos@facebook.com,"20 de Enero",https://www.facebook.com/organizemosnos,,,"Ciudad Autónoma de Buenos Aires","Buenos Aires",Argentina,1585926275,"Matías Panero",,1
Gonza,Donoso,gonza.donoso@facebook.com,"20 de Enero",https://www.facebook.com/gonza.donoso,21,,"Ciudad Autónoma de Buenos Aires","Buenos Aires",Argentina,1142571782,"Joaquin Casoli",,1
Dario,Raccagni,dario.raccagni@facebook.com,"21 de Enero",https://www.facebook.com/dario.raccagni,25,,"Ciudad Autónoma de Buenos Aires","Buenos Aires",Argentina,1085095144,"Ariel Martin",https://www.facebook.com/arielcabezon,1
"David Daniel",Colombres,daviddcolombres@facebook.com,"21 de Enero",https://www.facebook.com/daviddcolombres,29,,"Ciudad Autónoma de Buenos Aires","Buenos Aires",Argentina,100007386364706,"Joaquin Perez Flenche",,1
Daniel,Deatec,daniel.deatec@facebook.com,"21 de Enero",https://www.facebook.com/daniel.deatec,,,"Ciudad Autónoma de Buenos Aires","Buenos Aires",Argentina,100000331706464,"Rodrigo Alonso",https://www.facebook.com/rodrigojalonso,1
"Ari SG",Listas,arisg.listas@facebook.com,"21 de Enero",https://www.facebook.com/arisg.listas,29,,"Ciudad Autónoma de Buenos Aires","Buenos Aires",Argentina,100007397497993,"Michelle Fingeret",https://www.facebook.com/michelle.fingeret,1
Desafio,"de Pilotos",desafio.depilotos.16@facebook.com,"21 de Enero",https://www.facebook.com/desafio.depilotos.16,24,,"Ciudad Autónoma de Buenos Aires","Buenos Aires",Argentina,100007590187016,"Sebastian Daniel Riccardi",https://www.facebook.com/sebastian.riccardi,1
Ilan,Amores,ilanbzk@facebook.com,"21 de Enero",https://www.facebook.com/ilanbzk,,,"Ciudad Autónoma de Buenos Aires","Buenos Aires",Argentina,1661679724,"Juan Antonio Papagni Meca",https://www.facebook.com/juanantoniopapagnimeca,1
Delta,Vuelos,delta.vuelos@facebook.com,"21 de Enero",https://www.facebook.com/delta.vuelos,,,"Ciudad Autónoma de Buenos Aires","Buenos Aires",Argentina,100002767302519,"Valentin Abelardo",https://www.facebook.com/valentin.abelardo,1
Karola,Tefi,carolina.benitez.5070@facebook.com,"21 de Enero",https://www.facebook.com/carolina.benitez.5070,26,,"Ciudad Autónoma de Buenos Aires","Buenos Aires",Argentina,1352016289,"Amilcar Ferrari",,1
Cony,Navarro,cony.flor.navarro@facebook.com,"21 de Enero",https://www.facebook.com/cony.flor.navarro,22,,"Ciudad Autónoma de Buenos Aires","Buenos Aires",Argentina,100005079912964,"Belu Alvarez",,1
Clari,Cercedo,clari.cercedo@facebook.com,"21 de Enero",https://www.facebook.com/clari.cercedo,,,"Ciudad Autónoma de Buenos Aires","Buenos Aires",Argentina,1362702663,"Martin Olmedo",,1
"Las Incondicionales",Argentina,lasincondicionales@facebook.com,"21 de Enero",https://www.facebook.com/lasincondicionales,,,"Ciudad Autónoma de Buenos Aires","Buenos Aires",Argentina,100001999023765,"Flor Scalise",https://www.facebook.com/flor.scalise,1
Planeta,Videobooks,planeta.videobooks@facebook.com,"21 de Enero",https://www.facebook.com/planeta.videobooks,,,"Ciudad Autónoma de Buenos Aires","Buenos Aires",Argentina,100001999043483,"Flor Scalise",https://www.facebook.com/flor.scalise,1
Romina,Liasuco,romina.liasuco@facebook.com,"21 de Enero",https://www.facebook.com/romina.liasuco,27,,"Ciudad Autónoma de Buenos Aires","Buenos Aires",Argentina,100000391597396,"Maria Pia Perez Brea",,1
"Gabriel Alejandro",Zampoña,gabriel.hutnik@facebook.com,"21 de Enero",https://www.facebook.com/gabriel.hutnik,,Agronomía,"Ciudad Autónoma de Buenos Aires","Buenos Aires",Argentina,1381793324,"GiSe Abraham",https://www.facebook.com/gise.abraham,1
Osvaldo,Contreras,osvaldo.contreras.503@facebook.com,"21 de Enero",https://www.facebook.com/osvaldo.contreras.503,23,,"Ciudad Autónoma de Buenos Aires","Buenos Aires",Argentina,100003034603919,"Antonela Monachesi",https://www.facebook.com/anto.monachesi,1
Emmanuel,Arancibia,emmanuel.arancibia.96@facebook.com,"21 de Enero",https://www.facebook.com/emmanuel.arancibia.96,30,,"Ciudad Autónoma de Buenos Aires","Buenos Aires",Argentina,567712018,"Tatiana Petroccelli",https://www.facebook.com/tanshanita,1
Andrea,Estevez,andrea.estevez.399@facebook.com,"21 de Enero",https://www.facebook.com/andrea.estevez.399,,,"Ciudad Autónoma de Buenos Aires","Buenos Aires",Argentina,100000437904617,"Mauro Sebastian Villegas",,1
Flor,Cucchi,florcucchi@facebook.com,"21 de Enero",https://www.facebook.com/FlorCucchi,,,"Ciudad Autónoma de Buenos Aires","Buenos Aires",Argentina,525986990,"Maria Florencia Lioni Tarsitano",https://www.facebook.com/mariaflorencia.lionitarsi,1
M,"Centro Bienestar",marieladlcherbalife@facebook.com,"21 de Enero",https://www.facebook.com/marieladlcherbalife,26,"Villa Devoto","Ciudad Autónoma de Buenos Aires","Buenos Aires",Argentina,100008080811529,"Flor Rossi",,1
Bian,Consoli,bianconsoli@facebook.com,"21 de Enero",https://www.facebook.com/BiANCONSOLi,,,"Ciudad Autónoma de Buenos Aires","Buenos Aires",Argentina,1098080839,"Facu Denegri",,1
Mel,Barreto,melina.barreto@facebook.com,"21 de Enero",https://www.facebook.com/melina.barreto,22,,"Ciudad Autónoma de Buenos Aires","Buenos Aires",Argentina,1045147817,"Ale Arias Mandarine Park",,1
Susy,Romero,susy.romero.96@facebook.com,"21 de Enero",https://www.facebook.com/susy.romero.96,27,,"Ciudad Autónoma de Buenos Aires","Buenos Aires",Argentina,1168178292,"Miel Irisarri",https://www.facebook.com/miel.irisarri,1
Prima,Vikinga,vikingadelvalle@facebook.com,"21 de Enero",https://www.facebook.com/vikingadelvalle,,,"Ciudad Autónoma de Buenos Aires","Buenos Aires",Argentina,100004792360846,"Ivan Lisz",,1
Flor,Pogonza,flo189@facebook.com,"21 de Enero",https://www.facebook.com/flo189,,,"Ciudad Autónoma de Buenos Aires","Buenos Aires",Argentina,100001411722140,"Fiestas Baires",,1
Gabriel,Fanuele,gabriel.fanuele@facebook.com,"21 de Enero",https://www.facebook.com/gabriel.fanuele,,"Villa Pueyrredón","Ciudad Autónoma de Buenos Aires","Buenos Aires",Argentina,1057573831,"Florencia Ferrari",https://www.facebook.com/florenciaferrari.1403,1
Gonzalo,Ramone,gonzalo.ramone@facebook.com,"21 de Enero",https://www.facebook.com/gonzalo.ramone,30,,"Ciudad Autónoma de Buenos Aires","Buenos Aires",Argentina,1622791679,"Tatiana Petroccelli",https://www.facebook.com/tanshanita,1
Sofii,Ayala?i?,sofii.ayala.77@facebook.com,"21 de Enero",https://www.facebook.com/sofii.ayala.77,,,"Ciudad Autónoma de Buenos Aires","Buenos Aires",Argentina,100001361381640,"Rodrii Martinez",,1
"Juan Cruz",Diaz,juaanchu@facebook.com,"21 de Enero",https://www.facebook.com/juaanchu,23,"San Cristóbal","Ciudad Autónoma de Buenos Aires","Buenos Aires",Argentina,1619607010,"Guido Moncayo",https://www.facebook.com/guido.moncayo,1
Sensi,Man,thesensi.man@facebook.com,"21 de Enero",https://www.facebook.com/thesensi.man,26,,"Ciudad Autónoma de Buenos Aires","Buenos Aires",Argentina,100002282114244,"Clara Ryan",https://www.facebook.com/clariryaneventos,1
Lara,Beltran,laara.beltran@facebook.com,"21 de Enero",https://www.facebook.com/laara.beltran,,,"Ciudad Autónoma de Buenos Aires","Buenos Aires",Argentina,100000253500850,"Lucas Funes",https://www.facebook.com/SkriLef14,1
Fernando,Borda,fernando.e.borda@facebook.com,"21 de Enero",https://www.facebook.com/fernando.e.borda,,,"Ciudad Autónoma de Buenos Aires","Buenos Aires",Argentina,1022266057,"Franco Marcoccia",https://www.facebook.com/franco.marcoccia,1
Seba,Maciel,seba.maciel.121@facebook.com,"21 de Enero",https://www.facebook.com/seba.maciel.121,24,,"Ciudad Autónoma de Buenos Aires","Buenos Aires",Argentina,100006353295285,"Mia Miry Ponce",,1
Anhaclara,Zapatos,zapatosanhaclara@facebook.com,"21 de Enero",https://www.facebook.com/zapatosanhaclara,30,,"Ciudad Autónoma de Buenos Aires","Buenos Aires",Argentina,100006813422392,"Gisele Galia",https://www.facebook.com/gisele.galia,1
Lucas,Kohen,lucas.kohen.1@facebook.com,"21 de Enero",https://www.facebook.com/lucas.kohen.1,29,,"Ciudad Autónoma de Buenos Aires","Buenos Aires",Argentina,589831548,"Santiago Villanueva",https://www.facebook.com/santiago.villanueva,1
Agustin,Sosa,agus.sosaa@facebook.com,"21 de Enero",https://www.facebook.com/agus.sosaa,,,"Ciudad Autónoma de Buenos Aires","Buenos Aires",Argentina,568704010,"Facu Denegri",,1
Patricia,China,patricia.china.5@facebook.com,"21 de Enero",https://www.facebook.com/patricia.china.5,,,"Ciudad Autónoma de Buenos Aires","Buenos Aires",Argentina,100003705655736,"Mariela Puricelli",https://www.facebook.com/mariela.puricelli,1
Angel,Luna,angel.luna.10441861@facebook.com,"21 de Enero",https://www.facebook.com/angel.luna.10441861,,,"Ciudad Autónoma de Buenos Aires","Buenos Aires",Argentina,100002189758375,"Analia Utlo",https://www.facebook.com/ANY10,1
Braulio,D'Aguirre,braulio.daguirre@facebook.com,"21 de Enero",https://www.facebook.com/braulio.daguirre,,,"Ciudad Autónoma de Buenos Aires","Buenos Aires",Argentina,1448349650,"Clara Ryan",https://www.facebook.com/clariryaneventos,1
Lula,Rotelli,lula.rotelli@facebook.com,"21 de Enero",https://www.facebook.com/lula.rotelli,,,"Ciudad Autónoma de Buenos Aires","Buenos Aires",Argentina,1167270619,"Tomi Rodriguez",,1
Maikee,Marcati,maikee.marcati@facebook.com,"21 de Enero",https://www.facebook.com/maikee.marcati,,,"Ciudad Autónoma de Buenos Aires","Buenos Aires",Argentina,100000042666798,"Franco Palermo",,1
Mili,"F Wilson",milachafw@facebook.com,"21 de Enero",https://www.facebook.com/milachafw,,,"Ciudad Autónoma de Buenos Aires","Buenos Aires",Argentina,100003485097526,"Flor Encino",https://www.facebook.com/flopy.encino,1
Maxim,LocoPro,maxim.locopro@facebook.com,"21 de Enero",https://www.facebook.com/maxim.locopro,26,,"Ciudad Autónoma de Buenos Aires","Buenos Aires",Argentina,568298704,"Camila Gonzalez C",https://www.facebook.com/letmerocknrollyou,1
Valen,Cesca,valen.cesca@facebook.com,"21 de Enero",https://www.facebook.com/valen.cesca,24,,"Ciudad Autónoma de Buenos Aires","Buenos Aires",Argentina,100000004635169,"Alan Volper",https://www.facebook.com/alan.volper,1
Wenchi,Berretta,wenchi.berretta@facebook.com,"21 de Enero",https://www.facebook.com/wenchi.berretta,,,"Ciudad Autónoma de Buenos Aires","Buenos Aires",Argentina,1259492354,"Marti Nevares",https://www.facebook.com/martii.nevares,1
Mariano,Ayala,mariano.ayala.31@facebook.com,"21 de Enero",https://www.facebook.com/mariano.ayala.31,,,"Ciudad Autónoma de Buenos Aires","Buenos Aires",Argentina,100002596696312,"Gaby Pascuali",https://www.facebook.com/gabriela.pascuali,1
German,Mountblanc,lorenzo.mountblanc@facebook.com,"21 de Enero",https://www.facebook.com/lorenzo.mountblanc,,,"Ciudad Autónoma de Buenos Aires","Buenos Aires",Argentina,1588697941,"Laura Gervasi",,1
