Nombre,Apellido,"Email Facebook",Cumpleaños,"Usuario Facebook",Edad,Barrio,Ciudad,Provincia,Pais,"ID Facebook","Amigo De","Amigo De (Usuario)",rebound
Antonela,Bortolozzi,antonela.bortolozzi@facebook.com,"22 de Enero",https://www.facebook.com/Antonela.Bortolozzi,28,,"Ciudad Autónoma de Buenos Aires","Buenos Aires",Argentina,602780763,"Romi Flores",,1
"Quiero Violetas Quiero",Accesorios,quierovioletasquiero.accesorios@facebook.com,"22 de Enero",https://www.facebook.com/quierovioletasquiero.accesorios,26,,"Ciudad Autónoma de Buenos Aires","Buenos Aires",Argentina,1550330400,"Mery Villar",https://www.facebook.com/mery.villar1,1
Loa,Romero,labosterita.loa@facebook.com,"22 de Enero",https://www.facebook.com/labosterita.loa,,,"Ciudad Autónoma de Buenos Aires","Buenos Aires",Argentina,100001040527059,"Silvia Fernandez",https://www.facebook.com/silviafernandezchivi,1
Pome,Graña,pamelacecilia.grana@facebook.com,"22 de Enero",https://www.facebook.com/pamelacecilia.grana,,,"Ciudad Autónoma de Buenos Aires","Buenos Aires",Argentina,100000350701420,"Belu Piacentino",https://www.facebook.com/belenpiacentino,1
Barbi,Pe,barbaraalejandraa92@facebook.com,"22 de Enero",https://www.facebook.com/barbaraalejandraa92,22,Flores,"Ciudad Autónoma de Buenos Aires","Distrito Federal",Argentina,1452129448,"Tamara Pereyra",,1
Alans,Correa,armanbure.wallace@facebook.com,"22 de Enero",https://www.facebook.com/armanbure.wallace,23,,"Ciudad Autónoma de Buenos Aires","Buenos Aires",Argentina,1645974959,"Agustina Pelle Müller",,1
Mery,Vera,srta.meryvera@facebook.com,"22 de Enero",https://www.facebook.com/Srta.MeryVera,23,,"Ciudad Autónoma de Buenos Aires","Buenos Aires",Argentina,100000867565675,"Anto Melgarejo",https://www.facebook.com/antho.melgarejo,1
Nikki,Galvanoni,nicoleantonella.galvanoni@facebook.com,"22 de Enero",https://www.facebook.com/nicoleantonella.galvanoni,,,"Ciudad Autónoma de Buenos Aires","Buenos Aires",Argentina,100001804276346,"Barby Suarez",https://www.facebook.com/barby1522,1
Daniielita,Paternal,unafeadelface@facebook.com,"22 de Enero",https://www.facebook.com/unafeadelface,21,"La Paternal","Ciudad Autónoma de Buenos Aires","Distrito Federal",Argentina,1449677859,"Ale Arias Mandarine Park",,1
"Consulado Bolivia",Baires,consulado.bolivia.3@facebook.com,"22 de Enero",https://www.facebook.com/consulado.bolivia.3,,"Buenos Aires","Buenos Aires","Buenos Aires",Argentina,100006603150949,"Roberto Hatti",0,1
Juan,Ignacio,juaanii.waddle@facebook.com,"22 de Enero",https://www.facebook.com/juaanii.waddle,24,,"Ciudad Autónoma de Buenos Aires","Buenos Aires",Argentina,100005244521439,"Gabi López",,1
Manuel,Gomez,mmaannuueellggoommeezz@facebook.com,"22 de Enero",https://www.facebook.com/mmaannuueellggoommeezz,,,"Ciudad Autónoma de Buenos Aires","Buenos Aires",Argentina,1301981090,"Clari Stagno",,1
Belu,Paris,belu.paris@facebook.com,"22 de Enero",https://www.facebook.com/belu.paris,,"Villa Pueyrredón","Ciudad Autónoma de Buenos Aires","Distrito Federal",Argentina,100000321691410,"Brian Cano",,1
Juan,Pablo,juanpablosegura.segura@facebook.com,"22 de Enero",https://www.facebook.com/juanpablosegura.segura,,,"Ciudad Autónoma de Buenos Aires","Buenos Aires",Argentina,100000895586683,"Tamara Arias",,1
Mariana,Sugobono,mariana.sugobono@facebook.com,"22 de Enero",https://www.facebook.com/mariana.sugobono,29,,"Ciudad Autónoma de Buenos Aires","Buenos Aires",Argentina,1120306413,"Charly Ruez",https://www.facebook.com/charly.ruez,1
Ale,Aboy,ale.aboy@facebook.com,"22 de Enero",https://www.facebook.com/ale.aboy,,,"Ciudad Autónoma de Buenos Aires","Buenos Aires",Argentina,100000524893826,"Vicky Diaz",,1
Katia,Appelhans,katia.appelhans@facebook.com,"22 de Enero",https://www.facebook.com/katia.appelhans,22,,"Ciudad Autónoma de Buenos Aires","Buenos Aires",Argentina,1355750932,"Jessica Bellomo",https://www.facebook.com/JessBellomo,1
Mariano,Fittipaldi,mariano.fittipaldi.5@facebook.com,"22 de Enero",https://www.facebook.com/mariano.fittipaldi.5,,,"Ciudad Autónoma de Buenos Aires","Buenos Aires",Argentina,664363694,"Juan Antonio Papagni Meca",https://www.facebook.com/juanantoniopapagnimeca,1
Andreina,Disegni,andreina.disegni.1@facebook.com,"22 de Enero",https://www.facebook.com/andreina.disegni.1,,,"Ciudad Autónoma de Buenos Aires","Buenos Aires",Argentina,100000322891272,"Romina Dorza",https://www.facebook.com/rodorza,1
Seba,Obregon,shebyss@facebook.com,"22 de Enero",https://www.facebook.com/shebyss,,,"Ciudad Autónoma de Buenos Aires","Buenos Aires",Argentina,633613487,"Ro Cardoso",,1
Juan,Segura,juanpablo.segura.39@facebook.com,"22 de Enero",https://www.facebook.com/juanpablo.segura.39,21,,"Ciudad Autónoma de Buenos Aires","Buenos Aires",Argentina,100002486043881,"Tamara Arias",,1
Aguus,Bosco,aguus.bosco@facebook.com,"22 de Enero",https://www.facebook.com/aguus.bosco,24,,"Ciudad Autónoma de Buenos Aires","Buenos Aires",Argentina,100000227290101,"Christian Douer Chuky",https://www.facebook.com/christian.chuky,1
Julian,Gascon,julian.t.gascon@facebook.com,"22 de Enero",https://www.facebook.com/julian.t.gascon,,,"Ciudad Autónoma de Buenos Aires","Buenos Aires",Argentina,763123770,"Chanchi Martinez",https://www.facebook.com/chanchi.martinez,1
LeBlanc,Deco,leblanc.deco@facebook.com,"22 de Enero",https://www.facebook.com/leblanc.deco,27,,"Ciudad Autónoma de Buenos Aires","Buenos Aires",Argentina,100001443152998,"Ro Cardoso",,1
Matias,Puzzi,matias.puzzi@facebook.com,"22 de Enero",https://www.facebook.com/matias.puzzi,26,,"Ciudad Autónoma de Buenos Aires","Buenos Aires",Argentina,1244994779,"Sil Cristiano ?ï?",https://www.facebook.com/Sivinita,1
Destinos,Cruzados,destinos.cruzados.7@facebook.com,"22 de Enero",https://www.facebook.com/destinos.cruzados.7,24,,"Ciudad Autónoma de Buenos Aires","Buenos Aires",Argentina,100001571730824,"Rochi Christensen",https://www.facebook.com/rochi.christensen,1
Pedro,Martino,pedro.martino@facebook.com,"22 de Enero",https://www.facebook.com/pedro.martino,23,,"Ciudad Autónoma de Buenos Aires","Buenos Aires",Argentina,1404490141,"Martin Gonzalez",,1
"Red Empre",Emprendedores-Empresarios,redempre@facebook.com,"22 de Enero",https://www.facebook.com/redempre,,,"Ciudad Autónoma de Buenos Aires","Buenos Aires",Argentina,100001248203688,"Marilina Lagomarsino",https://www.facebook.com/marilina.lagomarsino,1
"La Chueca",Polo,lachueca.polo@facebook.com,"22 de Enero",https://www.facebook.com/lachueca.polo,,,"Ciudad Autónoma de Buenos Aires","Buenos Aires",Argentina,100001253742334,"Marilina Lagomarsino",https://www.facebook.com/marilina.lagomarsino,1
Wally,Bogado,wallybogado@facebook.com,"22 de Enero",https://www.facebook.com/wallybogado,,,"Ciudad Autónoma de Buenos Aires","Buenos Aires",Argentina,100000854889426,"Tatiana Petroccelli",https://www.facebook.com/tanshanita,1
Eze,Atampi,eze.atampi@facebook.com,"22 de Enero",https://www.facebook.com/eze.atampi,,,"Ciudad Autónoma de Buenos Aires","Buenos Aires",Argentina,100000485976346,"Amalia Mihaljevic",https://www.facebook.com/amalia.mihaljevic,1
Chiara,Casadei,radioheas@facebook.com,"22 de Enero",https://www.facebook.com/radioheas,,,"Ciudad Autónoma de Buenos Aires","Buenos Aires",Argentina,100002710941584,"Manuel Saenz",,1
Sofi,Obregón,akiharu.dead.tree@facebook.com,"22 de Enero",https://www.facebook.com/akiharu.dead.tree,,,"Ciudad Autónoma de Buenos Aires","Buenos Aires",Argentina,100000198319617,"Jobs Bar",https://www.facebook.com/jobsbar,1
Mauro,"De Pascali",maaurii12@facebook.com,"22 de Enero",https://www.facebook.com/Maaurii12,,,"Ciudad Autónoma de Buenos Aires","Buenos Aires",Argentina,1114830745,"Agustin De Pascali",https://www.facebook.com/agustin.depascali,1
"Andrea Neira",Eventos,andreaneira.eventos@facebook.com,"22 de Enero",https://www.facebook.com/andreaneira.eventos,28,,"Ciudad Autónoma de Buenos Aires","Buenos Aires",Argentina,635938650,"Juan Manuel Fotografo",https://www.facebook.com/JuanmaJMFotoEstudio,1
"Giselle G","Gonzalez M",giselle.gonzalezm.5@facebook.com,"22 de Enero",https://www.facebook.com/giselle.gonzalezm.5,24,,"Ciudad Autónoma de Buenos Aires","Buenos Aires",Argentina,100006711333749,"Victoria Roldán",https://www.facebook.com/marievickyroldan,1
Karina,Medrano,karimedrano.rrpp@facebook.com,"22 de Enero",https://www.facebook.com/karimedrano.rrpp,,,"Ciudad Autónoma de Buenos Aires","Buenos Aires",Argentina,100001076396930,"Joaquin Perez Flenche",,1
Ignacio,Beltrami,nachobeltrami@facebook.com,"22 de Enero",https://www.facebook.com/nachobeltrami,,,"Ciudad Autónoma de Buenos Aires","Buenos Aires",Argentina,750710345,"Vanesa Macias",https://www.facebook.com/vanesa.macias1,1
Mauri,Dsm,mauri.dsm@facebook.com,"22 de Enero",https://www.facebook.com/mauri.dsm,28,,"Ciudad Autónoma de Buenos Aires","Buenos Aires",Argentina,100001185037362,"Pedro Lopezyfernandez",https://www.facebook.com/pedronahuel,1
Lenceria,Laly,lenceria.laly.7@facebook.com,"22 de Enero",https://www.facebook.com/lenceria.laly.7,26,,"Ciudad Autónoma de Buenos Aires","Buenos Aires",Argentina,100002368907306,"Nataly Cuerva",https://www.facebook.com/nataliagtrujillo,1
BarraClub,Eventos,barraclub.eventos@facebook.com,"22 de Enero",https://www.facebook.com/barraclub.eventos,28,,"Ciudad Autónoma de Buenos Aires","Buenos Aires",Argentina,100000494177887,"Caro Ros Jones",https://www.facebook.com/carorosjones,1
Tomás,Guerrero,tomi.guerrero@facebook.com,"22 de Enero",https://www.facebook.com/tomi.guerrero,21,,"Ciudad Autónoma de Buenos Aires","Buenos Aires",Argentina,662894053,"Luli Torres",,1
Soda,Martinez,stereolab88.1@facebook.com,"22 de Enero",https://www.facebook.com/STEREOLAB88.1,,,"Ciudad Autónoma de Buenos Aires","Buenos Aires",Argentina,1372113949,"Vanesa Macias",https://www.facebook.com/vanesa.macias1,1
"Caídas Del Catre",Accesorios,caidasdelcatre.accesorios@facebook.com,"22 de Enero",https://www.facebook.com/caidasdelcatre.accesorios,,,"Ciudad Autónoma de Buenos Aires","Buenos Aires",Argentina,100000923050335,"Ago Benedettini",https://www.facebook.com/ago.benedettini,1
Anaclara,Sequeira,anaclara.sequeira@facebook.com,"22 de Enero",https://www.facebook.com/anaclara.sequeira,,,"Ciudad Autónoma de Buenos Aires","Buenos Aires",Argentina,1333734235,"Nicolas Brea",https://www.facebook.com/Nicolas.Brea,1
Seba,Aquino,seba.aquino.98@facebook.com,"22 de Enero",https://www.facebook.com/seba.aquino.98,,,"Ciudad Autónoma de Buenos Aires","Buenos Aires",Argentina,100000746017474,"Fátima Belén Zárate",,1
Mimy,Pozo,mimy.pozo@facebook.com,"22 de Enero",https://www.facebook.com/mimy.pozo,,,"Ciudad Autónoma de Buenos Aires","Buenos Aires",Argentina,1497021618,"Divino Vestuario Salve",https://www.facebook.com/salvedivinovestuario,1
Mai,Lozano,mai.lozano@facebook.com,"22 de Enero",https://www.facebook.com/mai.lozano,,,"Ciudad Autónoma de Buenos Aires","Buenos Aires",Argentina,100000660095812,"Cristian Andres Romano",,1
Ale,Sánchez,alecitogs@facebook.com,"22 de Enero",https://www.facebook.com/alecitogs,25,Recoleta,"Ciudad Autónoma de Buenos Aires","Buenos Aires",Argentina,1307715930,"Maria Lucila Quarleri",https://www.facebook.com/maria.quarleri,1
Melisa,Reech,melisareech@facebook.com,"22 de Enero",https://www.facebook.com/melisareech,,"Villa Pueyrredón","Ciudad Autónoma de Buenos Aires","Buenos Aires",Argentina,1262306961,"Martín Álvarez BA I",https://www.facebook.com/Woody.Blair,1
Nahue,Pimpa,nahuepaez@facebook.com,"22 de Enero",https://www.facebook.com/nahuepaez,,,"Ciudad Autónoma de Buenos Aires","Buenos Aires",Argentina,1322482144,"Maga Estevez",,1
Luciano,Valentino,sofivolve@facebook.com,"22 de Enero",https://www.facebook.com/sofivolve,,,"Ciudad Autónoma de Buenos Aires","Buenos Aires",Argentina,100000515081800,"Agustina Pelle Müller",,1
Sofii,Baginski,sofii.baginski.1@facebook.com,"22 de Enero",https://www.facebook.com/sofii.baginski.1,,,"Ciudad Autónoma de Buenos Aires","Buenos Aires",Argentina,100000145909829,"Nahu Millicay Pereyra",https://www.facebook.com/nahumilli,1
Ariana,Dziewa,ariana.dziewa@facebook.com,"22 de Enero",https://www.facebook.com/ariana.dziewa,,,"Ciudad Autónoma de Buenos Aires","Buenos Aires",Argentina,100000149045042,"Nahu Millicay Pereyra",https://www.facebook.com/nahumilli,1
Mauro,Araya,amoamihermanitobenja@facebook.com,"22 de Enero",https://www.facebook.com/AmoAmiHermanitoBenja,,,"Ciudad Autónoma de Buenos Aires","Buenos Aires",Argentina,100000994362599,"Julieta Belen",,1
Vicus,Mendez,vicus.mendez@facebook.com,"22 de Enero",https://www.facebook.com/vicus.mendez,,,"Ciudad Autónoma de Buenos Aires","Buenos Aires",Argentina,1096940538,"Gabriela Competiello",,1
Fabian,Paciello,fabian.paciello@facebook.com,"22 de Enero",https://www.facebook.com/fabian.paciello,29,,"Ciudad Autónoma de Buenos Aires","Buenos Aires",Argentina,100001333626085,"Mia Miry Ponce",,1
Amancay,Martinez,amancay.martinez.7@facebook.com,"22 de Enero",https://www.facebook.com/amancay.martinez.7,21,,"Ciudad Autónoma de Buenos Aires","Buenos Aires",Argentina,100002121145923,"Pedro Lopezyfernandez",https://www.facebook.com/pedronahuel,1
Camila,Maríncola,cami.marincola@facebook.com,"22 de Enero",https://www.facebook.com/cami.marincola,,,"Ciudad Autónoma de Buenos Aires","Buenos Aires",Argentina,1836148656,"Gabriela Competiello",,1
Apuro,Teatro,apuro.teatro@facebook.com,"23 de Enero",https://www.facebook.com/apuro.teatro,28,,"Ciudad Autónoma de Buenos Aires","Buenos Aires",Argentina,100001083510570,"Gabriela Bob",https://www.facebook.com/gabrielave,1
Mercedes,Madorsky,mercedes.madorsky@facebook.com,"23 de Enero",https://www.facebook.com/mercedes.madorsky,27,,"Ciudad Autónoma de Buenos Aires","Buenos Aires",Argentina,738134389,"Agustina Saenz",,1
Danii,Gomez,danii.gomez.336@facebook.com,"23 de Enero",https://www.facebook.com/danii.gomez.336,22,,"Ciudad Autónoma de Buenos Aires","Buenos Aires",Argentina,1200826569,"Bë Döbiencita",https://www.facebook.com/be.dobiencita,1
Alejandra,"De Luca",alejandra.delucadiseno@facebook.com,"23 de Enero",https://www.facebook.com/alejandra.delucadiseno,,,"Ciudad Autónoma de Buenos Aires","Buenos Aires",Argentina,1386794433,"Felicitas Ghigliotti",https://www.facebook.com/felicitas.ghigliotti,1
Pablo,Crovella,pablofcrovella@facebook.com,"23 de Enero",https://www.facebook.com/pablofcrovella,23,Avellaneda,"Ciudad Autónoma de Buenos Aires","Buenos Aires",Argentina,100002546010850,"Ignacio Lines Ceruti",https://www.facebook.com/ignacio.lines,1
B-Side,HairInc,bside.hairinc@facebook.com,"23 de Enero",https://www.facebook.com/bside.hairinc,23,,"Ciudad Autónoma de Buenos Aires","Buenos Aires",Argentina,100002546357863,"Cristian Fernandez Villamor",https://www.facebook.com/cristian.fernandezvillamo,1
Gina,Muerza,gina.muerza@facebook.com,"23 de Enero",https://www.facebook.com/gina.muerza,27,"Buenos Aires","Buenos Aires","Buenos Aires",Argentina,588119575,"Alan Yun",0,1
Gastón,Prieto,gaston.prieto.utn@facebook.com,"23 de Enero",https://www.facebook.com/gaston.prieto.utn,,,"Ciudad Autónoma de Buenos Aires","Buenos Aires",Argentina,1437161861,"Ale Ponzo",https://www.facebook.com/alee.ponzo,1
Tomi,Dangelo,tdangelo12@facebook.com,"23 de Enero",https://www.facebook.com/tdangelo12,,,"Ciudad Autónoma de Buenos Aires","Buenos Aires",Argentina,1544778177,"Cristian Andres Romano",,1
Leonel,Raschella,leonel.raschella@facebook.com,"23 de Enero",https://www.facebook.com/leonel.raschella,,,"Ciudad Autónoma de Buenos Aires","Buenos Aires",Argentina,1373226803,"Matias Blas",https://www.facebook.com/Matias.Blas,1
Max,Martinez,max.martinez.3576@facebook.com,"23 de Enero",https://www.facebook.com/max.martinez.3576,,,"Ciudad Autónoma de Buenos Aires","Buenos Aires",Argentina,100005798233153,"Vanina Granados",https://www.facebook.com/vanina.granados,1
Lisandro,Velazco,lisandro.velazco@facebook.com,"23 de Enero",https://www.facebook.com/Lisandro.Velazco,28,,"Ciudad Autónoma de Buenos Aires","Buenos Aires",Argentina,570726751,"Cecilia Di Gaeta",https://www.facebook.com/cecilia.digaeta,1
Caix,"Costa Salguero",noche.caix@facebook.com,"23 de Enero",https://www.facebook.com/noche.caix,,,"Ciudad Autónoma de Buenos Aires","Buenos Aires",Argentina,100002853261366,"Vanesa Macias",https://www.facebook.com/vanesa.macias1,1
Mapacha,Showroom,mapachaindu@facebook.com,"23 de Enero",https://www.facebook.com/mapachaindu,25,,"Ciudad Autónoma de Buenos Aires","Buenos Aires",Argentina,100003726245980,"Mili Mauro",https://www.facebook.com/milimauro,1
Daiana,Troche,daiana.troche.3@facebook.com,"23 de Enero",https://www.facebook.com/daiana.troche.3,,,"Ciudad Autónoma de Buenos Aires","Buenos Aires",Argentina,1447562859,"Carlina Piedra",https://www.facebook.com/carlina.piedra,1
"M M",Gamaldi,mmgamaldi@facebook.com,"23 de Enero",https://www.facebook.com/MMGAMALDI,25,,"Ciudad Autónoma de Buenos Aires","Buenos Aires",Argentina,748139926,"Ayelen Alumine Anahi",https://www.facebook.com/ashe.chabakana,1
"Ana Clara",Belen,anaclara.belen@facebook.com,"23 de Enero",https://www.facebook.com/anaclara.belen,23,,"Ciudad Autónoma de Buenos Aires","Buenos Aires",Argentina,100006495481483,"Anoland Lorenzo",https://www.facebook.com/anoland.lorenzo,1
Jose,Valavanian,jose.valavanian@facebook.com,"23 de Enero",https://www.facebook.com/jose.valavanian,,,"Ciudad Autónoma de Buenos Aires","Buenos Aires",Argentina,1198806158,"Sindy Elisa Szczucky",https://www.facebook.com/sindy.szczucky,1
"Prana Pelu",II,pranasegundaparte@facebook.com,"23 de Enero",https://www.facebook.com/pranasegundaparte,,,"Ciudad Autónoma de Buenos Aires","Buenos Aires",Argentina,100001332020026,"Maria Belén",,1
Gerardo,Dubois,duboisgerardo@facebook.com,"23 de Enero",https://www.facebook.com/duboisgerardo,,,"Ciudad Autónoma de Buenos Aires","Buenos Aires",Argentina,100002743014376,"Barby Lanata",https://www.facebook.com/barby.lanata,1
Archivo,"de Vestuario",archivo.devestuario@facebook.com,"23 de Enero",https://www.facebook.com/archivo.devestuario,,,"Ciudad Autónoma de Buenos Aires","Buenos Aires",Argentina,100002858329910,"Barby Lanata",https://www.facebook.com/barby.lanata,1
Nicolas,Cisneros,nicolasezequielcisneros@facebook.com,"23 de Enero",https://www.facebook.com/nicolasezequielcisneros,,,"Ciudad Autónoma de Buenos Aires","Buenos Aires",Argentina,100000269440968,"Facu Denegri",,1
"Rey Voodoo","Voodoo Rey",reyvoodoo@facebook.com,"23 de Enero",https://www.facebook.com/reyvoodoo,28,,"Ciudad Autónoma de Buenos Aires","Buenos Aires",Argentina,100002107144313,"Lo Lola",,1
Laura,Ituarte,laura.ituarte1@facebook.com,"23 de Enero",https://www.facebook.com/laura.ituarte1,27,,"Ciudad Autónoma de Buenos Aires","Buenos Aires",Argentina,1335016202,"Julieta Abreu Frank",https://www.facebook.com/julieta.abreufrank,1
Ai,Lu,ai.lu.180@facebook.com,"23 de Enero",https://www.facebook.com/ai.lu.180,,,"Ciudad Autónoma de Buenos Aires","Buenos Aires",Argentina,100001020201158,"Manuel Saenz",,1
Modarte,Indumentria,modarte.indumentria@facebook.com,"23 de Enero",https://www.facebook.com/modarte.indumentria,28,,"Ciudad Autónoma de Buenos Aires","Buenos Aires",Argentina,100003893847704,"Miranda Toderi",https://www.facebook.com/miranda.toderi,1
Nico,Trozzo,nicotrozzo123@facebook.com,"23 de Enero",https://www.facebook.com/NICOTROZZO123,,,"Ciudad Autónoma de Buenos Aires","Buenos Aires",Argentina,1481740285,"Martin Olmedo",,1
"María José",Diaconchuk,majodiaconchuk@facebook.com,"23 de Enero",https://www.facebook.com/MajoDiaconchuk,21,,"Ciudad Autónoma de Buenos Aires","Buenos Aires",Argentina,1067666798,"M Agustina Ciarla Quintana",https://www.facebook.com/magustina.quintana,1
Colchones,Dellarole,conrado.roy.5@facebook.com,"23 de Enero",https://www.facebook.com/conrado.roy.5,22,,"Ciudad Autónoma de Buenos Aires","Buenos Aires",Argentina,100004016474510,"Melo Dellarole",https://www.facebook.com/melodellarole,1
Magali,"Boudou Lengl",magali.boudou@facebook.com,"23 de Enero",https://www.facebook.com/magali.boudou,25,"Buenos Aires","Buenos Aires","Buenos Aires",Argentina,100002870047639,"Elias Prituluk",0,1
"María Paz",Borrescio,pazborrescio@facebook.com,"23 de Enero",https://www.facebook.com/pazborrescio,27,,"Ciudad Autónoma de Buenos Aires","Buenos Aires",Argentina,690938187,"Evangelina Araoz",https://www.facebook.com/evangelina.araoz,1
Marie,Cielo,mariela.loguancio@facebook.com,"23 de Enero",https://www.facebook.com/mariela.loguancio,,,"Ciudad Autónoma de Buenos Aires","Buenos Aires",Argentina,668214794,"La Rockeria",https://www.facebook.com/oveja1,1
Luis,RadioLuismiguelera,radioluismiguelera@facebook.com,"23 de Enero",https://www.facebook.com/radioluismiguelera,,,"Ciudad Autónoma de Buenos Aires","Buenos Aires",Argentina,100002272717493,"Flor Scalise",https://www.facebook.com/flor.scalise,1
Brox,Produccion,brox.produccion@facebook.com,"23 de Enero",https://www.facebook.com/brox.produccion,,,"Ciudad Autónoma de Buenos Aires","Buenos Aires",Argentina,100002274068826,"Flor Scalise",https://www.facebook.com/flor.scalise,1
Nektar,Bambú,nektar.bambu.7@facebook.com,"23 de Enero",https://www.facebook.com/nektar.bambu.7,22,,"Ciudad Autónoma de Buenos Aires","Buenos Aires",Argentina,100001581347004,"Gabriela Rosito",https://www.facebook.com/gabriela.rosito,1
Visen,Tini,casavisentini@facebook.com,"23 de Enero",https://www.facebook.com/casavisentini,29,,"Ciudad Autónoma de Buenos Aires","Buenos Aires",Argentina,1492100642,"Jessica Bellomo",https://www.facebook.com/JessBellomo,1
Mariano,Mujica,lucia.moralez.5@facebook.com,"23 de Enero",https://www.facebook.com/lucia.moralez.5,24,,"Ciudad Autónoma de Buenos Aires","Buenos Aires",Argentina,100003533481158,"Anna Laura",https://www.facebook.com/Anna.Laucha,1
Musica,Arte,musica.arte.167@facebook.com,"23 de Enero",https://www.facebook.com/musica.arte.167,26,,"Ciudad Autónoma de Buenos Aires","Buenos Aires",Argentina,100005344269440,"Pamela Garrote",https://www.facebook.com/pamela.garrote,1
Valen,Cuculich,valentina.belen.cuculich@facebook.com,"23 de Enero",https://www.facebook.com/Valentina.Belen.Cuculich,,,"Ciudad Autónoma de Buenos Aires","Buenos Aires",Argentina,100000037677886,"Gabi López",,1
Lucho,Cusato,luciano.cusato@facebook.com,"23 de Enero",https://www.facebook.com/luciano.cusato,,,"Ciudad Autónoma de Buenos Aires","Buenos Aires",Argentina,1561853299,"Anto Melgarejo",https://www.facebook.com/antho.melgarejo,1
Alwaha,Made,alwaha.made@facebook.com,"23 de Enero",https://www.facebook.com/alwaha.made,,,"Ciudad Autónoma de Buenos Aires","Buenos Aires",Argentina,100002915961305,"Malvi Ovando",https://www.facebook.com/malvi.ovando,1
Pau,Clemata,pau.clemata@facebook.com,"23 de Enero",https://www.facebook.com/pau.clemata,,,"Ciudad Autónoma de Buenos Aires","Buenos Aires",Argentina,1163516012,"Jimena Zaccardi",https://www.facebook.com/Jimediab,1
Pablo,Vitale,pevitale@facebook.com,"23 de Enero",https://www.facebook.com/pevitale,,,"Ciudad Autónoma de Buenos Aires","Buenos Aires",Argentina,577722370,"Belu Piacentino",https://www.facebook.com/belenpiacentino,1
Cool,Mkt,coolmarketing@facebook.com,"23 de Enero",https://www.facebook.com/coolmarketing,,,"Ciudad Autónoma de Buenos Aires","Buenos Aires",Argentina,1238007058,"Vanesa Myrna Ojeda",,1
Agustin,Acosta,agustin.acosta.146069@facebook.com,"23 de Enero",https://www.facebook.com/agustin.acosta.146069,,,"Ciudad Autónoma de Buenos Aires","Buenos Aires",Argentina,100000929721442,"Agustina Pelle Müller",,1
Ivana,Denise,ivana.deis@facebook.com,"23 de Enero",https://www.facebook.com/ivana.deis,,,"Ciudad Autónoma de Buenos Aires","Buenos Aires",Argentina,100000670593901,"Ian Szejner",,1
Fiamma,Maria,fiaammamaria@facebook.com,"23 de Enero",https://www.facebook.com/fiaammamaria,,,"Ciudad Autónoma de Buenos Aires","Buenos Aires",Argentina,100000476232774,"Juanma Ramirez",,1
Malu,Satzger,malu.satzger.3@facebook.com,"23 de Enero",https://www.facebook.com/malu.satzger.3,29,,"Ciudad Autónoma de Buenos Aires","Buenos Aires",Argentina,100004685322662,"Aline Vilches",,1
"Mi Pequeña",Americana,anahi.ortega.5201@facebook.com,"23 de Enero",https://www.facebook.com/anahi.ortega.5201,23,"Buenos Aires","Buenos Aires","Buenos Aires",Argentina,100007070171146,"Roberto Hatti",0,1
DaNy,"La Turrithaa",danylaturritha.todatuya@facebook.com,"23 de Enero",https://www.facebook.com/danylaturritha.todatuya,,,"Ciudad Autónoma de Buenos Aires","Buenos Aires",Argentina,100002490759355,"Pedro Lopezyfernandez",https://www.facebook.com/pedronahuel,1
Esencia,Belleza,esenciabellezaysalud@facebook.com,"23 de Enero",https://www.facebook.com/esenciabellezaysalud,28,Recoleta,"Ciudad Autónoma de Buenos Aires","Buenos Aires",Argentina,1598683171,"Ivon Andersson",https://www.facebook.com/ivon.andersson,1
Young,Fest,young.fest@facebook.com,"23 de Enero",https://www.facebook.com/young.fest,29,,"Ciudad Autónoma de Buenos Aires","Buenos Aires",Argentina,100000631717216,"Franco Marcoccia",https://www.facebook.com/franco.marcoccia,1
Euge,Padilla,euge.padilla1@facebook.com,"23 de Enero",https://www.facebook.com/euge.padilla1,,,"Ciudad Autónoma de Buenos Aires","Buenos Aires",Argentina,1498696358,"Victoria Casado",,1
Rossana,Diaz,rossana.diaz.186@facebook.com,"23 de Enero",https://www.facebook.com/rossana.diaz.186,25,,"Ciudad Autónoma de Buenos Aires","Buenos Aires",Argentina,1789662540,"Natalia Magali Guglielmo",https://www.facebook.com/nataliamagali.guglielmo,1
Dalma,Salvi,dalma.salvi.5@facebook.com,"23 de Enero",https://www.facebook.com/dalma.salvi.5,23,,"Ciudad Autónoma de Buenos Aires","Buenos Aires",Argentina,1592748225,"Julio Roberto Cuevas",https://www.facebook.com/julioroberto.cuevas,1
Artistica,Velvet,artisticaprofesional@facebook.com,"23 de Enero",https://www.facebook.com/artisticaprofesional,,,"Ciudad Autónoma de Buenos Aires","Buenos Aires",Argentina,100007663232413,"Nicolas Martin",,1
Sueka,Indumentaria,sueka.indumentaria@facebook.com,"23 de Enero",https://www.facebook.com/sueka.indumentaria,29,,"Ciudad Autónoma de Buenos Aires","Buenos Aires",Argentina,100002440716925,"Marcela Baghino",https://www.facebook.com/marcela.baghino,1
Guillermo,Guastello,guillermo.guastello@facebook.com,"24 de Enero",https://www.facebook.com/guillermo.guastello,28,,"Ciudad Autónoma de Buenos Aires","Buenos Aires",Argentina,689099545,"Mery Villar",https://www.facebook.com/mery.villar1,1
"Nuevo Arte",Plasticas,sguillenartistaplastica@facebook.com,"24 de Enero",https://www.facebook.com/sguillenartistaplastica,,,"Ciudad Autónoma de Buenos Aires","Buenos Aires",Argentina,100004312422162,"Miqui Berriòs",https://www.facebook.com/miqui.berrios,1
Fabian,Conte,fabian.conte.7@facebook.com,"24 de Enero",https://www.facebook.com/fabian.conte.7,,,"Ciudad Autónoma de Buenos Aires","Buenos Aires",Argentina,100001038660688,"Martín Álvarez BA I",https://www.facebook.com/Woody.Blair,1
Emi,Ravetta,emi.ravetta@facebook.com,"24 de Enero",https://www.facebook.com/emi.ravetta,,,"Ciudad Autónoma de Buenos Aires","Buenos Aires",Argentina,560928328,"Agus Rodriguez",,1
Fernanda,Mendez,fernanda.mendez.12327@facebook.com,"24 de Enero",https://www.facebook.com/fernanda.mendez.12327,,"Comodoro Rivadavia","Ciudad Autónoma de Buenos Aires","Distrito Federal",Argentina,100001703870769,"Pedro Lopezyfernandez",https://www.facebook.com/pedronahuel,1
Vicky,Cairo,vicky.cairo@facebook.com,"24 de Enero",https://www.facebook.com/vicky.cairo,,,"Ciudad Autónoma de Buenos Aires","Buenos Aires",Argentina,1089715911,"Maria Pia Perez Brea",,1
David,Coria,hdavidcoria@facebook.com,"24 de Enero",https://www.facebook.com/hdavidcoria,,,"Ciudad Autónoma de Buenos Aires","Buenos Aires",Argentina,100001039722687,"Agustina Pelle Müller",,1
Angel,Viturro,angel.viturro@facebook.com,"24 de Enero",https://www.facebook.com/angel.viturro,27,,"Ciudad Autónoma de Buenos Aires","Buenos Aires",Argentina,100000597863900,"Cecilia Morinigo",,1
Vane,Valls,vane.vallss@facebook.com,"24 de Enero",https://www.facebook.com/Vane.Vallss,29,,"Ciudad Autónoma de Buenos Aires","Buenos Aires",Argentina,100004005248032,"Mariano Calvagna",https://www.facebook.com/mariano.calvagna,1
"Della Chiesa",Sofia,dellachiesa.sofia@facebook.com,"24 de Enero",https://www.facebook.com/dellachiesa.sofia,,"Buenos Aires","Buenos Aires","Buenos Aires",Argentina,100001153276982,"Peter GC",0,1
Sulli,Florentin,sulli.florentin@facebook.com,"24 de Enero",https://www.facebook.com/sulli.florentin,,,"Ciudad Autónoma de Buenos Aires","Buenos Aires",Argentina,100002302851467,"Natalia Tarelli",,1
Praxis,BsAs,praxis.bsas@facebook.com,"24 de Enero",https://www.facebook.com/praxis.bsas,27,,"Ciudad Autónoma de Buenos Aires","Buenos Aires",Argentina,580627043,"Daniel Arbol",https://www.facebook.com/darbol1,1
Interna,Dosuba,interna.dosuba@facebook.com,"24 de Enero",https://www.facebook.com/interna.dosuba,23,,"Ciudad Autónoma de Buenos Aires","Buenos Aires",Argentina,100003518932985,"Jessica Pacente",https://www.facebook.com/jessica.pacente,1
Damian,Fiorentino,damian.fiorentino@facebook.com,"24 de Enero",https://www.facebook.com/damian.fiorentino,27,Boedo,"Ciudad Autónoma de Buenos Aires","Buenos Aires",Argentina,1159067536,"Tatiana Petroccelli",https://www.facebook.com/tanshanita,1
Alan,"De Virgilio",alan.devirgilio@facebook.com,"24 de Enero",https://www.facebook.com/alan.devirgilio,25,,"Ciudad Autónoma de Buenos Aires","Buenos Aires",Argentina,1048964565,"Clara Ryan",https://www.facebook.com/clariryaneventos,1
Champtra,Rock,champtra@facebook.com,"24 de Enero",https://www.facebook.com/champtra,,,"Ciudad Autónoma de Buenos Aires","Buenos Aires",Argentina,615026305,"Albana Ramognini",https://www.facebook.com/albana.ramognini,1
Charly,GR,pinky.gr.9@facebook.com,"24 de Enero",https://www.facebook.com/pinky.gr.9,,"Buenos Aires","Buenos Aires","Buenos Aires",Argentina,100006224310638,"Natalia Schönfeld",0,1
Estefania,"de la Mata",estefania.delamata@facebook.com,"24 de Enero",https://www.facebook.com/estefania.delamata,22,,"Ciudad Autónoma de Buenos Aires","Buenos Aires",Argentina,611264602,"Juan Clemente",,1
TheKing,MichaelJackson,thekinghomenaje@facebook.com,"24 de Enero",https://www.facebook.com/thekinghomenaje,,,"Ciudad Autónoma de Buenos Aires","Buenos Aires",Argentina,100001931848332,"Tatiana Petroccelli",https://www.facebook.com/tanshanita,1
Johanna,Marrone,yohanna.marrone@facebook.com,"24 de Enero",https://www.facebook.com/yohanna.marrone,,Recoleta,"Ciudad Autónoma de Buenos Aires","Buenos Aires",Argentina,611976806,"Cristian Fernandez Villamor",https://www.facebook.com/cristian.fernandezvillamo,1
Eventos,Capital,andrerodri88@facebook.com,"24 de Enero",https://www.facebook.com/andrerodri88,,,"Ciudad Autónoma de Buenos Aires","Buenos Aires",Argentina,772495205,"Fer Ferrari",https://www.facebook.com/FERRARIFERNANDO22,1
Yamil,BQ,yamil.bnitezquintana@facebook.com,"24 de Enero",https://www.facebook.com/yamil.bnitezquintana,,Flores,"Ciudad Autónoma de Buenos Aires","Buenos Aires",Argentina,1397707775,"Bë Döbiencita",https://www.facebook.com/be.dobiencita,1
Davi,Cabella,davicabella@facebook.com,"24 de Enero",https://www.facebook.com/davicabella,24,,"Ciudad Autónoma de Buenos Aires","Buenos Aires",Argentina,1384994884,"Fran L. Ocampo",https://www.facebook.com/franco,1
Denise,Lombardo,deniselombardo@facebook.com,"24 de Enero",https://www.facebook.com/deniselombardo,29,,"Ciudad Autónoma de Buenos Aires","Buenos Aires",Argentina,1007937792,"Fer Ferrari",https://www.facebook.com/FERRARIFERNANDO22,1
Kevin,Bveno,kevin.bveno@facebook.com,"24 de Enero",https://www.facebook.com/kevin.bveno,23,,"Ciudad Autónoma de Buenos Aires","Buenos Aires",Argentina,100001668758541,"Manuel Saenz",,1
Nicolás,Barrios,nagehuds@facebook.com,"24 de Enero",https://www.facebook.com/nageHuds,,,"Ciudad Autónoma de Buenos Aires","Buenos Aires",Argentina,1766625275,"Flor Encino",https://www.facebook.com/flopy.encino,1
Nicolas,Cersosimo,nicolas.cersosimo@facebook.com,"24 de Enero",https://www.facebook.com/nicolas.cersosimo,,,"Ciudad Autónoma de Buenos Aires","Buenos Aires",Argentina,535901937,"Matias Daniel Pascual",,1
Javier,Calzon,javier.calzon.9@facebook.com,"24 de Enero",https://www.facebook.com/javier.calzon.9,27,,"Ciudad Autónoma de Buenos Aires","Buenos Aires",Argentina,716884892,"Mariana Sparks",,1
Sebastian,Zarate,sebastian.zarate.33@facebook.com,"24 de Enero",https://www.facebook.com/sebastian.zarate.33,25,,"Ciudad Autónoma de Buenos Aires","Buenos Aires",Argentina,100000656112814,"Pau Salas",https://www.facebook.com/pausalas88,1
Kim,Luiis,kim.luiis@facebook.com,"24 de Enero",https://www.facebook.com/kim.luiis,24,"Buenos Aires","Buenos Aires","Buenos Aires",Argentina,556891166,"Alan Yun",0,1
Espectaculo,"En la Cancha",espectaculo.enlacancha@facebook.com,"24 de Enero",https://www.facebook.com/espectaculo.enlacancha,22,,"Ciudad Autónoma de Buenos Aires","Buenos Aires",Argentina,100003613334829,"Bian Tedesco",https://www.facebook.com/biaantedesco,1
Oblongo,Produccion,oblongo.produccion@facebook.com,"24 de Enero",https://www.facebook.com/oblongo.produccion,29,,"Ciudad Autónoma de Buenos Aires","Buenos Aires",Argentina,100004785851052,"Flor Scalise",https://www.facebook.com/flor.scalise,1
Chris,Fdez,chris.fdez.98@facebook.com,"24 de Enero",https://www.facebook.com/chris.fdez.98,27,,"Ciudad Autónoma de Buenos Aires","Buenos Aires",Argentina,100000704593671,"Sergio Acosta",,1
Seguridad,Haru,seguridad.haru@facebook.com,"24 de Enero",https://www.facebook.com/seguridad.haru,27,,"Ciudad Autónoma de Buenos Aires","Buenos Aires",Argentina,100000707118455,"Sergio Acosta",,1
Monica,"Barreiro Rosas",monica.barreirorosas@facebook.com,"24 de Enero",https://www.facebook.com/monica.barreirorosas,,,"Ciudad Autónoma de Buenos Aires","Buenos Aires",Argentina,1673811679,"Brenda Fabregat",https://www.facebook.com/brenda.fabregat,1
Tristemente,Cèlebres,tristemente.celebres.5@facebook.com,"24 de Enero",https://www.facebook.com/tristemente.celebres.5,,,"Ciudad Autónoma de Buenos Aires","Buenos Aires",Argentina,1121065497,"Karen Vilariño",https://www.facebook.com/karen.vilarino,1
Sofia,Ludmila,sofialudmila@facebook.com,"24 de Enero",https://www.facebook.com/sofialudmila,22,,"Ciudad Autónoma de Buenos Aires","Buenos Aires",Argentina,1067460323,"Ramiro Prieto",,1
Sofia,Cecchi,sofia.cecchi.9@facebook.com,"24 de Enero",https://www.facebook.com/sofia.cecchi.9,,,"Ciudad Autónoma de Buenos Aires","Buenos Aires",Argentina,100000350943217,"Silvia Fernandez",https://www.facebook.com/silviafernandezchivi,1
Gabriela,Miranda,gabymir@facebook.com,"24 de Enero",https://www.facebook.com/GABYMIR,,,"Ciudad Autónoma de Buenos Aires","Buenos Aires",Argentina,573372239,"Emilia Namkoong",https://www.facebook.com/emilia.namkoong,1
Nehuén,"Hughes Rojas",natalio.ruiz.12@facebook.com,"24 de Enero",https://www.facebook.com/natalio.ruiz.12,,,"Ciudad Autónoma de Buenos Aires","Buenos Aires",Argentina,1180785547,"Aniita Canta",https://www.facebook.com/Aniita.Canta,1
Emmi,Oviedo,emmi.oviedo@facebook.com,"24 de Enero",https://www.facebook.com/emmi.oviedo,24,,"Ciudad Autónoma de Buenos Aires","Buenos Aires",Argentina,100000419072431,"Paula Castro",,1
Liam,Gallagher,hernan.gallagher2@facebook.com,"24 de Enero",https://www.facebook.com/hernan.gallagher2,25,"Parque Patricios","Ciudad Autónoma de Buenos Aires","Buenos Aires",Argentina,100002172179120,"Kandella Steiler",https://www.facebook.com/kandella.steiler,1
Lucas,Gutiérrez,lucas.darko@facebook.com,"24 de Enero",https://www.facebook.com/lucas.darko,25,,"Ciudad Autónoma de Buenos Aires","Buenos Aires",Argentina,629076908,"Vale Piedra",https://www.facebook.com/Valepiedra,1
Selene,Giasini,selene2332@facebook.com,"24 de Enero",https://www.facebook.com/selene2332,,Recoleta,"Ciudad Autónoma de Buenos Aires","Buenos Aires",Argentina,100000370930112,"Brenda Fabregat",https://www.facebook.com/brenda.fabregat,1
Fede,Cuervoo,fedeeee.cuervoo@facebook.com,"24 de Enero",https://www.facebook.com/fedeeee.cuervoo,,,"Ciudad Autónoma de Buenos Aires","Buenos Aires",Argentina,1677936254,"Ayelen Alumine Anahi",https://www.facebook.com/ashe.chabakana,1
Leon,Importado,leon.electronica@facebook.com,"24 de Enero",https://www.facebook.com/leon.electronica,,,"Ciudad Autónoma de Buenos Aires","Buenos Aires",Argentina,100002062322855,"Kati Mosich",https://www.facebook.com/kati.mosich,1
Mariano,Rosas,mariano.rosas@facebook.com,"24 de Enero",https://www.facebook.com/mariano.rosas,23,,"Ciudad Autónoma de Buenos Aires","Buenos Aires",Argentina,1573246915,"Anto Melgarejo",https://www.facebook.com/antho.melgarejo,1
Leonel,Carrión,leoqmr@facebook.com,"24 de Enero",https://www.facebook.com/leoqmr,,"Buenos Aires","Buenos Aires","Buenos Aires",Argentina,1426191355,"Augusto Lios",0,1
Lautaro,Gonzalez,lautaro.gonzalez.7146@facebook.com,"24 de Enero",https://www.facebook.com/lautaro.gonzalez.7146,,,"Ciudad Autónoma de Buenos Aires","Buenos Aires",Argentina,100000077972144,"Sofu Maddonni",https://www.facebook.com/ssofiia,1
Brian,Cocchia,brian.cocchia@facebook.com,"24 de Enero",https://www.facebook.com/brian.cocchia,21,,"Ciudad Autónoma de Buenos Aires","Buenos Aires",Argentina,100000601969970,"Guido Moncayo",https://www.facebook.com/guido.moncayo,1
Mar,Gómez,maaargomez@facebook.com,"24 de Enero",https://www.facebook.com/maaargomez,24,"San Cristóbal","Ciudad Autónoma de Buenos Aires","Buenos Aires",Argentina,593147960,"Nahu Millicay Pereyra",https://www.facebook.com/nahumilli,1
"Wanda Oriana","Flores Andre",wandaoriana.floresandre@facebook.com,"24 de Enero",https://www.facebook.com/wandaoriana.floresandre,,,"Ciudad Autónoma de Buenos Aires","Buenos Aires",Argentina,1667180402,"Natalia Tarelli",,1
Eli,Saira,eli.saira@facebook.com,"24 de Enero",https://www.facebook.com/eli.saira,,,"Ciudad Autónoma de Buenos Aires","Buenos Aires",Argentina,100003792058035,"Juanma Ramirez",,1
Emmanuel,Castagnaro,emmanuel.castagnaro@facebook.com,"24 de Enero",https://www.facebook.com/emmanuel.castagnaro,29,,"Ciudad Autónoma de Buenos Aires","Buenos Aires",Argentina,1401937581,"Mia Miry Ponce",,1
Aaron,Liu,kuhyuicuvc@facebook.com,"24 de Enero",https://www.facebook.com/kuhyuicuvc,22,,"Ciudad Autónoma de Buenos Aires","Buenos Aires",Argentina,100001170623807,"Cami Weng",,1
Hopes,Kids,lanegra.simona@facebook.com,"24 de Enero",https://www.facebook.com/lanegra.simona,,,"Ciudad Autónoma de Buenos Aires","Buenos Aires",Argentina,100001546775154,"Clara Ryan",https://www.facebook.com/clariryaneventos,1
Bono,Garibaldi,bono.garibaldi@facebook.com,"25 de Enero",https://www.facebook.com/bono.garibaldi,24,,"Ciudad Autónoma de Buenos Aires","Buenos Aires",Argentina,100000476879098,"Sofu Maddonni",https://www.facebook.com/ssofiia,1
Fran,"Gonzalez Moreno",fran.gonzalezmoreno@facebook.com,"25 de Enero",https://www.facebook.com/fran.gonzalezmoreno,24,,"Ciudad Autónoma de Buenos Aires","Buenos Aires",Argentina,100002420673226,"Joaquin Barraco",https://www.facebook.com/chino.barraco,1
MF,Sublimados,mfsublimados@facebook.com,"25 de Enero",https://www.facebook.com/mfsublimados,26,,"Ciudad Autónoma de Buenos Aires","Buenos Aires",Argentina,100004518725547,"David Zalasar",https://www.facebook.com/Davidcocktails,1
Mariano,Florez,guido.g.florez@facebook.com,"25 de Enero",https://www.facebook.com/guido.g.florez,24,,"Ciudad Autónoma de Buenos Aires","Buenos Aires",Argentina,100002113410967,"Agustina Pelle Müller",,1
Lau,Teves,lau.teves@facebook.com,"25 de Enero",https://www.facebook.com/lau.teves,22,"Buenos Aires","Buenos Aires","Buenos Aires",Argentina,1466816005,"Peter GC",0,1
Ariel,Hergott,ariel.hergott@facebook.com,"25 de Enero",https://www.facebook.com/ariel.hergott,,,"Ciudad Autónoma de Buenos Aires","Buenos Aires",Argentina,769647331,"Evelin Barzabal",https://www.facebook.com/evelin.barzabal,1
Mirna,Polo,mirna.polo@facebook.com,"25 de Enero",https://www.facebook.com/mirna.polo,,,"Ciudad Autónoma de Buenos Aires","Buenos Aires",Argentina,100001648022270,"Alejandro Polo",https://www.facebook.com/alejandropolo16,1
Lucas,Amato,lucas.amato@facebook.com,"25 de Enero",https://www.facebook.com/lucas.amato,29,"Villa Devoto","Ciudad Autónoma de Buenos Aires","Buenos Aires",Argentina,739519670,"Chechu Acea",,1
Monteverde,Scouter,monteverde.scouter@facebook.com,"25 de Enero",https://www.facebook.com/monteverde.scouter,23,,"Ciudad Autónoma de Buenos Aires","Buenos Aires",Argentina,100007333500792,"Sindy Elisa Szczucky",https://www.facebook.com/sindy.szczucky,1
Yessy,Riquelme,yessy.riquelme.1@facebook.com,"25 de Enero",https://www.facebook.com/yessy.riquelme.1,,,"Ciudad Autónoma de Buenos Aires","Buenos Aires",Argentina,100001573412943,"La Rockeria",https://www.facebook.com/oveja1,1
Carli,"Totino Tedesco",carla.t.tedesco@facebook.com,"25 de Enero",https://www.facebook.com/carla.t.tedesco,26,,"Ciudad Autónoma de Buenos Aires","Buenos Aires",Argentina,620276594,"Jobs Bar",https://www.facebook.com/jobsbar,1
Emi,Cavs,emi.logreco@facebook.com,"25 de Enero",https://www.facebook.com/emi.logreco,27,,"Ciudad Autónoma de Buenos Aires","Buenos Aires",Argentina,100006983767456,"Nicolás Marano",https://www.facebook.com/nicolasmarano10,1
Florencia,Noir,florchu.noir@facebook.com,"25 de Enero",https://www.facebook.com/florchu.noir,,,"Ciudad Autónoma de Buenos Aires","Buenos Aires",Argentina,1092272194,"Aylu Macchi",,1
Lucas,Destefano,lucaaaaasss@facebook.com,"25 de Enero",https://www.facebook.com/Lucaaaaasss,,,"Ciudad Autónoma de Buenos Aires","Buenos Aires",Argentina,1508254435,"Franco Palermo",,1
Showroom,Amapola,showrrom.amapola@facebook.com,"25 de Enero",https://www.facebook.com/showrrom.amapola,,,"Ciudad Autónoma de Buenos Aires","Buenos Aires",Argentina,100001667919822,"Mavi Manzano",https://www.facebook.com/mavi.manzano,1
Matias,Ramos,matuk89@facebook.com,"25 de Enero",https://www.facebook.com/matuk89,25,,"Ciudad Autónoma de Buenos Aires","Buenos Aires",Argentina,803647969,"Sumatra Shows",https://www.facebook.com/sumatrashows,1
Pablo,Nicolás,pablo.nicolas.165@facebook.com,"25 de Enero",https://www.facebook.com/pablo.nicolas.165,,"Villa Crespo","Ciudad Autónoma de Buenos Aires","Buenos Aires",Argentina,1344515989,"Aniita Canta",https://www.facebook.com/Aniita.Canta,1
Oríí,Barrera,oriana.barrera.3@facebook.com,"25 de Enero",https://www.facebook.com/oriana.barrera.3,,,"Ciudad Autónoma de Buenos Aires","Buenos Aires",Argentina,100002744552625,"Agustin Sujo",https://www.facebook.com/agustin.sujook,1
Sergio,Landsman,rikardussergius@facebook.com,"25 de Enero",https://www.facebook.com/rikardussergius,,,"Ciudad Autónoma de Buenos Aires","Buenos Aires",Argentina,1425300756,"Ana María Mesones",https://www.facebook.com/ana.mesones,1
Luciana,Montenegro,luciana.domini.05@facebook.com,"25 de Enero",https://www.facebook.com/Luciana.Domini.05,,,"Ciudad Autónoma de Buenos Aires","Buenos Aires",Argentina,100002768217164,"Agustin Sujo",https://www.facebook.com/agustin.sujook,1
Guillote,"Di Lernia",guillote.dilernia@facebook.com,"25 de Enero",https://www.facebook.com/guillote.dilernia,,,"Ciudad Autónoma de Buenos Aires","Buenos Aires",Argentina,100002297753608,"Bian Tedesco",https://www.facebook.com/biaantedesco,1
Angie,Ancarola,angiean@facebook.com,"25 de Enero",https://www.facebook.com/angiean,22,,"Ciudad Autónoma de Buenos Aires","Buenos Aires",Argentina,625831664,"Noelia Sarquiz",https://www.facebook.com/noelia.sarquiz,1
Lucas,Kalifon,laacks@facebook.com,"25 de Enero",https://www.facebook.com/laacks,,,"Ciudad Autónoma de Buenos Aires","Buenos Aires",Argentina,549747791,"Romina Toller",,1
Pabli,Zanetti,pablo.zanetti2@facebook.com,"25 de Enero",https://www.facebook.com/pablo.zanetti2,,,"Ciudad Autónoma de Buenos Aires","Buenos Aires",Argentina,1102191729,"Alan Volper",https://www.facebook.com/alan.volper,1
Lara,Robles,lara.robles@facebook.com,"25 de Enero",https://www.facebook.com/lara.robles,,,"Ciudad Autónoma de Buenos Aires","Buenos Aires",Argentina,100001665471539,"Julian Marino",,1
Cande,Przylucki,cprzylucki@facebook.com,"25 de Enero",https://www.facebook.com/cprzylucki,,,"Ciudad Autónoma de Buenos Aires","Buenos Aires",Argentina,1333249622,"Daniel Barach",,1
Dario,Lopreite,dario.lopreite@facebook.com,"25 de Enero",https://www.facebook.com/dario.lopreite,,,"Ciudad Autónoma de Buenos Aires","Buenos Aires",Argentina,1252295905,"Maria Florencia Lioni Tarsitano",https://www.facebook.com/mariaflorencia.lionitarsi,1
Todo,"Limpio Yany",todo.limpio.1865@facebook.com,"25 de Enero",https://www.facebook.com/todo.limpio.1865,29,,"Ciudad Autónoma de Buenos Aires","Buenos Aires",Argentina,100007017425722,"Camy Falcón",https://www.facebook.com/Cammy.Falcon,1
Depilight,Laser,depilight@facebook.com,"25 de Enero",https://www.facebook.com/depilight,,,"Ciudad Autónoma de Buenos Aires","Buenos Aires",Argentina,100000991419609,"Analia Torio",https://www.facebook.com/analia.torio1,1
Nadia,Flores,nadia.flores.58173@facebook.com,"25 de Enero",https://www.facebook.com/nadia.flores.58173,,,"Ciudad Autónoma de Buenos Aires","Buenos Aires",Argentina,100003108362913,"La Rockeria",https://www.facebook.com/oveja1,1
Silvia,Armoza,silvia.armoza@facebook.com,"25 de Enero",https://www.facebook.com/silvia.armoza,,,"Ciudad Autónoma de Buenos Aires","Buenos Aires",Argentina,728461561,"Alejandro Amitrano",,1
Gabriel,Grieco,gabriel.grieco.92@facebook.com,"25 de Enero",https://www.facebook.com/gabriel.grieco.92,29,,"Ciudad Autónoma de Buenos Aires","Buenos Aires",Argentina,1395685471,"Carlos Wilson",,1
Milu,Trinidad,milu.trinidad2@facebook.com,"25 de Enero",https://www.facebook.com/milu.trinidad2,29,,"Ciudad Autónoma de Buenos Aires","Buenos Aires",Argentina,1398202213,"Carlos Wilson",,1
Allegra,Dee,alexia.ampolha@facebook.com,"25 de Enero",https://www.facebook.com/alexia.ampolha,,,"Ciudad Autónoma de Buenos Aires","Buenos Aires",Argentina,100007715083286,"Miqui Berriòs",https://www.facebook.com/miqui.berrios,1
Moda,Tendencia,moda.tendencia.1@facebook.com,"25 de Enero",https://www.facebook.com/moda.tendencia.1,,,"Ciudad Autónoma de Buenos Aires","Buenos Aires",Argentina,100001458501919,"Nataly Cuerva",https://www.facebook.com/nataliagtrujillo,1
Jaazmin,Villalba,lovelygiirl@facebook.com,"25 de Enero",https://www.facebook.com/LovelyGiirl,,,"Ciudad Autónoma de Buenos Aires","Buenos Aires",Argentina,100003695136758,"Felipe Vidal",https://www.facebook.com/Feelipe.vp,1
Magui,Gardeliando,magui.gardeliando@facebook.com,"25 de Enero",https://www.facebook.com/magui.gardeliando,,,"Ciudad Autónoma de Buenos Aires","Buenos Aires",Argentina,1185447527,"Cami Maranessi",https://www.facebook.com/cami.maranessi,1
Bukhara,Palermo,bukhara.palermo@facebook.com,"25 de Enero",https://www.facebook.com/bukhara.palermo,26,,"Ciudad Autónoma de Buenos Aires","Buenos Aires",Argentina,100003314612603,"Clara Ryan",https://www.facebook.com/clariryaneventos,1
Look-Me,Eventos,lookme.eventos@facebook.com,"25 de Enero",https://www.facebook.com/lookme.eventos,,,"Ciudad Autónoma de Buenos Aires","Buenos Aires",Argentina,100001439555376,"María Victoria Uzal Haz",,1
Sharon,Estefania,sharon.estefania.3@facebook.com,"25 de Enero",https://www.facebook.com/sharon.estefania.3,,,"Ciudad Autónoma de Buenos Aires","Buenos Aires",Argentina,100001991328705,"Jorge Biamonte",https://www.facebook.com/georgebiamonteok,1
Daniela,Wachs,daniela.a.wachs@facebook.com,"25 de Enero",https://www.facebook.com/daniela.a.wachs,24,,"Ciudad Autónoma de Buenos Aires","Buenos Aires",Argentina,816394302,"María Paz Short",https://www.facebook.com/paz.short,1
"Macarena Belen",Quiróz,macarenabelenq@facebook.com,"25 de Enero",https://www.facebook.com/macarenabelenq,,,"Ciudad Autónoma de Buenos Aires","Buenos Aires",Argentina,100000645240353,"Marcela Alejandra",,1
Cristhian,Sosa,cristhian.sosa@facebook.com,"25 de Enero",https://www.facebook.com/cristhian.sosa,28,,"Ciudad Autónoma de Buenos Aires","Buenos Aires",Argentina,679359903,"Franco Marcoccia",https://www.facebook.com/franco.marcoccia,1
Fran,Bjelica,frank.bjelica@facebook.com,"25 de Enero",https://www.facebook.com/Frank.Bjelica,,,"Ciudad Autónoma de Buenos Aires","Buenos Aires",Argentina,516984553,"Romy Gutierrez Jaime",https://www.facebook.com/romygutierrezjaime,1
Liilu,Comerci,lisi.luz.58@facebook.com,"25 de Enero",https://www.facebook.com/lisi.luz.58,29,,"Ciudad Autónoma de Buenos Aires","Buenos Aires",Argentina,100000311599987,"Ianina Daniela Castillo",https://www.facebook.com/ianina.castillo,1
Produccion,Ilusiones,produccion.ilusiones@facebook.com,"25 de Enero",https://www.facebook.com/produccion.ilusiones,,,"Ciudad Autónoma de Buenos Aires","Buenos Aires",Argentina,100002639776035,"Juan Manuel Fotografo",https://www.facebook.com/JuanmaJMFotoEstudio,1
Florencia,Candel,fcandeloro@facebook.com,"25 de Enero",https://www.facebook.com/fcandeloro,,,"Ciudad Autónoma de Buenos Aires","Buenos Aires",Argentina,1221210300,"Tatiana Petroccelli",https://www.facebook.com/tanshanita,1
"Sally Gabriela",Torres,sallygabriela.torres@facebook.com,"25 de Enero",https://www.facebook.com/sallygabriela.torres,,,"Ciudad Autónoma de Buenos Aires","Buenos Aires",Argentina,780788179,"Ana Costas",,1
Claudio,Pampillon,claudio.pampillon1@facebook.com,"25 de Enero",https://www.facebook.com/claudio.pampillon1,24,,"Ciudad Autónoma de Buenos Aires","Buenos Aires",Argentina,100001270121315,"Luli Torres",,1
Issime,"Vestida de Encanto",issime.vestidadeencanto@facebook.com,"25 de Enero",https://www.facebook.com/issime.vestidadeencanto,,,"Ciudad Autónoma de Buenos Aires","Buenos Aires",Argentina,1617516245,"Vanesa Myrna Ojeda",,1
Simona,Lewis,simona.lewis.1@facebook.com,"25 de Enero",https://www.facebook.com/simona.lewis.1,,,"Ciudad Autónoma de Buenos Aires","Buenos Aires",Argentina,100001709012346,"Mauricio Gregori",,1
Noelia,Pizzo,noeliapizzo@facebook.com,"25 de Enero",https://www.facebook.com/NoeliaPizzo,24,,"Ciudad Autónoma de Buenos Aires","Buenos Aires",Argentina,1118153053,"Srita Bauer",https://www.facebook.com/marina.vas,1
"Darío Emiliano",Es,d.emiliano.escobar@facebook.com,"25 de Enero",https://www.facebook.com/D.Emiliano.Escobar,21,,"Ciudad Autónoma de Buenos Aires","Buenos Aires",Argentina,100000126430000,"Charly Ruez",https://www.facebook.com/charly.ruez,1
"Productos Para",Alisados,productospara.alisados.16@facebook.com,"25 de Enero",https://www.facebook.com/productospara.alisados.16,23,,"Ciudad Autónoma de Buenos Aires","Buenos Aires",Argentina,100007852173075,"Mar Marignac",https://www.facebook.com/marina.marignac,1
Julieta,Canteli,julieta.canteli@facebook.com,"25 de Enero",https://www.facebook.com/julieta.canteli,23,,"Ciudad Autónoma de Buenos Aires","Buenos Aires",Argentina,1442381776,"Juan Elias Catan",https://www.facebook.com/juan.724,1
Nicolas,"Lopez de Romaña",nicolas.lopezderomana@facebook.com,"25 de Enero",https://www.facebook.com/nicolas.lopezderomana,,,"Ciudad Autónoma de Buenos Aires","Buenos Aires",Argentina,100001727953706,"Cesar Andree VL",,1
Aguss,Ballester,aguss.ballester@facebook.com,"25 de Enero",https://www.facebook.com/aguss.ballester,22,,"Ciudad Autónoma de Buenos Aires","Buenos Aires",Argentina,574371614,"Jessica Bellomo",https://www.facebook.com/JessBellomo,1
Francisco,Pizzi,pizzifrancisco@facebook.com,"25 de Enero",https://www.facebook.com/pizzifrancisco,26,,"Ciudad Autónoma de Buenos Aires","Buenos Aires",Argentina,1584063460,"Ale Arias Mandarine Park",,1
Melii,Lippolis,melina.lippolis.7@facebook.com,"25 de Enero",https://www.facebook.com/melina.lippolis.7,21,,"Ciudad Autónoma de Buenos Aires","Buenos Aires",Argentina,100003849036183,"Daniel Barach",,1
Charly,Brown,charlybrowndc@facebook.com,"25 de Enero",https://www.facebook.com/charlybrowndc,25,"Villa Luro","Ciudad Autónoma de Buenos Aires","Buenos Aires",Argentina,100002318620528,"Diego Urlacher",,1
Agustin,Ducdoc,agus.ducdoc@facebook.com,"25 de Enero",https://www.facebook.com/agus.ducdoc,,,"Ciudad Autónoma de Buenos Aires","Buenos Aires",Argentina,1388821814,"Agus Rodriguez",,1
Ale,Driko,driko86@facebook.com,"25 de Enero",https://www.facebook.com/driko86,28,"Villa Crespo","Ciudad Autónoma de Buenos Aires","Buenos Aires",Argentina,1017587098,"Agustin Justin",https://www.facebook.com/Agustin.Justin,1
Presento,Mgzn,presento.press@facebook.com,"25 de Enero",https://www.facebook.com/presento.press,24,,"Ciudad Autónoma de Buenos Aires","Buenos Aires",Argentina,100007714837561,"Agustin Justin",https://www.facebook.com/Agustin.Justin,1
"Politica Cyp",Consultoria,politicacyp.consultoria@facebook.com,"25 de Enero",https://www.facebook.com/politicacyp.consultoria,24,,"Ciudad Autónoma de Buenos Aires","Buenos Aires",Argentina,100000716827480,"Daniel Arbol",https://www.facebook.com/darbol1,1
Resdal,"Sec Ejecutiva",resdal@facebook.com,"25 de Enero",https://www.facebook.com/resdal,24,,"Ciudad Autónoma de Buenos Aires","Buenos Aires",Argentina,100000718847886,"Daniel Arbol",https://www.facebook.com/darbol1,1
Colección,Sarkany,coleccion.sarkany.7@facebook.com,"25 de Enero",https://www.facebook.com/coleccion.sarkany.7,,,"Ciudad Autónoma de Buenos Aires","Buenos Aires",Argentina,100001576343194,"Ago Benedettini",https://www.facebook.com/ago.benedettini,1
Luciana,Pugliese,luciana.pugliese@facebook.com,"25 de Enero",https://www.facebook.com/luciana.pugliese,,,"Ciudad Autónoma de Buenos Aires","Buenos Aires",Argentina,1010929738,"Pia Bocchino",https://www.facebook.com/pia.bocchino,1
TuDekan,Importados,tudekanimportados@facebook.com,"25 de Enero",https://www.facebook.com/TudekanImportados,22,,"Ciudad Autónoma de Buenos Aires","Buenos Aires",Argentina,100003455901323,"Susan Romano",,1
Maru,Fernandez,maru.fernandez.125323@facebook.com,"25 de Enero",https://www.facebook.com/maru.fernandez.125323,26,,"Ciudad Autónoma de Buenos Aires","Buenos Aires",Argentina,100006720635440,"Brenda Fabregat",https://www.facebook.com/brenda.fabregat,1
Jony,Levit,jony.levit@facebook.com,"25 de Enero",https://www.facebook.com/jony.levit,,,"Ciudad Autónoma de Buenos Aires","Buenos Aires",Argentina,694003656,"Eve Schiera",,1
Carla,Practice,practisingvaizqch@facebook.com,"25 de Enero",https://www.facebook.com/practisingvaizqch,22,"Buenos Aires","Buenos Aires","Buenos Aires",Argentina,1489803095,"Fett Maidana",0,1
Kaa,Laa,camilabelen.pizarro1@facebook.com,"25 de Enero",https://www.facebook.com/camilabelen.pizarro1,,,"Ciudad Autónoma de Buenos Aires","Buenos Aires",Argentina,100002117587841,"Pedro Lopezyfernandez",https://www.facebook.com/pedronahuel,1
Daniel,Icazatti,daniel.icazatti@facebook.com,"25 de Enero",https://www.facebook.com/daniel.icazatti,26,,"Ciudad Autónoma de Buenos Aires","Buenos Aires",Argentina,1347340120,"Rodrii Martinez",,1
Danilo,"Zárate Pacheco",danilo.zaratepacheco@facebook.com,"26 de Enero",https://www.facebook.com/danilo.zaratepacheco,27,,"Ciudad Autónoma de Buenos Aires","Buenos Aires",Argentina,524928262,"Flor Scalise",https://www.facebook.com/flor.scalise,1
Yamila,Aguirre,yamy.aguirre@facebook.com,"26 de Enero",https://www.facebook.com/yamy.aguirre,23,,"Ciudad Autónoma de Buenos Aires","Buenos Aires",Argentina,100001953001653,"Adrian Tomassino",,1
Santi,Eguiluz,santi.eguiluz@facebook.com,"26 de Enero",https://www.facebook.com/santi.eguiluz,,,"Ciudad Autónoma de Buenos Aires","Buenos Aires",Argentina,1181714933,"Nico Mackinlay",,1
Sool,Pachkevitch,sool.pachkevitch@facebook.com,"26 de Enero",https://www.facebook.com/sool.pachkevitch,,,"Ciudad Autónoma de Buenos Aires","Buenos Aires",Argentina,100000307084670,"Pala Falguera",,1
Tai,Blackthorn,ghkdtjfdkjsfadsf@facebook.com,"26 de Enero",https://www.facebook.com/ghkdtjfdkjsfadsf,,,"Ciudad Autónoma de Buenos Aires","Buenos Aires",Argentina,100002498427523,"Juanma Ramirez",,1
Floor,Magallanes,tropiii@facebook.com,"26 de Enero",https://www.facebook.com/Tropiii,22,,"Ciudad Autónoma de Buenos Aires","Buenos Aires",Argentina,100001037406415,"Anna Laura",https://www.facebook.com/Anna.Laucha,1
Mili,Galmes,mili.galmes@facebook.com,"26 de Enero",https://www.facebook.com/mili.galmes,,,"Ciudad Autónoma de Buenos Aires","Buenos Aires",Argentina,1542248386,"Martín Álvarez BA I",https://www.facebook.com/Woody.Blair,1
Barbara,Iacovella,barbara.iacovella@facebook.com,"26 de Enero",https://www.facebook.com/barbara.iacovella,,,"Ciudad Autónoma de Buenos Aires","Buenos Aires",Argentina,1020163542,"Annie Silva",https://www.facebook.com/AnnieGaleano,1
Brian,Gonzalez,brian.gonzalez.37017794@facebook.com,"26 de Enero",https://www.facebook.com/brian.gonzalez.37017794,22,,"Ciudad Autónoma de Buenos Aires","Buenos Aires",Argentina,100000002226427,"Aniita Canta",https://www.facebook.com/Aniita.Canta,1
Rodolfo,Iglesias,rodolfo.iglesias.3@facebook.com,"26 de Enero",https://www.facebook.com/rodolfo.iglesias.3,,,"Ciudad Autónoma de Buenos Aires","Buenos Aires",Argentina,100001071069926,"Mauro Napole",https://www.facebook.com/maurinapole,1
"Lazos Para El",Futuro,lazosparael.futuro@facebook.com,"26 de Enero",https://www.facebook.com/lazosparael.futuro,,,"Ciudad Autónoma de Buenos Aires","Buenos Aires",Argentina,100000698925969,"Julieta Sciascia",https://www.facebook.com/julieta.sciascia,1
Richard,Cheshire,richard.cheshire.79@facebook.com,"26 de Enero",https://www.facebook.com/richard.cheshire.79,27,,"Ciudad Autónoma de Buenos Aires","Buenos Aires",Argentina,223304382,"Carlina Piedra",https://www.facebook.com/carlina.piedra,1
Matias,Sebastian,matutinooo@facebook.com,"26 de Enero",https://www.facebook.com/MaTuTiNOoo,28,Agronomía,"Ciudad Autónoma de Buenos Aires","Buenos Aires",Argentina,1157690714,"Julieta Olmedo Cortese",https://www.facebook.com/poshipo,1
Miguel,Rendon,miguelangelhoyosrendon@facebook.com,"26 de Enero",https://www.facebook.com/miguelangelhoyosrendon,,,"Ciudad Autónoma de Buenos Aires","Buenos Aires",Argentina,652032562,"Paula Otálvaro",https://www.facebook.com/paula.otalvaro,1
Daniel,Claudio,daniel.claudio.161@facebook.com,"26 de Enero",https://www.facebook.com/daniel.claudio.161,,,"Ciudad Autónoma de Buenos Aires","Buenos Aires",Argentina,1068039098,"Alejandro G Sierra",https://www.facebook.com/alejandrogsierra,1
Daniel,Amoroso,danielamorosoperfil@facebook.com,"26 de Enero",https://www.facebook.com/danielamorosoperfil,,,"Ciudad Autónoma de Buenos Aires","Buenos Aires",Argentina,1675583039,"Carlos Wilson",,1
Leandro,Maldonado,leandro.maldonado.391@facebook.com,"26 de Enero",https://www.facebook.com/leandro.maldonado.391,29,,"Ciudad Autónoma de Buenos Aires","Buenos Aires",Argentina,1121785347,"Cynthia Gianni",,1
Solcii,Chavarria,solcii.chavarria@facebook.com,"26 de Enero",https://www.facebook.com/solcii.chavarria,21,"Buenos Aires","Buenos Aires","Buenos Aires",Argentina,1605991632,"Fett Maidana",0,1
Romina,Bellotte,rominabellotte@facebook.com,"26 de Enero",https://www.facebook.com/rominabellotte,21,,"Ciudad Autónoma de Buenos Aires","Buenos Aires",Argentina,587383502,"Javier Potenza",,1
Mica,Perez,lamicaperez@facebook.com,"26 de Enero",https://www.facebook.com/lamicaperez,,,"Ciudad Autónoma de Buenos Aires","Buenos Aires",Argentina,1466026769,"Belu Alvarez",,1
Soledad,Von,soledad.von@facebook.com,"26 de Enero",https://www.facebook.com/soledad.von,,,"Ciudad Autónoma de Buenos Aires","Buenos Aires",Argentina,100001300233175,"Felicitas Ghigliotti",https://www.facebook.com/felicitas.ghigliotti,1
Panchi,Triaca,panchi.triaca@facebook.com,"26 de Enero",https://www.facebook.com/panchi.triaca,,,"Ciudad Autónoma de Buenos Aires","Buenos Aires",Argentina,787938473,"Juan Martin Segre",https://www.facebook.com/juan.segre,1
David,Trezeguet,david.trezeguet.7758@facebook.com,"26 de Enero",https://www.facebook.com/david.trezeguet.7758,28,,"Ciudad Autónoma de Buenos Aires","Buenos Aires",Argentina,100003806764775,"Alicia Kosem",https://www.facebook.com/alicia.kosem,1
Sabrina,Ryan,sabrina.ryan.77@facebook.com,"26 de Enero",https://www.facebook.com/sabrina.ryan.77,,,"Ciudad Autónoma de Buenos Aires","Buenos Aires",Argentina,100003055925432,"Natalia Tarelli",,1
Tomi,Hoerth,thoerth@facebook.com,"26 de Enero",https://www.facebook.com/thoerth,,,"Ciudad Autónoma de Buenos Aires","Buenos Aires",Argentina,1640744683,"Martin Olmedo",,1
Marcos,Girosi,marcos.girosi@facebook.com,"26 de Enero",https://www.facebook.com/marcos.girosi,,,"Ciudad Autónoma de Buenos Aires","Buenos Aires",Argentina,100000420277440,"Antoine Cornudet",,1
Araceli,Amor,araaceliamor@facebook.com,"26 de Enero",https://www.facebook.com/araaceliamor,,,"Ciudad Autónoma de Buenos Aires","Buenos Aires",Argentina,100000956794425,"Facu Denegri",,1
"María de Los",Bibolian,mariadelosangeles.bibolian@facebook.com,"26 de Enero",https://www.facebook.com/mariadelosangeles.bibolian,25,,"Ciudad Autónoma de Buenos Aires","Buenos Aires",Argentina,100000516297694,"Sele Raimundo",https://www.facebook.com/sele.raimundo,1
Sebas,Pisanti,sebapisanti@facebook.com,"26 de Enero",https://www.facebook.com/sebapisanti,29,,"Ciudad Autónoma de Buenos Aires","Buenos Aires",Argentina,686659427,"Gimena Librio",https://www.facebook.com/gimelibrio,1
Vivi,Song,viviisung.26@facebook.com,"26 de Enero",https://www.facebook.com/viviisung.26,,,"Ciudad Autónoma de Buenos Aires","Buenos Aires",Argentina,1465273255,"Cami Weng",,1
Rocio,Rodas,rocio.rodas1@facebook.com,"26 de Enero",https://www.facebook.com/rocio.rodas1,,,"Ciudad Autónoma de Buenos Aires","Buenos Aires",Argentina,806385223,"Miranda Toderi",https://www.facebook.com/miranda.toderi,1
Biaan,Mazza,biaan.mazza@facebook.com,"26 de Enero",https://www.facebook.com/biaan.mazza,,,"Ciudad Autónoma de Buenos Aires","Buenos Aires",Argentina,1176562416,"Lucas Funes",https://www.facebook.com/SkriLef14,1
Alti,Cuerva,alti.cuerva@facebook.com,"26 de Enero",https://www.facebook.com/alti.cuerva,23,,"Ciudad Autónoma de Buenos Aires","Buenos Aires",Argentina,667139537,"Julio Roberto Cuevas",https://www.facebook.com/julioroberto.cuevas,1
Juan,Barrios,juan.dedios.986@facebook.com,"26 de Enero",https://www.facebook.com/juan.dedios.986,24,,"Ciudad Autónoma de Buenos Aires","Buenos Aires",Argentina,646776027,"Sheyla Gutierrez Aguirre",https://www.facebook.com/sheylamarilyn.gutierrezag,1
Federico,Orrego,federico.orrego.39@facebook.com,"26 de Enero",https://www.facebook.com/federico.orrego.39,25,,"Ciudad Autónoma de Buenos Aires","Buenos Aires",Argentina,100004662061035,"Flor Vischi Cortés",https://www.facebook.com/flor.vischi,1
Noe,Soledad,noe.casimiro@facebook.com,"26 de Enero",https://www.facebook.com/noe.casimiro,24,,"Ciudad Autónoma de Buenos Aires","Buenos Aires",Argentina,1290784503,"Jobs Bar",https://www.facebook.com/jobsbar,1
Laura,Mariel,laura.folliero@facebook.com,"26 de Enero",https://www.facebook.com/laura.folliero,24,"Parque Chacabuco","Ciudad Autónoma de Buenos Aires","Buenos Aires",Argentina,1290787912,"Jobs Bar",https://www.facebook.com/jobsbar,1
Grina,Kang,grina.kang@facebook.com,"26 de Enero",https://www.facebook.com/grina.kang,,,"Ciudad Autónoma de Buenos Aires","Buenos Aires",Argentina,1790773396,"Aylu Macchi",,1
Vinoteca,Perdriel,vinoteca.perdriel@facebook.com,"26 de Enero",https://www.facebook.com/vinoteca.perdriel,25,,"Ciudad Autónoma de Buenos Aires","Buenos Aires",Argentina,100002643643739,"Lupe Dávalos",https://www.facebook.com/guadinight,1
MeLi,Tobares,meli.tobares@facebook.com,"26 de Enero",https://www.facebook.com/meli.tobares,,Colegiales,"Ciudad Autónoma de Buenos Aires","Buenos Aires",Argentina,100002079527659,"Ariel Martin",https://www.facebook.com/arielcabezon,1
Federico,Alejandro,federico.alejandro.315@facebook.com,"26 de Enero",https://www.facebook.com/federico.alejandro.315,24,,"Ciudad Autónoma de Buenos Aires","Buenos Aires",Argentina,1304466984,"Silvia Fernandez",https://www.facebook.com/silviafernandezchivi,1
Gava,Indumentaria,gava.indumentaria@facebook.com,"26 de Enero",https://www.facebook.com/gava.indumentaria,,,"Ciudad Autónoma de Buenos Aires","Buenos Aires",Argentina,100001728722650,"Flor Scalise",https://www.facebook.com/flor.scalise,1
Facu,Baez,facu.baez.509@facebook.com,"26 de Enero",https://www.facebook.com/facu.baez.509,,,"Ciudad Autónoma de Buenos Aires","Buenos Aires",Argentina,100000537522658,"Flor Encino",https://www.facebook.com/flopy.encino,1
Oliver,Mieth,oliver.mieth.1@facebook.com,"26 de Enero",https://www.facebook.com/oliver.mieth.1,,,"Ciudad Autónoma de Buenos Aires","Buenos Aires",Argentina,602929670,"Agus Garibaldi",https://www.facebook.com/agus.garibaldi,1
Rocío,"González Noverasco",gonzalez.rochi@facebook.com,"26 de Enero",https://www.facebook.com/gonzalez.rochi,,,"Ciudad Autónoma de Buenos Aires","Buenos Aires",Argentina,1347482569,"Gustavo Pietrafesa",,1
Fede,Maza,fede.maza@facebook.com,"26 de Enero",https://www.facebook.com/fede.maza,,,"Ciudad Autónoma de Buenos Aires","Buenos Aires",Argentina,1123903209,"Mika Escobar",https://www.facebook.com/mika.escobar1,1
Tincho,Saya,martin.saya@facebook.com,"26 de Enero",https://www.facebook.com/martin.saya,,,"Ciudad Autónoma de Buenos Aires","Buenos Aires",Argentina,1034390240,"Emiliano Pirolo",https://www.facebook.com/emi.pirolo,1
Santi,Carvajal,santi.carvajal.5@facebook.com,"26 de Enero",https://www.facebook.com/santi.carvajal.5,,,"Ciudad Autónoma de Buenos Aires","Buenos Aires",Argentina,1161602577,"Vicky Diaz",,1
Nadina,In,ndindumentaria@facebook.com,"27 de Enero",https://www.facebook.com/ndindumentaria,28,,"Ciudad Autónoma de Buenos Aires","Buenos Aires",Argentina,100001735700789,"Pamela Altamiranda",https://www.facebook.com/pamela.altamiranda1,1
Sofi,Viviano,sofi.viviano@facebook.com,"27 de Enero",https://www.facebook.com/sofi.viviano,,"Villa Pueyrredón","Ciudad Autónoma de Buenos Aires","Distrito Federal",Argentina,1461170685,"Maria Belén",,1
Patricio,Ezequiel,patto.carp.7@facebook.com,"27 de Enero",https://www.facebook.com/patto.carp.7,,,"Ciudad Autónoma de Buenos Aires","Buenos Aires",Argentina,100000210224337,"Franco Palermo",,1
Julyy,Bonavita,julyybonavita@facebook.com,"27 de Enero",https://www.facebook.com/julyybonavita,21,,"Ciudad Autónoma de Buenos Aires","Buenos Aires",Argentina,100001657460926,"Martín Álvarez BA I",https://www.facebook.com/Woody.Blair,1
Cristian,Ferreyra,cristian.ferreyra1@facebook.com,"27 de Enero",https://www.facebook.com/cristian.ferreyra1,23,,"Ciudad Autónoma de Buenos Aires","Buenos Aires",Argentina,1120279629,"Sheyla Gutierrez Aguirre",https://www.facebook.com/sheylamarilyn.gutierrezag,1
Eugenia,"de Bielke",eugenia.debielke@facebook.com,"27 de Enero",https://www.facebook.com/eugenia.debielke,,,"Ciudad Autónoma de Buenos Aires","Buenos Aires",Argentina,608401740,"Marina Castagnino",https://www.facebook.com/castagnino,1
Marcelo,Steiman,marcelo.steiman@facebook.com,"27 de Enero",https://www.facebook.com/marcelo.steiman,,,"Ciudad Autónoma de Buenos Aires","Buenos Aires",Argentina,769849360,"Dany Kunowsky",https://www.facebook.com/daniel.kunowsky,1
Nicolas,Villalba,elguage@facebook.com,"27 de Enero",https://www.facebook.com/elguage,23,,"Ciudad Autónoma de Buenos Aires","Buenos Aires",Argentina,1015976582,"Vicky Diaz",,1
Fran,Agara,fran.agara@facebook.com,"27 de Enero",https://www.facebook.com/fran.agara,26,,"Ciudad Autónoma de Buenos Aires","Buenos Aires",Argentina,1642885581,"Manu Dadaglio",,1
"Roxana Mabel",Rignola,roxanamabel.rignola@facebook.com,"27 de Enero",https://www.facebook.com/roxanamabel.rignola,,,"Ciudad Autónoma de Buenos Aires","Buenos Aires",Argentina,100001480698646,"Ariel Villarreal",,1
Nayla,Milagros,nayla.milagros@facebook.com,"27 de Enero",https://www.facebook.com/nayla.milagros,21,,"Ciudad Autónoma de Buenos Aires","Buenos Aires",Argentina,1131589925,"Miranda Toderi",https://www.facebook.com/miranda.toderi,1
Joaco,Sills,joaco.sills@facebook.com,"27 de Enero",https://www.facebook.com/joaco.sills,22,,"Ciudad Autónoma de Buenos Aires","Buenos Aires",Argentina,705627873,"Agustina Ortega",https://www.facebook.com/agustina.ortega3,1
Empresas,"Método DeRose",empresas.metododerose@facebook.com,"27 de Enero",https://www.facebook.com/empresas.metododerose,,,"Ciudad Autónoma de Buenos Aires","Buenos Aires",Argentina,1634918587,"Miqui Berriòs",https://www.facebook.com/miqui.berrios,1
Cande,Capra,cande.la.73@facebook.com,"27 de Enero",https://www.facebook.com/cande.la.73,22,,"Ciudad Autónoma de Buenos Aires","Buenos Aires",Argentina,100000159939984,"Pia Bocchino",https://www.facebook.com/pia.bocchino,1
Arlequín,Artesanal,arlequincotillonartesanal@facebook.com,"27 de Enero",https://www.facebook.com/arlequincotillonartesanal,,,"Ciudad Autónoma de Buenos Aires","Buenos Aires",Argentina,100002015178306,"Carla Ferro",https://www.facebook.com/carla.ferro,1
Bailando,Fc,bailando.fc@facebook.com,"27 de Enero",https://www.facebook.com/bailando.fc,24,,"Ciudad Autónoma de Buenos Aires","Buenos Aires",Argentina,100000501286404,"Cielito Perez",,1
Juan,Rocca,jmrocca@facebook.com,"27 de Enero",https://www.facebook.com/jmrocca,,,"Ciudad Autónoma de Buenos Aires","Buenos Aires",Argentina,1240099570,"Martin Menini",https://www.facebook.com/martin.menini,1
Loren,Jazmin,loren10004@facebook.com,"27 de Enero",https://www.facebook.com/loren10004,,,"Ciudad Autónoma de Buenos Aires","Buenos Aires",Argentina,100003538369349,"Julio Roberto Cuevas",https://www.facebook.com/julioroberto.cuevas,1
Mariza,Cardozo,mariza.r.cardozo@facebook.com,"27 de Enero",https://www.facebook.com/mariza.r.cardozo,28,"Parque Chacabuco","Ciudad Autónoma de Buenos Aires","Buenos Aires",Argentina,100004613621389,"Piturro Espindola",https://www.facebook.com/cesaromar.espindola,1
Claudia,Gianocca,claudia.gianocca@facebook.com,"27 de Enero",https://www.facebook.com/claudia.gianocca,,,"Ciudad Autónoma de Buenos Aires","Buenos Aires",Argentina,1620477660,"Karina Gianelli",https://www.facebook.com/karina.gianelli,1
Cgi,"Banco Provincia",cgi.bancoprovincia@facebook.com,"27 de Enero",https://www.facebook.com/cgi.bancoprovincia,25,,"Ciudad Autónoma de Buenos Aires","Buenos Aires",Argentina,100000839754353,"Lorenzo Carrere",https://www.facebook.com/lorenzo.carrere,1
Crossports,Carreras,crossports@facebook.com,"27 de Enero",https://www.facebook.com/crossports,,,"Ciudad Autónoma de Buenos Aires","Buenos Aires",Argentina,1708737175,"Maria Paula Toyos",,1
Tamara,Menendez,tamimenendez@facebook.com,"27 de Enero",https://www.facebook.com/tamimenendez,,,"Ciudad Autónoma de Buenos Aires","Buenos Aires",Argentina,1651523782,"Mili Mauro",https://www.facebook.com/milimauro,1
Christian,Compagnoni,ccompagnoni@facebook.com,"27 de Enero",https://www.facebook.com/ccompagnoni,28,,"Ciudad Autónoma de Buenos Aires","Buenos Aires",Argentina,100000180662961,"Kandella Steiler",https://www.facebook.com/kandella.steiler,1
Gina,Yeye,lauchyta@facebook.com,"27 de Enero",https://www.facebook.com/LAUCHYTA,,"La Boca","Ciudad Autónoma de Buenos Aires","Buenos Aires",Argentina,100000318197616,"Tatiana Petroccelli",https://www.facebook.com/tanshanita,1
Marco,Miyagi,markomiyagi@facebook.com,"27 de Enero",https://www.facebook.com/MarkoMiyagi,,,"Ciudad Autónoma de Buenos Aires","Buenos Aires",Argentina,1150378516,"Aniita Canta",https://www.facebook.com/Aniita.Canta,1
Bettyna,Brizuela,bettyna.brizuela@facebook.com,"27 de Enero",https://www.facebook.com/bettyna.brizuela,26,,"Ciudad Autónoma de Buenos Aires","Buenos Aires",Argentina,782263447,"Natalia Tarelli",,1
"Andrea Analia",Quiroga,andreaanalia.quiroga@facebook.com,"27 de Enero",https://www.facebook.com/andreaanalia.quiroga,,,"Ciudad Autónoma de Buenos Aires","Buenos Aires",Argentina,100001770923956,"Nadia Vannessa",https://www.facebook.com/nadiavannessa18,1
Gaston,Luque,gaston.luque.399@facebook.com,"27 de Enero",https://www.facebook.com/gaston.luque.399,23,,"Ciudad Autónoma de Buenos Aires","Buenos Aires",Argentina,1186281707,"Jonathan Julian",,1
"Ariel M",Thompson,ariel.thompson.798@facebook.com,"27 de Enero",https://www.facebook.com/ariel.thompson.798,23,,"Ciudad Autónoma de Buenos Aires","Buenos Aires",Argentina,1175913430,"Juani Muñoz Sanchez",https://www.facebook.com/juandaniel.munoz,1
Ale,Bacigalupo,alebacigalupo@facebook.com,"27 de Enero",https://www.facebook.com/alebacigalupo,,,"Ciudad Autónoma de Buenos Aires","Buenos Aires",Argentina,100001934174853,"Cristian Fernandez Villamor",https://www.facebook.com/cristian.fernandezvillamo,1
Belén,Meliina,belenmeliina@facebook.com,"27 de Enero",https://www.facebook.com/belenmeliina,,"Villa Soldati","Ciudad Autónoma de Buenos Aires","Buenos Aires",Argentina,100003826645123,"Brenda Fabregat",https://www.facebook.com/brenda.fabregat,1
Euu,Fernandez,euge.galvan.315@facebook.com,"27 de Enero",https://www.facebook.com/euge.galvan.315,,,"Ciudad Autónoma de Buenos Aires","Buenos Aires",Argentina,1710562539,"Jonathan Julian",,1
Fio,Pagliaro,fiopagliaro@facebook.com,"27 de Enero",https://www.facebook.com/FioPagliaro,,Agronomía,"Ciudad Autónoma de Buenos Aires","Distrito Federal",Argentina,1623565366,"Facu Denegri",,1
Daniela,Marino,daniela.marino.3954546@facebook.com,"27 de Enero",https://www.facebook.com/daniela.marino.3954546,29,,"Ciudad Autónoma de Buenos Aires","Buenos Aires",Argentina,664697833,"Seba Alvarez",https://www.facebook.com/lalvar22,1
Jaz,Taboada,jaz.taboada@facebook.com,"27 de Enero",https://www.facebook.com/jaz.taboada,,,"Ciudad Autónoma de Buenos Aires","Buenos Aires",Argentina,612925205,"Sebastian Diaz",https://www.facebook.com/sebastiantatudiaz,1
Yohanna,Belen,yohaaabelen@facebook.com,"27 de Enero",https://www.facebook.com/YohaaaBelen,,,"Ciudad Autónoma de Buenos Aires","Buenos Aires",Argentina,1394509385,"Ian Szejner",,1
Agustina,Godoy,aggus.godoy@facebook.com,"27 de Enero",https://www.facebook.com/Aggus.Godoy,,,"Ciudad Autónoma de Buenos Aires","Buenos Aires",Argentina,1476628102,"Agustina Pelle Müller",,1
Sofia,Tiphaine,sofia.tiphaine@facebook.com,"27 de Enero",https://www.facebook.com/sofia.tiphaine,23,,"Ciudad Autónoma de Buenos Aires","Buenos Aires",Argentina,704482339,"Valentino Fabre",https://www.facebook.com/valenfabre,1
Braian,Lanzalot,braian.lanzalot@facebook.com,"27 de Enero",https://www.facebook.com/braian.lanzalot,21,,"Ciudad Autónoma de Buenos Aires","Buenos Aires",Argentina,100003026052262,"Aluhe Morbidoni",,1
"Gabriela Soledad",Cardozo,gabrielasoledad.cardozo@facebook.com,"27 de Enero",https://www.facebook.com/gabrielasoledad.cardozo,28,,"Ciudad Autónoma de Buenos Aires","Buenos Aires",Argentina,1227289444,"Maru Bruni",,1
Sebastian,Perez,perez.pompeya@facebook.com,"27 de Enero",https://www.facebook.com/perez.pompeya,24,,"Ciudad Autónoma de Buenos Aires","Buenos Aires",Argentina,1193252096,"Vanesa Macias",https://www.facebook.com/vanesa.macias1,1
Viajes,Atractivos,viajes.atractivos@facebook.com,"27 de Enero",https://www.facebook.com/viajes.atractivos,,,"Ciudad Autónoma de Buenos Aires","Buenos Aires",Argentina,100000573149050,"Adrian Tomassino",,1
Natalia,"Alabarcez Mi?iudait?",natalia.alabarcezmiciudaite@facebook.com,"27 de Enero",https://www.facebook.com/natalia.alabarcezmiciudaite,,,"Ciudad Autónoma de Buenos Aires","Buenos Aires",Argentina,862890236,"Aylu Macchi",,1
Vicky,Garateche,vicky.garateche.3@facebook.com,"27 de Enero",https://www.facebook.com/vicky.garateche.3,21,,"Ciudad Autónoma de Buenos Aires","Buenos Aires",Argentina,100002429213164,"Cristian Fernandez Villamor",https://www.facebook.com/cristian.fernandezvillamo,1
Salva,"Do Pico",salvadopico@facebook.com,"27 de Enero",https://www.facebook.com/salvadopico,23,,"Ciudad Autónoma de Buenos Aires","Buenos Aires",Argentina,821050237,"Alan Volper",https://www.facebook.com/alan.volper,1
Mauro,Carrera,maurocarrerade@facebook.com,"27 de Enero",https://www.facebook.com/maurocarrerade,24,,"Ciudad Autónoma de Buenos Aires","Buenos Aires",Argentina,100002210579158,"Franco Marcoccia",https://www.facebook.com/franco.marcoccia,1
Poly,"Garcia Deparci",polymakeup@facebook.com,"27 de Enero",https://www.facebook.com/Polymakeup,29,,"Ciudad Autónoma de Buenos Aires","Buenos Aires",Argentina,100002223227479,"Franco Marcoccia",https://www.facebook.com/franco.marcoccia,1
Franco,Mistrazzoso,fmistrazzoso@facebook.com,"28 de Enero",https://www.facebook.com/fmistrazzoso,,,"Ciudad Autónoma de Buenos Aires","Buenos Aires",Argentina,1574373722,"Julieta Belen",,1
"Catita Nemito",Whippet,catitanemito.whippet@facebook.com,"28 de Enero",https://www.facebook.com/catitanemito.whippet,,,"Ciudad Autónoma de Buenos Aires","Buenos Aires",Argentina,100002383219218,"Franco Marcoccia",https://www.facebook.com/franco.marcoccia,1
Leonel,"Di Plácido",leonel.diplacido@facebook.com,"28 de Enero",https://www.facebook.com/leonel.diplacido,,Versailles,"Ciudad Autónoma de Buenos Aires","Buenos Aires",Argentina,826755031,"Anita Ghersinich",https://www.facebook.com/anita.ghersinich,1
Gabriel,Ávila,gabriel.avila.961@facebook.com,"28 de Enero",https://www.facebook.com/gabriel.avila.961,,,"Ciudad Autónoma de Buenos Aires","Buenos Aires",Argentina,100000328921094,"Jimena Avila",,1
Valen,Oubiña,valenoubina@facebook.com,"28 de Enero",https://www.facebook.com/valenoubina,,,"Ciudad Autónoma de Buenos Aires","Buenos Aires",Argentina,1424203795,"Juan Cruz Albornoz",,1
Diego,Martinez,dieemanuelmartinez@facebook.com,"28 de Enero",https://www.facebook.com/DieEmanuelMartinez,,,"Ciudad Autónoma de Buenos Aires","Buenos Aires",Argentina,100001386826561,"Julieta Belen",,1
Jasan,Chang,jasanc@facebook.com,"28 de Enero",https://www.facebook.com/jasanc,,,"Ciudad Autónoma de Buenos Aires","Buenos Aires",Argentina,1093340921,"Cami Weng",,1
Valen,Nucifora,valennnucii@facebook.com,"28 de Enero",https://www.facebook.com/ValennNucii,,,"Ciudad Autónoma de Buenos Aires","Buenos Aires",Argentina,1094447388,"Cami Weng",,1
"D Cisneros",Luna,ofuscados.claun@facebook.com,"28 de Enero",https://www.facebook.com/ofuscados.claun,,,"Ciudad Autónoma de Buenos Aires","Buenos Aires",Argentina,100002108077489,"Juan Manuel Fotografo",https://www.facebook.com/JuanmaJMFotoEstudio,1
"Juan Cruz","Corrales Aguerre",juancruz.corrales.9@facebook.com,"28 de Enero",https://www.facebook.com/juancruz.corrales.9,,,"Ciudad Autónoma de Buenos Aires","Buenos Aires",Argentina,1536001779,"Jobs Bar",https://www.facebook.com/jobsbar,1
Gabriel,Stabile,gabriel.stabile1@facebook.com,"28 de Enero",https://www.facebook.com/gabriel.stabile1,26,,"Ciudad Autónoma de Buenos Aires","Buenos Aires",Argentina,1024707599,"Tatiana Petroccelli",https://www.facebook.com/tanshanita,1
Tomas,"La Valle",tomas.lavalle@facebook.com,"28 de Enero",https://www.facebook.com/tomas.lavalle,,,"Ciudad Autónoma de Buenos Aires","Buenos Aires",Argentina,1582338086,"Cristian Andres Romano",,1
Federico,Ramos,federicoramosr@facebook.com,"28 de Enero",https://www.facebook.com/federicoRamosr,29,,"Ciudad Autónoma de Buenos Aires","Buenos Aires",Argentina,1195008778,"Sergio Acosta",,1
Sebastian,Azcurra,sebastian.azcurra.9@facebook.com,"28 de Enero",https://www.facebook.com/sebastian.azcurra.9,26,,"Ciudad Autónoma de Buenos Aires","Buenos Aires",Argentina,535716908,"Aldana Queirolo",https://www.facebook.com/aldana.queirolo,1
Martina,Isaurralde,martina.isaurralde.90@facebook.com,"28 de Enero",https://www.facebook.com/martina.isaurralde.90,24,,"Ciudad Autónoma de Buenos Aires","Buenos Aires",Argentina,100006854824143,"Catalina Plá Señorans",https://www.facebook.com/catalina.pla,1
No,"Canas Verdes",allmadinhere@facebook.com,"28 de Enero",https://www.facebook.com/AllMadInHere,23,,"Ciudad Autónoma de Buenos Aires","Buenos Aires",Argentina,100001001347590,"Ayelen Alumine Anahi",https://www.facebook.com/ashe.chabakana,1
Agustin,Cavalli,agustin.cavalli.188@facebook.com,"28 de Enero",https://www.facebook.com/agustin.cavalli.188,29,,"Ciudad Autónoma de Buenos Aires","Buenos Aires",Argentina,100005676000006,"Cristian Pluis",,1
Inés,Beraza,iberaza@facebook.com,"28 de Enero",https://www.facebook.com/iberaza,,,"Ciudad Autónoma de Buenos Aires","Buenos Aires",Argentina,736799599,"Manuela Villa",,1
Mar,Ponce,mar.l.ponce@facebook.com,"28 de Enero",https://www.facebook.com/mar.l.ponce,,,"Ciudad Autónoma de Buenos Aires","Buenos Aires",Argentina,100003220238762,"Ian Szejner",,1
Rochi,Lasnier,rochi.lasnier@facebook.com,"28 de Enero",https://www.facebook.com/rochi.lasnier,,"Buenos Aires","Buenos Aires","Buenos Aires",Argentina,1489572021,"Luciana Paione Oleszuk",0,1
Hand,Made,hand.made.3979489@facebook.com,"28 de Enero",https://www.facebook.com/hand.made.3979489,21,,"Ciudad Autónoma de Buenos Aires","Buenos Aires",Argentina,100002566559099,"Juli Sremac",https://www.facebook.com/juli.sremac,1
Aldii,Carp,aldii.carp.33@facebook.com,"28 de Enero",https://www.facebook.com/aldii.carp.33,,,"Ciudad Autónoma de Buenos Aires","Buenos Aires",Argentina,100001904596872,"Aylu Macchi",,1
Esteban,Zuccaro,esteban.zuccaro@facebook.com,"28 de Enero",https://www.facebook.com/esteban.zuccaro,,,"Ciudad Autónoma de Buenos Aires","Buenos Aires",Argentina,526401326,"Luciana Barcia",,1
"Silvana Lorena",Gomez,silvanalorena.gomez.9@facebook.com,"28 de Enero",https://www.facebook.com/silvanalorena.gomez.9,,,"Ciudad Autónoma de Buenos Aires","Buenos Aires",Argentina,100000684889281,"La Rockeria",https://www.facebook.com/oveja1,1
Daniel,"Meza Sanchez",daniel.mezasanchez@facebook.com,"28 de Enero",https://www.facebook.com/daniel.mezasanchez,,,"Ciudad Autónoma de Buenos Aires","Buenos Aires",Argentina,1062447903,"Gonzalo Bussetti",https://www.facebook.com/gonzalo.bussetti,1
Brian,Scott,brianleccascott@facebook.com,"28 de Enero",https://www.facebook.com/brianleccascott,27,"Buenos Aires","Buenos Aires","Buenos Aires",Argentina,100008346281124,"Peter GC",0,1
Ann,Fabrello,ann.fabrello@facebook.com,"28 de Enero",https://www.facebook.com/ann.fabrello,,,"Ciudad Autónoma de Buenos Aires","Buenos Aires",Argentina,1378772837,"Pablo Martène",https://www.facebook.com/pablomartene,1
Brendaa,Chiozza,brendaa.chiozza@facebook.com,"28 de Enero",https://www.facebook.com/brendaa.chiozza,,,"Ciudad Autónoma de Buenos Aires","Buenos Aires",Argentina,100001695697359,"Emiliano Pirolo",https://www.facebook.com/emi.pirolo,1
Sabrina,"Graña Berman",sabrina.granaberman@facebook.com,"28 de Enero",https://www.facebook.com/sabrina.granaberman,22,,"Ciudad Autónoma de Buenos Aires","Buenos Aires",Argentina,100000945690094,"Javier Potenza",,1
Maaya,Flores,maaya.flores@facebook.com,"28 de Enero",https://www.facebook.com/maaya.flores,22,,"Ciudad Autónoma de Buenos Aires","Buenos Aires",Argentina,100000523786382,"Apoyo Universitario",,1
Lucia,Gonzalez,luullii@facebook.com,"28 de Enero",https://www.facebook.com/LuulLii,,Chacarita,"Ciudad Autónoma de Buenos Aires","Buenos Aires",Argentina,100001817152623,"Atilio Fernandez",,1
Papo,"Aza Rab",akalionrootsboy@facebook.com,"28 de Enero",https://www.facebook.com/akalionrootsboy,,,"Ciudad Autónoma de Buenos Aires","Buenos Aires",Argentina,590555143,"Aldana Queirolo",https://www.facebook.com/aldana.queirolo,1
Liceo,Británico,lcb.liceobritanico@facebook.com,"28 de Enero",https://www.facebook.com/lcb.liceobritanico,,,"Ciudad Autónoma de Buenos Aires","Buenos Aires",Argentina,1642350787,"Mar Marignac",https://www.facebook.com/marina.marignac,1
Martina,Lucchelli,martina.lucchelli.9@facebook.com,"28 de Enero",https://www.facebook.com/martina.lucchelli.9,,,"Ciudad Autónoma de Buenos Aires","Buenos Aires",Argentina,1030064422,"Chanchi Martinez",https://www.facebook.com/chanchi.martinez,1
Elu,Leguizamón,elu.rockstar@facebook.com,"28 de Enero",https://www.facebook.com/elu.rockstar,,,"Ciudad Autónoma de Buenos Aires","Buenos Aires",Argentina,100000780525409,"Julieta Belen",,1
Vivamivida,Waldman,vivamivida.waldman@facebook.com,"28 de Enero",https://www.facebook.com/vivamivida.waldman,,,"Ciudad Autónoma de Buenos Aires","Buenos Aires",Argentina,100001159772301,"Flor Scalise",https://www.facebook.com/flor.scalise,1
Anabella,Luna,anabella.luna.37@facebook.com,"28 de Enero",https://www.facebook.com/anabella.luna.37,,,"Ciudad Autónoma de Buenos Aires","Buenos Aires",Argentina,1469437776,"Maria Pia Perez Brea",,1
Martina,Damelia,martina.damelia@facebook.com,"28 de Enero",https://www.facebook.com/martina.damelia,,,"Ciudad Autónoma de Buenos Aires","Buenos Aires",Argentina,1661545949,"Juan Cruz Albornoz",,1
La,"de Moreira",lacasademoreira@facebook.com,"28 de Enero",https://www.facebook.com/lacasademoreira,,,"Ciudad Autónoma de Buenos Aires","Buenos Aires",Argentina,100002286134671,"Marco Antonio Ciocca II",https://www.facebook.com/cioccamarco,1
Juan,Swinnen,juan.swinnen@facebook.com,"28 de Enero",https://www.facebook.com/juan.swinnen,21,,"Ciudad Autónoma de Buenos Aires","Buenos Aires",Argentina,1522358507,"Marti Nevares",https://www.facebook.com/martii.nevares,1
Chulank,"Dee Jays",beatmixshow@facebook.com,"28 de Enero",https://www.facebook.com/beatmixshow,25,,"Ciudad Autónoma de Buenos Aires","Buenos Aires",Argentina,100001504856745,"Carla Diaz",,1
Ana,Dibiasi,anitaabiasi@facebook.com,"28 de Enero",https://www.facebook.com/anitaabiasi,,,"Ciudad Autónoma de Buenos Aires","Buenos Aires",Argentina,100001077121726,"Fran L. Ocampo",https://www.facebook.com/franco,1
Iniciativa,Verde,prensa.iniciativaverde@facebook.com,"28 de Enero",https://www.facebook.com/prensa.iniciativaverde,21,,"Ciudad Autónoma de Buenos Aires","Buenos Aires",Argentina,1612946184,"Lucia Marti",https://www.facebook.com/luli.marti,1
Manuel,Orgaz,tenchyhatsushi@facebook.com,"28 de Enero",https://www.facebook.com/tenchyhatsushi,,,"Ciudad Autónoma de Buenos Aires","Buenos Aires",Argentina,1340925871,"Braii Venieri",https://www.facebook.com/BraianVenieri,1
