Nombre,Apellido,"Email Facebook",Cumpleaños,"Usuario Facebook",Edad,Barrio,Ciudad,Provincia,Pais,"ID Facebook","Amigo De","Amigo De (Usuario)",rebound
Florencia,Alvarez,florencia.alvarez.9404@facebook.com,"17 de Enero",https://www.facebook.com/florencia.alvarez.9404,24,,"Ciudad Autónoma de Buenos Aires","Buenos Aires",Argentina,1425246188,"Romina Dorza",https://www.facebook.com/rodorza,
Esteban,Borzone,eborzone@facebook.com,"17 de Enero",https://www.facebook.com/eborzone,23,,"Ciudad Autónoma de Buenos Aires","Buenos Aires",Argentina,1194686224,"Lucía Lopez Aleman",https://www.facebook.com/marialucialopezaleman,
Ana,Angelico,ana.angelico.1@facebook.com,"17 de Enero",https://www.facebook.com/ana.angelico.1,28,,"Ciudad Autónoma de Buenos Aires","Buenos Aires",Argentina,1728806697,"Eve Schiera",,
Victoria,Tofanelli,victoria.tofanelli@facebook.com,"17 de Enero",https://www.facebook.com/victoria.tofanelli,24,,"Ciudad Autónoma de Buenos Aires","Buenos Aires",Argentina,1015183772,"Melina Piovano",https://www.facebook.com/melipiovano,
Sa,Bottazzi,sa.bottazzi@facebook.com,"17 de Enero",https://www.facebook.com/sa.bottazzi,27,Array,"Ciudad Autónoma de Buenos Aires","Buenos Aires",Argentina,100001034728907,"Tiago Salvia",0,
Sol,Pernumian,sol.pernumian@facebook.com,"17 de Enero",https://www.facebook.com/sol.pernumian,22,,"Ciudad Autónoma de Buenos Aires","Buenos Aires",Argentina,852839875,"M Agustina Ciarla Quintana",https://www.facebook.com/magustina.quintana,
Brian,Muszkat,brian.muszkat@facebook.com,"17 de Enero",https://www.facebook.com/brian.muszkat,22,Flores,"Ciudad Autónoma de Buenos Aires","Distrito Federal",Argentina,1239495028,"Eve Schiera",,
Judith,"Espaziano Varano",judith.espaziano@facebook.com,"17 de Enero",https://www.facebook.com/judith.espaziano,25,"Buenos Aires","Buenos Aires","Buenos Aires",Argentina,686017263,"Fett Maidana",0,
Nicolas,Segovia,@facebook.com,"17 de Enero",https://www.facebook.com/profile.php?id=1384274094,24,,"Ciudad Autónoma de Buenos Aires","Buenos Aires",Argentina,1384274094,"Ezequiel Perez",,
Melisa,Aguiñaga,melisa.aguinaga@facebook.com,"17 de Enero",https://www.facebook.com/melisa.aguinaga,27,,"Ciudad Autónoma de Buenos Aires","Buenos Aires",Argentina,649753408,"Guille Maciá",https://www.facebook.com/guillemacia,
Nati,Spinelli,natispinelli@facebook.com,"17 de Enero",https://www.facebook.com/natispinelli,22,,"Ciudad Autónoma de Buenos Aires","Buenos Aires",Argentina,726204495,"Cami Papiccio",https://www.facebook.com/cami.papiccio,
Marian,Torres,marianbtorres@facebook.com,"17 de Enero",https://www.facebook.com/marianbtorres,21,,"Ciudad Autónoma de Buenos Aires","Buenos Aires",Argentina,100002518113202,"Javier Potenza",,
Nad,Colman,colmann@facebook.com,"17 de Enero",https://www.facebook.com/colmann,25,,"Ciudad Autónoma de Buenos Aires","Buenos Aires",Argentina,631900764,"Jobs Bar",https://www.facebook.com/jobsbar,
Gas,Eyewear,gas.eyewear@facebook.com,"17 de Enero",https://www.facebook.com/gas.eyewear,22,,"Ciudad Autónoma de Buenos Aires","Buenos Aires",Argentina,100000203736752,"Cynthia Tatiana Martinez Neves",https://www.facebook.com/cynthiatatiana.martinezne,
Federico,Higer,fedehiger@facebook.com,"17 de Enero",https://www.facebook.com/fedehiger,25,,"Ciudad Autónoma de Buenos Aires","Buenos Aires",Argentina,639274592,"Michelle Fingeret",https://www.facebook.com/michelle.fingeret,
Federico,Turrín,fedeivan@facebook.com,"17 de Enero",https://www.facebook.com/fedeivan,28,,"Ciudad Autónoma de Buenos Aires","Buenos Aires",Argentina,705091946,"Ignacio Lines Ceruti",https://www.facebook.com/ignacio.lines,
Ariel,Argüello,aarguelloo@facebook.com,"17 de Enero",https://www.facebook.com/aarguelloo,24,,"Ciudad Autónoma de Buenos Aires","Buenos Aires",Argentina,1069427420,"Jessica Bellomo",https://www.facebook.com/JessBellomo,
Magali,Lucia,magali.lucia.3@facebook.com,"17 de Enero",https://www.facebook.com/magali.lucia.3,28,"Villa Crespo","Ciudad Autónoma de Buenos Aires","Buenos Aires",Argentina,1198122669,"Gabriela Santoro",https://www.facebook.com/vgs141,
Mxartxnx,Wong,martinalexandeeer@facebook.com,"17 de Enero",https://www.facebook.com/MartinAlexandeeer,21,,"Ciudad Autónoma de Buenos Aires","Buenos Aires",Argentina,100001119722601,"Martín Álvarez BA I",https://www.facebook.com/Woody.Blair,
Agustin,"de la Torre",agustin.delatorre.33@facebook.com,"17 de Enero",https://www.facebook.com/agustin.delatorre.33,23,,"Ciudad Autónoma de Buenos Aires","Buenos Aires",Argentina,1407513522,"Axx Agustin",https://www.facebook.com/Ax.Agustin,
Agus,Gonzalez,agussngonzalez@facebook.com,"17 de Enero",https://www.facebook.com/AgussNGonzalez,23,,"Ciudad Autónoma de Buenos Aires","Buenos Aires",Argentina,1407880419,"Axx Agustin",https://www.facebook.com/Ax.Agustin,
Fiestas,BuenosAires,boliches.buenos@facebook.com,"17 de Enero",https://www.facebook.com/boliches.buenos,23,,"Ciudad Autónoma de Buenos Aires","Buenos Aires",Argentina,100004881878288,"Silvia Fernandez",https://www.facebook.com/silviafernandezchivi,
Francisco,Ayala,franayala10@facebook.com,"17 de Enero",https://www.facebook.com/franayala10,27,,"Ciudad Autónoma de Buenos Aires","Buenos Aires",Argentina,586882939,"Karen Vilariño",https://www.facebook.com/karen.vilarino,
Gimena,"Alvarez Cela",gimena.alvarezcela@facebook.com,"17 de Enero",https://www.facebook.com/gimena.alvarezcela,23,,"Ciudad Autónoma de Buenos Aires","Buenos Aires",Argentina,100002206293663,"Jessica Bellomo",https://www.facebook.com/JessBellomo,
Ivan,Bernasconi,ivan.b.bernasconi@facebook.com,"17 de Enero",https://www.facebook.com/ivan.b.bernasconi,27,"Buenos Aires","Buenos Aires","Buenos Aires",Argentina,827680163,"Alejandro Dixon",0,
"Alfredo Steffano",Showman,alfredosteffano@facebook.com,"17 de Enero",https://www.facebook.com/ALFREDOSTEFFANO,24,Array,"Ciudad Autónoma de Buenos Aires","Buenos Aires",Argentina,100001599191805,"Alan Yun",0,
María,Carrasco,mbelencarrasco@facebook.com,"17 de Enero",https://www.facebook.com/mbelencarrasco,28,,"Ciudad Autónoma de Buenos Aires","Buenos Aires",Argentina,579583190,"Jimena Zaccardi",https://www.facebook.com/Jimediab,
Alis,Argento,aliciabelen.argentero@facebook.com,"17 de Enero",https://www.facebook.com/aliciabelen.argentero,28,,"Ciudad Autónoma de Buenos Aires","Buenos Aires",Argentina,1169388373,"Nataly Cuerva",https://www.facebook.com/nataliagtrujillo,
Ivan,Ciocca,ivan.ciocca.5@facebook.com,"17 de Enero",https://www.facebook.com/ivan.ciocca.5,28,,"Ciudad Autónoma de Buenos Aires","Buenos Aires",Argentina,1171775825,"Nataly Cuerva",https://www.facebook.com/nataliagtrujillo,
Constanza,"Borio Ruiz",constanza.borioruiz@facebook.com,"17 de Enero",https://www.facebook.com/constanza.borioruiz,23,"San Telmo","Ciudad Autónoma de Buenos Aires","Buenos Aires",Argentina,1136768489,"Jonathan Julian",,
Gaston,Perry,gatto0@facebook.com,"17 de Enero",https://www.facebook.com/gatto0,22,,"Ciudad Autónoma de Buenos Aires","Buenos Aires",Argentina,1009951845,"Pala Falguera",,
Harley,Quinn,,"17 de Enero",https://www.facebook.com/profile.php?id=100007929578937,23,"Buenos Aires","Buenos Aires","Buenos Aires",Argentina,100007929578937,"Alan Yun",0,
Sole,Angulo,sole.angulo@facebook.com,"17 de Enero",https://www.facebook.com/sole.angulo,22,,"Ciudad Autónoma de Buenos Aires","Buenos Aires",Argentina,1101402589,"Emiliano Cazanetz Dick",https://www.facebook.com/emiliano.cazanetzdick,
"Alfredo Steffano",Showman,alfredosteffano.internationalartisticproductions@f,"17 de Enero",https://www.facebook.com/ALFREDOSTEFFANO.INTERNATIONALARTISTICPRODUCTIONS,24,Array,"Ciudad Autónoma de Buenos Aires","Buenos Aires",Argentina,100001743876479,"Alan Yun",0,
Flor,Azpiazu,flor.azpiaz@facebook.com,"17 de Enero",https://www.facebook.com/flor.azpiaz,22,,"Ciudad Autónoma de Buenos Aires","Buenos Aires",Argentina,805084059,"Guido Moncayo",https://www.facebook.com/guido.moncayo,
Lukeer,Showroom,bylukeer@facebook.com,"17 de Enero",https://www.facebook.com/bylukeer,28,,"Ciudad Autónoma de Buenos Aires","Buenos Aires",Argentina,1473915303,"Divino Vestuario Salve",https://www.facebook.com/salvedivinovestuario,
Valerz,Baschera,valerz.b@facebook.com,"17 de Enero",https://www.facebook.com/Valerz.B,24,,"Ciudad Autónoma de Buenos Aires","Buenos Aires",Argentina,1548243852,"July Jaluff",https://www.facebook.com/july.jaluff,
Natura,Recoleta,cn.natura.3@facebook.com,"17 de Enero",https://www.facebook.com/cn.natura.3,25,,"Ciudad Autónoma de Buenos Aires","Buenos Aires",Argentina,100003321564177,"Noelia Juskiewicz",https://www.facebook.com/noelia.juskiewicz,
Ile,Cetrangolo,ile.cetrangolo@facebook.com,"17 de Enero",https://www.facebook.com/ile.cetrangolo,28,,"Ciudad Autónoma de Buenos Aires","Buenos Aires",Argentina,639224796,"Federico Tonero",https://www.facebook.com/fedeton,
Flor,Straccio,flor.straccio@facebook.com,"17 de Enero",https://www.facebook.com/flor.straccio,25,,"Ciudad Autónoma de Buenos Aires","Buenos Aires",Argentina,100000125772359,"Belu Pagliettini",https://www.facebook.com/belu.pagliettini,
Cami,Luchi,camila.demaio.9@facebook.com,"17 de Enero",https://www.facebook.com/camila.demaio.9,21,,"Ciudad Autónoma de Buenos Aires","Buenos Aires",Argentina,100002552292684,"Romy Escudero",https://www.facebook.com/romina.escudero,
Marysol,Mercatante,marysol.mercatante@facebook.com,"17 de Enero",https://www.facebook.com/marysol.mercatante,27,,"Ciudad Autónoma de Buenos Aires","Buenos Aires",Argentina,100000309536855,"Roxana Cecilia Moyano",https://www.facebook.com/roxana.moyano,
Franco,Kol,franco.kol@facebook.com,"17 de Enero",https://www.facebook.com/franco.kol,27,,"Ciudad Autónoma de Buenos Aires","Buenos Aires",Argentina,1272667666,"Chanchi Martinez",https://www.facebook.com/chanchi.martinez,
Gonzalo,"de Lasa",gonzalo.delasa@facebook.com,"17 de Enero",https://www.facebook.com/gonzalo.delasa,23,,"Ciudad Autónoma de Buenos Aires","Buenos Aires",Argentina,1077034443,"Mar Marignac",https://www.facebook.com/marina.marignac,
"María Florencia",Giovanelli,florencia.giovanelli@facebook.com,"17 de Enero",https://www.facebook.com/florencia.giovanelli,25,,"Ciudad Autónoma de Buenos Aires","Buenos Aires",Argentina,598918161,"Santiago Villanueva",https://www.facebook.com/santiago.villanueva,
Ari,Font,ari.font1@facebook.com,"17 de Enero",https://www.facebook.com/ari.font1,28,,"Ciudad Autónoma de Buenos Aires","Buenos Aires",Argentina,500080792,"Melanie Azar",,
Leonel,"Sorrentino Cantante-Actor",leonel.sorrentino@facebook.com,"17 de Enero",https://www.facebook.com/leonel.sorrentino,25,,"Ciudad Autónoma de Buenos Aires","Buenos Aires",Argentina,733655628,"Sele Raimundo",https://www.facebook.com/sele.raimundo,
Juli,Ypunto,juli.ypunto@facebook.com,"17 de Enero",https://www.facebook.com/juli.ypunto,27,,"Ciudad Autónoma de Buenos Aires","Buenos Aires",Argentina,649473449,"Felicitas Ghigliotti",https://www.facebook.com/felicitas.ghigliotti,
Samantha,"Alvarez Gandi",samantha.alvarezgandi@facebook.com,"17 de Enero",https://www.facebook.com/samantha.alvarezgandi,23,,"Ciudad Autónoma de Buenos Aires","Buenos Aires",Argentina,661449098,"Jochuu Rodriguez Linck",https://www.facebook.com/jochuu.rodriguezlinck,
Facundo,Iglesias,facu.iglesias.rcw@facebook.com,"17 de Enero",https://www.facebook.com/Facu.Iglesias.rcw,21,Flores,"Ciudad Autónoma de Buenos Aires","Distrito Federal",Argentina,1339238911,"Matias Duarte",,
Pilar,Distefano,pilar.distefano.9@facebook.com,"17 de Enero",https://www.facebook.com/pilar.distefano.9,22,,"Ciudad Autónoma de Buenos Aires","Buenos Aires",Argentina,750448847,"Axx Agustin",https://www.facebook.com/Ax.Agustin,
Florencia,"Martinez Dobosz",florencia.martinezdobosz@facebook.com,"17 de Enero",https://www.facebook.com/florencia.martinezdobosz,23,"Villa Crespo","Ciudad Autónoma de Buenos Aires","Buenos Aires",Argentina,769901951,"Axx Agustin",https://www.facebook.com/Ax.Agustin,
Clara,Flynn,clara.flynn.9@facebook.com,"17 de Enero",https://www.facebook.com/clara.flynn.9,23,,"Ciudad Autónoma de Buenos Aires","Buenos Aires",Argentina,638819422,"Valentino Fabre",https://www.facebook.com/valenfabre,
Rocio,Vaquer,rocio.vaquer@facebook.com,"17 de Enero",https://www.facebook.com/rocio.vaquer,28,,"Ciudad Autónoma de Buenos Aires","Buenos Aires",Argentina,665921326,"Eugenia Vega",https://www.facebook.com/eugenitavega,
María,Delamónica,maria.delamonica@facebook.com,"17 de Enero",https://www.facebook.com/maria.delamonica,28,,"Ciudad Autónoma de Buenos Aires","Buenos Aires",Argentina,751381809,"Luciana Barcia",,
Cristian,Oballe,cristian.oballe@facebook.com,"17 de Enero",https://www.facebook.com/cristian.oballe,24,,"Ciudad Autónoma de Buenos Aires","Buenos Aires",Argentina,1064137922,"Santiago Villanueva",https://www.facebook.com/santiago.villanueva,
Lucho,Delorenzi,lgdelorenzi@facebook.com,"17 de Enero",https://www.facebook.com/lgdelorenzi,23,,"Ciudad Autónoma de Buenos Aires","Buenos Aires",Argentina,555605616,"Bernardo Cura Bonazzola",https://www.facebook.com/bernardocurabonazzola,
Maxi,Potenza,chiinii7oh@facebook.com,"17 de Enero",https://www.facebook.com/Chiinii7oh,27,"Villa Pueyrredón","Ciudad Autónoma de Buenos Aires","Buenos Aires",Argentina,1294665967,"Ramiro Prieto",,
Gonzalo,Lorenzo,gonzalo.lorenzo.771@facebook.com,"17 de Enero",https://www.facebook.com/gonzalo.lorenzo.771,22,,"Ciudad Autónoma de Buenos Aires","Buenos Aires",Argentina,725149022,"Sol Bettoni",,
Federico,Raimundo,fraimundo@facebook.com,"17 de Enero",https://www.facebook.com/fraimundo,28,,"Ciudad Autónoma de Buenos Aires","Buenos Aires",Argentina,1091496058,"Florencia Pulicari",https://www.facebook.com/florencia.pulicari,
Facundo,Manzi,facundomanzi86@facebook.com,"17 de Enero",https://www.facebook.com/facundomanzi86,28,,"Ciudad Autónoma de Buenos Aires","Buenos Aires",Argentina,676727586,"Marina Castagnino",https://www.facebook.com/castagnino,
Sabrina,"Natura Cosmeticos",sabrina.naturacosmeticos@facebook.com,"17 de Enero",https://www.facebook.com/sabrina.naturacosmeticos,27,,"Ciudad Autónoma de Buenos Aires","Buenos Aires",Argentina,100005381348906,"Malvi Ovando",https://www.facebook.com/malvi.ovando,
Rochi,Maccio,ro.chi.90@facebook.com,"17 de Enero",https://www.facebook.com/ro.chi.90,24,"Parque Chas","Ciudad Autónoma de Buenos Aires","Distrito Federal",Argentina,100001984295987,"Facu Denegri",,
Anshy,Baro,anshy77@facebook.com,"17 de Enero",https://www.facebook.com/anshy77,27,,"Ciudad Autónoma de Buenos Aires","Buenos Aires",Argentina,1239456693,"Kar Elizabeth Avila",https://www.facebook.com/Kaari94,
Pablo,Regueiro,pappo1986@facebook.com,"16 de Enero",https://www.facebook.com/pappo1986,28,,"Ciudad Autónoma de Buenos Aires","Buenos Aires",Argentina,1013740616,"Vanesa Myrna Ojeda",,
Natalia,Ricardi,natalia.ricardi@facebook.com,"16 de Enero",https://www.facebook.com/natalia.ricardi,25,,"Ciudad Autónoma de Buenos Aires","Buenos Aires",Argentina,100002035416669,"Rocio Mayo",https://www.facebook.com/marinirocio,
Damian,Moon,damian.moon@facebook.com,"16 de Enero",https://www.facebook.com/damian.moon,26,"Buenos Aires","Buenos Aires","Buenos Aires",Argentina,1039340463,"Alan Yun",0,
Federico,Sevilla,federico.sevilla.3@facebook.com,"16 de Enero",https://www.facebook.com/federico.sevilla.3,23,,"Ciudad Autónoma de Buenos Aires","Buenos Aires",Argentina,1612068675,"Marti Nevares",https://www.facebook.com/martii.nevares,
Jenny,Moina,jennifer.moina@facebook.com,"16 de Enero",https://www.facebook.com/jennifer.moina,23,"Buenos Aires","Buenos Aires","Buenos Aires",Argentina,100001397096700,"Martu Lehmann",0,
Alejandro,Agustin,alejandro.agustin.54@facebook.com,"16 de Enero",https://www.facebook.com/alejandro.agustin.54,27,,"Ciudad Autónoma de Buenos Aires","Buenos Aires",Argentina,695715374,"Florencia Ferrari",https://www.facebook.com/florenciaferrari.1403,
Paula,Durand,paula.durandd@facebook.com,"16 de Enero",https://www.facebook.com/paula.durandd,23,,"Ciudad Autónoma de Buenos Aires","Buenos Aires",Argentina,1113013600,"Juan Antonio Papagni Meca",https://www.facebook.com/juanantoniopapagnimeca,
Milagros,Gaona,mili.gaona@facebook.com,"16 de Enero",https://www.facebook.com/mili.gaona,23,,"Ciudad Autónoma de Buenos Aires","Buenos Aires",Argentina,655169561,"Micu Mc Hardy",https://www.facebook.com/micu.hardy,
Rocío,Alonso,ro.alonso.16@facebook.com,"16 de Enero",https://www.facebook.com/ro.alonso.16,21,,"Ciudad Autónoma de Buenos Aires","Buenos Aires",Argentina,1136208392,"Matias Duarte",,
Ninos,Vimos,abelardaromano@facebook.com,"16 de Enero",https://www.facebook.com/abelardaromano,24,"Buenos Aires","Buenos Aires","Buenos Aires",Argentina,1387810272,"Sofia Reinoso",0,
Germán,Martínez,german.martinez.35912672@facebook.com,"16 de Enero",https://www.facebook.com/german.martinez.35912672,28,,"Ciudad Autónoma de Buenos Aires","Buenos Aires",Argentina,100005754576034,"Ianina Daniela Castillo",https://www.facebook.com/ianina.castillo,
"Romi Cabral",Ro,romicabral.ro@facebook.com,"16 de Enero",https://www.facebook.com/romicabral.ro,25,,"Ciudad Autónoma de Buenos Aires","Buenos Aires",Argentina,1460981438,"Chechu Acea",,
Paula,"Paretto Iglesias",paula.parettoiglesias@facebook.com,"16 de Enero",https://www.facebook.com/paula.parettoiglesias,28,,"Ciudad Autónoma de Buenos Aires","Buenos Aires",Argentina,100003488597014,"Sergio Acosta",,
Sofia,Laurito,sofiamicaelalaurito@facebook.com,"16 de Enero",https://www.facebook.com/sofiamicaelalaurito,21,,"Ciudad Autónoma de Buenos Aires","Buenos Aires",Argentina,1222314711,"Nicolás García",https://www.facebook.com/Niccccccccco,
Luli,Piris,lu.piris@facebook.com,"16 de Enero",https://www.facebook.com/Lu.Piris,23,,"Ciudad Autónoma de Buenos Aires","Buenos Aires",Argentina,1438302268,"Fran L. Ocampo",https://www.facebook.com/franco,
Sergio,Bahamon,sergio.bahamon.98@facebook.com,"16 de Enero",https://www.facebook.com/sergio.bahamon.98,25,,"Ciudad Autónoma de Buenos Aires","Buenos Aires",Argentina,570540960,"Pato Pagano",https://www.facebook.com/pato.p111,
Nacho,Coelho,nachocoelho96@facebook.com,"16 de Enero",https://www.facebook.com/nachocoelho96,21,,"Ciudad Autónoma de Buenos Aires","Buenos Aires",Argentina,1380690868,"Martin Olmedo",,
Felipe,Luis,felipee.luis@facebook.com,"16 de Enero",https://www.facebook.com/felipee.luis,22,,"Ciudad Autónoma de Buenos Aires","Buenos Aires",Argentina,738629089,"Joaco Alvarez Amuchástegui",,
Macarena,Belaunzaran,maqui.belaunzaran@facebook.com,"16 de Enero",https://www.facebook.com/maqui.belaunzaran,23,"Nueva Pompeya","Ciudad Autónoma de Buenos Aires","Buenos Aires",Argentina,626147189,"Lucas Funes",https://www.facebook.com/SkriLef14,
Anabella,Bianchi,anabella.bianchi.7@facebook.com,"16 de Enero",https://www.facebook.com/anabella.bianchi.7,27,"Parque Chacabuco","Ciudad Autónoma de Buenos Aires","Buenos Aires",Argentina,613914817,"Gabriela Rosito",https://www.facebook.com/gabriela.rosito,
Nicolas,Spuch,nicolas.spuch@facebook.com,"16 de Enero",https://www.facebook.com/nicolas.spuch,23,,"Ciudad Autónoma de Buenos Aires","Buenos Aires",Argentina,1070552589,"Nano Vaquer",,
Gallagher,Arg,gallagher.arg@facebook.com,"16 de Enero",https://www.facebook.com/gallagher.arg,26,,"Ciudad Autónoma de Buenos Aires","Buenos Aires",Argentina,100000891294155,"Camila Gonzalez C",https://www.facebook.com/letmerocknrollyou,
Aldana,Casas,aldana.casas.3@facebook.com,"16 de Enero",https://www.facebook.com/aldana.casas.3,26,"Villa Crespo","Ciudad Autónoma de Buenos Aires","Buenos Aires",Argentina,1644746172,"Sele Raimundo",https://www.facebook.com/sele.raimundo,
Patricio,Jaeschke,patricio.jaeschke@facebook.com,"16 de Enero",https://www.facebook.com/patricio.jaeschke,28,,"Ciudad Autónoma de Buenos Aires","Buenos Aires",Argentina,693451533,"Martin Olmedo",,
Ezequiel,Mesyngier,ezequiel.mesyngier@facebook.com,"16 de Enero",https://www.facebook.com/ezequiel.mesyngier,24,,"Ciudad Autónoma de Buenos Aires","Buenos Aires",Argentina,600480473,"Ana Glinberg",https://www.facebook.com/ana.glinberg,
Martin,Mokotoff,martin.mokotoff@facebook.com,"16 de Enero",https://www.facebook.com/martin.mokotoff,22,,"Ciudad Autónoma de Buenos Aires","Buenos Aires",Argentina,833578918,"Mili Mauro",https://www.facebook.com/milimauro,
Anita,Perez,anita.perez3@facebook.com,"16 de Enero",https://www.facebook.com/anita.perez3,28,Array,"Ciudad Autónoma de Buenos Aires","Buenos Aires",Argentina,1144466687,"Juan Pablo Aleman",0,
Johanna,Salem,johanna.salem.9@facebook.com,"16 de Enero",https://www.facebook.com/johanna.salem.9,22,,"Ciudad Autónoma de Buenos Aires","Buenos Aires",Argentina,793249394,"Ana Glinberg",https://www.facebook.com/ana.glinberg,
Vicky,Pasini,vicky.pasini.9@facebook.com,"16 de Enero",https://www.facebook.com/vicky.pasini.9,24,,"Ciudad Autónoma de Buenos Aires","Buenos Aires",Argentina,641370334,"Ignacio Busquiazo",https://www.facebook.com/ignacio.busquiazo,
Alexis,Bogado,alexis.bogado.3@facebook.com,"16 de Enero",https://www.facebook.com/alexis.bogado.3,26,,"Ciudad Autónoma de Buenos Aires","Buenos Aires",Argentina,1406013719,"Cynthia Tatiana Martinez Neves",https://www.facebook.com/cynthiatatiana.martinezne,
Francisco,Benvenuto,francisco.benvenuto@facebook.com,"16 de Enero",https://www.facebook.com/francisco.benvenuto,23,,"Ciudad Autónoma de Buenos Aires","Buenos Aires",Argentina,552111452,"Valentino Fabre",https://www.facebook.com/valenfabre,
Florencia,Luna,florencia.luna.54@facebook.com,"16 de Enero",https://www.facebook.com/florencia.luna.54,27,,"Ciudad Autónoma de Buenos Aires","Buenos Aires",Argentina,1555651264,"Natalia Landa",,
Melisa,Degui,melisa.degui@facebook.com,"16 de Enero",https://www.facebook.com/melisa.degui,23,,"Ciudad Autónoma de Buenos Aires","Buenos Aires",Argentina,607148695,"Fede Martino",,
"Ana Sofía","Páez Bravo",anasofia.paezbravo@facebook.com,"16 de Enero",https://www.facebook.com/anasofia.paezbravo,24,,"Ciudad Autónoma de Buenos Aires","Buenos Aires",Argentina,622703328,"China Barreiro",,
Camilo,Mojica,diege4012@facebook.com,"16 de Enero",https://www.facebook.com/DIEGE4012,23,,"Ciudad Autónoma de Buenos Aires","Buenos Aires",Argentina,1228159402,"Silvia Fernandez",https://www.facebook.com/silviafernandezchivi,
Noe,Cano,noelia.mandarine.listas@facebook.com,"16 de Enero",https://www.facebook.com/noelia.mandarine.listas,28,"Villa Luro","Ciudad Autónoma de Buenos Aires","Buenos Aires",Argentina,1561831405,"Mili Mauro",https://www.facebook.com/milimauro,
Tomas,Bourdieu,tomas.bourdieu@facebook.com,"16 de Enero",https://www.facebook.com/tomas.bourdieu,21,,"Ciudad Autónoma de Buenos Aires","Buenos Aires",Argentina,599716294,"Marcelo Braun Menendez",,
Camila,Ferrari,ferrari.camila@facebook.com,"16 de Enero",https://www.facebook.com/ferrari.camila,22,,"Ciudad Autónoma de Buenos Aires","Buenos Aires",Argentina,654456028,"Rochi Christensen",https://www.facebook.com/rochi.christensen,
Romina,Bustelo,romina.bustelo.7@facebook.com,"16 de Enero",https://www.facebook.com/romina.bustelo.7,27,,"Ciudad Autónoma de Buenos Aires","Buenos Aires",Argentina,1317347771,"Mauro Napole",https://www.facebook.com/maurinapole,
Pelu,Iglesias,pelu.iglesias@facebook.com,"16 de Enero",https://www.facebook.com/pelu.iglesias,21,,"Ciudad Autónoma de Buenos Aires","Buenos Aires",Argentina,100000392564641,"Clara Ryan",https://www.facebook.com/clariryaneventos,
Grupo,AnimArte,grupo.animarte.77@facebook.com,"16 de Enero",https://www.facebook.com/grupo.animarte.77,22,,"Ciudad Autónoma de Buenos Aires","Buenos Aires",Argentina,100005749332311,"Luli Torres",,
Martin,Calomino,mcalomino@facebook.com,"16 de Enero",https://www.facebook.com/mcalomino,25,,"Ciudad Autónoma de Buenos Aires","Buenos Aires",Argentina,1074255951,"Fiestas Baires",,
Nacho,Yofre,nachito.yofre@facebook.com,"16 de Enero",https://www.facebook.com/nachito.yofre,23,,"Ciudad Autónoma de Buenos Aires","Buenos Aires",Argentina,701364889,"M Agustina Ciarla Quintana",https://www.facebook.com/magustina.quintana,
Yanina,Monferrer,sh.campanita@facebook.com,"16 de Enero",https://www.facebook.com/sh.campanita,23,,"Ciudad Autónoma de Buenos Aires","Buenos Aires",Argentina,1133893077,"Dorian Mori",https://www.facebook.com/Dorian.Mori,
Julieta,Durand,juli.durand@facebook.com,"16 de Enero",https://www.facebook.com/juli.durand,23,,"Ciudad Autónoma de Buenos Aires","Buenos Aires",Argentina,1155438842,"Joni Aires",https://www.facebook.com/joniaires,
Fermín,Paús,,"16 de Enero",https://www.facebook.com/profile.php?id=777403459,28,"Buenos Aires","Buenos Aires","Buenos Aires",Argentina,777403459,"Camila Dubarry",0,
Noe,Melgin,noe.melgin@facebook.com,"16 de Enero",https://www.facebook.com/noe.melgin,24,,"Ciudad Autónoma de Buenos Aires","Buenos Aires",Argentina,1351807686,"Ayu Casanova",,
Saints,Bar,saints.bar@facebook.com,"16 de Enero",https://www.facebook.com/saints.bar,28,,"Ciudad Autónoma de Buenos Aires","Buenos Aires",Argentina,1226027650,"Natalia Magariello",https://www.facebook.com/natalia.magariello,
Vir,Garcia,vir.akd@facebook.com,"16 de Enero",https://www.facebook.com/vir.akd,27,"Buenos Aires","Buenos Aires","Buenos Aires",Argentina,1049244670,"Charly Ruez",0,
Flor,Lopez,@facebook.com,"16 de Enero",https://www.facebook.com/profile.php?id=100001370271735,25,,"Ciudad Autónoma de Buenos Aires","Buenos Aires",Argentina,100001370271735,"Ale Arias Mandarine Park",,
Carlos,Gutierrez,@facebook.com,"16 de Enero",https://www.facebook.com/profile.php?id=100000455015626,27,,"Ciudad Autónoma de Buenos Aires","Buenos Aires",Argentina,100000455015626,"Alejandro Cocktila Acosta",https://www.facebook.com/alejandro.acosta,
Ale,Rivera,adr46@facebook.com,"16 de Enero",https://www.facebook.com/adr46,26,"Villa Pueyrredón","Ciudad Autónoma de Buenos Aires","Buenos Aires",Argentina,841168544,"Lupe Dávalos",https://www.facebook.com/guadinight,
Guille,Contreras,guicontreras@facebook.com,"16 de Enero",https://www.facebook.com/guicontreras,27,"San Telmo","Ciudad Autónoma de Buenos Aires","Buenos Aires",Argentina,100001843510241,"Cristian Fernandez Villamor",https://www.facebook.com/cristian.fernandezvillamo,
Carolina,Rossi,carolina.rossi.7370@facebook.com,"16 de Enero",https://www.facebook.com/carolina.rossi.7370,22,,"Ciudad Autónoma de Buenos Aires","Buenos Aires",Argentina,1122716528,"Agustin Justin",https://www.facebook.com/Agustin.Justin,
Sebastian,Spinogatti,@facebook.com,"16 de Enero",https://www.facebook.com/profile.php?id=1604780282,23,,"Ciudad Autónoma de Buenos Aires","Buenos Aires",Argentina,1604780282,"Mar Marignac",https://www.facebook.com/marina.marignac,
Martin,Nievas,martin.nievas.12@facebook.com,"16 de Enero",https://www.facebook.com/martin.nievas.12,26,,"Ciudad Autónoma de Buenos Aires","Buenos Aires",Argentina,1109983916,"Ramiro Prieto",,
Deivid,Aurio,deivid.aurio@facebook.com,"16 de Enero",https://www.facebook.com/deivid.aurio,27,,"Ciudad Autónoma de Buenos Aires","Buenos Aires",Argentina,577134381,"Flor Scalise",https://www.facebook.com/flor.scalise,
Noe,Abad,noe.abad.96@facebook.com,"16 de Enero",https://www.facebook.com/noe.abad.96,28,,"Ciudad Autónoma de Buenos Aires","Buenos Aires",Argentina,1020478722,"Florencia Garré",https://www.facebook.com/florencia.garre,
Nico,Alais,nico.alais@facebook.com,"16 de Enero",https://www.facebook.com/nico.alais,24,,"Ciudad Autónoma de Buenos Aires","Buenos Aires",Argentina,777944707,"Natalia Rosensvaich",https://www.facebook.com/Rochen,
Il,Chinoo,arielfernandom@facebook.com,"16 de Enero",https://www.facebook.com/arielfernandom,28,"Buenos Aires","Buenos Aires","Buenos Aires",Argentina,1314073578,"Augusto Lios",0,
Nati,Sol,natii.sol3@facebook.com,"16 de Enero",https://www.facebook.com/natii.sol3,28,,"Ciudad Autónoma de Buenos Aires","Buenos Aires",Argentina,100001853425651,"Fede Martinez",https://www.facebook.com/fedemartinez17,
Carolina,Cabrera,carolina.cabrera.583@facebook.com,"16 de Enero",https://www.facebook.com/carolina.cabrera.583,27,Recoleta,"Ciudad Autónoma de Buenos Aires","Buenos Aires",Argentina,1598565876,"Flor Drinc",https://www.facebook.com/flor.drinc,
Facu,Sapienza,facu.sapienza@facebook.com,"16 de Enero",https://www.facebook.com/facu.sapienza,22,,"Ciudad Autónoma de Buenos Aires","Buenos Aires",Argentina,658971101,"Marcelo Braun Menendez",,
Emiliano,Agustín,eminetquilmes@facebook.com,"16 de Enero",https://www.facebook.com/eminetquilmes,28,,"Ciudad Autónoma de Buenos Aires","Buenos Aires",Argentina,1461072018,"Ayu Casanova",,
Natalia,Indelicato,natalia.indelicato@facebook.com,"16 de Enero",https://www.facebook.com/natalia.indelicato,26,,"Ciudad Autónoma de Buenos Aires","Buenos Aires",Argentina,705463546,"Camila Perelló",https://www.facebook.com/camiperello,
Florencia,"Gonzalez Echaniz",florencia.gonzalezechaniz@facebook.com,"16 de Enero",https://www.facebook.com/florencia.gonzalezechaniz,26,,"Ciudad Autónoma de Buenos Aires","Buenos Aires",Argentina,1431558412,"Maria Emilia Lopez Fonseca",,
Agustina,Eden,agustina.eden@facebook.com,"16 de Enero",https://www.facebook.com/agustina.eden,28,"Buenos Aires","Buenos Aires","Buenos Aires",Argentina,679085473,"Mechi Alvarez Estrada",0,
Claudia,Gabriela,claudia.gabriela.792@facebook.com,"16 de Enero",https://www.facebook.com/claudia.gabriela.792,25,,"Ciudad Autónoma de Buenos Aires","Buenos Aires",Argentina,600757172,"Charly Ruez",https://www.facebook.com/charly.ruez,
Priscila,Aguilar,,"16 de Enero",https://www.facebook.com/profile.php?id=100004158273736,25,"Buenos Aires","Buenos Aires","Buenos Aires",Argentina,100004158273736,"Gabriella Rouiller",0,
Martin,Debaser,martin.debaser@facebook.com,"16 de Enero",https://www.facebook.com/martin.debaser,24,,"Ciudad Autónoma de Buenos Aires","Buenos Aires",Argentina,100000308791205,"Babi Linares",https://www.facebook.com/babi.linares,
Nati,Eckstein,nati.eckstein@facebook.com,"16 de Enero",https://www.facebook.com/nati.eckstein,22,,"Ciudad Autónoma de Buenos Aires","Buenos Aires",Argentina,547258224,"Juan Martin Segre",https://www.facebook.com/juan.segre,
Tini,Santamaria,tini.santamaria@facebook.com,"16 de Enero",https://www.facebook.com/tini.santamaria,25,,"Ciudad Autónoma de Buenos Aires","Buenos Aires",Argentina,1478888233,"Sumatra Shows",https://www.facebook.com/sumatrashows,
Matias,Marquez,maticitoooooooooo@facebook.com,"16 de Enero",https://www.facebook.com/Maticitoooooooooo,23,,"Ciudad Autónoma de Buenos Aires","Buenos Aires",Argentina,619453835,"Agustina Del Rosario Anzisi",https://www.facebook.com/AgustinadelRosario,
Leandro,Oliver,maridos.artesanos@facebook.com,"16 de Enero",https://www.facebook.com/maridos.artesanos,21,,"Ciudad Autónoma de Buenos Aires","Buenos Aires",Argentina,100002577262692,"Celeste Heli",https://www.facebook.com/celeste.heli,
Bastian,Gonzales,bastian.gonzales.127@facebook.com,"16 de Enero",https://www.facebook.com/bastian.gonzales.127,23,,"Ciudad Autónoma de Buenos Aires","Buenos Aires",Argentina,100001495646534,"Aniita Canta",https://www.facebook.com/Aniita.Canta,
Julieta,Zara,julieta.zara.5@facebook.com,"16 de Enero",https://www.facebook.com/julieta.zara.5,24,"Buenos Aires","Buenos Aires","Buenos Aires",Argentina,799304696,"Charly Ruez",0,
Mily,Sosa,mily.sosa.39@facebook.com,"16 de Enero",https://www.facebook.com/mily.sosa.39,27,,"Ciudad Autónoma de Buenos Aires","Buenos Aires",Argentina,1385708483,"Pau Britez",https://www.facebook.com/pau.britez,
Josefina,Silveyra,josefinasilveyra1@facebook.com,"16 de Enero",https://www.facebook.com/JosefinaSilveyra1,21,,"Ciudad Autónoma de Buenos Aires","Buenos Aires",Argentina,727911445,"Aniita Canta",https://www.facebook.com/Aniita.Canta,
"Maria Sol",Carrera,msolcarrera@facebook.com,"16 de Enero",https://www.facebook.com/msolcarrera,25,,"Ciudad Autónoma de Buenos Aires","Buenos Aires",Argentina,100000247453868,"Mauro Napole",https://www.facebook.com/maurinapole,
Marcos,Saggin,camelmar@facebook.com,"16 de Enero",https://www.facebook.com/Camelmar,27,,"Ciudad Autónoma de Buenos Aires","Buenos Aires",Argentina,855724286,"Tia Lu",https://www.facebook.com/vivardo.lucia,
Facundo,Gomez,facundo.gomez.393@facebook.com,"16 de Enero",https://www.facebook.com/facundo.gomez.393,27,,"Ciudad Autónoma de Buenos Aires","Buenos Aires",Argentina,1104307038,"Chelu Chavez",https://www.facebook.com/chelu.chavez,
Cami,Ribeiro,camimendesribeiro@facebook.com,"16 de Enero",https://www.facebook.com/CamiMendesribeiro,22,,"Ciudad Autónoma de Buenos Aires","Buenos Aires",Argentina,840163607,"Flor Scalise",https://www.facebook.com/flor.scalise,
Habita,Estudiantes,habitaestudiantes@facebook.com,"16 de Enero",https://www.facebook.com/habitaestudiantes,24,"San Telmo","Ciudad Autónoma de Buenos Aires","Buenos Aires",Argentina,100001699360153,"David Zalasar",https://www.facebook.com/Davidcocktails,
Emanuell,Libertino,emanuellibertino@facebook.com,"16 de Enero",https://www.facebook.com/emanuellibertino,23,,"Ciudad Autónoma de Buenos Aires","Buenos Aires",Argentina,1242582917,"Aldana Queirolo",https://www.facebook.com/aldana.queirolo,
Jorge,Benassini,jbenassini@facebook.com,"16 de Enero",https://www.facebook.com/jbenassini,27,,"Ciudad Autónoma de Buenos Aires","Buenos Aires",Argentina,609175174,"Felipe Cianciarulo",https://www.facebook.com/fcianciarulo,
"Gisele Ailin",Rega,giseleailin.rega@facebook.com,"16 de Enero",https://www.facebook.com/giseleailin.rega,24,,"Ciudad Autónoma de Buenos Aires","Buenos Aires",Argentina,1390363888,"Matias Duarte",,
Federico,Picone,federico.picone.75@facebook.com,"16 de Enero",https://www.facebook.com/federico.picone.75,28,Olivos,Olivos,"Buenos Aires",Argentina,1368875544,"Flor Scalise",https://www.facebook.com/flor.scalise,
