Nombre,Apellido,"Email Facebook",Cumpleaños,"Usuario Facebook",Edad,Barrio,Ciudad,Provincia,Pais,"ID Facebook","Amigo De","Amigo De (Usuario)",rebound
Paula,Balzarini,pbalzarini@facebook.com,"24 de Enero",https://www.facebook.com/pbalzarini,25,,"Ciudad Autónoma de Buenos Aires","Buenos Aires",Argentina,100000716966053,"Flor Encino",https://www.facebook.com/flopy.encino,
Inés,"de Larminat",ines.delarminat@facebook.com,"24 de Enero",https://www.facebook.com/ines.delarminat,22,,"Ciudad Autónoma de Buenos Aires","Buenos Aires",Argentina,750853768,"Ignacio Busquiazo",https://www.facebook.com/ignacio.busquiazo,
Federico,Lorenzo,fede.lorenzo24@facebook.com,"24 de Enero",https://www.facebook.com/fede.lorenzo24,22,,"Ciudad Autónoma de Buenos Aires","Buenos Aires",Argentina,1214696217,"Juanita Lupetrone",https://www.facebook.com/jlupetrone,
Sofia,Zs,sofia.zs@facebook.com,"24 de Enero",https://www.facebook.com/sofia.zs,28,,"Ciudad Autónoma de Buenos Aires","Buenos Aires",Argentina,741268731,"Gisela Tesei",,
Bruno,Reverditto,bruno.reverditto@facebook.com,"24 de Enero",https://www.facebook.com/bruno.reverditto,25,,"Ciudad Autónoma de Buenos Aires","Buenos Aires",Argentina,617438512,"Michelle Fingeret",https://www.facebook.com/michelle.fingeret,
Noelia,Medina,noelia.medina.372@facebook.com,"24 de Enero",https://www.facebook.com/noelia.medina.372,22,,"Ciudad Autónoma de Buenos Aires","Buenos Aires",Argentina,1076200198,"Ayu Casanova",,
Joaquin,Burgos,joaquin.burgos.52@facebook.com,"24 de Enero",https://www.facebook.com/joaquin.burgos.52,28,,"Ciudad Autónoma de Buenos Aires","Buenos Aires",Argentina,562991791,"Maria Laura Pendás",https://www.facebook.com/marialaura.pendas,
Jack,Siegrist,jacksiegrist@facebook.com,"24 de Enero",https://www.facebook.com/jacksiegrist,24,,"Ciudad Autónoma de Buenos Aires","Buenos Aires",Argentina,820140342,"Marcelo Braun Menendez",,
Zeke,Rodriguez,ezequiel.rodriguez.526875@facebook.com,"24 de Enero",https://www.facebook.com/ezequiel.rodriguez.526875,28,,"Ciudad Autónoma de Buenos Aires","Buenos Aires",Argentina,773942887,"Florencia Cortés",https://www.facebook.com/cortes.florencia,
Daniela,Trembecki,dtrembecki@facebook.com,"24 de Enero",https://www.facebook.com/dtrembecki,21,,"Ciudad Autónoma de Buenos Aires","Buenos Aires",Argentina,100001736082032,"Emanuel Gaston Perdigues",https://www.facebook.com/emaxpx,
Andrea,Fregosini,andrea.fregosini@facebook.com,"24 de Enero",https://www.facebook.com/andrea.fregosini,22,,"Ciudad Autónoma de Buenos Aires","Buenos Aires",Argentina,1580671011,"Sindy Elisa Szczucky",https://www.facebook.com/sindy.szczucky,
Maggie,White,maggie.white.35762@facebook.com,"24 de Enero",https://www.facebook.com/maggie.white.35762,21,,"Ciudad Autónoma de Buenos Aires","Buenos Aires",Argentina,854135586,"Marcelo Braun Menendez",,
Nacho,Teran,nacho.teran1@facebook.com,"24 de Enero",https://www.facebook.com/nacho.teran1,26,,"Ciudad Autónoma de Buenos Aires","Buenos Aires",Argentina,1033443154,"Martin Olmedo",,
Catalina,Smidt,catalina.smidt@facebook.com,"24 de Enero",https://www.facebook.com/catalina.smidt,25,,"Ciudad Autónoma de Buenos Aires","Buenos Aires",Argentina,543290752,"Gimena Librio",https://www.facebook.com/gimelibrio,
Belen,Schiaffi,belen.schiaffi@facebook.com,"24 de Enero",https://www.facebook.com/belen.schiaffi,27,,"Ciudad Autónoma de Buenos Aires","Buenos Aires",Argentina,580134290,"Daniel Arbol",https://www.facebook.com/darbol1,
Edu,Hurtado,edu.hurtado1@facebook.com,"24 de Enero",https://www.facebook.com/edu.hurtado1,23,,"Ciudad Autónoma de Buenos Aires","Buenos Aires",Argentina,644354502,"Ramiro Prieto",,
Estilo,Royale,estilo.royale@facebook.com,"24 de Enero",https://www.facebook.com/estilo.royale,27,,"Ciudad Autónoma de Buenos Aires","Buenos Aires",Argentina,582129156,"Daniel Arbol",https://www.facebook.com/darbol1,
Martin,Dasso,tindasso@facebook.com,"24 de Enero",https://www.facebook.com/tindasso,23,,"Ciudad Autónoma de Buenos Aires","Buenos Aires",Argentina,510251214,"Antoine Cornudet",,
Steff,Gary,garayestefania@facebook.com,"24 de Enero",https://www.facebook.com/garayestefania,28,,"Ciudad Autónoma de Buenos Aires","Buenos Aires",Argentina,1205286837,"Gimena Librio",https://www.facebook.com/gimelibrio,
Saro,Wiltjer,sarowilt@facebook.com,"24 de Enero",https://www.facebook.com/sarowilt,22,,"Ciudad Autónoma de Buenos Aires","Buenos Aires",Argentina,683317729,"Alexia Garcia",https://www.facebook.com/garciaalexiia,
Alejdra,"de Rt",alejdra.dert@facebook.com,"24 de Enero",https://www.facebook.com/alejdra.dert,22,,"Ciudad Autónoma de Buenos Aires","Buenos Aires",Argentina,100001017385281,"Ayu Casanova",,
Maria,"Paramio Garrahan",maria.paramiogarrahan@facebook.com,"24 de Enero",https://www.facebook.com/maria.paramiogarrahan,22,,"Ciudad Autónoma de Buenos Aires","Buenos Aires",Argentina,635001105,"Manuela Villa",,
"Lucas Nahuel",Lauriente,lucas.lauriente@facebook.com,"24 de Enero",https://www.facebook.com/lucas.lauriente,22,,"Ciudad Autónoma de Buenos Aires","Buenos Aires",Argentina,1378242115,"Vero Milione",https://www.facebook.com/vero.milione,
Maricel,Madina,mapiurka@facebook.com,"24 de Enero",https://www.facebook.com/mapiurka,28,,"Ciudad Autónoma de Buenos Aires","Buenos Aires",Argentina,1329810372,"Natalia Landa",,
Marcos,Barilari,marcos.barilari.5@facebook.com,"24 de Enero",https://www.facebook.com/marcos.barilari.5,24,,"Ciudad Autónoma de Buenos Aires","Buenos Aires",Argentina,639425054,"Mavi Manzano",https://www.facebook.com/mavi.manzano,
Nico,Millan,nicolas.millan.100@facebook.com,"24 de Enero",https://www.facebook.com/nicolas.millan.100,27,Colegiales,"Ciudad Autónoma de Buenos Aires","Buenos Aires",Argentina,1157383464,"Tomas Ini",,
Florencia,Heredia,florencia.herediaa@facebook.com,"24 de Enero",https://www.facebook.com/Florencia.herediaa,22,Congreso,"Ciudad Autónoma de Buenos Aires","Buenos Aires",Argentina,1240560166,"Jobs Bar",https://www.facebook.com/jobsbar,
Aldiss,"del Barrio",aldiss.delbarrio@facebook.com,"24 de Enero",https://www.facebook.com/aldiss.delbarrio,23,Congreso,"Ciudad Autónoma de Buenos Aires","Buenos Aires",Argentina,100000629265038,"Ornela G Cirigliano",https://www.facebook.com/floweringashtree,
Alan,Carlo,alan.carlo.52@facebook.com,"24 de Enero",https://www.facebook.com/alan.carlo.52,24,"Nueva Pompeya","Ciudad Autónoma de Buenos Aires","Distrito Federal",Argentina,1426455415,"Gabriela Competiello",,
Carito,Fabregat,carito.fabregat@facebook.com,"24 de Enero",https://www.facebook.com/carito.fabregat,28,,"Ciudad Autónoma de Buenos Aires","Buenos Aires",Argentina,643992731,"Charly Ruez",https://www.facebook.com/charly.ruez,
Steffi,Klimowitsch,steffi.klimowitsch@facebook.com,"24 de Enero",https://www.facebook.com/steffi.klimowitsch,23,,"Ciudad Autónoma de Buenos Aires","Buenos Aires",Argentina,561910589,"Fede Martino",,
Sol,Cito,sol.cito.712@facebook.com,"24 de Enero",https://www.facebook.com/sol.cito.712,26,,"Ciudad Autónoma de Buenos Aires","Buenos Aires",Argentina,1580949950,"AnGie Bensignor",https://www.facebook.com/AnGieBensignor,
Carla,Ferreyra,ferreyracarla@facebook.com,"24 de Enero",https://www.facebook.com/ferreyracarla,26,,"Ciudad Autónoma de Buenos Aires","Buenos Aires",Argentina,875095723,"Diego Paschetta",,
Federico,Graña,@facebook.com,"24 de Enero",https://www.facebook.com/profile.php?id=734760056,28,,"Ciudad Autónoma de Buenos Aires","Buenos Aires",Argentina,734760056,"Mariana Graña",,
PiLy,Kicker,priscila.kicker@facebook.com,"24 de Enero",https://www.facebook.com/priscila.kicker,24,,"Ciudad Autónoma de Buenos Aires","Buenos Aires",Argentina,635482650,"Emilce Castro",,
Marcos,Dayan,marcos.dayan.31@facebook.com,"24 de Enero",https://www.facebook.com/marcos.dayan.31,26,,"Ciudad Autónoma de Buenos Aires","Buenos Aires",Argentina,695947943,"Jero Salsamendi",https://www.facebook.com/jero.salsamendi,
Gabriel,Haagen,gabriel.haagen@facebook.com,"24 de Enero",https://www.facebook.com/gabriel.haagen,27,Recoleta,"Ciudad Autónoma de Buenos Aires","Buenos Aires",Argentina,100000738977818,"Guille Rampo",https://www.facebook.com/guillermo.rampo,
Manuela,Artola,manu.artola@facebook.com,"24 de Enero",https://www.facebook.com/manu.artola,21,,"Ciudad Autónoma de Buenos Aires","Buenos Aires",Argentina,688450243,"Joaquin Casoli",,
Codo,Eventos,elcodo@facebook.com,"24 de Enero",https://www.facebook.com/elcodo,28,,"Ciudad Autónoma de Buenos Aires","Buenos Aires",Argentina,1390230281,"Agustin Justin",https://www.facebook.com/Agustin.Justin,
Kevin,Ceravolo,kvylc@facebook.com,"24 de Enero",https://www.facebook.com/kvylc,28,,"Ciudad Autónoma de Buenos Aires","Buenos Aires",Argentina,582790187,"Carlina Piedra",https://www.facebook.com/carlina.piedra,
Gon,Cordoba,goncordoba@facebook.com,"24 de Enero",https://www.facebook.com/GONCORDOBA,22,,"Ciudad Autónoma de Buenos Aires","Buenos Aires",Argentina,1188653386,"Agustin Sujo",https://www.facebook.com/agustin.sujook,
Nicolas,Sanchez,nicosanchezsj@facebook.com,"24 de Enero",https://www.facebook.com/nicosanchezsj,23,Saavedra,"Ciudad Autónoma de Buenos Aires","Buenos Aires",Argentina,1027105323,"Fede Molina",,
Juli,Davico,juli.cabrera.davico@facebook.com,"24 de Enero",https://www.facebook.com/juli.cabrera.davico,23,,"Ciudad Autónoma de Buenos Aires","Buenos Aires",Argentina,836084336,"Facundo Bulacio",https://www.facebook.com/facundo.bulacio,
Nicolas,Panettiere,nicolas.panettiere@facebook.com,"24 de Enero",https://www.facebook.com/nicolas.panettiere,24,,"Ciudad Autónoma de Buenos Aires","Buenos Aires",Argentina,1278565601,"Micaa Villa",https://www.facebook.com/MicaaElaVilla,
Seba,Valles,seba.valles@facebook.com,"24 de Enero",https://www.facebook.com/seba.valles,23,Barracas,"Ciudad Autónoma de Buenos Aires","Distrito Federal",Argentina,588083810,"Gustavo Pietrafesa",,
Gustavo,Gutierrez,gustavo.gutierrez.9655@facebook.com,"24 de Enero",https://www.facebook.com/gustavo.gutierrez.9655,25,,"Ciudad Autónoma de Buenos Aires","Buenos Aires",Argentina,612476994,"Flor Charró",https://www.facebook.com/florr.ch,
Brenda,Sabbadini,brenda.sabbadini@facebook.com,"24 de Enero",https://www.facebook.com/brenda.sabbadini,27,,"Ciudad Autónoma de Buenos Aires","Buenos Aires",Argentina,678566573,"Juan Antonio Papagni Meca",https://www.facebook.com/juanantoniopapagnimeca,
Mariel,"Menacho Talavera",marielmenacho@facebook.com,"24 de Enero",https://www.facebook.com/marielmenacho,24,,"Ciudad Autónoma de Buenos Aires","Buenos Aires",Argentina,513470948,"Clara Ryan",https://www.facebook.com/clariryaneventos,
Angela,Glusman,angela.glusman@facebook.com,"24 de Enero",https://www.facebook.com/angela.glusman,23,,"Ciudad Autónoma de Buenos Aires","Buenos Aires",Argentina,100006279277845,"Victoria Roldán",https://www.facebook.com/marievickyroldan,
Victoria,Stafforini,victoria.stafforini@facebook.com,"24 de Enero",https://www.facebook.com/victoria.stafforini,24,,"Ciudad Autónoma de Buenos Aires","Buenos Aires",Argentina,704190304,"Mechi Abud",https://www.facebook.com/mechi.abud,
Sandra,Medina,@facebook.com,"24 de Enero",https://www.facebook.com/profile.php?id=100008074242212,24,,"Ciudad Autónoma de Buenos Aires","Buenos Aires",Argentina,100008074242212,"Cesar Berdullas",https://www.facebook.com/cesar.berdullas,
"Micaela Romina",Taibi,micaela.taibi@facebook.com,"24 de Enero",https://www.facebook.com/micaela.taibi,23,,"Ciudad Autónoma de Buenos Aires","Buenos Aires",Argentina,1089333000,"Dafne Antonella Zas Amy",,
Jeremias,Garay,jero.miers@facebook.com,"24 de Enero",https://www.facebook.com/jero.miers,23,,"Ciudad Autónoma de Buenos Aires","Buenos Aires",Argentina,694483810,"Ana Costas",,
Inés,Barbito,ines.barbito@facebook.com,"24 de Enero",https://www.facebook.com/ines.barbito,21,,"Ciudad Autónoma de Buenos Aires","Buenos Aires",Argentina,100001461990430,"Apoyo Universitario",,
Kevin,Kalifon,kevin.kalifon@facebook.com,"24 de Enero",https://www.facebook.com/kevin.kalifon,24,,"Ciudad Autónoma de Buenos Aires","Buenos Aires",Argentina,642884736,"Jazmin Jurevich",https://www.facebook.com/Jaz.Jurevich,
Karen,"Peñaranda Mora",karenmora.penaranda@facebook.com,"24 de Enero",https://www.facebook.com/karenmora.penaranda,21,,"Ciudad Autónoma de Buenos Aires","Buenos Aires",Argentina,100001592450677,"Apoyo Universitario",,
Tomas,Bedacarratz,tomas.ignacio.bedacarratz@facebook.com,"24 de Enero",https://www.facebook.com/tomas.ignacio.bedacarratz,23,,"Ciudad Autónoma de Buenos Aires","Buenos Aires",Argentina,810089616,"Fede Martino",,
Metier,Showroom,metier.showroom@facebook.com,"24 de Enero",https://www.facebook.com/metier.showroom,25,,"Ciudad Autónoma de Buenos Aires","Buenos Aires",Argentina,100002329166581,"Kandella Steiler",https://www.facebook.com/kandella.steiler,
Soledad,Becerril,soledad.becerril@facebook.com,"24 de Enero",https://www.facebook.com/soledad.becerril,28,,"Ciudad Autónoma de Buenos Aires","Buenos Aires",Argentina,1024258680,"Chanchi Martinez",https://www.facebook.com/chanchi.martinez,
Fest,Baires,fest.baires@facebook.com,"24 de Enero",https://www.facebook.com/fest.baires,26,,"Ciudad Autónoma de Buenos Aires","Buenos Aires",Argentina,100000899984307,"Sol Policastro",https://www.facebook.com/solangeforever,
Emprebiz,"Buscador de Emprendimientos",emprebiz@facebook.com,"24 de Enero",https://www.facebook.com/emprebiz,26,,"Ciudad Autónoma de Buenos Aires","Buenos Aires",Argentina,100000904770897,"Sol Policastro",https://www.facebook.com/solangeforever,
Natalia,Castrogiovanni,natitaaa@facebook.com,"24 de Enero",https://www.facebook.com/natitaaa,23,,"Ciudad Autónoma de Buenos Aires","Buenos Aires",Argentina,724864721,"Jobs Bar",https://www.facebook.com/jobsbar,
"Esteban Leonardo",Márquez,estebanleonardo.marquez@facebook.com,"24 de Enero",https://www.facebook.com/estebanleonardo.marquez,24,,"Ciudad Autónoma de Buenos Aires","Buenos Aires",Argentina,100002988283579,"Lucia Benavídez",,
Delfi,Mocorrea,delfi.mocorrea@facebook.com,"24 de Enero",https://www.facebook.com/delfi.mocorrea,23,,"Ciudad Autónoma de Buenos Aires","Buenos Aires",Argentina,772578288,"Valentino Fabre",https://www.facebook.com/valenfabre,
Sofia,Zf,@facebook.com,"24 de Enero",https://www.facebook.com/profile.php?id=100008424582976,23,,"Ciudad Autónoma de Buenos Aires","Buenos Aires",Argentina,100008424582976,"Pia Bocchino",https://www.facebook.com/pia.bocchino,
Fede,Cuneo,fede.cuneo@facebook.com,"24 de Enero",https://www.facebook.com/fede.cuneo,25,,"Ciudad Autónoma de Buenos Aires","Buenos Aires",Argentina,527670244,"Antonella La Torre",,
Ignacio,Iberlucea,ignacio.iberlucea@facebook.com,"24 de Enero",https://www.facebook.com/ignacio.iberlucea,25,,"Ciudad Autónoma de Buenos Aires","Buenos Aires",Argentina,1050774244,"Joaco Alvarez Amuchástegui",,
Julian,Portela,julian.portela.7@facebook.com,"24 de Enero",https://www.facebook.com/julian.portela.7,25,,"Ciudad Autónoma de Buenos Aires","Buenos Aires",Argentina,544436903,"Bernardo Cura Bonazzola",https://www.facebook.com/bernardocurabonazzola,
Bologna,Indumentaria,bologna.indumentaria@facebook.com,"24 de Enero",https://www.facebook.com/bologna.indumentaria,26,,"Ciudad Autónoma de Buenos Aires","Buenos Aires",Argentina,100000029487966,"Analia Utlo",https://www.facebook.com/ANY10,
Yam,Calleja,yamila.calleja@facebook.com,"24 de Enero",https://www.facebook.com/yamila.calleja,28,,"Ciudad Autónoma de Buenos Aires","Buenos Aires",Argentina,1053940949,"Castro Marina",https://www.facebook.com/castro.marina,
Debo,Valdez,debo.valdez@facebook.com,"24 de Enero",https://www.facebook.com/debo.valdez,25,,"Ciudad Autónoma de Buenos Aires","Buenos Aires",Argentina,100003900302260,"Diego Vasquez",,
Joel,"Lobo Witoszek",joel.lobo.562@facebook.com,"24 de Enero",https://www.facebook.com/joel.lobo.562,25,,"Ciudad Autónoma de Buenos Aires","Buenos Aires",Argentina,1652781828,"Jessica Bellomo",https://www.facebook.com/JessBellomo,
Daniel,Laker,daniel.laker.39@facebook.com,"24 de Enero",https://www.facebook.com/daniel.laker.39,25,"Buenos Aires","Buenos Aires","Buenos Aires",Argentina,513648136,"Alan Yun",0,
Martina,Barragán,martina.barragan@facebook.com,"24 de Enero",https://www.facebook.com/martina.barragan,22,,"Ciudad Autónoma de Buenos Aires","Buenos Aires",Argentina,1122885188,"Belen Loccisano",https://www.facebook.com/belen.loccisano,
Abiitaa,Lopez,lionelyabigail23@facebook.com,"24 de Enero",https://www.facebook.com/lionelyabigail23,21,,"Ciudad Autónoma de Buenos Aires","Buenos Aires",Argentina,1523883723,"Paula Otálvaro",https://www.facebook.com/paula.otalvaro,
Natalia,Nuñez,natalia.nunez.3551@facebook.com,"24 de Enero",https://www.facebook.com/natalia.nunez.3551,24,,"Ciudad Autónoma de Buenos Aires","Buenos Aires",Argentina,548871906,"Juani Koch",https://www.facebook.com/juani.koch,
Mana,Harrington,mariana.harrington@facebook.com,"24 de Enero",https://www.facebook.com/mariana.harrington,24,,"Ciudad Autónoma de Buenos Aires","Buenos Aires",Argentina,674399088,"Fiestas Baires",,
Marcos,"Terra Medina",marcos.terramedina@facebook.com,"24 de Enero",https://www.facebook.com/marcos.terramedina,27,,"Ciudad Autónoma de Buenos Aires","Buenos Aires",Argentina,100000904182150,"Agus Terra Medina",https://www.facebook.com/kiki.terra,
Nacho,Pronzati,nacho.pronzati@facebook.com,"24 de Enero",https://www.facebook.com/nacho.pronzati,27,,"Ciudad Autónoma de Buenos Aires","Buenos Aires",Argentina,673931522,"Maureen Burton",,
Mechi,Mendoza,mechi.mendoza.7@facebook.com,"24 de Enero",https://www.facebook.com/mechi.mendoza.7,23,,"Ciudad Autónoma de Buenos Aires","Buenos Aires",Argentina,1014882525,"Lucía Lopez Aleman",https://www.facebook.com/marialucialopezaleman,
Cami,Torres,ca.mi.rain@facebook.com,"24 de Enero",https://www.facebook.com/ca.mi.rain,28,,"Ciudad Autónoma de Buenos Aires","Buenos Aires",Argentina,506459995,"Analia Utlo",https://www.facebook.com/ANY10,
"María José",Sunn,mariajose.sunn@facebook.com,"24 de Enero",https://www.facebook.com/mariajose.sunn,28,,"Ciudad Autónoma de Buenos Aires","Buenos Aires",Argentina,1499808166,"Natalia Walter",,
Lu,Arjol,lu.arjol@facebook.com,"24 de Enero",https://www.facebook.com/lu.arjol,26,,"Ciudad Autónoma de Buenos Aires","Buenos Aires",Argentina,813844860,"Pato Pagano",https://www.facebook.com/pato.p111,
Caamila,Maleena,caamila.maleena@facebook.com,"24 de Enero",https://www.facebook.com/caamila.maleena,21,"Villa Luro","Ciudad Autónoma de Buenos Aires","Distrito Federal",Argentina,100000158735313,"Brian Cano",,
Vicky,"Di Girolamo",vickydigirolamo@facebook.com,"23 de Enero",https://www.facebook.com/vickydigirolamo,24,,"Ciudad Autónoma de Buenos Aires","Buenos Aires",Argentina,100000786991025,"Carolina Surace",,
Catalina,Imizcoz,catalina.imizcoz@facebook.com,"23 de Enero",https://www.facebook.com/catalina.imizcoz,28,,"Ciudad Autónoma de Buenos Aires","Buenos Aires",Argentina,758860400,"Ariel Villarreal",,
Mlgroup,Eventos,mlgroupeventos@facebook.com,"23 de Enero",https://www.facebook.com/Mlgroupeventos,24,,"Ciudad Autónoma de Buenos Aires","Buenos Aires",Argentina,100001054665292,"Carolina Surace",,
Valeria,Cerratelli,valeria.cerratelli@facebook.com,"23 de Enero",https://www.facebook.com/valeria.cerratelli,28,,"Ciudad Autónoma de Buenos Aires","Buenos Aires",Argentina,1169786830,"Daniel Toro Lopez",,
Facundo,Canevari,facundo.canevari1@facebook.com,"23 de Enero",https://www.facebook.com/facundo.canevari1,28,"Buenos Aires","Buenos Aires","Buenos Aires",Argentina,1006277016,"Roberto Hatti",0,
Delfina,Polito,delfipolito@facebook.com,"23 de Enero",https://www.facebook.com/delfipolito,23,,"Ciudad Autónoma de Buenos Aires","Buenos Aires",Argentina,520088157,"Santi Osterc",https://www.facebook.com/santiosterc,
Facu,Gonzalez,faku.gonzalez.1232@facebook.com,"23 de Enero",https://www.facebook.com/faku.gonzalez.1232,28,"Villa Luro","Ciudad Autónoma de Buenos Aires","Buenos Aires",Argentina,100003880944349,"Franco Palermo",,
Hisoka,Kei,hisoka.kei@facebook.com,"23 de Enero",https://www.facebook.com/hisoka.kei,24,"Buenos Aires","Buenos Aires","Buenos Aires",Argentina,1521157327,"Alan Yun",0,
"Mapache Tenaz","Emilse Castellano",emilse.castellano@facebook.com,"23 de Enero",https://www.facebook.com/emilse.castellano,25,,"Ciudad Autónoma de Buenos Aires","Buenos Aires",Argentina,100000744786175,"Pamela Garrote",https://www.facebook.com/pamela.garrote,
Sabina,"la Spina",sabina.laspina@facebook.com,"23 de Enero",https://www.facebook.com/sabina.laspina,25,,"Ciudad Autónoma de Buenos Aires","Buenos Aires",Argentina,1129947703,"Analia Utlo",https://www.facebook.com/ANY10,
Natalia,Demirdogen,naty.demirdogen@facebook.com,"23 de Enero",https://www.facebook.com/naty.demirdogen,25,,"Ciudad Autónoma de Buenos Aires","Buenos Aires",Argentina,783092948,"Artur Margaryan",,
Tessie,Torti,tessie.torti@facebook.com,"23 de Enero",https://www.facebook.com/tessie.torti,25,,"Ciudad Autónoma de Buenos Aires","Buenos Aires",Argentina,1083617501,"Santi Osterc",https://www.facebook.com/santiosterc,
Mica,Admiraal,mica.admiraal@facebook.com,"23 de Enero",https://www.facebook.com/mica.admiraal,27,,"Ciudad Autónoma de Buenos Aires","Buenos Aires",Argentina,521111917,"Marina Castagnino",https://www.facebook.com/castagnino,
Danis,Zutana,danisdaniela@facebook.com,"23 de Enero",https://www.facebook.com/danisdaniela,23,,"Ciudad Autónoma de Buenos Aires","Buenos Aires",Argentina,1321563558,"Ariel Galinski",https://www.facebook.com/ariel.galinski,
Yoo,Luquiittaz,@facebook.com,"23 de Enero",https://www.facebook.com/profile.php?id=100008332693711,25,,"Ciudad Autónoma de Buenos Aires","Buenos Aires",Argentina,100008332693711,"Yani Nefes",https://www.facebook.com/yani.nefes,
Sofia,Jimenez,sofijimenez@facebook.com,"23 de Enero",https://www.facebook.com/sofijimenez,23,,"Ciudad Autónoma de Buenos Aires","Buenos Aires",Argentina,1132604809,"Anto Congiu",,
Fede,Carrillo,fede.carrillo.92@facebook.com,"23 de Enero",https://www.facebook.com/fede.carrillo.92,27,,"Ciudad Autónoma de Buenos Aires","Buenos Aires",Argentina,665787079,"Ayelen Lopez",https://www.facebook.com/puchipockett,
Agus,Basaldua,agus.basaldua.3@facebook.com,"23 de Enero",https://www.facebook.com/agus.basaldua.3,25,,"Ciudad Autónoma de Buenos Aires","Buenos Aires",Argentina,702537062,"Marina Castagnino",https://www.facebook.com/castagnino,
Nicolas,Ahedo,nicolas.ahedo@facebook.com,"23 de Enero",https://www.facebook.com/nicolas.ahedo,22,,"Ciudad Autónoma de Buenos Aires","Buenos Aires",Argentina,100001273776222,"Aylu Macchi",,
Tomas,Bottinelli,tomas.bottinelli@facebook.com,"23 de Enero",https://www.facebook.com/tomas.bottinelli,24,,"Ciudad Autónoma de Buenos Aires","Buenos Aires",Argentina,679709294,"Rocio Mayo",https://www.facebook.com/marinirocio,
Vicu,Zunino,vicu.zunino@facebook.com,"23 de Enero",https://www.facebook.com/vicu.zunino,22,Recoleta,"Ciudad Autónoma de Buenos Aires","Buenos Aires",Argentina,785107269,"Facundo Bulacio",https://www.facebook.com/facundo.bulacio,
Martin,Bottesi,martin.bottesi@facebook.com,"23 de Enero",https://www.facebook.com/martin.bottesi,24,,"Ciudad Autónoma de Buenos Aires","Buenos Aires",Argentina,815794854,"Mili Mauro",https://www.facebook.com/milimauro,
Flor,Avignón,flor.avignon@facebook.com,"23 de Enero",https://www.facebook.com/flor.avignon,24,,"Ciudad Autónoma de Buenos Aires","Buenos Aires",Argentina,561343421,"Martín Álvarez BA I",https://www.facebook.com/Woody.Blair,
Sebastian,Pelli,sebastian.pelli.5@facebook.com,"23 de Enero",https://www.facebook.com/sebastian.pelli.5,21,,"Ciudad Autónoma de Buenos Aires","Buenos Aires",Argentina,100000965088100,"Gisele Fratini",https://www.facebook.com/giakdmik,
Aldu,Arakaki,aldana.arakaki@facebook.com,"23 de Enero",https://www.facebook.com/aldana.arakaki,24,,"Ciudad Autónoma de Buenos Aires","Buenos Aires",Argentina,100004427521647,"Yasu Higa",,
Sebastian,Chiaramonte,sebastian.chiaramonte.1@facebook.com,"23 de Enero",https://www.facebook.com/sebastian.chiaramonte.1,26,,"Ciudad Autónoma de Buenos Aires","Buenos Aires",Argentina,670827885,"Dani Escala",https://www.facebook.com/danielaescala,
Sofi,Loyarte,sofi.loyarte@facebook.com,"23 de Enero",https://www.facebook.com/sofi.loyarte,24,,"Ciudad Autónoma de Buenos Aires","Buenos Aires",Argentina,644588789,"Ivan Achaval",https://www.facebook.com/ivancho.achaval,
Martin,Zalazar,malembemeleco@facebook.com,"23 de Enero",https://www.facebook.com/MalembeMeleco,27,,"Ciudad Autónoma de Buenos Aires","Buenos Aires",Argentina,1313766175,"Maureen Burton",,
Silvana,Mateo,mateosilvana@facebook.com,"23 de Enero",https://www.facebook.com/mateosilvana,26,,"Ciudad Autónoma de Buenos Aires","Buenos Aires",Argentina,1117431228,"Michelle Fingeret",https://www.facebook.com/michelle.fingeret,
Romi,Tricarico,romi.tricarico@facebook.com,"23 de Enero",https://www.facebook.com/romi.tricarico,25,,"Ciudad Autónoma de Buenos Aires","Buenos Aires",Argentina,683673439,"Christian Douer Chuky",https://www.facebook.com/christian.chuky,
Pau,Durand,pau.durand@facebook.com,"23 de Enero",https://www.facebook.com/pau.durand,25,,"Ciudad Autónoma de Buenos Aires","Buenos Aires",Argentina,100001691908803,"Pau Salas",https://www.facebook.com/pausalas88,
Fer,Gullo,fer.gullo@facebook.com,"23 de Enero",https://www.facebook.com/Fer.Gullo,27,,"Ciudad Autónoma de Buenos Aires","Buenos Aires",Argentina,1102533601,"Ezequiel Picarelli",https://www.facebook.com/ezequiel.picarelli,
Facundo,Muñiz,@facebook.com,"23 de Enero",https://www.facebook.com/profile.php?id=504629733,28,,"Ciudad Autónoma de Buenos Aires","Buenos Aires",Argentina,504629733,"Clara Ryan",https://www.facebook.com/clariryaneventos,
Pablo,Palma,pablo.palma.94@facebook.com,"23 de Enero",https://www.facebook.com/pablo.palma.94,27,,"Ciudad Autónoma de Buenos Aires","Buenos Aires",Argentina,1496437217,"Federico Carrizo",https://www.facebook.com/federicoc,
Cynthia,Rodriguez,cynthia.rodriguez.3766@facebook.com,"23 de Enero",https://www.facebook.com/cynthia.rodriguez.3766,21,,"Ciudad Autónoma de Buenos Aires","Buenos Aires",Argentina,571588026,"Karina Alejandra Barral",https://www.facebook.com/karina.barral,
Rocío,Pico,rochimp@facebook.com,"23 de Enero",https://www.facebook.com/rochimp,22,,"Ciudad Autónoma de Buenos Aires","Buenos Aires",Argentina,1268728034,"Facundo Bulacio",https://www.facebook.com/facundo.bulacio,
Benjamin,Muedra,benjamin.muedra@facebook.com,"23 de Enero",https://www.facebook.com/benjamin.muedra,27,,"Ciudad Autónoma de Buenos Aires","Buenos Aires",Argentina,758719529,"Daniela Sevilla",,
Eze,Zelarayan,eze.zelarayan@facebook.com,"23 de Enero",https://www.facebook.com/eze.zelarayan,26,,"Ciudad Autónoma de Buenos Aires","Buenos Aires",Argentina,664267932,"Camila Perelló",https://www.facebook.com/camiperello,
Luz,Battista,luzbattista@facebook.com,"23 de Enero",https://www.facebook.com/luzbattista,26,,"Ciudad Autónoma de Buenos Aires","Buenos Aires",Argentina,1001002118,"Chanchi Martinez",https://www.facebook.com/chanchi.martinez,
Maria,Leicaj,leicaj.luz@facebook.com,"23 de Enero",https://www.facebook.com/leicaj.luz,22,,"Ciudad Autónoma de Buenos Aires","Buenos Aires",Argentina,1263078571,"Flor Vischi Cortés",https://www.facebook.com/flor.vischi,
Soledad,Gonzalez,soledad.gonzalez.3994@facebook.com,"23 de Enero",https://www.facebook.com/soledad.gonzalez.3994,26,,"Ciudad Autónoma de Buenos Aires","Buenos Aires",Argentina,1180950144,"Cana Cilley",https://www.facebook.com/cana.cilley,
Paloma,Ruvira,paloma.ruvira@facebook.com,"23 de Enero",https://www.facebook.com/paloma.ruvira,25,,"Ciudad Autónoma de Buenos Aires","Buenos Aires",Argentina,697665467,"Barby Lanata",https://www.facebook.com/barby.lanata,
Pipi,Boix,pipi.boix@facebook.com,"23 de Enero",https://www.facebook.com/pipi.boix,25,,"Ciudad Autónoma de Buenos Aires","Buenos Aires",Argentina,719098532,"Flor Freixas",https://www.facebook.com/freichus,
Maia,Woloski,maia.woloski@facebook.com,"23 de Enero",https://www.facebook.com/maia.woloski,25,,"Ciudad Autónoma de Buenos Aires","Buenos Aires",Argentina,1201541792,"Michelle Fingeret",https://www.facebook.com/michelle.fingeret,
Ricardo,Ristori,ricardo.ristori@facebook.com,"23 de Enero",https://www.facebook.com/ricardo.ristori,22,,"Ciudad Autónoma de Buenos Aires","Buenos Aires",Argentina,1012441303,"Agustina Del Rosario Anzisi",https://www.facebook.com/AgustinadelRosario,
Martin,Bertelloni,martin.bertelloni@facebook.com,"23 de Enero",https://www.facebook.com/martin.bertelloni,21,,"Ciudad Autónoma de Buenos Aires","Buenos Aires",Argentina,1433829474,"Noelia G. Coviella",,
Natalia,Nicosia,naty.n23@facebook.com,"23 de Enero",https://www.facebook.com/naty.n23,22,,"Ciudad Autónoma de Buenos Aires","Buenos Aires",Argentina,1219868970,"Michelle Fingeret",https://www.facebook.com/michelle.fingeret,
Lucas,Silva,,"23 de Enero",https://www.facebook.com/profile.php?id=1428216155,23,"Buenos Aires","Buenos Aires","Buenos Aires",Argentina,1428216155,"Fett Maidana",0,
Ezequiel,Duarte,ezequiel.duarte1991@facebook.com,"23 de Enero",https://www.facebook.com/ezequiel.duarte1991,23,,"Ciudad Autónoma de Buenos Aires","Buenos Aires",Argentina,1514437083,"Christian Douer Chuky",https://www.facebook.com/christian.chuky,
Ariel,Kataife,ariel.kataife@facebook.com,"23 de Enero",https://www.facebook.com/ariel.kataife,24,,"Ciudad Autónoma de Buenos Aires","Buenos Aires",Argentina,100000440791827,"Melanie Azar",,
Andy,Kerschen,andykerschen@facebook.com,"23 de Enero",https://www.facebook.com/andykerschen,24,,"Ciudad Autónoma de Buenos Aires","Buenos Aires",Argentina,100000527358139,"Melanie Azar",,
Sole,Diaz,solefernandezdiaz@facebook.com,"23 de Enero",https://www.facebook.com/solefernandezdiaz,25,,"Ciudad Autónoma de Buenos Aires","Buenos Aires",Argentina,767907885,"Alexia Garcia",https://www.facebook.com/garciaalexiia,
Pilar,Mallo,pilar.mallo.9@facebook.com,"23 de Enero",https://www.facebook.com/pilar.mallo.9,26,,"Ciudad Autónoma de Buenos Aires","Buenos Aires",Argentina,607730948,"Sebastian Diaz",https://www.facebook.com/sebastiantatudiaz,
"Pia Carregal",Atelier,piacarregal.atelier@facebook.com,"23 de Enero",https://www.facebook.com/piacarregal.atelier,25,,"Ciudad Autónoma de Buenos Aires","Buenos Aires",Argentina,583279772,"Estefi Willis",https://www.facebook.com/estefi.willis,
Jero,Diez,jero.diez@facebook.com,"23 de Enero",https://www.facebook.com/jero.diez,22,,"Ciudad Autónoma de Buenos Aires","Buenos Aires",Argentina,1053960359,"Mariana Porterrieu",,
Estudio,Palma,estudio.palma.9@facebook.com,"23 de Enero",https://www.facebook.com/estudio.palma.9,27,,"Ciudad Autónoma de Buenos Aires","Buenos Aires",Argentina,100007123743714,"Federico Carrizo",https://www.facebook.com/federicoc,
Sabrina,"Britos Mazzei",sabrina.britosmazzei@facebook.com,"23 de Enero",https://www.facebook.com/sabrina.britosmazzei,27,,"Ciudad Autónoma de Buenos Aires","Buenos Aires",Argentina,1309203223,"Ezequiel Sebastian Berardi",https://www.facebook.com/EzErAsTa,
Magdalena,Generación,magdalena2ageneracion@facebook.com,"23 de Enero",https://www.facebook.com/magdalena2ageneracion,25,,"Ciudad Autónoma de Buenos Aires","Buenos Aires",Argentina,100000201865640,"Gabriela Rosito",https://www.facebook.com/gabriela.rosito,
"Salir A",Pasear,salira.pasear@facebook.com,"23 de Enero",https://www.facebook.com/salira.pasear,25,,"Ciudad Autónoma de Buenos Aires","Buenos Aires",Argentina,100000207990573,"Gabriela Rosito",https://www.facebook.com/gabriela.rosito,
Rocío,Viñas,roocho@facebook.com,"23 de Enero",https://www.facebook.com/roocho,21,,"Ciudad Autónoma de Buenos Aires","Buenos Aires",Argentina,1461734959,"Nazarena Sierra",,
"Anabella Nair","Crescimone Kravasek",anabellanair.crescimonekravasek@facebook.com,"23 de Enero",https://www.facebook.com/anabellanair.crescimonekravasek,21,,"Ciudad Autónoma de Buenos Aires","Buenos Aires",Argentina,100003171189956,"Emiliano Cazanetz Dick",https://www.facebook.com/emiliano.cazanetzdick,
Paola,Mantilla,paola.mantilla.98@facebook.com,"23 de Enero",https://www.facebook.com/paola.mantilla.98,21,,"Ciudad Autónoma de Buenos Aires","Buenos Aires",Argentina,100003175342352,"Emiliano Cazanetz Dick",https://www.facebook.com/emiliano.cazanetzdick,
"María Cristina","Di Marco",mariacristina.dimarco@facebook.com,"23 de Enero",https://www.facebook.com/mariacristina.dimarco,25,,"Ciudad Autónoma de Buenos Aires","Buenos Aires",Argentina,1140510916,"Federico Carrizo",https://www.facebook.com/federicoc,
Bashir,Bakir,bashir.bakir@facebook.com,"23 de Enero",https://www.facebook.com/bashir.bakir,22,"Parque Patricios","Ciudad Autónoma de Buenos Aires","Buenos Aires",Argentina,1106284675,"Guido Moncayo",https://www.facebook.com/guido.moncayo,
Flor,Frattolillo,flor.frattolillo@facebook.com,"23 de Enero",https://www.facebook.com/flor.frattolillo,28,,"Ciudad Autónoma de Buenos Aires","Buenos Aires",Argentina,641884644,"Matias Blas",https://www.facebook.com/Matias.Blas,
Brenda,Taylor,brenda.taylor.33@facebook.com,"23 de Enero",https://www.facebook.com/brenda.taylor.33,25,,"Ciudad Autónoma de Buenos Aires","Buenos Aires",Argentina,100003479831017,"Estefi Willis",https://www.facebook.com/estefi.willis,
Fede,Lapolla,fede.lapolla@facebook.com,"23 de Enero",https://www.facebook.com/fede.lapolla,22,"Villa Crespo","Ciudad Autónoma de Buenos Aires","Buenos Aires",Argentina,100000021426659,"Agustin De Pascali",https://www.facebook.com/agustin.depascali,
Paula,"Di Paolo",paula.dipaolo.5@facebook.com,"23 de Enero",https://www.facebook.com/paula.dipaolo.5,24,,"Ciudad Autónoma de Buenos Aires","Buenos Aires",Argentina,1358230594,"Ludmila Di Prinzio",https://www.facebook.com/ludmila2k,
Agus,Cooper,@facebook.com,"23 de Enero",https://www.facebook.com/profile.php?id=100008253090180,28,,"Ciudad Autónoma de Buenos Aires","Buenos Aires",Argentina,100008253090180,"Marcelo Gustavo Salerno",https://www.facebook.com/marcelogustavo.salerno,
Mario,Lopez,@facebook.com,"23 de Enero",https://www.facebook.com/profile.php?id=100007798899655,28,,"Ciudad Autónoma de Buenos Aires","Buenos Aires",Argentina,100007798899655,"Sofu Maddonni",https://www.facebook.com/ssofiia,
Facundo,Martinez,facundo.martinez.7568@facebook.com,"23 de Enero",https://www.facebook.com/facundo.martinez.7568,28,,"Ciudad Autónoma de Buenos Aires","Buenos Aires",Argentina,574752727,"Ianina Daniela Castillo",https://www.facebook.com/ianina.castillo,
