Nombre,Apellido,"Email Facebook",Cumpleaños,"Usuario Facebook",Edad,Barrio,Ciudad,Provincia,Pais,"ID Facebook","Amigo De","Amigo De (Usuario)",rebound
Nico,Quaranta,nico.quaranta.31@facebook.com,"06 de Febrero",https://www.facebook.com/nico.quaranta.31,30,,"Ciudad Autónoma de Buenos Aires","Buenos Aires",Argentina,666032878,"Tatiana Petroccelli",https://www.facebook.com/tanshanita,
Marcella,Sambrizzi,marcella.sambrizzi@facebook.com,"06 de Febrero",https://www.facebook.com/marcella.sambrizzi,30,"Buenos Aires","Buenos Aires","Buenos Aires",Argentina,1405249180,"Pao García",0,
Federico,Lopez,fafalopezz@facebook.com,"06 de Febrero",https://www.facebook.com/fafalopezz,30,,"Ciudad Autónoma de Buenos Aires","Buenos Aires",Argentina,1065911258,"Andres Melis",https://www.facebook.com/andres.melis,
Sofia,Astolfi,sofia.astolfi.1@facebook.com,"06 de Febrero",https://www.facebook.com/sofia.astolfi.1,26,,"Ciudad Autónoma de Buenos Aires","Buenos Aires",Argentina,592666540,"Valentino Fabre",https://www.facebook.com/valenfabre,
Cubik,Remeras,cubik.remeras.73@facebook.com,"06 de Febrero",https://www.facebook.com/cubik.remeras.73,25,,"Ciudad Autónoma de Buenos Aires","Buenos Aires",Argentina,100007586916329,"Michelle Fingeret",https://www.facebook.com/michelle.fingeret,
"Maximiliano Gaston",Mendez,maximilianogaston.mendez.3@facebook.com,"06 de Febrero",https://www.facebook.com/maximilianogaston.mendez.3,24,,"Ciudad Autónoma de Buenos Aires","Buenos Aires",Argentina,100000882934921,"Ivan Lisz",,
Nico,Cue,nico.cue@facebook.com,"06 de Febrero",https://www.facebook.com/nico.cue,24,,"Ciudad Autónoma de Buenos Aires","Buenos Aires",Argentina,100000895413043,"Ivan Lisz",,
Lorena,Gallegos,lmgallegos@facebook.com,"06 de Febrero",https://www.facebook.com/lmgallegos,32,,"Ciudad Autónoma de Buenos Aires","Buenos Aires",Argentina,1117841493,"Yanina Morinelli",https://www.facebook.com/YaniMorinelli,
Genara,Ezpeleta,genara@facebook.com,"06 de Febrero",https://www.facebook.com/genara,33,,"Ciudad Autónoma de Buenos Aires","Buenos Aires",Argentina,1078964451,"Caro Ros Jones",https://www.facebook.com/carorosjones,
Daiana,Curto,daiana.curto@facebook.com,"06 de Febrero",https://www.facebook.com/daiana.curto,25,,"Ciudad Autónoma de Buenos Aires","Buenos Aires",Argentina,1297717229,"Hector Falsone",https://www.facebook.com/hector.falsone,
Matias,Paulero,matias.paulero@facebook.com,"06 de Febrero",https://www.facebook.com/matias.paulero,29,,"Ciudad Autónoma de Buenos Aires","Buenos Aires",Argentina,1156120756,"Mariano Montani",https://www.facebook.com/mariano.montani,
Ezequiel,Condori,briandesol@facebook.com,"06 de Febrero",https://www.facebook.com/BrianDeSol,26,"Villa Soldati","Ciudad Autónoma de Buenos Aires","Buenos Aires",Argentina,100000485222746,"Belu Piacentino",https://www.facebook.com/belenpiacentino,
Tigre,Capitan,tigre.maxuchis@facebook.com,"06 de Febrero",https://www.facebook.com/tigre.maxuchis,25,,"Ciudad Autónoma de Buenos Aires","Buenos Aires",Argentina,100000340531943,"Ayu Casanova",,
Lucas,Velazquez,lucas.velazquez.338@facebook.com,"06 de Febrero",https://www.facebook.com/lucas.velazquez.338,30,,"Ciudad Autónoma de Buenos Aires","Buenos Aires",Argentina,100002222648084,"Guido Moncayo",https://www.facebook.com/guido.moncayo,
Juan,Adriano,juaniadriano@facebook.com,"06 de Febrero",https://www.facebook.com/juaniadriano,32,Avellaneda,"Ciudad Autónoma de Buenos Aires","Buenos Aires",Argentina,581011205,"Gabriela Rosito",https://www.facebook.com/gabriela.rosito,
Ivan,Lean,ivomclean@facebook.com,"06 de Febrero",https://www.facebook.com/ivomclean,27,,"Ciudad Autónoma de Buenos Aires","Buenos Aires",Argentina,1180113657,"Mauro Napole",https://www.facebook.com/maurinapole,
Fedevcavern,Vazquez,fedevazquez86@facebook.com,"06 de Febrero",https://www.facebook.com/fedevazquez86,28,,"Ciudad Autónoma de Buenos Aires","Buenos Aires",Argentina,100000449435394,"Silvina Yanina Albornoz Garlepp",https://www.facebook.com/silvinayaninaalbornozgarl,
Juan,Maldonado,juan.c.maldonado.568@facebook.com,"06 de Febrero",https://www.facebook.com/juan.c.maldonado.568,26,,"Ciudad Autónoma de Buenos Aires","Buenos Aires",Argentina,834062221,"Jobs Bar",https://www.facebook.com/jobsbar,
DesayunArte,Pasteleria,desayunarte.pasteleria@facebook.com,"06 de Febrero",https://www.facebook.com/desayunarte.pasteleria,24,,"Ciudad Autónoma de Buenos Aires","Buenos Aires",Argentina,100002008048567,"Flor Scalise",https://www.facebook.com/flor.scalise,
Ivana,Ortega,ivy.ortega@facebook.com,"06 de Febrero",https://www.facebook.com/ivy.ortega,23,"Villa Del Parque","Ciudad Autónoma de Buenos Aires","Buenos Aires",Argentina,1253209465,"July Jaluff",https://www.facebook.com/july.jaluff,
Lucy,Rotela,lucy.rotela@facebook.com,"06 de Febrero",https://www.facebook.com/lucy.rotela,32,,"Ciudad Autónoma de Buenos Aires","Buenos Aires",Argentina,100000052412365,"Chelu Chavez",https://www.facebook.com/chelu.chavez,
Meme,Flores,memefhlores@facebook.com,"06 de Febrero",https://www.facebook.com/memefhlores,27,,"Ciudad Autónoma de Buenos Aires","Buenos Aires",Argentina,531525166,"Rocío Martínez",https://www.facebook.com/rochi.belen,
Lorena,Daguerre,lorenita.daguerre@facebook.com,"06 de Febrero",https://www.facebook.com/lorenita.daguerre,25,"La Boca","Ciudad Autónoma de Buenos Aires","Buenos Aires",Argentina,100000102513536,"Christian Douer Chuky",https://www.facebook.com/christian.chuky,
Yohanna,Buchanan,sthefi.buchanan@facebook.com,"06 de Febrero",https://www.facebook.com/Sthefi.buchanan,25,,"Ciudad Autónoma de Buenos Aires","Buenos Aires",Argentina,787674104,"Piltra Toller",https://www.facebook.com/piltra,
Sabrina,Farias,sabri.farias.161@facebook.com,"06 de Febrero",https://www.facebook.com/sabri.farias.161,25,,"Ciudad Autónoma de Buenos Aires","Buenos Aires",Argentina,100000105116978,"Christian Douer Chuky",https://www.facebook.com/christian.chuky,
Ivo,Ravalli,ivo.ravalli.7@facebook.com,"06 de Febrero",https://www.facebook.com/ivo.ravalli.7,29,,"Ciudad Autónoma de Buenos Aires","Buenos Aires",Argentina,100004401851260,"Roxy Arana",,
"Juan Nahuel",Cichero,juannahuel.cichero@facebook.com,"06 de Febrero",https://www.facebook.com/juannahuel.cichero,32,,"Ciudad Autónoma de Buenos Aires","Buenos Aires",Argentina,100008116901592,"Viviana Farachi",https://www.facebook.com/viviana.farachi,
Fran,Seeber,francisco.seeber@facebook.com,"06 de Febrero",https://www.facebook.com/francisco.seeber,24,,"Ciudad Autónoma de Buenos Aires","Buenos Aires",Argentina,100000664025767,"Manuel Saenz",,
Pablo,Eguía,pablo.eguia.1@facebook.com,"06 de Febrero",https://www.facebook.com/pablo.eguia.1,26,"Villa Luro","Ciudad Autónoma de Buenos Aires","Buenos Aires",Argentina,100001139997206,"Nataly Cuerva",https://www.facebook.com/nataliagtrujillo,
Silvana,Loccisano,silvana.loccisano@facebook.com,"06 de Febrero",https://www.facebook.com/silvana.loccisano,27,,"Ciudad Autónoma de Buenos Aires","Buenos Aires",Argentina,1189634010,"Sofu Maddonni",https://www.facebook.com/ssofiia,
Ailin,Solis,ailin.solis2@facebook.com,"06 de Febrero",https://www.facebook.com/ailin.solis2,23,,"Ciudad Autónoma de Buenos Aires","Buenos Aires",Argentina,1582452462,"Bian Tedesco",https://www.facebook.com/biaantedesco,
Nicolás,Lazarte,nicolas.n.lazarte@facebook.com,"06 de Febrero",https://www.facebook.com/nicolas.n.lazarte,25,,"Ciudad Autónoma de Buenos Aires","Buenos Aires",Argentina,1185454620,"Matias Blas",https://www.facebook.com/Matias.Blas,
Perfumes,Importados,perfumes.importados.9699@facebook.com,"06 de Febrero",https://www.facebook.com/perfumes.importados.9699,30,,"Ciudad Autónoma de Buenos Aires","Buenos Aires",Argentina,100002828410295,"Natalia Magariello",https://www.facebook.com/natalia.magariello,
Debi,Boragina,debi.boragina@facebook.com,"06 de Febrero",https://www.facebook.com/debi.boragina,25,,"Ciudad Autónoma de Buenos Aires","Buenos Aires",Argentina,599402997,"Lucas Malaret",https://www.facebook.com/lmalaret,
Yesica,Luna,yesica.luna.9041@facebook.com,"06 de Febrero",https://www.facebook.com/yesica.luna.9041,29,,"Ciudad Autónoma de Buenos Aires","Buenos Aires",Argentina,100001485429350,"Daniela Riva",,
Celi,Piñero,celi.p@facebook.com,"06 de Febrero",https://www.facebook.com/Celi.P,28,,"Ciudad Autónoma de Buenos Aires","Buenos Aires",Argentina,593714020,"Flor Charró",https://www.facebook.com/florr.ch,
Alec,Matheson,alec.matheson.9@facebook.com,"06 de Febrero",https://www.facebook.com/alec.matheson.9,26,,"Ciudad Autónoma de Buenos Aires","Buenos Aires",Argentina,603840319,"Maria Paula Toyos",,
Santiago,Lorenzo,santiago.lorenzo.35175@facebook.com,"06 de Febrero",https://www.facebook.com/santiago.lorenzo.35175,26,,"Ciudad Autónoma de Buenos Aires","Buenos Aires",Argentina,608990261,"Maria Paula Toyos",,
Fernando,Parra,@facebook.com,"06 de Febrero",https://www.facebook.com/profile.php?id=100007802207420,30,,"Ciudad Autónoma de Buenos Aires","Buenos Aires",Argentina,100007802207420,"Flor Charró",https://www.facebook.com/florr.ch,
Kittoxx,Telexx,shamel.dauria@facebook.com,"06 de Febrero",https://www.facebook.com/shamel.dauria,31,,"Ciudad Autónoma de Buenos Aires","Buenos Aires",Argentina,702712624,"Natascha Stern",https://www.facebook.com/natascha.stern,
Mar,Gallo,mar.gallo.10@facebook.com,"06 de Febrero",https://www.facebook.com/mar.gallo.10,25,,"Ciudad Autónoma de Buenos Aires","Buenos Aires",Argentina,1341167348,"Fede Martinez",https://www.facebook.com/fedemartinez17,
Lula,Altobelli,lula.altobelli@facebook.com,"06 de Febrero",https://www.facebook.com/lula.altobelli,30,,"Ciudad Autónoma de Buenos Aires","Buenos Aires",Argentina,1006426686,"Estefania Pascual Lerario",https://www.facebook.com/estefania.lerario,
Leandro,Sánchez,leansanchez1985@facebook.com,"06 de Febrero",https://www.facebook.com/leansanchez1985,29,,"Ciudad Autónoma de Buenos Aires","Buenos Aires",Argentina,1524962788,"Silvia Fernandez",https://www.facebook.com/silviafernandezchivi,
Puli,Lopez,pulilopez@facebook.com,"06 de Febrero",https://www.facebook.com/pulilopez,25,,"Ciudad Autónoma de Buenos Aires","Buenos Aires",Argentina,588485454,"Emiliano Pirolo",https://www.facebook.com/emi.pirolo,
Nazareno,Cribari,nazareno.cribari@facebook.com,"06 de Febrero",https://www.facebook.com/nazareno.cribari,29,,"Ciudad Autónoma de Buenos Aires","Buenos Aires",Argentina,660481583,"Nanys Rodriguez",,
Fernando,Colodrero,cotodc@facebook.com,"06 de Febrero",https://www.facebook.com/cotodc,30,,"Ciudad Autónoma de Buenos Aires","Buenos Aires",Argentina,621864307,"Victoria Cerdán",https://www.facebook.com/victoriaacerdan,
Carito,Texido,carito.texido@facebook.com,"06 de Febrero",https://www.facebook.com/carito.texido,25,,"Ciudad Autónoma de Buenos Aires","Buenos Aires",Argentina,1150983740,"Christian Douer Chuky",https://www.facebook.com/christian.chuky,
Juan,Pucci,juan.pucci@facebook.com,"06 de Febrero",https://www.facebook.com/juan.pucci,31,,"Ciudad Autónoma de Buenos Aires","Buenos Aires",Argentina,100003604876921,"Pato Pagano",https://www.facebook.com/pato.p111,
Estética,Renovación,esteticabetiana@facebook.com,"06 de Febrero",https://www.facebook.com/esteticabetiana,32,,"Ciudad Autónoma de Buenos Aires","Buenos Aires",Argentina,100003109376472,"Anoland Lorenzo",https://www.facebook.com/anoland.lorenzo,
Mundoriverplatense,"River Plate",@facebook.com,"06 de Febrero",https://www.facebook.com/profile.php?id=100000280090650,24,,"Ciudad Autónoma de Buenos Aires","Buenos Aires",Argentina,100000280090650,"Jero Salsamendi",https://www.facebook.com/jero.salsamendi,
Fernando,Montoya,fernando.montoya.123276@facebook.com,"06 de Febrero",https://www.facebook.com/fernando.montoya.123276,33,,"Ciudad Autónoma de Buenos Aires","Buenos Aires",Argentina,1346784574,"Malvi Ovando",https://www.facebook.com/malvi.ovando,
Juan,Casta,juancasta@facebook.com,"06 de Febrero",https://www.facebook.com/juancasta,26,,"Ciudad Autónoma de Buenos Aires","Buenos Aires",Argentina,1001966321,"Agos Costas",https://www.facebook.com/agoscostas,
Eze,Szarlat,eze.szarlat@facebook.com,"06 de Febrero",https://www.facebook.com/eze.szarlat,24,,"Ciudad Autónoma de Buenos Aires","Buenos Aires",Argentina,100001821621049,"Alan Volper",https://www.facebook.com/alan.volper,
Claudio,Perez,cperezimaz@facebook.com,"06 de Febrero",https://www.facebook.com/cperezimaz,32,,"Ciudad Autónoma de Buenos Aires","Buenos Aires",Argentina,628426436,"Anita Ghersinich",https://www.facebook.com/anita.ghersinich,
María,Lucía,lu.brignani@facebook.com,"06 de Febrero",https://www.facebook.com/lu.brignani,30,,"Ciudad Autónoma de Buenos Aires","Buenos Aires",Argentina,787677490,"Juan Clemente",,
Gonzalo,Pagano,gonzalo.pagano.14@facebook.com,"06 de Febrero",https://www.facebook.com/gonzalo.pagano.14,24,,"Ciudad Autónoma de Buenos Aires","Buenos Aires",Argentina,696860875,"Bernardo Cura Bonazzola",https://www.facebook.com/bernardocurabonazzola,
Linda,Ramirez,linda.ramirez.1981@facebook.com,"06 de Febrero",https://www.facebook.com/linda.ramirez.1981,33,,"Ciudad Autónoma de Buenos Aires","Buenos Aires",Argentina,1460513363,"Lara Saez",,
Ezequiel,Góngora,ezequiel.gongora.1@facebook.com,"06 de Febrero",https://www.facebook.com/ezequiel.gongora.1,31,"Buenos Aires","Buenos Aires","Buenos Aires",Argentina,100000390933128,"Juan Pablo Aleman",0,
Lulu,Fernandez,lu.fernandez.3597@facebook.com,"06 de Febrero",https://www.facebook.com/lu.fernandez.3597,27,,"Ciudad Autónoma de Buenos Aires","Buenos Aires",Argentina,100004095240657,"Luz Adamo",https://www.facebook.com/luz.adamo,
Candela,Caridad,candela.caridad@facebook.com,"06 de Febrero",https://www.facebook.com/candela.caridad,33,,"Ciudad Autónoma de Buenos Aires","Buenos Aires",Argentina,648881185,"Felicitas Ghigliotti",https://www.facebook.com/felicitas.ghigliotti,
Mario,Puma,mario.puma@facebook.com,"06 de Febrero",https://www.facebook.com/mario.puma,32,,"Ciudad Autónoma de Buenos Aires","Buenos Aires",Argentina,1483436382,"Julio Roberto Cuevas",https://www.facebook.com/julioroberto.cuevas,
Sofia,Guzman,sofi.guzman.12@facebook.com,"06 de Febrero",https://www.facebook.com/sofi.guzman.12,23,,"Ciudad Autónoma de Buenos Aires","Buenos Aires",Argentina,1361960214,"Valeria Ayala",,
Gonzalo,Aloi,gonzalo.aloi@facebook.com,"06 de Febrero",https://www.facebook.com/gonzalo.aloi,25,,"Ciudad Autónoma de Buenos Aires","Buenos Aires",Argentina,621551958,"Belen Uicich",https://www.facebook.com/belen.uicich,
Noe,Amighini,noe.amighini@facebook.com,"06 de Febrero",https://www.facebook.com/noe.amighini,30,,"Ciudad Autónoma de Buenos Aires","Buenos Aires",Argentina,563945722,"Juan Pablo Teixeira",,
Fernando,Recoder,fernando.recoder@facebook.com,"06 de Febrero",https://www.facebook.com/fernando.recoder,30,"Buenos Aires","Buenos Aires","Buenos Aires",Argentina,550460055,"Boio Kreutzer",0,
Facundo,Perez,facundo.perez.3576@facebook.com,"06 de Febrero",https://www.facebook.com/facundo.perez.3576,25,,"Ciudad Autónoma de Buenos Aires","Buenos Aires",Argentina,623773510,"Carli Pellizzaro",https://www.facebook.com/Carlii,
Roberto,Saiz,roberto.saiz.18@facebook.com,"06 de Febrero",https://www.facebook.com/roberto.saiz.18,27,,"Ciudad Autónoma de Buenos Aires","Buenos Aires",Argentina,1136386530,"Vale Piedra",https://www.facebook.com/Valepiedra,
Mishina,Mishine,mishina.mishine@facebook.com,"06 de Febrero",https://www.facebook.com/Mishina.Mishine,26,,"Ciudad Autónoma de Buenos Aires","Buenos Aires",Argentina,100002853190041,"Gisela Tesei",,
Natalia,Porcu,natalia.porcu@facebook.com,"06 de Febrero",https://www.facebook.com/natalia.porcu,25,"Villa Crespo","Ciudad Autónoma de Buenos Aires","Buenos Aires",Argentina,1159080734,"María Paz Short",https://www.facebook.com/paz.short,
Emanuel,Azar,emanuel.azar@facebook.com,"06 de Febrero",https://www.facebook.com/emanuel.azar,27,Array,"Ciudad Autónoma de Buenos Aires","Buenos Aires",Argentina,847320607,"Pao García",0,
Andrea,Sama,andy.sama@facebook.com,"06 de Febrero",https://www.facebook.com/andy.sama,29,,"Ciudad Autónoma de Buenos Aires","Buenos Aires",Argentina,726709741,"Sol Policastro",https://www.facebook.com/solangeforever,
Bernarda,Revello,bernarda.revello@facebook.com,"06 de Febrero",https://www.facebook.com/bernarda.revello,23,,"Ciudad Autónoma de Buenos Aires","Buenos Aires",Argentina,1133612782,"Pala Falguera",,
Silvana,Palacios,silvana25@facebook.com,"06 de Febrero",https://www.facebook.com/Silvana25,29,"Villa Pueyrredón","Ciudad Autónoma de Buenos Aires","Buenos Aires",Argentina,1274268369,"Chechu Acea",,
Dulce,Lela,ximena.mejia.773@facebook.com,"06 de Febrero",https://www.facebook.com/ximena.mejia.773,29,,"Ciudad Autónoma de Buenos Aires","Buenos Aires",Argentina,100005170840465,"Luz Adamo",https://www.facebook.com/luz.adamo,
Nico,Tedeschi,nico.tedeschi.7@facebook.com,"06 de Febrero",https://www.facebook.com/nico.tedeschi.7,26,"Buenos Aires","Buenos Aires","Buenos Aires",Argentina,1071543602,"Camila Dubarry",0,
Martin,Throm,martin.throm@facebook.com,"06 de Febrero",https://www.facebook.com/martin.throm,30,,"Ciudad Autónoma de Buenos Aires","Buenos Aires",Argentina,576278230,"Mery Spessa",https://www.facebook.com/Mery.Spessa,
Lucas,Canamasas,lucas.canamasas@facebook.com,"06 de Febrero",https://www.facebook.com/lucas.canamasas,30,,"Ciudad Autónoma de Buenos Aires","Buenos Aires",Argentina,576447437,"Mery Spessa",https://www.facebook.com/Mery.Spessa,
Lisandro,Lerch,lisandro.lerch@facebook.com,"06 de Febrero",https://www.facebook.com/lisandro.lerch,31,,"Ciudad Autónoma de Buenos Aires","Buenos Aires",Argentina,1172357587,"Flor Vischi Cortés",https://www.facebook.com/flor.vischi,
Eliana,Manso,eliana.manso.5@facebook.com,"06 de Febrero",https://www.facebook.com/eliana.manso.5,30,,"Ciudad Autónoma de Buenos Aires","Buenos Aires",Argentina,593014205,"Micaa Villa",https://www.facebook.com/MicaaElaVilla,
Nahuel,"Gonzalez Mosca",nawmosca@facebook.com,"06 de Febrero",https://www.facebook.com/nawmosca,24,,"Ciudad Autónoma de Buenos Aires","Buenos Aires",Argentina,100000173079495,"Alicia Kosem",https://www.facebook.com/alicia.kosem,
Ema,Palacios,ema.palacios.5@facebook.com,"06 de Febrero",https://www.facebook.com/ema.palacios.5,23,,"Ciudad Autónoma de Buenos Aires","Buenos Aires",Argentina,100000362766347,"Maria Belén",,
Pato,Plescia,patoplescia@facebook.com,"06 de Febrero",https://www.facebook.com/patoplescia,29,,"Ciudad Autónoma de Buenos Aires","Buenos Aires",Argentina,600404234,"Ludmila Di Prinzio",https://www.facebook.com/ludmila2k,
Mili,Bianchi,mili.bianchi.9@facebook.com,"06 de Febrero",https://www.facebook.com/mili.bianchi.9,24,,"Ciudad Autónoma de Buenos Aires","Buenos Aires",Argentina,100001063958244,"Gianfranco Ferrati",,
Gala,"Gomez Caruso",gala.gomezcaruso@facebook.com,"06 de Febrero",https://www.facebook.com/gala.gomezcaruso,23,,"Ciudad Autónoma de Buenos Aires","Buenos Aires",Argentina,1115275492,"Sebastian Diaz",https://www.facebook.com/sebastiantatudiaz,
Luli,Dawi,luli.dawi@facebook.com,"06 de Febrero",https://www.facebook.com/luli.dawi,28,,"Ciudad Autónoma de Buenos Aires","Buenos Aires",Argentina,675970715,"Valentin Abelardo",https://www.facebook.com/valentin.abelardo,
Niko,Gioia,nicolas.gioia@facebook.com,"06 de Febrero",https://www.facebook.com/nicolas.gioia,25,,"Ciudad Autónoma de Buenos Aires","Buenos Aires",Argentina,1089459347,"Jobs Bar",https://www.facebook.com/jobsbar,
Jose,Lopez,@facebook.com,"06 de Febrero",https://www.facebook.com/profile.php?id=752598584,32,"La Paternal","Ciudad Autónoma de Buenos Aires","Distrito Federal",Argentina,752598584,"Aldana Queirolo",https://www.facebook.com/aldana.queirolo,
Cristal,Fluo,cristocristalfluo@facebook.com,"06 de Febrero",https://www.facebook.com/cristocristalfluo,31,,"Ciudad Autónoma de Buenos Aires","Buenos Aires",Argentina,649144382,"Tatiana Petroccelli",https://www.facebook.com/tanshanita,
Georgina,Up,georgina.serafinimakeup@facebook.com,"06 de Febrero",https://www.facebook.com/georgina.serafinimakeup,31,,"Ciudad Autónoma de Buenos Aires","Buenos Aires",Argentina,1261435814,"Valentin Abelardo",https://www.facebook.com/valentin.abelardo,
Romina,Coria,romina.coria.792@facebook.com,"06 de Febrero",https://www.facebook.com/romina.coria.792,31,,"Ciudad Autónoma de Buenos Aires","Buenos Aires",Argentina,1263568486,"Valentin Abelardo",https://www.facebook.com/valentin.abelardo,
Martin,Leon,martin.leon.5661@facebook.com,"06 de Febrero",https://www.facebook.com/martin.leon.5661,25,,"Ciudad Autónoma de Buenos Aires","Buenos Aires",Argentina,802109930,"Maria Emilia Lopez Fonseca",,
Ignacio,Llavallol,illavallol@facebook.com,"06 de Febrero",https://www.facebook.com/illavallol,30,,"Ciudad Autónoma de Buenos Aires","Buenos Aires",Argentina,1143692504,"Daniel Toro Lopez",,
"Alvaro Ignacio",Costa,alvaroignacio.costa@facebook.com,"07 de Febrero",https://www.facebook.com/alvaroignacio.costa,30,,"Ciudad Autónoma de Buenos Aires","Buenos Aires",Argentina,1390166845,"Martin Barrabes",,
Christian,Lengert,christian.lengert@facebook.com,"07 de Febrero",https://www.facebook.com/christian.lengert,30,,"Ciudad Autónoma de Buenos Aires","Buenos Aires",Argentina,100000210363415,"Marina Castagnino",https://www.facebook.com/castagnino,
Ramona,Rmn,ramona.corazon.1@facebook.com,"07 de Febrero",https://www.facebook.com/ramona.corazon.1,30,,"Ciudad Autónoma de Buenos Aires","Buenos Aires",Argentina,100003309782677,"Estefania Pascual Lerario",https://www.facebook.com/estefania.lerario,
Romi,Enciso,romi.enciso@facebook.com,"07 de Febrero",https://www.facebook.com/romi.enciso,32,,"Ciudad Autónoma de Buenos Aires","Buenos Aires",Argentina,1312024993,"Guille Rampo",https://www.facebook.com/guillermo.rampo,
Barbara,Zara,zarabarbara@facebook.com,"07 de Febrero",https://www.facebook.com/zarabarbara,25,,"Ciudad Autónoma de Buenos Aires","Buenos Aires",Argentina,1302058319,"Ornela G Cirigliano",https://www.facebook.com/floweringashtree,
Maggie,Severio,maggie.severio@facebook.com,"07 de Febrero",https://www.facebook.com/maggie.severio,28,,"Ciudad Autónoma de Buenos Aires","Buenos Aires",Argentina,530897996,"Silvia Grun",,
"Jéssica Mahara","Becker Ribeiro",jessicamahara.beckerribeiro.3@facebook.com,"07 de Febrero",https://www.facebook.com/jessicamahara.beckerribeiro.3,28,"Buenos Aires","Buenos Aires","Buenos Aires",Argentina,100001325391049,"Juan Pablo Aleman",0,
Luz,Bianchi,luz.bianchi.9@facebook.com,"07 de Febrero",https://www.facebook.com/luz.bianchi.9,33,,"Ciudad Autónoma de Buenos Aires","Buenos Aires",Argentina,738532979,"Annie Silva",https://www.facebook.com/AnnieGaleano,
Paula,Dellarole,paula.dellarole@facebook.com,"07 de Febrero",https://www.facebook.com/paula.dellarole,26,,"Ciudad Autónoma de Buenos Aires","Buenos Aires",Argentina,623911656,"Charly Ruez",https://www.facebook.com/charly.ruez,
Delfina,Casal,delfina.casal.7@facebook.com,"07 de Febrero",https://www.facebook.com/delfina.casal.7,28,,"Ciudad Autónoma de Buenos Aires","Buenos Aires",Argentina,566118692,"Pam Contreras",,
Angeles,Sala,angeles.sala@facebook.com,"07 de Febrero",https://www.facebook.com/angeles.sala,28,,"Ciudad Autónoma de Buenos Aires","Buenos Aires",Argentina,515609339,"Guido De Marco",,
Emi,Martinez,martinezmariaemilia@facebook.com,"07 de Febrero",https://www.facebook.com/martinezmariaemilia,24,,"Ciudad Autónoma de Buenos Aires","Buenos Aires",Argentina,683830215,"Micu Mc Hardy",https://www.facebook.com/micu.hardy,
Andrea,Marras,andrea.marras.5015@facebook.com,"07 de Febrero",https://www.facebook.com/andrea.marras.5015,29,,"Ciudad Autónoma de Buenos Aires","Buenos Aires",Argentina,1113085287,"Ianina Daniela Castillo",https://www.facebook.com/ianina.castillo,
Hanna,Hannita,ailin.tajes@facebook.com,"07 de Febrero",https://www.facebook.com/ailin.tajes,29,,"Ciudad Autónoma de Buenos Aires","Buenos Aires",Argentina,100004522424206,"Ariel Villarreal",,
Sol,"Dos Santos",solci.dossantos@facebook.com,"07 de Febrero",https://www.facebook.com/solci.dossantos,23,,"Ciudad Autónoma de Buenos Aires","Buenos Aires",Argentina,100002833250681,"Nicolas Zelechowski",,
"Miguel Gastón",Straffela,miguelgaston.straffela@facebook.com,"07 de Febrero",https://www.facebook.com/miguelgaston.straffela,30,,"Ciudad Autónoma de Buenos Aires","Buenos Aires",Argentina,100001405258819,"Nicolas Brea",https://www.facebook.com/Nicolas.Brea,
Juan,Bellazzi,juan.bellazzi@facebook.com,"07 de Febrero",https://www.facebook.com/juan.bellazzi,32,"Buenos Aires","Buenos Aires","Buenos Aires",Argentina,635962103,"Juan Pablo Aleman",0,
Llawson,Ollivierre,omd.ollivierre@facebook.com,"07 de Febrero",https://www.facebook.com/omd.ollivierre,30,,"Ciudad Autónoma de Buenos Aires","Buenos Aires",Argentina,100001579708704,"Nicolas Brea",https://www.facebook.com/Nicolas.Brea,
Bruno,Orfano,brunorfano@facebook.com,"07 de Febrero",https://www.facebook.com/brunorfano,23,,"Ciudad Autónoma de Buenos Aires","Buenos Aires",Argentina,661718436,"Daiana Soledad Pintos",https://www.facebook.com/Sheena.is,
Mariana,Costa,mariana.costa.12979@facebook.com,"07 de Febrero",https://www.facebook.com/mariana.costa.12979,30,,"Ciudad Autónoma de Buenos Aires","Buenos Aires",Argentina,562688604,"Karina Fernandez",https://www.facebook.com/karuchita,
Mariano,Muñoz,mariano.m.munoz@facebook.com,"07 de Febrero",https://www.facebook.com/mariano.m.munoz,27,,"Ciudad Autónoma de Buenos Aires","Buenos Aires",Argentina,736785274,"Carli Pellizzaro",https://www.facebook.com/Carlii,
Sebastian,Cappiello,sebastian.cappiello.9@facebook.com,"07 de Febrero",https://www.facebook.com/sebastian.cappiello.9,25,,"Ciudad Autónoma de Buenos Aires","Buenos Aires",Argentina,100003370293541,"Tamara Pereyra",,
Daniela,Camarero,camarerodaniela@facebook.com,"07 de Febrero",https://www.facebook.com/CamareroDaniela,25,,"Ciudad Autónoma de Buenos Aires","Buenos Aires",Argentina,100006459401431,"Yanina Battiato",,
Facundo,Ortega,facundo.ortega.526@facebook.com,"07 de Febrero",https://www.facebook.com/facundo.ortega.526,29,,"Ciudad Autónoma de Buenos Aires","Buenos Aires",Argentina,1061516905,"Anita Ghersinich",https://www.facebook.com/anita.ghersinich,
Feria,Fatale,gisele.reynoso.7@facebook.com,"07 de Febrero",https://www.facebook.com/gisele.reynoso.7,25,,"Ciudad Autónoma de Buenos Aires","Buenos Aires",Argentina,100006466852516,"Yanina Battiato",,
Nicolás,Caputo,nicolas.narky@facebook.com,"07 de Febrero",https://www.facebook.com/nicolas.narky,25,,"Ciudad Autónoma de Buenos Aires","Buenos Aires",Argentina,603677555,"Karina Fernandez",https://www.facebook.com/karuchita,
Mila,Guerra,mila.guerra.ibarra@facebook.com,"07 de Febrero",https://www.facebook.com/mila.guerra.ibarra,30,,"Ciudad Autónoma de Buenos Aires","Buenos Aires",Argentina,1540383764,"Analia Utlo",https://www.facebook.com/ANY10,
Alfredo,Rios,alfredo.rios.393@facebook.com,"07 de Febrero",https://www.facebook.com/alfredo.rios.393,29,,"Ciudad Autónoma de Buenos Aires","Buenos Aires",Argentina,586138745,"Christian Vadalá",https://www.facebook.com/christian.vadala,
"Melina Mara","Meliante Coutinho",melina.meliante@facebook.com,"07 de Febrero",https://www.facebook.com/melina.meliante,27,,"Ciudad Autónoma de Buenos Aires","Buenos Aires",Argentina,630136461,"Natalia Tarelli",,
MyAmericana,Favorita,myamericana.favorita@facebook.com,"07 de Febrero",https://www.facebook.com/myamericana.favorita,31,,"Ciudad Autónoma de Buenos Aires","Buenos Aires",Argentina,100002590928410,"Ornela G Cirigliano",https://www.facebook.com/floweringashtree,
Luvi,Torres,luvi.torres.1@facebook.com,"07 de Febrero",https://www.facebook.com/luvi.torres.1,24,,"Ciudad Autónoma de Buenos Aires","Buenos Aires",Argentina,100003335321173,"Barby Lanata",https://www.facebook.com/barby.lanata,
Caro,Perez,caroperez@facebook.com,"07 de Febrero",https://www.facebook.com/caroperez,24,,"Ciudad Autónoma de Buenos Aires","Buenos Aires",Argentina,561643461,"Christian Douer Chuky",https://www.facebook.com/christian.chuky,
Conrado,Cañete,conrado.canete@facebook.com,"07 de Febrero",https://www.facebook.com/conrado.canete,28,,"Ciudad Autónoma de Buenos Aires","Buenos Aires",Argentina,804174482,"Estefania Pascual Lerario",https://www.facebook.com/estefania.lerario,
Aylu,Trenque,aylu.trenque@facebook.com,"07 de Febrero",https://www.facebook.com/aylu.trenque,24,,"Ciudad Autónoma de Buenos Aires","Buenos Aires",Argentina,561801831,"Christian Douer Chuky",https://www.facebook.com/christian.chuky,
Facundo,Mieres,facundo.mieres.7@facebook.com,"07 de Febrero",https://www.facebook.com/facundo.mieres.7,26,,"Ciudad Autónoma de Buenos Aires","Buenos Aires",Argentina,558348829,"Santi Osterc",https://www.facebook.com/santiosterc,
Vic,Azpiroz,vic.azpiroz@facebook.com,"07 de Febrero",https://www.facebook.com/vic.azpiroz,23,,"Ciudad Autónoma de Buenos Aires","Buenos Aires",Argentina,1220033928,"Facundo Bulacio",https://www.facebook.com/facundo.bulacio,
Emmanuel,Ortiz,emmanuel.r.ortiz.7@facebook.com,"07 de Febrero",https://www.facebook.com/emmanuel.r.ortiz.7,29,,"Ciudad Autónoma de Buenos Aires","Buenos Aires",Argentina,845685450,"Aldana Queirolo",https://www.facebook.com/aldana.queirolo,
Jesica,Saadi,jesica.saadi@facebook.com,"07 de Febrero",https://www.facebook.com/jesica.saadi,26,,"Ciudad Autónoma de Buenos Aires","Buenos Aires",Argentina,703497802,"Jessica Bellomo",https://www.facebook.com/JessBellomo,
Gabriel,Przybylski,pribi@facebook.com,"07 de Febrero",https://www.facebook.com/pribi,28,,"Ciudad Autónoma de Buenos Aires","Buenos Aires",Argentina,605861827,"Ana Glinberg",https://www.facebook.com/ana.glinberg,
Ana,Pla,ana.c.pla@facebook.com,"07 de Febrero",https://www.facebook.com/ana.c.pla,30,,"Ciudad Autónoma de Buenos Aires","Buenos Aires",Argentina,558274261,"Carlina Piedra",https://www.facebook.com/carlina.piedra,
Simon,"Lopez Linetti",simonlopezlinetti@facebook.com,"07 de Febrero",https://www.facebook.com/SimonLopezLinetti,24,,"Ciudad Autónoma de Buenos Aires","Buenos Aires",Argentina,658801643,"Bernardo Cura Bonazzola",https://www.facebook.com/bernardocurabonazzola,
Manuel,Klein,manuel.klein.10@facebook.com,"07 de Febrero",https://www.facebook.com/manuel.klein.10,23,,"Ciudad Autónoma de Buenos Aires","Buenos Aires",Argentina,1126637855,"Camila Perelló",https://www.facebook.com/camiperello,
Labombarda,Mauro,labombarda.mauro@facebook.com,"07 de Febrero",https://www.facebook.com/labombarda.mauro,24,,"Ciudad Autónoma de Buenos Aires","Buenos Aires",Argentina,764855506,"Cami Papiccio",https://www.facebook.com/cami.papiccio,
Lorena,Lopez,@facebook.com,"07 de Febrero",https://www.facebook.com/profile.php?id=1410726433,28,,"Ciudad Autónoma de Buenos Aires","Buenos Aires",Argentina,1410726433,"Cynthia Tatiana Martinez Neves",https://www.facebook.com/cynthiatatiana.martinezne,
Alexis,Rodriguez,@facebook.com,"07 de Febrero",https://www.facebook.com/profile.php?id=100004849560001,30,,"Ciudad Autónoma de Buenos Aires","Buenos Aires",Argentina,100004849560001,"La Rockeria",https://www.facebook.com/oveja1,
Fermín,Sastre,fermin.sastre@facebook.com,"07 de Febrero",https://www.facebook.com/fermin.sastre,23,,"Ciudad Autónoma de Buenos Aires","Buenos Aires",Argentina,1213081298,"Barby Suarez",https://www.facebook.com/barby1522,
"Maria Belen",Danza,@facebook.com,"07 de Febrero",https://www.facebook.com/profile.php?id=100004814649957,25,,"Ciudad Autónoma de Buenos Aires","Buenos Aires",Argentina,100004814649957,"Sumatra Shows",https://www.facebook.com/sumatrashows,
Gonzalo,Gimenez,cucagimenez@facebook.com,"07 de Febrero",https://www.facebook.com/cucagimenez,28,,"Ciudad Autónoma de Buenos Aires","Buenos Aires",Argentina,590651572,"Alejandra Diaz De Vivar",,
Manos,Pintadas,manos.pintadas.33@facebook.com,"07 de Febrero",https://www.facebook.com/manos.pintadas.33,31,,"Ciudad Autónoma de Buenos Aires","Buenos Aires",Argentina,100006867102855,"Jimena Zaccardi",https://www.facebook.com/Jimediab,
"Estudio Jurídico",Iglesias,estudiojuridico.iglesias.7@facebook.com,"07 de Febrero",https://www.facebook.com/estudiojuridico.iglesias.7,31,,"Ciudad Autónoma de Buenos Aires","Buenos Aires",Argentina,100007115348301,"Jimena Zaccardi",https://www.facebook.com/Jimediab,
Sole,Garzon,sole.r.garzon@facebook.com,"07 de Febrero",https://www.facebook.com/sole.r.garzon,23,,"Ciudad Autónoma de Buenos Aires","Buenos Aires",Argentina,698689341,"Fran L. Ocampo",https://www.facebook.com/franco,
"María Gabriela",Miguelez,mariagabriela.miguelez@facebook.com,"07 de Febrero",https://www.facebook.com/mariagabriela.miguelez,31,Boedo,"Ciudad Autónoma de Buenos Aires","Distrito Federal",Argentina,100000219366980,"Alejandro Cocktila Acosta",https://www.facebook.com/alejandro.acosta,
Santi,Moraiz,santiago.moraiz@facebook.com,"07 de Febrero",https://www.facebook.com/santiago.moraiz,23,Recoleta,"Ciudad Autónoma de Buenos Aires","Buenos Aires",Argentina,661427765,"Facundo Bulacio",https://www.facebook.com/facundo.bulacio,
Gabriela,Marina,gabrimarina@facebook.com,"07 de Febrero",https://www.facebook.com/gabrimarina,29,,"Ciudad Autónoma de Buenos Aires","Buenos Aires",Argentina,1318461837,"Marina Gispert Rieu",https://www.facebook.com/marina.gispertrieu,
Paz,Ambrosetti,paz.ambrosetti@facebook.com,"07 de Febrero",https://www.facebook.com/paz.ambrosetti,26,,"Ciudad Autónoma de Buenos Aires","Buenos Aires",Argentina,503286367,"Candelaria Sires Barrantes",,
Schimpf,Daniel,schimpf.p.daniel@facebook.com,"07 de Febrero",https://www.facebook.com/schimpf.p.daniel,30,,"Ciudad Autónoma de Buenos Aires","Buenos Aires",Argentina,1422452329,"Ruben Pacora",https://www.facebook.com/ruben.pacora,
Rocio,Martin,rocio.martin.587@facebook.com,"07 de Febrero",https://www.facebook.com/rocio.martin.587,31,,"Ciudad Autónoma de Buenos Aires","Buenos Aires",Argentina,1324097549,"Guido De Marco",,
Romina,Fernández,romina.p.fernandez.7@facebook.com,"07 de Febrero",https://www.facebook.com/romina.p.fernandez.7,29,,"Ciudad Autónoma de Buenos Aires","Buenos Aires",Argentina,542848727,"Carla Giovana",,
Carlos,Fretes,carlos.fretes.372@facebook.com,"07 de Febrero",https://www.facebook.com/carlos.fretes.372,29,,"Ciudad Autónoma de Buenos Aires","Buenos Aires",Argentina,100000653203712,"Giiu Minniti",https://www.facebook.com/giiu.minniti,
Anita,Hernandez,anita.hernandez.18400@facebook.com,"07 de Febrero",https://www.facebook.com/anita.hernandez.18400,31,"Buenos Aires","Buenos Aires","Buenos Aires",Argentina,1197404962,"Corina Doorish",0,
"Maria Alejandra",Avalos,mariaalejandra.avalos.1@facebook.com,"07 de Febrero",https://www.facebook.com/mariaalejandra.avalos.1,25,,"Ciudad Autónoma de Buenos Aires","Buenos Aires",Argentina,1342698560,"Maria Pia Perez Brea",,
Matias,Malnero,matias.malnero@facebook.com,"07 de Febrero",https://www.facebook.com/matias.malnero,27,,"Ciudad Autónoma de Buenos Aires","Buenos Aires",Argentina,1497090303,"Analia Petrocco",https://www.facebook.com/analia.petrocco,
Carolina,Aldana,carolina.aldana.73@facebook.com,"07 de Febrero",https://www.facebook.com/carolina.aldana.73,25,,"Ciudad Autónoma de Buenos Aires","Buenos Aires",Argentina,549474596,"Rocío Martínez",https://www.facebook.com/rochi.belen,
"Maria Daniela",Napoli,mariadaniela.napoli@facebook.com,"07 de Febrero",https://www.facebook.com/mariadaniela.napoli,27,"Nueva Pompeya","Ciudad Autónoma de Buenos Aires","Buenos Aires",Argentina,669478731,"La Rockeria",https://www.facebook.com/oveja1,
Marcelo,Chaves,marcelo.chaves.58323@facebook.com,"07 de Febrero",https://www.facebook.com/marcelo.chaves.58323,32,,"Ciudad Autónoma de Buenos Aires","Buenos Aires",Argentina,564754366,"Guille Rampo",https://www.facebook.com/guillermo.rampo,
Juan,Rubin,juan.rubin.9@facebook.com,"07 de Febrero",https://www.facebook.com/juan.rubin.9,32,,"Ciudad Autónoma de Buenos Aires","Buenos Aires",Argentina,1281452947,"Maanu C. Rebori",https://www.facebook.com/maanu,
Lucas,Guzman,lucas.guzman.1690@facebook.com,"07 de Febrero",https://www.facebook.com/lucas.guzman.1690,28,Saavedra,"Ciudad Autónoma de Buenos Aires","Buenos Aires",Argentina,100004725150805,"Franco Marcoccia",https://www.facebook.com/franco.marcoccia,
Flor,"Anguita Mascherpa",florencia.anguitamascherpa@facebook.com,"07 de Febrero",https://www.facebook.com/florencia.anguitamascherpa,29,,"Ciudad Autónoma de Buenos Aires","Buenos Aires",Argentina,683268821,"Nadia Soraya",https://www.facebook.com/nadia.soraya,
Florencio,Bistro,florencio.bistro@facebook.com,"07 de Febrero",https://www.facebook.com/florencio.bistro,33,Recoleta,"Ciudad Autónoma de Buenos Aires","Buenos Aires",Argentina,100000135603546,"Alina Gálvez Lynch",https://www.facebook.com/alina.galvez,
Matias,Añón,matias.anon.5@facebook.com,"07 de Febrero",https://www.facebook.com/matias.anon.5,24,,"Ciudad Autónoma de Buenos Aires","Buenos Aires",Argentina,100007493705214,"Martín Álvarez BA I",https://www.facebook.com/Woody.Blair,
Martina,Dominguez,martudom@facebook.com,"07 de Febrero",https://www.facebook.com/martudom,26,,"Ciudad Autónoma de Buenos Aires","Buenos Aires",Argentina,518673073,"Matias Adanez",https://www.facebook.com/madanez,
Laurel,RL,marialaura.rodriguezlasalvia@facebook.com,"07 de Febrero",https://www.facebook.com/marialaura.rodriguezlasalvia,31,,"Ciudad Autónoma de Buenos Aires","Buenos Aires",Argentina,549705915,"Miqui Berriòs",https://www.facebook.com/miqui.berrios,
Jose,Noble,jose.noble.31@facebook.com,"07 de Febrero",https://www.facebook.com/jose.noble.31,24,,"Ciudad Autónoma de Buenos Aires","Buenos Aires",Argentina,100002623374503,"Guada Lozano",,
Franciscoafro,"Cama Sanchez",franciscoafro@facebook.com,"07 de Febrero",https://www.facebook.com/FRANCISCOAFRO,33,,"Ciudad Autónoma de Buenos Aires","Buenos Aires",Argentina,1318568620,"Brenda Fabregat",https://www.facebook.com/brenda.fabregat,
"Juan Lucas",Ibañez,juanlucas.ibanez@facebook.com,"07 de Febrero",https://www.facebook.com/juanlucas.ibanez,25,,"Ciudad Autónoma de Buenos Aires","Buenos Aires",Argentina,1255926052,"Manuela Villa",,
Evelyn,Borelli,evelyn.borelli@facebook.com,"07 de Febrero",https://www.facebook.com/evelyn.borelli,32,,"Ciudad Autónoma de Buenos Aires","Buenos Aires",Argentina,1369457879,"Gisele Galia",https://www.facebook.com/gisele.galia,
Nicolas,Artese,nicolas.artese@facebook.com,"07 de Febrero",https://www.facebook.com/nicolas.artese,33,,"Ciudad Autónoma de Buenos Aires","Buenos Aires",Argentina,1306565271,"Gimena Yamila Yerden Giaquinto",https://www.facebook.com/Gimetrance,
Mercedes,"Pezz Ruisanchez",mercedes.pezzruisanchez@facebook.com,"07 de Febrero",https://www.facebook.com/mercedes.pezzruisanchez,33,,"Ciudad Autónoma de Buenos Aires","Buenos Aires",Argentina,544621432,"Amilcar Ferrari",,
Luli,Ambrogna,luliambrogna@facebook.com,"07 de Febrero",https://www.facebook.com/luliambrogna,24,,"Ciudad Autónoma de Buenos Aires","Buenos Aires",Argentina,587189034,"Joaco Alvarez Amuchástegui",,
Rodrigo,Venturino,rodrigo.venturino@facebook.com,"07 de Febrero",https://www.facebook.com/rodrigo.venturino,24,,"Ciudad Autónoma de Buenos Aires","Buenos Aires",Argentina,693159758,"Yanina Toto",https://www.facebook.com/yanina.toto,
Natalia,Tejedor,natalia.tejedor.7@facebook.com,"07 de Febrero",https://www.facebook.com/natalia.tejedor.7,32,Array,"Ciudad Autónoma de Buenos Aires","Buenos Aires",Argentina,100000596289457,"Tiago Salvia",0,
Agustina,Rezzani,agustina.rezzani@facebook.com,"07 de Febrero",https://www.facebook.com/agustina.rezzani,27,,"Ciudad Autónoma de Buenos Aires","Buenos Aires",Argentina,567656185,"Maria Pia Perez Brea",,
Motto,Mintoo,celeste.chung.1@facebook.com,"07 de Febrero",https://www.facebook.com/celeste.chung.1,24,"Buenos Aires","Buenos Aires","Buenos Aires",Argentina,517383269,"Alan Yun",0,
Hernán,Hle,hernan.hle@facebook.com,"07 de Febrero",https://www.facebook.com/hernan.hle,29,,"Ciudad Autónoma de Buenos Aires","Buenos Aires",Argentina,1147333922,"Maia Ledo",https://www.facebook.com/maia.ledo,
Viri,Riera,viri.riera@facebook.com,"07 de Febrero",https://www.facebook.com/viri.riera,26,"Nueva Pompeya","Ciudad Autónoma de Buenos Aires","Buenos Aires",Argentina,100000905491625,"Ayelen Lopez",https://www.facebook.com/puchipockett,
Rodrigo,Medel,rodrigo.medel.587@facebook.com,"07 de Febrero",https://www.facebook.com/rodrigo.medel.587,25,,"Ciudad Autónoma de Buenos Aires","Buenos Aires",Argentina,754112925,"Guido De Marco",,
Alberto,Pucheta,alberto.pucheta.39@facebook.com,"07 de Febrero",https://www.facebook.com/alberto.pucheta.39,29,,"Ciudad Autónoma de Buenos Aires","Buenos Aires",Argentina,500781486,"Castro Marina",https://www.facebook.com/castro.marina,
Nicolas,Mathys,nicomathys@facebook.com,"07 de Febrero",https://www.facebook.com/nicomathys,30,,"Ciudad Autónoma de Buenos Aires","Buenos Aires",Argentina,781130000,"Gimena Librio",https://www.facebook.com/gimelibrio,
Ádám,Tímea,adam.timea007@facebook.com,"07 de Febrero",https://www.facebook.com/Adam.Timea007,30,,"Ciudad Autónoma de Buenos Aires","Buenos Aires",Argentina,1226709098,"Aldana Queirolo",https://www.facebook.com/aldana.queirolo,
Natalia,Boquet,natalia.boquet@facebook.com,"07 de Febrero",https://www.facebook.com/natalia.boquet,29,,"Ciudad Autónoma de Buenos Aires","Buenos Aires",Argentina,1646990821,"Natalia Magariello",https://www.facebook.com/natalia.magariello,
Valeria,"Rubianes Gagliardo",valeria.rubianesgagliardo@facebook.com,"07 de Febrero",https://www.facebook.com/valeria.rubianesgagliardo,29,,"Ciudad Autónoma de Buenos Aires","Buenos Aires",Argentina,890970190,"Juan Pablo Teixeira",,
Luli,Fernández,@facebook.com,"07 de Febrero",https://www.facebook.com/profile.php?id=100004927006360,24,,"Ciudad Autónoma de Buenos Aires","Buenos Aires",Argentina,100004927006360,"Charly Ruez",https://www.facebook.com/charly.ruez,
Cecilia,Duval,cecilia.duval.33@facebook.com,"07 de Febrero",https://www.facebook.com/cecilia.duval.33,27,,"Ciudad Autónoma de Buenos Aires","Buenos Aires",Argentina,821812500,"Lulita Biagini",https://www.facebook.com/luciana.biagini,
Vane,Baratti,barattiv@facebook.com,"07 de Febrero",https://www.facebook.com/barattiv,29,,"Ciudad Autónoma de Buenos Aires","Buenos Aires",Argentina,1132797496,"Daniel Toro Lopez",,
Daniela,Leyria,daniela.leyria.90@facebook.com,"07 de Febrero",https://www.facebook.com/daniela.leyria.90,28,"Barrio Norte","Ciudad Autónoma de Buenos Aires","Buenos Aires",Argentina,1029562777,"Guille Rampo",https://www.facebook.com/guillermo.rampo,
Damian,Rodriguez,daro84@facebook.com,"07 de Febrero",https://www.facebook.com/DARO84,30,Recoleta,"Ciudad Autónoma de Buenos Aires","Buenos Aires",Argentina,1445885399,"Ignacio Lines Ceruti",https://www.facebook.com/ignacio.lines,
