Nombre,Apellido,"Email Facebook",Cumpleaños,"Usuario Facebook",Edad,Barrio,Ciudad,Provincia,Pais,"ID Facebook","Amigo De","Amigo De (Usuario)",rebound
Diego,Mercado,dieggoemercado@facebook.com,"06 de Febrero",https://www.facebook.com/dieggoemercado,,,"Ciudad Autónoma de Buenos Aires","Buenos Aires",Argentina,1423673389,"Cynthia Gianni",,1
Nico,Aru,nico.aru@facebook.com,"06 de Febrero",https://www.facebook.com/nico.aru,27,,"Ciudad Autónoma de Buenos Aires","Buenos Aires",Argentina,1131555315,"Estefi Hilarza",https://www.facebook.com/estefi.hilarza,1
Claudia,Carucci,caruccihandbags@facebook.com,"06 de Febrero",https://www.facebook.com/caruccihandbags,25,,"Ciudad Autónoma de Buenos Aires","Buenos Aires",Argentina,100006555363077,"Alexia Garcia",https://www.facebook.com/garciaalexiia,1
Liam,Wheeler,bruler.wheeler@facebook.com,"06 de Febrero",https://www.facebook.com/bruler.wheeler,26,,"Ciudad Autónoma de Buenos Aires","Buenos Aires",Argentina,100003876077926,"Alan Volper",https://www.facebook.com/alan.volper,1
Alejandra,"?ï? Of????i????c????i????a???",ayelen.paleo.545@facebook.com,"06 de Febrero",https://www.facebook.com/ayelen.paleo.545,23,,"Ciudad Autónoma de Buenos Aires","Buenos Aires",Argentina,100007409859333,"Sebastian Daniel Riccardi",https://www.facebook.com/sebastian.riccardi,1
Sol,Kastan,sol.kastan@facebook.com,"06 de Febrero",https://www.facebook.com/sol.kastan,,,"Ciudad Autónoma de Buenos Aires","Buenos Aires",Argentina,1053933274,"Eve Schiera",,1
Carola,Arbos,carola.arbos.7399@facebook.com,"06 de Febrero",https://www.facebook.com/Carola.arbos.7399,23,,"Ciudad Autónoma de Buenos Aires","Buenos Aires",Argentina,100002563539056,"Facu Denegri",,1
Luna,Cohen,luna.cohen.10@facebook.com,"06 de Febrero",https://www.facebook.com/luna.cohen.10,,,"Ciudad Autónoma de Buenos Aires","Buenos Aires",Argentina,100001585095972,"Bë Döbiencita",https://www.facebook.com/be.dobiencita,1
Exequiel,Avalos,exequiel.avalos.92@facebook.com,"06 de Febrero",https://www.facebook.com/exequiel.avalos.92,,,"Ciudad Autónoma de Buenos Aires","Buenos Aires",Argentina,1660575083,"Anto Trezza",https://www.facebook.com/anto.trezza,1
Marcos,Marinozzi,marcos.marinozzi@facebook.com,"06 de Febrero",https://www.facebook.com/marcos.marinozzi,,"Buenos Aires","Buenos Aires","Buenos Aires",Argentina,612014593,"Boio Kreutzer",0,1
Anita,Ghersinich,anita.ghersinich@facebook.com,"06 de Febrero",https://www.facebook.com/anita.ghersinich,,,"Ciudad Autónoma de Buenos Aires","Buenos Aires",Argentina,100000969605296,"Charly Ruez",https://www.facebook.com/charly.ruez,1
Mishi,Solá,mishi.sola@facebook.com,"06 de Febrero",https://www.facebook.com/mishi.sola,,,"Ciudad Autónoma de Buenos Aires","Buenos Aires",Argentina,1814133460,"Emanuel Gaston Perdigues",https://www.facebook.com/emaxpx,1
"Tirso Luis Héctor",Gómez,tirsoluishector.gomez@facebook.com,"06 de Febrero",https://www.facebook.com/tirsoluishector.gomez,,,"Ciudad Autónoma de Buenos Aires","Buenos Aires",Argentina,100001059952402,"Lucas Alegre",,1
María,Parodi,maria.j.parodi.18@facebook.com,"06 de Febrero",https://www.facebook.com/maria.j.parodi.18,29,,"Ciudad Autónoma de Buenos Aires","Buenos Aires",Argentina,602388191,"Manuela Villa",,1
Lucas,Godoy,lucas.deburr@facebook.com,"06 de Febrero",https://www.facebook.com/lucas.deburr,,,"Ciudad Autónoma de Buenos Aires","Buenos Aires",Argentina,100000225921891,"Agustina Pelle Müller",,1
Tomas,Juarros,t.a.juarros@facebook.com,"06 de Febrero",https://www.facebook.com/t.a.juarros,,"Puerto Madero","Ciudad Autónoma de Buenos Aires","Distrito Federal",Argentina,1542093269,"Fiestas Baires",,1
Negri,Balvanera,negri.debalvaneraiii@facebook.com,"06 de Febrero",https://www.facebook.com/negri.debalvaneraiii,24,,"Ciudad Autónoma de Buenos Aires","Buenos Aires",Argentina,100003535781985,"Julio Roberto Cuevas",https://www.facebook.com/julioroberto.cuevas,1
"Kammy Litah",Centrice,kammylitah.centrice@facebook.com,"06 de Febrero",https://www.facebook.com/kammylitah.centrice,,"San Telmo","Ciudad Autónoma de Buenos Aires","Distrito Federal",Argentina,100001904514358,"Gustavo Pietrafesa",,1
Pablo,Aguilar,pablo.aguilar.5891@facebook.com,"06 de Febrero",https://www.facebook.com/pablo.aguilar.5891,23,,"Ciudad Autónoma de Buenos Aires","Buenos Aires",Argentina,100000594417095,"Analia Utlo",https://www.facebook.com/ANY10,1
Pablo,Julian,pablo.julian.56@facebook.com,"06 de Febrero",https://www.facebook.com/pablo.julian.56,26,,"Ciudad Autónoma de Buenos Aires","Buenos Aires",Argentina,100001153382721,"Nataly Cuerva",https://www.facebook.com/nataliagtrujillo,1
Gabriela,Araujo,gabriela.araujo.100046@facebook.com,"06 de Febrero",https://www.facebook.com/gabriela.araujo.100046,26,,"Ciudad Autónoma de Buenos Aires","Buenos Aires",Argentina,1384213893,"Princess Rouse",,1
Gastón,Carp,gaston.cano.39@facebook.com,"06 de Febrero",https://www.facebook.com/gaston.cano.39,,,"Ciudad Autónoma de Buenos Aires","Buenos Aires",Argentina,100002493443496,"Flor Vischi Cortés",https://www.facebook.com/flor.vischi,1
Dalma,"Prana Pelu",pony.pranapelu@facebook.com,"06 de Febrero",https://www.facebook.com/pony.pranapelu,23,,"Ciudad Autónoma de Buenos Aires","Buenos Aires",Argentina,100004008981330,"Melo Dellarole",https://www.facebook.com/melodellarole,1
Antto,Dpp,deciimeeamttohh@facebook.com,"06 de Febrero",https://www.facebook.com/DeciimeeAmttohh,,"Parque Patricios","Ciudad Autónoma de Buenos Aires","Distrito Federal",Argentina,1512078159,"Ale Arias Mandarine Park",,1
Noe,"de Montes",noe.y.emi@facebook.com,"06 de Febrero",https://www.facebook.com/noe.y.emi,,,"Ciudad Autónoma de Buenos Aires","Buenos Aires",Argentina,1795014941,"Yanina Morinelli",https://www.facebook.com/YaniMorinelli,1
Anii,Zabala,aniita.zabala.1@facebook.com,"06 de Febrero",https://www.facebook.com/aniita.zabala.1,,,"Ciudad Autónoma de Buenos Aires","Buenos Aires",Argentina,100001257671239,"Agustin Justin",https://www.facebook.com/Agustin.Justin,1
Juncor,Riro,juncor.riro@facebook.com,"06 de Febrero",https://www.facebook.com/juncor.riro,29,,"Ciudad Autónoma de Buenos Aires","Buenos Aires",Argentina,100004323242877,"Leandro Matias",,1
Clarisa,D'Angelo,cladangelo@facebook.com,"06 de Febrero",https://www.facebook.com/cladangelo,24,,"Ciudad Autónoma de Buenos Aires","Buenos Aires",Argentina,1038074437,"Facundo Bulacio",https://www.facebook.com/facundo.bulacio,1
Tinna,Conci,cooncii@facebook.com,"06 de Febrero",https://www.facebook.com/cooncii,,,"Ciudad Autónoma de Buenos Aires","Buenos Aires",Argentina,100001361184662,"Vanina Lopez Baroni",https://www.facebook.com/vaninalb,1
Diego,Gianolini,dgianolini@facebook.com,"06 de Febrero",https://www.facebook.com/dgianolini,,,"Ciudad Autónoma de Buenos Aires","Buenos Aires",Argentina,100000560458126,"Valentin Abelardo",https://www.facebook.com/valentin.abelardo,1
Ramiro,Galatto,ramagalatto@facebook.com,"06 de Febrero",https://www.facebook.com/ramagalatto,,,"Ciudad Autónoma de Buenos Aires","Buenos Aires",Argentina,732177113,"Sofu Maddonni",https://www.facebook.com/ssofiia,1
DrMétodo,BuenosAires,drmetodo.buenosaires@facebook.com,"06 de Febrero",https://www.facebook.com/drmetodo.buenosaires,30,,"Ciudad Autónoma de Buenos Aires","Buenos Aires",Argentina,100007841316715,"Carolina Ataides Sena Barcelos",https://www.facebook.com/kkbarcellos,1
Luis,Alejandro,luisalejandroonline@facebook.com,"06 de Febrero",https://www.facebook.com/LuisAlejandroOnline,,,"Ciudad Autónoma de Buenos Aires","Buenos Aires",Argentina,100001030881814,"Vanesa Myrna Ojeda",,1
Valeria,"Lynch II",valeria.lynchii@facebook.com,"06 de Febrero",https://www.facebook.com/valeria.lynchii,,,"Ciudad Autónoma de Buenos Aires","Buenos Aires",Argentina,100001030931779,"Vanesa Myrna Ojeda",,1
Natalia,Veliz,nataliavveliz@facebook.com,"06 de Febrero",https://www.facebook.com/nataliavveliz,27,,"Ciudad Autónoma de Buenos Aires","Buenos Aires",Argentina,1136378388,"Vale Piedra",https://www.facebook.com/Valepiedra,1
Shamila,Cabrera,shamila.cabrera.7@facebook.com,"06 de Febrero",https://www.facebook.com/shamila.cabrera.7,25,,"Ciudad Autónoma de Buenos Aires","Buenos Aires",Argentina,1562205030,"Cristian Fernandez Villamor",https://www.facebook.com/cristian.fernandezvillamo,1
Marco,Garcia,marco.garcia.353250@facebook.com,"06 de Febrero",https://www.facebook.com/marco.garcia.353250,,,"Ciudad Autónoma de Buenos Aires","Buenos Aires",Argentina,1373641143,"Joshua Oglio",,1
Nicolas,Quaranta,nicolas.quaranta.77@facebook.com,"06 de Febrero",https://www.facebook.com/nicolas.quaranta.77,30,,"Ciudad Autónoma de Buenos Aires","Buenos Aires",Argentina,100000038263110,"Florencia Ferrari",https://www.facebook.com/florenciaferrari.1403,1
Mati,Gc,mati.gc.1@facebook.com,"06 de Febrero",https://www.facebook.com/mati.gc.1,30,,"Ciudad Autónoma de Buenos Aires","Buenos Aires",Argentina,726230311,"Sol Bettoni",,1
Mandala,Prod,mandala.prod.5@facebook.com,"06 de Febrero",https://www.facebook.com/mandala.prod.5,25,,"Ciudad Autónoma de Buenos Aires","Buenos Aires",Argentina,100007724857463,"Flor Scalise",https://www.facebook.com/flor.scalise,1
Mood,"Nico Quaranta",apple.nicoquaranta@facebook.com,"06 de Febrero",https://www.facebook.com/apple.nicoquaranta,30,,"Ciudad Autónoma de Buenos Aires","Buenos Aires",Argentina,100002505443576,"Clara Ryan",https://www.facebook.com/clariryaneventos,1
Noelia,Salandin,noelia.salandin@facebook.com,"06 de Febrero",https://www.facebook.com/noelia.salandin,23,,"Ciudad Autónoma de Buenos Aires","Buenos Aires",Argentina,1283986086,"Shirley Cass",,1
Tom,McFly,dktomy@facebook.com,"06 de Febrero",https://www.facebook.com/Dktomy,,"Villa Del Parque","Ciudad Autónoma de Buenos Aires","Buenos Aires",Argentina,1410010640,"Ariel Rivera",,1
Mi,Bike,mi.bike.790@facebook.com,"06 de Febrero",https://www.facebook.com/mi.bike.790,21,,"Ciudad Autónoma de Buenos Aires","Buenos Aires",Argentina,100002061519640,"Maanu C. Rebori",https://www.facebook.com/maanu,1
Nicolas,Espinosa,espinosanicolas@facebook.com,"06 de Febrero",https://www.facebook.com/espinosanicolas,22,,"Ciudad Autónoma de Buenos Aires","Buenos Aires",Argentina,1015917448,"Daiana Soledad Pintos",https://www.facebook.com/Sheena.is,1
Braa,Skate,fer.akd.37@facebook.com,"06 de Febrero",https://www.facebook.com/fer.akd.37,,,"Ciudad Autónoma de Buenos Aires","Buenos Aires",Argentina,100000210699909,"Gisele Fratini",https://www.facebook.com/giakdmik,1
Gonzalo,Marinelli,gonzalo.marinelli.90@facebook.com,"07 de Febrero",https://www.facebook.com/gonzalo.marinelli.90,25,,"Ciudad Autónoma de Buenos Aires","Buenos Aires",Argentina,683560763,"Carli Pellizzaro",https://www.facebook.com/Carlii,1
Macarena,Roitt,macarena.roitt@facebook.com,"07 de Febrero",https://www.facebook.com/macarena.roitt,,Array,"Ciudad Autónoma de Buenos Aires","Buenos Aires",Argentina,100002244163959,"Juan Pablo Aleman",0,1
Antonella,Mori,adameiwong@facebook.com,"07 de Febrero",https://www.facebook.com/adameiwong,22,"Buenos Aires","Buenos Aires","Buenos Aires",Argentina,1521802228,"Alan Yun",0,1
Na,"Ti Morenita",natalia.monzon.14@facebook.com,"07 de Febrero",https://www.facebook.com/natalia.monzon.14,,,"Ciudad Autónoma de Buenos Aires","Buenos Aires",Argentina,1424883151,"Tatiana Petroccelli",https://www.facebook.com/tanshanita,1
Serch,Gro,sergio.grosso.9@facebook.com,"07 de Febrero",https://www.facebook.com/sergio.grosso.9,26,,"Ciudad Autónoma de Buenos Aires","Buenos Aires",Argentina,1544017471,"Braii Venieri",https://www.facebook.com/BraianVenieri,1
Eduardo,Frezza,eduardofrezzacronologia@facebook.com,"07 de Febrero",https://www.facebook.com/eduardofrezzacronologia,,,"Ciudad Autónoma de Buenos Aires","Buenos Aires",Argentina,100000227310494,"La Rockeria",https://www.facebook.com/oveja1,1
Estani,"de Olmos",estani.deolmos@facebook.com,"07 de Febrero",https://www.facebook.com/estani.deolmos,,"Barrio Norte","Ciudad Autónoma de Buenos Aires","Buenos Aires",Argentina,568247967,"Mauro Napole",https://www.facebook.com/maurinapole,1
Josue,Rojas,jose.rojas.796569@facebook.com,"07 de Febrero",https://www.facebook.com/jose.rojas.796569,23,,"Ciudad Autónoma de Buenos Aires","Buenos Aires",Argentina,100002033537689,"Lo Lola",,1
Ailen,"San Agustin",ailen.sanagustin@facebook.com,"07 de Febrero",https://www.facebook.com/ailen.sanagustin,,"Villa Crespo","Ciudad Autónoma de Buenos Aires","Buenos Aires",Argentina,100000738152378,"Ezequiel Sebastian Berardi",https://www.facebook.com/EzErAsTa,1
Agustín,Zapata,agustin.zapata.982@facebook.com,"07 de Febrero",https://www.facebook.com/agustin.zapata.982,,,"Ciudad Autónoma de Buenos Aires","Buenos Aires",Argentina,644286533,"Maru Bruni",,1
Cecilia,Cubas,cecilia.cubas.12@facebook.com,"07 de Febrero",https://www.facebook.com/cecilia.cubas.12,30,,"Ciudad Autónoma de Buenos Aires","Buenos Aires",Argentina,1177873876,"Alejandro Cocktila Acosta",https://www.facebook.com/alejandro.acosta,1
Vestuario,Alquiler,vestuario.alquiler@facebook.com,"07 de Febrero",https://www.facebook.com/vestuario.alquiler,24,,"Ciudad Autónoma de Buenos Aires","Buenos Aires",Argentina,100003315383160,"Barby Lanata",https://www.facebook.com/barby.lanata,1
Pepo,Araujo,pepo.araujo.3@facebook.com,"07 de Febrero",https://www.facebook.com/pepo.araujo.3,24,,"Ciudad Autónoma de Buenos Aires","Buenos Aires",Argentina,100001492939862,"Aylu Macchi",,1
Missglam,Bsas,missglam.bsas.1@facebook.com,"07 de Febrero",https://www.facebook.com/missglam.bsas.1,27,,"Ciudad Autónoma de Buenos Aires","Buenos Aires",Argentina,100001511139197,"Vanesa Myrna Ojeda",,1
Vanesa,Mansilla,vanne.mc@facebook.com,"07 de Febrero",https://www.facebook.com/vanne.mc,29,,"Ciudad Autónoma de Buenos Aires","Buenos Aires",Argentina,730342485,"Noelia Juskiewicz",https://www.facebook.com/noelia.juskiewicz,1
"En Tu Idioma",Idioma,entuidiomaradio@facebook.com,"07 de Febrero",https://www.facebook.com/entuidiomaradio,,,"Ciudad Autónoma de Buenos Aires","Buenos Aires",Argentina,100001988894068,"Micu Mc Hardy",https://www.facebook.com/micu.hardy,1
Nahuel,Ablé,nahuel.able@facebook.com,"07 de Febrero",https://www.facebook.com/nahuel.able,,,"Ciudad Autónoma de Buenos Aires","Buenos Aires",Argentina,675083117,"Juan Clemente",,1
Nacho,Gonsales,nacho.gonsales.96@facebook.com,"07 de Febrero",https://www.facebook.com/nacho.gonsales.96,,,"Ciudad Autónoma de Buenos Aires","Buenos Aires",Argentina,732963045,"Carlos Wilson",,1
Delta,Libros,pan.libros@facebook.com,"07 de Febrero",https://www.facebook.com/pan.libros,29,,"Ciudad Autónoma de Buenos Aires","Buenos Aires",Argentina,1300113960,"Natascha Stern",https://www.facebook.com/natascha.stern,1
Charly,Darling,charly.darling.5@facebook.com,"07 de Febrero",https://www.facebook.com/charly.darling.5,,,"Ciudad Autónoma de Buenos Aires","Buenos Aires",Argentina,543862439,"Sergio Acosta",,1
Facu,Cervellin,facu.cervellin@facebook.com,"07 de Febrero",https://www.facebook.com/facu.cervellin,28,,"Ciudad Autónoma de Buenos Aires","Buenos Aires",Argentina,1130710365,"Anita Ghersinich",https://www.facebook.com/anita.ghersinich,1
Julietita,Zaruasa,julietita.zaruasa@facebook.com,"07 de Febrero",https://www.facebook.com/julietita.zaruasa,,Avellaneda,"Ciudad Autónoma de Buenos Aires","Buenos Aires",Argentina,100002201786397,"Martín Álvarez BA I",https://www.facebook.com/Woody.Blair,1
Gaston,Romero,gasty.kevin@facebook.com,"07 de Febrero",https://www.facebook.com/gasty.kevin,,,"Ciudad Autónoma de Buenos Aires","Buenos Aires",Argentina,1660924123,"Nahu Millicay Pereyra",https://www.facebook.com/nahumilli,1
Ana,Ferrari,ana.v.ferrari.1@facebook.com,"07 de Febrero",https://www.facebook.com/ana.v.ferrari.1,,,"Ciudad Autónoma de Buenos Aires","Buenos Aires",Argentina,1045481205,"Maria Laura Pendás",https://www.facebook.com/marialaura.pendas,1
Gladys,Colonna,gladys.colonna@facebook.com,"07 de Febrero",https://www.facebook.com/gladys.colonna,,,"Ciudad Autónoma de Buenos Aires","Buenos Aires",Argentina,756791702,"Malen Hendler",https://www.facebook.com/malen.hendler,1
Leean,Martínez,leaanmartinez@facebook.com,"07 de Febrero",https://www.facebook.com/LeaanMartinez,,,"Ciudad Autónoma de Buenos Aires","Buenos Aires",Argentina,1617904918,"Celeste Heli",https://www.facebook.com/celeste.heli,1
Martín,Machinandiarena,mart.machinandiarena@facebook.com,"07 de Febrero",https://www.facebook.com/mart.machinandiarena,,,"Ciudad Autónoma de Buenos Aires","Buenos Aires",Argentina,1423242429,"Ivan Lisz",,1
Edith,Piscitelli,episcitelli@facebook.com,"07 de Febrero",https://www.facebook.com/episcitelli,,"Buenos Aires","Buenos Aires","Buenos Aires",Argentina,699224171,"Alan Yun",0,1
Lorene,"Congrains Alaiza",loreneca@facebook.com,"07 de Febrero",https://www.facebook.com/loreneca,,,"Ciudad Autónoma de Buenos Aires","Buenos Aires",Argentina,510332355,"Andrea Badani",https://www.facebook.com/andrea.badani,1
"Susana Beatriz","Gil Gonzalez",susanabeatriz.gilgonzalez@facebook.com,"07 de Febrero",https://www.facebook.com/susanabeatriz.gilgonzalez,,,"Ciudad Autónoma de Buenos Aires","Buenos Aires",Argentina,100001563812056,"Alicia Kosem",https://www.facebook.com/alicia.kosem,1
"Museo Fotográfico",Simik,museofotografico.simik.7@facebook.com,"07 de Febrero",https://www.facebook.com/museofotografico.simik.7,,,"Ciudad Autónoma de Buenos Aires","Buenos Aires",Argentina,100001144128271,"Jobs Bar",https://www.facebook.com/jobsbar,1
"Los Mastro",DecoWall,losmastro.decowall@facebook.com,"07 de Febrero",https://www.facebook.com/losmastro.decowall,,,"Ciudad Autónoma de Buenos Aires","Buenos Aires",Argentina,100001145825124,"Jobs Bar",https://www.facebook.com/jobsbar,1
Roxana,Sosa,roxana.sosa.900@facebook.com,"07 de Febrero",https://www.facebook.com/roxana.sosa.900,30,,"Ciudad Autónoma de Buenos Aires","Buenos Aires",Argentina,100002327186117,"Nataly Cuerva",https://www.facebook.com/nataliagtrujillo,1
Matata,Hakuna,matata.hakuna.96387@facebook.com,"07 de Febrero",https://www.facebook.com/matata.hakuna.96387,30,,"Ciudad Autónoma de Buenos Aires","Buenos Aires",Argentina,100000213617608,"Andrea Flijer",https://www.facebook.com/andrea.flijer,1
Anna,Voskanyan,anna.voskanyan.92@facebook.com,"07 de Febrero",https://www.facebook.com/anna.voskanyan.92,22,,"Ciudad Autónoma de Buenos Aires","Buenos Aires",Argentina,1037651591,"Facundo Bulacio",https://www.facebook.com/facundo.bulacio,1
Flore,Espinosa,flore.espinosaa@facebook.com,"07 de Febrero",https://www.facebook.com/flore.espinosaa,25,,"Ciudad Autónoma de Buenos Aires","Buenos Aires",Argentina,1068318623,"Emanuel Gaston Perdigues",https://www.facebook.com/emaxpx,1
Marie,Panno,marie.panno@facebook.com,"07 de Febrero",https://www.facebook.com/marie.panno,,,"Ciudad Autónoma de Buenos Aires","Buenos Aires",Argentina,1041184284,"Mavi Manzano",https://www.facebook.com/mavi.manzano,1
"Antonella Sol",Fernandez,antonellasol.fernandez@facebook.com,"07 de Febrero",https://www.facebook.com/antonellasol.fernandez,,,"Ciudad Autónoma de Buenos Aires","Buenos Aires",Argentina,100003833704303,"Belu Piacentino",https://www.facebook.com/belenpiacentino,1
Diego,Hoffmann,dj.dhoff@facebook.com,"07 de Febrero",https://www.facebook.com/Dj.DHoff,30,,"Ciudad Autónoma de Buenos Aires","Buenos Aires",Argentina,1373310359,"Tatiana Petroccelli",https://www.facebook.com/tanshanita,1
Alan,Falcon,alan.falcon.378@facebook.com,"07 de Febrero",https://www.facebook.com/alan.falcon.378,26,,"Ciudad Autónoma de Buenos Aires","Buenos Aires",Argentina,100003991638336,"Marina Gispert Rieu",https://www.facebook.com/marina.gispertrieu,1
Lorena,"Di Maria",lorena.dimaria.9@facebook.com,"07 de Febrero",https://www.facebook.com/lorena.dimaria.9,24,,"Ciudad Autónoma de Buenos Aires","Buenos Aires",Argentina,100006388143428,"Flor Vischi Cortés",https://www.facebook.com/flor.vischi,1
"Barbie Tam",Obelar,barbietamarobelar1@facebook.com,"07 de Febrero",https://www.facebook.com/BARBIETAMAROBELAR1,,,"Ciudad Autónoma de Buenos Aires","Buenos Aires",Argentina,100000536552846,"Tatiana Petroccelli",https://www.facebook.com/tanshanita,1
Silvia,Jorge,silvia.jorge.73@facebook.com,"07 de Febrero",https://www.facebook.com/silvia.jorge.73,,,"Ciudad Autónoma de Buenos Aires","Buenos Aires",Argentina,1526654334,"Carlos Wilson",,1
Nydia,Gomez,niiideaa.gomez@facebook.com,"07 de Febrero",https://www.facebook.com/niiideaa.gomez,,,"Ciudad Autónoma de Buenos Aires","Buenos Aires",Argentina,1458451264,"Celeste Heli",https://www.facebook.com/celeste.heli,1
Maru,Navarro,maruchii.anm@facebook.com,"08 de Febrero",https://www.facebook.com/maruchii.anm,,,"Ciudad Autónoma de Buenos Aires","Buenos Aires",Argentina,1459282932,"Ian Szejner",,1
Nicolas,Baumann,redcarpetpalermo@facebook.com,"08 de Febrero",https://www.facebook.com/redcarpetpalermo,29,,"Ciudad Autónoma de Buenos Aires","Buenos Aires",Argentina,100006527916530,"Charly Ruez",https://www.facebook.com/charly.ruez,1
Sebastian,Yauck,sebastian.yauck@facebook.com,"08 de Febrero",https://www.facebook.com/sebastian.yauck,,,"Ciudad Autónoma de Buenos Aires","Buenos Aires",Argentina,1060398282,"Tomás Eis",,1
Marcela,Zugasti,mashela@facebook.com,"08 de Febrero",https://www.facebook.com/mashela,22,,"Ciudad Autónoma de Buenos Aires","Buenos Aires",Argentina,1566657168,"Sindy Elisa Szczucky",https://www.facebook.com/sindy.szczucky,1
Lucas,"Vallejo Fabregat",lucas.vallejo.3975@facebook.com,"08 de Febrero",https://www.facebook.com/lucas.vallejo.3975,,,"Ciudad Autónoma de Buenos Aires","Buenos Aires",Argentina,566416750,"Débora Piccirilli",https://www.facebook.com/debora.piccirilli1,1
Sole,Gym,sole.gym@facebook.com,"08 de Febrero",https://www.facebook.com/sole.gym,,"Buenos Aires","Buenos Aires","Buenos Aires",Argentina,100003274791539,"Marcela Miracolo",0,1
Rocio,Mathiesen,rocio.mathiesen@facebook.com,"08 de Febrero",https://www.facebook.com/rocio.mathiesen,22,,"Ciudad Autónoma de Buenos Aires","Buenos Aires",Argentina,1233970464,"Lucía Lopez Aleman",https://www.facebook.com/marialucialopezaleman,1
Nicolás,Cqt,nicoq.spx@facebook.com,"08 de Febrero",https://www.facebook.com/NICOQ.spx,,,"Ciudad Autónoma de Buenos Aires","Buenos Aires",Argentina,1005524009,"Fiestas Baires",,1
Enlaces,Flamenco,enlaces.flamenco@facebook.com,"08 de Febrero",https://www.facebook.com/enlaces.flamenco,,,"Ciudad Autónoma de Buenos Aires","Buenos Aires",Argentina,100000452003701,"Natascha Stern",https://www.facebook.com/natascha.stern,1
Colectivo,Gastronomico,armando.colectivo@facebook.com,"08 de Febrero",https://www.facebook.com/armando.colectivo,26,,"Ciudad Autónoma de Buenos Aires","Buenos Aires",Argentina,100007876775712,"Celeste Cabral",,1
Francisco,Jonas,francisco.jonas.9421@facebook.com,"08 de Febrero",https://www.facebook.com/francisco.jonas.9421,24,,"Ciudad Autónoma de Buenos Aires","Buenos Aires",Argentina,100007229222436,"Barby Suarez",https://www.facebook.com/barby1522,1
Daniel,Nuñez,daniel.nunez.58152559@facebook.com,"08 de Febrero",https://www.facebook.com/daniel.nunez.58152559,,,"Ciudad Autónoma de Buenos Aires","Buenos Aires",Argentina,1393394905,"Daniel Barach",,1
Hola,Bosque,holabosque@facebook.com,"08 de Febrero",https://www.facebook.com/holabosque,29,,"Ciudad Autónoma de Buenos Aires","Buenos Aires",Argentina,100000113913732,"Gabriel Sciutto",https://www.facebook.com/gabriel.sciutto,1
Fede,Irusta,fede.irusta@facebook.com,"08 de Febrero",https://www.facebook.com/fede.irusta,23,,"Ciudad Autónoma de Buenos Aires","Buenos Aires",Argentina,100001525388894,"Ayu Casanova",,1
Capoeira,"Grupo Topazio Argentina",topaziocaba@facebook.com,"08 de Febrero",https://www.facebook.com/TopazioCABA,,,"Ciudad Autónoma de Buenos Aires","Buenos Aires",Argentina,100000823344350,"Julian Argiz",https://www.facebook.com/julian.argiz,1
Nicki,Bau,nicbau2@facebook.com,"08 de Febrero",https://www.facebook.com/nicbau2,29,,"Ciudad Autónoma de Buenos Aires","Buenos Aires",Argentina,100000500054091,"Lorenzo Carrere",https://www.facebook.com/lorenzo.carrere,1
Jueves,Fiestas,jueves.fiestas@facebook.com,"08 de Febrero",https://www.facebook.com/jueves.fiestas,,,"Ciudad Autónoma de Buenos Aires","Buenos Aires",Argentina,100002036339187,"Christian Douer Chuky",https://www.facebook.com/christian.chuky,1
Mara,Cáceres,mara.caceres3@facebook.com,"08 de Febrero",https://www.facebook.com/mara.caceres3,22,,"Ciudad Autónoma de Buenos Aires","Buenos Aires",Argentina,100002030795956,"Maria Belén",,1
Gabo,Rojo,gaborojo67@facebook.com,"08 de Febrero",https://www.facebook.com/gaborojo67,29,,"Ciudad Autónoma de Buenos Aires","Buenos Aires",Argentina,1038041896,"Maria Laura Pendás",https://www.facebook.com/marialaura.pendas,1
Dani,Sanchez,eclipse.final@facebook.com,"08 de Febrero",https://www.facebook.com/eclipse.final,,,"Ciudad Autónoma de Buenos Aires","Buenos Aires",Argentina,100001332311982,"La Rockeria",https://www.facebook.com/oveja1,1
Samy,Luna,samy.ra.2013@facebook.com,"08 de Febrero",https://www.facebook.com/samy.ra.2013,30,,"Ciudad Autónoma de Buenos Aires","Buenos Aires",Argentina,100001620128979,"Julio Roberto Cuevas",https://www.facebook.com/julioroberto.cuevas,1
Tomy,Zanzottera,tomy.zanzottera@facebook.com,"08 de Febrero",https://www.facebook.com/tomy.zanzottera,,,"Ciudad Autónoma de Buenos Aires","Buenos Aires",Argentina,1057540244,"Evangelina Dinatale de Biglieri",https://www.facebook.com/evangelina.dinataledebigl,1
"Lucas Daniel",Almada,lucasdaniel.almada@facebook.com,"08 de Febrero",https://www.facebook.com/lucasdaniel.almada,29,,"Ciudad Autónoma de Buenos Aires","Buenos Aires",Argentina,100001336492258,"Franco Marcoccia",https://www.facebook.com/franco.marcoccia,1
Maxy,Cuenca,maxy.cuenca.14@facebook.com,"08 de Febrero",https://www.facebook.com/maxy.cuenca.14,24,,"Ciudad Autónoma de Buenos Aires","Buenos Aires",Argentina,100006644502596,"Martín Álvarez BA I",https://www.facebook.com/Woody.Blair,1
Augusto,"Pappalardo Jimenez",augusto.pappa@facebook.com,"08 de Febrero",https://www.facebook.com/augusto.pappa,21,,"Ciudad Autónoma de Buenos Aires","Buenos Aires",Argentina,1025062786,"Manuela Villa",,1
"Por Uno Menos Enlacalle",Adopciones,porunomenosenlacalle.adopciones@facebook.com,"08 de Febrero",https://www.facebook.com/porunomenosenlacalle.adopciones,,,"Ciudad Autónoma de Buenos Aires","Buenos Aires",Argentina,100002056385969,"Cecilia Weingardt",,1
Piruchas,Gomitas,piruchas.gomitas@facebook.com,"08 de Febrero",https://www.facebook.com/piruchas.gomitas,25,,"Ciudad Autónoma de Buenos Aires","Buenos Aires",Argentina,100003267809167,"Rochi Christensen",https://www.facebook.com/rochi.christensen,1
Willian,White,willian.white@facebook.com,"08 de Febrero",https://www.facebook.com/willian.white,26,,"Ciudad Autónoma de Buenos Aires","Buenos Aires",Argentina,1169403838,"Michelle Ribeiro",,1
Ofi,Michigan,ofi.michigan@facebook.com,"08 de Febrero",https://www.facebook.com/ofi.michigan,25,,"Ciudad Autónoma de Buenos Aires","Buenos Aires",Argentina,100003612036876,"Rochi Christensen",https://www.facebook.com/rochi.christensen,1
Benjamin,"Alvarez PizzaBanana",benjamin.alvarezpizzabanana@facebook.com,"08 de Febrero",https://www.facebook.com/benjamin.alvarezpizzabanana,25,,"Ciudad Autónoma de Buenos Aires","Buenos Aires",Argentina,100003839204939,"Rochi Christensen",https://www.facebook.com/rochi.christensen,1
Nicolas,Tovega,nicolas.tovega@facebook.com,"08 de Febrero",https://www.facebook.com/nicolas.tovega,,,"Ciudad Autónoma de Buenos Aires","Buenos Aires",Argentina,100003112516273,"Flor Scalise",https://www.facebook.com/flor.scalise,1
Juan,Enriquez,juan.enriquez.568@facebook.com,"08 de Febrero",https://www.facebook.com/juan.enriquez.568,,,"Ciudad Autónoma de Buenos Aires","Buenos Aires",Argentina,100000452643895,"Belu Alvarez",,1
Agustin,Somoza,agassss@facebook.com,"08 de Febrero",https://www.facebook.com/agassss,,"Villa Del Parque","Ciudad Autónoma de Buenos Aires","Buenos Aires",Argentina,1291150897,"Sofu Maddonni",https://www.facebook.com/ssofiia,1
Arielito,Bareiro,ariel.bareiro.5@facebook.com,"08 de Febrero",https://www.facebook.com/ariel.bareiro.5,24,,"Ciudad Autónoma de Buenos Aires","Buenos Aires",Argentina,100003332828030,"Lo Lola",,1
Florencia,"Navas Rial",florencia.navasrial@facebook.com,"08 de Febrero",https://www.facebook.com/florencia.navasrial,29,"Buenos Aires","Buenos Aires","Buenos Aires",Argentina,1656385783,"Alan Yun",0,1
Thiago,Aleixo,thiago.aleixo.96@facebook.com,"08 de Febrero",https://www.facebook.com/thiago.aleixo.96,,,"Ciudad Autónoma de Buenos Aires","Buenos Aires",Argentina,100000419793307,"Franco Marcoccia",https://www.facebook.com/franco.marcoccia,1
Peter,Cavs,peter.cavs@facebook.com,"08 de Febrero",https://www.facebook.com/peter.cavs,25,,"Ciudad Autónoma de Buenos Aires","Buenos Aires",Argentina,100005624081088,"Chanchi Martinez",https://www.facebook.com/chanchi.martinez,1
Qhispikay,Maurette,qhisp@facebook.com,"08 de Febrero",https://www.facebook.com/qhisp,28,,"Ciudad Autónoma de Buenos Aires","Buenos Aires",Argentina,100000438886099,"Tatiana Petroccelli",https://www.facebook.com/tanshanita,1
Bi,Ca,bicabsas@facebook.com,"08 de Febrero",https://www.facebook.com/bicabsas,30,,"Ciudad Autónoma de Buenos Aires","Buenos Aires",Argentina,100000898537457,"Valentin Abelardo",https://www.facebook.com/valentin.abelardo,1
Limados,"de Fabrica",limados.defabrica@facebook.com,"08 de Febrero",https://www.facebook.com/limados.defabrica,30,,"Ciudad Autónoma de Buenos Aires","Buenos Aires",Argentina,1402406678,"Aldana Queirolo",https://www.facebook.com/aldana.queirolo,1
Leonela,Michel,leonela.michel@facebook.com,"08 de Febrero",https://www.facebook.com/leonela.michel,21,,"Ciudad Autónoma de Buenos Aires","Buenos Aires",Argentina,1496730356,"Ayu Casanova",,1
Pia,Fittipaldi,piafittipaldiok@facebook.com,"08 de Febrero",https://www.facebook.com/piafittipaldiok,22,,"Ciudad Autónoma de Buenos Aires","Buenos Aires",Argentina,100006634544728,"Clara Ryan",https://www.facebook.com/clariryaneventos,1
Dami,Costantino,dami.costantino@facebook.com,"08 de Febrero",https://www.facebook.com/dami.costantino,,,"Ciudad Autónoma de Buenos Aires","Buenos Aires",Argentina,1534933445,"Julieta Belen",,1
Michel,Caballero,michel.caballero.733@facebook.com,"08 de Febrero",https://www.facebook.com/michel.caballero.733,27,,"Ciudad Autónoma de Buenos Aires","Buenos Aires",Argentina,100004155842188,"Michelle Fingeret",https://www.facebook.com/michelle.fingeret,1
"Juliana Belén",Aragón,julianabelen.aragon@facebook.com,"08 de Febrero",https://www.facebook.com/julianabelen.aragon,25,,"Ciudad Autónoma de Buenos Aires","Buenos Aires",Argentina,100000883728395,"Natalia Ponce",,1
Luks,Avalos,luks.a09@facebook.com,"08 de Febrero",https://www.facebook.com/luks.a09,22,,"Ciudad Autónoma de Buenos Aires","Buenos Aires",Argentina,100000061682754,"Camy Falcón",https://www.facebook.com/Cammy.Falcon,1
Mujeres,"Del Rock",mdelrock@facebook.com,"08 de Febrero",https://www.facebook.com/mdelrock,,,"Ciudad Autónoma de Buenos Aires","Buenos Aires",Argentina,100000713474121,"Miqui Berriòs",https://www.facebook.com/miqui.berrios,1
Susanna,"Asesora de Imagen",susanna.barrutz.3@facebook.com,"08 de Febrero",https://www.facebook.com/susanna.barrutz.3,29,"Buenos Aires","Buenos Aires","Buenos Aires",Argentina,100007899963988,"Juan Pablo Aleman",0,1
Josefina,Silverii,josefina.silverii@facebook.com,"08 de Febrero",https://www.facebook.com/josefina.silverii,,,"Ciudad Autónoma de Buenos Aires","Buenos Aires",Argentina,1277872854,"Sebastian Daniel Riccardi",https://www.facebook.com/sebastian.riccardi,1
Lucas,Miraglia,lucas.h.miraglia@facebook.com,"08 de Febrero",https://www.facebook.com/lucas.h.miraglia,21,,"Ciudad Autónoma de Buenos Aires","Buenos Aires",Argentina,1297900900,"Ale Arias Mandarine Park",,1
Central,"Recoleta Belgrano",central.recoletabelgrano@facebook.com,"09 de Febrero",https://www.facebook.com/central.recoletabelgrano,,,"Ciudad Autónoma de Buenos Aires","Buenos Aires",Argentina,100000916013776,"Cuadra Vicky",,1
Nazarena,Rozas,nazarena.rozas@facebook.com,"09 de Febrero",https://www.facebook.com/nazarena.rozas,,,"Ciudad Autónoma de Buenos Aires","Buenos Aires",Argentina,814189570,"Flor Vischi Cortés",https://www.facebook.com/flor.vischi,1
Fran,Cerro,fran.cerro@facebook.com,"09 de Febrero",https://www.facebook.com/fran.cerro,27,,"Ciudad Autónoma de Buenos Aires","Buenos Aires",Argentina,100000048816103,"Juli Castellano",https://www.facebook.com/Juliiiiiiy,1
Gabriel,Suppa,gabriel.suppa@facebook.com,"09 de Febrero",https://www.facebook.com/gabriel.suppa,,,"Ciudad Autónoma de Buenos Aires","Buenos Aires",Argentina,1746242939,"Nadia Denise",,1
DubaiClubvip,Recoleta,dubaiclubvip.ayacucho@facebook.com,"09 de Febrero",https://www.facebook.com/dubaiclubvip.ayacucho,22,,"Ciudad Autónoma de Buenos Aires","Buenos Aires",Argentina,100007081034320,"Joaco Alvarez Amuchástegui",,1
Tamara,"Vrillar de la Torre",tamara.lopezdelatorre@facebook.com,"09 de Febrero",https://www.facebook.com/tamara.lopezdelatorre,,"Buenos Aires","Buenos Aires","Buenos Aires",Argentina,100002176751429,"Juan Pablo Aleman",0,1
La,Negra,la.negra.739@facebook.com,"09 de Febrero",https://www.facebook.com/la.negra.739,,,"Ciudad Autónoma de Buenos Aires","Buenos Aires",Argentina,100000391023883,"Gisele Fratini",https://www.facebook.com/giakdmik,1
Chinche,Payaso,chinche.payaso@facebook.com,"09 de Febrero",https://www.facebook.com/chinche.payaso,,,"Ciudad Autónoma de Buenos Aires","Buenos Aires",Argentina,1022899715,"Aniita Canta",https://www.facebook.com/Aniita.Canta,1
Lola,"FcOficial Chile",lolapoggiofans@facebook.com,"09 de Febrero",https://www.facebook.com/LolaPoggioFans,,,"Ciudad Autónoma de Buenos Aires","Buenos Aires",Argentina,1084532628,"Luz Adamo",https://www.facebook.com/luz.adamo,1
Emilia,Racedo,emi.racedo@facebook.com,"09 de Febrero",https://www.facebook.com/Emi.Racedo,28,,"Ciudad Autónoma de Buenos Aires","Buenos Aires",Argentina,617150802,"Caro Ros Jones",https://www.facebook.com/carorosjones,1
Carol,Maite,carol.radke.712@facebook.com,"09 de Febrero",https://www.facebook.com/carol.radke.712,27,,"Ciudad Autónoma de Buenos Aires","Buenos Aires",Argentina,100007125610205,"Piltra Toller",https://www.facebook.com/piltra,1
Solange,Mantilla,solange.mantilla.7@facebook.com,"09 de Febrero",https://www.facebook.com/solange.mantilla.7,,,"Ciudad Autónoma de Buenos Aires","Buenos Aires",Argentina,1821832498,"Agos D'Urbano",https://www.facebook.com/agostinnad,1
Paula,Gazzo,paula.gazzo.1@facebook.com,"09 de Febrero",https://www.facebook.com/paula.gazzo.1,,,"Ciudad Autónoma de Buenos Aires","Buenos Aires",Argentina,593163348,"Betsabé Baxter",https://www.facebook.com/betsabe.baxter,1
Javier,Sebastian,javi.dangelo@facebook.com,"09 de Febrero",https://www.facebook.com/javi.dangelo,,,"Ciudad Autónoma de Buenos Aires","Buenos Aires",Argentina,1285990485,"Maria Belén",,1
Iván,Menetzian,ivan.menetzian@facebook.com,"09 de Febrero",https://www.facebook.com/ivan.menetzian,25,,"Ciudad Autónoma de Buenos Aires","Buenos Aires",Argentina,1179199309,"Artur Margaryan",,1
Adriana,Zamora,laura.zamora.754@facebook.com,"09 de Febrero",https://www.facebook.com/laura.zamora.754,,,"Ciudad Autónoma de Buenos Aires","Buenos Aires",Argentina,100000453404335,"Cana Cilley",https://www.facebook.com/cana.cilley,1
Pablo,Labriola,plabriola@facebook.com,"09 de Febrero",https://www.facebook.com/plabriola,,"Villa Devoto","Ciudad Autónoma de Buenos Aires","Buenos Aires",Argentina,1130592668,"Gisele Fratini",https://www.facebook.com/giakdmik,1
Angie,Manrique,angie.manrique.758@facebook.com,"09 de Febrero",https://www.facebook.com/angie.manrique.758,,,"Ciudad Autónoma de Buenos Aires","Buenos Aires",Argentina,634549334,"Nicolas Baumann",https://www.facebook.com/redcarpetpalermo,1
Agustin,Conte,agustin.contee@facebook.com,"09 de Febrero",https://www.facebook.com/agustin.contee,,,"Ciudad Autónoma de Buenos Aires","Buenos Aires",Argentina,1552617641,"Sol Bettoni",,1
Miguel,Cano,miguel.cano.982292@facebook.com,"09 de Febrero",https://www.facebook.com/miguel.cano.982292,,,"Ciudad Autónoma de Buenos Aires","Buenos Aires",Argentina,100000727225006,"Silvia Fernandez",https://www.facebook.com/silviafernandezchivi,1
Guadalupe,Vidal,wadaaaa1@facebook.com,"09 de Febrero",https://www.facebook.com/wadaaaa1,,,"Ciudad Autónoma de Buenos Aires","Buenos Aires",Argentina,100003379504150,"Emiliano Pirolo",https://www.facebook.com/emi.pirolo,1
Andru,Biedermann,andru.biedermann@facebook.com,"09 de Febrero",https://www.facebook.com/andru.biedermann,24,,"Ciudad Autónoma de Buenos Aires","Buenos Aires",Argentina,100000847347242,"Nahu Millicay Pereyra",https://www.facebook.com/nahumilli,1
Axel,"Perez Orneta",axel.perezorneta@facebook.com,"09 de Febrero",https://www.facebook.com/axel.perezorneta,29,,"Ciudad Autónoma de Buenos Aires","Buenos Aires",Argentina,1141885699,"Flor Vischi Cortés",https://www.facebook.com/flor.vischi,1
Valerio,"Ferreyra Clark",valerioff@facebook.com,"09 de Febrero",https://www.facebook.com/valerioff,,,"Ciudad Autónoma de Buenos Aires","Buenos Aires",Argentina,1223252756,"Castro Marina",https://www.facebook.com/castro.marina,1
Maxi,Pantone,maxi.pantone@facebook.com,"09 de Febrero",https://www.facebook.com/maxi.pantone,,,"Ciudad Autónoma de Buenos Aires","Buenos Aires",Argentina,100000481932620,"Mariana Sparks",,1
Virginia,Quinteros,virquinteros@facebook.com,"09 de Febrero",https://www.facebook.com/Virquinteros,,,"Ciudad Autónoma de Buenos Aires","Buenos Aires",Argentina,1683596692,"Nahu Millicay Pereyra",https://www.facebook.com/nahumilli,1
Andrea,Amato,andrea.amato.9275@facebook.com,"09 de Febrero",https://www.facebook.com/andrea.amato.9275,25,,"Ciudad Autónoma de Buenos Aires","Buenos Aires",Argentina,100001403425693,"Cana Cilley",https://www.facebook.com/cana.cilley,1
Paloma,Accesorios,paloma.accesorios.9@facebook.com,"09 de Febrero",https://www.facebook.com/paloma.accesorios.9,,,"Ciudad Autónoma de Buenos Aires","Buenos Aires",Argentina,100002129881270,"Camila Perelló",https://www.facebook.com/camiperello,1
JP,Batista,fortabat@facebook.com,"09 de Febrero",https://www.facebook.com/fortabat,,,"Ciudad Autónoma de Buenos Aires","Buenos Aires",Argentina,1200358136,"Carlos Wilson",,1
Eliana,Oliver,eluoliver@facebook.com,"09 de Febrero",https://www.facebook.com/eluoliver,24,,"Ciudad Autónoma de Buenos Aires","Buenos Aires",Argentina,1490631705,"Christian Douer Chuky",https://www.facebook.com/christian.chuky,1
Carolina,Saffi,carolina.saffi.7@facebook.com,"09 de Febrero",https://www.facebook.com/carolina.saffi.7,24,,"Ciudad Autónoma de Buenos Aires","Buenos Aires",Argentina,1490766422,"Christian Douer Chuky",https://www.facebook.com/christian.chuky,1
"Juan De Dios",Casales,juandec92@facebook.com,"09 de Febrero",https://www.facebook.com/juandec92,25,Coghlan,"Ciudad Autónoma de Buenos Aires","Buenos Aires",Argentina,100001544688322,"Braii Venieri",https://www.facebook.com/BraianVenieri,1
Nalu,Bar,nalu.bar.5@facebook.com,"09 de Febrero",https://www.facebook.com/nalu.bar.5,,,"Ciudad Autónoma de Buenos Aires","Buenos Aires",Argentina,100001450059426,"Tatiana Petroccelli",https://www.facebook.com/tanshanita,1
Paloma,Iturbe,paloma.iturbe.1@facebook.com,"09 de Febrero",https://www.facebook.com/paloma.iturbe.1,23,,"Ciudad Autónoma de Buenos Aires","Buenos Aires",Argentina,100001006190286,"Facundo Bulacio",https://www.facebook.com/facundo.bulacio,1
Romina,Andrada,romina.andrada.12979@facebook.com,"09 de Febrero",https://www.facebook.com/romina.andrada.12979,27,,"Ciudad Autónoma de Buenos Aires","Buenos Aires",Argentina,100005956061965,"Sergio Acosta",,1
Camila,Blanco,camila.blanco1@facebook.com,"09 de Febrero",https://www.facebook.com/camila.blanco1,,,"Ciudad Autónoma de Buenos Aires","Buenos Aires",Argentina,1373643712,"Lucia Marti",https://www.facebook.com/luli.marti,1
Maru,Riva,lah.maruh@facebook.com,"09 de Febrero",https://www.facebook.com/lah.maruh,21,Congreso,"Ciudad Autónoma de Buenos Aires","Buenos Aires",Argentina,1473287533,"Fede Martinez",https://www.facebook.com/fedemartinez17,1
Zac,Taquini,taquinisaurio@facebook.com,"09 de Febrero",https://www.facebook.com/taquinisaurio,23,,"Ciudad Autónoma de Buenos Aires","Buenos Aires",Argentina,526939151,"Daiana Soledad Pintos",https://www.facebook.com/Sheena.is,1
Leandro,Sanguinetti,sanguinetti.l@facebook.com,"09 de Febrero",https://www.facebook.com/sanguinetti.l,23,"Villa Devoto","Ciudad Autónoma de Buenos Aires","Buenos Aires",Argentina,1238734420,"Chechu Acea",,1
Nosaleconagua,Diseño,nosaleconagua.diseno@facebook.com,"09 de Febrero",https://www.facebook.com/nosaleconagua.diseno,28,,"Ciudad Autónoma de Buenos Aires","Buenos Aires",Argentina,100003008292593,"Cecilia Weingardt",,1
Rodrii,Elbostero,rodrii.elbostero@facebook.com,"09 de Febrero",https://www.facebook.com/rodrii.elbostero,,"Parque Patricios","Ciudad Autónoma de Buenos Aires","Buenos Aires",Argentina,100001073136826,"Giiu Minniti",https://www.facebook.com/giiu.minniti,1
Fran,Busso,francisco.busso.73@facebook.com,"09 de Febrero",https://www.facebook.com/francisco.busso.73,26,,"Ciudad Autónoma de Buenos Aires","Buenos Aires",Argentina,100003636932686,"Santi Osterc",https://www.facebook.com/santiosterc,1
"La Enana",Gonzalez,eva.gonzalez.50159836@facebook.com,"09 de Febrero",https://www.facebook.com/eva.gonzalez.50159836,21,,"Ciudad Autónoma de Buenos Aires","Buenos Aires",Argentina,100003109785216,"Riberas Del Parana",https://www.facebook.com/riberas.delparana,1
Todo,Sale,todo.sale.7@facebook.com,"09 de Febrero",https://www.facebook.com/todo.sale.7,25,,"Ciudad Autónoma de Buenos Aires","Buenos Aires",Argentina,100002034555379,"Flor Botana",,1
Laly,Guilla,laly.guilla@facebook.com,"09 de Febrero",https://www.facebook.com/laly.guilla,28,,"Ciudad Autónoma de Buenos Aires","Buenos Aires",Argentina,100000610600411,"Miqui Berriòs",https://www.facebook.com/miqui.berrios,1
Ro,Portela,rochi.portela@facebook.com,"09 de Febrero",https://www.facebook.com/rochi.portela,,"Buenos Aires","Buenos Aires","Buenos Aires",Argentina,1281138254,"Luciana Paione Oleszuk",0,1
Manuel,"Franco SZ",alan.llanos.9@facebook.com,"09 de Febrero",https://www.facebook.com/alan.llanos.9,,,"Ciudad Autónoma de Buenos Aires","Buenos Aires",Argentina,100000948930153,"Agustina Pelle Müller",,1
Agustina,Saintt,standmy5@facebook.com,"09 de Febrero",https://www.facebook.com/standmy5,22,,"Ciudad Autónoma de Buenos Aires","Buenos Aires",Argentina,100002311482541,"Vanesa Macias",https://www.facebook.com/vanesa.macias1,1
Universo,Perfecciones,universoperfecciones@facebook.com,"09 de Febrero",https://www.facebook.com/universoperfecciones,24,,"Ciudad Autónoma de Buenos Aires","Buenos Aires",Argentina,100005710384239,"Luz Adamo",https://www.facebook.com/luz.adamo,1
Bomba,Tattooing,bomba.tattooing.3@facebook.com,"09 de Febrero",https://www.facebook.com/bomba.tattooing.3,24,,"Ciudad Autónoma de Buenos Aires","Buenos Aires",Argentina,100007118011797,"Bomba Barassi",https://www.facebook.com/bomba.barassi,1
Fabian,Misistrano,fabian.misistrano@facebook.com,"09 de Febrero",https://www.facebook.com/fabian.misistrano,23,,"Ciudad Autónoma de Buenos Aires","Buenos Aires",Argentina,1058112088,"Giselle G Mas",https://www.facebook.com/ftw.73,1
Vanesa,Savino,vanesa.savino@facebook.com,"09 de Febrero",https://www.facebook.com/vanesa.savino,25,,"Ciudad Autónoma de Buenos Aires","Buenos Aires",Argentina,1591341358,"Julian Marino",,1
Jhoan,Zuñiga,jhoan.g.zuniga@facebook.com,"09 de Febrero",https://www.facebook.com/jhoan.g.zuniga,25,,"Ciudad Autónoma de Buenos Aires","Buenos Aires",Argentina,1602472048,"Julian Marino",,1
"Delegacion De","En BuenosAires",turismodemisiones@facebook.com,"10 de Febrero",https://www.facebook.com/TurismodeMisiones,28,,"Ciudad Autónoma de Buenos Aires","Buenos Aires",Argentina,100003078118452,"Julio Bittancourt",https://www.facebook.com/jbittancourt,1
Jordy,Alvarado,jordycs@facebook.com,"10 de Febrero",https://www.facebook.com/JordyCs,,,"Ciudad Autónoma de Buenos Aires","Buenos Aires",Argentina,1501069022,"Cielito Perez",,1
Jtk,Indumentaria,jtkindumentaria@facebook.com,"10 de Febrero",https://www.facebook.com/Jtkindumentaria,,,"Ciudad Autónoma de Buenos Aires","Buenos Aires",Argentina,100000225066903,"Marina Castagnino",https://www.facebook.com/castagnino,1
Pato,Trujillo,pato.trujillo.33@facebook.com,"10 de Febrero",https://www.facebook.com/pato.trujillo.33,,,"Ciudad Autónoma de Buenos Aires","Buenos Aires",Argentina,1449535774,"Brenda Fabregat",https://www.facebook.com/brenda.fabregat,1
Ghostone,Eighttwo,182ghost@facebook.com,"10 de Febrero",https://www.facebook.com/182ghost,,,"Ciudad Autónoma de Buenos Aires","Buenos Aires",Argentina,100002453208405,"Juanma Ramirez",,1
Martin,Jiménez,deko.deflores@facebook.com,"10 de Febrero",https://www.facebook.com/deko.deflores,,Flores,"Ciudad Autónoma de Buenos Aires","Distrito Federal",Argentina,100001218700495,"Brian Cano",,1
Lucas,Cardozo,lukitass.91@facebook.com,"10 de Febrero",https://www.facebook.com/lukitass.91,23,,"Ciudad Autónoma de Buenos Aires","Buenos Aires",Argentina,842734766,"Juan Elias Catan",https://www.facebook.com/juan.724,1
Sebastian,Gimenez,sebastian.f.gimenez@facebook.com,"10 de Febrero",https://www.facebook.com/sebastian.f.gimenez,,,"Ciudad Autónoma de Buenos Aires","Buenos Aires",Argentina,100001498092696,"Maru Bruni",,1
Adilson,Martinez,adilson.martinez@facebook.com,"10 de Febrero",https://www.facebook.com/adilson.martinez,,Barracas,"Ciudad Autónoma de Buenos Aires","Buenos Aires",Argentina,1456651445,"Susan Romano",,1
Carlitos,Chavez,chaca10@facebook.com,"10 de Febrero",https://www.facebook.com/chaca10,21,Chacarita,"Ciudad Autónoma de Buenos Aires","Buenos Aires",Argentina,100003404018867,"Yasu Higa",,1
Lola,Diaz,loladiaz.tangopal@facebook.com,"10 de Febrero",https://www.facebook.com/loladiaz.tangopal,,,"Ciudad Autónoma de Buenos Aires","Buenos Aires",Argentina,100002300616516,"Barby Lanata",https://www.facebook.com/barby.lanata,1
Esteban,Sehinkman,estebansehinkman@facebook.com,"10 de Febrero",https://www.facebook.com/estebansehinkman,,,"Ciudad Autónoma de Buenos Aires","Buenos Aires",Argentina,822060757,"Noelia G. Coviella",,1
Felipe,Serrano,felipe.serrano.77@facebook.com,"10 de Febrero",https://www.facebook.com/felipe.serrano.77,,,"Ciudad Autónoma de Buenos Aires","Buenos Aires",Argentina,100000130534988,"Juan Cruz Albornoz",,1
Nacho,Espósito,nacho.esposito.90@facebook.com,"10 de Febrero",https://www.facebook.com/nacho.esposito.90,27,,"Ciudad Autónoma de Buenos Aires","Buenos Aires",Argentina,625634992,"Brenda Fabregat",https://www.facebook.com/brenda.fabregat,1
Gabby,Legger,gabby.monteverde.12@facebook.com,"10 de Febrero",https://www.facebook.com/gabby.monteverde.12,,,"Ciudad Autónoma de Buenos Aires","Buenos Aires",Argentina,100006185766002,"Valentino Fabre",https://www.facebook.com/valenfabre,1
Soledad,Malegarie,soledad.malegarie@facebook.com,"10 de Febrero",https://www.facebook.com/soledad.malegarie,,,"Ciudad Autónoma de Buenos Aires","Buenos Aires",Argentina,1093804849,"Betsabé Baxter",https://www.facebook.com/betsabe.baxter,1
"Maira Noelia",Vitale,mairanoelia.vitale@facebook.com,"10 de Febrero",https://www.facebook.com/mairanoelia.vitale,21,,"Ciudad Autónoma de Buenos Aires","Buenos Aires",Argentina,100007015118167,"Ale Arias Mandarine Park",,1
Valen,Brescia,valentin.brescia@facebook.com,"10 de Febrero",https://www.facebook.com/valentin.brescia,23,,"Ciudad Autónoma de Buenos Aires","Buenos Aires",Argentina,620307476,"Rochi Christensen",https://www.facebook.com/rochi.christensen,1
Emi,Peia,emi.peia@facebook.com,"10 de Febrero",https://www.facebook.com/emi.peia,,,"Ciudad Autónoma de Buenos Aires","Buenos Aires",Argentina,694624734,"Luli Santos Neves",,1
Ramiro,Risso,rami.risso.1@facebook.com,"10 de Febrero",https://www.facebook.com/rami.risso.1,,"Buenos Aires","Buenos Aires","Buenos Aires",Argentina,1779117719,"Gabriella Rouiller",0,1
"Jorge Rodrigo",Sanabria,jorgerodrigo.sanabria@facebook.com,"10 de Febrero",https://www.facebook.com/jorgerodrigo.sanabria,26,,"Ciudad Autónoma de Buenos Aires","Buenos Aires",Argentina,1206825719,"Jorge Biamonte",https://www.facebook.com/georgebiamonteok,1
Nicole,Luis,niquiluis@facebook.com,"10 de Febrero",https://www.facebook.com/NiquiLuis,22,,"Ciudad Autónoma de Buenos Aires","Buenos Aires",Argentina,100002973022562,"Agustin Sujo",https://www.facebook.com/agustin.sujook,1
Nicole,Luis,nicolee.luis.5@facebook.com,"10 de Febrero",https://www.facebook.com/nicolee.luis.5,22,,"Ciudad Autónoma de Buenos Aires","Buenos Aires",Argentina,100006665014356,"Emiliano Pirolo",https://www.facebook.com/emi.pirolo,1
Esteban,Bellón,esteban.e.bellon@facebook.com,"10 de Febrero",https://www.facebook.com/esteban.e.bellon,24,,"Ciudad Autónoma de Buenos Aires","Buenos Aires",Argentina,1152822499,"Bian Tedesco",https://www.facebook.com/biaantedesco,1
Belén,Ferro,bel.ferro@facebook.com,"10 de Febrero",https://www.facebook.com/bel.ferro,,,"Ciudad Autónoma de Buenos Aires","Buenos Aires",Argentina,1534366015,"Facu Denegri",,1
Pinocchio,GA,agalzaga@facebook.com,"10 de Febrero",https://www.facebook.com/agalzaga,,,"Ciudad Autónoma de Buenos Aires","Buenos Aires",Argentina,589885049,"Lucas Malaret",https://www.facebook.com/lmalaret,1
Ramiro,Alejandro,ramirillo22@facebook.com,"10 de Febrero",https://www.facebook.com/ramirillo22,,,"Ciudad Autónoma de Buenos Aires","Buenos Aires",Argentina,584832424,"Ignacio Lines Ceruti",https://www.facebook.com/ignacio.lines,1
Sebas,Rojas,mynameis.sebasrojas@facebook.com,"10 de Febrero",https://www.facebook.com/mynameis.sebasrojas,,"Barrio Norte","Ciudad Autónoma de Buenos Aires","Buenos Aires",Argentina,617223371,"Mar Marignac",https://www.facebook.com/marina.marignac,1
Sol,Rotolo,sol.rotolo@facebook.com,"10 de Febrero",https://www.facebook.com/sol.rotolo,,,"Ciudad Autónoma de Buenos Aires","Buenos Aires",Argentina,100002900903851,"David Zalasar",https://www.facebook.com/Davidcocktails,1
Florencia,Rattero,florencia.rattero@facebook.com,"10 de Febrero",https://www.facebook.com/florencia.rattero,,,"Ciudad Autónoma de Buenos Aires","Buenos Aires",Argentina,1503158605,"Romy Escudero",https://www.facebook.com/romina.escudero,1
Implosion,Buenosaires,implosionstore@facebook.com,"10 de Febrero",https://www.facebook.com/implosionstore,,,"Ciudad Autónoma de Buenos Aires","Buenos Aires",Argentina,1034139206,"La Rockeria",https://www.facebook.com/oveja1,1
Tomas,Catalan,tomas.catalan.77@facebook.com,"10 de Febrero",https://www.facebook.com/tomas.catalan.77,22,,"Ciudad Autónoma de Buenos Aires","Buenos Aires",Argentina,1345629750,"Candelaria Sires Barrantes",,1
Carolina,Palazzolo,carolina.palazzolo@facebook.com,"10 de Febrero",https://www.facebook.com/carolina.palazzolo,27,,"Ciudad Autónoma de Buenos Aires","Buenos Aires",Argentina,562073586,"Leandro Matias",,1
Carolina,Bermúdez,carubermudez@facebook.com,"10 de Febrero",https://www.facebook.com/carubermudez,,,"Ciudad Autónoma de Buenos Aires","Buenos Aires",Argentina,695069431,"Andrea Flijer",https://www.facebook.com/andrea.flijer,1
"Dani Mailen",Maquillaje,dani.mailen.7@facebook.com,"10 de Febrero",https://www.facebook.com/dani.mailen.7,30,,"Ciudad Autónoma de Buenos Aires","Buenos Aires",Argentina,1331051585,"Fernando Olner Cupayolo",https://www.facebook.com/fernando.cupayolo,1
Level,Modelss,level.modelss@facebook.com,"10 de Febrero",https://www.facebook.com/level.modelss,27,,"Ciudad Autónoma de Buenos Aires","Buenos Aires",Argentina,100006519493614,"Jessica Bellomo",https://www.facebook.com/JessBellomo,1
Julieta,Belén,julietabelen1@facebook.com,"10 de Febrero",https://www.facebook.com/julietabelen1,,Flores,"Ciudad Autónoma de Buenos Aires","Buenos Aires",Argentina,100000515098215,"Claudio Arias",https://www.facebook.com/clautrance,1
Deby,"Boca Juniors",deborahmariela.fernandezfernandez@facebook.com,"10 de Febrero",https://www.facebook.com/deborahmariela.fernandezfernandez,30,,"Ciudad Autónoma de Buenos Aires","Buenos Aires",Argentina,100003221001417,"Marianela Irusta",,1
Sebastian,Frangi,sebastian.frangi@facebook.com,"10 de Febrero",https://www.facebook.com/sebastian.frangi,,,"Ciudad Autónoma de Buenos Aires","Buenos Aires",Argentina,100003492966836,"Anna Laura",https://www.facebook.com/Anna.Laucha,1
Olivia,Gonzalez,oliiveta@facebook.com,"10 de Febrero",https://www.facebook.com/oliiveta,25,,"Ciudad Autónoma de Buenos Aires","Buenos Aires",Argentina,675070993,"Joaco Alvarez Amuchástegui",,1
Leo,Páez,leosieler@facebook.com,"10 de Febrero",https://www.facebook.com/leosieler,30,,"Ciudad Autónoma de Buenos Aires","Buenos Aires",Argentina,1023884192,"Lin Min May",https://www.facebook.com/cata277,1
Tu,Turrito,aloturro@facebook.com,"10 de Febrero",https://www.facebook.com/aloturro,,,"Ciudad Autónoma de Buenos Aires","Buenos Aires",Argentina,100000035584692,"Gabi López",,1
Claudio,Blackener,claudio.blackener@facebook.com,"10 de Febrero",https://www.facebook.com/claudio.blackener,,,"Ciudad Autónoma de Buenos Aires","Buenos Aires",Argentina,1628751779,"La Rockeria",https://www.facebook.com/oveja1,1
Ignacio,Panaro,ignacio.panaro@facebook.com,"10 de Febrero",https://www.facebook.com/ignacio.panaro,,,"Ciudad Autónoma de Buenos Aires","Buenos Aires",Argentina,738922581,"Fran L. Ocampo",https://www.facebook.com/franco,1
Paula,Vera,paula.vera.750@facebook.com,"10 de Febrero",https://www.facebook.com/paula.vera.750,28,"Buenos Aires","Buenos Aires","Buenos Aires",Argentina,100001124202648,"Gaston Vilalta",0,1
Nadia,Pipliza,piplis@facebook.com,"10 de Febrero",https://www.facebook.com/Piplis,27,,"Ciudad Autónoma de Buenos Aires","Buenos Aires",Argentina,1381988735,"Sil Cristiano ?ï?",https://www.facebook.com/Sivinita,1
Miguee,"Alvarez Romano",malvarezromano@facebook.com,"10 de Febrero",https://www.facebook.com/malvarezromano,,"Barrio Norte","Ciudad Autónoma de Buenos Aires","Buenos Aires",Argentina,1469786942,"Barby Suarez",https://www.facebook.com/barby1522,1
Carolina,Villar,claudia.villar1@facebook.com,"10 de Febrero",https://www.facebook.com/claudia.villar1,26,"San Telmo","Ciudad Autónoma de Buenos Aires","Buenos Aires",Argentina,1355387010,"Gabriela Bob",https://www.facebook.com/gabrielave,1
Elias,Caniza,elias.caniza.3@facebook.com,"10 de Febrero",https://www.facebook.com/elias.caniza.3,,,"Ciudad Autónoma de Buenos Aires","Buenos Aires",Argentina,1050534499,"Valeria Rodriguez",,1
Paola,Ramirez,paola.ramirez.7798574@facebook.com,"10 de Febrero",https://www.facebook.com/paola.ramirez.7798574,25,,"Ciudad Autónoma de Buenos Aires","Buenos Aires",Argentina,100001666503790,"Martin Gonzalez",,1
Christian,Finger,christian.finger.355@facebook.com,"10 de Febrero",https://www.facebook.com/christian.finger.355,,Liniers,"Ciudad Autónoma de Buenos Aires","Buenos Aires",Argentina,1459159368,"Emiliano Pirolo",https://www.facebook.com/emi.pirolo,1
China,Luis,china.luis.311@facebook.com,"10 de Febrero",https://www.facebook.com/china.luis.311,22,,"Ciudad Autónoma de Buenos Aires","Buenos Aires",Argentina,100006267244975,"Agustin Sujo",https://www.facebook.com/agustin.sujook,1
Natali,"Ferrero Grella",natali.ferrerogrella@facebook.com,"10 de Febrero",https://www.facebook.com/natali.ferrerogrella,22,,"Ciudad Autónoma de Buenos Aires","Buenos Aires",Argentina,100000863127167,"Estefi Hilarza",https://www.facebook.com/estefi.hilarza,1
"Paul Daniel",Frehley,pauldaniel.frehley@facebook.com,"10 de Febrero",https://www.facebook.com/pauldaniel.frehley,22,,"Ciudad Autónoma de Buenos Aires","Buenos Aires",Argentina,100000881588784,"Estefi Hilarza",https://www.facebook.com/estefi.hilarza,1
Mony,Lopez,monylopezrock@facebook.com,"10 de Febrero",https://www.facebook.com/monylopezrock,,,"Ciudad Autónoma de Buenos Aires","Buenos Aires",Argentina,100002520506080,"Pamela Garrote",https://www.facebook.com/pamela.garrote,1
Jota,Jota,jotajoker@facebook.com,"10 de Febrero",https://www.facebook.com/jotajoker,29,,"Ciudad Autónoma de Buenos Aires","Buenos Aires",Argentina,100007337825920,"Jose Guevara",https://www.facebook.com/JoeGuevara81,1
Nico,Ivancich,nico.ivancich@facebook.com,"10 de Febrero",https://www.facebook.com/nico.ivancich,26,,"Ciudad Autónoma de Buenos Aires","Buenos Aires",Argentina,1394334978,"Pau Britez",https://www.facebook.com/pau.britez,1
Alba,Almiròn,alba.a.almiron@facebook.com,"10 de Febrero",https://www.facebook.com/alba.a.almiron,,,"Ciudad Autónoma de Buenos Aires","Buenos Aires",Argentina,100002505918569,"Aldana Queirolo",https://www.facebook.com/aldana.queirolo,1
Agus,Chepar,agus.chepar@facebook.com,"10 de Febrero",https://www.facebook.com/agus.chepar,,,"Ciudad Autónoma de Buenos Aires","Buenos Aires",Argentina,100000748583117,"Tomás Eis",,1
Matias,Arias,matias.arias.39904@facebook.com,"10 de Febrero",https://www.facebook.com/matias.arias.39904,27,,"Ciudad Autónoma de Buenos Aires","Buenos Aires",Argentina,100003943274105,"Carla Diaz",,1
Pablo,Pak,pablo.pak1@facebook.com,"10 de Febrero",https://www.facebook.com/pablo.pak1,30,"Buenos Aires","Buenos Aires","Buenos Aires",Argentina,100000065218175,"Alan Yun",0,1
Emanuel,Aquino,emanuelldz10@facebook.com,"10 de Febrero",https://www.facebook.com/EmanuelLdz10,24,,"Ciudad Autónoma de Buenos Aires","Buenos Aires",Argentina,100003544221542,"Vale Piedra",https://www.facebook.com/Valepiedra,1
Agustina,Miorelli,agustina.miorelli@facebook.com,"10 de Febrero",https://www.facebook.com/agustina.miorelli,,Versailles,"Ciudad Autónoma de Buenos Aires","Buenos Aires",Argentina,100000162697445,"Cecilia Weingardt",,1
Paula,Castroman,paula.castroman.9@facebook.com,"10 de Febrero",https://www.facebook.com/paula.castroman.9,,,"Ciudad Autónoma de Buenos Aires","Buenos Aires",Argentina,1797177335,"Natalia Tarelli",,1
Camila,Padovani,camilaylen@facebook.com,"10 de Febrero",https://www.facebook.com/camilaylen,,"Buenos Aires","Buenos Aires","Buenos Aires",Argentina,1026820144,"Alan Yun",0,1
Shirley,Carreño,shirley.carreno.7@facebook.com,"10 de Febrero",https://www.facebook.com/shirley.carreno.7,25,,"Ciudad Autónoma de Buenos Aires","Buenos Aires",Argentina,1417030491,"Jessica Bellomo",https://www.facebook.com/JessBellomo,1
Brian,Schuster,brian.schuster2@facebook.com,"10 de Febrero",https://www.facebook.com/brian.schuster2,,,"Ciudad Autónoma de Buenos Aires","Buenos Aires",Argentina,1078394661,"Giselle G Mas",https://www.facebook.com/ftw.73,1
"Cockteils Chopp","Barras Moviles",chopperasreidochopp@facebook.com,"10 de Febrero",https://www.facebook.com/CHOPPERASREIDOCHOPP,28,,"Ciudad Autónoma de Buenos Aires","Buenos Aires",Argentina,100001541151927,"Clara Ryan",https://www.facebook.com/clariryaneventos,1
Chris,Ruuiiz,chris.ruuiiz@facebook.com,"10 de Febrero",https://www.facebook.com/chris.ruuiiz,,,"Ciudad Autónoma de Buenos Aires","Buenos Aires",Argentina,1225765860,"Agustina Pelle Müller",,1
Agustin,Montez,agustin.montez.5@facebook.com,"11 de Febrero",https://www.facebook.com/agustin.montez.5,,,"Ciudad Autónoma de Buenos Aires","Buenos Aires",Argentina,100000990240030,"Cielito Perez",,1
Roo,Ciio,roo.ciio.1654@facebook.com,"11 de Febrero",https://www.facebook.com/roo.ciio.1654,,,"Ciudad Autónoma de Buenos Aires","Buenos Aires",Argentina,1079859880,"Franco Palermo",,1
Aby,Biaggini,aby.t.mills@facebook.com,"11 de Febrero",https://www.facebook.com/Aby.T.Mills,,,"Ciudad Autónoma de Buenos Aires","Buenos Aires",Argentina,1485994660,"Mariana Fazio",https://www.facebook.com/amanecerrosa,1
Daiana,Barberio,daiana.barberio@facebook.com,"11 de Febrero",https://www.facebook.com/daiana.barberio,30,,"Ciudad Autónoma de Buenos Aires","Buenos Aires",Argentina,1210175510,"Nadia Soraya",https://www.facebook.com/nadia.soraya,1
Charly,"V Real",charly.vreal@facebook.com,"11 de Febrero",https://www.facebook.com/charly.vreal,,,"Ciudad Autónoma de Buenos Aires","Buenos Aires",Argentina,603742842,"Laurita Menichetti",https://www.facebook.com/laurita.menichetti,1
Emiliano,Gabriel,emiliano.gabriel.56@facebook.com,"11 de Febrero",https://www.facebook.com/emiliano.gabriel.56,23,,"Ciudad Autónoma de Buenos Aires","Buenos Aires",Argentina,1620338160,"Nadia Vannessa",https://www.facebook.com/nadiavannessa18,1
Guille,Sanz,guille.sanz.7@facebook.com,"11 de Febrero",https://www.facebook.com/guille.sanz.7,,,"Ciudad Autónoma de Buenos Aires","Buenos Aires",Argentina,1394325999,"Christian Douer Chuky",https://www.facebook.com/christian.chuky,1
Flor,Kank,flor.kank@facebook.com,"11 de Febrero",https://www.facebook.com/flor.kank,,,"Ciudad Autónoma de Buenos Aires","Buenos Aires",Argentina,1374609549,"Felipe Vidal",https://www.facebook.com/Feelipe.vp,1
Lara,Velez,lara.velez.18@facebook.com,"11 de Febrero",https://www.facebook.com/lara.velez.18,28,,"Ciudad Autónoma de Buenos Aires","Buenos Aires",Argentina,100000010054066,"Charly Ruez",,1
Claudia,Dalmao,claudia.dalmao@facebook.com,"11 de Febrero",https://www.facebook.com/claudia.dalmao,,,"Ciudad Autónoma de Buenos Aires","Buenos Aires",Argentina,1443686519,"Fátima Belén Zárate",,1
Jero,Laredo,jero.laredo@facebook.com,"11 de Febrero",https://www.facebook.com/jero.laredo,26,"Buenos Aires","Buenos Aires","Buenos Aires",Argentina,100001076085167,"Fabi Cepeda",0,1
Maar,Silva,maarciitah@facebook.com,"11 de Febrero",https://www.facebook.com/Maarciitah,21,"Buenos Aires","Buenos Aires","Buenos Aires",Argentina,100000493956328,"Elias Prituluk",0,1
Eca,Emprendimientos,eca2015@facebook.com,"11 de Febrero",https://www.facebook.com/eca2015,24,,"Ciudad Autónoma de Buenos Aires","Buenos Aires",Argentina,100003473718171,"Maru Bruni",,1
"Feria Americana",Marcas,solomujeres2011@facebook.com,"11 de Febrero",https://www.facebook.com/solomujeres2011,28,,"Ciudad Autónoma de Buenos Aires","Buenos Aires",Argentina,100001197112578,"Cecilia Weingardt",,1
Familia,Deliciosa,deliciosaadiccion@facebook.com,"11 de Febrero",https://www.facebook.com/Deliciosaadiccion,27,Coghlan,"Ciudad Autónoma de Buenos Aires","Buenos Aires",Argentina,1780275984,"Giselle G Mas",https://www.facebook.com/ftw.73,1
Victoria,Diale,victoria.diale@facebook.com,"11 de Febrero",https://www.facebook.com/victoria.diale,24,,"Ciudad Autónoma de Buenos Aires","Buenos Aires",Argentina,598740686,"Gabriela Rosito",https://www.facebook.com/gabriela.rosito,1
Tina,Lowell,tina.lowell.520@facebook.com,"11 de Febrero",https://www.facebook.com/tina.lowell.520,26,Recoleta,"Ciudad Autónoma de Buenos Aires","Buenos Aires",Argentina,100006472506095,"Emiliano Pirolo",https://www.facebook.com/emi.pirolo,1
Christian,Mad,cristianmad@facebook.com,"11 de Febrero",https://www.facebook.com/cristianmad,,,"Ciudad Autónoma de Buenos Aires","Buenos Aires",Argentina,1560903750,"Tatiana Petroccelli",https://www.facebook.com/tanshanita,1
Alejandro,Palermo,alejandro.palermo.12@facebook.com,"11 de Febrero",https://www.facebook.com/alejandro.palermo.12,24,,"Ciudad Autónoma de Buenos Aires","Buenos Aires",Argentina,100001296751553,"Agustina Del Rosario Anzisi",https://www.facebook.com/AgustinadelRosario,1
Matias,Maidana,matias.maidana.9026@facebook.com,"11 de Febrero",https://www.facebook.com/matias.maidana.9026,22,,"Ciudad Autónoma de Buenos Aires","Buenos Aires",Argentina,100002613231324,"Castro Marina",https://www.facebook.com/castro.marina,1
Emilio,Pancotto,emilio.pancotto.1@facebook.com,"11 de Febrero",https://www.facebook.com/emilio.pancotto.1,23,,"Ciudad Autónoma de Buenos Aires","Buenos Aires",Argentina,100007812211447,"Piltra Toller",https://www.facebook.com/piltra,1
Eliana,Acuña,elianajrock@facebook.com,"11 de Febrero",https://www.facebook.com/ELIANAJROCK,24,,"Ciudad Autónoma de Buenos Aires","Buenos Aires",Argentina,100004346014979,"Elias Saul",https://www.facebook.com/elias.saul,1
Nacho,Soto,nacho.soto.50@facebook.com,"11 de Febrero",https://www.facebook.com/nacho.soto.50,,,"Ciudad Autónoma de Buenos Aires","Buenos Aires",Argentina,1805306484,"Valentino Fabre",https://www.facebook.com/valenfabre,1
Giuliana,"Primavera Barral",giuliana.primaverabarral@facebook.com,"11 de Febrero",https://www.facebook.com/giuliana.primaverabarral,23,,"Ciudad Autónoma de Buenos Aires","Buenos Aires",Argentina,100007297661189,"Karina Alejandra Barral",https://www.facebook.com/karina.barral,1
Crisbal,Dalessandro,crisbal.dalessandro@facebook.com,"11 de Febrero",https://www.facebook.com/crisbal.dalessandro,25,"Buenos Aires","Buenos Aires","Buenos Aires",Argentina,1003405031,"Karen Andreoli",0,1
Andre,Sosa,andre.sosita@facebook.com,"11 de Febrero",https://www.facebook.com/andre.sosita,,Barracas,"Ciudad Autónoma de Buenos Aires","Buenos Aires",Argentina,1269135981,"Christian Douer Chuky",https://www.facebook.com/christian.chuky,1
Geremias,Castiagno,geremias.castiagno@facebook.com,"11 de Febrero",https://www.facebook.com/geremias.castiagno,26,,"Ciudad Autónoma de Buenos Aires","Buenos Aires",Argentina,1518112970,"Maria Paula Toyos",,1
Vanesa,Roldán,vanevero@facebook.com,"11 de Febrero",https://www.facebook.com/VANEVERO,,,"Ciudad Autónoma de Buenos Aires","Buenos Aires",Argentina,1084784103,"Marina Gispert Rieu",https://www.facebook.com/marina.gispertrieu,1
Juan,Manuel,jmmillet@facebook.com,"11 de Febrero",https://www.facebook.com/jmmillet,28,,"Ciudad Autónoma de Buenos Aires","Buenos Aires",Argentina,1348540068,"Walter Gonzalez",,1
Francisca,Camardon,panchaesunagenia@facebook.com,"11 de Febrero",https://www.facebook.com/panchaesunaGENIA,,,"Ciudad Autónoma de Buenos Aires","Buenos Aires",Argentina,1478043224,"Alan Volper",https://www.facebook.com/alan.volper,1
Vicky,Binetti,vicky.binetti@facebook.com,"11 de Febrero",https://www.facebook.com/vicky.binetti,21,,"Ciudad Autónoma de Buenos Aires","Buenos Aires",Argentina,100000842024717,"Francisco Klausner",https://www.facebook.com/francisco.klausner,1
Sara,Caceres,sara.caceres.790@facebook.com,"11 de Febrero",https://www.facebook.com/sara.caceres.790,,"Buenos Aires","Buenos Aires","Buenos Aires",Argentina,1399120400,"Alan Yun",0,1
Natalia,Lucila,lilithica.cib@facebook.com,"11 de Febrero",https://www.facebook.com/lilithica.cib,,,"Ciudad Autónoma de Buenos Aires","Buenos Aires",Argentina,1154028239,"La Rockeria",https://www.facebook.com/oveja1,1
Pipi,Segovia,andreita.segovia@facebook.com,"11 de Febrero",https://www.facebook.com/andreita.segovia,24,,"Ciudad Autónoma de Buenos Aires","Buenos Aires",Argentina,100003725100385,"Ale Arias Mandarine Park",,1
Soy,LaApuesta,soy.laapuesta@facebook.com,"11 de Febrero",https://www.facebook.com/soy.laapuesta,,,"Ciudad Autónoma de Buenos Aires","Buenos Aires",Argentina,100000223957294,"Brenda Fabregat",https://www.facebook.com/brenda.fabregat,1
Cande,"La Rosa",cande.larosa.9@facebook.com,"11 de Febrero",https://www.facebook.com/cande.larosa.9,,,"Ciudad Autónoma de Buenos Aires","Buenos Aires",Argentina,100003367422654,"Thomas Jensen",,1
Rodrigo,Murua,rodrigo.murua.9@facebook.com,"11 de Febrero",https://www.facebook.com/rodrigo.murua.9,,,"Ciudad Autónoma de Buenos Aires","Buenos Aires",Argentina,728214820,"Daiana Solange Labat",https://www.facebook.com/Daichilandia,1
Nazarena,Montiel,nlm11@facebook.com,"11 de Febrero",https://www.facebook.com/nlm11,,,"Ciudad Autónoma de Buenos Aires","Buenos Aires",Argentina,1045766619,"Noelia Sarquiz",https://www.facebook.com/noelia.sarquiz,1
Barbara,Schmidt,barbara.s.schmidt@facebook.com,"11 de Febrero",https://www.facebook.com/barbara.s.schmidt,24,,"Ciudad Autónoma de Buenos Aires","Buenos Aires",Argentina,1146818684,"Charly Ruez",https://www.facebook.com/charly.ruez,1
Román,Gabriel,romanvenica@facebook.com,"11 de Febrero",https://www.facebook.com/RomanVenica,21,,"Ciudad Autónoma de Buenos Aires","Buenos Aires",Argentina,1320499418,"Celeste Heli",https://www.facebook.com/celeste.heli,1
Nicolas,Puzenat,nicolas.puzenat@facebook.com,"11 de Febrero",https://www.facebook.com/nicolas.puzenat,27,,"Ciudad Autónoma de Buenos Aires","Buenos Aires",Argentina,646234224,"Loreto Belmar",https://www.facebook.com/loreto.belmar,1
Masajista,Fisioterapeuta,masajistareflexologo1@facebook.com,"11 de Febrero",https://www.facebook.com/masajistareflexologo1,,,"Ciudad Autónoma de Buenos Aires","Buenos Aires",Argentina,100001417565834,"Carla Ferro",https://www.facebook.com/carla.ferro,1
"Cecilia Infesta","Vinos Consentidos",ceciliainfesta.vinosconsentidos@facebook.com,"11 de Febrero",https://www.facebook.com/ceciliainfesta.vinosconsentidos,29,,"Ciudad Autónoma de Buenos Aires","Buenos Aires",Argentina,100002671557032,"Jimena Avila",,1
Lucas,Barbuto,lucas.barbuto.5@facebook.com,"11 de Febrero",https://www.facebook.com/lucas.barbuto.5,29,Colegiales,"Ciudad Autónoma de Buenos Aires","Buenos Aires",Argentina,100003834010550,"Gisele Fratini",https://www.facebook.com/giakdmik,1
Llevame,Contigo,llevame.contigodg@facebook.com,"11 de Febrero",https://www.facebook.com/llevame.contigodg,29,,"Ciudad Autónoma de Buenos Aires","Buenos Aires",Argentina,100003849283276,"Gisele Fratini",https://www.facebook.com/giakdmik,1
Tienda,Par,tienda.par@facebook.com,"11 de Febrero",https://www.facebook.com/tienda.par,29,"San Telmo","Ciudad Autónoma de Buenos Aires","Buenos Aires",Argentina,100003859195869,"Gisele Fratini",https://www.facebook.com/giakdmik,1
Ezequiel,Brunaux,ezequielbrunaux@facebook.com,"11 de Febrero",https://www.facebook.com/EzequielBrunaux,21,,"Ciudad Autónoma de Buenos Aires","Buenos Aires",Argentina,1286375081,"Pia Bocchino",https://www.facebook.com/pia.bocchino,1
Romii,CaRp,romii.carp.526@facebook.com,"11 de Febrero",https://www.facebook.com/romii.carp.526,,,"Ciudad Autónoma de Buenos Aires","Buenos Aires",Argentina,1175996893,"Agustina Pelle Müller",,1
Pao,"Di Gregorio",pao.digregorio@facebook.com,"11 de Febrero",https://www.facebook.com/Pao.DiGregorio,,,"Ciudad Autónoma de Buenos Aires","Buenos Aires",Argentina,678465413,"Guido De Marco",,1
Yohanna,Giselle,yana.giselle@facebook.com,"11 de Febrero",https://www.facebook.com/yana.giselle,22,,"Ciudad Autónoma de Buenos Aires","Buenos Aires",Argentina,100003732889262,"Pedro Lopezyfernandez",https://www.facebook.com/pedronahuel,1
Facu,Montiel,facu.montiel.92@facebook.com,"11 de Febrero",https://www.facebook.com/facu.montiel.92,24,,"Ciudad Autónoma de Buenos Aires","Buenos Aires",Argentina,100002010327142,"Bernardo Cura Bonazzola",https://www.facebook.com/bernardocurabonazzola,1
Psicologia,Abierta,psicologia.abierta@facebook.com,"11 de Febrero",https://www.facebook.com/psicologia.abierta,24,,"Ciudad Autónoma de Buenos Aires","Buenos Aires",Argentina,100002107974099,"Bernardo Cura Bonazzola",https://www.facebook.com/bernardocurabonazzola,1
Lu,Rivero,lu.rivero.921@facebook.com,"11 de Febrero",https://www.facebook.com/lu.rivero.921,,,"Ciudad Autónoma de Buenos Aires","Buenos Aires",Argentina,1394065441,"Manu Dadaglio",,1
Gina,Machta,gina.machta@facebook.com,"11 de Febrero",https://www.facebook.com/gina.machta,,,"Ciudad Autónoma de Buenos Aires","Buenos Aires",Argentina,1056822604,"Aldana Queirolo",https://www.facebook.com/aldana.queirolo,1
Seba,Basualdo,seba.basualdo.7@facebook.com,"11 de Febrero",https://www.facebook.com/seba.basualdo.7,29,,"Ciudad Autónoma de Buenos Aires","Buenos Aires",Argentina,1257290236,"Chechu Acea",,1
Matias,Barbuto,lucasmatiasbarbuto@facebook.com,"11 de Febrero",https://www.facebook.com/lucasmatiasbarbuto,29,,"Ciudad Autónoma de Buenos Aires","Buenos Aires",Argentina,100001591699439,"Gisele Fratini",https://www.facebook.com/giakdmik,1
Naty,Fernandez,naty.fernandez.3726@facebook.com,"11 de Febrero",https://www.facebook.com/naty.fernandez.3726,22,,"Ciudad Autónoma de Buenos Aires","Buenos Aires",Argentina,100002003638777,"Rodrii Martinez",,1
Federico,Juarez,fede.tii.amo.o@facebook.com,"11 de Febrero",https://www.facebook.com/Fede.Tii.Amo.O,22,,"Ciudad Autónoma de Buenos Aires","Buenos Aires",Argentina,100002007664569,"Rodrii Martinez",,1
Mariano,Alonso,mariano.alonso.773@facebook.com,"11 de Febrero",https://www.facebook.com/mariano.alonso.773,27,,"Ciudad Autónoma de Buenos Aires","Buenos Aires",Argentina,1382421308,"Sergio Acosta",,1
Shei,Castagna,shei.castagna@facebook.com,"11 de Febrero",https://www.facebook.com/shei.castagna,24,,"Ciudad Autónoma de Buenos Aires","Buenos Aires",Argentina,100000447704425,"Sindy Elisa Szczucky",https://www.facebook.com/sindy.szczucky,1
Mica,Mazzei,mica.mazzei.7@facebook.com,"11 de Febrero",https://www.facebook.com/mica.mazzei.7,,,"Ciudad Autónoma de Buenos Aires","Buenos Aires",Argentina,726507041,"Facu Denegri",,1
Milu,Romero,miluchinsqui@facebook.com,"11 de Febrero",https://www.facebook.com/Miluchinsqui,22,,"Ciudad Autónoma de Buenos Aires","Buenos Aires",Argentina,100000814377031,"Flor Vischi Cortés",https://www.facebook.com/flor.vischi,1
"Gimena Fabiana",Souza,gimenafabiana.souza@facebook.com,"11 de Febrero",https://www.facebook.com/gimenafabiana.souza,,"Buenos Aires","Buenos Aires","Buenos Aires",Argentina,100002068892221,"Iael Rosemberg",0,1
Javi,Slutsky,javi.slutsky@facebook.com,"11 de Febrero",https://www.facebook.com/javi.slutsky,,,"Ciudad Autónoma de Buenos Aires","Buenos Aires",Argentina,711022597,"Carlina Piedra",https://www.facebook.com/carlina.piedra,1
Papu,Genaro,papu.genaro@facebook.com,"11 de Febrero",https://www.facebook.com/papu.genaro,22,,"Ciudad Autónoma de Buenos Aires","Buenos Aires",Argentina,1425665278,"Alejandro Cocktila Acosta",https://www.facebook.com/alejandro.acosta,1
Eros,Itrosi,erositrosi@facebook.com,"11 de Febrero",https://www.facebook.com/erositrosi,,,"Ciudad Autónoma de Buenos Aires","Buenos Aires",Argentina,100000613959513,"Maria Belén",,1
Sofia,Diaz,sofialihuediaz@facebook.com,"11 de Febrero",https://www.facebook.com/sofialihuediaz,24,,"Ciudad Autónoma de Buenos Aires","Buenos Aires",Argentina,519339805,"Sofía Barreira",https://www.facebook.com/sofia.barreiram,1
Paula,"de Zavaleta",pauu.zavaleta@facebook.com,"11 de Febrero",https://www.facebook.com/Pauu.Zavaleta,,,"Ciudad Autónoma de Buenos Aires","Buenos Aires",Argentina,1502751876,"Clara Ryan",https://www.facebook.com/clariryaneventos,1
Ivan,Jaime,darksoulproject@facebook.com,"11 de Febrero",https://www.facebook.com/darksoulproject,,"Buenos Aires","Buenos Aires","Buenos Aires",Argentina,1074221555,"Peter GC",0,1
Lourdes,Acevedo,lourdes.acevedo.98@facebook.com,"11 de Febrero",https://www.facebook.com/lourdes.acevedo.98,23,,"Ciudad Autónoma de Buenos Aires","Buenos Aires",Argentina,100002951236404,"Ana Costas",,1
Stella,Sosa,stella.sosa.39@facebook.com,"12 de Febrero",https://www.facebook.com/stella.sosa.39,,,"Ciudad Autónoma de Buenos Aires","Buenos Aires",Argentina,100000155253984,"Sergio Acosta",,1
Maximiliano,Ezequiel,maxi.iriarte.94@facebook.com,"12 de Febrero",https://www.facebook.com/maxi.iriarte.94,21,,"Ciudad Autónoma de Buenos Aires","Buenos Aires",Argentina,100000567612012,"Agustina Pelle Müller",,1
Martin,Koen,mkoen@facebook.com,"12 de Febrero",https://www.facebook.com/mkoen,,,"Ciudad Autónoma de Buenos Aires","Buenos Aires",Argentina,1071829041,"Sabrina Fuchs",,1
Cecilia,Belen,cecilia.belen1@facebook.com,"12 de Febrero",https://www.facebook.com/cecilia.belen1,23,,"Ciudad Autónoma de Buenos Aires","Buenos Aires",Argentina,100001280477053,"Piltra Toller",https://www.facebook.com/piltra,1
Sasha,Breier,sasha.breier@facebook.com,"12 de Febrero",https://www.facebook.com/sasha.breier,,,"Ciudad Autónoma de Buenos Aires","Buenos Aires",Argentina,1093324410,"Brian Cano",,1
Angela,Lin,angiee.lin@facebook.com,"12 de Febrero",https://www.facebook.com/Angiee.Lin,,,"Ciudad Autónoma de Buenos Aires","Buenos Aires",Argentina,1067226256,"Cami Weng",,1
Carolina,Boilini,carolina.boilini.7@facebook.com,"12 de Febrero",https://www.facebook.com/carolina.boilini.7,23,,"Ciudad Autónoma de Buenos Aires","Buenos Aires",Argentina,100003858917778,"Valentino Fabre",https://www.facebook.com/valenfabre,1
Agui,Ferg,agui.ferg@facebook.com,"12 de Febrero",https://www.facebook.com/agui.ferg,,,"Ciudad Autónoma de Buenos Aires","Buenos Aires",Argentina,1635913491,"Verónica Elisa",https://www.facebook.com/veronicaelisags,1
German,Archimede,german.archimede@facebook.com,"12 de Febrero",https://www.facebook.com/german.archimede,25,,"Ciudad Autónoma de Buenos Aires","Buenos Aires",Argentina,1069620585,"Alexia Garcia",https://www.facebook.com/garciaalexiia,1
Lula,Arrascaeta,lula.arrascaeta@facebook.com,"12 de Febrero",https://www.facebook.com/lula.arrascaeta,,,"Ciudad Autónoma de Buenos Aires","Buenos Aires",Argentina,1080296046,"Cami Weng",,1
Martín,Villullas,martonmoog@facebook.com,"12 de Febrero",https://www.facebook.com/martonmoog,30,,"Ciudad Autónoma de Buenos Aires","Buenos Aires",Argentina,776203129,"Maria Laura Pendás",https://www.facebook.com/marialaura.pendas,1
Luuli,Forte,luuli.forte@facebook.com,"12 de Febrero",https://www.facebook.com/Luuli.forte,,"Villa Del Parque","Ciudad Autónoma de Buenos Aires","Buenos Aires",Argentina,1151127444,"Guido Moncayo",https://www.facebook.com/guido.moncayo,1
Matu,Brigante,maty.gomez.564@facebook.com,"12 de Febrero",https://www.facebook.com/maty.gomez.564,,,"Ciudad Autónoma de Buenos Aires","Buenos Aires",Argentina,100002501746567,"Guido Moncayo",https://www.facebook.com/guido.moncayo,1
Andres,Danziger,andres.danziger@facebook.com,"12 de Febrero",https://www.facebook.com/andres.danziger,,,"Ciudad Autónoma de Buenos Aires","Buenos Aires",Argentina,100001239202755,"Noelia Sarquiz",https://www.facebook.com/noelia.sarquiz,1
Diego,"Ezequiel C",dieguittowp@facebook.com,"12 de Febrero",https://www.facebook.com/dieguittowp,,,"Ciudad Autónoma de Buenos Aires","Buenos Aires",Argentina,1711600707,"Alejandra Lopez",,1
Soff,Arsoategui,sofia.arsoategui@facebook.com,"12 de Febrero",https://www.facebook.com/sofia.arsoategui,,Barracas,"Ciudad Autónoma de Buenos Aires","Buenos Aires",Argentina,100000561095510,"Cristian Fernandez Villamor",https://www.facebook.com/cristian.fernandezvillamo,1
Celeste,"Farías Fotografía",celestefariasfotografia@facebook.com,"12 de Febrero",https://www.facebook.com/celestefariasfotografia,28,,"Ciudad Autónoma de Buenos Aires","Buenos Aires",Argentina,100002193517780,"Sumatra Shows",https://www.facebook.com/sumatrashows,1
Igna,Po,igna9@facebook.com,"12 de Febrero",https://www.facebook.com/igna9,27,,"Ciudad Autónoma de Buenos Aires","Buenos Aires",Argentina,1276034440,"Germán LM",https://www.facebook.com/ghermanl,1
Sofy,Su,sofy.su.9@facebook.com,"12 de Febrero",https://www.facebook.com/sofy.su.9,,,"Ciudad Autónoma de Buenos Aires","Buenos Aires",Argentina,100002184988295,"Cami Weng",,1
Dani,Fleitas,dani.flei@facebook.com,"12 de Febrero",https://www.facebook.com/dani.flei,28,,"Ciudad Autónoma de Buenos Aires","Buenos Aires",Argentina,703129388,"Natalia Garmaz Hilbert",https://www.facebook.com/natalia.garmazhilbert,1
Sergio,Kolesniuk,sergio.kolesniuk@facebook.com,"12 de Febrero",https://www.facebook.com/sergio.kolesniuk,22,,"Ciudad Autónoma de Buenos Aires","Buenos Aires",Argentina,1557008630,"Martín Álvarez BA I",https://www.facebook.com/Woody.Blair,1
Manu,Pombo,manupombo02@facebook.com,"12 de Febrero",https://www.facebook.com/manupombo02,,,"Ciudad Autónoma de Buenos Aires","Buenos Aires",Argentina,100002575202732,"Juan Cruz Albornoz",,1
Facu,Madina,facundomadina@facebook.com,"12 de Febrero",https://www.facebook.com/FacundoMadina,,,"Ciudad Autónoma de Buenos Aires","Buenos Aires",Argentina,100000379581623,"Joaquin Barraco",https://www.facebook.com/chino.barraco,1
Luli,Moabre,luli.moabre@facebook.com,"12 de Febrero",https://www.facebook.com/luli.moabre,,,"Ciudad Autónoma de Buenos Aires","Buenos Aires",Argentina,1428154501,"Aylu Macchi",,1
Kevin,Aguirre,kevin.aguirre.7140@facebook.com,"12 de Febrero",https://www.facebook.com/kevin.aguirre.7140,22,"Parque Chas","Ciudad Autónoma de Buenos Aires","Buenos Aires",Argentina,1317741676,"David Zalasar",https://www.facebook.com/Davidcocktails,1
Pepa,Oneto,pepa.oneto3@facebook.com,"12 de Febrero",https://www.facebook.com/pepa.oneto3,,,"Ciudad Autónoma de Buenos Aires","Buenos Aires",Argentina,663410808,"Agustín de Aramburu",https://www.facebook.com/agustin.dearamburu,1
"Rutas Del",Rock,rutasdel.rock@facebook.com,"12 de Febrero",https://www.facebook.com/rutasdel.rock,27,,"Ciudad Autónoma de Buenos Aires","Buenos Aires",Argentina,100001766398099,"Ariel Galinski",https://www.facebook.com/ariel.galinski,1
Andres,Gagliardi,an.gagliardi@facebook.com,"12 de Febrero",https://www.facebook.com/an.gagliardi,,,"Ciudad Autónoma de Buenos Aires","Buenos Aires",Argentina,581273181,"Chechu Tayeldin",https://www.facebook.com/chechu.tayeldin,1
Romina,Marashlian,romina.marashlian@facebook.com,"12 de Febrero",https://www.facebook.com/romina.marashlian,25,,"Ciudad Autónoma de Buenos Aires","Buenos Aires",Argentina,1814200800,"Fran L. Ocampo",https://www.facebook.com/franco,1
Gaston,Amarilla,gaston.amarilla.7@facebook.com,"12 de Febrero",https://www.facebook.com/gaston.amarilla.7,25,"Parque Chacabuco","Ciudad Autónoma de Buenos Aires","Buenos Aires",Argentina,1427980774,"Giiu Minniti",https://www.facebook.com/giiu.minniti,1
"Jose Carlos","Hurtado Rios",josecarlos.hurtadorios@facebook.com,"12 de Febrero",https://www.facebook.com/josecarlos.hurtadorios,,,"Ciudad Autónoma de Buenos Aires","Buenos Aires",Argentina,1319531285,"Ruben Pacora",https://www.facebook.com/ruben.pacora,1
Malbec,"Wines Company",malbecwinco@facebook.com,"12 de Febrero",https://www.facebook.com/malbecwinco,24,,"Ciudad Autónoma de Buenos Aires","Buenos Aires",Argentina,100005151725576,"Cristian Fernandez Villamor",https://www.facebook.com/cristian.fernandezvillamo,1
Zapatillas,Ciclismo,zapatillas.de.ciclismo@facebook.com,"12 de Febrero",https://www.facebook.com/Zapatillas.de.Ciclismo,28,,"Ciudad Autónoma de Buenos Aires","Buenos Aires",Argentina,100002245905212,"Daiana Solange Labat",https://www.facebook.com/Daichilandia,1
Jaime,Martinez,jaime.a.martinez.925@facebook.com,"12 de Febrero",https://www.facebook.com/jaime.a.martinez.925,29,,"Ciudad Autónoma de Buenos Aires","Buenos Aires",Argentina,620917957,"Alejandro Cocktila Acosta",https://www.facebook.com/alejandro.acosta,1
Meli,Lurueña,meli.luruena@facebook.com,"12 de Febrero",https://www.facebook.com/meli.luruena,22,,"Ciudad Autónoma de Buenos Aires","Buenos Aires",Argentina,1565898463,"Ian Szejner",,1
Jose,Delbajo,km30mand@facebook.com,"12 de Febrero",https://www.facebook.com/km30mand,24,,"Ciudad Autónoma de Buenos Aires","Buenos Aires",Argentina,100001429944262,"Anna Laura",https://www.facebook.com/Anna.Laucha,1
Ch,Ristian,por.lo.menos@facebook.com,"12 de Febrero",https://www.facebook.com/por.lo.menos,22,,"Ciudad Autónoma de Buenos Aires","Buenos Aires",Argentina,1327260547,"Ayu Casanova",,1
Daian,Cazon,daian.de.v.fiorito@facebook.com,"12 de Febrero",https://www.facebook.com/daian.de.v.fiorito,21,,"Ciudad Autónoma de Buenos Aires","Buenos Aires",Argentina,1493530385,"Camy Falcón",https://www.facebook.com/Cammy.Falcon,1
Rodrigo,Figueira,rodrigo.figueira.9822@facebook.com,"12 de Febrero",https://www.facebook.com/rodrigo.figueira.9822,,,"Ciudad Autónoma de Buenos Aires","Buenos Aires",Argentina,100000862277145,"Mery Villar",https://www.facebook.com/mery.villar1,1
Cerrito,Marymix,cerrito.marymix@facebook.com,"12 de Febrero",https://www.facebook.com/cerrito.marymix,21,,"Ciudad Autónoma de Buenos Aires","Buenos Aires",Argentina,100003351531286,"Bë Döbiencita",https://www.facebook.com/be.dobiencita,1
Ropa,Importada,ropaimportadabuenosaires@facebook.com,"12 de Febrero",https://www.facebook.com/ropaimportadabuenosaires,,,"Ciudad Autónoma de Buenos Aires","Buenos Aires",Argentina,100000869346978,"Sabri Bértolo",,1
Gonza,Vilas,gonza.vilas.9@facebook.com,"12 de Febrero",https://www.facebook.com/gonza.vilas.9,,,"Ciudad Autónoma de Buenos Aires","Buenos Aires",Argentina,1041771155,"Geru Sznek",https://www.facebook.com/gsznek,1
Cecilia,Guerault,cecilia.guerault.9@facebook.com,"12 de Febrero",https://www.facebook.com/cecilia.guerault.9,30,"Buenos Aires","Buenos Aires","Buenos Aires",Argentina,100000284815803,"Juan Pablo Aleman",0,1
Ezequiel,Black,ezequiel.blacky@facebook.com,"12 de Febrero",https://www.facebook.com/ezequiel.blacky,,,"Ciudad Autónoma de Buenos Aires","Buenos Aires",Argentina,100001775515403,"Florencia Ferrari",https://www.facebook.com/florenciaferrari.1403,1
"Roxana Belen",Lamirato,roxanabelen.lamirato@facebook.com,"12 de Febrero",https://www.facebook.com/roxanabelen.lamirato,,,"Ciudad Autónoma de Buenos Aires","Buenos Aires",Argentina,1063696097,"Maria Eugenia Lopez Muzinger",https://www.facebook.com/lopezmuzinger,1
Scott,Liao,scottpatoliao@facebook.com,"12 de Febrero",https://www.facebook.com/scottpatoliao,,"Buenos Aires","Buenos Aires","Buenos Aires",Argentina,100000615537104,"Alan Yun",0,1
Shee,"Sii de Luna",yesica.checa.5@facebook.com,"12 de Febrero",https://www.facebook.com/yesica.checa.5,22,,"Ciudad Autónoma de Buenos Aires","Buenos Aires",Argentina,100004258416486,"Ale Arias Mandarine Park",,1
"M. Mercedes",Caubet,m.mercedes.caubet@facebook.com,"12 de Febrero",https://www.facebook.com/m.mercedes.caubet,30,"Buenos Aires","Buenos Aires","Buenos Aires",Argentina,1100626392,"Pablo Resnik",0,1
Hernan,Salinas,hernan.salinas.501@facebook.com,"12 de Febrero",https://www.facebook.com/hernan.salinas.501,23,,"Ciudad Autónoma de Buenos Aires","Buenos Aires",Argentina,100003027962600,"Christian Douer Chuky",https://www.facebook.com/christian.chuky,1
Enrique,Pedernera,enrique.c.pedernera@facebook.com,"12 de Febrero",https://www.facebook.com/enrique.c.pedernera,21,,"Ciudad Autónoma de Buenos Aires","Buenos Aires",Argentina,100000560891085,"Demián Gabriel",,1
Faabii,Benitez,faabii.benitez@facebook.com,"12 de Febrero",https://www.facebook.com/faabii.benitez,,,"Ciudad Autónoma de Buenos Aires","Buenos Aires",Argentina,100001273542084,"Agustina Pelle Müller",,1
Luciana,Vazquez,luli.house@facebook.com,"12 de Febrero",https://www.facebook.com/luli.house,,,"Ciudad Autónoma de Buenos Aires","Buenos Aires",Argentina,1037415897,"Maria Garcia Neglia",https://www.facebook.com/maria.garcianeglia,1
"La Alquimia",Arabians,alquimia.arabians@facebook.com,"12 de Febrero",https://www.facebook.com/alquimia.arabians,28,,"Ciudad Autónoma de Buenos Aires","Buenos Aires",Argentina,100003217028877,"Flor Scalise",https://www.facebook.com/flor.scalise,1
Miguel,Bravo,yoelmiguelito@facebook.com,"12 de Febrero",https://www.facebook.com/yoelmiguelito,,,"Ciudad Autónoma de Buenos Aires","Buenos Aires",Argentina,100001538955143,"Flor Vischi Cortés",https://www.facebook.com/flor.vischi,1
Marcos,"Rago Ceballos",marcoragoceballos@facebook.com,"12 de Febrero",https://www.facebook.com/marcoragoceballos,30,,"Ciudad Autónoma de Buenos Aires","Buenos Aires",Argentina,1455607347,"Carlos Wilson",,1
Gonzalo,Blanco,gonza.blanco.583@facebook.com,"12 de Febrero",https://www.facebook.com/gonza.blanco.583,,Núñez,"Ciudad Autónoma de Buenos Aires","Distrito Federal",Argentina,1328332277,"Julian Yankeliovich Barassi",,1
Beatriz,Kielmanovich,beatriz.kielmanovich@facebook.com,"12 de Febrero",https://www.facebook.com/beatriz.kielmanovich,,,"Ciudad Autónoma de Buenos Aires","Buenos Aires",Argentina,641114554,"Daniela Sevilla",,1
Juana,"Ramirez Silva",juana.ramirezsilva.1@facebook.com,"12 de Febrero",https://www.facebook.com/juana.ramirezsilva.1,28,"Buenos Aires","Buenos Aires","Buenos Aires",Argentina,100004582501936,"Hercilia Rs",0,1
Mariana,Gutierrez,mariana.moka@facebook.com,"12 de Febrero",https://www.facebook.com/mariana.moka,24,,"Ciudad Autónoma de Buenos Aires","Buenos Aires",Argentina,1098355676,"Dani Escala",https://www.facebook.com/danielaescala,1
El,Negro,cesar.fabre@facebook.com,"12 de Febrero",https://www.facebook.com/cesar.fabre,26,,"Ciudad Autónoma de Buenos Aires","Buenos Aires",Argentina,100001012440811,"Tatiana Petroccelli",https://www.facebook.com/tanshanita,1
Anibal,Crespo,anibal.crespo.7@facebook.com,"12 de Febrero",https://www.facebook.com/anibal.crespo.7,30,,"Ciudad Autónoma de Buenos Aires","Buenos Aires",Argentina,100002393960933,"Ana Jasibe",https://www.facebook.com/ana.jasibe,1
Gaston,Paquiri,gaston.paquiri@facebook.com,"12 de Febrero",https://www.facebook.com/gaston.paquiri,27,,"Ciudad Autónoma de Buenos Aires","Buenos Aires",Argentina,542418615,"Ana María Mesones",https://www.facebook.com/ana.mesones,1
Nicolas,"Serrano Caraccioli",nicolas.serranocaraccioli@facebook.com,"12 de Febrero",https://www.facebook.com/nicolas.serranocaraccioli,,,"Ciudad Autónoma de Buenos Aires","Buenos Aires",Argentina,1035799429,"Jorge Biamonte",https://www.facebook.com/georgebiamonteok,1
Claudia,Chiappino,claudiachiappino@facebook.com,"12 de Febrero",https://www.facebook.com/claudiachiappino,,,"Ciudad Autónoma de Buenos Aires","Buenos Aires",Argentina,1112502560,"Ariel Villarreal",,1
Sergio,Cabriza,sergio.cabriza@facebook.com,"12 de Febrero",https://www.facebook.com/sergio.cabriza,,,"Ciudad Autónoma de Buenos Aires","Buenos Aires",Argentina,1363010239,"Ariel Rivera",,1
Annabella,Brandariz,annabella.brandariz@facebook.com,"12 de Febrero",https://www.facebook.com/annabella.brandariz,29,,"Ciudad Autónoma de Buenos Aires","Buenos Aires",Argentina,1436688613,"Jenny Barco",https://www.facebook.com/jenny.barco,1
Lara,Mantovani,larita.manto@facebook.com,"12 de Febrero",https://www.facebook.com/Larita.Manto,21,,"Ciudad Autónoma de Buenos Aires","Buenos Aires",Argentina,100007227616690,"Flor Scalise",https://www.facebook.com/flor.scalise,1
Martín,Blanco,martin.blancogrinfeld@facebook.com,"12 de Febrero",https://www.facebook.com/martin.blancogrinfeld,25,,"Ciudad Autónoma de Buenos Aires","Buenos Aires",Argentina,100001962785231,"Marilina Lagomarsino",https://www.facebook.com/marilina.lagomarsino,1
Leusiiño,Figueroa,leiitoh.figueroa@facebook.com,"12 de Febrero",https://www.facebook.com/leiitoh.figueroa,,,"Ciudad Autónoma de Buenos Aires","Buenos Aires",Argentina,1337318785,"Matias Blas",https://www.facebook.com/Matias.Blas,1
"Gatitos En",Adopcion,gatitosen.adopcion.98@facebook.com,"12 de Febrero",https://www.facebook.com/gatitosen.adopcion.98,28,,"Ciudad Autónoma de Buenos Aires","Buenos Aires",Argentina,100000716788530,"Julieta Tettamanzi",https://www.facebook.com/Chuchu1979,1
Peach,Milk,lovepeachmilk@facebook.com,"12 de Febrero",https://www.facebook.com/lovepeachmilk,25,,"Ciudad Autónoma de Buenos Aires","Buenos Aires",Argentina,708687106,"Piltra Toller",https://www.facebook.com/piltra,1
Renata,Cipolloni,renatacipolloni@facebook.com,"12 de Febrero",https://www.facebook.com/renatacipolloni,,,"Ciudad Autónoma de Buenos Aires","Buenos Aires",Argentina,1475726399,"Facu Denegri",,1
Georgina,Magali,mecaidelcielo.irrespetuosa@facebook.com,"12 de Febrero",https://www.facebook.com/Mecaidelcielo.irrespetuosa,21,Boedo,"Ciudad Autónoma de Buenos Aires","Buenos Aires",Argentina,1523576083,"Jenny Barco",https://www.facebook.com/jenny.barco,1
