Nombre,Apellido,"Email Facebook",Cumpleaños,"Usuario Facebook",Edad,Barrio,Ciudad,Provincia,Pais,"ID Facebook","Amigo De","Amigo De (Usuario)",rebound
Claudi,Rc-mensajeria,claudi.rcmensajeria@facebook.com,"13 de Febrero",https://www.facebook.com/claudi.rcmensajeria,,,"Ciudad Autónoma de Buenos Aires","Buenos Aires",Argentina,100001069135495,"Ro Cardoso",,1
Fernanda,"Espoille Diseños",fernanda.espoille@facebook.com,"13 de Febrero",https://www.facebook.com/fernanda.espoille,28,,"Ciudad Autónoma de Buenos Aires","Buenos Aires",Argentina,1070840322,"Julieta Abreu Frank",https://www.facebook.com/julieta.abreufrank,1
Green,Nights,greennights@facebook.com,"13 de Febrero",https://www.facebook.com/GreenNights,29,"San Isidro","San Isidro","Buenos Aires",Argentina,1377297714,"Pam Contreras",,1
Lucas,Pergament,lucas.pergament.9@facebook.com,"13 de Febrero",https://www.facebook.com/lucas.pergament.9,,,"Ciudad Autónoma de Buenos Aires","Buenos Aires",Argentina,1311314121,"Aniita Canta",https://www.facebook.com/Aniita.Canta,1
Facu,Acuña,facu.acuna@facebook.com,"13 de Febrero",https://www.facebook.com/facu.acuna,,,"Ciudad Autónoma de Buenos Aires","Buenos Aires",Argentina,1706638227,"Cami Weng",,1
Todo,Bachata,todobachata2@facebook.com,"13 de Febrero",https://www.facebook.com/todobachata2,,,"Ciudad Autónoma de Buenos Aires","Buenos Aires",Argentina,100006723277426,"Cecilia Olivetti",,1
Annie,Capovilla,anitah.capovilla@facebook.com,"13 de Febrero",https://www.facebook.com/anitah.capovilla,24,,"Ciudad Autónoma de Buenos Aires","Buenos Aires",Argentina,100002614413788,"Agustin Sujo",https://www.facebook.com/agustin.sujook,1
"BM Vinilos",Decorativos,bmvinilosdecorativos@facebook.com,"13 de Febrero",https://www.facebook.com/BMvinilosdecorativos,,,"Ciudad Autónoma de Buenos Aires","Buenos Aires",Argentina,100001621665187,"Chanchi Martinez",https://www.facebook.com/chanchi.martinez,1
Melu,Anguinetti,melu.belen.anguinetti.akd@facebook.com,"13 de Febrero",https://www.facebook.com/Melu.Belen.Anguinetti.Akd,24,,"Ciudad Autónoma de Buenos Aires","Buenos Aires",Argentina,1515069267,"Emiliano Pirolo",https://www.facebook.com/emi.pirolo,1
Acqua,Palermo,acqua.puertomadero.juana.manso@facebook.com,"13 de Febrero",https://www.facebook.com/acqua.puertomadero.juana.manso,,,"Ciudad Autónoma de Buenos Aires","Buenos Aires",Argentina,100003460373844,"Flor Cantero",,1
Camila,Cerutti,cami.cerutti.9@facebook.com,"13 de Febrero",https://www.facebook.com/cami.cerutti.9,21,,"Ciudad Autónoma de Buenos Aires","Buenos Aires",Argentina,100000496663057,"Joaquin Barraco",https://www.facebook.com/chino.barraco,1
Listas,"Boliches BA",bolichesybares@facebook.com,"13 de Febrero",https://www.facebook.com/bolichesybares,26,,"Ciudad Autónoma de Buenos Aires","Buenos Aires",Argentina,1578909154,"Valeria Ayala",,1
Giuliana,Bottino,giu.bottino@facebook.com,"13 de Febrero",https://www.facebook.com/giu.bottino,,"Buenos Aires","Buenos Aires","Buenos Aires",Argentina,1126001419,"Luciana Paione Oleszuk",0,1
Chiba,Surf,chombas.importadas@facebook.com,"13 de Febrero",https://www.facebook.com/chombas.importadas,28,Congreso,"Ciudad Autónoma de Buenos Aires","Distrito Federal",Argentina,1089543890,"Cristian Pluis",,1
Klex,Lmml,klex.lmml@facebook.com,"13 de Febrero",https://www.facebook.com/klex.lmml,29,,"Ciudad Autónoma de Buenos Aires","Buenos Aires",Argentina,100000962275732,"Johii Fim",https://www.facebook.com/johii.fim,1
"Ke V",In,matias.perez.1675@facebook.com,"13 de Febrero",https://www.facebook.com/matias.perez.1675,22,,"Ciudad Autónoma de Buenos Aires","Buenos Aires",Argentina,100003671920187,"Ale Arias Mandarine Park",,1
Sergio,"de Lomas",maga.demoreno@facebook.com,"13 de Febrero",https://www.facebook.com/maga.demoreno,24,,"Ciudad Autónoma de Buenos Aires","Buenos Aires",Argentina,100007296492495,"Julian Pagana",,1
Conejo,Bourel,conejobourel@facebook.com,"13 de Febrero",https://www.facebook.com/conejobourel,,,"Ciudad Autónoma de Buenos Aires","Buenos Aires",Argentina,520853271,"Anita Ghersinich",https://www.facebook.com/anita.ghersinich,1
Solange,Rivero,soilee.blue@facebook.com,"13 de Febrero",https://www.facebook.com/Soilee.Blue,,,"Ciudad Autónoma de Buenos Aires","Buenos Aires",Argentina,1162224242,"Brian Cano",,1
Agustìn,Rave,agustin.rave.7@facebook.com,"13 de Febrero",https://www.facebook.com/agustin.rave.7,,,"Ciudad Autónoma de Buenos Aires","Buenos Aires",Argentina,100000473772357,"Vanina Lopez Baroni",https://www.facebook.com/vaninalb,1
Maira,"Brito Alvez",rodrigomsartinescobar@facebook.com,"13 de Febrero",https://www.facebook.com/rodrigomsartinescobar,23,,"Ciudad Autónoma de Buenos Aires","Buenos Aires",Argentina,1031769220,"Gabriela Rosito",https://www.facebook.com/gabriela.rosito,1
Nicolas,Segovia,segovia.nico@facebook.com,"13 de Febrero",https://www.facebook.com/segovia.nico,24,,"Ciudad Autónoma de Buenos Aires","Buenos Aires",Argentina,1455247289,"Giiu Minniti",https://www.facebook.com/giiu.minniti,1
Mirta,Kupferminc,mkupferminc@facebook.com,"13 de Febrero",https://www.facebook.com/mkupferminc,,,"Ciudad Autónoma de Buenos Aires","Buenos Aires",Argentina,644699061,"Miqui Berriòs",https://www.facebook.com/miqui.berrios,1
Jonathan,Waizer,jonathan.waizer@facebook.com,"13 de Febrero",https://www.facebook.com/jonathan.waizer,25,,"Ciudad Autónoma de Buenos Aires","Buenos Aires",Argentina,728789618,"Helena Robledo",,1
Agustii,Marinelli,agustina.marinelli.3@facebook.com,"13 de Febrero",https://www.facebook.com/agustina.marinelli.3,26,"Buenos Aires","Buenos Aires","Buenos Aires",Argentina,100001122746495,"Fett Maidana",0,1
"Uglylasfeos Discos",Tienda,uglylasfeosdiscos.tienda@facebook.com,"13 de Febrero",https://www.facebook.com/uglylasfeosdiscos.tienda,,,"Ciudad Autónoma de Buenos Aires","Buenos Aires",Argentina,100002146832132,"Daiana Soledad Pintos",https://www.facebook.com/Sheena.is,1
Camarones,Estudio,camarones.estudio@facebook.com,"13 de Febrero",https://www.facebook.com/camarones.estudio,,,"Ciudad Autónoma de Buenos Aires","Buenos Aires",Argentina,100002148503241,"Daiana Soledad Pintos",https://www.facebook.com/Sheena.is,1
Van,Piña,vancomopina@facebook.com,"13 de Febrero",https://www.facebook.com/vancomopina,,,"Ciudad Autónoma de Buenos Aires","Buenos Aires",Argentina,100002231891829,"Daiana Soledad Pintos",https://www.facebook.com/Sheena.is,1
Mica,Bovone,mica.bovone@facebook.com,"13 de Febrero",https://www.facebook.com/mica.bovone,24,,"Ciudad Autónoma de Buenos Aires","Buenos Aires",Argentina,100007368606904,"Ivan Lisz",,1
Jona,Ignacio,jonhas@facebook.com,"13 de Febrero",https://www.facebook.com/jonhas,21,,"Ciudad Autónoma de Buenos Aires","Buenos Aires",Argentina,1101698345,"Julieta Vescio",https://www.facebook.com/JulietaVescio,1
Alex,Lehmacher,alehma@facebook.com,"13 de Febrero",https://www.facebook.com/alehma,,,"Ciudad Autónoma de Buenos Aires","Buenos Aires",Argentina,783410622,"Pato Franco",,1
Nacho,Ballvé,nacho.ballve.1@facebook.com,"13 de Febrero",https://www.facebook.com/nacho.ballve.1,,,"Ciudad Autónoma de Buenos Aires","Buenos Aires",Argentina,1107477866,"Rocio Mayo",https://www.facebook.com/marinirocio,1
Belüü,Ferreyro,beluu.ferreyro@facebook.com,"13 de Febrero",https://www.facebook.com/beluu.ferreyro,21,,"Ciudad Autónoma de Buenos Aires","Buenos Aires",Argentina,1377602499,"Elias Saul",https://www.facebook.com/elias.saul,1
Didi,Gomes,didi.gomes.33@facebook.com,"13 de Febrero",https://www.facebook.com/didi.gomes.33,,,"Ciudad Autónoma de Buenos Aires","Buenos Aires",Argentina,671309448,"Solari Elenn",https://www.facebook.com/elenn.solari,1
Joaquin,Stocki,jstocki@facebook.com,"13 de Febrero",https://www.facebook.com/jstocki,,,"Ciudad Autónoma de Buenos Aires","Buenos Aires",Argentina,513798974,"Melo Dellarole",https://www.facebook.com/melodellarole,1
Lunielle,Engel,lunielle333@facebook.com,"13 de Febrero",https://www.facebook.com/Lunielle333,27,,"Ciudad Autónoma de Buenos Aires","Buenos Aires",Argentina,1382895972,"Nahu Millicay Pereyra",https://www.facebook.com/nahumilli,1
Didi,Argentina,didi.argentina@facebook.com,"13 de Febrero",https://www.facebook.com/didi.argentina,,,"Ciudad Autónoma de Buenos Aires","Buenos Aires",Argentina,100001608312036,"Juan José Merino Cagnones",https://www.facebook.com/jmerinocagnones,1
Roberto,Ramasso,robertoramassoproducciones@facebook.com,"13 de Febrero",https://www.facebook.com/robertoramassoproducciones,,,"Ciudad Autónoma de Buenos Aires","Buenos Aires",Argentina,100000008888651,"Aldana Queirolo",https://www.facebook.com/aldana.queirolo,1
Kaito,Solari,kaito.salazar.3@facebook.com,"13 de Febrero",https://www.facebook.com/kaito.salazar.3,24,,"Ciudad Autónoma de Buenos Aires","Buenos Aires",Argentina,100001241310710,"Luli Torres",,1
"La Contracara",Murga,lacontracara.murga@facebook.com,"13 de Febrero",https://www.facebook.com/lacontracara.murga,24,,"Ciudad Autónoma de Buenos Aires","Buenos Aires",Argentina,100001255693255,"Luli Torres",,1
Mt,Fotografia,mt.fotografia.argentina@facebook.com,"13 de Febrero",https://www.facebook.com/MT.Fotografia.Argentina,,,"Ciudad Autónoma de Buenos Aires","Buenos Aires",Argentina,100001275277541,"Jessica Bellomo",https://www.facebook.com/JessBellomo,1
Shesy,Cardozo,shesi.cardozo@facebook.com,"13 de Febrero",https://www.facebook.com/shesi.cardozo,,,"Ciudad Autónoma de Buenos Aires","Buenos Aires",Argentina,577822762,"Bë Döbiencita",https://www.facebook.com/be.dobiencita,1
Claudia,Corzo,claudicorzo@facebook.com,"13 de Febrero",https://www.facebook.com/claudicorzo,,,"Ciudad Autónoma de Buenos Aires","Buenos Aires",Argentina,1577087138,"Andrea García Sención",https://www.facebook.com/andreagarciasencion,1
"Wiseup Cañitas Aregntina",Claudia,wiseupcanitas.claudiasaavedra@facebook.com,"13 de Febrero",https://www.facebook.com/wiseupcanitas.claudiasaavedra,27,"Buenos Aires","Buenos Aires","Buenos Aires",Argentina,100005587932034,"Gaston Vilalta",0,1
Erika,"Rodriguez Söllner",erika.rodriguezsollner@facebook.com,"13 de Febrero",https://www.facebook.com/erika.rodriguezsollner,25,"Parque Chacabuco","Ciudad Autónoma de Buenos Aires","Buenos Aires",Argentina,1220101858,"Nanys Rodriguez",,1
Felipe,Arias,felipe.arias.5264@facebook.com,"13 de Febrero",https://www.facebook.com/felipe.arias.5264,29,,"Ciudad Autónoma de Buenos Aires","Buenos Aires",Argentina,1497041912,"Valeria Ayala",,1
Daniel,"Cristiano Squillari",asetherugbier@facebook.com,"13 de Febrero",https://www.facebook.com/ASETHERUGBIER,,"La Paternal","Ciudad Autónoma de Buenos Aires","Distrito Federal",Argentina,1296306720,"Fátima Belén Zárate",,1
Hash,Tag,hashtag913@facebook.com,"13 de Febrero",https://www.facebook.com/hashtag913,30,,"Ciudad Autónoma de Buenos Aires","Buenos Aires",Argentina,100007785011477,"Lupe Dávalos",https://www.facebook.com/guadinight,1
Guido,Hiacelay,guido.hiacelay@facebook.com,"13 de Febrero",https://www.facebook.com/guido.hiacelay,26,,"Ciudad Autónoma de Buenos Aires","Buenos Aires",Argentina,1647153032,"Diego Paschetta",,1
Joel,Maidana,joel.maidana@facebook.com,"13 de Febrero",https://www.facebook.com/joel.maidana,24,,"Ciudad Autónoma de Buenos Aires","Buenos Aires",Argentina,1599035149,"David Zalasar",https://www.facebook.com/Davidcocktails,1
Marian,Moretti,marian.moretti.7@facebook.com,"13 de Febrero",https://www.facebook.com/marian.moretti.7,,,"Ciudad Autónoma de Buenos Aires","Buenos Aires",Argentina,617952293,"Cesar Berdullas",https://www.facebook.com/cesar.berdullas,1
Estudio,Conceptord,estudio.conceptord@facebook.com,"13 de Febrero",https://www.facebook.com/estudio.conceptord,25,,"Ciudad Autónoma de Buenos Aires","Buenos Aires",Argentina,100001824892687,"Rocio Marquez",,1
Wendy,Kalo,metalmentirasymotos@facebook.com,"13 de Febrero",https://www.facebook.com/metalmentirasymotos,24,,"Ciudad Autónoma de Buenos Aires","Buenos Aires",Argentina,100000549753722,"Daiana Soledad Pintos",https://www.facebook.com/Sheena.is,1
Mandarine,"Todo Cachengue",mandarinamandarinamandarina@facebook.com,"13 de Febrero",https://www.facebook.com/mandarinamandarinamandarina,,,"Ciudad Autónoma de Buenos Aires","Buenos Aires",Argentina,100002320964294,"Emiliano Pirolo",https://www.facebook.com/emi.pirolo,1
Feria,TheStore,feria.thestore@facebook.com,"13 de Febrero",https://www.facebook.com/feria.thestore,24,,"Ciudad Autónoma de Buenos Aires","Buenos Aires",Argentina,100002750407776,"Candelaria Sires Barrantes",,1
"Mandarine Viernes",Carrasco,viernesmandarina@facebook.com,"13 de Febrero",https://www.facebook.com/viernesmandarina,,,"Ciudad Autónoma de Buenos Aires","Buenos Aires",Argentina,100002294055761,"Estefi Hilarza",https://www.facebook.com/estefi.hilarza,1
Santiago,Schapiro,santiago.schapiro@facebook.com,"13 de Febrero",https://www.facebook.com/santiago.schapiro,22,"Villa General Mitre","Ciudad Autónoma de Buenos Aires","Distrito Federal",Argentina,1333472456,"Nano Vaquer",,1
"Ian Agustin",Delgado,ianagustin.delgado@facebook.com,"13 de Febrero",https://www.facebook.com/ianagustin.delgado,24,,"Ciudad Autónoma de Buenos Aires","Buenos Aires",Argentina,100004604193811,"Amalia Gomes",,1
El,Capitán,musicalelcapitan@facebook.com,"14 de Febrero",https://www.facebook.com/musicalelcapitan,22,,"Ciudad Autónoma de Buenos Aires","Buenos Aires",Argentina,100001688223767,"Miranda Toderi",https://www.facebook.com/miranda.toderi,1
'Que,"Moda Mag",quemodamag@facebook.com,"14 de Febrero",https://www.facebook.com/quemodamag,30,,"Ciudad Autónoma de Buenos Aires","Buenos Aires",Argentina,100001271501910,"Cristian Fernandez Villamor",https://www.facebook.com/cristian.fernandezvillamo,1
Street,Dance,street.dance.5815@facebook.com,"14 de Febrero",https://www.facebook.com/street.dance.5815,22,,"Ciudad Autónoma de Buenos Aires","Buenos Aires",Argentina,100001741302585,"Miranda Toderi",https://www.facebook.com/miranda.toderi,1
Celeste,Leone,leoneceleste@facebook.com,"14 de Febrero",https://www.facebook.com/leoneceleste,27,,"Ciudad Autónoma de Buenos Aires","Buenos Aires",Argentina,100003338663509,"Yanina Battiato",,1
Gonza,Vydra,gonza.vydra@facebook.com,"14 de Febrero",https://www.facebook.com/gonza.vydra,21,"Buenos Aires","Buenos Aires","Buenos Aires",Argentina,1271556070,"Rebe Gonzalez",0,1
Matias,Robledo,matias.robledo.710@facebook.com,"14 de Febrero",https://www.facebook.com/matias.robledo.710,,Boedo,"Ciudad Autónoma de Buenos Aires","Buenos Aires",Argentina,1528536183,"Irma Mercedes Palma",,1
Natalia,Cerrato,natalia.cerrato2@facebook.com,"14 de Febrero",https://www.facebook.com/natalia.cerrato2,,,"Ciudad Autónoma de Buenos Aires","Buenos Aires",Argentina,615504670,"Helena Robledo",,1
Nacho,Tamola,nacho.tamola.7@facebook.com,"14 de Febrero",https://www.facebook.com/nacho.tamola.7,22,,"Ciudad Autónoma de Buenos Aires","Buenos Aires",Argentina,1104905734,"Maria Quevedo",https://www.facebook.com/mery.quevedo3,1
Lola,D'Elia,noentressinotegustaloquemiras@facebook.com,"14 de Febrero",https://www.facebook.com/noentressinotegustaloquemiras,22,,"Ciudad Autónoma de Buenos Aires","Buenos Aires",Argentina,1110849630,"Maria Quevedo",https://www.facebook.com/mery.quevedo3,1
Dany,Schwartz,dany.schwartz1@facebook.com,"14 de Febrero",https://www.facebook.com/dany.schwartz1,28,,"Ciudad Autónoma de Buenos Aires","Buenos Aires",Argentina,100000027093172,"Maria Pia Perez Brea",,1
Fernando,Straface,fernando.straface@facebook.com,"14 de Febrero",https://www.facebook.com/fernando.straface,28,,"Ciudad Autónoma de Buenos Aires","Buenos Aires",Argentina,1540150084,"Valeria Ayala",,1
"Nadin N",Nation,nadinlisa@facebook.com,"14 de Febrero",https://www.facebook.com/nadinlisa,,,"Ciudad Autónoma de Buenos Aires","Buenos Aires",Argentina,1051631756,"Vanesa Macias",https://www.facebook.com/vanesa.macias1,1
Alan,Kloss,alan.kloss.773@facebook.com,"14 de Febrero",https://www.facebook.com/alan.kloss.773,21,,"Ciudad Autónoma de Buenos Aires","Buenos Aires",Argentina,100005638384293,"Vanesa Macias",https://www.facebook.com/vanesa.macias1,1
"Sergio Dario",Guglielmucci,sergiodario.guglielmucci@facebook.com,"14 de Febrero",https://www.facebook.com/sergiodario.guglielmucci,,,"Ciudad Autónoma de Buenos Aires","Buenos Aires",Argentina,100001614145648,"Silvia Fernandez",https://www.facebook.com/silviafernandezchivi,1
AFumi,Prod,afumiproduccciones@facebook.com,"14 de Febrero",https://www.facebook.com/AFumiProduccciones,,,"Ciudad Autónoma de Buenos Aires","Buenos Aires",Argentina,100000383878176,"Marina Castagnino",https://www.facebook.com/castagnino,1
Gabriel,Solari,gabii.rasta@facebook.com,"14 de Febrero",https://www.facebook.com/Gabii.Rasta,,,"Ciudad Autónoma de Buenos Aires","Buenos Aires",Argentina,100001550932293,"Agustina Pelle Müller",,1
Emi,Secolare,emiisecolare@facebook.com,"14 de Febrero",https://www.facebook.com/emiisecolare,,,"Ciudad Autónoma de Buenos Aires","Buenos Aires",Argentina,100000027061688,"Emiliano Pirolo",https://www.facebook.com/emi.pirolo,1
Pasto,Galeria,pastoartgallery@facebook.com,"14 de Febrero",https://www.facebook.com/pastoartgallery,,,"Ciudad Autónoma de Buenos Aires","Buenos Aires",Argentina,1224212663,"Cecilia Weingardt",,1
Agustina,Montecchia,agustina.montecchia@facebook.com,"14 de Febrero",https://www.facebook.com/agustina.montecchia,,,"Ciudad Autónoma de Buenos Aires","Buenos Aires",Argentina,612369388,"Justin Temperley",https://www.facebook.com/justin.temperley,1
Pekin,"Bar de Pizzas",pekinbardepizzas@facebook.com,"14 de Febrero",https://www.facebook.com/pekinbardepizzas,,,"Ciudad Autónoma de Buenos Aires","Buenos Aires",Argentina,100001681930815,"Miqui Berriòs",https://www.facebook.com/miqui.berrios,1
Wakeboard,Argentina,wakeboard.argentina@facebook.com,"14 de Febrero",https://www.facebook.com/wakeboard.argentina,25,,"Ciudad Autónoma de Buenos Aires","Buenos Aires",Argentina,100001818559486,"Piltra Toller",https://www.facebook.com/piltra,1
Celebra,Estilo,celebra.estilo@facebook.com,"14 de Febrero",https://www.facebook.com/celebra.estilo,,,"Ciudad Autónoma de Buenos Aires","Buenos Aires",Argentina,100001503219156,"Vanesa Myrna Ojeda",,1
Vero,"Da Pos",vero.dapos@facebook.com,"14 de Febrero",https://www.facebook.com/vero.dapos,,,"Ciudad Autónoma de Buenos Aires","Buenos Aires",Argentina,1224856366,"Ariel Villarreal",,1
Nadin,Lisa,nadinlisabroadcasting@facebook.com,"14 de Febrero",https://www.facebook.com/nadinlisabroadcasting,,,"Ciudad Autónoma de Buenos Aires","Buenos Aires",Argentina,100000434044380,"Mabu Reinaud",https://www.facebook.com/mabu.reinaud,1
Ezee,Gastaud,ezee.gastaud@facebook.com,"14 de Febrero",https://www.facebook.com/ezee.gastaud,,,"Ciudad Autónoma de Buenos Aires","Buenos Aires",Argentina,1480167662,"Juanma Ramirez",,1
Luly,Chirizola,luly.chirizola@facebook.com,"14 de Febrero",https://www.facebook.com/luly.chirizola,24,,"Ciudad Autónoma de Buenos Aires","Buenos Aires",Argentina,1147473370,"Matias Diego Colombres",https://www.facebook.com/dmc.colombres,1
"Juan Cruz",Carp,juancruz.carp.5@facebook.com,"14 de Febrero",https://www.facebook.com/juancruz.carp.5,,Array,"Ciudad Autónoma de Buenos Aires","Buenos Aires",Argentina,100001496580813,"Augusto Lios",0,1
París,Rock,shanti.hope@facebook.com,"14 de Febrero",https://www.facebook.com/shanti.hope,,,"Ciudad Autónoma de Buenos Aires","Buenos Aires",Argentina,100003823551474,"Flor Charró",https://www.facebook.com/florr.ch,1
Lunitas,"De Manun",lunitas.demanun@facebook.com,"14 de Febrero",https://www.facebook.com/lunitas.demanun,25,,"Ciudad Autónoma de Buenos Aires","Buenos Aires",Argentina,100005185088732,"Jero Salsamendi",https://www.facebook.com/jero.salsamendi,1
Mariano,Lorenzo,cabezon3k@facebook.com,"14 de Febrero",https://www.facebook.com/Cabezon3k,,Agronomía,"Ciudad Autónoma de Buenos Aires","Distrito Federal",Argentina,1263610448,"Facu Denegri",,1
Nicolás,Heredia,negroheredia96@facebook.com,"14 de Febrero",https://www.facebook.com/negroheredia96,,"Buenos Aires","Buenos Aires","Buenos Aires",Argentina,100003647374322,"Luciana Paione Oleszuk",0,1
Romina,Amigo,romina.amigo.73@facebook.com,"14 de Febrero",https://www.facebook.com/romina.amigo.73,28,,"Ciudad Autónoma de Buenos Aires","Buenos Aires",Argentina,1507611808,"Daniela Campero",,1
"Mas Lindas","de Avellaneda",maslindas.deavellaneda@facebook.com,"14 de Febrero",https://www.facebook.com/maslindas.deavellaneda,22,,"Ciudad Autónoma de Buenos Aires","Buenos Aires",Argentina,100001578945360,"Emiliano Pirolo",https://www.facebook.com/emi.pirolo,1
"Ciego Sordo",Mudo,ciegosordo.mudo.5@facebook.com,"14 de Febrero",https://www.facebook.com/ciegosordo.mudo.5,28,,"Ciudad Autónoma de Buenos Aires","Buenos Aires",Argentina,100000943240657,"Vanesa Macias",https://www.facebook.com/vanesa.macias1,1
Rodrigo,Lemos,rodrigo.lemos.7355079@facebook.com,"14 de Febrero",https://www.facebook.com/rodrigo.lemos.7355079,28,,"Ciudad Autónoma de Buenos Aires","Buenos Aires",Argentina,100007887463359,"Ale Arias Mandarine Park",,1
Mich,Saidel,mai.saidel@facebook.com,"14 de Febrero",https://www.facebook.com/mai.saidel,,,"Ciudad Autónoma de Buenos Aires","Buenos Aires",Argentina,1008079946,"Matias Blas",https://www.facebook.com/Matias.Blas,1
Mercedes,"del Campo",mercedes.delcampo.3@facebook.com,"14 de Febrero",https://www.facebook.com/mercedes.delcampo.3,30,,"Ciudad Autónoma de Buenos Aires","Buenos Aires",Argentina,526813439,"Felicitas Ghigliotti",https://www.facebook.com/felicitas.ghigliotti,1
Mirko,Gonzalez,mirko.gonzalez.87@facebook.com,"14 de Febrero",https://www.facebook.com/mirko.gonzalez.87,26,,"Ciudad Autónoma de Buenos Aires","Buenos Aires",Argentina,644804884,"Pato Pagano",https://www.facebook.com/pato.p111,1
Maria,Alsina,veroalsina@facebook.com,"14 de Febrero",https://www.facebook.com/veroalsina,26,,"Ciudad Autónoma de Buenos Aires","Buenos Aires",Argentina,647027651,"Pato Pagano",https://www.facebook.com/pato.p111,1
Juampi,"de Nicola",juampi.denicola@facebook.com,"14 de Febrero",https://www.facebook.com/juampi.denicola,,,"Ciudad Autónoma de Buenos Aires","Buenos Aires",Argentina,825656925,"Nano Vaquer",,1
Cristian,Jimenez,cristian.jimenez2@facebook.com,"14 de Febrero",https://www.facebook.com/cristian.jimenez2,,,"Ciudad Autónoma de Buenos Aires","Buenos Aires",Argentina,1335020094,"Alejandro Cocktila Acosta",https://www.facebook.com/alejandro.acosta,1
Canto,Clases,solocantando@facebook.com,"14 de Febrero",https://www.facebook.com/solocantando,,"San Isidro","San Isidro","Buenos Aires",Argentina,636914782,"Laly Sereda",https://www.facebook.com/lalisereda,1
Constanza,Merino,constanza.merino.54@facebook.com,"14 de Febrero",https://www.facebook.com/constanza.merino.54,23,,"Ciudad Autónoma de Buenos Aires","Buenos Aires",Argentina,570435071,"Felipe Cianciarulo",https://www.facebook.com/fcianciarulo,1
Autorural,TC,autorural.tc@facebook.com,"14 de Febrero",https://www.facebook.com/autorural.tc,,,"Ciudad Autónoma de Buenos Aires","Buenos Aires",Argentina,100002171195024,"Majo López Tavani",https://www.facebook.com/lasplumas,1
Lovely,Cata,lovelycataa@facebook.com,"14 de Febrero",https://www.facebook.com/lovelycataa,,,"Ciudad Autónoma de Buenos Aires","Buenos Aires",Argentina,100003565121680,"Christian Douer Chuky",https://www.facebook.com/christian.chuky,1
Polo,Quinteros,polo.a.quinteros@facebook.com,"14 de Febrero",https://www.facebook.com/polo.a.quinteros,28,,"Ciudad Autónoma de Buenos Aires","Buenos Aires",Argentina,680006443,"Melina Piovano",https://www.facebook.com/melipiovano,1
Cata,Tome,cata.tome@facebook.com,"14 de Febrero",https://www.facebook.com/cata.tome,23,"San Isidro","San Isidro","Buenos Aires",Argentina,100003467401493,"Fernando Olner Cupayolo",https://www.facebook.com/fernando.cupayolo,1
Sebastian,Bragazzi,sebastian.ezeequiel.5@facebook.com,"14 de Febrero",https://www.facebook.com/sebastian.ezeequiel.5,,,"Ciudad Autónoma de Buenos Aires","Buenos Aires",Argentina,100002269241591,"Brian Cano",,1
Juan,Grabina,juan.grabina@facebook.com,"14 de Febrero",https://www.facebook.com/juan.grabina,,,"Ciudad Autónoma de Buenos Aires","Buenos Aires",Argentina,1065323261,"Luli Torres",,1
Maggs,Estevez,maggs.estevez@facebook.com,"14 de Febrero",https://www.facebook.com/maggs.estevez,,,"Ciudad Autónoma de Buenos Aires","Buenos Aires",Argentina,1193433628,"Maga Estevez",,1
Luis,"Silva Blanco",luis.silvablanco@facebook.com,"14 de Febrero",https://www.facebook.com/luis.silvablanco,25,,"Ciudad Autónoma de Buenos Aires","Buenos Aires",Argentina,100008104687051,"Castro Marina",https://www.facebook.com/castro.marina,1
Estudio,Showroom,estudiotresshowroom@facebook.com,"14 de Febrero",https://www.facebook.com/estudiotresshowroom,28,,"Ciudad Autónoma de Buenos Aires","Buenos Aires",Argentina,100001055461813,"Candelaria Sires Barrantes",,1
EL,Combo,elcombo@facebook.com,"14 de Febrero",https://www.facebook.com/Elcombo,23,,"Ciudad Autónoma de Buenos Aires","Buenos Aires",Argentina,100000755581925,"Pablo Dandrea",https://www.facebook.com/pablo.dandrea,1
Federico,Vincent,federico.d.vincent@facebook.com,"14 de Febrero",https://www.facebook.com/federico.d.vincent,29,,"Ciudad Autónoma de Buenos Aires","Buenos Aires",Argentina,791220439,"Maria Pia Perez Brea",,1
Jonatan,Ce,jonaatanciitho@facebook.com,"14 de Febrero",https://www.facebook.com/JonaatanCiitho,,,"Ciudad Autónoma de Buenos Aires","Buenos Aires",Argentina,100001343239841,"Juanma Ramirez",,1
Briian,Sosa,briansosa10@facebook.com,"14 de Febrero",https://www.facebook.com/briansosa10,,,"Ciudad Autónoma de Buenos Aires","Buenos Aires",Argentina,100001345762087,"Juanma Ramirez",,1
"Insumos Odontologicos",Cefo,insumosodontologicos.cefo@facebook.com,"14 de Febrero",https://www.facebook.com/insumosodontologicos.cefo,,,"Ciudad Autónoma de Buenos Aires","Buenos Aires",Argentina,1680634891,"Anto D'Amato",https://www.facebook.com/anto.dama,1
Agustin,Vannucci,agustin.vannucci@facebook.com,"14 de Febrero",https://www.facebook.com/agustin.vannucci,24,"Villa Devoto","Ciudad Autónoma de Buenos Aires","Buenos Aires",Argentina,1104998502,"Carli Pellizzaro",https://www.facebook.com/Carlii,1
Rodrigo,Busilacchi,rodrigo.busilacchi@facebook.com,"14 de Febrero",https://www.facebook.com/rodrigo.busilacchi,25,,"Ciudad Autónoma de Buenos Aires","Buenos Aires",Argentina,1135705484,"Camy Falcón",https://www.facebook.com/Cammy.Falcon,1
Evelyn,Ramirez,evelyn.ramirez.372661@facebook.com,"14 de Febrero",https://www.facebook.com/evelyn.ramirez.372661,23,,"Ciudad Autónoma de Buenos Aires","Buenos Aires",Argentina,588294815,"Ludmila Di Prinzio",https://www.facebook.com/ludmila2k,1
Maxi,"De Villa",frili@facebook.com,"14 de Febrero",https://www.facebook.com/frili,,"San Isidro","San Isidro","Buenos Aires",Argentina,574595765,"Lupe Dávalos",https://www.facebook.com/guadinight,1
Obscure,Dragon,guerrero.dragon2@facebook.com,"14 de Febrero",https://www.facebook.com/guerrero.dragon2,,"Buenos Aires","Buenos Aires","Buenos Aires",Argentina,598663882,"Fett Maidana",0,1
Teresa,Lacrouts,teresa.lacrouts@facebook.com,"14 de Febrero",https://www.facebook.com/teresa.lacrouts,,,"Ciudad Autónoma de Buenos Aires","Buenos Aires",Argentina,100002239016520,"Cecilia Morinigo",,1
Waly,Waldo,akhenatos@facebook.com,"14 de Febrero",https://www.facebook.com/akhenatos,28,,"Ciudad Autónoma de Buenos Aires","Buenos Aires",Argentina,1293628008,"Nicolas Alejandro Fleischer",https://www.facebook.com/nicolasalejandro.fleische,1
Ex-alumnos,"St Catherine's Moorlands",exalumnos.stcatherinesmoorlands@facebook.com,"14 de Febrero",https://www.facebook.com/exalumnos.stcatherinesmoorlands,,,"Ciudad Autónoma de Buenos Aires","Buenos Aires",Argentina,100002489934267,"Estefi Willis",https://www.facebook.com/estefi.willis,1
Deattar,"Hand Made",deattar.originalshandmade@facebook.com,"14 de Febrero",https://www.facebook.com/deattar.originalshandmade,,,"Ciudad Autónoma de Buenos Aires","Buenos Aires",Argentina,100003108881012,"Estefi Willis",https://www.facebook.com/estefi.willis,1
Cata,Lagos,cata.lagoss@facebook.com,"14 de Febrero",https://www.facebook.com/cata.lagoss,,,"Ciudad Autónoma de Buenos Aires","Buenos Aires",Argentina,100000573365421,"Agus Leoni",https://www.facebook.com/agustina.leoni,1
Krystell,Kootman,krystell.kootman@facebook.com,"14 de Febrero",https://www.facebook.com/krystell.kootman,24,,"Ciudad Autónoma de Buenos Aires","Buenos Aires",Argentina,1665296780,"La Rockeria",https://www.facebook.com/oveja1,1
Cinthia,Miedwiediew,cinthia.miedwiediew@facebook.com,"14 de Febrero",https://www.facebook.com/cinthia.miedwiediew,,,"Ciudad Autónoma de Buenos Aires","Buenos Aires",Argentina,100000148605220,"Agustina Pelle Müller",,1
Milito,Leiss,mario.leiss@facebook.com,"14 de Febrero",https://www.facebook.com/mario.leiss,23,,"Ciudad Autónoma de Buenos Aires","Buenos Aires",Argentina,1024855791,"Juan Antonio Papagni Meca",https://www.facebook.com/juanantoniopapagnimeca,1
Carolina,Aguiar,aguiarcarolina@facebook.com,"15 de Febrero",https://www.facebook.com/aguiarcarolina,,"Buenos Aires","Buenos Aires","Buenos Aires",Argentina,1213570303,"Debora Lopez Sosa",0,1
Maurito,Ludueña,maurito.soul@facebook.com,"15 de Febrero",https://www.facebook.com/maurito.soul,24,,"Ciudad Autónoma de Buenos Aires","Buenos Aires",Argentina,1469170264,"Fernando Velcic",https://www.facebook.com/fernando.velcic,1
Jessica,Praznik,jessica.praznik@facebook.com,"15 de Febrero",https://www.facebook.com/jessica.praznik,,,"Ciudad Autónoma de Buenos Aires","Buenos Aires",Argentina,572664802,"Amalia Mihaljevic",https://www.facebook.com/amalia.mihaljevic,1
Luli,Fernandez,lulif1@facebook.com,"15 de Febrero",https://www.facebook.com/lulif1,23,,"Ciudad Autónoma de Buenos Aires","Buenos Aires",Argentina,1140144252,"Clari MLl",https://www.facebook.com/claritamll,1
Soledad,Centurion,solcitoo.centurion@facebook.com,"15 de Febrero",https://www.facebook.com/solcitoo.centurion,23,"Buenos Aires","Buenos Aires","Buenos Aires",Argentina,1277894519,"Rebe Gonzalez",0,1
"Cia De Dança",Rekebradera,cia.rekebradera@facebook.com,"15 de Febrero",https://www.facebook.com/cia.rekebradera,,,"Ciudad Autónoma de Buenos Aires","Buenos Aires",Argentina,100001769841409,"Mia Miry Ponce",,1
Shafes,"Agrega Shafes Fotos II",shafes.fotos@facebook.com,"15 de Febrero",https://www.facebook.com/shafes.fotos,,,"Ciudad Autónoma de Buenos Aires","Buenos Aires",Argentina,100002220375412,"Aniita Canta",https://www.facebook.com/Aniita.Canta,1
Mateo,Marietti,mateo.marietti@facebook.com,"15 de Febrero",https://www.facebook.com/mateo.marietti,,,"Ciudad Autónoma de Buenos Aires","Buenos Aires",Argentina,725048501,"Mery Spessa",https://www.facebook.com/Mery.Spessa,1
Laurita,Alvarez,laurita.alvarez.9@facebook.com,"15 de Febrero",https://www.facebook.com/laurita.alvarez.9,22,"San Telmo","Ciudad Autónoma de Buenos Aires","Buenos Aires",Argentina,1413473623,"Guido Moncayo",https://www.facebook.com/guido.moncayo,1
Aldi,Chiavetta,aldichiavetta@facebook.com,"15 de Febrero",https://www.facebook.com/aldichiavetta,,,"Ciudad Autónoma de Buenos Aires","Buenos Aires",Argentina,1202788182,"Facu Denegri",,1
Juan,Robledo,juan.robledo.3979@facebook.com,"15 de Febrero",https://www.facebook.com/juan.robledo.3979,25,,"Ciudad Autónoma de Buenos Aires","Buenos Aires",Argentina,100004080353637,"Mili Mauro",https://www.facebook.com/milimauro,1
Lala,Dance,ilushiondance.americano@facebook.com,"15 de Febrero",https://www.facebook.com/ilushiondance.americano,21,,"Ciudad Autónoma de Buenos Aires","Buenos Aires",Argentina,100001918179585,"Fernando Velcic",https://www.facebook.com/fernando.velcic,1
?Aaron,Benchimol?,aaron.e.benchimol@facebook.com,"15 de Febrero",https://www.facebook.com/Aaron.E.Benchimol,,,"Ciudad Autónoma de Buenos Aires","Buenos Aires",Argentina,1411966986,"Ayelen Alumine Anahi",https://www.facebook.com/ashe.chabakana,1
"Compañia De Danzas",Fuss,companiadedanzasfuss@facebook.com,"15 de Febrero",https://www.facebook.com/companiadedanzasFUSS,,,"Ciudad Autónoma de Buenos Aires","Buenos Aires",Argentina,100000804786575,"Ayelen Alumine Anahi",https://www.facebook.com/ashe.chabakana,1
Caterina,Sablay,caterina.sablay@facebook.com,"15 de Febrero",https://www.facebook.com/caterina.sablay,21,,"Ciudad Autónoma de Buenos Aires","Buenos Aires",Argentina,100006676053059,"Ariel D'Onofrio",https://www.facebook.com/arix.donofrio,1
Vesania,Lascivia,aldilaura@facebook.com,"15 de Febrero",https://www.facebook.com/aldilaura,21,,"Ciudad Autónoma de Buenos Aires","Buenos Aires",Argentina,1163859933,"Miranda Toderi",https://www.facebook.com/miranda.toderi,1
Idayvuelta,Rock,idayvueltarock@facebook.com,"15 de Febrero",https://www.facebook.com/idayvueltarock,,,"Ciudad Autónoma de Buenos Aires","Buenos Aires",Argentina,1125014509,"Juan Elias Catan",https://www.facebook.com/juan.724,1
Micaela,Contreras,micaela.contreras.3388@facebook.com,"15 de Febrero",https://www.facebook.com/micaela.contreras.3388,,"San Cristóbal","Ciudad Autónoma de Buenos Aires","Buenos Aires",Argentina,100005405010403,"Alee Jandro",https://www.facebook.com/alejandropassadore,1
Denise,Uslenghi,denise.uslenghi@facebook.com,"15 de Febrero",https://www.facebook.com/denise.uslenghi,24,,"Ciudad Autónoma de Buenos Aires","Buenos Aires",Argentina,100007180264699,"Agustin Sujo",https://www.facebook.com/agustin.sujook,1
Matilda,Batik,matildabatik@facebook.com,"15 de Febrero",https://www.facebook.com/matildabatik,,,"Ciudad Autónoma de Buenos Aires","Buenos Aires",Argentina,100000879168432,"Antonella La Torre",,1
Andrea,Lovera,andrea.lovera.54@facebook.com,"15 de Febrero",https://www.facebook.com/andrea.lovera.54,,,"Ciudad Autónoma de Buenos Aires","Buenos Aires",Argentina,1084870423,"Sumatra Shows",https://www.facebook.com/sumatrashows,1
Mirian,Ramos,mirian.ramos.547@facebook.com,"15 de Febrero",https://www.facebook.com/mirian.ramos.547,24,,"Ciudad Autónoma de Buenos Aires","Buenos Aires",Argentina,100003884431232,"Luis Galeano",,1
Martin,Moreno,martin.m.moreno.1@facebook.com,"15 de Febrero",https://www.facebook.com/martin.m.moreno.1,28,,"Ciudad Autónoma de Buenos Aires","Buenos Aires",Argentina,626900610,"Ignacio Busquiazo",https://www.facebook.com/ignacio.busquiazo,1
KariKogan,DanceStudio,karikogan.dancestudio@facebook.com,"15 de Febrero",https://www.facebook.com/karikogan.dancestudio,,,"Ciudad Autónoma de Buenos Aires","Buenos Aires",Argentina,100003301047895,"Sumatra Shows",https://www.facebook.com/sumatrashows,1
Nico,Goncalvez,nico.almendra.l@facebook.com,"15 de Febrero",https://www.facebook.com/nico.almendra.l,24,,"Ciudad Autónoma de Buenos Aires","Buenos Aires",Argentina,1280147435,"Agustina Pelle Müller",,1
De,Peluqueros,depeluqueros@facebook.com,"15 de Febrero",https://www.facebook.com/depeluqueros,21,,"Ciudad Autónoma de Buenos Aires","Buenos Aires",Argentina,100001144138991,"Paula Otálvaro",https://www.facebook.com/paula.otalvaro,1
Brenda,Fuentecilla,ttotitaa@facebook.com,"15 de Febrero",https://www.facebook.com/ttotitaa,22,"Villa Devoto","Ciudad Autónoma de Buenos Aires","Buenos Aires",Argentina,1176364347,"Matias Blas",https://www.facebook.com/Matias.Blas,1
Ilushion,Dance,ilushion.dance@facebook.com,"15 de Febrero",https://www.facebook.com/ilushion.dance,,,"Ciudad Autónoma de Buenos Aires","Buenos Aires",Argentina,100000083091227,"Nadia Vannessa",https://www.facebook.com/nadiavannessa18,1
Federico,Balbuena,federico.balbuena.12@facebook.com,"15 de Febrero",https://www.facebook.com/federico.balbuena.12,23,,"Ciudad Autónoma de Buenos Aires","Buenos Aires",Argentina,1177944784,"Victoria Cerdán",https://www.facebook.com/victoriaacerdan,1
Daniela,Ibarra,mislulu2@facebook.com,"15 de Febrero",https://www.facebook.com/mislulu2,24,,"Ciudad Autónoma de Buenos Aires","Buenos Aires",Argentina,1487133111,"Artur Margaryan",,1
Agustín,Rebottaro,agustin.rebottaro@facebook.com,"15 de Febrero",https://www.facebook.com/agustin.rebottaro,23,,"Ciudad Autónoma de Buenos Aires","Buenos Aires",Argentina,1645267731,"Agos Ledo",https://www.facebook.com/agos.ledo,1
Severino,Sica,severino.sica@facebook.com,"15 de Febrero",https://www.facebook.com/severino.sica,24,,"Ciudad Autónoma de Buenos Aires","Buenos Aires",Argentina,1192087592,"Matias Blas",https://www.facebook.com/Matias.Blas,1
Tanito,Ferraro,iamtanito@facebook.com,"15 de Febrero",https://www.facebook.com/iamtanito,,,"Ciudad Autónoma de Buenos Aires","Buenos Aires",Argentina,1495143694,"Gabi López",,1
María,Angelina,angie.pastorino@facebook.com,"15 de Febrero",https://www.facebook.com/angie.pastorino,25,,"Ciudad Autónoma de Buenos Aires","Buenos Aires",Argentina,1311526921,"Charly Ruez",https://www.facebook.com/charly.ruez,1
Librería,"El Glyptodón",libreria.elglyptodon@facebook.com,"15 de Febrero",https://www.facebook.com/libreria.elglyptodon,,,"Ciudad Autónoma de Buenos Aires","Buenos Aires",Argentina,1581382926,"Majo López Tavani",https://www.facebook.com/lasplumas,1
Yoga,Om,yogasat@facebook.com,"15 de Febrero",https://www.facebook.com/YogaSat,,Coghlan,"Ciudad Autónoma de Buenos Aires","Buenos Aires",Argentina,100001186299130,"Silvia Grun",,1
Estudio,L'ange,estudio.lange@facebook.com,"15 de Febrero",https://www.facebook.com/estudio.lange,,,"Ciudad Autónoma de Buenos Aires","Buenos Aires",Argentina,100001196090529,"Silvia Grun",,1
Fabric,Belgrano,juliadeloriadenim@facebook.com,"15 de Febrero",https://www.facebook.com/juliadeloriadenim,25,,"Ciudad Autónoma de Buenos Aires","Buenos Aires",Argentina,100004613880878,"Brian Hettich",https://www.facebook.com/brianghettich,1
Zamzara,Jalil,zamzaraproduc@facebook.com,"15 de Febrero",https://www.facebook.com/zamzaraproduc,25,,"Ciudad Autónoma de Buenos Aires","Buenos Aires",Argentina,100002283711060,"Maria DEL Mar",,1
Tres,Deseos,sontresdeseos@facebook.com,"15 de Febrero",https://www.facebook.com/sontresdeseos,,"Villa Pueyrredón","Ciudad Autónoma de Buenos Aires","Buenos Aires",Argentina,100001007935975,"Ana María Mesones",https://www.facebook.com/ana.mesones,1
Lauri,Tolesco,lauri.tolesco@facebook.com,"15 de Febrero",https://www.facebook.com/lauri.tolesco,,"Villa Del Parque","Ciudad Autónoma de Buenos Aires","Distrito Federal",Argentina,100001980838540,"Nico Mackinlay",,1
Institución,Ulloa,institucion.ulloa@facebook.com,"15 de Febrero",https://www.facebook.com/institucion.ulloa,22,,"Ciudad Autónoma de Buenos Aires","Buenos Aires",Argentina,100003820131307,"Natalia Walter",,1
Goyo,Fc,goyo.fc@facebook.com,"15 de Febrero",https://www.facebook.com/goyo.fc,24,,"Ciudad Autónoma de Buenos Aires","Buenos Aires",Argentina,100000973233099,"Valentino Fabre",https://www.facebook.com/valenfabre,1
Let,ItBe,let.itbe.129@facebook.com,"15 de Febrero",https://www.facebook.com/let.itbe.129,24,,"Ciudad Autónoma de Buenos Aires","Buenos Aires",Argentina,100002749027340,"Sofu Maddonni",https://www.facebook.com/ssofiia,1
Viviana,Ortiz,viviana.ortiz.7587370@facebook.com,"15 de Febrero",https://www.facebook.com/viviana.ortiz.7587370,29,Avellaneda,"Ciudad Autónoma de Buenos Aires","Buenos Aires",Argentina,100004982199383,"Jobs Bar",https://www.facebook.com/jobsbar,1
"Jesse James","Grupo Chelo",chelo.jessejames@facebook.com,"15 de Febrero",https://www.facebook.com/chelo.jessejames,,,"Ciudad Autónoma de Buenos Aires","Buenos Aires",Argentina,100008413650872,"Julio Roberto Cuevas",https://www.facebook.com/julioroberto.cuevas,1
Diego,Raschio,diego.raschio@facebook.com,"15 de Febrero",https://www.facebook.com/diego.raschio,,,"Ciudad Autónoma de Buenos Aires","Buenos Aires",Argentina,100000440259526,"Franco Marcoccia",https://www.facebook.com/franco.marcoccia,1
Brian,Olivera,kolescabj@facebook.com,"15 de Febrero",https://www.facebook.com/KolesCabj,,,"Ciudad Autónoma de Buenos Aires","Buenos Aires",Argentina,100000729243382,"Gabi López",,1
Xfy,Rguez,xfy.rguez@facebook.com,"15 de Febrero",https://www.facebook.com/xfy.rguez,,,"Ciudad Autónoma de Buenos Aires","Buenos Aires",Argentina,100001463150245,"Marina Gispert Rieu",https://www.facebook.com/marina.gispertrieu,1
Kuam,Catering,kuam.catering@facebook.com,"15 de Febrero",https://www.facebook.com/kuam.catering,30,,"Ciudad Autónoma de Buenos Aires","Buenos Aires",Argentina,1591101866,"Flor De Santa",https://www.facebook.com/florencia.pacella,1
Tomas,"Alvarez Rossi",tomas.alvarezrossi@facebook.com,"15 de Febrero",https://www.facebook.com/tomas.alvarezrossi,26,"San Isidro","San Isidro","Buenos Aires",Argentina,100000572964873,"Isa Bensusan Millé",,1
Savage,Savage,usercrewsavage@facebook.com,"15 de Febrero",https://www.facebook.com/usercrewsavage,30,,"Ciudad Autónoma de Buenos Aires","Buenos Aires",Argentina,100004651817523,"Nadia Denise",,1
Fidel,Lopez,counterstrikezc@facebook.com,"15 de Febrero",https://www.facebook.com/CounterStrikeZc,,,"Ciudad Autónoma de Buenos Aires","Buenos Aires",Argentina,100002010497176,"Brenda Araceli Gonzalez",https://www.facebook.com/brendaaraceli.gonzalez,1
Mejores,Obrasteatrales,mejores.obrasteatrales.5@facebook.com,"15 de Febrero",https://www.facebook.com/mejores.obrasteatrales.5,,,"Ciudad Autónoma de Buenos Aires","Buenos Aires",Argentina,100000807787411,"Flor Scalise",https://www.facebook.com/flor.scalise,1
Tucano,Tours,argentina.ok@facebook.com,"15 de Febrero",https://www.facebook.com/argentina.ok,29,,"Ciudad Autónoma de Buenos Aires","Buenos Aires",Argentina,100001561923081,"Riberas Del Parana",https://www.facebook.com/riberas.delparana,1
Christian,Sotelo,christian.sotelo.161@facebook.com,"15 de Febrero",https://www.facebook.com/christian.sotelo.161,26,,"Ciudad Autónoma de Buenos Aires","Buenos Aires",Argentina,1054602623,"Castro Marina",https://www.facebook.com/castro.marina,1
"Area Rosa",Hockey,arearosa.hockey@facebook.com,"15 de Febrero",https://www.facebook.com/arearosa.hockey,30,,"Ciudad Autónoma de Buenos Aires","Buenos Aires",Argentina,100002095690546,"Maia Ledo",https://www.facebook.com/maia.ledo,1
Emmanuel,Nicolas,emmanuel.nicolas.188@facebook.com,"15 de Febrero",https://www.facebook.com/emmanuel.nicolas.188,,,"Ciudad Autónoma de Buenos Aires","Buenos Aires",Argentina,100000093320800,"Mar Marignac",https://www.facebook.com/marina.marignac,1
Pili,Miguel,pili.miguel.1@facebook.com,"15 de Febrero",https://www.facebook.com/pili.miguel.1,,,"Ciudad Autónoma de Buenos Aires","Buenos Aires",Argentina,705264032,"Clara Ryan",https://www.facebook.com/clariryaneventos,1
Lucas,Kajita,lucas.kajita@facebook.com,"15 de Febrero",https://www.facebook.com/lucas.kajita,24,,"Ciudad Autónoma de Buenos Aires","Buenos Aires",Argentina,100000898455133,"Yasu Higa",,1
Vanina,Ayelen,vaninita.a.maydana@facebook.com,"15 de Febrero",https://www.facebook.com/vaninita.a.maydana,,,"Ciudad Autónoma de Buenos Aires","Buenos Aires",Argentina,100000825833976,"Ale Cabas",https://www.facebook.com/AleCabas,1
Santiago,Echarri,santiago.echarri@facebook.com,"15 de Febrero",https://www.facebook.com/santiago.echarri,27,,"Ciudad Autónoma de Buenos Aires","Buenos Aires",Argentina,1354835237,"Agustina Pelle Müller",,1
Barbie,Divina,barbie.d.divina@facebook.com,"15 de Febrero",https://www.facebook.com/barbie.d.divina,,,"Ciudad Autónoma de Buenos Aires","Buenos Aires",Argentina,1099060470,"Belen Loccisano",https://www.facebook.com/belen.loccisano,1
Aggus,Pereyra,aggus.pereyra@facebook.com,"15 de Febrero",https://www.facebook.com/aggus.pereyra,22,,"Ciudad Autónoma de Buenos Aires","Buenos Aires",Argentina,1184283262,"Anna Laura",https://www.facebook.com/Anna.Laucha,1
Aldii,Diabliita,aldii.diabliita@facebook.com,"15 de Febrero",https://www.facebook.com/aldii.diabliita,,,"Ciudad Autónoma de Buenos Aires","Buenos Aires",Argentina,1443337152,"Claudio Arias",https://www.facebook.com/clautrance,1
CaMii,Lita,camii.lita.37@facebook.com,"15 de Febrero",https://www.facebook.com/camii.lita.37,22,,"Ciudad Autónoma de Buenos Aires","Buenos Aires",Argentina,100002731870952,"Brian Cano",,1
Nicole,Lacroix,nicole.lacroix.505@facebook.com,"15 de Febrero",https://www.facebook.com/nicole.lacroix.505,22,,"Ciudad Autónoma de Buenos Aires","Buenos Aires",Argentina,100000416767525,"Charly Ruez",https://www.facebook.com/charly.ruez,1
Matias,Sartre,matias.sartre.9@facebook.com,"15 de Febrero",https://www.facebook.com/matias.sartre.9,28,,"Ciudad Autónoma de Buenos Aires","Buenos Aires",Argentina,100006899580310,"Analia Utlo",https://www.facebook.com/ANY10,1
Ariel,Nicolosi,ariel.nicolosi.3@facebook.com,"15 de Febrero",https://www.facebook.com/ariel.nicolosi.3,30,,"Ciudad Autónoma de Buenos Aires","Buenos Aires",Argentina,100004667557785,"Pablo Bravo",,1
FranQuito,Medero,franqito.medero@facebook.com,"15 de Febrero",https://www.facebook.com/Franqito.Medero,,Boedo,"Ciudad Autónoma de Buenos Aires","Buenos Aires",Argentina,1184593302,"Juanita Lupetrone",https://www.facebook.com/jlupetrone,1
Kevin,Houlli,hows55@facebook.com,"15 de Febrero",https://www.facebook.com/hows55,,,"Ciudad Autónoma de Buenos Aires","Buenos Aires",Argentina,1117641663,"Gabriela Competiello",,1
Mariano,Alexion,mariano.alexion@facebook.com,"15 de Febrero",https://www.facebook.com/mariano.alexion,,,"Ciudad Autónoma de Buenos Aires","Buenos Aires",Argentina,100002898436659,"Joshua Oglio",,1
Otila,Chianese,otila@facebook.com,"15 de Febrero",https://www.facebook.com/otila,,,"Ciudad Autónoma de Buenos Aires","Buenos Aires",Argentina,1796294800,"Gimena Yamila Yerden Giaquinto",https://www.facebook.com/Gimetrance,1
Charlotte,Caniggia,charlotte.c.caniggia1@facebook.com,"15 de Febrero",https://www.facebook.com/charlotte.c.caniggia1,21,,"Ciudad Autónoma de Buenos Aires","Buenos Aires",Argentina,100005142333724,"Pablo Bravo",,1
Marianela,Marinero,marianela.marinero@facebook.com,"15 de Febrero",https://www.facebook.com/marianela.marinero,21,"Buenos Aires","Buenos Aires","Buenos Aires",Argentina,1545488526,"Gaston Vilalta",0,1
Fede,Bassi,fed.bassi@facebook.com,"15 de Febrero",https://www.facebook.com/fed.bassi,,,"Ciudad Autónoma de Buenos Aires","Buenos Aires",Argentina,592705890,"Facundo Bulacio",https://www.facebook.com/facundo.bulacio,1
Ingrid,Guerra,ingrid.l.guerra.5@facebook.com,"15 de Febrero",https://www.facebook.com/ingrid.l.guerra.5,,,"Ciudad Autónoma de Buenos Aires","Buenos Aires",Argentina,100000846532602,"Ruben Pacora",https://www.facebook.com/ruben.pacora,1
Alberto,Reso,alberto.reso@facebook.com,"16 de Febrero",https://www.facebook.com/alberto.reso,,,"Ciudad Autónoma de Buenos Aires","Buenos Aires",Argentina,791414677,"Charly Ruez",https://www.facebook.com/charly.ruez,1
"Julio Alejandro",Cabezas,julioalejandro.cabezas@facebook.com,"16 de Febrero",https://www.facebook.com/julioalejandro.cabezas,21,,"Ciudad Autónoma de Buenos Aires","Buenos Aires",Argentina,1084795720,"Silvia Grun",,1
Criacuervos,Argentina,criacuervosargentina@facebook.com,"16 de Febrero",https://www.facebook.com/criacuervosargentina,,,"Ciudad Autónoma de Buenos Aires","Buenos Aires",Argentina,1504090477,"Sil Cristiano ?ï?",https://www.facebook.com/Sivinita,1
Bienes,Gananciales,anita.hechtlinger@facebook.com,"16 de Febrero",https://www.facebook.com/anita.hechtlinger,,,"Ciudad Autónoma de Buenos Aires","Buenos Aires",Argentina,1149974117,"Jessica Bellomo",https://www.facebook.com/JessBellomo,1
Fiestas,"Sin Limites",fiestas.sinlimites@facebook.com,"16 de Febrero",https://www.facebook.com/fiestas.sinlimites,,,"Ciudad Autónoma de Buenos Aires","Buenos Aires",Argentina,100001885338351,"Cynthia Tatiana Martinez Neves",https://www.facebook.com/cynthiatatiana.martinezne,1
"Bienestar Natural",Natura,bienestarnatural.natura@facebook.com,"16 de Febrero",https://www.facebook.com/bienestarnatural.natura,26,,"Ciudad Autónoma de Buenos Aires","Buenos Aires",Argentina,100001624888510,"Clara Ryan",https://www.facebook.com/clariryaneventos,1
Debys,Bisbal,deebys@facebook.com,"16 de Febrero",https://www.facebook.com/Deebys,24,,"Ciudad Autónoma de Buenos Aires","Buenos Aires",Argentina,696313001,"Claudio Arias",https://www.facebook.com/clautrance,1
Leandro,Villalba,leandro.villaba.3@facebook.com,"16 de Febrero",https://www.facebook.com/leandro.villaba.3,23,,"Ciudad Autónoma de Buenos Aires","Buenos Aires",Argentina,1404917092,"Cristian Fernandez Villamor",https://www.facebook.com/cristian.fernandezvillamo,1
"Flor Flopi",II,florflopi.ii@facebook.com,"16 de Febrero",https://www.facebook.com/florflopi.ii,,,"Ciudad Autónoma de Buenos Aires","Buenos Aires",Argentina,100003340408326,"Pedro Lopezyfernandez",https://www.facebook.com/pedronahuel,1
Encuestas,Hoy,encuestas.hoy@facebook.com,"16 de Febrero",https://www.facebook.com/encuestas.hoy,,,"Ciudad Autónoma de Buenos Aires","Buenos Aires",Argentina,100001421733080,"Sindy Elisa Szczucky",https://www.facebook.com/sindy.szczucky,1
Noe,SU,noe.su.94@facebook.com,"16 de Febrero",https://www.facebook.com/noe.su.94,21,"Buenos Aires","Buenos Aires","Buenos Aires",Argentina,100005962033676,"Alan Yun",0,1
"Adriana E",Arias,adrianae.arias@facebook.com,"16 de Febrero",https://www.facebook.com/adrianae.arias,,,"Ciudad Autónoma de Buenos Aires","Buenos Aires",Argentina,100001196475132,"Felicitas Ghigliotti",https://www.facebook.com/felicitas.ghigliotti,1
Punta,Bue,punta.bue1@facebook.com,"16 de Febrero",https://www.facebook.com/punta.bue1,21,Núñez,"Ciudad Autónoma de Buenos Aires","Buenos Aires",Argentina,100004998424259,"Riberas Del Parana",https://www.facebook.com/riberas.delparana,1
Jona,Rodriguez,jona.rodriguez.58910@facebook.com,"16 de Febrero",https://www.facebook.com/jona.rodriguez.58910,27,,"Ciudad Autónoma de Buenos Aires","Buenos Aires",Argentina,1470561694,"Cecilia Morinigo",,1
Daniela,Ergon,daniela.ergon@facebook.com,"16 de Febrero",https://www.facebook.com/daniela.ergon,28,,"Ciudad Autónoma de Buenos Aires","Buenos Aires",Argentina,100002702430259,"Flor Charró",https://www.facebook.com/florr.ch,1
Michii,Cardozo,michi.cardozo.9@facebook.com,"16 de Febrero",https://www.facebook.com/michi.cardozo.9,,,"Ciudad Autónoma de Buenos Aires","Buenos Aires",Argentina,100002266750012,"Agustina Pelle Müller",,1
Luciano,Campos,luciano.campos.311@facebook.com,"16 de Febrero",https://www.facebook.com/luciano.campos.311,29,,"Ciudad Autónoma de Buenos Aires","Buenos Aires",Argentina,100001223991355,"Gisele Galia",https://www.facebook.com/gisele.galia,1
Mar,SU,mar.vel.77985@facebook.com,"16 de Febrero",https://www.facebook.com/mar.vel.77985,,"Buenos Aires","Buenos Aires","Buenos Aires",Argentina,100007174930712,"Alan Yun",0,1
Ginhi,Kim,ginhi.kim@facebook.com,"16 de Febrero",https://www.facebook.com/ginhi.kim,27,,"Ciudad Autónoma de Buenos Aires","Buenos Aires",Argentina,729823316,"Daniela Sevilla",,1
Gaston,LD,gaston.ld.7@facebook.com,"16 de Febrero",https://www.facebook.com/gaston.ld.7,,,"Ciudad Autónoma de Buenos Aires","Buenos Aires",Argentina,1312351062,"Pamela Garrote",https://www.facebook.com/pamela.garrote,1
Javi,Braun,javier.braun.9@facebook.com,"16 de Febrero",https://www.facebook.com/javier.braun.9,,,"Ciudad Autónoma de Buenos Aires","Buenos Aires",Argentina,597504483,"Sabri Bértolo",,1
Meme,Fasciani,meme.fasciani@facebook.com,"16 de Febrero",https://www.facebook.com/meme.fasciani,21,,"Ciudad Autónoma de Buenos Aires","Buenos Aires",Argentina,1253602589,"Evelina Ferreira",,1
Marcos,Gonzalez,djmarqiiitoss@facebook.com,"16 de Febrero",https://www.facebook.com/DjMarqiiitoss,26,,"Ciudad Autónoma de Buenos Aires","Buenos Aires",Argentina,100000412715751,"Anna Laura",https://www.facebook.com/Anna.Laucha,1
"Pablo Martin",Inzillo,pablomartin.inzillo@facebook.com,"16 de Febrero",https://www.facebook.com/pablomartin.inzillo,27,Boedo,"Ciudad Autónoma de Buenos Aires","Buenos Aires",Argentina,1098701411,"Claudia Gonzalez",,1
Rama,Sotamanga,sotamanga@facebook.com,"16 de Febrero",https://www.facebook.com/sotamanga,,,"Ciudad Autónoma de Buenos Aires","Buenos Aires",Argentina,756201121,"Guido Moncayo",https://www.facebook.com/guido.moncayo,1
Santiago,Hop,opp.hop@facebook.com,"16 de Febrero",https://www.facebook.com/opp.hop,,,"Ciudad Autónoma de Buenos Aires","Buenos Aires",Argentina,1721089739,"Miqui Berriòs",https://www.facebook.com/miqui.berrios,1
Euge,Tisio,euge.tisio@facebook.com,"16 de Febrero",https://www.facebook.com/euge.tisio,,,"Ciudad Autónoma de Buenos Aires","Buenos Aires",Argentina,671894777,"July Jaluff",https://www.facebook.com/july.jaluff,1
Rodri,Quinteros,rodri.quinteros.127@facebook.com,"16 de Febrero",https://www.facebook.com/rodri.quinteros.127,,,"Ciudad Autónoma de Buenos Aires","Buenos Aires",Argentina,1797295622,"Maria Quevedo",https://www.facebook.com/mery.quevedo3,1
Miuki,"Madelaire Production Company",miuki.madelaire.production.company@facebook.com,"16 de Febrero",https://www.facebook.com/miuki.madelaire.production.company,,,"Ciudad Autónoma de Buenos Aires","Buenos Aires",Argentina,100001164793040,"Juan Antonio Papagni Meca",https://www.facebook.com/juanantoniopapagnimeca,1
Dev,Wu,devwu@facebook.com,"16 de Febrero",https://www.facebook.com/devwu,27,,"Ciudad Autónoma de Buenos Aires","Buenos Aires",Argentina,609906769,"Piltra Toller",https://www.facebook.com/piltra,1
Agus,Bianco,agus.bianco.77@facebook.com,"16 de Febrero",https://www.facebook.com/agus.bianco.77,,,"Ciudad Autónoma de Buenos Aires","Buenos Aires",Argentina,100001054034064,"Ezequiel Sebastian Berardi",https://www.facebook.com/EzErAsTa,1
Prensa,"Leandro Illia",prensa.leandroillia@facebook.com,"16 de Febrero",https://www.facebook.com/prensa.leandroillia,24,,"Ciudad Autónoma de Buenos Aires","Buenos Aires",Argentina,100003130998347,"Laurita Menichetti",https://www.facebook.com/laurita.menichetti,1
Hernan,Richersi,dariohernanmontiel@facebook.com,"16 de Febrero",https://www.facebook.com/dariohernanmontiel,,"Puerto Madero","Ciudad Autónoma de Buenos Aires","Buenos Aires",Argentina,1576053505,"Mauro Napole",https://www.facebook.com/maurinapole,1
Tienda,Berianne,tienda.berianne@facebook.com,"16 de Febrero",https://www.facebook.com/tienda.berianne,28,,"Ciudad Autónoma de Buenos Aires","Buenos Aires",Argentina,100002473595937,"Jessica Bellomo",https://www.facebook.com/JessBellomo,1
Trenes,S,trenes.zsur@facebook.com,"16 de Febrero",https://www.facebook.com/trenes.zsur,,,"Ciudad Autónoma de Buenos Aires","Buenos Aires",Argentina,100002130622195,"Cristian Fernandez Villamor",https://www.facebook.com/cristian.fernandezvillamo,1
Antonella,Risso,antonella.risso.39@facebook.com,"16 de Febrero",https://www.facebook.com/antonella.risso.39,24,,"Ciudad Autónoma de Buenos Aires","Buenos Aires",Argentina,665124591,"Federico Tonero",https://www.facebook.com/fedeton,1
Vanessa,Acosta,vanessa.s.acosta.7@facebook.com,"16 de Febrero",https://www.facebook.com/vanessa.s.acosta.7,,"Villa Del Parque","Ciudad Autónoma de Buenos Aires","Distrito Federal",Argentina,839021981,"Alejandro Cocktila Acosta",https://www.facebook.com/alejandro.acosta,1
Juliana,Marrone,juliana.marrone.92@facebook.com,"16 de Febrero",https://www.facebook.com/juliana.marrone.92,25,,"Ciudad Autónoma de Buenos Aires","Buenos Aires",Argentina,1085164059,"Flor Botana",,1
Espacio,Arte,espacio.d.arte@facebook.com,"16 de Febrero",https://www.facebook.com/espacio.d.arte,,,"Ciudad Autónoma de Buenos Aires","Buenos Aires",Argentina,100002344527869,"Miqui Berriòs",https://www.facebook.com/miqui.berrios,1
Micaela,Case,micaela.case@facebook.com,"16 de Febrero",https://www.facebook.com/micaela.case,22,,"Ciudad Autónoma de Buenos Aires","Buenos Aires",Argentina,100001854643934,"Felicitas Ghigliotti",https://www.facebook.com/felicitas.ghigliotti,1
Daiana,"Lazzaroni Ybarra",daiana.lazzaroniybarra@facebook.com,"16 de Febrero",https://www.facebook.com/daiana.lazzaroniybarra,27,,"Ciudad Autónoma de Buenos Aires","Buenos Aires",Argentina,1177638373,"Ro Cardoso",,1
Juan,Bianchi,tekilaaaaa@facebook.com,"16 de Febrero",https://www.facebook.com/tekilaaaaa,,"San Telmo","Ciudad Autónoma de Buenos Aires","Buenos Aires",Argentina,100000377217979,"Martín Álvarez BA I",https://www.facebook.com/Woody.Blair,1
Victor,Carrizo,victor.carrizo@facebook.com,"16 de Febrero",https://www.facebook.com/victor.carrizo,24,"Villa Ortúzar","Ciudad Autónoma de Buenos Aires","Buenos Aires",Argentina,1002486019,"Lucia Benavídez",,1
Sebastian,Andrada,seba.castillo.31@facebook.com,"16 de Febrero",https://www.facebook.com/seba.castillo.31,,,"Ciudad Autónoma de Buenos Aires","Buenos Aires",Argentina,100002055237387,"Brenda Fabregat",https://www.facebook.com/brenda.fabregat,1
Lukaas,Carp,luuuccass.riverplate@facebook.com,"16 de Febrero",https://www.facebook.com/luuuccass.riverplate,,,"Ciudad Autónoma de Buenos Aires","Buenos Aires",Argentina,1349995704,"Juanma Ramirez",,1
Rafael,Maceo,rafael.maceo@facebook.com,"16 de Febrero",https://www.facebook.com/rafael.maceo,29,,"Ciudad Autónoma de Buenos Aires","Buenos Aires",Argentina,1748372061,"Anoland Lorenzo",https://www.facebook.com/anoland.lorenzo,1
Receptoria,Clarin,receptoria@facebook.com,"16 de Febrero",https://www.facebook.com/receptoria,,,"Ciudad Autónoma de Buenos Aires","Buenos Aires",Argentina,100000341061221,"Anita Ghersinich",https://www.facebook.com/anita.ghersinich,1
SeeLee,Venturino,seelene.venturino@facebook.com,"17 de Febrero",https://www.facebook.com/seelene.venturino,,,"Ciudad Autónoma de Buenos Aires","Buenos Aires",Argentina,100004193708975,"Anna Laura",https://www.facebook.com/Anna.Laucha,1
Gloria,"Mauro Dobler",bebyreyes@facebook.com,"17 de Febrero",https://www.facebook.com/bebyreyes,,,"Ciudad Autónoma de Buenos Aires","Buenos Aires",Argentina,701324284,"Valentin Abelardo",https://www.facebook.com/valentin.abelardo,1
Joaquin,Bruno,joacko.bruno.5@facebook.com,"17 de Febrero",https://www.facebook.com/joacko.bruno.5,23,,"Ciudad Autónoma de Buenos Aires","Buenos Aires",Argentina,100007388801597,"Gastón Alejandro Di Lella",https://www.facebook.com/gastondilella,1
Gisela,Berger,gisela.berger.560@facebook.com,"17 de Febrero",https://www.facebook.com/gisela.berger.560,,,"Ciudad Autónoma de Buenos Aires","Buenos Aires",Argentina,100005167147731,"Vanesa Macias",https://www.facebook.com/vanesa.macias1,1
Marito,Staimbag,marito.staimbag@facebook.com,"17 de Febrero",https://www.facebook.com/marito.staimbag,28,,"Ciudad Autónoma de Buenos Aires","Buenos Aires",Argentina,100001655134493,"Mia Miry Ponce",,1
Maximiliano,Ferreyra,maximiliano.ferreyra.71@facebook.com,"17 de Febrero",https://www.facebook.com/maximiliano.ferreyra.71,24,,"Ciudad Autónoma de Buenos Aires","Buenos Aires",Argentina,100000985864298,"Jonathan Julian",,1
Crobar,Sábados,crobarenjoyfotos@facebook.com,"17 de Febrero",https://www.facebook.com/crobarenjoyfotos,27,,"Ciudad Autónoma de Buenos Aires","Buenos Aires",Argentina,100004375543952,"Belu Alvarez",,1
Cris,Centeno,cris.centeno.5@facebook.com,"17 de Febrero",https://www.facebook.com/cris.centeno.5,,,"Ciudad Autónoma de Buenos Aires","Buenos Aires",Argentina,532839294,"Mili Mauro",https://www.facebook.com/milimauro,1
Brandon,Park,brandonyankee.park@facebook.com,"17 de Febrero",https://www.facebook.com/brandonyankee.park,,"Buenos Aires","Buenos Aires","Buenos Aires",Argentina,1183354727,"Alan Yun",0,1
Maru,Hansen,maru.hansen.7@facebook.com,"17 de Febrero",https://www.facebook.com/maru.hansen.7,24,,"Ciudad Autónoma de Buenos Aires","Buenos Aires",Argentina,100001276201653,"Rocío Martínez",https://www.facebook.com/rochi.belen,1
Laruku,Tenshi,larukunotenshi@facebook.com,"17 de Febrero",https://www.facebook.com/LarukunoTenshi,,,"Ciudad Autónoma de Buenos Aires","Buenos Aires",Argentina,100000469301815,"Pato Pagano",https://www.facebook.com/pato.p111,1
Seba,Sarabia,seba.sarabia.7@facebook.com,"17 de Febrero",https://www.facebook.com/seba.sarabia.7,26,,"Ciudad Autónoma de Buenos Aires","Buenos Aires",Argentina,100002525794383,"Juan Antonio Papagni Meca",https://www.facebook.com/juanantoniopapagnimeca,1
Luz,ILiving,luz.iliving@facebook.com,"17 de Febrero",https://www.facebook.com/luz.iliving,28,,"Ciudad Autónoma de Buenos Aires","Buenos Aires",Argentina,100004829414139,"Agustina Pelle Müller",,1
"Cristian Maximiliano",Bogado,boguy@facebook.com,"17 de Febrero",https://www.facebook.com/boguy,26,,"Ciudad Autónoma de Buenos Aires","Buenos Aires",Argentina,1619212435,"Carlos Wilson",,1
"Milagros Maria",Pouso,milagrosmaria.pouso@facebook.com,"17 de Febrero",https://www.facebook.com/milagrosmaria.pouso,22,,"Ciudad Autónoma de Buenos Aires","Buenos Aires",Argentina,100003954674045,"Flor Vischi Cortés",https://www.facebook.com/flor.vischi,1
Javier,Meneghetti,javier.ignacio.meneghetti@facebook.com,"17 de Febrero",https://www.facebook.com/javier.ignacio.meneghetti,,,"Ciudad Autónoma de Buenos Aires","Buenos Aires",Argentina,1171064042,"Marina Castagnino",https://www.facebook.com/castagnino,1
Gri,Caldubehere,gri.caldubehere@facebook.com,"17 de Febrero",https://www.facebook.com/gri.caldubehere,22,,"Ciudad Autónoma de Buenos Aires","Buenos Aires",Argentina,1146540472,"Sofu Maddonni",https://www.facebook.com/ssofiia,1
Pau,Carboni,pau.carboni@facebook.com,"17 de Febrero",https://www.facebook.com/pau.carboni,27,,"Ciudad Autónoma de Buenos Aires","Buenos Aires",Argentina,669576171,"Analia Petrocco",https://www.facebook.com/analia.petrocco,1
Daniel,Figueredo,daniel.figueredo.940@facebook.com,"17 de Febrero",https://www.facebook.com/daniel.figueredo.940,26,,"Ciudad Autónoma de Buenos Aires","Buenos Aires",Argentina,100001746675512,"Pamela Garrote",https://www.facebook.com/pamela.garrote,1
Nico,Quintana,nico.quintana.7@facebook.com,"17 de Febrero",https://www.facebook.com/nico.quintana.7,,,"Ciudad Autónoma de Buenos Aires","Buenos Aires",Argentina,500270872,"Agos Costas",https://www.facebook.com/agoscostas,1
Luciana,"Mattera Lange",luciana.matteralange@facebook.com,"17 de Febrero",https://www.facebook.com/luciana.matteralange,22,,"Ciudad Autónoma de Buenos Aires","Buenos Aires",Argentina,1225016479,"Felipe Cianciarulo",https://www.facebook.com/fcianciarulo,1
"Juan Cruz",Aznarez,juancruzaznarez@facebook.com,"17 de Febrero",https://www.facebook.com/JuanCruzAznarez,,,"Ciudad Autónoma de Buenos Aires","Buenos Aires",Argentina,1191086775,"Juan Cruz Albornoz",,1
"Juan Ignacio","Lopez Freire",juanci12@facebook.com,"17 de Febrero",https://www.facebook.com/juanci12,28,,"Ciudad Autónoma de Buenos Aires","Buenos Aires",Argentina,845909845,"Maria Laura Pendás",https://www.facebook.com/marialaura.pendas,1
Adri,Rasta,adri.rasta.9@facebook.com,"17 de Febrero",https://www.facebook.com/adri.rasta.9,,,"Ciudad Autónoma de Buenos Aires","Buenos Aires",Argentina,100001990763525,"Daiana Solange Labat",https://www.facebook.com/Daichilandia,1
Rocio,Yañez,rocio.yanez.9@facebook.com,"17 de Febrero",https://www.facebook.com/rocio.yanez.9,28,,"Ciudad Autónoma de Buenos Aires","Buenos Aires",Argentina,542433781,"Aldana Queirolo",https://www.facebook.com/aldana.queirolo,1
"Prensa Guía",Maraton,prensaguia.maraton@facebook.com,"17 de Febrero",https://www.facebook.com/prensaguia.maraton,29,,"Ciudad Autónoma de Buenos Aires","Buenos Aires",Argentina,100002793540775,"Mia Miry Ponce",,1
Nati,Gallardo,nati.gallardo.33@facebook.com,"17 de Febrero",https://www.facebook.com/nati.gallardo.33,29,,"Ciudad Autónoma de Buenos Aires","Buenos Aires",Argentina,100001468130505,"Julio Roberto Cuevas",https://www.facebook.com/julioroberto.cuevas,1
Gonzalo,Chamorro,gonzalo.chamorro.9615@facebook.com,"17 de Febrero",https://www.facebook.com/gonzalo.chamorro.9615,30,,"Ciudad Autónoma de Buenos Aires","Buenos Aires",Argentina,100007691946116,"Ale Arias Mandarine Park",,1
Jeronimo,"Lopez Amadori",jeronimo.lopezamadori@facebook.com,"17 de Febrero",https://www.facebook.com/jeronimo.lopezamadori,26,"Buenos Aires","Buenos Aires","Buenos Aires",Argentina,809237437,"Peter GC",0,1
Agus,Casco,agus.casco.77@facebook.com,"17 de Febrero",https://www.facebook.com/agus.casco.77,22,,"Ciudad Autónoma de Buenos Aires","Buenos Aires",Argentina,1304199491,"Jorge Biamonte",https://www.facebook.com/georgebiamonteok,1
Delfi,Galarza,delfi.galarza@facebook.com,"17 de Febrero",https://www.facebook.com/delfi.galarza,,,"Ciudad Autónoma de Buenos Aires","Buenos Aires",Argentina,1424632076,"Yanina Morinelli",https://www.facebook.com/YaniMorinelli,1
"Zhoe Pia",Castillo,zhoepia.castillo@facebook.com,"17 de Febrero",https://www.facebook.com/zhoepia.castillo,29,Recoleta,"Ciudad Autónoma de Buenos Aires","Buenos Aires",Argentina,100003377940350,"Gabriel Gutierrez",,1
Loli,Poccard,lolipoccard@facebook.com,"17 de Febrero",https://www.facebook.com/lolipoccard,,,"Ciudad Autónoma de Buenos Aires","Buenos Aires",Argentina,786669367,"Juan Cruz Albornoz",,1
Mariana,Fernandez,mariana.fernandez.9277583@facebook.com,"17 de Febrero",https://www.facebook.com/mariana.fernandez.9277583,30,,"Ciudad Autónoma de Buenos Aires","Buenos Aires",Argentina,100002214189392,"Tatiana Petroccelli",https://www.facebook.com/tanshanita,1
"Karen Giselle",Hermes,karengiselle.hermes@facebook.com,"17 de Febrero",https://www.facebook.com/karengiselle.hermes,,,"Ciudad Autónoma de Buenos Aires","Buenos Aires",Argentina,100001188026559,"Juan Elias Catan",https://www.facebook.com/juan.724,1
Juliana,Rojas,shananana8@facebook.com,"17 de Febrero",https://www.facebook.com/Shananana8,,,"Ciudad Autónoma de Buenos Aires","Buenos Aires",Argentina,1118972047,"Martín Álvarez BA I",https://www.facebook.com/Woody.Blair,1
Nicolas,Astrada,nico0astrada@facebook.com,"17 de Febrero",https://www.facebook.com/Nico0Astrada,23,,"Ciudad Autónoma de Buenos Aires","Buenos Aires",Argentina,100000632930888,"Anna Laura",https://www.facebook.com/Anna.Laucha,1
Nicolás,Roballos,nicolas.roballos@facebook.com,"17 de Febrero",https://www.facebook.com/nicolas.roballos,,,"Ciudad Autónoma de Buenos Aires","Buenos Aires",Argentina,823533965,"Carlos Wilson",,1
"Gonzalo Javier",Primo,gonzalojavier.primo@facebook.com,"17 de Febrero",https://www.facebook.com/gonzalojavier.primo,,,"Ciudad Autónoma de Buenos Aires","Buenos Aires",Argentina,557919423,"Rocío Martínez",https://www.facebook.com/rochi.belen,1
Emilia,Claudeville,militaclaudeville@facebook.com,"17 de Febrero",https://www.facebook.com/militaclaudeville,25,,"Ciudad Autónoma de Buenos Aires","Buenos Aires",Argentina,630912913,"Charly Rr.Pp",,1
Tomas,Medina,tomas.t.m@facebook.com,"17 de Febrero",https://www.facebook.com/tomas.t.m,,,"Ciudad Autónoma de Buenos Aires","Buenos Aires",Argentina,596587454,"Mechi Abud",https://www.facebook.com/mechi.abud,1
Bruselas,Indumentaria,bruselas.indumentaria.3@facebook.com,"17 de Febrero",https://www.facebook.com/bruselas.indumentaria.3,25,"Buenos Aires","Buenos Aires","Buenos Aires",Argentina,100004113812490,"Gabriella Rouiller",0,1
Ignacio,Lew,nanulew@facebook.com,"17 de Febrero",https://www.facebook.com/nanulew,28,,"Ciudad Autónoma de Buenos Aires","Buenos Aires",Argentina,1347275924,"Nicolas Brea",https://www.facebook.com/Nicolas.Brea,1
Pipra,Cañizares,pipra.canizares@facebook.com,"17 de Febrero",https://www.facebook.com/pipra.canizares,,,"Ciudad Autónoma de Buenos Aires","Buenos Aires",Argentina,100002380376166,"Daniel Barach",,1
Mirta,Haedo,mirta.haedo.71@facebook.com,"17 de Febrero",https://www.facebook.com/mirta.haedo.71,,"Villa Del Parque","Ciudad Autónoma de Buenos Aires","Buenos Aires",Argentina,100005992002215,"Natalia Malvaso",https://www.facebook.com/natalia.malvaso,1
Facu,Guedes,facu.guedes@facebook.com,"17 de Febrero",https://www.facebook.com/facu.guedes,,,"Ciudad Autónoma de Buenos Aires","Buenos Aires",Argentina,1017937267,"Joshua Oglio",,1
Faustino,Cespedes,faustino.cespedes@facebook.com,"17 de Febrero",https://www.facebook.com/faustino.cespedes,,,"Ciudad Autónoma de Buenos Aires","Buenos Aires",Argentina,100002541358717,"Lo Lola",,1
Myka,Chavez,yo.s.miky@facebook.com,"17 de Febrero",https://www.facebook.com/yo.s.miky,,,"Ciudad Autónoma de Buenos Aires","Buenos Aires",Argentina,100003012653563,"Atilio Fernandez",,1
Bastidores,"La Boheme",bastidoreslaboheme@facebook.com,"17 de Febrero",https://www.facebook.com/bastidoreslaboheme,23,,"Ciudad Autónoma de Buenos Aires","Buenos Aires",Argentina,100005790769266,"Emme Elle Russo",https://www.facebook.com/emme.shantiom,1
Pepe,Madero,pepe.madero.01@facebook.com,"17 de Febrero",https://www.facebook.com/pepe.madero.01,21,,"Ciudad Autónoma de Buenos Aires","Buenos Aires",Argentina,100004079388160,"Agustin Sujo",https://www.facebook.com/agustin.sujook,1
Pablo,Sotelo,pablo.sotelo.334@facebook.com,"17 de Febrero",https://www.facebook.com/pablo.sotelo.334,,,"Ciudad Autónoma de Buenos Aires","Buenos Aires",Argentina,100001168818750,"Claudio Arias",https://www.facebook.com/clautrance,1
"La Ventola",Martinez,laventola.martinez@facebook.com,"17 de Febrero",https://www.facebook.com/laventola.martinez,,,"Ciudad Autónoma de Buenos Aires","Buenos Aires",Argentina,100001179453551,"Claudio Arias",https://www.facebook.com/clautrance,1
Luli,Forman,luli.forman@facebook.com,"17 de Febrero",https://www.facebook.com/luli.forman,,,"Ciudad Autónoma de Buenos Aires","Buenos Aires",Argentina,1189141098,"Sol Bettoni",,1
Espacio,Mística,espacio.mistica@facebook.com,"17 de Febrero",https://www.facebook.com/espacio.mistica,23,,"Ciudad Autónoma de Buenos Aires","Buenos Aires",Argentina,100005491868536,"Flor Botana",,1
Mauro,Gulbaharian,mauro.m.gulbaharian@facebook.com,"17 de Febrero",https://www.facebook.com/mauro.m.gulbaharian,,,"Ciudad Autónoma de Buenos Aires","Buenos Aires",Argentina,100002316200391,"Alicia Kosem",https://www.facebook.com/alicia.kosem,1
Juan,Tavarozzi,tava.eventos@facebook.com,"18 de Febrero",https://www.facebook.com/tava.eventos,,,"Ciudad Autónoma de Buenos Aires","Buenos Aires",Argentina,823368845,"Aniita Canta",https://www.facebook.com/Aniita.Canta,1
Rita,Alvo,rita.alvo@facebook.com,"18 de Febrero",https://www.facebook.com/rita.alvo,,,"Ciudad Autónoma de Buenos Aires","Buenos Aires",Argentina,100002391746689,"Joaquin Barraco",https://www.facebook.com/chino.barraco,1
Lola,Crimella,lola.crimella@facebook.com,"18 de Febrero",https://www.facebook.com/lola.crimella,,,"Ciudad Autónoma de Buenos Aires","Buenos Aires",Argentina,100000213176013,"Sol Bettoni",,1
Gonza,Lopez,gonza.lopez.562@facebook.com,"18 de Febrero",https://www.facebook.com/gonza.lopez.562,,,"Ciudad Autónoma de Buenos Aires","Buenos Aires",Argentina,100002144003427,"Facu Denegri",,1
Alberto,Vaces,alberto.vaces@facebook.com,"18 de Febrero",https://www.facebook.com/alberto.vaces,,,"Ciudad Autónoma de Buenos Aires","Buenos Aires",Argentina,1482683840,"Fernando Velcic",https://www.facebook.com/fernando.velcic,1
Juan,Quiñones,juan.m.quinones.3@facebook.com,"18 de Febrero",https://www.facebook.com/juan.m.quinones.3,26,,"Ciudad Autónoma de Buenos Aires","Buenos Aires",Argentina,691683107,"Mia Miry Ponce",,1
Juli,Ruttimann,juli.ruttimann@facebook.com,"18 de Febrero",https://www.facebook.com/juli.ruttimann,,,"Ciudad Autónoma de Buenos Aires","Buenos Aires",Argentina,1471398054,"Alfonso Bron",https://www.facebook.com/bronalfonso,1
Tortas,Tenerezze,tortas.tenerezze@facebook.com,"18 de Febrero",https://www.facebook.com/tortas.tenerezze,30,,"Ciudad Autónoma de Buenos Aires","Buenos Aires",Argentina,100003772962347,"Maria Florencia Lioni Tarsitano",https://www.facebook.com/mariaflorencia.lionitarsi,1
Miranda,Fiszbajn,mirufisz@facebook.com,"18 de Febrero",https://www.facebook.com/mirufisz,,,"Ciudad Autónoma de Buenos Aires","Buenos Aires",Argentina,1078103248,"Alan Volper",https://www.facebook.com/alan.volper,1
Gaston,Javier,gaston.jc.39@facebook.com,"18 de Febrero",https://www.facebook.com/gaston.jc.39,26,"Villa Linch","Ciudad Autónoma de Buenos Aires","Buenos Aires",Argentina,100004338281958,"Ignacio Lines Ceruti",https://www.facebook.com/ignacio.lines,1
"Juan Manuel","Blanco Varela",juanmanuel.blancovarela@facebook.com,"18 de Febrero",https://www.facebook.com/juanmanuel.blancovarela,27,"Buenos Aires","Buenos Aires","Buenos Aires",Argentina,760159406,"Alejandro Dixon",0,1
"Liliana Mabel",Randisi,lilianamabel.randisi@facebook.com,"18 de Febrero",https://www.facebook.com/lilianamabel.randisi,,,"Ciudad Autónoma de Buenos Aires","Buenos Aires",Argentina,1501031654,"Agustin Justin",https://www.facebook.com/Agustin.Justin,1
Evelyn,Ramirez,evelyn.ramirez.1257@facebook.com,"18 de Febrero",https://www.facebook.com/evelyn.ramirez.1257,21,,"Ciudad Autónoma de Buenos Aires","Buenos Aires",Argentina,100000063245914,"Emiliano Pirolo",https://www.facebook.com/emi.pirolo,1
Aldana,Vladimir,hellen.silva.77582@facebook.com,"18 de Febrero",https://www.facebook.com/hellen.silva.77582,24,,"Ciudad Autónoma de Buenos Aires","Buenos Aires",Argentina,100002201156069,"Ruben Pacora",https://www.facebook.com/ruben.pacora,1
Juanse,Aranguren,juanse.aranguren@facebook.com,"18 de Febrero",https://www.facebook.com/juanse.aranguren,,,"Ciudad Autónoma de Buenos Aires","Buenos Aires",Argentina,100001445471494,"Belu Alvarez",,1
Gonza,Bj,gonza.cabj@facebook.com,"18 de Febrero",https://www.facebook.com/Gonza.Cabj,,Boedo,"Ciudad Autónoma de Buenos Aires","Distrito Federal",Argentina,1497192331,"Brian Cano",,1
Agop,Oganian,oganian@facebook.com,"18 de Febrero",https://www.facebook.com/oganian,26,,"Ciudad Autónoma de Buenos Aires","Buenos Aires",Argentina,1091282068,"Artur Margaryan",,1
Vicu,Cibeira,vicu.cibeira@facebook.com,"18 de Febrero",https://www.facebook.com/vicu.cibeira,22,,"Ciudad Autónoma de Buenos Aires","Buenos Aires",Argentina,704882261,"Joaquin Perez Flenche",,1
"La Covacha","De Chicho",lacovacha.dechicho@facebook.com,"18 de Febrero",https://www.facebook.com/lacovacha.dechicho,,,"Ciudad Autónoma de Buenos Aires","Buenos Aires",Argentina,100000969500109,"Gabriela Rosito",https://www.facebook.com/gabriela.rosito,1
Kevin,Nokels,kevin.nokels@facebook.com,"18 de Febrero",https://www.facebook.com/kevin.nokels,27,,"Ciudad Autónoma de Buenos Aires","Buenos Aires",Argentina,1285813826,"Martin Eduardo Unco",,1
Abru,Dillon,abru.dillon@facebook.com,"18 de Febrero",https://www.facebook.com/abru.dillon,,"Buenos Aires","Buenos Aires","Buenos Aires",Argentina,1462883171,"Luciana Paione Oleszuk",0,1
Fede,Alvarez,feedealvarez@facebook.com,"18 de Febrero",https://www.facebook.com/FeedeAlvarez,,,"Ciudad Autónoma de Buenos Aires","Buenos Aires",Argentina,1191114852,"Vicky Diaz",,1
Augusto,Tissera,augusto.tissera@facebook.com,"18 de Febrero",https://www.facebook.com/augusto.tissera,26,,"Ciudad Autónoma de Buenos Aires","Buenos Aires",Argentina,549969181,"Jose Guevara",https://www.facebook.com/JoeGuevara81,1
Franco,Machado,franco.machado.967@facebook.com,"18 de Febrero",https://www.facebook.com/franco.machado.967,,,"Ciudad Autónoma de Buenos Aires","Buenos Aires",Argentina,100002078895929,"Nicolás García",https://www.facebook.com/Niccccccccco,1
Milton,Panedigrano,milton.panedigrano@facebook.com,"18 de Febrero",https://www.facebook.com/milton.panedigrano,,Barracas,"Ciudad Autónoma de Buenos Aires","Buenos Aires",Argentina,1373568431,"Cesar Berdullas",https://www.facebook.com/cesar.berdullas,1
Fabian,Peon,fafesl@facebook.com,"18 de Febrero",https://www.facebook.com/FafeSL,,"Villa Devoto","Ciudad Autónoma de Buenos Aires","Buenos Aires",Argentina,1029950388,"Nahu Millicay Pereyra",https://www.facebook.com/nahumilli,1
Fernando,BJ,feerdeitu@facebook.com,"18 de Febrero",https://www.facebook.com/FeerdeItu,,,"Ciudad Autónoma de Buenos Aires","Buenos Aires",Argentina,100000291275961,"Nicolás García",https://www.facebook.com/Niccccccccco,1
"Rosa Elvira",Gutierrez,rosaelvira.gutierrez.3@facebook.com,"18 de Febrero",https://www.facebook.com/rosaelvira.gutierrez.3,,,"Ciudad Autónoma de Buenos Aires","Buenos Aires",Argentina,100001525506138,"Leandro Matias",,1
Santiago,Pueyrredon,santiago.pueyrredon.9@facebook.com,"18 de Febrero",https://www.facebook.com/santiago.pueyrredon.9,27,,"Ciudad Autónoma de Buenos Aires","Buenos Aires",Argentina,526403658,"Caro Ros Jones",https://www.facebook.com/carorosjones,1
Barbii,Aguilera,barbiank@facebook.com,"18 de Febrero",https://www.facebook.com/barbiank,26,,"Ciudad Autónoma de Buenos Aires","Buenos Aires",Argentina,100001970803254,"Jimena Avila",,1
Sofi,Nieder,sofi.nieder@facebook.com,"18 de Febrero",https://www.facebook.com/sofi.nieder,28,,"Ciudad Autónoma de Buenos Aires","Buenos Aires",Argentina,100001281000572,"Cana Cilley",https://www.facebook.com/cana.cilley,1
Luciano,Cazenave,luciano.cazenave.10@facebook.com,"18 de Febrero",https://www.facebook.com/luciano.cazenave.10,,,"Ciudad Autónoma de Buenos Aires","Buenos Aires",Argentina,1512282257,"Martin Menini",https://www.facebook.com/martin.menini,1
Ori,Sabatini,oriisaabatini@facebook.com,"18 de Febrero",https://www.facebook.com/oriisaabatini,,,"Ciudad Autónoma de Buenos Aires","Buenos Aires",Argentina,100001210265452,"Agustin Sujo",https://www.facebook.com/agustin.sujook,1
Luli,Arndt,luli.arndt@facebook.com,"18 de Febrero",https://www.facebook.com/luli.arndt,,,"Ciudad Autónoma de Buenos Aires","Buenos Aires",Argentina,1532346274,"Aylu Macchi",,1
Tobias,Mercuri,tobias.mercuri.7@facebook.com,"18 de Febrero",https://www.facebook.com/tobias.mercuri.7,27,,"Ciudad Autónoma de Buenos Aires","Buenos Aires",Argentina,100003958636279,"Cristian Andres Romano",,1
Maria,Molina,mariic.molina@facebook.com,"18 de Febrero",https://www.facebook.com/MariiC.Molina,,,"Ciudad Autónoma de Buenos Aires","Buenos Aires",Argentina,100001258391939,"Agustin Sujo",https://www.facebook.com/agustin.sujook,1
Bar,"de Eventos",bar.deeventos.9@facebook.com,"18 de Febrero",https://www.facebook.com/bar.deeventos.9,,,"Ciudad Autónoma de Buenos Aires","Buenos Aires",Argentina,100000196226701,"Amalia Gomes",,1
Damian,Castiglioni,damian.castiglioni.3@facebook.com,"18 de Febrero",https://www.facebook.com/damian.castiglioni.3,28,,"Ciudad Autónoma de Buenos Aires","Buenos Aires",Argentina,576649112,"Valeria Rodriguez",,1
Rodrigo,"Garcia Seoane",rodrigo.garciaseoane@facebook.com,"18 de Febrero",https://www.facebook.com/rodrigo.garciaseoane,,,"Ciudad Autónoma de Buenos Aires","Buenos Aires",Argentina,1018813256,"Alfonso Bron",https://www.facebook.com/bronalfonso,1
Arte,Arte,arte.arte.10@facebook.com,"18 de Febrero",https://www.facebook.com/arte.arte.10,30,,"Ciudad Autónoma de Buenos Aires","Buenos Aires",Argentina,100004205014223,"Majo López Tavani",https://www.facebook.com/lasplumas,1
Housestyle,Muebles,housestyle.muebles@facebook.com,"18 de Febrero",https://www.facebook.com/housestyle.muebles,28,,"Ciudad Autónoma de Buenos Aires","Buenos Aires",Argentina,100001320348315,"Mica Ledo",https://www.facebook.com/micaledo,1
Boopindumentaria,Sol,boopindumentaria.sol@facebook.com,"18 de Febrero",https://www.facebook.com/boopindumentaria.sol,29,,"Ciudad Autónoma de Buenos Aires","Buenos Aires",Argentina,100001523002734,"Gisele Fratini",https://www.facebook.com/giakdmik,1
Julian,Eggle,julian.eggle.5@facebook.com,"18 de Febrero",https://www.facebook.com/julian.eggle.5,,,"Ciudad Autónoma de Buenos Aires","Buenos Aires",Argentina,100004170644099,"Helena Robledo",,1
Marcelo,Martinello,marcelo.martinello@facebook.com,"18 de Febrero",https://www.facebook.com/marcelo.martinello,,,"Ciudad Autónoma de Buenos Aires","Buenos Aires",Argentina,1432442729,"Cristian Andres Romano",,1
Tomy,Duque,tomyduque@facebook.com,"18 de Febrero",https://www.facebook.com/tomyduque,,,"Ciudad Autónoma de Buenos Aires","Buenos Aires",Argentina,658729232,"Piltra Toller",https://www.facebook.com/piltra,1
Micky,Gonzalez,micky.gonzalez.official@facebook.com,"18 de Febrero",https://www.facebook.com/micky.gonzalez.official,22,,"Ciudad Autónoma de Buenos Aires","Buenos Aires",Argentina,100001147518990,"Martin Gonzalez",,1
Espacio,Ugarte,nico.goalafrance2@facebook.com,"18 de Febrero",https://www.facebook.com/nico.GoaLaFrance2,25,,"Ciudad Autónoma de Buenos Aires","Buenos Aires",Argentina,1473162577,"Dany Kunowsky",https://www.facebook.com/daniel.kunowsky,1
Lucila,"Del Pilar Gimenez",lucila.delpilargimenez@facebook.com,"18 de Febrero",https://www.facebook.com/lucila.delpilargimenez,24,"Villa Luro","Ciudad Autónoma de Buenos Aires","Buenos Aires",Argentina,1133495310,"Martín Álvarez BA I",https://www.facebook.com/Woody.Blair,1
"Cin Ydie",Santos,ciny.die@facebook.com,"18 de Febrero",https://www.facebook.com/ciny.die,,,"Ciudad Autónoma de Buenos Aires","Buenos Aires",Argentina,1612323155,"Luz Adamo",https://www.facebook.com/luz.adamo,1
Juani,Gavazza,juani.gavazza@facebook.com,"18 de Febrero",https://www.facebook.com/juani.gavazza,22,Olivos,Olivos,"Buenos Aires",Argentina,1009867282,"Joaquin Casoli",,1
Luci,Rodriguez,lucila.rodriguezbarja@facebook.com,"18 de Febrero",https://www.facebook.com/lucila.rodriguezbarja,24,,"Ciudad Autónoma de Buenos Aires","Buenos Aires",Argentina,100000018732121,"Karina Placeriani",https://www.facebook.com/karina.placeriani,1
Meeluu,Paailoos,meelina.ailenn@facebook.com,"18 de Febrero",https://www.facebook.com/Meelina.Ailenn,,"La Paternal","Ciudad Autónoma de Buenos Aires","Distrito Federal",Argentina,100000967082878,"Brian Cano",,1
Esteban,Schenfeld,tebyyy@facebook.com,"18 de Febrero",https://www.facebook.com/tebyyy,27,,"Ciudad Autónoma de Buenos Aires","Buenos Aires",Argentina,1748120106,"Valeria Ayala",,1
Luci,"Rodriguez Barja",luci.rodriguezbarja@facebook.com,"18 de Febrero",https://www.facebook.com/luci.rodriguezbarja,24,,"Ciudad Autónoma de Buenos Aires","Buenos Aires",Argentina,100002803729298,"Karina Placeriani",https://www.facebook.com/karina.placeriani,1
FunFun,Fiesta,fiestafunfun@facebook.com,"18 de Febrero",https://www.facebook.com/fiestafunfun,23,,"Ciudad Autónoma de Buenos Aires","Buenos Aires",Argentina,100003845093890,"Joaquin Perez Flenche",,1
Genesis,Leite,genesismailen@facebook.com,"18 de Febrero",https://www.facebook.com/genesismailen,,,"Ciudad Autónoma de Buenos Aires","Buenos Aires",Argentina,1817737388,"Atilio Fernandez",,1
Paloma,Villalón,paloma.villalon@facebook.com,"18 de Febrero",https://www.facebook.com/paloma.villalon,,,"Ciudad Autónoma de Buenos Aires","Buenos Aires",Argentina,609085535,"Ivon Andersson",https://www.facebook.com/ivon.andersson,1
Grupo,"Sumarte Argentina",gruposumarte@facebook.com,"19 de Febrero",https://www.facebook.com/gruposumarte,29,,"Ciudad Autónoma de Buenos Aires","Buenos Aires",Argentina,100002335209099,"Franco Marcoccia",https://www.facebook.com/franco.marcoccia,1
Maxi,Herrera,debora.delgado.965@facebook.com,"19 de Febrero",https://www.facebook.com/debora.delgado.965,26,,"Ciudad Autónoma de Buenos Aires","Buenos Aires",Argentina,100003629493417,"Julieta Abreu Frank",https://www.facebook.com/julieta.abreufrank,1
Violeta,"Torres V",violeta.torresv@facebook.com,"19 de Febrero",https://www.facebook.com/violeta.torresv,,,"Ciudad Autónoma de Buenos Aires","Buenos Aires",Argentina,100001266153804,"Juan Manuel Fotografo",https://www.facebook.com/JuanmaJMFotoEstudio,1
Francisco,Taboada,francisco.taboada.3@facebook.com,"19 de Febrero",https://www.facebook.com/francisco.taboada.3,,,"Ciudad Autónoma de Buenos Aires","Buenos Aires",Argentina,540954722,"Karen Vilariño",https://www.facebook.com/karen.vilarino,1
Ideas,"Para Fiestas",ideas.parafiestas.3@facebook.com,"19 de Febrero",https://www.facebook.com/ideas.parafiestas.3,,,"Ciudad Autónoma de Buenos Aires","Buenos Aires",Argentina,100001267309564,"Juan Manuel Fotografo",https://www.facebook.com/JuanmaJMFotoEstudio,1
Natali,Natali,natali.debenedeti@facebook.com,"19 de Febrero",https://www.facebook.com/natali.debenedeti,,,"Ciudad Autónoma de Buenos Aires","Buenos Aires",Argentina,100001268000242,"Juan Manuel Fotografo",https://www.facebook.com/JuanmaJMFotoEstudio,1
Paula,Battistessa,paula.l.battistessa@facebook.com,"19 de Febrero",https://www.facebook.com/paula.l.battistessa,,,"Ciudad Autónoma de Buenos Aires","Buenos Aires",Argentina,1384700503,"Kar Elizabeth Avila",https://www.facebook.com/Kaari94,1
"Lorena Veronica",Khatcherian,lorenaveronica.khatcherian@facebook.com,"19 de Febrero",https://www.facebook.com/lorenaveronica.khatcherian,,,"Ciudad Autónoma de Buenos Aires","Buenos Aires",Argentina,100001307904133,"Claudia Gonzalez",,1
Claauu,Romero,claauu.romero@facebook.com,"19 de Febrero",https://www.facebook.com/claauu.romero,,,"Ciudad Autónoma de Buenos Aires","Buenos Aires",Argentina,100000279496320,"Matías Panero",,1
Juan,Holze,juan.holze@facebook.com,"19 de Febrero",https://www.facebook.com/juan.holze,,,"Ciudad Autónoma de Buenos Aires","Buenos Aires",Argentina,1444413055,"Isa Bensusan Millé",,1
Alan,Suarez,alanciitoo.suarez@facebook.com,"19 de Febrero",https://www.facebook.com/alanciitoo.suarez,21,,"Ciudad Autónoma de Buenos Aires","Buenos Aires",Argentina,1372305353,"Juli Sremac",https://www.facebook.com/juli.sremac,1
Chiara,Chevalier,chiara.chevalier@facebook.com,"19 de Febrero",https://www.facebook.com/chiara.chevalier,25,,"Ciudad Autónoma de Buenos Aires","Buenos Aires",Argentina,100000200290478,"Joaquin Barraco",https://www.facebook.com/chino.barraco,1
Vanesa,Espinillo,vanesa.espinillo.9@facebook.com,"19 de Febrero",https://www.facebook.com/vanesa.espinillo.9,29,,"Ciudad Autónoma de Buenos Aires","Buenos Aires",Argentina,100002203629459,"Nanys Rodriguez",,1
"Gym On",Stage,gymonstage@facebook.com,"19 de Febrero",https://www.facebook.com/gymonstage,,,"Ciudad Autónoma de Buenos Aires","Buenos Aires",Argentina,626521316,"Gaby Pascuali",https://www.facebook.com/gabriela.pascuali,1
Agustina,Nozzi,agustina.nozzi@facebook.com,"19 de Febrero",https://www.facebook.com/agustina.nozzi,21,,"Ciudad Autónoma de Buenos Aires","Buenos Aires",Argentina,100001676344480,"Chanchi Martinez",https://www.facebook.com/chanchi.martinez,1
Ison,Spectra,djdrobots@facebook.com,"19 de Febrero",https://www.facebook.com/DJDROBOTS,28,,"Ciudad Autónoma de Buenos Aires","Buenos Aires",Argentina,100003500830842,"Gabriela Rosito",https://www.facebook.com/gabriela.rosito,1
Taller,"de Lamparas",tallerdlamparas@facebook.com,"19 de Febrero",https://www.facebook.com/tallerdlamparas,22,"Buenos Aires","Buenos Aires","Buenos Aires",Argentina,100008342293519,"Pao García",0,1
Chucherias,Devoto,chucherias.devoto@facebook.com,"19 de Febrero",https://www.facebook.com/chucherias.devoto,23,"Villa Devoto","Ciudad Autónoma de Buenos Aires","Buenos Aires",Argentina,100003324765210,"Micaa Villa",https://www.facebook.com/MicaaElaVilla,1
TheRonnies,Rock,theronniesrock@facebook.com,"19 de Febrero",https://www.facebook.com/theronniesrock,,,"Ciudad Autónoma de Buenos Aires","Buenos Aires",Argentina,1435865251,"Maria Laura Pendás",https://www.facebook.com/marialaura.pendas,1
Sebastian,Estevanez,sebastian.estevanez.7161@facebook.com,"19 de Febrero",https://www.facebook.com/sebastian.estevanez.7161,29,,"Ciudad Autónoma de Buenos Aires","Buenos Aires",Argentina,100007073732910,"Felicitas Ghigliotti",https://www.facebook.com/felicitas.ghigliotti,1
Ale,Barletta,ale.barletta.77@facebook.com,"19 de Febrero",https://www.facebook.com/ale.barletta.77,,,"Ciudad Autónoma de Buenos Aires","Buenos Aires",Argentina,1355053896,"Sebastian Daniel Riccardi",https://www.facebook.com/sebastian.riccardi,1
Gusti,Uher,gusti.uher@facebook.com,"19 de Febrero",https://www.facebook.com/gusti.uher,,,"Ciudad Autónoma de Buenos Aires","Buenos Aires",Argentina,578200274,"Marcelo Braun Menendez",,1
Ciudadania,Italiana,ciudadaniaitaliana@facebook.com,"19 de Febrero",https://www.facebook.com/ciudadaniaitaliana,,,"Ciudad Autónoma de Buenos Aires","Buenos Aires",Argentina,100001051110110,"Patricia Grillo",,1
Daiana,Boyer,daiana.boyer@facebook.com,"19 de Febrero",https://www.facebook.com/daiana.boyer,29,Barracas,"Ciudad Autónoma de Buenos Aires","Buenos Aires",Argentina,1476409534,"Leti Leticia",,1
Leandro,Vainstein,leandro.vainstein@facebook.com,"19 de Febrero",https://www.facebook.com/leandro.vainstein,,,"Ciudad Autónoma de Buenos Aires","Buenos Aires",Argentina,1103567776,"Melanie Azar",,1
"Spa Trinity",Trinity,spatrinityadmin@facebook.com,"19 de Febrero",https://www.facebook.com/spatrinityadmin,,,"Ciudad Autónoma de Buenos Aires","Buenos Aires",Argentina,100000888585010,"Analia Torio",https://www.facebook.com/analia.torio1,1
Johi,Bartocci,johi.bartocci@facebook.com,"19 de Febrero",https://www.facebook.com/johi.bartocci,,,"Ciudad Autónoma de Buenos Aires","Buenos Aires",Argentina,1407415971,"Facu Denegri",,1
Nai,Freitas,nai.freitas@facebook.com,"19 de Febrero",https://www.facebook.com/nai.freitas,21,,"Ciudad Autónoma de Buenos Aires","Buenos Aires",Argentina,725658919,"Federico Carrizo",https://www.facebook.com/federicoc,1
Marcelo,"De Naranja",marcelo.denaranja@facebook.com,"19 de Febrero",https://www.facebook.com/marcelo.denaranja,,,"Ciudad Autónoma de Buenos Aires","Buenos Aires",Argentina,100000180121570,"Ludmila Di Prinzio",https://www.facebook.com/ludmila2k,1
Marcelo,Matteo,marcelo.matteo.3@facebook.com,"19 de Febrero",https://www.facebook.com/marcelo.matteo.3,,,"Ciudad Autónoma de Buenos Aires","Buenos Aires",Argentina,1440017159,"Carla Ferro",https://www.facebook.com/carla.ferro,1
Florencia,Rodriguez,florencia.rodriguez.376@facebook.com,"19 de Febrero",https://www.facebook.com/florencia.rodriguez.376,26,,"Ciudad Autónoma de Buenos Aires","Buenos Aires",Argentina,100002164140021,"Gisela Tesei",,1
Guadalupe,Lindner,guadalupe.lindner@facebook.com,"19 de Febrero",https://www.facebook.com/guadalupe.lindner,29,,"Ciudad Autónoma de Buenos Aires","Buenos Aires",Argentina,597227556,"Giovanna Castellino",https://www.facebook.com/giovanna.castellino,1
Maggie,ST,maguisgarano@facebook.com,"19 de Febrero",https://www.facebook.com/maguisgarano,,,"Ciudad Autónoma de Buenos Aires","Buenos Aires",Argentina,1412660556,"Matias Daniel Pascual",,1
Bodega,Net,bodeganet@facebook.com,"19 de Febrero",https://www.facebook.com/bodeganet,,,"Ciudad Autónoma de Buenos Aires","Buenos Aires",Argentina,100000004765205,"Daniel Arbol",https://www.facebook.com/darbol1,1
Sebastian,Bertoncello,sebastian.bertoncello@facebook.com,"19 de Febrero",https://www.facebook.com/sebastian.bertoncello,,,"Ciudad Autónoma de Buenos Aires","Buenos Aires",Argentina,595295140,"Alexia Garcia",https://www.facebook.com/garciaalexiia,1
Jasu,Espinosa,jasu.espinosa@facebook.com,"19 de Febrero",https://www.facebook.com/jasu.espinosa,21,,"Ciudad Autónoma de Buenos Aires","Buenos Aires",Argentina,731538503,"Candelaria Sires Barrantes",,1
Mauro,Icardi,mauro.icardi.904@facebook.com,"19 de Febrero",https://www.facebook.com/mauro.icardi.904,21,,"Ciudad Autónoma de Buenos Aires","Buenos Aires",Argentina,100005105313618,"Anita Ghersinich",https://www.facebook.com/anita.ghersinich,1
Moiras,"Reina de la Naranja",maira.busso.50@facebook.com,"19 de Febrero",https://www.facebook.com/maira.busso.50,22,,"Ciudad Autónoma de Buenos Aires","Buenos Aires",Argentina,100006559989962,"Romina Toller",,1
Jupiter,Buendia,bienvenido.a.mi.galaxia@facebook.com,"19 de Febrero",https://www.facebook.com/bienvenido.a.mi.galaxia,,,"Ciudad Autónoma de Buenos Aires","Buenos Aires",Argentina,1611015217,"Fran L. Ocampo",https://www.facebook.com/franco,1
Marcelo,Roslan,marcelo.roslan@facebook.com,"19 de Febrero",https://www.facebook.com/marcelo.roslan,,,"Ciudad Autónoma de Buenos Aires","Buenos Aires",Argentina,100000300532893,"Guido Moncayo",https://www.facebook.com/guido.moncayo,1
Daiana,Cisterna,daiana.cisterna.1@facebook.com,"19 de Febrero",https://www.facebook.com/daiana.cisterna.1,24,Array,"Ciudad Autónoma de Buenos Aires","Buenos Aires",Argentina,1276862330,"Corina Doorish",0,1
Eliana,Viana,eliana.viana@facebook.com,"19 de Febrero",https://www.facebook.com/eliana.viana,25,"San Telmo","Ciudad Autónoma de Buenos Aires","Buenos Aires",Argentina,1232666956,"Ingrid Sondergaard",https://www.facebook.com/ingridfash,1
Thesilverstore,Joyas,thesilverstore.joyas@facebook.com,"19 de Febrero",https://www.facebook.com/thesilverstore.joyas,28,,"Ciudad Autónoma de Buenos Aires","Buenos Aires",Argentina,100002198589796,"Mica Ledo",https://www.facebook.com/micaledo,1
Val,Ramayo,val.ramayo.5@facebook.com,"19 de Febrero",https://www.facebook.com/val.ramayo.5,,,"Ciudad Autónoma de Buenos Aires","Buenos Aires",Argentina,1409004236,"Cielito Perez",,1
Patricio,"Mediavilla Grosjean",kerplunk99@facebook.com,"19 de Febrero",https://www.facebook.com/kerplunk99,22,,"Ciudad Autónoma de Buenos Aires","Buenos Aires",Argentina,808129123,"Vanesa Macias",https://www.facebook.com/vanesa.macias1,1
Giuliano,Menini,giuliano.menini@facebook.com,"19 de Febrero",https://www.facebook.com/giuliano.menini,,,"Ciudad Autónoma de Buenos Aires","Buenos Aires",Argentina,100001538465653,"Martin Menini",https://www.facebook.com/martin.menini,1
Manuel,Bajas,manubajas@facebook.com,"19 de Febrero",https://www.facebook.com/manubajas,,,"Ciudad Autónoma de Buenos Aires","Buenos Aires",Argentina,677819529,"Mili Mauro",https://www.facebook.com/milimauro,1
Consultora,"Natura Lomas Temperley",naturacosmeticosconsultor@facebook.com,"19 de Febrero",https://www.facebook.com/naturacosmeticosconsultor,,,"Ciudad Autónoma de Buenos Aires","Buenos Aires",Argentina,100002469619794,"Ludmila Di Prinzio",https://www.facebook.com/ludmila2k,1
Labrocha,Rock,labrocha.rock@facebook.com,"19 de Febrero",https://www.facebook.com/labrocha.rock,,,"Ciudad Autónoma de Buenos Aires","Buenos Aires",Argentina,100002712523161,"La Rockeria",https://www.facebook.com/oveja1,1
Pacha,Argentina,pacha.argentina@facebook.com,"19 de Febrero",https://www.facebook.com/pacha.argentina,30,,"Ciudad Autónoma de Buenos Aires","Buenos Aires",Argentina,100001562411969,"Tatiana Petroccelli",https://www.facebook.com/tanshanita,1
Sandra,"Villarruel Actriz",sandra.villarruel.actriz@facebook.com,"19 de Febrero",https://www.facebook.com/Sandra.villarruel.actriz,,,"Ciudad Autónoma de Buenos Aires","Buenos Aires",Argentina,100000978589908,"Nicolas Supital",https://www.facebook.com/nicosupi,1
"Maria Florencia",Rein,mariaflorencia.rein@facebook.com,"19 de Febrero",https://www.facebook.com/mariaflorencia.rein,,,"Ciudad Autónoma de Buenos Aires","Buenos Aires",Argentina,1449019026,"Roxy Arana",,1
Walter,Sosa,walter.sosa.9883@facebook.com,"19 de Febrero",https://www.facebook.com/walter.sosa.9883,,,"Ciudad Autónoma de Buenos Aires","Buenos Aires",Argentina,1470944026,"Carla Diaz",,1
Gabriela,"Estetica A Domicilio",taboadaestetica@facebook.com,"19 de Febrero",https://www.facebook.com/Taboadaestetica,29,,"Ciudad Autónoma de Buenos Aires","Buenos Aires",Argentina,100003246822556,"Susan Romano",,1
Joel,Cejas,grupo90joelbangho@facebook.com,"19 de Febrero",https://www.facebook.com/Grupo90JoelBangho,,,"Ciudad Autónoma de Buenos Aires","Buenos Aires",Argentina,1445355747,"Brenda Fabregat",https://www.facebook.com/brenda.fabregat,1
Andres,Chamorro,chamorroandresh@facebook.com,"19 de Febrero",https://www.facebook.com/CHAMORROANDRESH,24,,"Ciudad Autónoma de Buenos Aires","Buenos Aires",Argentina,100000599525733,"Lupe Dávalos",https://www.facebook.com/guadinight,1
Marcos,"von Vismark",mvonvismark@facebook.com,"19 de Febrero",https://www.facebook.com/mvonvismark,27,,"Ciudad Autónoma de Buenos Aires","Buenos Aires",Argentina,100001192920884,"Romina Toller",,1
