Nombre,Apellido,"Email Facebook",Cumpleaños,"Usuario Facebook",Edad,Barrio,Ciudad,Provincia,Pais,"ID Facebook","Amigo De","Amigo De (Usuario)",rebound
Nadia,Stuer,nadia.stuer@facebook.com,"31 de Enero",https://www.facebook.com/nadia.stuer,29,,"Ciudad Autónoma de Buenos Aires","Buenos Aires",Argentina,675113857,"Jessica Bellomo",https://www.facebook.com/JessBellomo,1
Hernán,Sánchez,hernyriver@facebook.com,"31 de Enero",https://www.facebook.com/hernyriver,27,,"Ciudad Autónoma de Buenos Aires","Buenos Aires",Argentina,100001253864789,"Brenda Fabregat",https://www.facebook.com/brenda.fabregat,1
Agös,Tinaa,a.aagostiina@facebook.com,"31 de Enero",https://www.facebook.com/A.aagostiina,,,"Ciudad Autónoma de Buenos Aires","Buenos Aires",Argentina,1162063266,"Celeste Heli",https://www.facebook.com/celeste.heli,1
Agus,Aguirre,agusaguirre98@facebook.com,"31 de Enero",https://www.facebook.com/agusaguirre98,,,"Ciudad Autónoma de Buenos Aires","Buenos Aires",Argentina,100000611001413,"Agustina Pelle Müller",,1
Maru,Gomez,maru.g.gomez.3@facebook.com,"31 de Enero",https://www.facebook.com/maru.g.gomez.3,,,"Ciudad Autónoma de Buenos Aires","Buenos Aires",Argentina,1085841342,"Amalia Gomes",,1
Dulcynea,Tepetit,dulcynea.tepetit@facebook.com,"31 de Enero",https://www.facebook.com/dulcynea.tepetit,23,,"Ciudad Autónoma de Buenos Aires","Buenos Aires",Argentina,100000723316148,"Matias Blas",https://www.facebook.com/Matias.Blas,1
"Carla Joana","Junto A Ti",carlajoana.calderon@facebook.com,"31 de Enero",https://www.facebook.com/carlajoana.calderon,24,,"Ciudad Autónoma de Buenos Aires","Buenos Aires",Argentina,1795192783,"Jorge Biamonte",https://www.facebook.com/georgebiamonteok,1
Bruno,"De Barberis",bruno.debarberis@facebook.com,"31 de Enero",https://www.facebook.com/bruno.debarberis,,,"Ciudad Autónoma de Buenos Aires","Buenos Aires",Argentina,1039526111,"Facu Denegri",,1
Megamuerte,Rd,atrapadoenalgunlugardeltiempo@facebook.com,"31 de Enero",https://www.facebook.com/ATRAPADOENALGUNLUGARDELTIEMPO,,,"Ciudad Autónoma de Buenos Aires","Buenos Aires",Argentina,100000657471481,"Fabio Ezequiel Farruggio",https://www.facebook.com/ffachurro,1
Pia,"Berraz Casares",piitaberrazcasares@facebook.com,"31 de Enero",https://www.facebook.com/piitaberrazcasares,,,"Ciudad Autónoma de Buenos Aires","Buenos Aires",Argentina,895395470,"Catalina Plá Señorans",https://www.facebook.com/catalina.pla,1
Solange,Sasson,solange.sasson@facebook.com,"31 de Enero",https://www.facebook.com/solange.sasson,,,"Ciudad Autónoma de Buenos Aires","Buenos Aires",Argentina,738590938,"Leila Polonsky",https://www.facebook.com/leila.polonsky,1
Tadeo,Paniagua,paniagua.tadeo@facebook.com,"31 de Enero",https://www.facebook.com/paniagua.tadeo,22,,"Ciudad Autónoma de Buenos Aires","Buenos Aires",Argentina,100001590471928,"Agustina Pelle Müller",,1
Lara,Silva,selenalarii@facebook.com,"31 de Enero",https://www.facebook.com/SELENALARII,24,,"Ciudad Autónoma de Buenos Aires","Buenos Aires",Argentina,100002881042951,"Agustin Sujo",https://www.facebook.com/agustin.sujook,1
Nacho,Cresta,crestaa@facebook.com,"31 de Enero",https://www.facebook.com/Crestaa,,,"Ciudad Autónoma de Buenos Aires","Buenos Aires",Argentina,1398375701,"Martin Olmedo",,1
Santiago,Ares,santuzska@facebook.com,"31 de Enero",https://www.facebook.com/santuzska,24,,"Ciudad Autónoma de Buenos Aires","Buenos Aires",Argentina,1125422551,"Christian Douer Chuky",https://www.facebook.com/christian.chuky,1
Daiana,"Quezada Schmidt",daya.quezadaschmidt@facebook.com,"31 de Enero",https://www.facebook.com/daya.quezadaschmidt,23,,"Ciudad Autónoma de Buenos Aires","Buenos Aires",Argentina,1540539256,"Agustina Pelle Müller",,1
Agustina,Fabregas,agustinafabregas1@facebook.com,"31 de Enero",https://www.facebook.com/agustinafabregas1,,,"Ciudad Autónoma de Buenos Aires","Buenos Aires",Argentina,100001073017682,"Gabriela Competiello",,1
Losdelabici,Cicloturismo,losdelabici.cicloturismo@facebook.com,"31 de Enero",https://www.facebook.com/losdelabici.cicloturismo,24,,"Ciudad Autónoma de Buenos Aires","Buenos Aires",Argentina,1198501970,"Marina Castagnino",https://www.facebook.com/castagnino,1
Ngg,"La Plata",norma.gavio.1@facebook.com,"31 de Enero",https://www.facebook.com/norma.gavio.1,,,"Ciudad Autónoma de Buenos Aires","Buenos Aires",Argentina,100000315517197,"Marcela Hinckelmann",https://www.facebook.com/marcela.hinckelmann,1
Gabriela,Aguayo,aceofdiamondss@facebook.com,"31 de Enero",https://www.facebook.com/aceofdiamondss,24,Congreso,"Ciudad Autónoma de Buenos Aires","Buenos Aires",Argentina,1637817231,"Daiana Soledad Pintos",https://www.facebook.com/Sheena.is,1
Matías,Dkt,matsgomezz@facebook.com,"31 de Enero",https://www.facebook.com/matsgomezz,,,"Ciudad Autónoma de Buenos Aires","Buenos Aires",Argentina,100003854067270,"Agustin Justin",https://www.facebook.com/Agustin.Justin,1
Argentina,Temporario,altosbuenosaires@facebook.com,"31 de Enero",https://www.facebook.com/AltosBuenosAires,,,"Ciudad Autónoma de Buenos Aires","Buenos Aires",Argentina,1227409079,"Nadia Vannessa",https://www.facebook.com/nadiavannessa18,1
Pedro,"Di Santi",pedrodisanti@facebook.com,"31 de Enero",https://www.facebook.com/pedrodisanti,,,"Ciudad Autónoma de Buenos Aires","Buenos Aires",Argentina,1267349136,"Candelaria Sires Barrantes",,1
Angela,Bresciano,angela.bresciano@facebook.com,"31 de Enero",https://www.facebook.com/angela.bresciano,,,"Ciudad Autónoma de Buenos Aires","Buenos Aires",Argentina,100002426822086,"Pablo Dandrea",https://www.facebook.com/pablo.dandrea,1
Ruth,Gomez,ruth.gomez.370177@facebook.com,"31 de Enero",https://www.facebook.com/ruth.gomez.370177,23,"Buenos Aires","Buenos Aires","Buenos Aires",Argentina,808610065,"Fett Maidana",0,1
Walter,Reyes,walter.reyes.925@facebook.com,"31 de Enero",https://www.facebook.com/walter.reyes.925,21,,"Ciudad Autónoma de Buenos Aires","Buenos Aires",Argentina,100002357130971,"Agustina Pelle Müller",,1
Mix,Up,mixupexchange@facebook.com,"31 de Enero",https://www.facebook.com/mixupexchange,,,"Ciudad Autónoma de Buenos Aires","Buenos Aires",Argentina,100001506916233,"Analia Torio",https://www.facebook.com/analia.torio1,1
"Justicia X Pitu","Jonatan Baez",justiciaxpitu.jonatanbaez@facebook.com,"31 de Enero",https://www.facebook.com/justiciaxpitu.jonatanbaez,29,,"Ciudad Autónoma de Buenos Aires","Buenos Aires",Argentina,100003867684701,"Natalia Magariello",https://www.facebook.com/natalia.magariello,1
MG,Golf,mg.golf.3@facebook.com,"31 de Enero",https://www.facebook.com/mg.golf.3,24,,"Ciudad Autónoma de Buenos Aires","Buenos Aires",Argentina,100003815427430,"Guille Maciá",https://www.facebook.com/guillemacia,1
Favio,"Mandarine Matinee",favio.nonstopba@facebook.com,"31 de Enero",https://www.facebook.com/favio.nonstopba,,,"Ciudad Autónoma de Buenos Aires","Buenos Aires",Argentina,100001638240998,"Alan Volper",https://www.facebook.com/alan.volper,1
Pablito,Serrano,pablito.serrano2@facebook.com,"31 de Enero",https://www.facebook.com/pablito.serrano2,26,,"Ciudad Autónoma de Buenos Aires","Buenos Aires",Argentina,1217488197,"Carla Diaz",,1
Mandarine,"Zona Norte",mandarine.zonanorte@facebook.com,"31 de Enero",https://www.facebook.com/mandarine.zonanorte,,,"Ciudad Autónoma de Buenos Aires","Buenos Aires",Argentina,100001755397983,"Alan Volper",https://www.facebook.com/alan.volper,1
Nicolas,Blandi,nico.blandicabj17@facebook.com,"31 de Enero",https://www.facebook.com/Nico.BlandiCabj17,24,,"Ciudad Autónoma de Buenos Aires","Buenos Aires",Argentina,1823911706,"Silvia Fernandez",https://www.facebook.com/silviafernandezchivi,1
Agus,Guerin,agusguerin@facebook.com,"31 de Enero",https://www.facebook.com/agusguerin,,,"Ciudad Autónoma de Buenos Aires","Buenos Aires",Argentina,640608945,"Christian Marconi",https://www.facebook.com/gmarconi.turismo,1
Luna,"de Valencia",luna.devalencia1@facebook.com,"31 de Enero",https://www.facebook.com/luna.devalencia1,23,,"Ciudad Autónoma de Buenos Aires","Buenos Aires",Argentina,100000199794067,"Divino Vestuario Salve",https://www.facebook.com/salvedivinovestuario,1
Emilia,BA,emiliahammerlybsas@facebook.com,"31 de Enero",https://www.facebook.com/emiliahammerlybsas,,,"Ciudad Autónoma de Buenos Aires","Buenos Aires",Argentina,100003661597326,"Felicitas Ghigliotti",https://www.facebook.com/felicitas.ghigliotti,1
Martin,Vedia,tinchovedia@facebook.com,"31 de Enero",https://www.facebook.com/tinchovedia,,,"Ciudad Autónoma de Buenos Aires","Buenos Aires",Argentina,1380032582,"Silvia Grun",,1
Fata,Schwindt,fata.schwindt@facebook.com,"31 de Enero",https://www.facebook.com/fata.schwindt,,,"Ciudad Autónoma de Buenos Aires","Buenos Aires",Argentina,1157353230,"Juan José Merino Cagnones",https://www.facebook.com/jmerinocagnones,1
Andrea,Rios,andrea.rios.96995@facebook.com,"31 de Enero",https://www.facebook.com/andrea.rios.96995,25,,"Ciudad Autónoma de Buenos Aires","Buenos Aires",Argentina,100003816814867,"Christian Douer Chuky",https://www.facebook.com/christian.chuky,1
Manu,Stabile,manu.stabile@facebook.com,"31 de Enero",https://www.facebook.com/manu.stabile,23,,"Ciudad Autónoma de Buenos Aires","Buenos Aires",Argentina,530689801,"Joni Aires",https://www.facebook.com/joniaires,1
Eduardo,Muller,eduardo.muller.359@facebook.com,"31 de Enero",https://www.facebook.com/eduardo.muller.359,22,,"Ciudad Autónoma de Buenos Aires","Buenos Aires",Argentina,1275952025,"Axx Agustin",https://www.facebook.com/Ax.Agustin,1
Seba,Nesis,sebastian.nesiss@facebook.com,"31 de Enero",https://www.facebook.com/sebastian.nesiss,22,,"Ciudad Autónoma de Buenos Aires","Buenos Aires",Argentina,1501037696,"Agustin Sujo",https://www.facebook.com/agustin.sujook,1
Nes,Blaerssagge,nes.blaerssagge@facebook.com,"31 de Enero",https://www.facebook.com/nes.blaerssagge,,,"Ciudad Autónoma de Buenos Aires","Buenos Aires",Argentina,100006576693629,"Pablo Iuva",https://www.facebook.com/pablo021179,1
Lalu,"Make UP Artist",lalu.makeupartist@facebook.com,"31 de Enero",https://www.facebook.com/lalu.makeupartist,,,"Ciudad Autónoma de Buenos Aires","Buenos Aires",Argentina,100002914142421,"Juan José Merino Cagnones",https://www.facebook.com/jmerinocagnones,1
Yaaz,Df,yaaz.df@facebook.com,"31 de Enero",https://www.facebook.com/yaaz.df,,,"Ciudad Autónoma de Buenos Aires","Buenos Aires",Argentina,1424082189,"Nahu Millicay Pereyra",https://www.facebook.com/nahumilli,1
Fdstaff,Agencia,fdstaff@facebook.com,"30 de Enero",https://www.facebook.com/fdstaff,28,"Villa Devoto","Ciudad Autónoma de Buenos Aires","Buenos Aires",Argentina,100000555383699,"Jessica Bellomo",https://www.facebook.com/JessBellomo,1
Chic,Agencia,chic.agencia@facebook.com,"30 de Enero",https://www.facebook.com/chic.agencia,27,,"Ciudad Autónoma de Buenos Aires","Buenos Aires",Argentina,100000591924284,"Sindy Elisa Szczucky",https://www.facebook.com/sindy.szczucky,1
Demetrio,Arias,demetrio.arias1@facebook.com,"30 de Enero",https://www.facebook.com/demetrio.arias1,,,"Ciudad Autónoma de Buenos Aires","Buenos Aires",Argentina,100002170381996,"Alejandro G Sierra",https://www.facebook.com/alejandrogsierra,1
Ricardo,Maravi,ricardo.maravi.58@facebook.com,"30 de Enero",https://www.facebook.com/ricardo.maravi.58,24,,"Ciudad Autónoma de Buenos Aires","Buenos Aires",Argentina,100000517736694,"Anto Melgarejo",https://www.facebook.com/antho.melgarejo,1
Paloma,Cutuli,palena.cutuli@facebook.com,"30 de Enero",https://www.facebook.com/palena.cutuli,,,"Ciudad Autónoma de Buenos Aires","Buenos Aires",Argentina,1288764691,"Giselle G Mas",https://www.facebook.com/ftw.73,1
Nico,Smartin,nico.smartin.52@facebook.com,"30 de Enero",https://www.facebook.com/nico.smartin.52,,,"Ciudad Autónoma de Buenos Aires","Buenos Aires",Argentina,100003975191113,"Juani Koch",https://www.facebook.com/juani.koch,1
Jesi,Ahualli,jesi.ahualli@facebook.com,"30 de Enero",https://www.facebook.com/jesi.ahualli,27,"Villa Del Parque","Ciudad Autónoma de Buenos Aires","Buenos Aires",Argentina,1172243228,"Flor Gonzalez",,1
Tomas,Ambrosini,tomas.ambrosini@facebook.com,"30 de Enero",https://www.facebook.com/tomas.ambrosini,,,"Ciudad Autónoma de Buenos Aires","Buenos Aires",Argentina,1405990290,"Alan Volper",https://www.facebook.com/alan.volper,1
Mel,Montenegro,meel.montenegro@facebook.com,"30 de Enero",https://www.facebook.com/meel.montenegro,23,,"Ciudad Autónoma de Buenos Aires","Buenos Aires",Argentina,1368325728,"Valeria Cervetto",,1
Laddy,Plop,laddy.plop@facebook.com,"30 de Enero",https://www.facebook.com/laddy.plop,25,,"Ciudad Autónoma de Buenos Aires","Buenos Aires",Argentina,100001477519231,"Bë Döbiencita",https://www.facebook.com/be.dobiencita,1
Pablo,Costabile,pablo.costabile@facebook.com,"30 de Enero",https://www.facebook.com/pablo.costabile,25,,"Ciudad Autónoma de Buenos Aires","Buenos Aires",Argentina,593566337,"Guido Blarasin",https://www.facebook.com/guido.blarasin,1
Viti,Acosta,violetaviti@facebook.com,"30 de Enero",https://www.facebook.com/violetaviti,,"Buenos Aires","Buenos Aires","Buenos Aires",Argentina,1325389823,"Agustina Liniers",0,1
Orquesta,Atzor,atzor@facebook.com,"30 de Enero",https://www.facebook.com/atzor,27,,"Ciudad Autónoma de Buenos Aires","Buenos Aires",Argentina,601286739,"Sabrina Fuchs",,1
Luciano,Napp,lucianonapp@facebook.com,"30 de Enero",https://www.facebook.com/lucianonapp,25,,"Ciudad Autónoma de Buenos Aires","Buenos Aires",Argentina,100003761733069,"Aldana Queirolo",https://www.facebook.com/aldana.queirolo,1
Jorge,Aguero,jorge.aguero.587606@facebook.com,"30 de Enero",https://www.facebook.com/jorge.aguero.587606,,,"Ciudad Autónoma de Buenos Aires","Buenos Aires",Argentina,100001490622592,"Sindy Elisa Szczucky",https://www.facebook.com/sindy.szczucky,1
Camila,Cervera,camila.cervera.39@facebook.com,"30 de Enero",https://www.facebook.com/camila.cervera.39,23,,"Ciudad Autónoma de Buenos Aires","Buenos Aires",Argentina,1097777368,"Cynthia Gianni",,1
Mcs,Glock,mcs.tapia@facebook.com,"30 de Enero",https://www.facebook.com/mcs.tapia,23,,"Ciudad Autónoma de Buenos Aires","Buenos Aires",Argentina,100001390012420,"Brenda Araceli Gonzalez",https://www.facebook.com/brendaaraceli.gonzalez,1
Brian,Alt,brian.alt.35@facebook.com,"30 de Enero",https://www.facebook.com/brian.alt.35,,,"Ciudad Autónoma de Buenos Aires","Buenos Aires",Argentina,809019637,"Jessica Bellomo",https://www.facebook.com/JessBellomo,1
Rodrigo,Iglesias,rodrigo.iglesias.94@facebook.com,"30 de Enero",https://www.facebook.com/rodrigo.iglesias.94,,,"Ciudad Autónoma de Buenos Aires","Buenos Aires",Argentina,1278132852,"Daniel Barach",,1
Maca,Villarraso,maca.villarraso@facebook.com,"30 de Enero",https://www.facebook.com/maca.villarraso,,,"Ciudad Autónoma de Buenos Aires","Buenos Aires",Argentina,100003552044322,"Facu Denegri",,1
Emiliano,Sosa,emilianowaltersosa@facebook.com,"30 de Enero",https://www.facebook.com/emilianowaltersosa,27,,"Ciudad Autónoma de Buenos Aires","Buenos Aires",Argentina,100002386608042,"Gabi López",,1
Talabarteria,Chara,talabarteriachara@facebook.com,"30 de Enero",https://www.facebook.com/talabarteriachara,,,"Ciudad Autónoma de Buenos Aires","Buenos Aires",Argentina,1711039535,"Marilina Lagomarsino",https://www.facebook.com/marilina.lagomarsino,1
Cada,Mañana,cadamaniana@facebook.com,"30 de Enero",https://www.facebook.com/cadamaniana,,,"Ciudad Autónoma de Buenos Aires","Buenos Aires",Argentina,1145792522,"Carlos Wilson",,1
Eduu,Suarez,eduu.suarez.5@facebook.com,"30 de Enero",https://www.facebook.com/eduu.suarez.5,22,Recoleta,"Ciudad Autónoma de Buenos Aires","Buenos Aires",Argentina,100002492773016,"Sindy Elisa Szczucky",https://www.facebook.com/sindy.szczucky,1
Shar,Regner,sharon.regner@facebook.com,"30 de Enero",https://www.facebook.com/sharon.regner,,,"Ciudad Autónoma de Buenos Aires","Buenos Aires",Argentina,1287606361,"Charly Ruez",https://www.facebook.com/charly.ruez,1
Pili,Nughes,pili.nughes@facebook.com,"30 de Enero",https://www.facebook.com/pili.nughes,,,"Ciudad Autónoma de Buenos Aires","Buenos Aires",Argentina,100000456198150,"Carolina Damiano",https://www.facebook.com/carolina.damiano,1
David,Loaiza,sonicsound@facebook.com,"30 de Enero",https://www.facebook.com/sonicsound,,,"Ciudad Autónoma de Buenos Aires","Buenos Aires",Argentina,1286744150,"Luli Torres",,1
Cosmopolitan,Revistas,cosmopolitan.revistas@facebook.com,"30 de Enero",https://www.facebook.com/cosmopolitan.revistas,,,"Ciudad Autónoma de Buenos Aires","Buenos Aires",Argentina,100003298642991,"Victoria Roldán",https://www.facebook.com/marievickyroldan,1
Josefa,Tomás,josefina.tomas.94@facebook.com,"30 de Enero",https://www.facebook.com/josefina.tomas.94,,"Buenos Aires","Buenos Aires","Buenos Aires",Argentina,1593905705,"Alan Yun",0,1
Ale,Brau,ale.c.prodan@facebook.com,"30 de Enero",https://www.facebook.com/ale.c.prodan,23,,"Ciudad Autónoma de Buenos Aires","Buenos Aires",Argentina,100000343843537,"Jessica Bellomo",https://www.facebook.com/JessBellomo,1
Lautaro,Giannetti,lautaro.giannetti@facebook.com,"30 de Enero",https://www.facebook.com/lautaro.giannetti,,Liniers,"Ciudad Autónoma de Buenos Aires","Buenos Aires",Argentina,1510274405,"Anita Ghersinich",https://www.facebook.com/anita.ghersinich,1
Anahel,Godoy,anahel.godoy.7@facebook.com,"30 de Enero",https://www.facebook.com/anahel.godoy.7,28,,"Ciudad Autónoma de Buenos Aires","Buenos Aires",Argentina,100002210257284,"Flor Encino",https://www.facebook.com/flopy.encino,1
Tomas,Galloni,tomas.galloni.3@facebook.com,"30 de Enero",https://www.facebook.com/tomas.galloni.3,,,"Ciudad Autónoma de Buenos Aires","Buenos Aires",Argentina,1254769957,"Juan Cruz Albornoz",,1
Lucas,"Dal Masetto",lucas.dalmasetto@facebook.com,"30 de Enero",https://www.facebook.com/lucas.dalmasetto,,"Buenos Aires","Buenos Aires","Buenos Aires",Argentina,778540127,"Clara Nosiglia",0,1
Cristian,Morbelli,cristian.morbelli@facebook.com,"30 de Enero",https://www.facebook.com/cristian.morbelli,23,,"Ciudad Autónoma de Buenos Aires","Buenos Aires",Argentina,100000684198152,"Brian Cano",,1
Nicolas,Cereijo,nicolas.cereijo@facebook.com,"30 de Enero",https://www.facebook.com/nicolas.cereijo,,,"Ciudad Autónoma de Buenos Aires","Buenos Aires",Argentina,1219916081,"Gisele Fratini",https://www.facebook.com/giakdmik,1
Marionetas,"del CircoUp",marionetas.delcircoup@facebook.com,"30 de Enero",https://www.facebook.com/marionetas.delcircoup,29,,"Ciudad Autónoma de Buenos Aires","Buenos Aires",Argentina,100001603093966,"Ayelen Alumine Anahi",https://www.facebook.com/ashe.chabakana,1
Jeremías,Cobos,jere.cobos@facebook.com,"30 de Enero",https://www.facebook.com/jere.cobos,,,"Ciudad Autónoma de Buenos Aires","Buenos Aires",Argentina,1145367156,"Marti Nevares",https://www.facebook.com/martii.nevares,1
Orianthi,Panagaris,orianthi.panagaris.9@facebook.com,"30 de Enero",https://www.facebook.com/orianthi.panagaris.9,,,"Ciudad Autónoma de Buenos Aires","Buenos Aires",Argentina,100003327165696,"La Rockeria",https://www.facebook.com/oveja1,1
Jaquelina,Celestte?ï?,celesttem1@facebook.com,"30 de Enero",https://www.facebook.com/celesttem1,,,"Ciudad Autónoma de Buenos Aires","Buenos Aires",Argentina,100001821630383,"Maria Pia Perez Brea",,1
"Ann Elizabeth",Santos,aesantos011@facebook.com,"30 de Enero",https://www.facebook.com/aesantos011,30,,"Ciudad Autónoma de Buenos Aires","Buenos Aires",Argentina,671204523,"Riberas Del Parana",https://www.facebook.com/riberas.delparana,1
Martina,Lombardini,martu.lombardini@facebook.com,"30 de Enero",https://www.facebook.com/martu.lombardini,24,,"Ciudad Autónoma de Buenos Aires","Buenos Aires",Argentina,1304723669,"Facundo Bulacio",https://www.facebook.com/facundo.bulacio,1
Praga,Club,pragaclub.buenosaires@facebook.com,"30 de Enero",https://www.facebook.com/PragaClub.BuenosAires,27,,"Ciudad Autónoma de Buenos Aires","Buenos Aires",Argentina,100000692497246,"Ago Benedettini",https://www.facebook.com/ago.benedettini,1
Mariano,Gonzalez,mariano.gonzalez.7374480@facebook.com,"30 de Enero",https://www.facebook.com/mariano.gonzalez.7374480,,,"Ciudad Autónoma de Buenos Aires","Buenos Aires",Argentina,665253619,"Paula Martínez",,1
Tu,Noche,tunochevip@facebook.com,"30 de Enero",https://www.facebook.com/tunochevip,,,"Ciudad Autónoma de Buenos Aires","Buenos Aires",Argentina,100001996523452,"Fede Martinez",https://www.facebook.com/fedemartinez17,1
Las,Carmelas,las.carmelas.1@facebook.com,"30 de Enero",https://www.facebook.com/las.carmelas.1,30,"Villa Devoto","Ciudad Autónoma de Buenos Aires","Buenos Aires",Argentina,100000215489436,"Emme Elle Russo",https://www.facebook.com/emme.shantiom,1
"Juan Manuel",Blanco,juanmanuel.blanco1@facebook.com,"30 de Enero",https://www.facebook.com/juanmanuel.blanco1,23,,"Ciudad Autónoma de Buenos Aires","Buenos Aires",Argentina,1440108043,"Nadia Denise",,1
Yiyo,Magnifico,yiyo.magnifico@facebook.com,"30 de Enero",https://www.facebook.com/yiyo.magnifico,30,,"Ciudad Autónoma de Buenos Aires","Buenos Aires",Argentina,1425205794,"Marcela Miracolo",https://www.facebook.com/marcela.miracolo,1
Ropita,Importada,importadocs@facebook.com,"30 de Enero",https://www.facebook.com/importadocs,25,,"Ciudad Autónoma de Buenos Aires","Buenos Aires",Argentina,100006905679839,"Gisele Fratini",https://www.facebook.com/giakdmik,1
BriiChu,Horan,brisa.planes.7@facebook.com,"30 de Enero",https://www.facebook.com/brisa.planes.7,24,,"Ciudad Autónoma de Buenos Aires","Buenos Aires",Argentina,100004555536379,"Rodrii Martinez",,1
AilenBombon,Masajes,gigisex2012@facebook.com,"30 de Enero",https://www.facebook.com/gigisex2012,,,"Ciudad Autónoma de Buenos Aires","Buenos Aires",Argentina,100005049693446,"Nahu Millicay Pereyra",https://www.facebook.com/nahumilli,1
Nerina,"Rift Dos",nerina.riftdos@facebook.com,"30 de Enero",https://www.facebook.com/nerina.riftdos,30,Centro,"Ciudad Autónoma de Buenos Aires","Buenos Aires",Argentina,100002938271066,"Soledad Antunez",,1
Jonathan,Calb,jonathan.calb@facebook.com,"30 de Enero",https://www.facebook.com/jonathan.calb,27,,"Ciudad Autónoma de Buenos Aires","Buenos Aires",Argentina,666710711,"Tomas Ini",,1
Daii,Funes,daiifunes93@facebook.com,"30 de Enero",https://www.facebook.com/DaiiFunes93,21,Colegiales,"Ciudad Autónoma de Buenos Aires","Buenos Aires",Argentina,1407760294,"Jobs Bar",https://www.facebook.com/jobsbar,1
Agustin,Sosa,agustincito.sp@facebook.com,"30 de Enero",https://www.facebook.com/agustincito.sp,,,"Ciudad Autónoma de Buenos Aires","Buenos Aires",Argentina,1318042358,"Ayelen Alumine Anahi",https://www.facebook.com/ashe.chabakana,1
Jose,Torres,jose.torres.754@facebook.com,"30 de Enero",https://www.facebook.com/jose.torres.754,22,"Villa Pueyrredón","Ciudad Autónoma de Buenos Aires","Buenos Aires",Argentina,100002018657037,"Agustina Pelle Müller",,1
Francisco,Pons,fraaanpons@facebook.com,"30 de Enero",https://www.facebook.com/fraaanpons,22,,"Ciudad Autónoma de Buenos Aires","Buenos Aires",Argentina,1329922927,"Rochi Christensen",https://www.facebook.com/rochi.christensen,1
Gonzalo,Castro,gonzalo.castro.547@facebook.com,"30 de Enero",https://www.facebook.com/gonzalo.castro.547,26,,"Ciudad Autónoma de Buenos Aires","Buenos Aires",Argentina,100000670584692,"Yanina Toto",https://www.facebook.com/yanina.toto,1
Mariana,Nuñez,marianann1@facebook.com,"05 de Febrero",https://www.facebook.com/marianann1,28,,"Ciudad Autónoma de Buenos Aires","Buenos Aires",Argentina,1110457174,"Natascha Stern",https://www.facebook.com/natascha.stern,1
Ariel,Machado,ariel.machadodalcroix@facebook.com,"05 de Febrero",https://www.facebook.com/ariel.machadodalcroix,29,"Barrio Norte","Ciudad Autónoma de Buenos Aires","Buenos Aires",Argentina,100000419105680,"Cristian Fernandez Villamor",https://www.facebook.com/cristian.fernandezvillamo,1
Naty,Santa,naty.santa.90@facebook.com,"05 de Febrero",https://www.facebook.com/naty.santa.90,29,,"Ciudad Autónoma de Buenos Aires","Buenos Aires",Argentina,100005366611062,"Tatiana Petroccelli",https://www.facebook.com/tanshanita,1
Nita,Gutierrez,agussgutierrez@facebook.com,"05 de Febrero",https://www.facebook.com/agussgutierrez,,,"Ciudad Autónoma de Buenos Aires","Buenos Aires",Argentina,711660904,"Marcela Hinckelmann",https://www.facebook.com/marcela.hinckelmann,1
Igo,Tijanovich,igo.tijanovich@facebook.com,"05 de Febrero",https://www.facebook.com/igo.tijanovich,,,"Ciudad Autónoma de Buenos Aires","Buenos Aires",Argentina,100003571026714,"Yanina Battiato",,1
Sheller,Alves,sheller.alves@facebook.com,"05 de Febrero",https://www.facebook.com/sheller.alves,23,,"Ciudad Autónoma de Buenos Aires","Buenos Aires",Argentina,100002702893015,"Julian Pagana",,1
Marcos,Nazar,marcos.nazar.98@facebook.com,"05 de Febrero",https://www.facebook.com/marcos.nazar.98,,"Villa Del Parque","Ciudad Autónoma de Buenos Aires","Buenos Aires",Argentina,1379355664,"Jero Salsamendi",https://www.facebook.com/jero.salsamendi,1
Acqua,Palermo,acqua.puertomadero.1@facebook.com,"05 de Febrero",https://www.facebook.com/acqua.puertomadero.1,26,,"Ciudad Autónoma de Buenos Aires","Buenos Aires",Argentina,100003445137670,"Sol Policastro",https://www.facebook.com/solangeforever,1
Clara,Vie,clara.vie.33@facebook.com,"05 de Febrero",https://www.facebook.com/clara.vie.33,,,"Ciudad Autónoma de Buenos Aires","Buenos Aires",Argentina,1674927134,"Marina Castagnino",https://www.facebook.com/castagnino,1
Romina,Chade,rominachadee@facebook.com,"05 de Febrero",https://www.facebook.com/Rominachadee,,,"Ciudad Autónoma de Buenos Aires","Buenos Aires",Argentina,1181562644,"Clari Stagno",,1
Trend,Xchange,trendxchange@facebook.com,"05 de Febrero",https://www.facebook.com/trendxchange,,,"Ciudad Autónoma de Buenos Aires","Buenos Aires",Argentina,1420938086,"Cristian Fernandez Villamor",https://www.facebook.com/cristian.fernandezvillamo,1
Mates,"de Tiento",mates.detiento@facebook.com,"05 de Febrero",https://www.facebook.com/mates.detiento,30,,"Ciudad Autónoma de Buenos Aires","Buenos Aires",Argentina,100006435494545,"Natalia Magali Guglielmo",https://www.facebook.com/nataliamagali.guglielmo,1
Valeria,Donaire,valeria.donaire@facebook.com,"05 de Febrero",https://www.facebook.com/valeria.donaire,,,"Ciudad Autónoma de Buenos Aires","Buenos Aires",Argentina,1426941795,"Gustavo Pietrafesa",,1
Shows,Vivo,shows.para.todos@facebook.com,"05 de Febrero",https://www.facebook.com/shows.para.todos,29,,"Ciudad Autónoma de Buenos Aires","Buenos Aires",Argentina,100000494245544,"Nadia Denise",,1
"Martin Dario",Dominguez,martindario.dominguez.7@facebook.com,"05 de Febrero",https://www.facebook.com/martindario.dominguez.7,24,,"Ciudad Autónoma de Buenos Aires","Buenos Aires",Argentina,100000034578334,"Vanesa Macias",https://www.facebook.com/vanesa.macias1,1
Eire,Muebles,eire.muebles@facebook.com,"05 de Febrero",https://www.facebook.com/eire.muebles,29,,"Ciudad Autónoma de Buenos Aires","Buenos Aires",Argentina,100004363448721,"Maru Bruni",,1
Sofía,Penna,sofi.mpenna@facebook.com,"05 de Febrero",https://www.facebook.com/sofi.mpenna,,,"Ciudad Autónoma de Buenos Aires","Buenos Aires",Argentina,1179084420,"Juan Manuel Vilagut",https://www.facebook.com/jvilagut1,1
Luchia,Rodriguez,lucia.capra.73@facebook.com,"05 de Febrero",https://www.facebook.com/lucia.capra.73,25,,"Ciudad Autónoma de Buenos Aires","Buenos Aires",Argentina,100001665484537,"Clari Stagno",,1
Kareen,Laviero,kareen.laviero@facebook.com,"05 de Febrero",https://www.facebook.com/kareen.laviero,,,"Ciudad Autónoma de Buenos Aires","Buenos Aires",Argentina,1496345470,"Brian Cano",,1
Ulises,Sanchez,ulisessaanchez@facebook.com,"05 de Febrero",https://www.facebook.com/UlisesSaanchez,26,,"Ciudad Autónoma de Buenos Aires","Buenos Aires",Argentina,100001383498301,"Juli Sremac",https://www.facebook.com/juli.sremac,1
Roberta,Lamenta,robertaselamenta@facebook.com,"05 de Febrero",https://www.facebook.com/robertaselamenta,29,,"Ciudad Autónoma de Buenos Aires","Buenos Aires",Argentina,1262882059,"Ago Benedettini",https://www.facebook.com/ago.benedettini,1
"Nelson Gabriel",Silva,nelsongabriel.silva.5@facebook.com,"05 de Febrero",https://www.facebook.com/nelsongabriel.silva.5,24,,"Ciudad Autónoma de Buenos Aires","Buenos Aires",Argentina,100001750277639,"Julieta Belen",,1
Loop,Out,loop.out.9@facebook.com,"05 de Febrero",https://www.facebook.com/loop.out.9,24,,"Ciudad Autónoma de Buenos Aires","Buenos Aires",Argentina,100007338342593,"Ale Arias Mandarine Park",,1
Daniela's,Closet,danielascloset5@facebook.com,"05 de Febrero",https://www.facebook.com/danielascloset5,24,,"Ciudad Autónoma de Buenos Aires","Buenos Aires",Argentina,100006692763807,"Mili Mauro",https://www.facebook.com/milimauro,1
Facundo,Diaz,facundo.diaz.5074@facebook.com,"05 de Febrero",https://www.facebook.com/facundo.diaz.5074,23,,"Ciudad Autónoma de Buenos Aires","Buenos Aires",Argentina,1214798967,"Silvia Fernandez",https://www.facebook.com/silviafernandezchivi,1
Violeta,Andrada,violeta.andrada.75@facebook.com,"05 de Febrero",https://www.facebook.com/violeta.andrada.75,,,"Ciudad Autónoma de Buenos Aires","Buenos Aires",Argentina,100002100676405,"Camy Falcón",https://www.facebook.com/Cammy.Falcon,1
Nicolas,Cartaginese,nicolas.cartaginese@facebook.com,"05 de Febrero",https://www.facebook.com/nicolas.cartaginese,,,"Ciudad Autónoma de Buenos Aires","Buenos Aires",Argentina,714654204,"Vanesa Macias",https://www.facebook.com/vanesa.macias1,1
La,Zion,laultimazion@facebook.com,"05 de Febrero",https://www.facebook.com/LaUltimaZion,29,,"Ciudad Autónoma de Buenos Aires","Buenos Aires",Argentina,100001657918561,"La Rockeria",https://www.facebook.com/oveja1,1
Uculture,Mix,techno.uculture@facebook.com,"05 de Febrero",https://www.facebook.com/techno.uculture,25,"Buenos Aires","Buenos Aires","Buenos Aires",Argentina,100007276621971,"Rebe Gonzalez",0,1
Ivan,Passarrelli,ivan.passarrelli@facebook.com,"05 de Febrero",https://www.facebook.com/ivan.passarrelli,,,"Ciudad Autónoma de Buenos Aires","Buenos Aires",Argentina,1184248705,"Malvi Ovando",https://www.facebook.com/malvi.ovando,1
Alexis,Barrojo,barrojo.alexis@facebook.com,"05 de Febrero",https://www.facebook.com/Barrojo.alexis,,Boedo,"Ciudad Autónoma de Buenos Aires","Buenos Aires",Argentina,100000584623880,"Aniita Canta",https://www.facebook.com/Aniita.Canta,1
Agustina,Molteni,agustina.molteni.3@facebook.com,"05 de Febrero",https://www.facebook.com/agustina.molteni.3,29,,"Ciudad Autónoma de Buenos Aires","Buenos Aires",Argentina,1045374508,"Florencia Ferrari",https://www.facebook.com/florenciaferrari.1403,1
Jorgelina,Sosa,sosajorgelina@facebook.com,"05 de Febrero",https://www.facebook.com/sosajorgelina,,,"Ciudad Autónoma de Buenos Aires","Buenos Aires",Argentina,646478439,"Gabriel Gutierrez",,1
Luis,Ortuzaar,luis.ortuzaar@facebook.com,"05 de Febrero",https://www.facebook.com/luis.ortuzaar,,"Villa Ortúzar","Ciudad Autónoma de Buenos Aires","Distrito Federal",Argentina,1114620896,"Facu Denegri",,1
SB,Lim,lseb88@facebook.com,"05 de Febrero",https://www.facebook.com/lseb88,,"Buenos Aires","Buenos Aires","Buenos Aires",Argentina,557626782,"Alan Yun",0,1
Ova,Sabatini,osvaldo.sabatini.7@facebook.com,"05 de Febrero",https://www.facebook.com/osvaldo.sabatini.7,27,,"Ciudad Autónoma de Buenos Aires","Buenos Aires",Argentina,100005403491966,"Agustin Sujo",https://www.facebook.com/agustin.sujook,1
Micaela,Mettica,mica.mettica@facebook.com,"05 de Febrero",https://www.facebook.com/Mica.Mettica,,,"Ciudad Autónoma de Buenos Aires","Buenos Aires",Argentina,1146450729,"Christian Douer Chuky",https://www.facebook.com/christian.chuky,1
Alberto,Ferreira,micaela.lamas.3@facebook.com,"05 de Febrero",https://www.facebook.com/micaela.lamas.3,28,,"Ciudad Autónoma de Buenos Aires","Buenos Aires",Argentina,100000727437347,"Natalia Tarelli",,1
Maria,Wilhelm,maria.j.wilhelm@facebook.com,"05 de Febrero",https://www.facebook.com/maria.j.wilhelm,,,"Ciudad Autónoma de Buenos Aires","Buenos Aires",Argentina,704722510,"Polina Remkevich",https://www.facebook.com/polina.remkevich,1
Montag,Ba,montag.ba@facebook.com,"05 de Febrero",https://www.facebook.com/MONTAG.ba,,,"Ciudad Autónoma de Buenos Aires","Buenos Aires",Argentina,1676582573,"Daniel Arbol",https://www.facebook.com/darbol1,1
Bisagra,Bsgr,bsgrgaleria@facebook.com,"05 de Febrero",https://www.facebook.com/BSGRGALERIA,,,"Ciudad Autónoma de Buenos Aires","Buenos Aires",Argentina,1679803049,"Daniel Arbol",https://www.facebook.com/darbol1,1
Paula,Gutierrez,paula.gutierrez.9212@facebook.com,"05 de Febrero",https://www.facebook.com/paula.gutierrez.9212,24,,"Ciudad Autónoma de Buenos Aires","Buenos Aires",Argentina,100000594287272,"Christian Douer Chuky",https://www.facebook.com/christian.chuky,1
Lucho,Caceres,lucho.caceres.39@facebook.com,"05 de Febrero",https://www.facebook.com/lucho.caceres.39,30,,"Ciudad Autónoma de Buenos Aires","Buenos Aires",Argentina,1501026172,"Flor Vischi Cortés",https://www.facebook.com/flor.vischi,1
Pacha,Santa,pacha.santa@facebook.com,"05 de Febrero",https://www.facebook.com/pacha.santa,29,,"Ciudad Autónoma de Buenos Aires","Buenos Aires",Argentina,1598096935,"Ariel Galinski",https://www.facebook.com/ariel.galinski,1
Tomas,Petroni,tomy.tsuueenaa@facebook.com,"05 de Febrero",https://www.facebook.com/tomy.tsuueenaa,29,,"Ciudad Autónoma de Buenos Aires","Buenos Aires",Argentina,1112898953,"Bomba Barassi",https://www.facebook.com/bomba.barassi,1
Florencia,Daira,florchi.viveros@facebook.com,"05 de Febrero",https://www.facebook.com/florchi.viveros,26,,"Ciudad Autónoma de Buenos Aires","Buenos Aires",Argentina,100001466868172,"Tatiana Petroccelli",https://www.facebook.com/tanshanita,1
Silvana,Degaudensio,silvana.degaudensio@facebook.com,"05 de Febrero",https://www.facebook.com/silvana.degaudensio,27,,"Ciudad Autónoma de Buenos Aires","Buenos Aires",Argentina,100005311508370,"Pia Bocchino",https://www.facebook.com/pia.bocchino,1
Monica,Zapata,monica.zapata.7524@facebook.com,"05 de Febrero",https://www.facebook.com/monica.zapata.7524,28,,"Ciudad Autónoma de Buenos Aires","Buenos Aires",Argentina,1480061844,"Ayu Casanova",,1
"Morocha Ricotera",Pituca,morocharicotera.pituca@facebook.com,"05 de Febrero",https://www.facebook.com/morocharicotera.pituca,29,,"Ciudad Autónoma de Buenos Aires","Buenos Aires",Argentina,1323080082,"La Rockeria",https://www.facebook.com/oveja1,1
Fede,Morise,fede.morise@facebook.com,"05 de Febrero",https://www.facebook.com/fede.morise,22,,"Ciudad Autónoma de Buenos Aires","Buenos Aires",Argentina,100001362677702,"Agustina Pelle Müller",,1
Pedro,Braga,pgbraga@facebook.com,"05 de Febrero",https://www.facebook.com/pgbraga,23,,"Ciudad Autónoma de Buenos Aires","Buenos Aires",Argentina,1658162120,"Adrian Tomassino",,1
Ben,Harris,ben.harris2@facebook.com,"05 de Febrero",https://www.facebook.com/ben.harris2,22,,"Ciudad Autónoma de Buenos Aires","Buenos Aires",Argentina,713441317,"Nicolas Brea",https://www.facebook.com/Nicolas.Brea,1
Candela,Ocampo,candela.ocampo.5@facebook.com,"05 de Febrero",https://www.facebook.com/candela.ocampo.5,26,,"Ciudad Autónoma de Buenos Aires","Buenos Aires",Argentina,1412793205,"Fernando Olner Cupayolo",https://www.facebook.com/fernando.cupayolo,1
Italianos,"En Acción",italianos.desudamerica@facebook.com,"05 de Febrero",https://www.facebook.com/italianos.desudamerica,29,,"Ciudad Autónoma de Buenos Aires","Buenos Aires",Argentina,100001664851277,"Carla Ferro",https://www.facebook.com/carla.ferro,1
Carito,Moreno,carito.moreno.9@facebook.com,"05 de Febrero",https://www.facebook.com/carito.moreno.9,23,,"Ciudad Autónoma de Buenos Aires","Buenos Aires",Argentina,522179791,"Sebastian Daniel Riccardi",https://www.facebook.com/sebastian.riccardi,1
"Alegria del Hogar","Quintana Dominguez",alegriadelhogar.quintanadominguez@facebook.com,"05 de Febrero",https://www.facebook.com/alegriadelhogar.quintanadominguez,,,"Ciudad Autónoma de Buenos Aires","Buenos Aires",Argentina,100004391221400,"Cecilia Weingardt",,1
Lucrecia,Lazzaro,lucrecia.lazzaro.9@facebook.com,"05 de Febrero",https://www.facebook.com/lucrecia.lazzaro.9,,,"Ciudad Autónoma de Buenos Aires","Buenos Aires",Argentina,1674946673,"Vanesa Macias",https://www.facebook.com/vanesa.macias1,1
MikkaèLa,Bj,mikkaela.bj@facebook.com,"05 de Febrero",https://www.facebook.com/mikkaela.bj,,,"Ciudad Autónoma de Buenos Aires","Buenos Aires",Argentina,100003133364667,"Franco Palermo",,1
Mchb,"Cocina Plus",cocinaplusmchb@facebook.com,"05 de Febrero",https://www.facebook.com/cocinaplusmchb,,,"Ciudad Autónoma de Buenos Aires","Buenos Aires",Argentina,100002374785932,"Alina Gálvez Lynch",https://www.facebook.com/alina.galvez,1
"Cynthia Francis",Fernandez,cynthiafrancis.fernandez@facebook.com,"04 de Febrero",https://www.facebook.com/cynthiafrancis.fernandez,,,"Ciudad Autónoma de Buenos Aires","Buenos Aires",Argentina,793467345,"Agos Ledo",https://www.facebook.com/agos.ledo,1
Lidia,Ledesma,lidia.ledesma@facebook.com,"04 de Febrero",https://www.facebook.com/lidia.ledesma,29,,"Ciudad Autónoma de Buenos Aires","Buenos Aires",Argentina,1015836264,"Marina Giordano",,1
Feria,"Sale Todo",feria.saletodo@facebook.com,"04 de Febrero",https://www.facebook.com/feria.saletodo,24,,"Ciudad Autónoma de Buenos Aires","Buenos Aires",Argentina,100007661444511,"Cristian Fernandez Villamor",https://www.facebook.com/cristian.fernandezvillamo,1
Niños,Rock,ninosrock@facebook.com,"04 de Febrero",https://www.facebook.com/ninosrock,30,,"Ciudad Autónoma de Buenos Aires","Buenos Aires",Argentina,100000915670494,"Agustin Justin",https://www.facebook.com/Agustin.Justin,1
"Cerrito Mix",II,cerritomixii@facebook.com,"04 de Febrero",https://www.facebook.com/cerritomixII,,,"Ciudad Autónoma de Buenos Aires","Buenos Aires",Argentina,100002198121901,"Nicolas Alejandro Fleischer",https://www.facebook.com/nicolasalejandro.fleische,1
Lola,Rouse,lola.rouse.7@facebook.com,"04 de Febrero",https://www.facebook.com/lola.rouse.7,,Congreso,"Ciudad Autónoma de Buenos Aires","Distrito Federal",Argentina,1657759607,"Cami Weng",,1
"Lucas Caruso",Tuluka,lucas.caruso.73@facebook.com,"04 de Febrero",https://www.facebook.com/lucas.caruso.73,,,"Ciudad Autónoma de Buenos Aires","Buenos Aires",Argentina,756179618,"Carlina Piedra",https://www.facebook.com/carlina.piedra,1
Milena,Bandin,milenabandin@facebook.com,"04 de Febrero",https://www.facebook.com/milenabandin,,,"Ciudad Autónoma de Buenos Aires","Buenos Aires",Argentina,832393279,"Jenny Barco",https://www.facebook.com/jenny.barco,1
Pupi,Franelera,pupi.franelera@facebook.com,"04 de Febrero",https://www.facebook.com/pupi.franelera,,,"Ciudad Autónoma de Buenos Aires","Buenos Aires",Argentina,816464320,"Sofia Cantero",,1
Mar,Rubione,mar.rubione@facebook.com,"04 de Febrero",https://www.facebook.com/mar.rubione,21,,"Ciudad Autónoma de Buenos Aires","Buenos Aires",Argentina,578878886,"Manuela Villa",,1
Ivii,Ponce,ivii.ponce.72@facebook.com,"04 de Febrero",https://www.facebook.com/ivii.ponce.72,22,,"Ciudad Autónoma de Buenos Aires","Buenos Aires",Argentina,100002281355790,"Demián Gabriel",,1
Barbara,Rimolo,barbara.rimolo.14@facebook.com,"04 de Febrero",https://www.facebook.com/barbara.rimolo.14,25,Flores,"Ciudad Autónoma de Buenos Aires","Buenos Aires",Argentina,100006746702204,"Fede Martinez",https://www.facebook.com/fedemartinez17,1
Martin,"River Plate",martin.riverplate.35@facebook.com,"04 de Febrero",https://www.facebook.com/martin.riverplate.35,23,,"Ciudad Autónoma de Buenos Aires","Buenos Aires",Argentina,100000344284683,"Sergio Acosta",,1
Ingrid,Barrera,ingrid.barrera.73@facebook.com,"04 de Febrero",https://www.facebook.com/ingrid.barrera.73,,,"Ciudad Autónoma de Buenos Aires","Buenos Aires",Argentina,1281774724,"Yanina Morinelli",https://www.facebook.com/YaniMorinelli,1
Nicolas,Pereyra,nicolas.pereyra.988@facebook.com,"04 de Febrero",https://www.facebook.com/nicolas.pereyra.988,27,,"Ciudad Autónoma de Buenos Aires","Buenos Aires",Argentina,1291286430,"Julio Roberto Cuevas",https://www.facebook.com/julioroberto.cuevas,1
Charly,Srur,actualmodelsproducciones@facebook.com,"04 de Febrero",https://www.facebook.com/actualmodelsproducciones,,,"Ciudad Autónoma de Buenos Aires","Buenos Aires",Argentina,1068837416,"Maria Florencia Vasquez",https://www.facebook.com/mariafvasquez,1
Diego,Janeiro,diego.janeiro@facebook.com,"04 de Febrero",https://www.facebook.com/diego.janeiro,,,"Ciudad Autónoma de Buenos Aires","Buenos Aires",Argentina,100000355753934,"Miqui Berriòs",https://www.facebook.com/miqui.berrios,1
Cami,Ayala,camiayala@facebook.com,"04 de Febrero",https://www.facebook.com/CamiAyala,26,,"Ciudad Autónoma de Buenos Aires","Buenos Aires",Argentina,100002651725429,"Cami Weng",,1
Gustavo,Moure,gustavo.moure.7@facebook.com,"04 de Febrero",https://www.facebook.com/gustavo.moure.7,,,"Ciudad Autónoma de Buenos Aires","Buenos Aires",Argentina,100001473631870,"Rochi Christensen",https://www.facebook.com/rochi.christensen,1
"Antes Muerta","Que Sencilla",antesmuerta.quesencilla.984@facebook.com,"04 de Febrero",https://www.facebook.com/antesmuerta.quesencilla.984,,,"Ciudad Autónoma de Buenos Aires","Buenos Aires",Argentina,100004411860244,"Tamara Arias",,1
Caro,Fernán,lalacaro@facebook.com,"04 de Febrero",https://www.facebook.com/lalacaro,,,"Ciudad Autónoma de Buenos Aires","Buenos Aires",Argentina,1635347502,"Miranda Toderi",https://www.facebook.com/miranda.toderi,1
Diego,Gago,diego.gago.18@facebook.com,"04 de Febrero",https://www.facebook.com/diego.gago.18,,,"Ciudad Autónoma de Buenos Aires","Buenos Aires",Argentina,100000461314140,"Laurita Menichetti",https://www.facebook.com/laurita.menichetti,1
Patricia,Fuentes,pa77i77o1987@facebook.com,"04 de Febrero",https://www.facebook.com/pa77i77O1987,28,"Villa Pueyrredón","Ciudad Autónoma de Buenos Aires","Buenos Aires",Argentina,100001675892080,"Alan Yun",0,1
Sosó,María,lopez.soso@facebook.com,"04 de Febrero",https://www.facebook.com/lopez.soso,,,"Ciudad Autónoma de Buenos Aires","Buenos Aires",Argentina,1145835298,"Elias Saul",https://www.facebook.com/elias.saul,1
Sofia,Martinez,sofia.martinez.3511041@facebook.com,"04 de Febrero",https://www.facebook.com/sofia.martinez.3511041,23,,"Ciudad Autónoma de Buenos Aires","Buenos Aires",Argentina,1134015146,"Mauro Sebastian Villegas",,1
Martin,Gonzalez,facundo.fernandez.161214@facebook.com,"04 de Febrero",https://www.facebook.com/facundo.fernandez.161214,27,,"Ciudad Autónoma de Buenos Aires","Buenos Aires",Argentina,1306498393,"Agustina Pelle Müller",,1
Sebastian,Obregon,sebastian.obregon.353@facebook.com,"04 de Febrero",https://www.facebook.com/sebastian.obregon.353,30,,"Ciudad Autónoma de Buenos Aires","Buenos Aires",Argentina,700530372,"M Agustina Ciarla Quintana",https://www.facebook.com/magustina.quintana,1
Matias,Liempe,matias.liempe@facebook.com,"04 de Febrero",https://www.facebook.com/matias.liempe,,Esquel,"Ciudad Autónoma de Buenos Aires","Distrito Federal",Argentina,100001889774147,"Pedro Lopezyfernandez",https://www.facebook.com/pedronahuel,1
Vane,Cardilli,vanesa.cardilli@facebook.com,"04 de Febrero",https://www.facebook.com/vanesa.cardilli,26,,"Ciudad Autónoma de Buenos Aires","Buenos Aires",Argentina,1190953771,"Gisele Fratini",https://www.facebook.com/giakdmik,1
Emiliano,Romero,emiliano.romero.7311@facebook.com,"04 de Febrero",https://www.facebook.com/emiliano.romero.7311,27,,"Ciudad Autónoma de Buenos Aires","Buenos Aires",Argentina,731958380,"Estefi Hilarza",https://www.facebook.com/estefi.hilarza,1
Pichi,Piccirillo,pichi.piccirillo@facebook.com,"04 de Febrero",https://www.facebook.com/pichi.piccirillo,29,,"Ciudad Autónoma de Buenos Aires","Buenos Aires",Argentina,1160161499,"Emiliano Cazanetz Dick",https://www.facebook.com/emiliano.cazanetzdick,1
Daniela,Tibia,daniela.tibia@facebook.com,"04 de Febrero",https://www.facebook.com/daniela.tibia,,,"Ciudad Autónoma de Buenos Aires","Buenos Aires",Argentina,100001406670089,"Riberas Del Parana",https://www.facebook.com/riberas.delparana,1
Pedro,Tognacca,elnegro.pe@facebook.com,"04 de Febrero",https://www.facebook.com/elnegro.pe,,Flores,"Ciudad Autónoma de Buenos Aires","Buenos Aires",Argentina,100000990021535,"Julieta Olmedo Cortese",https://www.facebook.com/poshipo,1
Gaia,Kaliski,gkaliski@facebook.com,"04 de Febrero",https://www.facebook.com/gkaliski,,,"Ciudad Autónoma de Buenos Aires","Buenos Aires",Argentina,1415037919,"Elias Saul",https://www.facebook.com/elias.saul,1
Vane,Moli,vanesa.molinaro@facebook.com,"04 de Febrero",https://www.facebook.com/vanesa.molinaro,28,,"Ciudad Autónoma de Buenos Aires","Buenos Aires",Argentina,1209593164,"Ingrid Sondergaard",https://www.facebook.com/ingridfash,1
"Ivi Sheraldine",Rojas,ivisheraldine.rojas@facebook.com,"04 de Febrero",https://www.facebook.com/ivisheraldine.rojas,26,,"Ciudad Autónoma de Buenos Aires","Buenos Aires",Argentina,100000519630840,"Nadia Vannessa",https://www.facebook.com/nadiavannessa18,1
Fernando,Portabales,fernando.portabales@facebook.com,"04 de Febrero",https://www.facebook.com/fernando.portabales,,,"Ciudad Autónoma de Buenos Aires","Buenos Aires",Argentina,1156419610,"Daiana Soledad Pintos",https://www.facebook.com/Sheena.is,1
Naty,Mechedze,mechedze@facebook.com,"04 de Febrero",https://www.facebook.com/mechedze,,,"Ciudad Autónoma de Buenos Aires","Buenos Aires",Argentina,1772876915,"Noelia Ferrari",https://www.facebook.com/noeliavf,1
"Defendamos La Escuela",Pública,defendamoslaescuela.publica@facebook.com,"04 de Febrero",https://www.facebook.com/defendamoslaescuela.publica,,,"Ciudad Autónoma de Buenos Aires","Buenos Aires",Argentina,100000017523053,"Noelia Ferrari",https://www.facebook.com/noeliavf,1
Ignacio,Moscatelli,ignacio.moscatelli.7@facebook.com,"04 de Febrero",https://www.facebook.com/ignacio.moscatelli.7,24,,"Ciudad Autónoma de Buenos Aires","Buenos Aires",Argentina,100000304277494,"Martín Álvarez BA I",https://www.facebook.com/Woody.Blair,1
Camila,Faija,cammiifaijaa.97@facebook.com,"04 de Febrero",https://www.facebook.com/CammiiFaijaa.97,,,"Ciudad Autónoma de Buenos Aires","Buenos Aires",Argentina,1629827700,"Gabriela Competiello",,1
Brem,Fernàndez,bremmetalera@facebook.com,"04 de Febrero",https://www.facebook.com/bremmetalera,,,"Ciudad Autónoma de Buenos Aires","Buenos Aires",Argentina,100003768325712,"Evangelina Dinatale de Biglieri",https://www.facebook.com/evangelina.dinataledebigl,1
Mitel,Vilte,mitel.vilte@facebook.com,"04 de Febrero",https://www.facebook.com/mitel.vilte,,"San Cristóbal","Ciudad Autónoma de Buenos Aires","Buenos Aires",Argentina,100004790224501,"Marina Gispert Rieu",https://www.facebook.com/marina.gispertrieu,1
Juancho,Urrutia,juancho.urrutia@facebook.com,"04 de Febrero",https://www.facebook.com/juancho.urrutia,,,"Ciudad Autónoma de Buenos Aires","Buenos Aires",Argentina,100001978241643,"Facundo Bulacio",https://www.facebook.com/facundo.bulacio,1
Luciana,Isola,luciana.isola.3@facebook.com,"04 de Febrero",https://www.facebook.com/luciana.isola.3,,,"Ciudad Autónoma de Buenos Aires","Buenos Aires",Argentina,100002430715750,"Paula Castro",,1
"Hinchas Fieles de","Boca I",hinchasfielesde.bocai@facebook.com,"04 de Febrero",https://www.facebook.com/hinchasfielesde.bocai,,,"Ciudad Autónoma de Buenos Aires","Buenos Aires",Argentina,100000993606742,"Silvia Fernandez",https://www.facebook.com/silviafernandezchivi,1
Débora,Piccirilli,debora.piccirilli1@facebook.com,"04 de Febrero",https://www.facebook.com/debora.piccirilli1,,,"Ciudad Autónoma de Buenos Aires","Buenos Aires",Argentina,738371657,"Rocío Martínez",https://www.facebook.com/rochi.belen,1
"Stef Wity",Serrano,stef.w.serrano@facebook.com,"04 de Febrero",https://www.facebook.com/stef.w.serrano,,"Buenos Aires","Buenos Aires","Buenos Aires",Argentina,1020950478,"Alan Yun",0,1
Facundo,Fernandez,facundo.fernandez.92754@facebook.com,"04 de Febrero",https://www.facebook.com/facundo.fernandez.92754,,,"Ciudad Autónoma de Buenos Aires","Buenos Aires",Argentina,1487054466,"Agustina Pelle Müller",,1
Franco,Barello,franco.barello.3@facebook.com,"04 de Febrero",https://www.facebook.com/franco.barello.3,,,"Ciudad Autónoma de Buenos Aires","Buenos Aires",Argentina,563679811,"Ignacio Busquiazo",https://www.facebook.com/ignacio.busquiazo,1
"Walter Oscar",Mendoza,walteroscar.mendoza@facebook.com,"04 de Febrero",https://www.facebook.com/walteroscar.mendoza,,,"Ciudad Autónoma de Buenos Aires","Buenos Aires",Argentina,100000373767332,"Luz Adamo",https://www.facebook.com/luz.adamo,1
Sol,"Alvarez Dinkel",sol.alvarezdinkel@facebook.com,"04 de Febrero",https://www.facebook.com/sol.alvarezdinkel,,,"Ciudad Autónoma de Buenos Aires","Buenos Aires",Argentina,1274531935,"Lucas Funes",https://www.facebook.com/SkriLef14,1
Pablo,Durante,padurante@facebook.com,"04 de Febrero",https://www.facebook.com/padurante,,,"Ciudad Autónoma de Buenos Aires","Buenos Aires",Argentina,1399344167,"Valeria Ayala",,1
Caterina,Galanzino,caterina.galanzino@facebook.com,"03 de Febrero",https://www.facebook.com/caterina.galanzino,,Array,"Ciudad Autónoma de Buenos Aires","Buenos Aires",Argentina,1248772060,"Gabriella Rouiller",0,1
Maxi,"Pereyra Dos",maxi.pereyrados@facebook.com,"03 de Febrero",https://www.facebook.com/maxi.pereyrados,23,,"Ciudad Autónoma de Buenos Aires","Buenos Aires",Argentina,100001044662815,"Carla Ferro",https://www.facebook.com/carla.ferro,1
Tommie,Roberts,tommie.roberts.12@facebook.com,"03 de Febrero",https://www.facebook.com/tommie.roberts.12,29,"Buenos Aires","Buenos Aires","Buenos Aires",Argentina,590056042,"Boio Kreutzer",0,1
Pau,Li,paulamirandart@facebook.com,"03 de Febrero",https://www.facebook.com/paulamirandart,,,"Ciudad Autónoma de Buenos Aires","Buenos Aires",Argentina,100001850938460,"Flor Scalise",https://www.facebook.com/flor.scalise,1
Dani,Goldstein,dani.gold.39@facebook.com,"03 de Febrero",https://www.facebook.com/dani.gold.39,,,"Ciudad Autónoma de Buenos Aires","Buenos Aires",Argentina,100003848666638,"Andrea Flijer",https://www.facebook.com/andrea.flijer,1
Leila,Ledesma,leila.ledesma.52@facebook.com,"03 de Febrero",https://www.facebook.com/leila.ledesma.52,24,Liniers,"Ciudad Autónoma de Buenos Aires","Buenos Aires",Argentina,1407679668,"Juan Pablo Teixeira",,1
Homosapiens,Spa,h.sapienspa@facebook.com,"03 de Febrero",https://www.facebook.com/h.sapienspa,21,,"Ciudad Autónoma de Buenos Aires","Buenos Aires",Argentina,100000992948456,"Ignacio Lines Ceruti",https://www.facebook.com/ignacio.lines,1
Luna,Jazmìn,diegosiemprepresente@facebook.com,"03 de Febrero",https://www.facebook.com/diegosiemprepresente,,"La Paternal","Ciudad Autónoma de Buenos Aires","Distrito Federal",Argentina,100003252480120,"Brian Cano",,1
Perros,"Perdidos Encontrados",perros.perdidosencontrados@facebook.com,"03 de Febrero",https://www.facebook.com/perros.perdidosencontrados,24,,"Ciudad Autónoma de Buenos Aires","Buenos Aires",Argentina,100000946800152,"Cecilia Weingardt",,1
Apuntes,"del Cev",apuntes.delcev@facebook.com,"03 de Febrero",https://www.facebook.com/apuntes.delcev,29,,"Ciudad Autónoma de Buenos Aires","Buenos Aires",Argentina,100005940611511,"Ianina Daniela Castillo",https://www.facebook.com/ianina.castillo,1
Yamil,Zanabria,yamil.zanabria@facebook.com,"03 de Febrero",https://www.facebook.com/yamil.zanabria,22,,"Ciudad Autónoma de Buenos Aires","Buenos Aires",Argentina,100002002742109,"La Rockeria",https://www.facebook.com/oveja1,1
Celii,"Acosta Paz",celii.acostapaz@facebook.com,"03 de Febrero",https://www.facebook.com/celii.acostapaz,,,"Ciudad Autónoma de Buenos Aires","Buenos Aires",Argentina,100002635302117,"Fátima Belén Zárate",,1
Simpatía,Culturales,simpatia.cultura@facebook.com,"03 de Febrero",https://www.facebook.com/simpatia.cultura,,,"Ciudad Autónoma de Buenos Aires","Buenos Aires",Argentina,100001901514207,"Cynthia Gianni",,1
Lautaro,"Rey Leyes",lautireyleyes786@facebook.com,"03 de Febrero",https://www.facebook.com/lautireyleyes786,,,"Ciudad Autónoma de Buenos Aires","Buenos Aires",Argentina,100000114138099,"Aniita Canta",https://www.facebook.com/Aniita.Canta,1
Gaston,Moro,gaston.moro.7@facebook.com,"03 de Febrero",https://www.facebook.com/gaston.moro.7,,,"Ciudad Autónoma de Buenos Aires","Buenos Aires",Argentina,100001586890439,"Flor Cantero",,1
Tienda,Americana,tienda.americana.10@facebook.com,"03 de Febrero",https://www.facebook.com/tienda.americana.10,25,,"Ciudad Autónoma de Buenos Aires","Buenos Aires",Argentina,100006423854414,"Paula Lara-Foti",https://www.facebook.com/paula.larafoti,1
Marcos,Costas,cmonletsgethigh@facebook.com,"03 de Febrero",https://www.facebook.com/cmonletsgethigh,,,"Ciudad Autónoma de Buenos Aires","Buenos Aires",Argentina,1049033514,"Clara Ryan",https://www.facebook.com/clariryaneventos,1
Elizabeth,Victoria,elizabeth.victoria.904750@facebook.com,"03 de Febrero",https://www.facebook.com/elizabeth.victoria.904750,,,"Ciudad Autónoma de Buenos Aires","Buenos Aires",Argentina,1216845100,"Maria Laura Mortensen",,1
Gabriela,Servian,gabriela.yovanovich@facebook.com,"03 de Febrero",https://www.facebook.com/gabriela.yovanovich,23,,"Ciudad Autónoma de Buenos Aires","Buenos Aires",Argentina,1526170126,"Aldana Queirolo",https://www.facebook.com/aldana.queirolo,1
Valen,Checa,valentina.checaa@facebook.com,"03 de Febrero",https://www.facebook.com/valentina.checaa,,,"Ciudad Autónoma de Buenos Aires","Buenos Aires",Argentina,100002512852345,"Juan Cruz Albornoz",,1
"Delivery Escabio",Mataderos,deliveryescabio@facebook.com,"03 de Febrero",https://www.facebook.com/deliveryescabio,23,,"Ciudad Autónoma de Buenos Aires","Buenos Aires",Argentina,100005169287634,"Giiu Minniti",https://www.facebook.com/giiu.minniti,1
Ree,Importadas,ree.importadas@facebook.com,"03 de Febrero",https://www.facebook.com/ree.importadas,28,,"Ciudad Autónoma de Buenos Aires","Buenos Aires",Argentina,100003563824322,"Tavo M-p",,1
RestoInside,Baires,insiderestobar@facebook.com,"03 de Febrero",https://www.facebook.com/insiderestobar,25,,"Ciudad Autónoma de Buenos Aires","Buenos Aires",Argentina,1738015561,"Franco Marcoccia",https://www.facebook.com/franco.marcoccia,1
Extremo,Sur,extremo.sur2@facebook.com,"03 de Febrero",https://www.facebook.com/extremo.sur2,30,,"Ciudad Autónoma de Buenos Aires","Buenos Aires",Argentina,100007508227171,"Mechi Abud",https://www.facebook.com/mechi.abud,1
Esteban,Roberto,esteban.roberto.3@facebook.com,"03 de Febrero",https://www.facebook.com/esteban.roberto.3,28,,"Ciudad Autónoma de Buenos Aires","Buenos Aires",Argentina,100003514873625,"Pamela Altamiranda",https://www.facebook.com/pamela.altamiranda1,1
"Que Mona","Que Mona",quemona.quemona.1@facebook.com,"03 de Febrero",https://www.facebook.com/quemona.quemona.1,29,,"Ciudad Autónoma de Buenos Aires","Buenos Aires",Argentina,100004997558661,"Clara Ryan",https://www.facebook.com/clariryaneventos,1
Leonardo,Catupecu,lcatupecu@facebook.com,"03 de Febrero",https://www.facebook.com/lcatupecu,,,"Ciudad Autónoma de Buenos Aires","Buenos Aires",Argentina,100001355151542,"Pato Pagano",https://www.facebook.com/pato.p111,1
Milu,Biragnet,milu.rubiia@facebook.com,"03 de Febrero",https://www.facebook.com/Milu.rubiia,,,"Ciudad Autónoma de Buenos Aires","Buenos Aires",Argentina,1533843786,"Facu Denegri",,1
Camila,Offermann,camila.offermann.1@facebook.com,"03 de Febrero",https://www.facebook.com/camila.offermann.1,,,"Ciudad Autónoma de Buenos Aires","Buenos Aires",Argentina,1260207873,"Jorge Biamonte",https://www.facebook.com/georgebiamonteok,1
Lucio,Garibaldi,lucio.garibaldi@facebook.com,"03 de Febrero",https://www.facebook.com/lucio.garibaldi,30,,"Ciudad Autónoma de Buenos Aires","Buenos Aires",Argentina,773742121,"Yanina Battiato",,1
Nancy,Lema,nancy.lema.75@facebook.com,"03 de Febrero",https://www.facebook.com/nancy.lema.75,,,"Ciudad Autónoma de Buenos Aires","Buenos Aires",Argentina,1159847081,"Marina Gispert Rieu",https://www.facebook.com/marina.gispertrieu,1
Luz,Adelardi,luchii.adelardi@facebook.com,"03 de Febrero",https://www.facebook.com/luchii.adelardi,,,"Ciudad Autónoma de Buenos Aires","Buenos Aires",Argentina,1041821451,"Joaquin Barraco",https://www.facebook.com/chino.barraco,1
Marcos,"Lopez Abreu",mlopezabreu@facebook.com,"03 de Febrero",https://www.facebook.com/mlopezabreu,30,,"Ciudad Autónoma de Buenos Aires","Buenos Aires",Argentina,100000526026606,"Brian Cano",,1
Ale,Toledo,zaphirotoledo@facebook.com,"03 de Febrero",https://www.facebook.com/zaphirotoledo,24,,"Ciudad Autónoma de Buenos Aires","Buenos Aires",Argentina,100003667854164,"Cesar Berdullas",https://www.facebook.com/cesar.berdullas,1
"Neverland Diseño Americano",Garcia,neverlanddisenoamericano.garcia@facebook.com,"03 de Febrero",https://www.facebook.com/neverlanddisenoamericano.garcia,30,,"Ciudad Autónoma de Buenos Aires","Buenos Aires",Argentina,100001177016599,"Kati Mosich",https://www.facebook.com/kati.mosich,1
Manu,Cichini,manu.cichini@facebook.com,"03 de Febrero",https://www.facebook.com/manu.cichini,24,,"Ciudad Autónoma de Buenos Aires","Buenos Aires",Argentina,513229027,"Mercedes Ferrario",https://www.facebook.com/mercedes.ferrario,1
Kevin,Bunbury,vegas.bunbury@facebook.com,"03 de Febrero",https://www.facebook.com/vegas.bunbury,27,,"Ciudad Autónoma de Buenos Aires","Buenos Aires",Argentina,100005680292525,"Ivan Lisz",,1
Dolo,"Fernandez Berisso",dolofberisso@facebook.com,"03 de Febrero",https://www.facebook.com/dolofberisso,22,,"Ciudad Autónoma de Buenos Aires","Buenos Aires",Argentina,100001908452823,"Ivan Achaval",https://www.facebook.com/ivancho.achaval,1
Vanessa,Ranchigmi,vanessa.ranchigmi@facebook.com,"03 de Febrero",https://www.facebook.com/vanessa.ranchigmi,23,,"Ciudad Autónoma de Buenos Aires","Buenos Aires",Argentina,100003590525822,"Federico Carrizo",https://www.facebook.com/federicoc,1
Blanca,Zarate,blanca.zarate.79@facebook.com,"03 de Febrero",https://www.facebook.com/blanca.zarate.79,,,"Ciudad Autónoma de Buenos Aires","Buenos Aires",Argentina,1249338190,"Lo Lola",,1
Daniela,Schmoll,daniela.schmoll.96@facebook.com,"03 de Febrero",https://www.facebook.com/daniela.schmoll.96,,,"Ciudad Autónoma de Buenos Aires","Buenos Aires",Argentina,100000686621488,"La Rockeria",https://www.facebook.com/oveja1,1
Madero,"YachtClub Puerto",yachtclubpuertomadero@facebook.com,"03 de Febrero",https://www.facebook.com/yachtclubpuertomadero,,,"Ciudad Autónoma de Buenos Aires","Buenos Aires",Argentina,100000603505771,"Gilson Piegas",https://www.facebook.com/Isenbeck,1
Ian,Jones,ianemmajones@facebook.com,"03 de Febrero",https://www.facebook.com/Ianemmajones,,,"Ciudad Autónoma de Buenos Aires","Buenos Aires",Argentina,1486917101,"Natalia Oviedo",,1
Ara,Berutti,araberutti@facebook.com,"03 de Febrero",https://www.facebook.com/araberutti,,,"Ciudad Autónoma de Buenos Aires","Buenos Aires",Argentina,100000515351930,"Daniel Barach",,1
Aleeh,Xandra,aleeh.xandra@facebook.com,"03 de Febrero",https://www.facebook.com/aleeh.xandra,,,"Ciudad Autónoma de Buenos Aires","Buenos Aires",Argentina,100004230343250,"Julio Roberto Cuevas",https://www.facebook.com/julioroberto.cuevas,1
Grupo,Alas,grupo.alas.7@facebook.com,"03 de Febrero",https://www.facebook.com/grupo.alas.7,28,,"Ciudad Autónoma de Buenos Aires","Buenos Aires",Argentina,100000278495971,"Flor Scalise",https://www.facebook.com/flor.scalise,1
Yanina,Toledo,yanina.toledo.10@facebook.com,"03 de Febrero",https://www.facebook.com/yanina.toledo.10,25,,"Ciudad Autónoma de Buenos Aires","Buenos Aires",Argentina,1576695406,"Paula Lara-Foti",https://www.facebook.com/paula.larafoti,1
Sabrina,Leiva,sabrinaleivagsrp@facebook.com,"03 de Febrero",https://www.facebook.com/sabrinaleivagsrp,,,"Ciudad Autónoma de Buenos Aires","Buenos Aires",Argentina,1406450160,"Brian Cano",,1
Santii,"Moon Jueves",santii.moonjueves@facebook.com,"03 de Febrero",https://www.facebook.com/santii.moonjueves,,,"Ciudad Autónoma de Buenos Aires","Buenos Aires",Argentina,100003797324996,"Emiliano Pirolo",https://www.facebook.com/emi.pirolo,1
Regina,Picone,reginapicone@facebook.com,"03 de Febrero",https://www.facebook.com/reginapicone,27,,"Ciudad Autónoma de Buenos Aires","Buenos Aires",Argentina,1143652311,"Juli Castellano",https://www.facebook.com/Juliiiiiiy,1
Mariano,Benchetrit,mariano.benchetrit@facebook.com,"03 de Febrero",https://www.facebook.com/mariano.benchetrit,,,"Ciudad Autónoma de Buenos Aires","Buenos Aires",Argentina,686384003,"Franco Marcoccia",https://www.facebook.com/franco.marcoccia,1
Antoni,Seara,antoni.searawp@facebook.com,"03 de Febrero",https://www.facebook.com/antoni.searawp,,,"Ciudad Autónoma de Buenos Aires","Buenos Aires",Argentina,1299131217,"Agus Rodriguez",,1
Alma,Arias,alma.arias.7374@facebook.com,"03 de Febrero",https://www.facebook.com/alma.arias.7374,,"Villa Crespo","Ciudad Autónoma de Buenos Aires","Buenos Aires",Argentina,100000158278643,"Mariana Aris",https://www.facebook.com/mariana.aris,1
Lucas,Folino,lucas.folino.39@facebook.com,"03 de Febrero",https://www.facebook.com/lucas.folino.39,25,,"Ciudad Autónoma de Buenos Aires","Buenos Aires",Argentina,100001519609346,"Gisele Fratini",https://www.facebook.com/giakdmik,1
David,Bruni,bruni.david@facebook.com,"03 de Febrero",https://www.facebook.com/bruni.david,,,"Ciudad Autónoma de Buenos Aires","Buenos Aires",Argentina,1353070369,"Sergio Acosta",,1
Lucas,Orban,lucasalfonsoorban22@facebook.com,"03 de Febrero",https://www.facebook.com/LucasAlfonsoOrban22,25,,"Ciudad Autónoma de Buenos Aires","Buenos Aires",Argentina,100003858885178,"Camila Perelló",https://www.facebook.com/camiperello,1
"La Bonoba","Cosas Monas",labonoba.cosasmonas@facebook.com,"03 de Febrero",https://www.facebook.com/labonoba.cosasmonas,24,,"Ciudad Autónoma de Buenos Aires","Buenos Aires",Argentina,100007918861918,"Chelu Chavez",https://www.facebook.com/chelu.chavez,1
Juan,David,juan.m.david.33@facebook.com,"03 de Febrero",https://www.facebook.com/juan.m.david.33,27,,"Ciudad Autónoma de Buenos Aires","Buenos Aires",Argentina,1166211655,"Juan Antonio Papagni Meca",https://www.facebook.com/juanantoniopapagnimeca,1
Nano,Savoy,nano.savoy@facebook.com,"03 de Febrero",https://www.facebook.com/nano.savoy,,,"Ciudad Autónoma de Buenos Aires","Buenos Aires",Argentina,568573476,"Candelaria Sires Barrantes",,1
Ezequiel,Ferrara,ferri1985@facebook.com,"03 de Febrero",https://www.facebook.com/ferri1985,,,"Ciudad Autónoma de Buenos Aires","Buenos Aires",Argentina,870295001,"Aline Vilches",,1
Adrian,Wolnowicz,adrian.e.wolnowicz@facebook.com,"03 de Febrero",https://www.facebook.com/adrian.e.wolnowicz,30,,"Ciudad Autónoma de Buenos Aires","Buenos Aires",Argentina,1167782467,"Vale Piedra",https://www.facebook.com/Valepiedra,1
Gabriel,Swatforyou,gabriel.swatforyou@facebook.com,"03 de Febrero",https://www.facebook.com/gabriel.swatforyou,,,"Ciudad Autónoma de Buenos Aires","Buenos Aires",Argentina,100003454975410,"Vale Piedra",https://www.facebook.com/Valepiedra,1
Rocio,Correa,buscoo.chicas@facebook.com,"03 de Febrero",https://www.facebook.com/buscoo.chicas,25,,"Ciudad Autónoma de Buenos Aires","Buenos Aires",Argentina,100002199202874,"Ian Szejner",,1
Daniela,Vacas,daanielaanaani@facebook.com,"03 de Febrero",https://www.facebook.com/daanielaanaani,25,,"Ciudad Autónoma de Buenos Aires","Buenos Aires",Argentina,743881008,"Christian Douer Chuky",https://www.facebook.com/christian.chuky,1
Ian,Jones,crobars@facebook.com,"03 de Febrero",https://www.facebook.com/crobars,,,"Ciudad Autónoma de Buenos Aires","Buenos Aires",Argentina,100002395390684,"Natalia Oviedo",,1
Melina,Poma,melina.poma@facebook.com,"03 de Febrero",https://www.facebook.com/melina.poma,25,,"Ciudad Autónoma de Buenos Aires","Buenos Aires",Argentina,648009853,"Santiago Villanueva",https://www.facebook.com/santiago.villanueva,1
Paola,Briggs,paola.briggs@facebook.com,"03 de Febrero",https://www.facebook.com/paola.briggs,,,"Ciudad Autónoma de Buenos Aires","Buenos Aires",Argentina,1149995302,"Romy Gutierrez Jaime",https://www.facebook.com/romygutierrezjaime,1
Lautii,Cabrera,lautii.cabrera@facebook.com,"03 de Febrero",https://www.facebook.com/lautii.cabrera,,,"Ciudad Autónoma de Buenos Aires","Buenos Aires",Argentina,100000099965977,"Sol Bettoni",,1
Nadia,Ocampo,nadia.ocampo.963@facebook.com,"03 de Febrero",https://www.facebook.com/nadia.ocampo.963,21,,"Ciudad Autónoma de Buenos Aires","Buenos Aires",Argentina,100001769184363,"Juan Elias Catan",https://www.facebook.com/juan.724,1
Denisse,Mujica,denisse.mujica.568@facebook.com,"03 de Febrero",https://www.facebook.com/denisse.mujica.568,25,"Villa Del Parque","Ciudad Autónoma de Buenos Aires","Buenos Aires",Argentina,100006486129386,"Fran L. Ocampo",https://www.facebook.com/franco,1
Carolina,Iudica,carolina.iudica.9@facebook.com,"02 de Febrero",https://www.facebook.com/carolina.iudica.9,28,,"Ciudad Autónoma de Buenos Aires","Buenos Aires",Argentina,100001388465515,"Pablo Dandrea",https://www.facebook.com/pablo.dandrea,1
Cecilia,Schulz,cecilia.schulz.5@facebook.com,"02 de Febrero",https://www.facebook.com/cecilia.schulz.5,,,"Ciudad Autónoma de Buenos Aires","Buenos Aires",Argentina,1463502480,"Silvia Fernandez",https://www.facebook.com/silviafernandezchivi,1
"Maria Clarie",Alonso,mariaclarie.alonso.1@facebook.com,"02 de Febrero",https://www.facebook.com/mariaclarie.alonso.1,24,,"Ciudad Autónoma de Buenos Aires","Buenos Aires",Argentina,100006873810134,"Agustin Sujo",https://www.facebook.com/agustin.sujook,1
Cartelera,Psi,cartelera.psi@facebook.com,"02 de Febrero",https://www.facebook.com/cartelera.psi,,,"Ciudad Autónoma de Buenos Aires","Buenos Aires",Argentina,100001071997090,"Ro Pietro",https://www.facebook.com/rochy.pietra,1
Holos,Capital,holoscapital@facebook.com,"02 de Febrero",https://www.facebook.com/holoscapital,,,"Ciudad Autónoma de Buenos Aires","Buenos Aires",Argentina,100001089349472,"Ro Pietro",https://www.facebook.com/rochy.pietra,1
Alexis,Patronis,elseptimoshinigami@facebook.com,"02 de Febrero",https://www.facebook.com/elseptimoshinigami,,,"Ciudad Autónoma de Buenos Aires","Buenos Aires",Argentina,844264786,"Tomas Ini",,1
Marina,Graziano,marinaveroni.graziano@facebook.com,"02 de Febrero",https://www.facebook.com/marinaveroni.graziano,30,,"Ciudad Autónoma de Buenos Aires","Buenos Aires",Argentina,100004046536181,"Maria Laura Mortensen",,1
"Sol Solar Corp",Eventos,sol.solarcorp@facebook.com,"02 de Febrero",https://www.facebook.com/sol.solarcorp,26,,"Ciudad Autónoma de Buenos Aires","Buenos Aires",Argentina,100006298544095,"Tatiana Petroccelli",https://www.facebook.com/tanshanita,1
"Ana Karina",Montone,anakarina.montone@facebook.com,"02 de Febrero",https://www.facebook.com/anakarina.montone,,,"Ciudad Autónoma de Buenos Aires","Buenos Aires",Argentina,1180807378,"Sabrina Fuchs",,1
Dami,Cantone,daami.rodriiiguez@facebook.com,"02 de Febrero",https://www.facebook.com/daami.Rodriiiguez,,,"Ciudad Autónoma de Buenos Aires","Buenos Aires",Argentina,1409950421,"Matias Blas",https://www.facebook.com/Matias.Blas,1
Kevin,Galdieri,kevingaldieri@facebook.com,"02 de Febrero",https://www.facebook.com/kevingaldieri,,,"Ciudad Autónoma de Buenos Aires","Buenos Aires",Argentina,1642195987,"Gabi López",,1
Ludmi,Duarte,ludmi.duarte.16@facebook.com,"02 de Febrero",https://www.facebook.com/ludmi.duarte.16,27,,"Ciudad Autónoma de Buenos Aires","Buenos Aires",Argentina,100000070891757,"Christian Douer Chuky",https://www.facebook.com/christian.chuky,1
Jaazz,Barberi,jazz.barberi.3@facebook.com,"02 de Febrero",https://www.facebook.com/jazz.barberi.3,,"Buenos Aires","Buenos Aires","Buenos Aires",Argentina,100005246079818,"Sol Vallejo",0,1
Purr,Libros,purr.libros@facebook.com,"02 de Febrero",https://www.facebook.com/purr.libros,24,,"Ciudad Autónoma de Buenos Aires","Buenos Aires",Argentina,1476047026,"Valentin Abelardo",https://www.facebook.com/valentin.abelardo,1
"Carlos Gardel",Hostel,carlosgardel.hostel@facebook.com,"02 de Febrero",https://www.facebook.com/carlosgardel.hostel,26,,"Ciudad Autónoma de Buenos Aires","Buenos Aires",Argentina,1181438824,"Nadia Vannessa",https://www.facebook.com/nadiavannessa18,1
Delfi,"de la Torre",finodelatorre@facebook.com,"02 de Febrero",https://www.facebook.com/FinodelaTorre,,Recoleta,"Ciudad Autónoma de Buenos Aires","Buenos Aires",Argentina,673134346,"Vicky Diaz",,1
Sara,Kim,sarakim05@facebook.com,"02 de Febrero",https://www.facebook.com/sarakim05,27,"Buenos Aires","Buenos Aires","Buenos Aires",Argentina,545162248,"Alan Yun",0,1
Mauro,Berardi,berardimauro@facebook.com,"02 de Febrero",https://www.facebook.com/berardimauro,25,,"Ciudad Autónoma de Buenos Aires","Buenos Aires",Argentina,1093243165,"Ignacio Busquiazo",https://www.facebook.com/ignacio.busquiazo,1
Mauro,Mariani,mauro.mariani.33@facebook.com,"02 de Febrero",https://www.facebook.com/mauro.mariani.33,,,"Ciudad Autónoma de Buenos Aires","Buenos Aires",Argentina,1300086556,"Manu Dadaglio",,1
Nadia,Benedicto,nadia.benedicto@facebook.com,"02 de Febrero",https://www.facebook.com/nadia.benedicto,,,"Ciudad Autónoma de Buenos Aires","Buenos Aires",Argentina,1371082197,"Barby Lanata",https://www.facebook.com/barby.lanata,1
Naty,Torrez,naty.torrez.1@facebook.com,"02 de Febrero",https://www.facebook.com/naty.torrez.1,24,,"Ciudad Autónoma de Buenos Aires","Buenos Aires",Argentina,1623910859,"Tamara Castillo",,1
Kushen,Bar,kushen.bar@facebook.com,"02 de Febrero",https://www.facebook.com/kushen.bar,29,"Buenos Aires","Buenos Aires","Buenos Aires",Argentina,1110092957,"David Ricardo Irusta",0,1
Martin,"Mello Teggia",mons139@facebook.com,"02 de Febrero",https://www.facebook.com/Mons139,24,,"Ciudad Autónoma de Buenos Aires","Buenos Aires",Argentina,514569806,"Vicky Blengini",https://www.facebook.com/vicky.blengini,1
Laura,Pomaroll,lau.rita.906@facebook.com,"02 de Febrero",https://www.facebook.com/lau.rita.906,,,"Ciudad Autónoma de Buenos Aires","Buenos Aires",Argentina,100000257938804,"Julio Roberto Cuevas",https://www.facebook.com/julioroberto.cuevas,1
Laura,Cejas,laura.cejas.771@facebook.com,"02 de Febrero",https://www.facebook.com/laura.cejas.771,26,,"Ciudad Autónoma de Buenos Aires","Buenos Aires",Argentina,100002376673056,"Juan Manuel Fotografo",https://www.facebook.com/JuanmaJMFotoEstudio,1
Smw,MK,smw.mk@facebook.com,"02 de Febrero",https://www.facebook.com/smw.mk,,,"Ciudad Autónoma de Buenos Aires","Buenos Aires",Argentina,100000984625905,"Belen Loccisano",https://www.facebook.com/belen.loccisano,1
Mel,Miel,melisa.jankac@facebook.com,"02 de Febrero",https://www.facebook.com/melisa.jankac,,,"Ciudad Autónoma de Buenos Aires","Buenos Aires",Argentina,641614262,"Gabriela Rosito",https://www.facebook.com/gabriela.rosito,1
Agustin,Gallo,agustin.gallo.3726@facebook.com,"02 de Febrero",https://www.facebook.com/agustin.gallo.3726,26,,"Ciudad Autónoma de Buenos Aires","Buenos Aires",Argentina,100001862520183,"Flor Encino",https://www.facebook.com/flopy.encino,1
Kevin,Cabuli,kevincabuli24@facebook.com,"02 de Febrero",https://www.facebook.com/kevincabuli24,22,,"Ciudad Autónoma de Buenos Aires","Buenos Aires",Argentina,806545409,"Juan Martin Segre",https://www.facebook.com/juan.segre,1
Gustavo,AssertiveGroup,gustavo.assertivegroup@facebook.com,"02 de Febrero",https://www.facebook.com/gustavo.assertivegroup,30,,"Ciudad Autónoma de Buenos Aires","Buenos Aires",Argentina,100002168224066,"Franco Palermo",,1
Adriana,Cali,adrianamonica.cali@facebook.com,"02 de Febrero",https://www.facebook.com/adrianamonica.cali,,,"Ciudad Autónoma de Buenos Aires","Buenos Aires",Argentina,1136375133,"Natalia Malvaso",https://www.facebook.com/natalia.malvaso,1
Daniel,Santiesteban,daniel.santiesteban.3@facebook.com,"02 de Febrero",https://www.facebook.com/daniel.santiesteban.3,22,"San Telmo","Ciudad Autónoma de Buenos Aires","Buenos Aires",Argentina,1614882610,"Maria Quevedo",https://www.facebook.com/mery.quevedo3,1
Leonela,Kavaliauskas,leonela.kavaliauskas@facebook.com,"02 de Febrero",https://www.facebook.com/leonela.kavaliauskas,,,"Ciudad Autónoma de Buenos Aires","Buenos Aires",Argentina,1491880734,"Thomas Jensen",,1
Ichiba,"Productos Japoneses",productosjaponesesichiba@facebook.com,"02 de Febrero",https://www.facebook.com/productosjaponesesichiba,29,,"Ciudad Autónoma de Buenos Aires","Buenos Aires",Argentina,100002110660374,"Daniel Arbol",https://www.facebook.com/darbol1,1
Luur,Cai,luuur.boedo@facebook.com,"02 de Febrero",https://www.facebook.com/luuur.boedo,,Boedo,"Ciudad Autónoma de Buenos Aires","Distrito Federal",Argentina,1491805416,"Aylu Macchi",,1
Cristela,Vazquez,cristela.vazquez.3@facebook.com,"02 de Febrero",https://www.facebook.com/cristela.vazquez.3,,,"Ciudad Autónoma de Buenos Aires","Buenos Aires",Argentina,1619025216,"Jo Py Na",https://www.facebook.com/jopyna,1
Angel,Bolaño,angel.bolano.3@facebook.com,"02 de Febrero",https://www.facebook.com/angel.bolano.3,24,,"Ciudad Autónoma de Buenos Aires","Buenos Aires",Argentina,100003927938202,"Cielito Perez",,1
Augusto,Matacotta,augusto.matacotta@facebook.com,"02 de Febrero",https://www.facebook.com/augusto.matacotta,,,"Ciudad Autónoma de Buenos Aires","Buenos Aires",Argentina,547158575,"Vicky Diaz",,1
Javier,Quintana,javier.quintana.965928@facebook.com,"02 de Febrero",https://www.facebook.com/javier.quintana.965928,29,,"Ciudad Autónoma de Buenos Aires","Buenos Aires",Argentina,100005973486070,"Cristian Fernandez Villamor",https://www.facebook.com/cristian.fernandezvillamo,1
Fabricio,Cocimano,fabri.cocimano@facebook.com,"02 de Febrero",https://www.facebook.com/fabri.cocimano,21,"Villa Ortúzar","Ciudad Autónoma de Buenos Aires","Distrito Federal",Argentina,1128420967,"Fátima Belén Zárate",,1
Ludmi,Gregorr,ludmi.delafe.12@facebook.com,"02 de Febrero",https://www.facebook.com/ludmi.delafe.12,24,,"Ciudad Autónoma de Buenos Aires","Buenos Aires",Argentina,100004343950524,"Julio Roberto Cuevas",https://www.facebook.com/julioroberto.cuevas,1
Lu,"Fibro Facil",lu.lopez.52056@facebook.com,"02 de Febrero",https://www.facebook.com/lu.lopez.52056,27,,"Ciudad Autónoma de Buenos Aires","Buenos Aires",Argentina,100005138500341,"Emme Elle Russo",https://www.facebook.com/emme.shantiom,1
Martin,Kloster,mkloster22@facebook.com,"02 de Febrero",https://www.facebook.com/mkloster22,,,"Ciudad Autónoma de Buenos Aires","Buenos Aires",Argentina,100000641392699,"Claudio Arias",https://www.facebook.com/clautrance,1
Seba,Russo,sebastianariel.russo@facebook.com,"02 de Febrero",https://www.facebook.com/sebastianariel.russo,30,,"Ciudad Autónoma de Buenos Aires","Buenos Aires",Argentina,767564723,"Tatiana Petroccelli",https://www.facebook.com/tanshanita,1
Federico,Luchetti,modifederico@facebook.com,"02 de Febrero",https://www.facebook.com/modifederico,26,,"Ciudad Autónoma de Buenos Aires","Buenos Aires",Argentina,100003627524398,"Stefi Chiarullo",https://www.facebook.com/stefi.chiarullo,1
Silvana,Campos,silvana.campos1@facebook.com,"02 de Febrero",https://www.facebook.com/silvana.campos1,,"Buenos Aires","Buenos Aires","Buenos Aires",Argentina,1257490242,"Boio Kreutzer",0,1
Mgmstore,"Celulares Alta Gama",mgmstorealtagama@facebook.com,"02 de Febrero",https://www.facebook.com/MGMSTOREaltagama,,,"Ciudad Autónoma de Buenos Aires","Buenos Aires",Argentina,1326460332,"Cristian Fernandez Villamor",https://www.facebook.com/cristian.fernandezvillamo,1
German,Racana,german.racana@facebook.com,"02 de Febrero",https://www.facebook.com/german.racana,,,"Ciudad Autónoma de Buenos Aires","Buenos Aires",Argentina,1515315551,"Lucas Funes",https://www.facebook.com/SkriLef14,1
"Juan Cruz Barrera",Jenka,juancruzbarrera.jenka@facebook.com,"02 de Febrero",https://www.facebook.com/juancruzbarrera.jenka,,,"Ciudad Autónoma de Buenos Aires","Buenos Aires",Argentina,819549511,"Brenda Fabregat",https://www.facebook.com/brenda.fabregat,1
Novias,"On Line",novias.online@facebook.com,"02 de Febrero",https://www.facebook.com/novias.online,,Recoleta,"Ciudad Autónoma de Buenos Aires","Buenos Aires",Argentina,100001141620350,"Juan Manuel Fotografo",https://www.facebook.com/JuanmaJMFotoEstudio,1
Tuequito,Scopetta,tuequito.scopetta@facebook.com,"02 de Febrero",https://www.facebook.com/tuequito.scopetta,,,"Ciudad Autónoma de Buenos Aires","Buenos Aires",Argentina,100001780913133,"Maria Florencia Lioni Tarsitano",https://www.facebook.com/mariaflorencia.lionitarsi,1
Teki,Kwon,tekhiong.kwon@facebook.com,"02 de Febrero",https://www.facebook.com/tekhiong.kwon,,"Buenos Aires","Buenos Aires","Buenos Aires",Argentina,100000027957918,"Alan Yun",0,1
Renata,Sánchez,renatashoes@facebook.com,"02 de Febrero",https://www.facebook.com/renatashoes,,,"Ciudad Autónoma de Buenos Aires","Buenos Aires",Argentina,100001818510159,"Maria Florencia Lioni Tarsitano",https://www.facebook.com/mariaflorencia.lionitarsi,1
Vahap,Özdemir,vahap.ozdemir.315@facebook.com,"02 de Febrero",https://www.facebook.com/vahap.ozdemir.315,22,,"Ciudad Autónoma de Buenos Aires","Buenos Aires",Argentina,100000243326347,"Fiestas Baires",,1
Gusti,Chayle,gusti.chayle@facebook.com,"02 de Febrero",https://www.facebook.com/gusti.chayle,,,"Ciudad Autónoma de Buenos Aires","Buenos Aires",Argentina,1343232779,"Matias Blas",https://www.facebook.com/Matias.Blas,1
Loli,Almada,loli.almada.71@facebook.com,"02 de Febrero",https://www.facebook.com/loli.almada.71,27,,"Ciudad Autónoma de Buenos Aires","Buenos Aires",Argentina,100007778442412,"Christian Kraemer",https://www.facebook.com/christian.kraemer,1
Lucas,"Abraham Green",lucas.abrahamgreen@facebook.com,"02 de Febrero",https://www.facebook.com/lucas.abrahamgreen,,,"Ciudad Autónoma de Buenos Aires","Buenos Aires",Argentina,823905969,"Vicky Diaz",,1
Juan,Soler,juan.soler.39948@facebook.com,"02 de Febrero",https://www.facebook.com/juan.soler.39948,29,,"Ciudad Autónoma de Buenos Aires","Buenos Aires",Argentina,100000022894521,"Lin Min May",https://www.facebook.com/cata277,1
Bruno,Indomito,bruno.indomito@facebook.com,"02 de Febrero",https://www.facebook.com/bruno.indomito,,,"Ciudad Autónoma de Buenos Aires","Buenos Aires",Argentina,660136844,"Santiago Villanueva",https://www.facebook.com/santiago.villanueva,1
Cruz,"Roja Argentina",cruz.rojaargentina.5@facebook.com,"01 de Febrero",https://www.facebook.com/cruz.rojaargentina.5,24,,"Ciudad Autónoma de Buenos Aires","Buenos Aires",Argentina,100001902091290,"Claudio Arias",https://www.facebook.com/clautrance,1
Camilo,Piccone,picarone@facebook.com,"01 de Febrero",https://www.facebook.com/picarone,,"Buenos Aires","Buenos Aires","Buenos Aires",Argentina,773368748,"Juan Pablo Aleman",0,1
Ecuador,Viajes,vacacionesa.montanitas@facebook.com,"01 de Febrero",https://www.facebook.com/vacacionesa.montanitas,26,,"Ciudad Autónoma de Buenos Aires","Buenos Aires",Argentina,100003948579191,"Andrea Flijer",https://www.facebook.com/andrea.flijer,1
Ludmila,Skratulia,ludmila.skratulia@facebook.com,"01 de Febrero",https://www.facebook.com/ludmila.skratulia,,,"Ciudad Autónoma de Buenos Aires","Buenos Aires",Argentina,1057312500,"Axx Agustin",https://www.facebook.com/Ax.Agustin,1
Uniline,Exhibitions,uniline.exhibitions@facebook.com,"01 de Febrero",https://www.facebook.com/uniline.exhibitions,30,,"Ciudad Autónoma de Buenos Aires","Buenos Aires",Argentina,100003870157854,"Cuadra Vicky",,1
Ellas,Moda,ellas.modaa@facebook.com,"01 de Febrero",https://www.facebook.com/ellas.modaa,30,,"Ciudad Autónoma de Buenos Aires","Buenos Aires",Argentina,100003955676216,"Cuadra Vicky",,1
Joaco,Palencia,joaco.palencia@facebook.com,"01 de Febrero",https://www.facebook.com/joaco.palencia,,,"Ciudad Autónoma de Buenos Aires","Buenos Aires",Argentina,512913143,"Jero Salsamendi",https://www.facebook.com/jero.salsamendi,1
Graciela,Marta,graciela.marta.7@facebook.com,"01 de Febrero",https://www.facebook.com/graciela.marta.7,,,"Ciudad Autónoma de Buenos Aires","Buenos Aires",Argentina,1427203571,"Joaquin Perez Flenche",,1
Apac,"Uno Punto Cuatro",apac.milcuatrocientos@facebook.com,"01 de Febrero",https://www.facebook.com/apac.milcuatrocientos,28,,"Ciudad Autónoma de Buenos Aires","Buenos Aires",Argentina,100008008240686,"Sebastian Daniel Riccardi",https://www.facebook.com/sebastian.riccardi,1
Yamila,Piñero,yaya.pinero.1@facebook.com,"01 de Febrero",https://www.facebook.com/yaya.pinero.1,23,,"Ciudad Autónoma de Buenos Aires","Buenos Aires",Argentina,1145911417,"Juan Manuel Vilagut",https://www.facebook.com/jvilagut1,1
Garden,Hostel,hostelgardenhouse@facebook.com,"01 de Febrero",https://www.facebook.com/hostelgardenhouse,26,,"Ciudad Autónoma de Buenos Aires","Buenos Aires",Argentina,1738324533,"Agustin Justin",https://www.facebook.com/Agustin.Justin,1
Iñaki,Marinucci,ignacio.marinucci.1@facebook.com,"01 de Febrero",https://www.facebook.com/ignacio.marinucci.1,,,"Ciudad Autónoma de Buenos Aires","Buenos Aires",Argentina,1491016578,"Agus Rodriguez",,1
MarVil,Price,marvil.price@facebook.com,"01 de Febrero",https://www.facebook.com/marvil.price,24,,"Ciudad Autónoma de Buenos Aires","Buenos Aires",Argentina,100002713759628,"Micaa Villa",https://www.facebook.com/MicaaElaVilla,1
Espacio,Cucoco,espacio.cucoco@facebook.com,"01 de Febrero",https://www.facebook.com/espacio.cucoco,,Saavedra,"Ciudad Autónoma de Buenos Aires","Buenos Aires",Argentina,100001854484883,"Lucia Marti",https://www.facebook.com/luli.marti,1
Milena,Leone,milu.leone@facebook.com,"01 de Febrero",https://www.facebook.com/milu.leone,23,,"Ciudad Autónoma de Buenos Aires","Buenos Aires",Argentina,1285793175,"Nicolás García",https://www.facebook.com/Niccccccccco,1
"Zac Zas",Bon,zaczas@facebook.com,"01 de Febrero",https://www.facebook.com/zaczas,30,,"Ciudad Autónoma de Buenos Aires","Buenos Aires",Argentina,100003508125013,"Jero Salsamendi",https://www.facebook.com/jero.salsamendi,1
Eli,Bosoer,eli.bosoer@facebook.com,"01 de Febrero",https://www.facebook.com/eli.bosoer,26,,"Ciudad Autónoma de Buenos Aires","Buenos Aires",Argentina,556933168,"Christian Douer Chuky",https://www.facebook.com/christian.chuky,1
Ezequiel,Castorina,ezequiel.castorina@facebook.com,"01 de Febrero",https://www.facebook.com/ezequiel.castorina,23,,"Ciudad Autónoma de Buenos Aires","Buenos Aires",Argentina,689692413,"Tamara Arias",,1
Nicolas,Barreira,nikobarreira@facebook.com,"01 de Febrero",https://www.facebook.com/nikobarreira,,,"Ciudad Autónoma de Buenos Aires","Buenos Aires",Argentina,1496830422,"Jonathan Julian",,1
Gonzalo,Miranda,gonzalo.l.miranda@facebook.com,"01 de Febrero",https://www.facebook.com/gonzalo.l.miranda,,,"Ciudad Autónoma de Buenos Aires","Buenos Aires",Argentina,100003280635214,"Melo Dellarole",https://www.facebook.com/melodellarole,1
Maca,Roel,maca.roel@facebook.com,"01 de Febrero",https://www.facebook.com/maca.roel,,,"Ciudad Autónoma de Buenos Aires","Buenos Aires",Argentina,100003038294097,"Juan Cruz Albornoz",,1
Florencia,Sambrana,florencia.sambrana@facebook.com,"01 de Febrero",https://www.facebook.com/florencia.sambrana,22,,"Ciudad Autónoma de Buenos Aires","Buenos Aires",Argentina,1141252543,"Jonathan Julian",,1
Julie,Diaz,julietita.carocita@facebook.com,"01 de Febrero",https://www.facebook.com/julietita.carocita,23,,"Ciudad Autónoma de Buenos Aires","Buenos Aires",Argentina,100003255192500,"Nahu Millicay Pereyra",https://www.facebook.com/nahumilli,1
FactoryRadio,Net,factoryradio.net@facebook.com,"01 de Febrero",https://www.facebook.com/factoryradio.net,,,"Ciudad Autónoma de Buenos Aires","Buenos Aires",Argentina,100005580757110,"Silvia Fernandez",https://www.facebook.com/silviafernandezchivi,1
Judith,Adler,judith.adler.777@facebook.com,"01 de Febrero",https://www.facebook.com/judith.adler.777,,,"Ciudad Autónoma de Buenos Aires","Buenos Aires",Argentina,100005448403183,"Claudio Arias",https://www.facebook.com/clautrance,1
Piur,Costanera,piur.buenosaires@facebook.com,"01 de Febrero",https://www.facebook.com/piur.buenosaires,24,,"Ciudad Autónoma de Buenos Aires","Buenos Aires",Argentina,100000538695441,"Kar Elizabeth Avila",https://www.facebook.com/Kaari94,1
Consultora,Ibarómetro,consultora.ibarometro@facebook.com,"01 de Febrero",https://www.facebook.com/consultora.ibarometro,,,"Ciudad Autónoma de Buenos Aires","Buenos Aires",Argentina,100001846017139,"Daniel Arbol",https://www.facebook.com/darbol1,1
Viole,Rud,loliinekovampiresco@facebook.com,"01 de Febrero",https://www.facebook.com/LoliiNekoVampiresco,,,"Ciudad Autónoma de Buenos Aires","Buenos Aires",Argentina,1603253442,"Aldana Queirolo",https://www.facebook.com/aldana.queirolo,1
ComAmbiental,"Equipo Dos",comambiental2@facebook.com,"01 de Febrero",https://www.facebook.com/comambiental2,,,"Ciudad Autónoma de Buenos Aires","Buenos Aires",Argentina,100001798562065,"Flor De Santa",https://www.facebook.com/florencia.pacella,1
Chojan,Kistermann,chojanaraoz@facebook.com,"01 de Febrero",https://www.facebook.com/chojanaraoz,,,"Ciudad Autónoma de Buenos Aires","Buenos Aires",Argentina,100001802289773,"Flor De Santa",https://www.facebook.com/florencia.pacella,1
"Pasion Por","Hockey Geba",pasionpor.hockeygeba@facebook.com,"01 de Febrero",https://www.facebook.com/pasionpor.hockeygeba,23,,"Ciudad Autónoma de Buenos Aires","Buenos Aires",Argentina,100003497788604,"Agustina Del Rosario Anzisi",https://www.facebook.com/AgustinadelRosario,1
Evelyn,Macarena,evelyn.macarena.9@facebook.com,"01 de Febrero",https://www.facebook.com/evelyn.macarena.9,,,"Ciudad Autónoma de Buenos Aires","Buenos Aires",Argentina,1644751659,"Bian Tedesco",https://www.facebook.com/biaantedesco,1
"Jose Luis","Pereira Arias",jpereiraarias@facebook.com,"01 de Febrero",https://www.facebook.com/jpereiraarias,,,"Ciudad Autónoma de Buenos Aires","Buenos Aires",Argentina,100001302648811,"Riberas Del Parana",https://www.facebook.com/riberas.delparana,1
Andrea,Veroni,carlos.veroni@facebook.com,"01 de Febrero",https://www.facebook.com/carlos.veroni,,"Buenos Aires","Buenos Aires","Buenos Aires",Argentina,601095085,"Debora Lopez Sosa",0,1
Hecho,"En Los Ochentas",hecho.enlosochentas@facebook.com,"01 de Febrero",https://www.facebook.com/hecho.enlosochentas,,,"Ciudad Autónoma de Buenos Aires","Buenos Aires",Argentina,100001926469857,"Silvia Fernandez",https://www.facebook.com/silviafernandezchivi,1
Santiago,"Jiu Jitsu",santiago.jiujitsu@facebook.com,"01 de Febrero",https://www.facebook.com/santiago.jiujitsu,29,,"Ciudad Autónoma de Buenos Aires","Buenos Aires",Argentina,100000730585880,"Sergio Acosta",,1
Daniela,"Vazquez ?ï?",danni.danniela@facebook.com,"01 de Febrero",https://www.facebook.com/danni.danniela,26,,"Ciudad Autónoma de Buenos Aires","Buenos Aires",Argentina,100001082686655,"Guada Lozano",,1
Artifice,Textual,artifice.textual@facebook.com,"01 de Febrero",https://www.facebook.com/artifice.textual,,,"Ciudad Autónoma de Buenos Aires","Buenos Aires",Argentina,100001914403192,"Majo López Tavani",https://www.facebook.com/lasplumas,1
Nicolas,Colaone,nickcolaone@facebook.com,"01 de Febrero",https://www.facebook.com/nickcolaone,,Barracas,"Ciudad Autónoma de Buenos Aires","Buenos Aires",Argentina,1550928043,"Bë Döbiencita",https://www.facebook.com/be.dobiencita,1
Mayra,Ruiz,mayra.ruiz.9210@facebook.com,"01 de Febrero",https://www.facebook.com/mayra.ruiz.9210,25,,"Ciudad Autónoma de Buenos Aires","Buenos Aires",Argentina,1205712039,"Nicolas Baumann",https://www.facebook.com/redcarpetpalermo,1
Sofia,Escurra,sofia.escurra.1@facebook.com,"01 de Febrero",https://www.facebook.com/sofia.escurra.1,,,"Ciudad Autónoma de Buenos Aires","Buenos Aires",Argentina,100003593641508,"Felicitas Ghigliotti",https://www.facebook.com/felicitas.ghigliotti,1
Pablo,Elian,pablo.elian@facebook.com,"01 de Febrero",https://www.facebook.com/pablo.elian,,,"Ciudad Autónoma de Buenos Aires","Buenos Aires",Argentina,100000672368922,"Nicolás García",https://www.facebook.com/Niccccccccco,1
Ariel,"Casco Comanche",ariel.cascocomanche.9@facebook.com,"01 de Febrero",https://www.facebook.com/ariel.cascocomanche.9,,,"Ciudad Autónoma de Buenos Aires","Buenos Aires",Argentina,1405341616,"Silvia Fernandez",https://www.facebook.com/silviafernandezchivi,1
Julián,Busacca,julian.busacca.9@facebook.com,"01 de Febrero",https://www.facebook.com/julian.busacca.9,22,,"Ciudad Autónoma de Buenos Aires","Buenos Aires",Argentina,1316929260,"Juan Cruz Albornoz",,1
Oliverio,"Construcciones Artisticas",oliverio.construccionesartisticas.9@facebook.com,"01 de Febrero",https://www.facebook.com/oliverio.construccionesartisticas.9,24,,"Ciudad Autónoma de Buenos Aires","Buenos Aires",Argentina,100008002410773,"Aldana Queirolo",https://www.facebook.com/aldana.queirolo,1
CrobarKeek,Dosmilcatorce,keekcrobar@facebook.com,"01 de Febrero",https://www.facebook.com/keekcrobar,22,,"Ciudad Autónoma de Buenos Aires","Buenos Aires",Argentina,100008033801840,"Aylu Macchi",,1
Nico,Fiedrich,nico.kardashian@facebook.com,"01 de Febrero",https://www.facebook.com/Nico.Kardashian,24,Barracas,"Ciudad Autónoma de Buenos Aires","Buenos Aires",Argentina,1484019043,"Ayu Casanova",,1
Milo,Radovic,benjamin.lausic@facebook.com,"01 de Febrero",https://www.facebook.com/benjamin.lausic,25,,"Ciudad Autónoma de Buenos Aires","Buenos Aires",Argentina,1018630035,"Ana Jasibe",https://www.facebook.com/ana.jasibe,1
Juan,Liotta,juan.m.liotta@facebook.com,"01 de Febrero",https://www.facebook.com/juan.m.liotta,,,"Ciudad Autónoma de Buenos Aires","Buenos Aires",Argentina,1019201903,"Agus Rodriguez",,1
Ale,Román,hola.ale.roman@facebook.com,"01 de Febrero",https://www.facebook.com/hola.ale.roman,28,,"Ciudad Autónoma de Buenos Aires","Buenos Aires",Argentina,1127547086,"Laurita Menichetti",https://www.facebook.com/laurita.menichetti,1
Aldo,Gimenez,aldo.gimenez.108@facebook.com,"01 de Febrero",https://www.facebook.com/aldo.gimenez.108,,,"Ciudad Autónoma de Buenos Aires","Buenos Aires",Argentina,1510913300,"Franco Marcoccia",https://www.facebook.com/franco.marcoccia,1
Karyna,Fermandez,karyna.fernandez1630@facebook.com,"01 de Febrero",https://www.facebook.com/karyna.fernandez1630,,,"Ciudad Autónoma de Buenos Aires","Buenos Aires",Argentina,100000571295511,"Juli Castellano",https://www.facebook.com/Juliiiiiiy,1
Lulita,Kim,lulita.pink@facebook.com,"01 de Febrero",https://www.facebook.com/lulita.pink,27,"Buenos Aires","Buenos Aires","Buenos Aires",Argentina,1847002403,"Alan Yun",0,1
Juliana,Sapere,juliana.sapere@facebook.com,"01 de Febrero",https://www.facebook.com/juliana.sapere,,,"Ciudad Autónoma de Buenos Aires","Buenos Aires",Argentina,1603092428,"Diandra Lesly",https://www.facebook.com/diandra.lesly,1
Tomi,Gastón,tomi.gaston@facebook.com,"01 de Febrero",https://www.facebook.com/tomi.gaston,,,"Ciudad Autónoma de Buenos Aires","Buenos Aires",Argentina,1236531521,"Dafne Antonella Zas Amy",,1
Nicky,Jones,nicky.jones.3386@facebook.com,"01 de Febrero",https://www.facebook.com/nicky.jones.3386,,,"Ciudad Autónoma de Buenos Aires","Buenos Aires",Argentina,100002428566649,"Vanesa Macias",https://www.facebook.com/vanesa.macias1,1
Carmen,Barbieri,carmen.barbieriok@facebook.com,"01 de Febrero",https://www.facebook.com/carmen.barbieriok,,,"Ciudad Autónoma de Buenos Aires","Buenos Aires",Argentina,100007123351767,"Cristian Fernandez Villamor",https://www.facebook.com/cristian.fernandezvillamo,1
Diego,Fosco,diego.fosco.3@facebook.com,"01 de Febrero",https://www.facebook.com/diego.fosco.3,21,,"Ciudad Autónoma de Buenos Aires","Buenos Aires",Argentina,1491422198,"Tomás Eis",,1
Nadia,EsqCrz,girlfixerr@facebook.com,"01 de Febrero",https://www.facebook.com/girlfixerr,,,"Ciudad Autónoma de Buenos Aires","Buenos Aires",Argentina,1231368019,"Tomas Zocca",https://www.facebook.com/tomyzocca,1
Lucrecia,Conte,lucreconte@facebook.com,"01 de Febrero",https://www.facebook.com/LucreConte,25,,"Ciudad Autónoma de Buenos Aires","Buenos Aires",Argentina,1573091002,"Julio Roberto Cuevas",https://www.facebook.com/julioroberto.cuevas,1
Cristal,Arranda,cristal.arranda.3@facebook.com,"01 de Febrero",https://www.facebook.com/cristal.arranda.3,24,,"Ciudad Autónoma de Buenos Aires","Buenos Aires",Argentina,100006515059259,"Alejandra Diaz De Vivar",,1
"Brushing Progresivo-","Alisados Permanentes",brushingprogresivo.alisadospermanentes@facebook.co,"01 de Febrero",https://www.facebook.com/brushingprogresivo.alisadospermanentes,25,,"Ciudad Autónoma de Buenos Aires","Buenos Aires",Argentina,100000287566131,"Di Anela",https://www.facebook.com/romerodianela,1
Jardines,Neyco,jardines.neyco.5@facebook.com,"01 de Febrero",https://www.facebook.com/jardines.neyco.5,24,,"Ciudad Autónoma de Buenos Aires","Buenos Aires",Argentina,100007789920031,"Natalia Tarelli",,1
Milagritos,Santillan,ayelen.santillan@facebook.com,"01 de Febrero",https://www.facebook.com/ayelen.santillan,23,,"Ciudad Autónoma de Buenos Aires","Buenos Aires",Argentina,100000178365575,"Celeste Heli",https://www.facebook.com/celeste.heli,1
Wall,Paz,wall.paz@facebook.com,"01 de Febrero",https://www.facebook.com/wall.paz,23,,"Ciudad Autónoma de Buenos Aires","Buenos Aires",Argentina,1152250774,"Bë Döbiencita",https://www.facebook.com/be.dobiencita,1
Agus,Quevedo,agustin.quevedo@facebook.com,"01 de Febrero",https://www.facebook.com/agustin.quevedo,,,"Ciudad Autónoma de Buenos Aires","Buenos Aires",Argentina,565971064,"Ignacio Busquiazo",https://www.facebook.com/ignacio.busquiazo,1
Julieta,Passarini,julieta.passarini@facebook.com,"01 de Febrero",https://www.facebook.com/julieta.passarini,,,"Ciudad Autónoma de Buenos Aires","Buenos Aires",Argentina,518936508,"Valentino Fabre",https://www.facebook.com/valenfabre,1
"El Campito","Refugio Canino",refugioelcampito@facebook.com,"01 de Febrero",https://www.facebook.com/refugioelcampito,,,"Ciudad Autónoma de Buenos Aires","Buenos Aires",Argentina,1804733710,"Gimena Yamila Yerden Giaquinto",https://www.facebook.com/Gimetrance,1
