Nombre,Apellido,"Email Facebook",Cumpleaños,"Usuario Facebook",Edad,Barrio,Ciudad,Provincia,Pais,"ID Facebook","Amigo De","Amigo De (Usuario)"
Joy,Klinkovich,Joy.Klinkovich@facebook.com,"23 de Marzo",https://www.facebook.com/Joy.Klinkovich,29,,"Ciudad Autónoma de Buenos Aires","Buenos Aires",Argentina,558657148,"Adriana Grillo",
Jesica,Malak,jesica.malak@facebook.com,"23 de Marzo",https://www.facebook.com/jesica.malak,,,"Ciudad Autónoma de Buenos Aires","Buenos Aires",Argentina,711755514,"Ago Benedettini",https://www.facebook.com/ago.benedettini
Manu,Gambino,manu.gambino93@facebook.com,"23 de Marzo",https://www.facebook.com/manu.gambino93,,,"Ciudad Autónoma de Buenos Aires","Buenos Aires",Argentina,746637277,"Agustin Blanco",
Anto,Verdugo,anto.verdugo1@facebook.com,"23 de Marzo",https://www.facebook.com/anto.verdugo1,22,,"Ciudad Autónoma de Buenos Aires","Buenos Aires",Argentina,100002655305665,"Agustin Blanco",
Clara,Molaguero,clari.molaguero@facebook.com,"23 de Marzo",https://www.facebook.com/clari.molaguero,25,,"Ciudad Autónoma de Buenos Aires","Buenos Aires",Argentina,705912344,"Agustina Del Rosario Anzisi",https://www.facebook.com/AgustinadelRosario
Laura,"Regalini de Barbera",laura.regalini@facebook.com,"23 de Marzo",https://www.facebook.com/laura.regalini,32,,"Ciudad Autónoma de Buenos Aires","Buenos Aires",Argentina,781255692,"Agustina La Rocca",
Alejo,Fano,alejo.fano@facebook.com,"23 de Marzo",https://www.facebook.com/alejo.fano,,,"Ciudad Autónoma de Buenos Aires","Buenos Aires",Argentina,788695286,"Agustina Saenz",
Tere,Blanco,tere.blanco.5@facebook.com,"23 de Marzo",https://www.facebook.com/tere.blanco.5,,,"Ciudad Autónoma de Buenos Aires","Buenos Aires",Argentina,100000162011957,"Alan Volper",https://www.facebook.com/alan.volper
Jessica,Xu,jessiXu@facebook.com,"23 de Marzo",https://www.facebook.com/jessiXu,24,"Buenos Aires","Buenos Aires","Buenos Aires",Argentina,1509665039,"Alan Yun",kimosam
Gime,Sanz,ximmesanz@facebook.com,"23 de Marzo",https://www.facebook.com/ximmesanz,25,"Buenos Aires","Buenos Aires","Buenos Aires",Argentina,100005754162440,"Alan Yun",kimosam
Vik,Gavin,vik.gavin@facebook.com,"23 de Marzo",https://www.facebook.com/vik.gavin,,"Buenos Aires","Buenos Aires","Buenos Aires",Argentina,1584769835,"Alan Yun",kimosam
Diego,Pablos,LowEnd@facebook.com,"23 de Marzo",https://www.facebook.com/LowEnd,26,"Buenos Aires","Buenos Aires","Buenos Aires",Argentina,1100143490,"Alan Yun",kimosam
Mabel,Sumina,mabel.sumina@facebook.com,"23 de Marzo",https://www.facebook.com/mabel.sumina,,"Buenos Aires","Buenos Aires","Buenos Aires",Argentina,100001826622470,"Alan Yun",kimosam
David,Taka,taka.wang@facebook.com,"23 de Marzo",https://www.facebook.com/taka.wang,23,"Buenos Aires","Buenos Aires","Buenos Aires",Argentina,626435783,"Alan Yun",kimosam
Mabel,Pérez,mabel.perez.9659@facebook.com,"23 de Marzo",https://www.facebook.com/mabel.perez.9659,,,"Ciudad Autónoma de Buenos Aires","Buenos Aires",Argentina,764089431,"Albana Ramognini",https://www.facebook.com/albana.ramognini
Noelia,Ferraro,noelia.ferraro@facebook.com,"23 de Marzo",https://www.facebook.com/noelia.ferraro,,,"Ciudad Autónoma de Buenos Aires","Buenos Aires",Argentina,1513830384,"Aldana Queirolo",https://www.facebook.com/aldana.queirolo
Brian,Ben,brian.benxa@facebook.com,"23 de Marzo",https://www.facebook.com/brian.benxa,,,"Ciudad Autónoma de Buenos Aires","Buenos Aires",Argentina,1260222079,"Alee Jandro",https://www.facebook.com/alejandropassadore
Leandro,River,leandro.river.14@facebook.com,"23 de Marzo",https://www.facebook.com/leandro.river.14,24,,"Ciudad Autónoma de Buenos Aires","Buenos Aires",Argentina,100000152554677,"Alejandra Ale Roldan",
Gabriela,Figueroa,gabriela.figueroa.98871@facebook.com,"23 de Marzo",https://www.facebook.com/gabriela.figueroa.98871,32,,"Ciudad Autónoma de Buenos Aires","Buenos Aires",Argentina,100000476422516,"Alejandro Amitrano",
Julieta,Pepa,julieta.pepa@facebook.com,"23 de Marzo",https://www.facebook.com/julieta.pepa,24,,"Ciudad Autónoma de Buenos Aires","Buenos Aires",Argentina,701143683,"Alejandro Cocktila Acosta",https://www.facebook.com/alejandro.acosta
Maruchi,Akd,maruchi.akd@facebook.com,"23 de Marzo",https://www.facebook.com/maruchi.akd,,,"Ciudad Autónoma de Buenos Aires","Buenos Aires",Argentina,1355828811,"Alejandro Cocktila Acosta",https://www.facebook.com/alejandro.acosta
Alejandro,Dixon,alejandro.dixon.92@facebook.com,"23 de Marzo",https://www.facebook.com/alejandro.dixon.92,24,"Buenos Aires","Buenos Aires","Buenos Aires",Argentina,100001862451157,"Alejandro Dixon",alejandro.dixon.92
Magali,Seoane,magali.p.seoane@facebook.com,"23 de Marzo",https://www.facebook.com/magali.p.seoane,23,,"Ciudad Autónoma de Buenos Aires","Buenos Aires",Argentina,526426687,"Alexia Garcia",https://www.facebook.com/garciaalexiia
Agustin,Vassallo,agustin.vassallo.3@facebook.com,"23 de Marzo",https://www.facebook.com/agustin.vassallo.3,31,,"Ciudad Autónoma de Buenos Aires","Buenos Aires",Argentina,694365368,"Aline Vilches",
Marina,Elola,marinaelola@facebook.com,"23 de Marzo",https://www.facebook.com/marinaelola,,,"Ciudad Autónoma de Buenos Aires","Buenos Aires",Argentina,636340561,"Aline Vilches",
Siempre,Bellas,@facebook.com,"23 de Marzo",https://www.facebook.com/profile.php?id=100005408657752,23,,"Ciudad Autónoma de Buenos Aires","Buenos Aires",Argentina,100005408657752,"Amalia Gomes",
Nacho,Quagliozzi,nacho.quagliozzi@facebook.com,"23 de Marzo",https://www.facebook.com/nacho.quagliozzi,28,,"Ciudad Autónoma de Buenos Aires","Buenos Aires",Argentina,772515006,"Amilcar Ferrari",
Nahuel,Ocampo,australiavibra@facebook.com,"23 de Marzo",https://www.facebook.com/australiavibra,22,,"Ciudad Autónoma de Buenos Aires","Buenos Aires",Argentina,536017463,"Ana Glinberg",https://www.facebook.com/ana.glinberg
Indómita,Luz,indomitaluz.deautor@facebook.com,"23 de Marzo",https://www.facebook.com/indomitaluz.deautor,,,"Ciudad Autónoma de Buenos Aires","Buenos Aires",Argentina,100002373780526,"Ana Laura Pizzorno",https://www.facebook.com/alpizzorno
Gabriel,"Amado A",Gabriel.Amado@facebook.com,"23 de Marzo",https://www.facebook.com/Gabriel.Amado,,,"Ciudad Autónoma de Buenos Aires","Buenos Aires",Argentina,578172196,"Andrea Badani",https://www.facebook.com/andrea.badani
Esteban,Lafuente,estebanlaf@facebook.com,"23 de Marzo",https://www.facebook.com/estebanlaf,26,,"Ciudad Autónoma de Buenos Aires","Buenos Aires",Argentina,1346161096,"Andrea Badani",https://www.facebook.com/andrea.badani
Fede,Steuernagel,fede.steuernagel@facebook.com,"23 de Marzo",https://www.facebook.com/fede.steuernagel,26,,"Ciudad Autónoma de Buenos Aires","Buenos Aires",Argentina,572247364,"Andrea Flijer",https://www.facebook.com/andrea.flijer
Iara,Vazquez,iarabibosh@facebook.com,"23 de Marzo",https://www.facebook.com/iarabibosh,,,"Ciudad Autónoma de Buenos Aires","Buenos Aires",Argentina,1074049156,"Andrea Giarrocco",https://www.facebook.com/andrea.giarrocco
Caro,Alfonso,Caarolina.Alfonso@facebook.com,"23 de Marzo",https://www.facebook.com/Caarolina.Alfonso,,"San Cristóbal","Ciudad Autónoma de Buenos Aires","Buenos Aires",Argentina,100000966680135,"Aniita Canta",https://www.facebook.com/Aniita.Canta
Juan,"De Micheli",juandemicheli@facebook.com,"23 de Marzo",https://www.facebook.com/juandemicheli,22,,"Ciudad Autónoma de Buenos Aires","Buenos Aires",Argentina,645168495,"Antoine Cornudet",
Tienda,Hype,tienda.hype@facebook.com,"23 de Marzo",https://www.facebook.com/tienda.hype,31,,"Ciudad Autónoma de Buenos Aires","Buenos Aires",Argentina,100004494063381,"Antonela Monachesi",https://www.facebook.com/anto.monachesi
"Sorpresa Inolvidable",Regalos,sorpresainolvidable.regalos@facebook.com,"23 de Marzo",https://www.facebook.com/sorpresainolvidable.regalos,30,"Villa Devoto","Ciudad Autónoma de Buenos Aires","Buenos Aires",Argentina,1664800776,"Antonela Monachesi",https://www.facebook.com/anto.monachesi
Ana,Feldman,ana.feldman@facebook.com,"23 de Marzo",https://www.facebook.com/ana.feldman,,,"Ciudad Autónoma de Buenos Aires","Buenos Aires",Argentina,1145988971,"Ariel Villarreal",
Juan,Batalla,juan.batalla.7@facebook.com,"23 de Marzo",https://www.facebook.com/juan.batalla.7,,,"Ciudad Autónoma de Buenos Aires","Buenos Aires",Argentina,1146065601,"Ariel Villarreal",
Fernando,Uchiha,Linkinparkmivida@facebook.com,"23 de Marzo",https://www.facebook.com/Linkinparkmivida,29,"Buenos Aires","Buenos Aires","Buenos Aires",Argentina,100000828950849,"Augusto Lios",augusto.lioscarp
Seba,Pellegrini,pellegrini.seba@facebook.com,"23 de Marzo",https://www.facebook.com/pellegrini.seba,,,"Ciudad Autónoma de Buenos Aires","Buenos Aires",Argentina,100000155139929,"Ayelen Alumine Anahi",https://www.facebook.com/ashe.chabakana
Leandro,Giordano,leangiordano@facebook.com,"23 de Marzo",https://www.facebook.com/leangiordano,,,"Ciudad Autónoma de Buenos Aires","Buenos Aires",Argentina,667077204,"Ayu Casanova",
Chic,Aholic,chic.aholic.3@facebook.com,"23 de Marzo",https://www.facebook.com/chic.aholic.3,,,"Ciudad Autónoma de Buenos Aires","Buenos Aires",Argentina,1231773325,"Belén Vittoriano",https://www.facebook.com/belen.vittoriano
Fran,Cisco,fran.zamora199@facebook.com,"23 de Marzo",https://www.facebook.com/fran.zamora199,,,"Ciudad Autónoma de Buenos Aires","Buenos Aires",Argentina,1076126031,"Belen Uicich",https://www.facebook.com/belen.uicich
Sabrina,Fernández,sabrina.fernandez.509@facebook.com,"23 de Marzo",https://www.facebook.com/sabrina.fernandez.509,,,"Ciudad Autónoma de Buenos Aires","Buenos Aires",Argentina,100001409776904,"Betsabé Baxter",https://www.facebook.com/betsabe.baxter
Luis,Gimenez,luis.m.gimenez.77@facebook.com,"23 de Marzo",https://www.facebook.com/luis.m.gimenez.77,29,,"Ciudad Autónoma de Buenos Aires","Buenos Aires",Argentina,548930763,"Betsabé Baxter",https://www.facebook.com/betsabe.baxter
Damian,Crespi,damian.crespi.1@facebook.com,"23 de Marzo",https://www.facebook.com/damian.crespi.1,34,,"Ciudad Autónoma de Buenos Aires","Buenos Aires",Argentina,1414134596,"Brenda Fabregat",https://www.facebook.com/brenda.fabregat
Xime,"de Anton",xime.de.vp@facebook.com,"23 de Marzo",https://www.facebook.com/xime.de.vp,,,"Ciudad Autónoma de Buenos Aires","Buenos Aires",Argentina,1543751316,"Brian Cano",
Leandro,Fernandez,leandro.fernandez.942145@facebook.com,"23 de Marzo",https://www.facebook.com/leandro.fernandez.942145,30,"Buenos Aires","Buenos Aires","Buenos Aires",Argentina,100006411543907,"Camila Romano",lemonade.barrett
Marina,Miguens,marimiguens@facebook.com,"23 de Marzo",https://www.facebook.com/marimiguens,21,,"Ciudad Autónoma de Buenos Aires","Buenos Aires",Argentina,690456111,"Candelaria Sires Barrantes",
"Jonas Roger","Ayala Lopez",jonasroger2@facebook.com,"23 de Marzo",https://www.facebook.com/jonasroger2,34,,"Ciudad Autónoma de Buenos Aires","Buenos Aires",Argentina,1585356485,"Carla Giovana",
Diego,Pereyra,drpereyra@facebook.com,"23 de Marzo",https://www.facebook.com/drpereyra,33,,"Ciudad Autónoma de Buenos Aires","Buenos Aires",Argentina,633712373,"Carla Raffo",https://www.facebook.com/carla.raffo
"Ricardo Alfonso",Carrasquet,rcarrasquet@facebook.com,"23 de Marzo",https://www.facebook.com/rcarrasquet,,,"Ciudad Autónoma de Buenos Aires","Buenos Aires",Argentina,1140577566,"Carlos Wilson",
"Juan Pablo",Guichon,juanpablo.guichon@facebook.com,"23 de Marzo",https://www.facebook.com/juanpablo.guichon,34,,"Ciudad Autónoma de Buenos Aires","Buenos Aires",Argentina,581090963,"Caro Juarez",https://www.facebook.com/carolinacjuarez
Andres,Machin,andres.machin.10@facebook.com,"23 de Marzo",https://www.facebook.com/andres.machin.10,26,"Villa Devoto","Ciudad Autónoma de Buenos Aires","Buenos Aires",Argentina,646267594,"Caro Ros Jones",https://www.facebook.com/carorosjones
Victor,Sobral,victor.sobral.3@facebook.com,"23 de Marzo",https://www.facebook.com/victor.sobral.3,,,"Ciudad Autónoma de Buenos Aires","Buenos Aires",Argentina,100000575676214,"Carolina Ataides Sena Barcelos",https://www.facebook.com/kkbarcellos
Veronica,Navarro,veronica.navarro.3998@facebook.com,"23 de Marzo",https://www.facebook.com/veronica.navarro.3998,34,Array,"Ciudad Autónoma de Buenos Aires","Buenos Aires",Argentina,1553234616,"Carolina Viacava",carolina.viacava.imbach
Ivan,Zawadzki,ivan.m.zawadzki@facebook.com,"23 de Marzo",https://www.facebook.com/ivan.m.zawadzki,25,,"Ciudad Autónoma de Buenos Aires","Buenos Aires",Argentina,522360710,"Catalina Plá Señorans",https://www.facebook.com/catalina.pla
Federico,Scheinkman,federico.scheinkman@facebook.com,"23 de Marzo",https://www.facebook.com/federico.scheinkman,,,"Ciudad Autónoma de Buenos Aires","Buenos Aires",Argentina,730189841,"Cecilia Weingardt",
Pablo,Chapinal,,"23 de Marzo",https://www.facebook.com/profile.php?id=100004143707965,31,"Buenos Aires","Buenos Aires","Buenos Aires",Argentina,100004143707965,"Cecilia Weingardt",cecilia.weingardt.1
Sofia,Puente,Sofiaaaaaaaa@facebook.com,"23 de Marzo",https://www.facebook.com/Sofiaaaaaaaa,,,"Ciudad Autónoma de Buenos Aires","Buenos Aires",Argentina,723957144,"Cesar Andree VL",
Angie,Anzorena,angie.anzorena93@facebook.com,"23 de Marzo",https://www.facebook.com/angie.anzorena93,,"Buenos Aires","Buenos Aires","Buenos Aires",Argentina,100008935998317,"Charly Ruez",charly.ruez
Violeta,Schneider,violeta.schneider@facebook.com,"23 de Marzo",https://www.facebook.com/violeta.schneider,,,"Ciudad Autónoma de Buenos Aires","Buenos Aires",Argentina,733382340,"Charly Ruez",https://www.facebook.com/charly.ruez
Victoria,Mercatante,vickymercatante@facebook.com,"23 de Marzo",https://www.facebook.com/vickymercatante,31,,"Ciudad Autónoma de Buenos Aires","Buenos Aires",Argentina,747719051,"Charly Ruez",https://www.facebook.com/charly.ruez
Paula,Riera,paula.riera1@facebook.com,"23 de Marzo",https://www.facebook.com/paula.riera1,28,,"Ciudad Autónoma de Buenos Aires","Buenos Aires",Argentina,670174925,"Charly Ruez",https://www.facebook.com/charly.ruez
Melina,Martinez,mg.martinezz@facebook.com,"23 de Marzo",https://www.facebook.com/mg.martinezz,,,"Ciudad Autónoma de Buenos Aires","Buenos Aires",Argentina,100001020364771,"Christian Douer Chuky",https://www.facebook.com/christian.chuky
Natalia,Villarreal,natalia.villarreal.5@facebook.com,"23 de Marzo",https://www.facebook.com/natalia.villarreal.5,,,"Ciudad Autónoma de Buenos Aires","Buenos Aires",Argentina,1204922169,"Christian Kraemer",https://www.facebook.com/christian.kraemer
Yamila,Miceli,yam.miceli@facebook.com,"23 de Marzo",https://www.facebook.com/yam.miceli,27,,"Ciudad Autónoma de Buenos Aires","Buenos Aires",Argentina,1196862670,"Christian Vadalá",https://www.facebook.com/christian.vadala
El,"de Pilar",depilarcristian@facebook.com,"23 de Marzo",https://www.facebook.com/depilarcristian,,,"Ciudad Autónoma de Buenos Aires","Buenos Aires",Argentina,1118257426,"Cielito Perez",
Ariel,Garcia,Gatuch@facebook.com,"23 de Marzo",https://www.facebook.com/Gatuch,32,"Buenos Aires","Buenos Aires","Buenos Aires",Argentina,1203182223,"Corina Doorish",corina.doorish
Gonza,Lambiase,gonza.lambiase@facebook.com,"23 de Marzo",https://www.facebook.com/gonza.lambiase,33,,"Ciudad Autónoma de Buenos Aires","Buenos Aires",Argentina,1827733877,"Cristian Andres Romano",
BA,Runway,ba.runway@facebook.com,"23 de Marzo",https://www.facebook.com/ba.runway,34,,"Ciudad Autónoma de Buenos Aires","Buenos Aires",Argentina,100002903260191,"Cristian Fernandez Villamor",https://www.facebook.com/cristian.fernandezvillamo
Martin,Appeceix,martin.appeceix@facebook.com,"23 de Marzo",https://www.facebook.com/martin.appeceix,28,,"Ciudad Autónoma de Buenos Aires","Buenos Aires",Argentina,100007418171347,"Cynthia Tatiana Martinez Neves",https://www.facebook.com/cynthiatatiana.martinezne
Nela,Sopeña,nela.sopena@facebook.com,"23 de Marzo",https://www.facebook.com/nela.sopena,33,,"Ciudad Autónoma de Buenos Aires","Buenos Aires",Argentina,1749444544,"Daniel Kitzis",https://www.facebook.com/kitzis
Lucía,Penso,lucia.belen.penso@facebook.com,"23 de Marzo",https://www.facebook.com/lucia.belen.penso,22,,"Ciudad Autónoma de Buenos Aires","Buenos Aires",Argentina,1288029411,"Diego Binayan",https://www.facebook.com/diego.binayan
Teresa,Izal,teresa.izal@facebook.com,"23 de Marzo",https://www.facebook.com/teresa.izal,,,"Ciudad Autónoma de Buenos Aires","Buenos Aires",Argentina,1534576043,"Divino Vestuario Salve",https://www.facebook.com/salvedivinovestuario
Yorch,Bravo,yorch.bravo@facebook.com,"23 de Marzo",https://www.facebook.com/yorch.bravo,,,"Ciudad Autónoma de Buenos Aires","Buenos Aires",Argentina,646314608,"Emanuel Gaston Perdigues",https://www.facebook.com/emaxpx
Rama,Villegas,rama.villegas@facebook.com,"23 de Marzo",https://www.facebook.com/rama.villegas,,,"Ciudad Autónoma de Buenos Aires","Buenos Aires",Argentina,693787255,"Emiliano Pirolo",https://www.facebook.com/emi.pirolo
Manu,Pinto,manu.pinto.18@facebook.com,"23 de Marzo",https://www.facebook.com/manu.pinto.18,,,"Ciudad Autónoma de Buenos Aires","Buenos Aires",Argentina,1081160776,"Emiliano Pirolo",https://www.facebook.com/emi.pirolo
Logia,Ortiz,logiaortiz@facebook.com,"23 de Marzo",https://www.facebook.com/logiaortiz,22,,"Ciudad Autónoma de Buenos Aires","Buenos Aires",Argentina,1116673807,"Emiliano Pirolo",https://www.facebook.com/emi.pirolo
Francisco,Corbalan,francisone@facebook.com,"23 de Marzo",https://www.facebook.com/francisone,,,"Ciudad Autónoma de Buenos Aires","Buenos Aires",Argentina,1262484918,"Emiliano Pirolo",https://www.facebook.com/emi.pirolo
May,Coto,mayra.coto1@facebook.com,"23 de Marzo",https://www.facebook.com/mayra.coto1,,,"Ciudad Autónoma de Buenos Aires","Buenos Aires",Argentina,1277076872,"Emiliano Pirolo",https://www.facebook.com/emi.pirolo
Nico,Galeotti,nico.galeotti.82@facebook.com,"23 de Marzo",https://www.facebook.com/nico.galeotti.82,32,"Buenos Aires","Buenos Aires","Buenos Aires",Argentina,769103956,"Erica Volpi Werkmann",erica.v.werkmann
Milagros,Sanchez,milu.sanchez2@facebook.com,"23 de Marzo",https://www.facebook.com/milu.sanchez2,,,"Ciudad Autónoma de Buenos Aires","Buenos Aires",Argentina,1322551758,"Estefania Rodriguez",
Juan,Acevedo,juan.i.acevedo.33@facebook.com,"23 de Marzo",https://www.facebook.com/juan.i.acevedo.33,,,"Ciudad Autónoma de Buenos Aires","Buenos Aires",Argentina,1097855494,"Evangelina Araoz",https://www.facebook.com/evangelina.araoz
Mica,Soq,mica.soq@facebook.com,"23 de Marzo",https://www.facebook.com/mica.soq,21,,"Ciudad Autónoma de Buenos Aires","Buenos Aires",Argentina,1151088457,"Eve Schiera",
Melisa,Gentili,melisa.gentili@facebook.com,"23 de Marzo",https://www.facebook.com/melisa.gentili,27,,"Ciudad Autónoma de Buenos Aires","Buenos Aires",Argentina,584494759,"Ezequiel Sebastian Berardi",https://www.facebook.com/EzErAsTa
Achu,Santos,Acchu.Santos@facebook.com,"23 de Marzo",https://www.facebook.com/Acchu.Santos,,,"Ciudad Autónoma de Buenos Aires","Buenos Aires",Argentina,1550916484,"Fátima Belén Zárate",
Florencia,Carranza,florencia.carranza.54@facebook.com,"23 de Marzo",https://www.facebook.com/florencia.carranza.54,21,Boedo,"Ciudad Autónoma de Buenos Aires","Buenos Aires",Argentina,100001950407094,"Fabio Ezequiel Farruggio",https://www.facebook.com/ffachurro
Fede,Camisetas,fede.camisetas@facebook.com,"23 de Marzo",https://www.facebook.com/fede.camisetas,,,"Ciudad Autónoma de Buenos Aires","Buenos Aires",Argentina,100003811698446,"Facu Denegri",
Ramiro,Nadal,recibimientosdebocajuniors.cabj@facebook.com,"23 de Marzo",https://www.facebook.com/recibimientosdebocajuniors.cabj,,"La Boca","Ciudad Autónoma de Buenos Aires","Distrito Federal",Argentina,100003839491995,"Facu Denegri",
Gimena,Riesgo,gimena.riesgo@facebook.com,"23 de Marzo",https://www.facebook.com/gimena.riesgo,24,,"Ciudad Autónoma de Buenos Aires","Buenos Aires",Argentina,1069360463,"Facundo Bulacio",https://www.facebook.com/facundo.bulacio
Majitoo,Marino,majitoo.marino@facebook.com,"23 de Marzo",https://www.facebook.com/majitoo.marino,23,,"Ciudad Autónoma de Buenos Aires","Buenos Aires",Argentina,1159006702,"Fede Martino",
Juventud,"ConcordiaSocial BuenosAires",@facebook.com,"23 de Marzo",https://www.facebook.com/profile.php?id=100005562640882,,,"Ciudad Autónoma de Buenos Aires","Buenos Aires",Argentina,100005562640882,"Federico Mayntzhusen",https://www.facebook.com/fedemayntzhusen
Daniel,Falcone,daniel.falcone.9@facebook.com,"23 de Marzo",https://www.facebook.com/daniel.falcone.9,,,"Ciudad Autónoma de Buenos Aires","Buenos Aires",Argentina,100000727041265,"Felicitas Ghigliotti",https://www.facebook.com/felicitas.ghigliotti
Brigitte,Ryszelewski,briryszelewski@facebook.com,"23 de Marzo",https://www.facebook.com/briryszelewski,,,"Ciudad Autónoma de Buenos Aires","Buenos Aires",Argentina,604962990,"Felipe Cianciarulo",https://www.facebook.com/fcianciarulo
Palanca,Piso,palanca.piso@facebook.com,"23 de Marzo",https://www.facebook.com/palanca.piso,28,,"Ciudad Autónoma de Buenos Aires","Buenos Aires",Argentina,1347194070,"Fernando Olner Cupayolo",https://www.facebook.com/fernando.cupayolo
Elu,Naval,elunaval@facebook.com,"23 de Marzo",https://www.facebook.com/elunaval,23,"Buenos Aires","Buenos Aires","Buenos Aires",Argentina,1542893141,"Fett Maidana",fett.maidana
Micaela,Giordano,micaela.giordano.9@facebook.com,"23 de Marzo",https://www.facebook.com/micaela.giordano.9,23,"Buenos Aires","Buenos Aires","Buenos Aires",Argentina,1438687737,"Fett Maidana",fett.maidana
Vicko,Agesta,vicko.agesta@facebook.com,"23 de Marzo",https://www.facebook.com/vicko.agesta,,"Buenos Aires","Buenos Aires","Buenos Aires",Argentina,1065771083,"Fett Maidana",fett.maidana
Dora,Zucchini,dorabarthe@facebook.com,"23 de Marzo",https://www.facebook.com/dorabarthe,,,"Ciudad Autónoma de Buenos Aires","Buenos Aires",Argentina,726439009,"Flor Botana",
Loli,Mendy,loli.mendy@facebook.com,"23 de Marzo",https://www.facebook.com/loli.mendy,26,,"Ciudad Autónoma de Buenos Aires","Buenos Aires",Argentina,726083792,"Flor Charró",https://www.facebook.com/florr.ch
Mariela,García,n.djoko@facebook.com,"23 de Marzo",https://www.facebook.com/n.djoko,26,,"Ciudad Autónoma de Buenos Aires","Buenos Aires",Argentina,726574326,"Flor Charró",https://www.facebook.com/florr.ch
Pabbli,Garcia,pabbligarcia@facebook.com,"23 de Marzo",https://www.facebook.com/pabbligarcia,25,,"Ciudad Autónoma de Buenos Aires","Buenos Aires",Argentina,726868077,"Flor Rossi",
Eduardo,Sacco,ilcaposacco@facebook.com,"23 de Marzo",https://www.facebook.com/ilcaposacco,,,"Ciudad Autónoma de Buenos Aires","Buenos Aires",Argentina,836865314,"Flor Rossi",
Carmen,Franchino,carmen.d.franchino@facebook.com,"23 de Marzo",https://www.facebook.com/carmen.d.franchino,,,"Ciudad Autónoma de Buenos Aires","Buenos Aires",Argentina,100000927745807,"Flor Scalise",https://www.facebook.com/flor.scalise
Loana,Pagani,loaa28@facebook.com,"23 de Marzo",https://www.facebook.com/loaa28,,,"Ciudad Autónoma de Buenos Aires","Buenos Aires",Argentina,570913837,"Flor Scalise",https://www.facebook.com/flor.scalise
Juan,"De Reatti Dimasi",Dr.JuanFranciscoDeReatti@facebook.com,"23 de Marzo",https://www.facebook.com/Dr.JuanFranciscoDeReatti,29,,"Ciudad Autónoma de Buenos Aires","Buenos Aires",Argentina,100003875390057,"Flor Vischi Cortés",https://www.facebook.com/flor.vischi
Flo,Yaco,flo.yaco@facebook.com,"23 de Marzo",https://www.facebook.com/flo.yaco,25,,"Ciudad Autónoma de Buenos Aires","Buenos Aires",Argentina,739938980,"Florencia Pellegrino",
Fabian,"Caro Fraile",fabian.carofraile@facebook.com,"23 de Marzo",https://www.facebook.com/fabian.carofraile,22,,"Ciudad Autónoma de Buenos Aires","Buenos Aires",Argentina,100001837202633,"Fran Barbieri",https://www.facebook.com/powerpainting00
Cristina,"de la Vega",cristina.delavega.5@facebook.com,"23 de Marzo",https://www.facebook.com/cristina.delavega.5,,,"Ciudad Autónoma de Buenos Aires","Buenos Aires",Argentina,1640932734,"Franco Marcoccia",https://www.facebook.com/franco.marcoccia
Claudio,Almonacid,claudiocesaralmonacid@facebook.com,"23 de Marzo",https://www.facebook.com/claudiocesaralmonacid,33,,"Ciudad Autónoma de Buenos Aires","Buenos Aires",Argentina,705219617,"Franco Marcoccia",https://www.facebook.com/franco.marcoccia
Belu,Janse,beel.janse@facebook.com,"23 de Marzo",https://www.facebook.com/beel.janse,,"Villa Crespo","Ciudad Autónoma de Buenos Aires","Buenos Aires",Argentina,1769906902,"Franco Palermo",
Thiago,Acevedo,thiago.a.acevedo@facebook.com,"23 de Marzo",https://www.facebook.com/thiago.a.acevedo,,,"Ciudad Autónoma de Buenos Aires","Buenos Aires",Argentina,100000909635986,"Gabi López",
Ces,Venditti,ces.venditti@facebook.com,"23 de Marzo",https://www.facebook.com/ces.venditti,32,Núñez,"Ciudad Autónoma de Buenos Aires","Buenos Aires",Argentina,595341055,"Gabriela A. Maidana",https://www.facebook.com/gabmaidana
Federico,Borobio,federico.borobio@facebook.com,"23 de Marzo",https://www.facebook.com/federico.borobio,,,"Ciudad Autónoma de Buenos Aires","Buenos Aires",Argentina,628394377,"Gabriela Bob",https://www.facebook.com/gabrielave
Gustavo,"Flores El Monito",gustavo.floreselmonito@facebook.com,"23 de Marzo",https://www.facebook.com/gustavo.floreselmonito,,,"Ciudad Autónoma de Buenos Aires","Buenos Aires",Argentina,1290034502,"Gabriela Rosito",https://www.facebook.com/gabriela.rosito
Matías,Guglielmone,mati.gug@facebook.com,"23 de Marzo",https://www.facebook.com/mati.gug,,"Buenos Aires","Buenos Aires","Buenos Aires",Argentina,100003224328614,"Gabriella Rouiller",gabrielarouiller
Lorenzo,"Garcia Osso",lgosso23@facebook.com,"23 de Marzo",https://www.facebook.com/lgosso23,26,,"Ciudad Autónoma de Buenos Aires","Buenos Aires",Argentina,1084702553,"Geru Sznek",https://www.facebook.com/gsznek
Vicky,Berczely,vicky.berczely@facebook.com,"23 de Marzo",https://www.facebook.com/vicky.berczely,26,,"Ciudad Autónoma de Buenos Aires","Buenos Aires",Argentina,850505028,"Gimena Librio",https://www.facebook.com/gimelibrio
El,Ale,elale22@facebook.com,"23 de Marzo",https://www.facebook.com/elale22,,"Villa Del Parque","Ciudad Autónoma de Buenos Aires","Buenos Aires",Argentina,1140671808,"Gimena Yamila Yerden Giaquinto",https://www.facebook.com/Gimetrance
Daniela,Casado,daniela.casado@facebook.com,"23 de Marzo",https://www.facebook.com/daniela.casado,30,,"Ciudad Autónoma de Buenos Aires","Buenos Aires",Argentina,1138821903,"Gisela Tesei",
Ariel,Gonzalez,ariel.gonzalez.5439@facebook.com,"23 de Marzo",https://www.facebook.com/ariel.gonzalez.5439,30,,"Ciudad Autónoma de Buenos Aires","Buenos Aires",Argentina,1465492524,"Gisele Fratini",https://www.facebook.com/giakdmik
Javier,Bengardino,javibengardino@facebook.com,"23 de Marzo",https://www.facebook.com/javibengardino,31,,"Ciudad Autónoma de Buenos Aires","Buenos Aires",Argentina,100001889413472,"Gisele Fratini",https://www.facebook.com/giakdmik
Nicole,Sevchenko,nicole.sevchenko@facebook.com,"23 de Marzo",https://www.facebook.com/nicole.sevchenko,,,"Ciudad Autónoma de Buenos Aires","Buenos Aires",Argentina,100001039303446,"Gonza Gonzalez",
Leandra,Perez,leandra.perez.148@facebook.com,"23 de Marzo",https://www.facebook.com/leandra.perez.148,30,,"Ciudad Autónoma de Buenos Aires","Buenos Aires",Argentina,1612249224,"Gonza Gonzalez",
Daniel,Falcone,daniel.falcone.165@facebook.com,"23 de Marzo",https://www.facebook.com/daniel.falcone.165,,,"Ciudad Autónoma de Buenos Aires","Buenos Aires",Argentina,724441773,"Gonzalo Bussetti",https://www.facebook.com/gonzalo.bussetti
Emilio,Yapor,emilioyapor@facebook.com,"23 de Marzo",https://www.facebook.com/emilioyapor,28,,"Ciudad Autónoma de Buenos Aires","Buenos Aires",Argentina,100000757344218,"Gonzalo Bussetti",https://www.facebook.com/gonzalo.bussetti
Jhamil,Flores,jhamil.flores@facebook.com,"23 de Marzo",https://www.facebook.com/jhamil.flores,22,,"Ciudad Autónoma de Buenos Aires","Buenos Aires",Argentina,1389943916,"Gustavo Pietrafesa",
Leonardo,Muñoz,TaTiOm@facebook.com,"23 de Marzo",https://www.facebook.com/TaTiOm,,,"Ciudad Autónoma de Buenos Aires","Buenos Aires",Argentina,1341043867,"Ivan Lisz",
Pablo,Machin,pablo.machin.9@facebook.com,"23 de Marzo",https://www.facebook.com/pablo.machin.9,23,,"Ciudad Autónoma de Buenos Aires","Buenos Aires",Argentina,1058494779,"Jero Salsamendi",https://www.facebook.com/jero.salsamendi
Eliana,Centurion,eliana.centurion.733@facebook.com,"23 de Marzo",https://www.facebook.com/eliana.centurion.733,,,"Ciudad Autónoma de Buenos Aires","Buenos Aires",Argentina,634602529,"Jimena Avila",
"María Belén",Accorinti,mb.accorinti@facebook.com,"23 de Marzo",https://www.facebook.com/mb.accorinti,28,"Villa Luro","Ciudad Autónoma de Buenos Aires","Buenos Aires",Argentina,1389408637,"Jimena Zaccardi",https://www.facebook.com/Jimediab
Santiago,Tsin,santiago.tsin@facebook.com,"23 de Marzo",https://www.facebook.com/santiago.tsin,33,,"Ciudad Autónoma de Buenos Aires","Buenos Aires",Argentina,543846980,"Joaco Alvarez Amuchástegui",
Cata,Frutos,cata.frutos@facebook.com,"23 de Marzo",https://www.facebook.com/cata.frutos,,,"Ciudad Autónoma de Buenos Aires","Buenos Aires",Argentina,1374605286,"Joaquin Barraco",https://www.facebook.com/chino.barraco
Facu,Maciel,facu.maciel.7@facebook.com,"23 de Marzo",https://www.facebook.com/facu.maciel.7,21,,"Ciudad Autónoma de Buenos Aires","Buenos Aires",Argentina,1192459644,"Joaquin Barraco",https://www.facebook.com/chino.barraco
Fer,Varela,fer.varela.14@facebook.com,"23 de Marzo",https://www.facebook.com/fer.varela.14,34,,"Ciudad Autónoma de Buenos Aires","Buenos Aires",Argentina,625988054,"Joaquin Perez Flenche",
Paula,Zucchiatti,paula.zucchiatti@facebook.com,"23 de Marzo",https://www.facebook.com/paula.zucchiatti,,,"Ciudad Autónoma de Buenos Aires","Buenos Aires",Argentina,1433355278,"Jobs Bar",https://www.facebook.com/jobsbar
Lucila,"De Bernardi",lucila.debernardi@facebook.com,"23 de Marzo",https://www.facebook.com/lucila.debernardi,23,,"Ciudad Autónoma de Buenos Aires","Buenos Aires",Argentina,1024343961,"Jobs Bar",https://www.facebook.com/jobsbar
Erika,Alejo,erika.alejo@facebook.com,"23 de Marzo",https://www.facebook.com/erika.alejo,27,,"Ciudad Autónoma de Buenos Aires","Buenos Aires",Argentina,1431972114,"Jochuu Rodriguez Linck",https://www.facebook.com/jochuu.rodriguezlinck
Mechi,Cravino,mechi.cravino@facebook.com,"23 de Marzo",https://www.facebook.com/mechi.cravino,,,"Ciudad Autónoma de Buenos Aires","Buenos Aires",Argentina,589777475,"Jose Guevara",https://www.facebook.com/JoeGuevara81
Sebastian,Leclerq,edenchase.net@facebook.com,"23 de Marzo",https://www.facebook.com/edenchase.net,,,"Ciudad Autónoma de Buenos Aires","Buenos Aires",Argentina,100000916507975,"Juan Antonio Papagni Meca",https://www.facebook.com/juanantoniopapagnimeca
Theo,Esmoris,esmorist@facebook.com,"23 de Marzo",https://www.facebook.com/esmorist,,,"Ciudad Autónoma de Buenos Aires","Buenos Aires",Argentina,1567070389,"Juan Antonio Papagni Meca",https://www.facebook.com/juanantoniopapagnimeca
Victoria,Fay,victoria.fay2@facebook.com,"23 de Marzo",https://www.facebook.com/victoria.fay2,,,"Ciudad Autónoma de Buenos Aires","Buenos Aires",Argentina,532549572,"Juan Antonio Papagni Meca",https://www.facebook.com/juanantoniopapagnimeca
Alejo,Joaquin,alejo.joaquin.9@facebook.com,"23 de Marzo",https://www.facebook.com/alejo.joaquin.9,34,,"Ciudad Autónoma de Buenos Aires","Buenos Aires",Argentina,1557415055,"Juan Cruz Albornoz",
Sebastian,Rin,sebastian.riconovoa@facebook.com,"23 de Marzo",https://www.facebook.com/sebastian.riconovoa,29,,"Ciudad Autónoma de Buenos Aires","Buenos Aires",Argentina,738773496,"Juani Koch",https://www.facebook.com/juani.koch
Santiago,Elizalde,santiago.elizalde@facebook.com,"23 de Marzo",https://www.facebook.com/santiago.elizalde,26,,"Ciudad Autónoma de Buenos Aires","Buenos Aires",Argentina,768513751,"Juani Luciani",https://www.facebook.com/ayjuancito83
Florencia,Dietrich,@facebook.com,"23 de Marzo",https://www.facebook.com/profile.php?id=100006829874770,24,,"Ciudad Autónoma de Buenos Aires","Buenos Aires",Argentina,100006829874770,"Juanita Lupetrone",https://www.facebook.com/jlupetrone
Tu,Estilo,tu.estilo.10@facebook.com,"23 de Marzo",https://www.facebook.com/tu.estilo.10,,,"Ciudad Autónoma de Buenos Aires","Buenos Aires",Argentina,100003701046959,"Juli Sremac",https://www.facebook.com/juli.sremac
Lucas,Navarrete,lucas.navarrete.16@facebook.com,"23 de Marzo",https://www.facebook.com/lucas.navarrete.16,34,,"Ciudad Autónoma de Buenos Aires","Buenos Aires",Argentina,1134613272,"Julieta Abreu Frank",https://www.facebook.com/julieta.abreufrank
Alejandro,Valaouris,valaouris@facebook.com,"23 de Marzo",https://www.facebook.com/valaouris,34,,"Ciudad Autónoma de Buenos Aires","Buenos Aires",Argentina,506669675,"Julieta Tettamanzi",https://www.facebook.com/Chuchu1979
Flopii,"Núñez II",@facebook.com,"23 de Marzo",https://www.facebook.com/profile.php?id=100006871547955,21,,"Ciudad Autónoma de Buenos Aires","Buenos Aires",Argentina,100006871547955,"Julio Roberto Cuevas",https://www.facebook.com/julioroberto.cuevas
Rosana,Capelli,rosana.capelli@facebook.com,"23 de Marzo",https://www.facebook.com/rosana.capelli,,,"Ciudad Autónoma de Buenos Aires","Buenos Aires",Argentina,864310296,"Karina Fernandez",https://www.facebook.com/karuchita
Heidi,"Mosich Acosta",heidi.mosichacosta@facebook.com,"23 de Marzo",https://www.facebook.com/heidi.mosichacosta,,,"Ciudad Autónoma de Buenos Aires","Buenos Aires",Argentina,100002643448150,"Kati Mosich",https://www.facebook.com/kati.mosich
Alejandra,Bonetto,alejandra.bonetto.58@facebook.com,"23 de Marzo",https://www.facebook.com/alejandra.bonetto.58,,,"Ciudad Autónoma de Buenos Aires","Buenos Aires",Argentina,1390982138,"La Rockeria",https://www.facebook.com/oveja1
DeliverÿStÿle,Baÿres,deliverystyle.enbaires@facebook.com,"23 de Marzo",https://www.facebook.com/deliverystyle.enbaires,31,,"Ciudad Autónoma de Buenos Aires","Buenos Aires",Argentina,100002727955380,"Laura Maria Puerta Sierra",https://www.facebook.com/lauralaprincesa
Emiliano,Addisi,emiliano.addisi@facebook.com,"23 de Marzo",https://www.facebook.com/emiliano.addisi,,,"Ciudad Autónoma de Buenos Aires","Buenos Aires",Argentina,1216458917,"Leandro Matias",
Ramonas,"Ropita Bonita",ramonas.ropitabonita@facebook.com,"23 de Marzo",https://www.facebook.com/ramonas.ropitabonita,28,,"Ciudad Autónoma de Buenos Aires","Buenos Aires",Argentina,100001283061092,"Lin Min May",https://www.facebook.com/cata277
Torneo,Fulbito,torneofulbito@facebook.com,"23 de Marzo",https://www.facebook.com/torneofulbito,31,,"Ciudad Autónoma de Buenos Aires","Buenos Aires",Argentina,100000219636170,"Lucía Lopez Aleman",https://www.facebook.com/marialucialopezaleman
"Musicales Baires",Argentina,musicalesbaires.argentina@facebook.com,"23 de Marzo",https://www.facebook.com/musicalesbaires.argentina,,,"Ciudad Autónoma de Buenos Aires","Buenos Aires",Argentina,100003463715336,"Lucia Benavídez",
Vicky,Pastorino,vicky.pastorino.5@facebook.com,"23 de Marzo",https://www.facebook.com/vicky.pastorino.5,,,"Ciudad Autónoma de Buenos Aires","Buenos Aires",Argentina,560928498,"Luli Torres",
Alejandro,Pegasano,pegasky@facebook.com,"23 de Marzo",https://www.facebook.com/pegasky,,,"Ciudad Autónoma de Buenos Aires","Buenos Aires",Argentina,1075238020,"Luli Torres",
Nicolás,Nieva,naiqui@facebook.com,"23 de Marzo",https://www.facebook.com/naiqui,,,"Ciudad Autónoma de Buenos Aires","Buenos Aires",Argentina,702713230,"Luli Torres",
After,Wine,after.wine.9@facebook.com,"23 de Marzo",https://www.facebook.com/after.wine.9,32,,"Ciudad Autónoma de Buenos Aires","Buenos Aires",Argentina,100006517190557,"Lupe Dávalos",https://www.facebook.com/guadinight
Fabrizzio,Karak,fabrizziokarak8@facebook.com,"23 de Marzo",https://www.facebook.com/fabrizziokarak8,26,,"Ciudad Autónoma de Buenos Aires","Buenos Aires",Argentina,100006695292399,"Lupe Dávalos",https://www.facebook.com/guadinight
Mónica,Vila,monica.vila3@facebook.com,"23 de Marzo",https://www.facebook.com/monica.vila3,,,"Ciudad Autónoma de Buenos Aires","Buenos Aires",Argentina,1314848815,"Luz Adamo",https://www.facebook.com/luz.adamo
Virginia,Franzoi,Virchh@facebook.com,"23 de Marzo",https://www.facebook.com/Virchh,,,"Ciudad Autónoma de Buenos Aires","Buenos Aires",Argentina,1632325666,"M Agustina Ciarla Quintana",https://www.facebook.com/magustina.quintana
Sofi,Laidlaw,sofi.laidlaw@facebook.com,"23 de Marzo",https://www.facebook.com/sofi.laidlaw,,,"Ciudad Autónoma de Buenos Aires","Buenos Aires",Argentina,795940004,"M Agustina Ciarla Quintana",https://www.facebook.com/magustina.quintana
Fatima,Ibañez,@facebook.com,"23 de Marzo",https://www.facebook.com/profile.php?id=1202104604,,,"Ciudad Autónoma de Buenos Aires","Buenos Aires",Argentina,1202104604,"M Agustina Ciarla Quintana",https://www.facebook.com/magustina.quintana
Gabriel,Parodi,gabi2393@facebook.com,"23 de Marzo",https://www.facebook.com/gabi2393,,,"Ciudad Autónoma de Buenos Aires","Buenos Aires",Argentina,1255455965,"Manu Dadaglio",
Mujer,Nueva,@facebook.com,"23 de Marzo",https://www.facebook.com/profile.php?id=1062724985,28,,"Ciudad Autónoma de Buenos Aires","Buenos Aires",Argentina,1062724985,"Manu Monge",
Isabel,Carrete,isabel.carrete@facebook.com,"23 de Marzo",https://www.facebook.com/isabel.carrete,,,"Ciudad Autónoma de Buenos Aires","Buenos Aires",Argentina,1439140084,"María Victoria Uzal Haz",
Magicas,Compañias,magicascompanias@facebook.com,"23 de Marzo",https://www.facebook.com/magicascompanias,26,,"Ciudad Autónoma de Buenos Aires","Buenos Aires",Argentina,1651062093,"Marcelo Gustavo Salerno",https://www.facebook.com/marcelogustavo.salerno
Eliana,Druck,elidruck@facebook.com,"23 de Marzo",https://www.facebook.com/elidruck,25,,"Ciudad Autónoma de Buenos Aires","Buenos Aires",Argentina,734249338,"Maria Amelia Ferron",
Veronic,GM,VGM2303@facebook.com,"23 de Marzo",https://www.facebook.com/VGM2303,22,,"Ciudad Autónoma de Buenos Aires","Buenos Aires",Argentina,1105248817,"Maria Belén",
Facu,Castro,facundo.castro3@facebook.com,"23 de Marzo",https://www.facebook.com/facundo.castro3,,,"Ciudad Autónoma de Buenos Aires","Buenos Aires",Argentina,519262876,"Maria Belén",
Pepo,Vaca,pepo.vaca.9@facebook.com,"23 de Marzo",https://www.facebook.com/pepo.vaca.9,,,"Ciudad Autónoma de Buenos Aires","Buenos Aires",Argentina,699466870,"Maria Laura Pendás",https://www.facebook.com/marialaura.pendas
Maria,Cast,@facebook.com,"23 de Marzo",https://www.facebook.com/profile.php?id=100006883157558,28,,"Ciudad Autónoma de Buenos Aires","Buenos Aires",Argentina,100006883157558,"Maria Lucila Quarleri",https://www.facebook.com/maria.quarleri
Gonzalo,Etchegaray,gonzalo.etchegaray.71@facebook.com,"23 de Marzo",https://www.facebook.com/gonzalo.etchegaray.71,24,,"Ciudad Autónoma de Buenos Aires","Buenos Aires",Argentina,775767490,"Maria Quevedo",https://www.facebook.com/mery.quevedo3
Zulma,"Pastorino Levieux",zulma.pastorino.3@facebook.com,"23 de Marzo",https://www.facebook.com/zulma.pastorino.3,24,,"Ciudad Autónoma de Buenos Aires","Buenos Aires",Argentina,785794480,"Maria Quevedo",https://www.facebook.com/mery.quevedo3
Valen,Castillo,pitufa.valen@facebook.com,"23 de Marzo",https://www.facebook.com/pitufa.valen,21,,"Ciudad Autónoma de Buenos Aires","Buenos Aires",Argentina,100005156054585,"Mariana Graña",
Nico,Roberts,nico.roberts.71@facebook.com,"23 de Marzo",https://www.facebook.com/nico.roberts.71,,,"Ciudad Autónoma de Buenos Aires","Buenos Aires",Argentina,686935220,"Marilina Lagomarsino",https://www.facebook.com/marilina.lagomarsino
Natalia,Fariña,natalia.farina.357@facebook.com,"23 de Marzo",https://www.facebook.com/natalia.farina.357,,,"Ciudad Autónoma de Buenos Aires","Buenos Aires",Argentina,1131973926,"Martín Álvarez BA I",https://www.facebook.com/Woody.Blair
Celes,Padilla,celes.padilla.3@facebook.com,"23 de Marzo",https://www.facebook.com/celes.padilla.3,24,,"Ciudad Autónoma de Buenos Aires","Buenos Aires",Argentina,1133678231,"Martín Álvarez BA I",https://www.facebook.com/Woody.Blair
Federico,Cantero,canterofederico@facebook.com,"23 de Marzo",https://www.facebook.com/canterofederico,,,"Ciudad Autónoma de Buenos Aires","Buenos Aires",Argentina,529194607,"Marti Nevares",https://www.facebook.com/martii.nevares
Valentina,Pentreath,valentina.pentreath@facebook.com,"23 de Marzo",https://www.facebook.com/valentina.pentreath,,,"Ciudad Autónoma de Buenos Aires","Buenos Aires",Argentina,1421258053,"Marti Nevares",https://www.facebook.com/martii.nevares
Patricio,Kopas,patricio.kopas@facebook.com,"23 de Marzo",https://www.facebook.com/patricio.kopas,25,Olivos,Olivos,"Buenos Aires",Argentina,726537591,"Martin Gonzalez",
Lisandro,Priano,lisandro.priano@facebook.com,"23 de Marzo",https://www.facebook.com/lisandro.priano,,,"Ciudad Autónoma de Buenos Aires","Buenos Aires",Argentina,1346265527,"Martin Menini",https://www.facebook.com/martin.menini
Luciano,Carpignano,luciano.carpignano@facebook.com,"23 de Marzo",https://www.facebook.com/luciano.carpignano,32,,"Ciudad Autónoma de Buenos Aires","Buenos Aires",Argentina,604003089,"Matias Adanez",https://www.facebook.com/madanez
Sandra,Bruno,faceboo.comsandra@facebook.com,"23 de Marzo",https://www.facebook.com/faceboo.comsandra,,,"Ciudad Autónoma de Buenos Aires","Buenos Aires",Argentina,1172780579,"Matias Daniel Pascual",
Ayelen,Colombi,ayelen.colombi@facebook.com,"23 de Marzo",https://www.facebook.com/ayelen.colombi,24,,"Ciudad Autónoma de Buenos Aires","Buenos Aires",Argentina,1541214590,"Matias Duarte",
Lauri,Amallo,laurifloama@facebook.com,"23 de Marzo",https://www.facebook.com/laurifloama,,,"Ciudad Autónoma de Buenos Aires","Buenos Aires",Argentina,577580963,"Melina Piovano",https://www.facebook.com/melipiovano
Janko,Lukac,janko.lukac.14@facebook.com,"23 de Marzo",https://www.facebook.com/janko.lukac.14,,,"Ciudad Autónoma de Buenos Aires","Buenos Aires",Argentina,580225951,"Melina Piovano",https://www.facebook.com/melipiovano
"Ay Caramba",Boards,aycaramba.boards@facebook.com,"23 de Marzo",https://www.facebook.com/aycaramba.boards,32,,"Ciudad Autónoma de Buenos Aires","Buenos Aires",Argentina,100003380154224,"Melo Dellarole",https://www.facebook.com/melodellarole
Negro,Fluo,negrofluo@facebook.com,"23 de Marzo",https://www.facebook.com/negrofluo,,,"Ciudad Autónoma de Buenos Aires","Buenos Aires",Argentina,697968048,"Melo Dellarole",https://www.facebook.com/melodellarole
Gallart,Matias,gallart.matias@facebook.com,"23 de Marzo",https://www.facebook.com/gallart.matias,,,"Ciudad Autónoma de Buenos Aires","Buenos Aires",Argentina,617169497,"Melo Dellarole",https://www.facebook.com/melodellarole
Flopi,Garat,flopigarat@facebook.com,"23 de Marzo",https://www.facebook.com/flopigarat,31,,"Ciudad Autónoma de Buenos Aires","Buenos Aires",Argentina,871985113,"Mercedes Ferrario",https://www.facebook.com/mercedes.ferrario
Fly,"Natural Bar",flynaturalbar@facebook.com,"23 de Marzo",https://www.facebook.com/flynaturalbar,,,"Ciudad Autónoma de Buenos Aires","Buenos Aires",Argentina,100000929880907,"Mery Villar",https://www.facebook.com/mery.villar1
Antonela,Ronconi,antonela.ronconi@facebook.com,"23 de Marzo",https://www.facebook.com/antonela.ronconi,,,"Ciudad Autónoma de Buenos Aires","Buenos Aires",Argentina,100003983350686,"Mia Miry Ponce",
"Residencia-Hotel San",Tango,santango.buenosaires@facebook.com,"23 de Marzo",https://www.facebook.com/santango.buenosaires,,,"Ciudad Autónoma de Buenos Aires","Buenos Aires",Argentina,100004005002411,"Mia Miry Ponce",
Vane,Taibo,vanemt@facebook.com,"23 de Marzo",https://www.facebook.com/vanemt,21,,"Ciudad Autónoma de Buenos Aires","Buenos Aires",Argentina,1090512881,"Michelle Fingeret",https://www.facebook.com/michelle.fingeret
Federico,Righetti,federico.righetti.7@facebook.com,"23 de Marzo",https://www.facebook.com/federico.righetti.7,24,,"Ciudad Autónoma de Buenos Aires","Buenos Aires",Argentina,1173273211,"Micu Mc Hardy",https://www.facebook.com/micu.hardy
Yael,Osuna,yaael.osunaa@facebook.com,"23 de Marzo",https://www.facebook.com/yaael.osunaa,,,"Ciudad Autónoma de Buenos Aires","Buenos Aires",Argentina,100002798223871,"Mika Escobar",https://www.facebook.com/mika.escobar1
Cori,Posse,cori.posse@facebook.com,"23 de Marzo",https://www.facebook.com/cori.posse,,,"Ciudad Autónoma de Buenos Aires","Buenos Aires",Argentina,550869754,"Mili Mauro",https://www.facebook.com/milimauro
Tete,Paulise,TetePaulise@facebook.com,"23 de Marzo",https://www.facebook.com/TetePaulise,31,Núñez,"Ciudad Autónoma de Buenos Aires","Buenos Aires",Argentina,100002202473382,"Miqui Berriòs",https://www.facebook.com/miqui.berrios
Analia,Dominguez,analia.dominguez.921@facebook.com,"23 de Marzo",https://www.facebook.com/analia.dominguez.921,,,"Ciudad Autónoma de Buenos Aires","Buenos Aires",Argentina,1007720818,"Miranda Toderi",https://www.facebook.com/miranda.toderi
Luciano,Pacha,pachality@facebook.com,"23 de Marzo",https://www.facebook.com/pachality,33,Olivos,Olivos,"Buenos Aires",Argentina,1110825113,"Miriam Larrosa",https://www.facebook.com/MeryLarrosa
Melina,Chulvi,melina.chulvi@facebook.com,"23 de Marzo",https://www.facebook.com/melina.chulvi,25,,"Ciudad Autónoma de Buenos Aires","Buenos Aires",Argentina,1089361071,"Nadia Soraya",https://www.facebook.com/nadia.soraya
Noe,Cafreriitaa,noe.cafreriitaa@facebook.com,"23 de Marzo",https://www.facebook.com/noe.cafreriitaa,24,,"Ciudad Autónoma de Buenos Aires","Buenos Aires",Argentina,100001670056901,"Nahu Millicay Pereyra",https://www.facebook.com/nahumilli
"Maria Laura","Da Silva",ma.lauras@facebook.com,"23 de Marzo",https://www.facebook.com/ma.lauras,32,,"Ciudad Autónoma de Buenos Aires","Buenos Aires",Argentina,641426447,"Nannuja Nadia Delfini",https://www.facebook.com/nadiaximenadelfi
Thiada,Pilates,thiada.pilates.5@facebook.com,"23 de Marzo",https://www.facebook.com/thiada.pilates.5,32,,"Ciudad Autónoma de Buenos Aires","Buenos Aires",Argentina,100006185732129,"Nannuja Nadia Delfini",https://www.facebook.com/nadiaximenadelfi
Flor,Cavoti,flor.cavoti@facebook.com,"23 de Marzo",https://www.facebook.com/flor.cavoti,22,"Buenos Aires","Buenos Aires","Buenos Aires",Argentina,658249318,"Natalia Schönfeld",
George,Arias,walterariasccnv@facebook.com,"23 de Marzo",https://www.facebook.com/walterariasccnv,,,"Ciudad Autónoma de Buenos Aires","Buenos Aires",Argentina,100000011980182,"Natalia Tarelli",
Titu,Nicosia,titu.nicosia@facebook.com,"23 de Marzo",https://www.facebook.com/titu.nicosia,21,,"Ciudad Autónoma de Buenos Aires","Buenos Aires",Argentina,1486698749,"Natalia Vaccaro",
Pablo,Chaps,pablo.chapinal@facebook.com,"23 de Marzo",https://www.facebook.com/pablo.chapinal,31,,"Ciudad Autónoma de Buenos Aires","Buenos Aires",Argentina,1019105897,"Natascha Stern",https://www.facebook.com/natascha.stern
Gabriel,Mas,gabriel.mas.14@facebook.com,"23 de Marzo",https://www.facebook.com/gabriel.mas.14,,"Villa Luro","Ciudad Autónoma de Buenos Aires","Distrito Federal",Argentina,1412523616,"Nazarena Sierra",
Candee,Zocco,candee.zocco@facebook.com,"23 de Marzo",https://www.facebook.com/candee.zocco,,,"Ciudad Autónoma de Buenos Aires","Buenos Aires",Argentina,1168395271,"Nicolás Marano",https://www.facebook.com/nicolasmarano10
"Juan Pablo",Zaiek,jpzaiek@facebook.com,"23 de Marzo",https://www.facebook.com/jpzaiek,27,,"Ciudad Autónoma de Buenos Aires","Buenos Aires",Argentina,887715106,"Nicolas Brea",https://www.facebook.com/Nicolas.Brea
Delfina,Caula,delfina.caula@facebook.com,"23 de Marzo",https://www.facebook.com/delfina.caula,26,,"Ciudad Autónoma de Buenos Aires","Buenos Aires",Argentina,508887753,"Nicolas Brea",https://www.facebook.com/Nicolas.Brea
Sol,Marotti,sol.marotti1@facebook.com,"23 de Marzo",https://www.facebook.com/sol.marotti1,21,,"Ciudad Autónoma de Buenos Aires","Buenos Aires",Argentina,1401395659,"Nicolas Supital",https://www.facebook.com/nicosupi
Joha,Cabrera,joha.cabrera@facebook.com,"23 de Marzo",https://www.facebook.com/joha.cabrera,24,Coghlan,"Ciudad Autónoma de Buenos Aires","Buenos Aires",Argentina,1178424456,"Noelia Sarquiz",https://www.facebook.com/noelia.sarquiz
Alan,Viladrich,alan.viladrich@facebook.com,"23 de Marzo",https://www.facebook.com/alan.viladrich,,,"Ciudad Autónoma de Buenos Aires","Buenos Aires",Argentina,1009510301,"Pala Falguera",
Daniela,Gotfryd,daniela.gotfryd@facebook.com,"23 de Marzo",https://www.facebook.com/daniela.gotfryd,29,,"Ciudad Autónoma de Buenos Aires","Buenos Aires",Argentina,722891768,"Pam Contreras",
Fede,Ottone,federico.ottone@facebook.com,"23 de Marzo",https://www.facebook.com/federico.ottone,,,"Ciudad Autónoma de Buenos Aires","Buenos Aires",Argentina,554344629,"Pato Pagano",https://www.facebook.com/pato.p111
Nico,Lev,nlev2@facebook.com,"23 de Marzo",https://www.facebook.com/nlev2,,"Buenos Aires","Buenos Aires","Buenos Aires",Argentina,737626730,"Patrick Fernando Kushner L",patrick.f.lopez
Juan,Velasco,@facebook.com,"23 de Marzo",https://www.facebook.com/profile.php?id=668599540,32,"San Cristóbal","Ciudad Autónoma de Buenos Aires","Buenos Aires",Argentina,668599540,"Paula Acosta",
Lucia,Jara,asadfagadfsf@facebook.com,"23 de Marzo",https://www.facebook.com/asadfagadfsf,26,,"Ciudad Autónoma de Buenos Aires","Buenos Aires",Argentina,100002613511755,"Pedro Lopezyfernandez",https://www.facebook.com/pedronahuel
Paloma,Brichta,paloma.brichta@facebook.com,"23 de Marzo",https://www.facebook.com/paloma.brichta,23,,"Ciudad Autónoma de Buenos Aires","Buenos Aires",Argentina,774615392,"Piltra Toller",https://www.facebook.com/piltra
Florencia,Franchini,florencia.franchini.3@facebook.com,"23 de Marzo",https://www.facebook.com/florencia.franchini.3,31,"Buenos Aires","Buenos Aires","Buenos Aires",Argentina,100000934388546,"Piru Lasta",piru.lasta
Gaby,Paz,gabii.paz.31@facebook.com,"23 de Marzo",https://www.facebook.com/gabii.paz.31,23,"Buenos Aires","Buenos Aires","Buenos Aires",Argentina,100001148402767,"Rebe Gonzalez",RebeeGonzalez
"Aurora Batista",Bar,aurorabatista.bar@facebook.com,"23 de Marzo",https://www.facebook.com/aurorabatista.bar,30,,"Ciudad Autónoma de Buenos Aires","Buenos Aires",Argentina,100000974273436,"Ro Cardoso",
Alejandra,Soto,alejandra.soto.18@facebook.com,"23 de Marzo",https://www.facebook.com/alejandra.soto.18,23,Recoleta,"Ciudad Autónoma de Buenos Aires","Buenos Aires",Argentina,524771519,"Rocío Martínez",https://www.facebook.com/rochi.belen
Isabella,Intima,isabella.intima.7@facebook.com,"23 de Marzo",https://www.facebook.com/isabella.intima.7,23,,"Ciudad Autónoma de Buenos Aires","Buenos Aires",Argentina,100002088471103,"Rocío Martínez",https://www.facebook.com/rochi.belen
Magui,Hansen,maguimh@facebook.com,"23 de Marzo",https://www.facebook.com/maguimh,24,,"Ciudad Autónoma de Buenos Aires","Buenos Aires",Argentina,601101630,"Rocío Martínez",https://www.facebook.com/rochi.belen
Gilles,Salomone,gilles.salomone.7@facebook.com,"23 de Marzo",https://www.facebook.com/gilles.salomone.7,31,Coghlan,"Ciudad Autónoma de Buenos Aires","Buenos Aires",Argentina,613053811,"Rocio Benitez",
Carito,Fernández,carito.fernandez.524@facebook.com,"23 de Marzo",https://www.facebook.com/carito.fernandez.524,24,,"Ciudad Autónoma de Buenos Aires","Buenos Aires",Argentina,750093490,"Romi Flores",
Rebeca,"González Esteves",rebeca.obligado@facebook.com,"23 de Marzo",https://www.facebook.com/rebeca.obligado,28,,"Ciudad Autónoma de Buenos Aires","Buenos Aires",Argentina,584288482,"Romina Dorza",https://www.facebook.com/rodorza
Manolo,Salvadores,manolo.salvadores@facebook.com,"23 de Marzo",https://www.facebook.com/manolo.salvadores,,,"Ciudad Autónoma de Buenos Aires","Buenos Aires",Argentina,501704379,"Romina Toller",
Juli,Pagano,juli.pagano@facebook.com,"23 de Marzo",https://www.facebook.com/juli.pagano,22,,"Ciudad Autónoma de Buenos Aires","Buenos Aires",Argentina,789514897,"Romina Toller",
"Gaston Andres","Perez Prieto",gastonandres.perezprieto@facebook.com,"23 de Marzo",https://www.facebook.com/gastonandres.perezprieto,28,,"Ciudad Autónoma de Buenos Aires","Buenos Aires",Argentina,100000573661904,"Sabrina Fuchs",
Florencia,Albino,florencia.33@facebook.com,"23 de Marzo",https://www.facebook.com/florencia.33,,,"Ciudad Autónoma de Buenos Aires","Buenos Aires",Argentina,1566596725,"Sabry Valenti",https://www.facebook.com/sabry.valenti
Mery,Galindez,mery.galindez.3@facebook.com,"23 de Marzo",https://www.facebook.com/mery.galindez.3,25,,"Ciudad Autónoma de Buenos Aires","Buenos Aires",Argentina,548127737,"Santi Osterc",https://www.facebook.com/santiosterc
Enrique,Sobanski,enrique.sobanski.9@facebook.com,"23 de Marzo",https://www.facebook.com/enrique.sobanski.9,31,,"Ciudad Autónoma de Buenos Aires","Buenos Aires",Argentina,756848160,"Santi Osterc",https://www.facebook.com/santiosterc
Lali,Granj,solci.granj@facebook.com,"23 de Marzo",https://www.facebook.com/solci.granj,,"Parque Chacabuco","Ciudad Autónoma de Buenos Aires","Distrito Federal",Argentina,1522389805,"Santiago Gutierrez",
"Arq Nico",Kosacoff,arqnico.kosacoff@facebook.com,"23 de Marzo",https://www.facebook.com/arqnico.kosacoff,28,,"Ciudad Autónoma de Buenos Aires","Buenos Aires",Argentina,774940491,"Santiago Villanueva",https://www.facebook.com/santiago.villanueva
Jennifer,Jones,@facebook.com,"23 de Marzo",https://www.facebook.com/profile.php?id=639733293,27,,"Ciudad Autónoma de Buenos Aires","Buenos Aires",Argentina,639733293,"Santiago Villanueva",https://www.facebook.com/santiago.villanueva
Lola,Leskiv,lore.leskiv@facebook.com,"23 de Marzo",https://www.facebook.com/lore.leskiv,28,,"Ciudad Autónoma de Buenos Aires","Buenos Aires",Argentina,1584014326,"Sheyla Gutierrez Aguirre",https://www.facebook.com/sheylamarilyn.gutierrezag
Saúl,Gauna,saul.gauna@facebook.com,"23 de Marzo",https://www.facebook.com/saul.gauna,25,,"Ciudad Autónoma de Buenos Aires","Buenos Aires",Argentina,1467109250,"Sil Cristiano ?ï?",https://www.facebook.com/Sivinita
Diego,Bianco,Diego10Diez@facebook.com,"23 de Marzo",https://www.facebook.com/Diego10Diez,30,"La Boca","Ciudad Autónoma de Buenos Aires","Buenos Aires",Argentina,1115185573,"Silvia Fernandez",https://www.facebook.com/silviafernandezchivi
Guido,Bonacossa,nonitto@facebook.com,"23 de Marzo",https://www.facebook.com/nonitto,27,,"Ciudad Autónoma de Buenos Aires","Buenos Aires",Argentina,596971608,"Silvia Grun",
Valen,Higa,valentina.higa@facebook.com,"23 de Marzo",https://www.facebook.com/valentina.higa,32,,"Ciudad Autónoma de Buenos Aires","Buenos Aires",Argentina,100001058462775,"Silvia Grun",
Daniel,Falcone,daniel.falcone.33@facebook.com,"23 de Marzo",https://www.facebook.com/daniel.falcone.33,,,"Ciudad Autónoma de Buenos Aires","Buenos Aires",Argentina,100001517093129,"Silvia Grun",
Guapi,Martinez,guapi.martinez@facebook.com,"23 de Marzo",https://www.facebook.com/guapi.martinez,32,,"Ciudad Autónoma de Buenos Aires","Buenos Aires",Argentina,580991190,"Silvina Cazzulino",https://www.facebook.com/silvina.cazzulino
Sofia,Bertolini,sofibertolinii@facebook.com,"23 de Marzo",https://www.facebook.com/sofibertolinii,26,,"Ciudad Autónoma de Buenos Aires","Buenos Aires",Argentina,1292486428,"Sindy Elisa Szczucky",https://www.facebook.com/sindy.szczucky
Elizabet,Alvez,elizabet.alvez@facebook.com,"23 de Marzo",https://www.facebook.com/elizabet.alvez,23,,"Ciudad Autónoma de Buenos Aires","Buenos Aires",Argentina,100002700379478,"Sindy Elisa Szczucky",https://www.facebook.com/sindy.szczucky
Issa,Campos,iiissaa@facebook.com,"23 de Marzo",https://www.facebook.com/iiissaa,22,,"Ciudad Autónoma de Buenos Aires","Buenos Aires",Argentina,1449204312,"Sofu Maddonni",https://www.facebook.com/ssofiia
Ezequiel,Ojeda,Ezee90@facebook.com,"23 de Marzo",https://www.facebook.com/Ezee90,,,"Ciudad Autónoma de Buenos Aires","Buenos Aires",Argentina,683372554,"Sofu Maddonni",https://www.facebook.com/ssofiia
Lilu,AbReo,Lilu182@facebook.com,"23 de Marzo",https://www.facebook.com/Lilu182,,,"Ciudad Autónoma de Buenos Aires","Buenos Aires",Argentina,687001178,"Sofu Maddonni",https://www.facebook.com/ssofiia
Balto,Bauer,balto.bauer@facebook.com,"23 de Marzo",https://www.facebook.com/balto.bauer,,,"Ciudad Autónoma de Buenos Aires","Buenos Aires",Argentina,100001085137774,"Srita Bauer",https://www.facebook.com/marina.vas
"Juan Manuel",Torres,juanmanuel.torres.96780@facebook.com,"23 de Marzo",https://www.facebook.com/juanmanuel.torres.96780,,,"Ciudad Autónoma de Buenos Aires","Buenos Aires",Argentina,100001091435595,"Srita Bauer",https://www.facebook.com/marina.vas
Daniel,"Falcone III",daniel.falconeiii@facebook.com,"23 de Marzo",https://www.facebook.com/daniel.falconeiii,,,"Ciudad Autónoma de Buenos Aires","Buenos Aires",Argentina,100001965637458,"Sumatra Shows",https://www.facebook.com/sumatrashows
Violeta,Eva,violeta.altamirano.9@facebook.com,"23 de Marzo",https://www.facebook.com/violeta.altamirano.9,23,,"Ciudad Autónoma de Buenos Aires","Buenos Aires",Argentina,100002860197861,"Tamara Pereyra",
Gonzalo,Datolo,gonzalo.datolo@facebook.com,"23 de Marzo",https://www.facebook.com/gonzalo.datolo,30,,"Ciudad Autónoma de Buenos Aires","Buenos Aires",Argentina,100001046781992,"Tatiana Petroccelli",https://www.facebook.com/tanshanita
"Tomas Fernando",Perez,tomasfernandop@facebook.com,"23 de Marzo",https://www.facebook.com/tomasfernandop,34,,"Ciudad Autónoma de Buenos Aires","Buenos Aires",Argentina,1260508111,"Tatiana Petroccelli",https://www.facebook.com/tanshanita
Facu,Sanabria,facusanabria@facebook.com,"23 de Marzo",https://www.facebook.com/facusanabria,23,,"Ciudad Autónoma de Buenos Aires","Buenos Aires",Argentina,1162080357,"Tia Lu",https://www.facebook.com/vivardo.lucia
Luli,Viegas,luliviegas@facebook.com,"23 de Marzo",https://www.facebook.com/luliviegas,26,,"Ciudad Autónoma de Buenos Aires","Buenos Aires",Argentina,759264783,"Tia Lu",https://www.facebook.com/vivardo.lucia
Matii,Moreno,matii.garcia.1238@facebook.com,"23 de Marzo",https://www.facebook.com/matii.garcia.1238,26,,"Ciudad Autónoma de Buenos Aires","Buenos Aires",Argentina,760503562,"Tia Lu",https://www.facebook.com/vivardo.lucia
Hernan,Cabanas,hernan.cabanas.92@facebook.com,"23 de Marzo",https://www.facebook.com/hernan.cabanas.92,31,,"Ciudad Autónoma de Buenos Aires","Buenos Aires",Argentina,100001477553631,"Vale Piedra",https://www.facebook.com/Valepiedra
Ramiro,Agulla,ramiroagullah@facebook.com,"23 de Marzo",https://www.facebook.com/ramiroagullah,,,"Ciudad Autónoma de Buenos Aires","Buenos Aires",Argentina,682645293,"Valentino Fabre",https://www.facebook.com/valenfabre
Sofia,Palumbo,sofipalumbo@facebook.com,"23 de Marzo",https://www.facebook.com/sofipalumbo,,,"Ciudad Autónoma de Buenos Aires","Buenos Aires",Argentina,564319455,"Valentino Fabre",https://www.facebook.com/valenfabre
Tomas,Boubee,tomas.boubee@facebook.com,"23 de Marzo",https://www.facebook.com/tomas.boubee,22,,"Ciudad Autónoma de Buenos Aires","Buenos Aires",Argentina,780514651,"Valentino Fabre",https://www.facebook.com/valenfabre
Maxi,Montenegro,maxienbuenosaires@facebook.com,"23 de Marzo",https://www.facebook.com/maxienbuenosaires,,,"Ciudad Autónoma de Buenos Aires","Buenos Aires",Argentina,1173044949,"Valeria Ayala",
Pablo,Sofia,pablo.sofia@facebook.com,"23 de Marzo",https://www.facebook.com/pablo.sofia,,,"Ciudad Autónoma de Buenos Aires","Buenos Aires",Argentina,680273483,"Vanesa Macias",https://www.facebook.com/vanesa.macias1
Charlie,Burgin,charlie.burgin2@facebook.com,"23 de Marzo",https://www.facebook.com/charlie.burgin2,,,"Ciudad Autónoma de Buenos Aires","Buenos Aires",Argentina,593812533,"Vanesa Macias",https://www.facebook.com/vanesa.macias1
"Hernan R",Cabanas,hernanr.cabanas@facebook.com,"23 de Marzo",https://www.facebook.com/hernanr.cabanas,,,"Ciudad Autónoma de Buenos Aires","Buenos Aires",Argentina,100007638160360,"Vanesa Macias",https://www.facebook.com/vanesa.macias1
"Fede Godoy",BodyFitness,@facebook.com,"23 de Marzo",https://www.facebook.com/profile.php?id=100007424176957,28,,"Ciudad Autónoma de Buenos Aires","Buenos Aires",Argentina,100007424176957,"Vanesa Myrna Ojeda",
Priscila,Prete,priscila.prete.modelo@facebook.com,"23 de Marzo",https://www.facebook.com/priscila.prete.modelo,28,,"Ciudad Autónoma de Buenos Aires","Buenos Aires",Argentina,100007812752922,"Vanesa Myrna Ojeda",
John,Fernandez,jonatanrf@facebook.com,"23 de Marzo",https://www.facebook.com/jonatanrf,26,,"Ciudad Autónoma de Buenos Aires","Buenos Aires",Argentina,1186962558,"Vanina Lopez Baroni",https://www.facebook.com/vaninalb
"Ma Eugenia","Perez Arreseigor",euge.perezarreseigor@facebook.com,"23 de Marzo",https://www.facebook.com/euge.perezarreseigor,,,"Ciudad Autónoma de Buenos Aires","Buenos Aires",Argentina,1280027384,"Victor Bernay",https://www.facebook.com/victor.bernay
Josefina,Veron,josefina.veron2@facebook.com,"23 de Marzo",https://www.facebook.com/josefina.veron2,23,,"Ciudad Autónoma de Buenos Aires","Buenos Aires",Argentina,1335492616,"Victoria Cerdán",https://www.facebook.com/victoriaacerdan
Mariela,Bombara,mariela.bombara@facebook.com,"23 de Marzo",https://www.facebook.com/mariela.bombara,,,"Ciudad Autónoma de Buenos Aires","Buenos Aires",Argentina,1126441833,"Yanina Toto",https://www.facebook.com/yanina.toto
Emma,Martinez,emmanuel.martinez.18062533@facebook.com,"23 de Marzo",https://www.facebook.com/emmanuel.martinez.18062533,25,,"Ciudad Autónoma de Buenos Aires","Buenos Aires",Argentina,1347701901,"Yanina Toto",https://www.facebook.com/yanina.toto
Guusstavo,Lunaa,GusssssDeAlmagroo@facebook.com,"23 de Marzo",https://www.facebook.com/GusssssDeAlmagroo,,,"Ciudad Autónoma de Buenos Aires","Buenos Aires",Argentina,1795344883,"Yasu Higa",
