Nombre,Apellido,"Email Facebook",Cumpleaños,"Usuario Facebook",Edad,Barrio,Ciudad,Provincia,Pais,"ID Facebook","Amigo De","Amigo De (Usuario)",rebound
Miicaela,Medina,vanina.medina3@facebook.com,"03 de Julio",https://www.facebook.com/vanina.medina3,21,,"Ciudad Autónoma de Buenos Aires","Buenos Aires",Argentina,100001720400099,"Demián Gabriel",,1
"Jose Ariel",Bernales,arielbernales@facebook.com,"03 de Julio",https://www.facebook.com/arielbernales,,,"Ciudad Autónoma de Buenos Aires","Buenos Aires",Argentina,1365084540,"Christian Vadalá",https://www.facebook.com/christian.vadala,1
Natalia,Rosensvaich,rochen@facebook.com,"03 de Julio",https://www.facebook.com/Rochen,,,"Ciudad Autónoma de Buenos Aires","Buenos Aires",Argentina,1433357063,"Charly Ruez",https://www.facebook.com/charly.ruez,1
Matias,Gordano,matias.gordano@facebook.com,"03 de Julio",https://www.facebook.com/matias.gordano,25,"Buenos Aires","Buenos Aires","Buenos Aires",Argentina,1305086927,"Alejandro Dixon",0,1
Fede,Buenvecino,fede.buenvecino@facebook.com,"03 de Julio",https://www.facebook.com/fede.buenvecino,,Barracas,"Ciudad Autónoma de Buenos Aires","Buenos Aires",Argentina,1299125359,"Aniita Canta",https://www.facebook.com/Aniita.Canta,1
Cinthia,Martinez,cinthia.martinez.779642@facebook.com,"03 de Julio",https://www.facebook.com/cinthia.martinez.779642,21,,"Ciudad Autónoma de Buenos Aires","Buenos Aires",Argentina,1337603401,"Anna Laura",https://www.facebook.com/Anna.Laucha,1
Nicolas,"Hance Psicotico",nicolas.quina.1@facebook.com,"03 de Julio",https://www.facebook.com/nicolas.quina.1,28,,"Ciudad Autónoma de Buenos Aires","Buenos Aires",Argentina,1061062153,"Gastón Alejandro Di Lella",https://www.facebook.com/gastondilella,1
Lucas,Manuzza,lucas.manuzza@facebook.com,"03 de Julio",https://www.facebook.com/lucas.manuzza,23,"Parque Patricios","Ciudad Autónoma de Buenos Aires","Buenos Aires",Argentina,1409622373,"Christian Douer Chuky",https://www.facebook.com/christian.chuky,1
Papelera,Avellaneda,papelera.avellaneda@facebook.com,"03 de Julio",https://www.facebook.com/papelera.avellaneda,24,,"Ciudad Autónoma de Buenos Aires","Buenos Aires",Argentina,100005894471705,"Charly de la Iglesia",,1
Làà,Mììlìì,laa.miilii.583@facebook.com,"03 de Julio",https://www.facebook.com/laa.miilii.583,,,"Ciudad Autónoma de Buenos Aires","Buenos Aires",Argentina,100003259849205,"Rodrii Martinez",,1
Celeste,Lambert,cele.lambert@facebook.com,"03 de Julio",https://www.facebook.com/cele.lambert,22,,"Ciudad Autónoma de Buenos Aires","Buenos Aires",Argentina,1330069755,"Sofia Cantero",,1
Nadia,Pintar,nadia.pintar@facebook.com,"03 de Julio",https://www.facebook.com/nadia.pintar,22,,"Ciudad Autónoma de Buenos Aires","Buenos Aires",Argentina,1127808180,"Ailin Majeras",https://www.facebook.com/ailin.majeras,1
Lulii,Mozzon,luulii.mozzon@facebook.com,"03 de Julio",https://www.facebook.com/luulii.mozzon,,,"Ciudad Autónoma de Buenos Aires","Buenos Aires",Argentina,100002105946297,"Matías Panero",,1
Marian,Martínez,biggy.martinez@facebook.com,"03 de Julio",https://www.facebook.com/biggy.martinez,,,"Ciudad Autónoma de Buenos Aires","Buenos Aires",Argentina,100003883293906,"Ale Arias Mandarine Park",,1
Lilen,Zarate,lilen.zarate@facebook.com,"03 de Julio",https://www.facebook.com/lilen.zarate,,,"Ciudad Autónoma de Buenos Aires","Buenos Aires",Argentina,1541084856,"Gustavo Pietrafesa",,1
Tomas,Agosti,tomas.agosti@facebook.com,"03 de Julio",https://www.facebook.com/tomas.agosti,24,,"Ciudad Autónoma de Buenos Aires","Buenos Aires",Argentina,654790798,"Flor Rossi",,1
Karl,Castle,charlyy.eve@facebook.com,"03 de Julio",https://www.facebook.com/charlyy.eve,28,,"Ciudad Autónoma de Buenos Aires","Buenos Aires",Argentina,1569624674,"Agustin Justin",https://www.facebook.com/Agustin.Justin,1
Luli,"Perez Zurovesky",lucia.perezzurovesky@facebook.com,"03 de Julio",https://www.facebook.com/lucia.perezzurovesky,,,"Ciudad Autónoma de Buenos Aires","Buenos Aires",Argentina,1636130756,"Ian Szejner",,1
Damuri,"Juan Pablo",juanpablo.damuri.1@facebook.com,"03 de Julio",https://www.facebook.com/juanpablo.damuri.1,24,,"Ciudad Autónoma de Buenos Aires","Buenos Aires",Argentina,100006933729722,"Ayu Casanova",,1
Alejandro,Rivollier,alejandro.javier.7923@facebook.com,"03 de Julio",https://www.facebook.com/alejandro.javier.7923,,,"Ciudad Autónoma de Buenos Aires","Buenos Aires",Argentina,1112140149,"Geru Sznek",https://www.facebook.com/gsznek,1
Laura,Park,jieun.park.9484@facebook.com,"03 de Julio",https://www.facebook.com/jieun.park.9484,,"Buenos Aires","Buenos Aires","Buenos Aires",Argentina,100004398099902,"Alan Yun",0,1
Cami,Bordanucci,tu.camichisss@facebook.com,"03 de Julio",https://www.facebook.com/tu.camichisss,28,,"Ciudad Autónoma de Buenos Aires","Buenos Aires",Argentina,1422420704,"Sebastian Daniel Riccardi",https://www.facebook.com/sebastian.riccardi,1
El,Ritual,el.ritual.9@facebook.com,"03 de Julio",https://www.facebook.com/el.ritual.9,,,"Ciudad Autónoma de Buenos Aires","Buenos Aires",Argentina,100001376944444,"Juan Clemente",,1
"Gisela Soledad",Mattone,giselasoledad.mattone@facebook.com,"03 de Julio",https://www.facebook.com/giselasoledad.mattone,,"Nueva Pompeya","Ciudad Autónoma de Buenos Aires","Buenos Aires",Argentina,1449399711,"Juan Manuel Fotografo",https://www.facebook.com/JuanmaJMFotoEstudio,1
Chapu,Santiago,chapu.santiago.9@facebook.com,"03 de Julio",https://www.facebook.com/chapu.santiago.9,24,,"Ciudad Autónoma de Buenos Aires","Buenos Aires",Argentina,704406945,"Juli Sremac",https://www.facebook.com/juli.sremac,1
Dani,Alvarez,dani.alvarez.5070@facebook.com,"03 de Julio",https://www.facebook.com/dani.alvarez.5070,29,,"Ciudad Autónoma de Buenos Aires","Buenos Aires",Argentina,1347182267,"Chanchi Martinez",https://www.facebook.com/chanchi.martinez,1
"Pieragostini Producciones",Integrales,pieragostiniproducciones@facebook.com,"03 de Julio",https://www.facebook.com/pieragostiniproducciones,,,"Ciudad Autónoma de Buenos Aires","Buenos Aires",Argentina,100003580489478,"Paz Maldonado",,1
Cositas,Ricas,nails.art.16@facebook.com,"03 de Julio",https://www.facebook.com/nails.art.16,30,,"Ciudad Autónoma de Buenos Aires","Buenos Aires",Argentina,100003664502821,"Jessica Bellomo",https://www.facebook.com/JessBellomo,1
Ana,PH,ana.ph.9@facebook.com,"03 de Julio",https://www.facebook.com/ana.ph.9,30,,"Ciudad Autónoma de Buenos Aires","Buenos Aires",Argentina,100003666780530,"Jessica Bellomo",https://www.facebook.com/JessBellomo,1
Marianella,Bono,marianella.bono@facebook.com,"03 de Julio",https://www.facebook.com/marianella.bono,25,"La Boca","Ciudad Autónoma de Buenos Aires","Buenos Aires",Argentina,1140902188,"Piltra Toller",https://www.facebook.com/piltra,1
Suplementos,Deportivos,suplementos.deportivos.5439@facebook.com,"03 de Julio",https://www.facebook.com/suplementos.deportivos.5439,29,,"Ciudad Autónoma de Buenos Aires","Buenos Aires",Argentina,100004262682836,"Tuty Martinez",,1
Miss,Oprostol,miss.oprostol@facebook.com,"03 de Julio",https://www.facebook.com/Miss.Oprostol,,,"Ciudad Autónoma de Buenos Aires","Buenos Aires",Argentina,1624202321,"Nicolas Brea",https://www.facebook.com/Nicolas.Brea,1
Carolina,Morreale,carolina.morreale.1@facebook.com,"04 de Julio",https://www.facebook.com/carolina.morreale.1,26,,"Ciudad Autónoma de Buenos Aires","Buenos Aires",Argentina,1285352962,"Christian Vadalá",https://www.facebook.com/christian.vadala,1
Rafaela,"De Vulcanis",rafaela.devulcanis@facebook.com,"04 de Julio",https://www.facebook.com/rafaela.devulcanis,25,,"Ciudad Autónoma de Buenos Aires","Buenos Aires",Argentina,601656203,"Cristian Andres Romano",,1
Agustina,"De Bello",agustina.dbe@facebook.com,"04 de Julio",https://www.facebook.com/agustina.dbe,23,,"Ciudad Autónoma de Buenos Aires","Buenos Aires",Argentina,1098968928,"Jobs Bar",https://www.facebook.com/jobsbar,1
Martin,Wolfsdorf,martin.wolfsdorf@facebook.com,"04 de Julio",https://www.facebook.com/martin.wolfsdorf,24,,"Ciudad Autónoma de Buenos Aires","Buenos Aires",Argentina,530223414,"Agustin De Pascali",https://www.facebook.com/agustin.depascali,1
Sonia,Alessandrini,sonia.alessandrini.58@facebook.com,"04 de Julio",https://www.facebook.com/sonia.alessandrini.58,28,,"Ciudad Autónoma de Buenos Aires","Buenos Aires",Argentina,100000137468325,"Alee Jandro",https://www.facebook.com/alejandropassadore,1
Ayrton,Boni,ayrton.boni@facebook.com,"04 de Julio",https://www.facebook.com/ayrton.boni,23,,"Ciudad Autónoma de Buenos Aires","Buenos Aires",Argentina,1350168427,"Alfonso Bron",https://www.facebook.com/bronalfonso,1
Valeria,Burgueño,burguenovale@facebook.com,"04 de Julio",https://www.facebook.com/BurguenoVale,25,,"Ciudad Autónoma de Buenos Aires","Buenos Aires",Argentina,1263339093,"Joni Aires",https://www.facebook.com/joniaires,1
"Ezequiel Leandro",Malvasio,ezequielleandro.malvasio@facebook.com,"04 de Julio",https://www.facebook.com/ezequielleandro.malvasio,,"Monte Castro","Ciudad Autónoma de Buenos Aires","Buenos Aires",Argentina,1407633793,"Tatiana Petroccelli",https://www.facebook.com/tanshanita,1
Ani,Barón,ani.baron.7@facebook.com,"04 de Julio",https://www.facebook.com/ani.baron.7,24,,"Ciudad Autónoma de Buenos Aires","Buenos Aires",Argentina,1034793180,"Lucía Lopez Aleman",https://www.facebook.com/marialucialopezaleman,1
Silvana,"Del Fabbro",sildf1@facebook.com,"04 de Julio",https://www.facebook.com/sildf1,,"Buenos Aires","Buenos Aires","Buenos Aires",Argentina,1212390702,"Agustina Liniers",0,1
Iara,Azzaro,iara.azzaro@facebook.com,"04 de Julio",https://www.facebook.com/iara.azzaro,25,Avellaneda,"Ciudad Autónoma de Buenos Aires","Buenos Aires",Argentina,100001735698395,"Martín Álvarez BA I",https://www.facebook.com/Woody.Blair,1
Ivan,"S. F. Lima",ivan.s.f.lima.9@facebook.com,"04 de Julio",https://www.facebook.com/ivan.s.f.lima.9,24,,"Ciudad Autónoma de Buenos Aires","Buenos Aires",Argentina,100007788511490,"Michelle Ribeiro",,1
"Lucia Agustina",Hughes,luci.hughes@facebook.com,"04 de Julio",https://www.facebook.com/luci.hughes,21,,"Ciudad Autónoma de Buenos Aires","Buenos Aires",Argentina,1009822135,"Marti Nevares",https://www.facebook.com/martii.nevares,1
Davo,Acosta,davolefou@facebook.com,"04 de Julio",https://www.facebook.com/Davolefou,24,,"Ciudad Autónoma de Buenos Aires","Buenos Aires",Argentina,100003833150236,"Ingrid Sondergaard",https://www.facebook.com/ingridfash,1
Agustina,Djubelian,agus.djubelian@facebook.com,"04 de Julio",https://www.facebook.com/agus.djubelian,28,,"Ciudad Autónoma de Buenos Aires","Buenos Aires",Argentina,1105357218,"Maria Pia Perez Brea",,1
Clara,Althabe,clara.althabe@facebook.com,"04 de Julio",https://www.facebook.com/clara.althabe,26,,"Ciudad Autónoma de Buenos Aires","Buenos Aires",Argentina,857760071,"Ignacio Busquiazo",https://www.facebook.com/ignacio.busquiazo,1
Hwnutrition,Argentina,heavyweightnutrition@facebook.com,"04 de Julio",https://www.facebook.com/HeavyWeightNutrition,,,"Ciudad Autónoma de Buenos Aires","Buenos Aires",Argentina,100000771149255,"Mariana Fazio",https://www.facebook.com/amanecerrosa,1
Ine,Escarrá,ine.escarra@facebook.com,"04 de Julio",https://www.facebook.com/ine.escarra,23,,"Ciudad Autónoma de Buenos Aires","Buenos Aires",Argentina,505504783,"Antoine Cornudet",,1
Bauty,Carp,juan.b.martell@facebook.com,"04 de Julio",https://www.facebook.com/juan.b.martell,24,,"Ciudad Autónoma de Buenos Aires","Buenos Aires",Argentina,100002840760794,"Jero Salsamendi",https://www.facebook.com/jero.salsamendi,1
Andrea,"FemRock II",andrea.femrockii@facebook.com,"04 de Julio",https://www.facebook.com/andrea.femrockii,,,"Ciudad Autónoma de Buenos Aires","Buenos Aires",Argentina,100001238342048,"La Rockeria",https://www.facebook.com/oveja1,1
Angela,Min,angela.min.16@facebook.com,"04 de Julio",https://www.facebook.com/angela.min.16,23,"Buenos Aires","Buenos Aires","Buenos Aires",Argentina,675023539,"Alan Yun",0,1
Cristian,Bonfiglio,cristian.bonfiglio@facebook.com,"04 de Julio",https://www.facebook.com/cristian.bonfiglio,29,,"Ciudad Autónoma de Buenos Aires","Buenos Aires",Argentina,729833758,"Rodrigo Alonso",https://www.facebook.com/rodrigojalonso,1
Andrea,FemRock,andrea.femrock@facebook.com,"04 de Julio",https://www.facebook.com/andrea.femrock,,,"Ciudad Autónoma de Buenos Aires","Buenos Aires",Argentina,1766451201,"Jessica Bellomo",https://www.facebook.com/JessBellomo,1
María,"Figueroa Echazú",maria.figueroaechazu@facebook.com,"04 de Julio",https://www.facebook.com/maria.figueroaechazu,24,,"Ciudad Autónoma de Buenos Aires","Buenos Aires",Argentina,738041339,"Ivan Achaval",https://www.facebook.com/ivancho.achaval,1
Carola,Cantini,venta.degarash@facebook.com,"04 de Julio",https://www.facebook.com/venta.degarash,28,,"Ciudad Autónoma de Buenos Aires","Buenos Aires",Argentina,562418480,"Juan José Merino Cagnones",https://www.facebook.com/jmerinocagnones,1
Hernan,R,fachilo@facebook.com,"04 de Julio",https://www.facebook.com/fachilo,27,,"Ciudad Autónoma de Buenos Aires","Buenos Aires",Argentina,100001441828507,"Romy Gutierrez Jaime",https://www.facebook.com/romygutierrezjaime,1
Lalyy,Esposito,lalyy.esposito@facebook.com,"04 de Julio",https://www.facebook.com/lalyy.esposito,25,,"Ciudad Autónoma de Buenos Aires","Buenos Aires",Argentina,100001522461306,"Julieta Vescio",https://www.facebook.com/JulietaVescio,1
Sofii,Costa,sooh.f.costa@facebook.com,"04 de Julio",https://www.facebook.com/sooh.f.costa,,,"Ciudad Autónoma de Buenos Aires","Buenos Aires",Argentina,100001231692006,"Anna Laura",https://www.facebook.com/Anna.Laucha,1
Daniel,Haggerty,multiclickargentina@facebook.com,"04 de Julio",https://www.facebook.com/multiclickargentina,30,,"Ciudad Autónoma de Buenos Aires","Buenos Aires",Argentina,100005534107291,"Alejandra Ale Roldan",,1
Ignacio,Amar,ignacio.amar@facebook.com,"04 de Julio",https://www.facebook.com/ignacio.amar,,,"Ciudad Autónoma de Buenos Aires","Buenos Aires",Argentina,638871860,"Ignacio Busquiazo",https://www.facebook.com/ignacio.busquiazo,1
Exez,HK,ezeecelesticogloveer@facebook.com,"04 de Julio",https://www.facebook.com/EzeeCelesticoGloveer,,,"Ciudad Autónoma de Buenos Aires","Buenos Aires",Argentina,1066314038,"Clara Ryan",https://www.facebook.com/clariryaneventos,1
Giulii,Milagros,giulii.tedesco@facebook.com,"04 de Julio",https://www.facebook.com/giulii.tedesco,,,"Ciudad Autónoma de Buenos Aires","Buenos Aires",Argentina,1482060291,"Ayelen Alumine Anahi",https://www.facebook.com/ashe.chabakana,1
Delsol,Gonzalez,delsol.gonzalez@facebook.com,"04 de Julio",https://www.facebook.com/delsol.gonzalez,27,,"Ciudad Autónoma de Buenos Aires","Buenos Aires",Argentina,1202634378,"Nahu Millicay Pereyra",https://www.facebook.com/nahumilli,1
Cancha,"Off Side",cancha.offside@facebook.com,"04 de Julio",https://www.facebook.com/cancha.offside,24,,"Ciudad Autónoma de Buenos Aires","Buenos Aires",Argentina,100001407829531,"Ian Szejner",,1
Juan,Oliva,juan.m.oliva.12@facebook.com,"04 de Julio",https://www.facebook.com/juan.m.oliva.12,,,"Ciudad Autónoma de Buenos Aires","Buenos Aires",Argentina,100000053525308,"Paula Martínez",,1
Pame,Vilches,pame.vilches.31@facebook.com,"04 de Julio",https://www.facebook.com/pame.vilches.31,25,,"Ciudad Autónoma de Buenos Aires","Buenos Aires",Argentina,100004012290343,"Martín Álvarez BA I",https://www.facebook.com/Woody.Blair,1
Todo,Sale,todo.o.sale@facebook.com,"04 de Julio",https://www.facebook.com/todo.o.sale,28,,"Ciudad Autónoma de Buenos Aires","Buenos Aires",Argentina,100001410455679,"Tatiana Petroccelli",https://www.facebook.com/tanshanita,1
Al,Sturla,all.sturla@facebook.com,"04 de Julio",https://www.facebook.com/all.sturla,,,"Ciudad Autónoma de Buenos Aires","Buenos Aires",Argentina,100002590648809,"La Rockeria",https://www.facebook.com/oveja1,1
Paz,Cersosimo,pazcersosimo@facebook.com,"04 de Julio",https://www.facebook.com/pazcersosimo,,,"Ciudad Autónoma de Buenos Aires","Buenos Aires",Argentina,533819728,"Mariano Gonzalez",,1
Matias,Olivieri,matias.olivieri.9@facebook.com,"04 de Julio",https://www.facebook.com/matias.olivieri.9,,,"Ciudad Autónoma de Buenos Aires","Buenos Aires",Argentina,100000669530396,"Flor Vischi Cortés",https://www.facebook.com/flor.vischi,1
Martin,Wa,martin.wa.75@facebook.com,"04 de Julio",https://www.facebook.com/martin.wa.75,27,,"Ciudad Autónoma de Buenos Aires","Buenos Aires",Argentina,100002155127751,"Ignacio Lines Ceruti",https://www.facebook.com/ignacio.lines,1
Dai,Clericci,dai.clericci@facebook.com,"04 de Julio",https://www.facebook.com/dai.clericci,22,,"Ciudad Autónoma de Buenos Aires","Buenos Aires",Argentina,100002057052811,"Alan Volper",https://www.facebook.com/alan.volper,1
Maabu,Mazzolini,mabu.mazzolini@facebook.com,"04 de Julio",https://www.facebook.com/mabu.mazzolini,,,"Ciudad Autónoma de Buenos Aires","Buenos Aires",Argentina,100002230347989,"Maria Quevedo",https://www.facebook.com/mery.quevedo3,1
Solangi,Ayala,solangi.ayala@facebook.com,"04 de Julio",https://www.facebook.com/solangi.ayala,26,,"Ciudad Autónoma de Buenos Aires","Buenos Aires",Argentina,100007943558050,"Martín Álvarez BA I",https://www.facebook.com/Woody.Blair,1
Escuela,DanceClub,danceclubba@facebook.com,"04 de Julio",https://www.facebook.com/danceclubBA,26,,"Ciudad Autónoma de Buenos Aires","Buenos Aires",Argentina,100003338254488,"Estefania Rodriguez",,1
Lovely,Dress,lovelydressbuenosaires@facebook.com,"04 de Julio",https://www.facebook.com/lovelydressbuenosaires,,,"Ciudad Autónoma de Buenos Aires","Buenos Aires",Argentina,100002920202313,"Silvina Cazzulino",https://www.facebook.com/silvina.cazzulino,1
Manu,Boquen,manuela.boquen@facebook.com,"04 de Julio",https://www.facebook.com/manuela.boquen,28,"Buenos Aires","Buenos Aires","Buenos Aires",Argentina,1333130121,"Alan Yun",0,1
Alex,Rey,leon.alexrey@facebook.com,"06 de Julio",https://www.facebook.com/Leon.AlexRey,,,"Ciudad Autónoma de Buenos Aires","Buenos Aires",Argentina,680550559,"Miqui Berriòs",https://www.facebook.com/miqui.berrios,1
Florencia,Kirchner,florencia.kirchner.94@facebook.com,"06 de Julio",https://www.facebook.com/florencia.kirchner.94,24,,"Ciudad Autónoma de Buenos Aires","Buenos Aires",Argentina,100007460206186,"Cristian Fernandez Villamor",https://www.facebook.com/cristian.fernandezvillamo,1
Florcita,Sanchez,flopy.sanchez2@facebook.com,"06 de Julio",https://www.facebook.com/flopy.sanchez2,,"Buenos Aires","Buenos Aires","Buenos Aires",Argentina,100001140046542,"Alan Yun",0,1
China,Bernardos,pauu.bernardos@facebook.com,"06 de Julio",https://www.facebook.com/pauu.bernardos,23,,"Ciudad Autónoma de Buenos Aires","Buenos Aires",Argentina,1298927308,"Nahu Millicay Pereyra",https://www.facebook.com/nahumilli,1
Maria,Durante,diana.durante.75@facebook.com,"06 de Julio",https://www.facebook.com/diana.durante.75,28,Barracas,"Ciudad Autónoma de Buenos Aires","Buenos Aires",Argentina,1293432044,"Juani Koch",https://www.facebook.com/juani.koch,1
Romina,Laura,romina.laura.14@facebook.com,"06 de Julio",https://www.facebook.com/romina.laura.14,,"Villa Luro","Ciudad Autónoma de Buenos Aires","Buenos Aires",Argentina,100000925501840,"Rocío Martínez",https://www.facebook.com/rochi.belen,1
Caro,Rocino,caro.rocino@facebook.com,"06 de Julio",https://www.facebook.com/caro.rocino,,,"Ciudad Autónoma de Buenos Aires","Buenos Aires",Argentina,1399213240,"Brian Hettich",https://www.facebook.com/brianghettich,1
Julieta,Sedler,julieta.sedler.54@facebook.com,"06 de Julio",https://www.facebook.com/julieta.sedler.54,32,,"Ciudad Autónoma de Buenos Aires","Buenos Aires",Argentina,751568924,"Gisela Tesei",,1
Lucas,Cabj,lucas.a.cabj@facebook.com,"06 de Julio",https://www.facebook.com/lucas.a.cabj,25,,"Ciudad Autónoma de Buenos Aires","Buenos Aires",Argentina,100001069284804,"Agustina Pelle Müller",,1
Nicolas,Delfino,nicolas.delfino@facebook.com,"06 de Julio",https://www.facebook.com/nicolas.delfino,22,,"Ciudad Autónoma de Buenos Aires","Buenos Aires",Argentina,1082293538,"Ariel Rivera",,1
Josefina,Romano,josefina.blobe@facebook.com,"06 de Julio",https://www.facebook.com/josefina.blobe,23,,"Ciudad Autónoma de Buenos Aires","Buenos Aires",Argentina,100000598927649,"Susan Romano",,1
Camila,Martini,camila.martini1@facebook.com,"06 de Julio",https://www.facebook.com/camila.martini1,,,"Ciudad Autónoma de Buenos Aires","Buenos Aires",Argentina,711951826,"Gianfranco Ferrati",,1
Biaan,Bertera,bianlb@facebook.com,"06 de Julio",https://www.facebook.com/BianLB,,,"Ciudad Autónoma de Buenos Aires","Buenos Aires",Argentina,1411115516,"Aylu Macchi",,1
Vive,"la Fete",vive.lafete.7@facebook.com,"06 de Julio",https://www.facebook.com/vive.lafete.7,30,,"Ciudad Autónoma de Buenos Aires","Buenos Aires",Argentina,100001231549119,"Caro Radaelli",https://www.facebook.com/carola.rdll,1
"José Ignacio",Alzaga,joseignacio.alzaga@facebook.com,"06 de Julio",https://www.facebook.com/joseignacio.alzaga,31,,"Ciudad Autónoma de Buenos Aires","Buenos Aires",Argentina,100001246612796,"Mechi Abud",https://www.facebook.com/mechi.abud,1
Fede,Strappa,fede.strappa@facebook.com,"06 de Julio",https://www.facebook.com/fede.strappa,,,"Ciudad Autónoma de Buenos Aires","Buenos Aires",Argentina,100001141684938,"Agustina Del Rosario Anzisi",https://www.facebook.com/AgustinadelRosario,1
Capacitación,"de Moda",capacitaciondemoda@facebook.com,"06 de Julio",https://www.facebook.com/capacitaciondemoda,31,Barracas,"Ciudad Autónoma de Buenos Aires","Buenos Aires",Argentina,100002946210321,"Antonela Monachesi",https://www.facebook.com/anto.monachesi,1
Felipe,Moguilevsky,felipe.moguilevsky@facebook.com,"06 de Julio",https://www.facebook.com/felipe.moguilevsky,26,,"Ciudad Autónoma de Buenos Aires","Buenos Aires",Argentina,559793892,"Piltra Toller",https://www.facebook.com/piltra,1
"Juan Pablo",Granatta,juanpablo.granatta@facebook.com,"06 de Julio",https://www.facebook.com/juanpablo.granatta,,,"Ciudad Autónoma de Buenos Aires","Buenos Aires",Argentina,100002531213068,"Cami Weng",,1
Reventon,Fest,reventon.fest.5@facebook.com,"06 de Julio",https://www.facebook.com/reventon.fest.5,,,"Ciudad Autónoma de Buenos Aires","Buenos Aires",Argentina,100001423957400,"Flor Scalise",https://www.facebook.com/flor.scalise,1
Abigail,Carsaniga,abigail.carsaniga@facebook.com,"06 de Julio",https://www.facebook.com/abigail.carsaniga,21,,"Ciudad Autónoma de Buenos Aires","Buenos Aires",Argentina,100003720631082,"Julio Roberto Cuevas",https://www.facebook.com/julioroberto.cuevas,1
Cris,Aranda,cris.aranda.71@facebook.com,"06 de Julio",https://www.facebook.com/cris.aranda.71,,,"Ciudad Autónoma de Buenos Aires","Buenos Aires",Argentina,1064261709,"Tatiana Petroccelli",https://www.facebook.com/tanshanita,1
Gastón,Vietto,gaston.vietto.54943@facebook.com,"06 de Julio",https://www.facebook.com/gaston.vietto.54943,24,,"Ciudad Autónoma de Buenos Aires","Buenos Aires",Argentina,100005135370894,"Agustin Sujo",https://www.facebook.com/agustin.sujook,1
Yikauri,Romero,yicauri.zabala@facebook.com,"06 de Julio",https://www.facebook.com/yicauri.zabala,27,,"Ciudad Autónoma de Buenos Aires","Buenos Aires",Argentina,100001524901227,"Esteban Sanchez",,1
Manuel,Isaac,manuelitooisaac@facebook.com,"06 de Julio",https://www.facebook.com/manuelitooisaac,24,,"Ciudad Autónoma de Buenos Aires","Buenos Aires",Argentina,1513539311,"M Agustina Ciarla Quintana",https://www.facebook.com/magustina.quintana,1
Ana,Mattiaccio,ana.mattiaccio@facebook.com,"06 de Julio",https://www.facebook.com/ana.mattiaccio,21,,"Ciudad Autónoma de Buenos Aires","Buenos Aires",Argentina,100006060820240,"Evelina Ferreira",,1
Federica,Alvear,federica.alvear.5@facebook.com,"06 de Julio",https://www.facebook.com/federica.alvear.5,,,"Ciudad Autónoma de Buenos Aires","Buenos Aires",Argentina,100008161292948,"Vanesa Myrna Ojeda",,1
JOanita,Corazon,joanita.corazon.1@facebook.com,"06 de Julio",https://www.facebook.com/joanita.corazon.1,32,,"Ciudad Autónoma de Buenos Aires","Buenos Aires",Argentina,577447134,"Christian Marconi",https://www.facebook.com/gmarconi.turismo,1
Nicolás,Pucci,nicopucci@facebook.com,"06 de Julio",https://www.facebook.com/nicopucci,,,"Ciudad Autónoma de Buenos Aires","Buenos Aires",Argentina,632520501,"Jessica Bellomo",https://www.facebook.com/JessBellomo,1
Mandarine,Egresados,egresadosmandarine@facebook.com,"06 de Julio",https://www.facebook.com/egresadosmandarine,27,,"Ciudad Autónoma de Buenos Aires","Buenos Aires",Argentina,100003564431975,"Cami Weng",,1
Insumarket,"Toner Reciclado Recarga",haceteamigodeinsumarket@facebook.com,"06 de Julio",https://www.facebook.com/haceteamigodeinsumarket,,"Parque Patricios","Ciudad Autónoma de Buenos Aires","Buenos Aires",Argentina,100002311467292,"Franco Palermo",,1
Juan,Costa,juan.d.costa.5@facebook.com,"06 de Julio",https://www.facebook.com/juan.d.costa.5,,,"Ciudad Autónoma de Buenos Aires","Buenos Aires",Argentina,781672715,"Evelina Ferreira",,1
Miguel,Anguillesi,miguelanguillesi@facebook.com,"06 de Julio",https://www.facebook.com/miguelanguillesi,29,,"Ciudad Autónoma de Buenos Aires","Buenos Aires",Argentina,1601704374,"Daniela Sevilla",,1
Caro,Fernandez,caro.fernandez.921@facebook.com,"06 de Julio",https://www.facebook.com/caro.fernandez.921,,,"Ciudad Autónoma de Buenos Aires","Buenos Aires",Argentina,1105352186,"Cristian Andres Romano",,1
Maia,Sasovsky,maiasasovskyoficial@facebook.com,"06 de Julio",https://www.facebook.com/MaiaSasovskyOficial,,"Buenos Aires","Buenos Aires","Buenos Aires",Argentina,100006315646817,"Roberto Hatti",0,1
Renzo,Cercuetti,renzo.cercuetti@facebook.com,"06 de Julio",https://www.facebook.com/renzo.cercuetti,25,,"Ciudad Autónoma de Buenos Aires","Buenos Aires",Argentina,1034396036,"Juanita Lupetrone",https://www.facebook.com/jlupetrone,1
Vicky,Risso,vicky.risso.7@facebook.com,"06 de Julio",https://www.facebook.com/vicky.risso.7,24,,"Ciudad Autónoma de Buenos Aires","Buenos Aires",Argentina,1376070238,"Joni Aires",https://www.facebook.com/joniaires,1
"VmGroup Eugenia",Rouges,vmgroupeugenia@facebook.com,"06 de Julio",https://www.facebook.com/vmgroupeugenia,25,,"Ciudad Autónoma de Buenos Aires","Buenos Aires",Argentina,100004464376432,"Tomas Galdon",https://www.facebook.com/tomas.galdon,1
Antonella,Rubio,antonella.rubio.39@facebook.com,"06 de Julio",https://www.facebook.com/antonella.rubio.39,28,,"Ciudad Autónoma de Buenos Aires","Buenos Aires",Argentina,754379489,"Guille Maciá",https://www.facebook.com/guillemacia,1
Mati,Serafin,matias.serafin@facebook.com,"06 de Julio",https://www.facebook.com/matias.serafin,25,,"Ciudad Autónoma de Buenos Aires","Buenos Aires",Argentina,1263347007,"Gisele Fratini",https://www.facebook.com/giakdmik,1
Miguelon,"Ortega Virella",miguelon.ortegavirella@facebook.com,"06 de Julio",https://www.facebook.com/miguelon.ortegavirella,32,"Buenos Aires","Buenos Aires","Buenos Aires",Argentina,100001802978935,"Juan Pablo Aleman",0,1
Natalia,Poggi,natalia.poggi.54@facebook.com,"06 de Julio",https://www.facebook.com/natalia.poggi.54,24,,"Ciudad Autónoma de Buenos Aires","Buenos Aires",Argentina,100005007821288,"Ale Arias Mandarine Park",,1
Tree,"Comunicación Integral",treepr@facebook.com,"06 de Julio",https://www.facebook.com/treepr,25,,"Ciudad Autónoma de Buenos Aires","Buenos Aires",Argentina,100001556911645,"Maria Florencia Lioni Tarsitano",https://www.facebook.com/mariaflorencia.lionitarsi,1
Analia,Boccomino,analia.boccomino@facebook.com,"06 de Julio",https://www.facebook.com/analia.boccomino,,,"Ciudad Autónoma de Buenos Aires","Buenos Aires",Argentina,100001186185064,"Justin Temperley",https://www.facebook.com/justin.temperley,1
Veronica,Rios,veronica.rios.92317@facebook.com,"06 de Julio",https://www.facebook.com/veronica.rios.92317,30,,"Ciudad Autónoma de Buenos Aires","Buenos Aires",Argentina,588168174,"Mery Spessa",https://www.facebook.com/Mery.Spessa,1
Solcii,Carp,sol.stortini@facebook.com,"06 de Julio",https://www.facebook.com/sol.stortini,,"Villa Del Parque","Ciudad Autónoma de Buenos Aires","Distrito Federal",Argentina,1447026208,"Brian Cano",,1
Ori,Dk,heychimpa@facebook.com,"06 de Julio",https://www.facebook.com/HeyChimpa,,"Buenos Aires","Buenos Aires","Buenos Aires",Argentina,1324947655,"Alan Yun",0,1
Rochi,Grasso,rochibgr@facebook.com,"07 de Julio",https://www.facebook.com/rochibgr,,,"Ciudad Autónoma de Buenos Aires","Buenos Aires",Argentina,1485264636,"Facu Denegri",,1
Noseque,"Pero Quiero Ya",noseque.peroquieroya@facebook.com,"07 de Julio",https://www.facebook.com/noseque.peroquieroya,27,,"Ciudad Autónoma de Buenos Aires","Buenos Aires",Argentina,100002538677111,"Vanesa Macias",https://www.facebook.com/vanesa.macias1,1
Camila,Fabrizio,camilafabrizio@facebook.com,"07 de Julio",https://www.facebook.com/camilafabrizio,22,,"Ciudad Autónoma de Buenos Aires","Buenos Aires",Argentina,1233525128,"Daiana Soledad Pintos",https://www.facebook.com/Sheena.is,1
Laura,Pera,laura.pera.146@facebook.com,"07 de Julio",https://www.facebook.com/laura.pera.146,,,"Ciudad Autónoma de Buenos Aires","Buenos Aires",Argentina,1193676591,"Martín Levy Rocca",https://www.facebook.com/TinchoVDP,1
Wallace,Levis,wallace.levis@facebook.com,"07 de Julio",https://www.facebook.com/wallace.levis,,"Buenos Aires","Buenos Aires","Buenos Aires",Argentina,100002471680080,"Boio Kreutzer",0,1
Rochu,Macagni,rochu.macagni@facebook.com,"07 de Julio",https://www.facebook.com/rochu.macagni,32,,"Ciudad Autónoma de Buenos Aires","Buenos Aires",Argentina,100002473215108,"Emiliano Pirolo",,1
Yemii,Monges,lalii.monges@facebook.com,"07 de Julio",https://www.facebook.com/Lalii.Monges,,,"Ciudad Autónoma de Buenos Aires","Buenos Aires",Argentina,1172711929,"Natalia Tarelli",,1
Iñaki,Landivar,inaki.landivar@facebook.com,"07 de Julio",https://www.facebook.com/inaki.landivar,22,,"Ciudad Autónoma de Buenos Aires","Buenos Aires",Argentina,1174024461,"Romina Toller",,1
Rock,House,rock.house.5209@facebook.com,"07 de Julio",https://www.facebook.com/rock.house.5209,24,,"Ciudad Autónoma de Buenos Aires","Buenos Aires",Argentina,100006411181226,"Emiliano Pirolo",https://www.facebook.com/emi.pirolo,1
Ine,Mayer,ine.mayer.1@facebook.com,"07 de Julio",https://www.facebook.com/ine.mayer.1,,,"Ciudad Autónoma de Buenos Aires","Buenos Aires",Argentina,1388142652,"Martin Olmedo",,1
Bárbara,Figliomeni,barbara.figliomeni@facebook.com,"07 de Julio",https://www.facebook.com/barbara.figliomeni,27,,"Ciudad Autónoma de Buenos Aires","Buenos Aires",Argentina,1094716620,"Flor Charró",https://www.facebook.com/florr.ch,1
Fani,Balangero,fani.balangero@facebook.com,"07 de Julio",https://www.facebook.com/fani.balangero,25,,"Ciudad Autónoma de Buenos Aires","Buenos Aires",Argentina,796820191,"Gabriel Sciutto",https://www.facebook.com/gabriel.sciutto,1
Timothy,Hernandez,timothy.hernandez.564@facebook.com,"07 de Julio",https://www.facebook.com/timothy.hernandez.564,27,,"Ciudad Autónoma de Buenos Aires","Buenos Aires",Argentina,1740631725,"Carlos Wilson",,1
Federico,Campagña,federico.campagna.750@facebook.com,"07 de Julio",https://www.facebook.com/federico.campagna.750,21,,"Ciudad Autónoma de Buenos Aires","Buenos Aires",Argentina,1423248756,"Juanita Lupetrone",https://www.facebook.com/jlupetrone,1
Julio,Lucchesi,elrojolucchesi@facebook.com,"07 de Julio",https://www.facebook.com/elrojolucchesi,,"Buenos Aires","Buenos Aires","Buenos Aires",Argentina,1266682481,"Fabi Cepeda",0,1
Castings,Diarios,castings.eventos@facebook.com,"07 de Julio",https://www.facebook.com/castings.eventos,27,,"Ciudad Autónoma de Buenos Aires","Buenos Aires",Argentina,100005106214366,"Aldana Queirolo",https://www.facebook.com/aldana.queirolo,1
"Melisa Giselle",Garcia,melisagiselle.garcia@facebook.com,"07 de Julio",https://www.facebook.com/melisagiselle.garcia,22,,"Ciudad Autónoma de Buenos Aires","Buenos Aires",Argentina,1629517398,"Matias Duarte",,1
Niko,Diaz,heavycannon@facebook.com,"07 de Julio",https://www.facebook.com/Heavycannon,,,"Ciudad Autónoma de Buenos Aires","Buenos Aires",Argentina,100000068685032,"Ariel Rivera",,1
Mo,Ka,monica.occhiuzzi.1@facebook.com,"07 de Julio",https://www.facebook.com/monica.occhiuzzi.1,28,,"Ciudad Autónoma de Buenos Aires","Buenos Aires",Argentina,100003535751990,"Gisele Fratini",https://www.facebook.com/giakdmik,1
Las,Hardy-Candy,hardycandy@facebook.com,"07 de Julio",https://www.facebook.com/hardycandy,24,,"Ciudad Autónoma de Buenos Aires","Buenos Aires",Argentina,100001583563016,"Nazarena Sierra",,1
Dai,Borches,dai.borches@facebook.com,"07 de Julio",https://www.facebook.com/dai.borches,21,,"Ciudad Autónoma de Buenos Aires","Buenos Aires",Argentina,100003702656862,"Sofia Cantero",,1
Estetica,Medica,expomeet1@facebook.com,"07 de Julio",https://www.facebook.com/expomeet1,22,,"Ciudad Autónoma de Buenos Aires","Buenos Aires",Argentina,100002029846308,"Florencia Ferrari",https://www.facebook.com/florenciaferrari.1403,1
Escuela,Lynch,escueladecomediamusicalvalerialynch@facebook.com,"07 de Julio",https://www.facebook.com/escueladecomediamusicalvalerialynch,33,,"Ciudad Autónoma de Buenos Aires","Buenos Aires",Argentina,100001739233875,"Lulita Biagini",https://www.facebook.com/luciana.biagini,1
Sool,Blumencwejg,sol.blumencwejg@facebook.com,"07 de Julio",https://www.facebook.com/sol.blumencwejg,23,,"Ciudad Autónoma de Buenos Aires","Buenos Aires",Argentina,100001343351170,"Guada Lozano",,1
Laura,Coviella,laurita.coviella@facebook.com,"07 de Julio",https://www.facebook.com/laurita.coviella,,,"Ciudad Autónoma de Buenos Aires","Buenos Aires",Argentina,100001791863446,"Fiestas Baires",,1
Christian,Bernadac,erik.metalero93@facebook.com,"07 de Julio",https://www.facebook.com/erik.metalero93,21,,"Ciudad Autónoma de Buenos Aires","Buenos Aires",Argentina,100002604214289,"La Rockeria",https://www.facebook.com/oveja1,1
Anto,Salvucci,anto.salvucci.18@facebook.com,"07 de Julio",https://www.facebook.com/anto.salvucci.18,,,"Ciudad Autónoma de Buenos Aires","Buenos Aires",Argentina,100002573115808,"Diego Maciel",,1
"Las Damas",Restaurante,lasdamas.restaurante.1@facebook.com,"07 de Julio",https://www.facebook.com/lasdamas.restaurante.1,,Chacarita,"Ciudad Autónoma de Buenos Aires","Buenos Aires",Argentina,100000049142355,"Maria Florencia Lioni Tarsitano",https://www.facebook.com/mariaflorencia.lionitarsi,1
Liz,Peluqueria,liz.peluqueria.52@facebook.com,"07 de Julio",https://www.facebook.com/liz.peluqueria.52,28,,"Ciudad Autónoma de Buenos Aires","Buenos Aires",Argentina,100007738093087,"Lo Lola",,1
Ramita,Montero,rama.montero@facebook.com,"07 de Julio",https://www.facebook.com/rama.montero,,,"Ciudad Autónoma de Buenos Aires","Buenos Aires",Argentina,1148497489,"Daiana Soledad Pintos",https://www.facebook.com/Sheena.is,1
Lukas,Cuadros,lukitas.cuadros@facebook.com,"07 de Julio",https://www.facebook.com/lukitas.cuadros,,,"Ciudad Autónoma de Buenos Aires","Buenos Aires",Argentina,100003561895880,"Tomas Ini",,1
ElSuper,Quinteto,superquintetoface@facebook.com,"07 de Julio",https://www.facebook.com/superquintetoface,,,"Ciudad Autónoma de Buenos Aires","Buenos Aires",Argentina,100008088243796,"Aldana Queirolo",https://www.facebook.com/aldana.queirolo,1
Matias,Miño,tutekun@facebook.com,"07 de Julio",https://www.facebook.com/tutekun,,,"Ciudad Autónoma de Buenos Aires","Buenos Aires",Argentina,1169506110,"Maria Belén",,1
Alosumo,Rock,alosumo@facebook.com,"07 de Julio",https://www.facebook.com/alosumo,,,"Ciudad Autónoma de Buenos Aires","Buenos Aires",Argentina,100000436725678,"La Rockeria",https://www.facebook.com/oveja1,1
Agustina,Cuello,agustinacuello2@facebook.com,"07 de Julio",https://www.facebook.com/AgustinaCuello2,,,"Ciudad Autónoma de Buenos Aires","Buenos Aires",Argentina,526507870,"Joni Aires",https://www.facebook.com/joniaires,1
KeepTraveling,Club,keeptraveling@facebook.com,"07 de Julio",https://www.facebook.com/Keeptraveling,33,,"Ciudad Autónoma de Buenos Aires","Buenos Aires",Argentina,100000176244352,"Alejandra Ale Roldan",,1
"Lo Que","Estabas Buscando",loquestabasbuscando@facebook.com,"07 de Julio",https://www.facebook.com/loquestabasbuscando,27,,"Ciudad Autónoma de Buenos Aires","Buenos Aires",Argentina,100002355012886,"Gaby Pascuali",https://www.facebook.com/gabriela.pascuali,1
Aylü,Dominguez,aylu.domingueez@facebook.com,"07 de Julio",https://www.facebook.com/Aylu.Domingueez,,,"Ciudad Autónoma de Buenos Aires","Buenos Aires",Argentina,100001236130387,"Felipe Vidal",https://www.facebook.com/Feelipe.vp,1
Juliana,Peralta,juliana.peralta.14@facebook.com,"07 de Julio",https://www.facebook.com/juliana.peralta.14,22,"Buenos Aires","Buenos Aires","Buenos Aires",Argentina,1441154684,"Cristian Incarnato",0,1
BA,SoundCulture,ba.sc.79@facebook.com,"07 de Julio",https://www.facebook.com/ba.sc.79,33,,"Ciudad Autónoma de Buenos Aires","Buenos Aires",Argentina,100006572104400,"Agustin Justin",https://www.facebook.com/Agustin.Justin,1
Kropp,Argentina,kropp.argentina@facebook.com,"07 de Julio",https://www.facebook.com/kropp.argentina,,,"Ciudad Autónoma de Buenos Aires","Buenos Aires",Argentina,100001645087189,"Maria Paula Toyos",,1
Cristian,Nuñez,cristian.nunez.1293@facebook.com,"07 de Julio",https://www.facebook.com/cristian.nunez.1293,28,,"Ciudad Autónoma de Buenos Aires","Buenos Aires",Argentina,1673333183,"Castro Marina",https://www.facebook.com/castro.marina,1
Hombre,Urbano,hombreurbano983@facebook.com,"07 de Julio",https://www.facebook.com/hombreurbano983,24,,"Ciudad Autónoma de Buenos Aires","Buenos Aires",Argentina,100001172889974,"Cristian Fernandez Villamor",https://www.facebook.com/cristian.fernandezvillamo,1
Maria,Ramonera,mariasweetramonera@facebook.com,"07 de Julio",https://www.facebook.com/mariasweetramonera,23,,"Ciudad Autónoma de Buenos Aires","Buenos Aires",Argentina,100000508906717,"Daiana Soledad Pintos",https://www.facebook.com/Sheena.is,1
Giorgio,Bono,giorgio.bono.9@facebook.com,"08 de Julio",https://www.facebook.com/giorgio.bono.9,,,"Ciudad Autónoma de Buenos Aires","Buenos Aires",Argentina,100002331983188,"Yasu Higa",,1
Blanqueria,Kolors,blanqueria.kolors@facebook.com,"08 de Julio",https://www.facebook.com/blanqueria.kolors,,,"Ciudad Autónoma de Buenos Aires","Buenos Aires",Argentina,100004024223331,"Leila Polonsky",https://www.facebook.com/leila.polonsky,1
Yair,Abraham,yair.abraham.54@facebook.com,"08 de Julio",https://www.facebook.com/yair.abraham.54,23,,"Ciudad Autónoma de Buenos Aires","Buenos Aires",Argentina,1238525574,"Ezequiel Perez",,1
Ninoska,Angulo,nina.angulo@facebook.com,"08 de Julio",https://www.facebook.com/nina.angulo,,,"Ciudad Autónoma de Buenos Aires","Buenos Aires",Argentina,1344432088,"Giiu Minniti",https://www.facebook.com/giiu.minniti,1
Ivan,Buttarone,ivan.buttarone.7@facebook.com,"08 de Julio",https://www.facebook.com/ivan.buttarone.7,30,,"Ciudad Autónoma de Buenos Aires","Buenos Aires",Argentina,100008044394507,"Malvi Ovando",https://www.facebook.com/malvi.ovando,1
Marcos,Bowa,marcos.bowa@facebook.com,"08 de Julio",https://www.facebook.com/marcos.bowa,27,Coghlan,"Ciudad Autónoma de Buenos Aires","Buenos Aires",Argentina,1513703756,"Constanza Ramasco",https://www.facebook.com/constanza.ramasco,1
"Choc Choc",Manvel,pocoflor@facebook.com,"08 de Julio",https://www.facebook.com/pocoflor,,,"Ciudad Autónoma de Buenos Aires","Buenos Aires",Argentina,1105442901,"Brian Cano",,1
Artesanías,Patagónicas,artesanias.patagonicas.9@facebook.com,"08 de Julio",https://www.facebook.com/artesanias.patagonicas.9,29,,"Ciudad Autónoma de Buenos Aires","Buenos Aires",Argentina,100002589661940,"Daniela Ghilarducci",,1
Luu,Rosani,larosani@facebook.com,"08 de Julio",https://www.facebook.com/Larosani,,,"Ciudad Autónoma de Buenos Aires","Buenos Aires",Argentina,1568526121,"Cristian Andres Romano",,1
Vanu,Caamaño,vanu.caamano@facebook.com,"08 de Julio",https://www.facebook.com/vanu.caamano,25,,"Ciudad Autónoma de Buenos Aires","Buenos Aires",Argentina,100003918401201,"Julian Pagana",,1
Tamii,Miranda,tamara.miranda.923@facebook.com,"08 de Julio",https://www.facebook.com/tamara.miranda.923,,,"Ciudad Autónoma de Buenos Aires","Buenos Aires",Argentina,100004128331664,"Pedro Lopezyfernandez",https://www.facebook.com/pedronahuel,1
Agustín,Borrelli,agustin.borrelli.1@facebook.com,"08 de Julio",https://www.facebook.com/agustin.borrelli.1,,,"Ciudad Autónoma de Buenos Aires","Buenos Aires",Argentina,1008619769,"Cristian Andres Romano",,1
Paola,Meza,paola.meza.3910@facebook.com,"08 de Julio",https://www.facebook.com/paola.meza.3910,21,,"Ciudad Autónoma de Buenos Aires","Buenos Aires",Argentina,100001040564785,"Matias Blas",https://www.facebook.com/Matias.Blas,1
Guido,Pisanu,guido.pisanu.7@facebook.com,"08 de Julio",https://www.facebook.com/guido.pisanu.7,,"Buenos Aires","Buenos Aires","Buenos Aires",Argentina,100003701737059,"Leo LugÓn",0,1
Sofi,"Ponce Martinez",sofi.poncemartinez@facebook.com,"08 de Julio",https://www.facebook.com/sofi.poncemartinez,,,"Ciudad Autónoma de Buenos Aires","Buenos Aires",Argentina,100001884783693,"Gianfranco Ferrati",,1
Promobooks,Argentina,promobooks.argentina@facebook.com,"08 de Julio",https://www.facebook.com/promobooks.argentina,26,,"Ciudad Autónoma de Buenos Aires","Buenos Aires",Argentina,100000735924391,"Nadia Denise",,1
Laura,Sosa,leoiseaumouche@facebook.com,"08 de Julio",https://www.facebook.com/leoiseaumouche,,Colegiales,"Ciudad Autónoma de Buenos Aires","Buenos Aires",Argentina,650898059,"Dani Escala",https://www.facebook.com/danielaescala,1
"Licenciado Chaparron",Bonaparte,matiasfederico.perezmartin@facebook.com,"08 de Julio",https://www.facebook.com/matiasfederico.perezmartin,,,"Ciudad Autónoma de Buenos Aires","Buenos Aires",Argentina,682767678,"Li-ly Rojas",https://www.facebook.com/serena1968,1
Cabe,Falbo,cabe.falbo@facebook.com,"08 de Julio",https://www.facebook.com/cabe.falbo,21,,"Ciudad Autónoma de Buenos Aires","Buenos Aires",Argentina,100001819449910,"Maria Belén",,1
Cell,Viels,ssiasinversiones@facebook.com,"08 de Julio",https://www.facebook.com/Ssiasinversiones,24,,"Ciudad Autónoma de Buenos Aires","Buenos Aires",Argentina,100004081038503,"Sofía Barreira",https://www.facebook.com/sofia.barreiram,1
Mely,MG,yanel.m.g.z@facebook.com,"08 de Julio",https://www.facebook.com/yanel.m.g.z,31,,"Ciudad Autónoma de Buenos Aires","Buenos Aires",Argentina,100000744622838,"Camila Perelló",https://www.facebook.com/camiperello,1
Ailuu,Torres,ailuult@facebook.com,"08 de Julio",https://www.facebook.com/ailuuLt,,,"Ciudad Autónoma de Buenos Aires","Buenos Aires",Argentina,1492661868,"Ale Arias Mandarine Park",,1
Sole,Manco,sole.manco@facebook.com,"08 de Julio",https://www.facebook.com/sole.manco,30,,"Ciudad Autónoma de Buenos Aires","Buenos Aires",Argentina,642225360,"Martin Barrabes",,1
Juli,Zapata,juli.zapata.98@facebook.com,"08 de Julio",https://www.facebook.com/juli.zapata.98,21,,"Ciudad Autónoma de Buenos Aires","Buenos Aires",Argentina,1246123975,"Guido Moncayo",https://www.facebook.com/guido.moncayo,1
Alejandro,Chrononaut,z1log@facebook.com,"08 de Julio",https://www.facebook.com/z1loG,,,"Ciudad Autónoma de Buenos Aires","Buenos Aires",Argentina,594017405,"Andrea Badani",https://www.facebook.com/andrea.badani,1
Render,Banda,render.banda.7@facebook.com,"08 de Julio",https://www.facebook.com/render.banda.7,,,"Ciudad Autónoma de Buenos Aires","Buenos Aires",Argentina,100000644741560,"Giiu Minniti",https://www.facebook.com/giiu.minniti,1
Ramiro,Argüelles,ramiro.arguelles@facebook.com,"08 de Julio",https://www.facebook.com/ramiro.arguelles,25,,"Ciudad Autónoma de Buenos Aires","Buenos Aires",Argentina,837310512,"Mariana Sparks",,1
Araoz,Fotos,araoz.fotos@facebook.com,"08 de Julio",https://www.facebook.com/araoz.fotos,31,,"Ciudad Autónoma de Buenos Aires","Buenos Aires",Argentina,100000784191567,"Sil Cristiano ?ï?",https://www.facebook.com/Sivinita,1
Cesar,Aguilar,cesar.aguilar.5496@facebook.com,"08 de Julio",https://www.facebook.com/cesar.aguilar.5496,22,,"Ciudad Autónoma de Buenos Aires","Buenos Aires",Argentina,100000942078519,"Cynthia Tatiana Martinez Neves",https://www.facebook.com/cynthiatatiana.martinezne,1
Candelaria,"Diaz Ressia",canidr@facebook.com,"08 de Julio",https://www.facebook.com/canidr,27,,"Ciudad Autónoma de Buenos Aires","Buenos Aires",Argentina,750063044,"Maria Pia Perez Brea",,1
"Diego Marcelo",Centeno,diegomarcelo.centeno@facebook.com,"08 de Julio",https://www.facebook.com/diegomarcelo.centeno,28,,"Ciudad Autónoma de Buenos Aires","Buenos Aires",Argentina,1538657677,"Guille Rampo",https://www.facebook.com/guillermo.rampo,1
Grunkel,Abramov,grunkel.abramov@facebook.com,"08 de Julio",https://www.facebook.com/grunkel.abramov,,,"Ciudad Autónoma de Buenos Aires","Buenos Aires",Argentina,1050461417,"Francisco Klausner",https://www.facebook.com/francisco.klausner,1
Ro,OrLevich,rorlevich@facebook.com,"08 de Julio",https://www.facebook.com/rorlevich,27,,"Ciudad Autónoma de Buenos Aires","Buenos Aires",Argentina,1514198290,"Gabriela Prietoo",,1
Ivi,Rojas,ivi.rojas@facebook.com,"08 de Julio",https://www.facebook.com/ivi.rojas,,,"Ciudad Autónoma de Buenos Aires","Buenos Aires",Argentina,1521230546,"Ezequiel Sebastian Berardi",https://www.facebook.com/EzErAsTa,1
Abadia,Matinee,abadia.matinee@facebook.com,"08 de Julio",https://www.facebook.com/abadia.matinee,,,"Ciudad Autónoma de Buenos Aires","Buenos Aires",Argentina,1542332859,"Aniita Canta",https://www.facebook.com/Aniita.Canta,1
Tomas,Grasso,tomas.grasso@facebook.com,"08 de Julio",https://www.facebook.com/tomas.grasso,22,,"Ciudad Autónoma de Buenos Aires","Buenos Aires",Argentina,1557266522,"Ayu Casanova",,1
Mery,Nerina,nerina.acosta.3@facebook.com,"08 de Julio",https://www.facebook.com/nerina.acosta.3,27,,"Ciudad Autónoma de Buenos Aires","Buenos Aires",Argentina,1391417367,"Alee Jandro",https://www.facebook.com/alejandropassadore,1
Moni,"Mendes Duarte",moni.mendesduarte@facebook.com,"08 de Julio",https://www.facebook.com/moni.mendesduarte,26,,"Ciudad Autónoma de Buenos Aires","Buenos Aires",Argentina,595217819,"Noe Guillén",https://www.facebook.com/noeguillen20,1
Alee,Cuello,aleee.cuello@facebook.com,"08 de Julio",https://www.facebook.com/Aleee.cuello,,,"Ciudad Autónoma de Buenos Aires","Buenos Aires",Argentina,1047510639,"Brian Cano",,1
SilJoni,TG,silvana.torres.7967@facebook.com,"08 de Julio",https://www.facebook.com/silvana.torres.7967,,,"Ciudad Autónoma de Buenos Aires","Buenos Aires",Argentina,100007990662107,"Princess Rouse",,1
Julia,Velez,julia.velez.16@facebook.com,"08 de Julio",https://www.facebook.com/julia.velez.16,,,"Ciudad Autónoma de Buenos Aires","Buenos Aires",Argentina,1250406127,"Felicitas Ghigliotti",https://www.facebook.com/felicitas.ghigliotti,1
"Monica Lorena",Mancuso,monicalorena.mancuso@facebook.com,"08 de Julio",https://www.facebook.com/monicalorena.mancuso,32,,"Ciudad Autónoma de Buenos Aires","Buenos Aires",Argentina,1845345884,"Natalia Tarelli",,1
Gaston,"M Funes",gaston.mfunes.7@facebook.com,"09 de Julio",https://www.facebook.com/gaston.mfunes.7,22,,"Ciudad Autónoma de Buenos Aires","Buenos Aires",Argentina,100007998309256,"Sofu Maddonni",https://www.facebook.com/ssofiia,1
Cami,Petit,cami.petit.3@facebook.com,"09 de Julio",https://www.facebook.com/cami.petit.3,,Recoleta,"Ciudad Autónoma de Buenos Aires","Buenos Aires",Argentina,100002187266168,"Jero Salsamendi",https://www.facebook.com/jero.salsamendi,1
Meli,Kohan,meli.kohan@facebook.com,"09 de Julio",https://www.facebook.com/meli.kohan,,,"Ciudad Autónoma de Buenos Aires","Buenos Aires",Argentina,1090179730,"Ana Glinberg",https://www.facebook.com/ana.glinberg,1
Dictator's,"Staffordshire Bull Terrier",dictators.staffordshirebullterrier@facebook.com,"09 de Julio",https://www.facebook.com/dictators.staffordshirebullterrier,,,"Ciudad Autónoma de Buenos Aires","Buenos Aires",Argentina,100003236113730,"Sergio Acosta",,1
Fernando,Capli,fernando.d.capli@facebook.com,"09 de Julio",https://www.facebook.com/fernando.d.capli,,,"Ciudad Autónoma de Buenos Aires","Buenos Aires",Argentina,846150524,"Lix Infinito",https://www.facebook.com/lix.infinito,1
Carla,Violeta,vviolettta@facebook.com,"09 de Julio",https://www.facebook.com/vviolettta,,,"Ciudad Autónoma de Buenos Aires","Buenos Aires",Argentina,1532135897,"Daiana Soledad Pintos",https://www.facebook.com/Sheena.is,1
"Abel Ignacio",Reggiani,abelignacio.reggiani@facebook.com,"09 de Julio",https://www.facebook.com/abelignacio.reggiani,24,,"Ciudad Autónoma de Buenos Aires","Buenos Aires",Argentina,100001230398769,"Fran L. Ocampo",https://www.facebook.com/franco,1
Cynthia,Romina,cynthia.romina2@facebook.com,"09 de Julio",https://www.facebook.com/cynthia.romina2,,,"Ciudad Autónoma de Buenos Aires","Buenos Aires",Argentina,1580745818,"Jonathan Leonel",,1
Caribe,Ruso,cariberuuso@facebook.com,"09 de Julio",https://www.facebook.com/cariberuuso,,,"Ciudad Autónoma de Buenos Aires","Buenos Aires",Argentina,652952238,"Vicky Diaz",,1
Noelia,Fernandez,noelia.fernandez.52493499@facebook.com,"09 de Julio",https://www.facebook.com/noelia.fernandez.52493499,24,,"Ciudad Autónoma de Buenos Aires","Buenos Aires",Argentina,100006666699714,"Nahu Millicay Pereyra",https://www.facebook.com/nahumilli,1
Neo,German,neo.german@facebook.com,"09 de Julio",https://www.facebook.com/neo.german,,,"Ciudad Autónoma de Buenos Aires","Buenos Aires",Argentina,100000998785857,"Agustin Justin",https://www.facebook.com/Agustin.Justin,1
Leandro,Vallejos,leandro.vallejos.501@facebook.com,"09 de Julio",https://www.facebook.com/leandro.vallejos.501,,Barracas,"Ciudad Autónoma de Buenos Aires","Buenos Aires",Argentina,100000115673371,"Chelu Chavez",https://www.facebook.com/chelu.chavez,1
Tomás,Bitocchi,bito2012@facebook.com,"09 de Julio",https://www.facebook.com/Bito2012,,"Buenos Aires","Buenos Aires","Buenos Aires",Argentina,100002040059801,"Camila Romano",0,1
Lucas,Portal,melacomo.doblada@facebook.com,"09 de Julio",https://www.facebook.com/melacomo.doblada,33,,"Ciudad Autónoma de Buenos Aires","Buenos Aires",Argentina,100000942175666,"Belu Piacentino",https://www.facebook.com/belenpiacentino,1
ByVala,Tabosky,byvalatabosky@facebook.com,"09 de Julio",https://www.facebook.com/byvalatabosky,24,,"Ciudad Autónoma de Buenos Aires","Buenos Aires",Argentina,1356351823,"Jessica Bellomo",https://www.facebook.com/JessBellomo,1
Martin,"De Caro",martin.decaro1@facebook.com,"09 de Julio",https://www.facebook.com/martin.decaro1,26,"Buenos Aires","Buenos Aires","Buenos Aires",Argentina,1333121307,"Rebe Gonzalez",0,1
Sebástian,Drake,bloodrakex@facebook.com,"09 de Julio",https://www.facebook.com/bloodrakex,,,"Ciudad Autónoma de Buenos Aires","Buenos Aires",Argentina,1318307195,"Juan Antonio Papagni Meca",https://www.facebook.com/juanantoniopapagnimeca,1
Pomiró,"Deejay Company",pomiro.deejaycompany@facebook.com,"09 de Julio",https://www.facebook.com/pomiro.deejaycompany,,,"Ciudad Autónoma de Buenos Aires","Buenos Aires",Argentina,1492384441,"Daniel Arbol",https://www.facebook.com/darbol1,1
Juana,"Alvarez DeArco",juana.dearco.3348@facebook.com,"09 de Julio",https://www.facebook.com/juana.dearco.3348,25,,"Ciudad Autónoma de Buenos Aires","Buenos Aires",Argentina,100007255060285,"Felicitas Ghigliotti",https://www.facebook.com/felicitas.ghigliotti,1
"Partii Boii",Tg,partiiboii.tg@facebook.com,"09 de Julio",https://www.facebook.com/partiiboii.tg,,,"Ciudad Autónoma de Buenos Aires","Buenos Aires",Argentina,100000993790387,"Sebastian Daniel Riccardi",https://www.facebook.com/sebastian.riccardi,1
Suena,Platanoradio,aldia.platanoradio@facebook.com,"09 de Julio",https://www.facebook.com/aldia.platanoradio,28,,"Ciudad Autónoma de Buenos Aires","Buenos Aires",Argentina,100005967902928,"Ariel Villarreal",,1
"La Morocha","Solo Para Ti",jimena.gimenez.37@facebook.com,"09 de Julio",https://www.facebook.com/jimena.gimenez.37,25,,"Ciudad Autónoma de Buenos Aires","Buenos Aires",Argentina,100004589280082,"Sebastian Daniel Riccardi",https://www.facebook.com/sebastian.riccardi,1
"Mercado Solidario",Bonpland,mercadosolidario.bonpland@facebook.com,"09 de Julio",https://www.facebook.com/mercadosolidario.bonpland,24,,"Ciudad Autónoma de Buenos Aires","Buenos Aires",Argentina,100001877204760,"Pato Pagano",https://www.facebook.com/pato.p111,1
Phoenix,Rock,phoenix.rock.1@facebook.com,"09 de Julio",https://www.facebook.com/phoenix.rock.1,,,"Ciudad Autónoma de Buenos Aires","Buenos Aires",Argentina,100000997872497,"La Rockeria",https://www.facebook.com/oveja1,1
Lucas,Gomez,lger2@facebook.com,"09 de Julio",https://www.facebook.com/lger2,28,,"Ciudad Autónoma de Buenos Aires","Buenos Aires",Argentina,1557818830,"Sergio Acosta",,1
Nahu,Rubio,rubiolin@facebook.com,"09 de Julio",https://www.facebook.com/rubiolin,,"Villa Del Parque","Ciudad Autónoma de Buenos Aires","Distrito Federal",Argentina,1536412088,"Brian Cano",,1
Fede,Muller,fede.muller.37@facebook.com,"09 de Julio",https://www.facebook.com/fede.muller.37,,,"Ciudad Autónoma de Buenos Aires","Buenos Aires",Argentina,636407121,"Juan Manuel Fotografo",https://www.facebook.com/JuanmaJMFotoEstudio,1
Naty,Vade,naty.vade@facebook.com,"09 de Julio",https://www.facebook.com/naty.vade,27,,"Ciudad Autónoma de Buenos Aires","Buenos Aires",Argentina,100002611404822,"La Rockeria",https://www.facebook.com/oveja1,1
Sale,"O Sale",sale.osale.1@facebook.com,"09 de Julio",https://www.facebook.com/sale.osale.1,,,"Ciudad Autónoma de Buenos Aires","Buenos Aires",Argentina,100002296867932,"Gisela Tesei",,1
DebYon,Eventos,debyoneventos@facebook.com,"09 de Julio",https://www.facebook.com/DebYonEventos,28,,"Ciudad Autónoma de Buenos Aires","Buenos Aires",Argentina,100000193840679,"Divino Vestuario Salve",https://www.facebook.com/salvedivinovestuario,1
Silva,Teatro,pablosilvateatro@facebook.com,"09 de Julio",https://www.facebook.com/pablosilvateatro,,,"Ciudad Autónoma de Buenos Aires","Buenos Aires",Argentina,1851618371,"Sofi Donantueno",https://www.facebook.com/sofi.donantueno,1
Karito,Sanchez,karito.sanchez.3532@facebook.com,"09 de Julio",https://www.facebook.com/karito.sanchez.3532,26,Boedo,"Ciudad Autónoma de Buenos Aires","Buenos Aires",Argentina,634258353,"Ruben Pacora",https://www.facebook.com/ruben.pacora,1
"Ver Para Sentir",Fotografía,verparasentir.fotografia@facebook.com,"09 de Julio",https://www.facebook.com/verparasentir.fotografia,,,"Ciudad Autónoma de Buenos Aires","Buenos Aires",Argentina,100002594034277,"Juan Manuel Fotografo",https://www.facebook.com/JuanmaJMFotoEstudio,1
Euro,Botines,eurobotines2013@facebook.com,"09 de Julio",https://www.facebook.com/eurobotines2013,25,,"Ciudad Autónoma de Buenos Aires","Buenos Aires",Argentina,100005609972156,"Facu Denegri",,1
Gloria,Mia,gloria.mia.58@facebook.com,"09 de Julio",https://www.facebook.com/gloria.mia.58,,,"Ciudad Autónoma de Buenos Aires","Buenos Aires",Argentina,100002568262118,"Florencia Garré",https://www.facebook.com/florencia.garre,1
Pili,Broggi,pili.broggi@facebook.com,"09 de Julio",https://www.facebook.com/pili.broggi,,,"Ciudad Autónoma de Buenos Aires","Buenos Aires",Argentina,100001448102768,"Joaquin Barraco",https://www.facebook.com/chino.barraco,1
Micaela,Abalo,micaela.abalo@facebook.com,"09 de Julio",https://www.facebook.com/micaela.abalo,21,"Villa Luro","Ciudad Autónoma de Buenos Aires","Buenos Aires",Argentina,1019081690,"Miranda Toderi",https://www.facebook.com/miranda.toderi,1
Diego,Parengo,diego.parengo@facebook.com,"09 de Julio",https://www.facebook.com/diego.parengo,31,"La Boca","Ciudad Autónoma de Buenos Aires","Buenos Aires",Argentina,742693643,"Nicolás Marano",https://www.facebook.com/nicolasmarano10,1
Trio,"Obra Teatral",tirioobrateatral@facebook.com,"09 de Julio",https://www.facebook.com/tirioobrateatral,30,,"Ciudad Autónoma de Buenos Aires","Buenos Aires",Argentina,100005843371165,"Gabriel Gutierrez",,1
Camila,Daniela,kiacmirando@facebook.com,"09 de Julio",https://www.facebook.com/kiacmirando,,,"Ciudad Autónoma de Buenos Aires","Buenos Aires",Argentina,100000980649972,"Nicolás García",https://www.facebook.com/Niccccccccco,1
"Te Visto",Loca,tevisto.bonita@facebook.com,"09 de Julio",https://www.facebook.com/tevisto.bonita,,,"Ciudad Autónoma de Buenos Aires","Buenos Aires",Argentina,100004137663194,"Ailin Majeras",https://www.facebook.com/ailin.majeras,1
Cali,"Martinez Larrea",cali.martinezlarrea@facebook.com,"09 de Julio",https://www.facebook.com/cali.martinezlarrea,,,"Ciudad Autónoma de Buenos Aires","Buenos Aires",Argentina,1200480834,"Florencia Pellegrino",,1
Patricio,Cornejo,jpatocor@facebook.com,"09 de Julio",https://www.facebook.com/jpatocor,23,Recoleta,"Ciudad Autónoma de Buenos Aires","Distrito Federal",Argentina,787404835,"Candelaria Sires Barrantes",,1
Yamila,Correa,yamilagabriela.correa@facebook.com,"09 de Julio",https://www.facebook.com/yamilagabriela.correa,29,,"Ciudad Autónoma de Buenos Aires","Buenos Aires",Argentina,1105222036,"Natalia Rosensvaich",https://www.facebook.com/Rochen,1
Flor,Luna,florlu97@facebook.com,"09 de Julio",https://www.facebook.com/FlorLu97,,,"Ciudad Autónoma de Buenos Aires","Buenos Aires",Argentina,1002948192,"Alan Volper",https://www.facebook.com/alan.volper,1
