Nombre,Apellido,"Email Facebook",Cumpleaños,"Usuario Facebook",Edad,Barrio,Ciudad,Provincia,Pais,"ID Facebook","Amigo De","Amigo De (Usuario)",rebound
Lorena,Quiñones,lorena.quinones.9047@facebook.com,"10 de Julio",https://www.facebook.com/lorena.quinones.9047,35,,"Ciudad Autónoma de Buenos Aires","Buenos Aires",Argentina,100000647008848,"Jessica Pacente",https://www.facebook.com/jessica.pacente,1
Belle,Epoque,belle.epoque.boutique@facebook.com,"10 de Julio",https://www.facebook.com/belle.epoque.boutique,29,,"Ciudad Autónoma de Buenos Aires","Buenos Aires",Argentina,100001859463470,"Flor Scalise",https://www.facebook.com/flor.scalise,1
Martín,Salomone,martin.salomone1@facebook.com,"10 de Julio",https://www.facebook.com/martin.salomone1,30,"Buenos Aires","Buenos Aires","Buenos Aires",Argentina,100000628566411,"Piru Lasta",0,1
Rainbow,Produc,rainbowproducciones@facebook.com,"10 de Julio",https://www.facebook.com/RainbowProducciones,,,"Ciudad Autónoma de Buenos Aires","Buenos Aires",Argentina,100001454324541,"Jessica Bellomo",https://www.facebook.com/JessBellomo,1
Exequiel,Torrisi,exequiel.torrisi@facebook.com,"10 de Julio",https://www.facebook.com/exequiel.torrisi,28,,"Ciudad Autónoma de Buenos Aires","Buenos Aires",Argentina,653661312,"Ayelen Alumine Anahi",https://www.facebook.com/ashe.chabakana,1
Labash,Argentina,labash.argentina@facebook.com,"10 de Julio",https://www.facebook.com/labash.argentina,,,"Ciudad Autónoma de Buenos Aires","Buenos Aires",Argentina,100001043993721,"Jessica Bellomo",https://www.facebook.com/JessBellomo,1
Mery,"De AnGelis",mery.deangelis.50@facebook.com,"10 de Julio",https://www.facebook.com/mery.deangelis.50,25,,"Ciudad Autónoma de Buenos Aires","Buenos Aires",Argentina,1195549688,"Anto Melgarejo",https://www.facebook.com/antho.melgarejo,1
"Juan Manuel",Leiva,juanmanuel.leiva.33@facebook.com,"10 de Julio",https://www.facebook.com/juanmanuel.leiva.33,,,"Ciudad Autónoma de Buenos Aires","Buenos Aires",Argentina,100001027626861,"Jonathan Julian",,1
Brigitte,Osorio,brigitte.os59@facebook.com,"10 de Julio",https://www.facebook.com/Brigitte.Os59,,,"Ciudad Autónoma de Buenos Aires","Buenos Aires",Argentina,1106349403,"Joshua Oglio",,1
Matias,Derudi,mati.derudi@facebook.com,"10 de Julio",https://www.facebook.com/mati.derudi,,,"Ciudad Autónoma de Buenos Aires","Buenos Aires",Argentina,100000893124410,"Juli Sremac",https://www.facebook.com/juli.sremac,1
"Agustina S",Cumba,agustinacumba@facebook.com,"10 de Julio",https://www.facebook.com/agustinacumba,33,,"Ciudad Autónoma de Buenos Aires","Buenos Aires",Argentina,100003629740580,"Aldana Queirolo",https://www.facebook.com/aldana.queirolo,1
Valery,Vargas,valery.vargas.568@facebook.com,"10 de Julio",https://www.facebook.com/valery.vargas.568,25,,"Ciudad Autónoma de Buenos Aires","Buenos Aires",Argentina,100000453029042,"Camy Falcón",https://www.facebook.com/Cammy.Falcon,1
Day,Pflaum,daypflaum@facebook.com,"10 de Julio",https://www.facebook.com/daypflaum,24,,"Ciudad Autónoma de Buenos Aires","Buenos Aires",Argentina,100001582761760,"Agustina Pelle Müller",,1
Tomas,Mutio,tomas.mutio.7@facebook.com,"10 de Julio",https://www.facebook.com/tomas.mutio.7,27,,"Ciudad Autónoma de Buenos Aires","Buenos Aires",Argentina,100002186275947,"Guille Rampo",https://www.facebook.com/guillermo.rampo,1
Fede,Rojas,fede.rojas1@facebook.com,"10 de Julio",https://www.facebook.com/fede.rojas1,26,,"Ciudad Autónoma de Buenos Aires","Buenos Aires",Argentina,1603277079,"Mia Miry Ponce",,1
Domi,Melhem,domi.melhem@facebook.com,"10 de Julio",https://www.facebook.com/domi.melhem,26,,"Ciudad Autónoma de Buenos Aires","Buenos Aires",Argentina,730027680,"Valentino Fabre",https://www.facebook.com/valenfabre,1
Sigo,"Por Vos",sigoporvos.estampados@facebook.com,"10 de Julio",https://www.facebook.com/Sigoporvos.estampados,24,,"Ciudad Autónoma de Buenos Aires","Buenos Aires",Argentina,100007980314838,"Ariel Martin",https://www.facebook.com/arielcabezon,1
Valen,Minuet,vaalen.minuet@facebook.com,"10 de Julio",https://www.facebook.com/vaalen.minuet,,,"Ciudad Autónoma de Buenos Aires","Buenos Aires",Argentina,100000609438853,"Jorge Biamonte",https://www.facebook.com/georgebiamonteok,1
"Pei Mei",Danzas,peimei.danzas@facebook.com,"10 de Julio",https://www.facebook.com/peimei.danzas,33,,"Ciudad Autónoma de Buenos Aires","Buenos Aires",Argentina,100003623054981,"Miranda Toderi",https://www.facebook.com/miranda.toderi,1
Estudio,"Pei Mei II",cesar.ghe.77@facebook.com,"10 de Julio",https://www.facebook.com/cesar.ghe.77,33,,"Ciudad Autónoma de Buenos Aires","Buenos Aires",Argentina,100006778776920,"Silvia Grun",,1
Nico,Quintana,nico.quintana.33@facebook.com,"10 de Julio",https://www.facebook.com/nico.quintana.33,27,,"Ciudad Autónoma de Buenos Aires","Buenos Aires",Argentina,100000269980980,"Ezequiel Perez",,1
"La Banda","Del Viejo Jack",labandadelviejojack@facebook.com,"10 de Julio",https://www.facebook.com/labandadelviejojack,27,,"Ciudad Autónoma de Buenos Aires","Buenos Aires",Argentina,100000273257785,"Ezequiel Perez",,1
Lore,Alcón,lore.alcon@facebook.com,"10 de Julio",https://www.facebook.com/lore.alcon,,"Buenos Aires","Buenos Aires","Buenos Aires",Argentina,623404792,"Carolina Maidana",0,1
Azucar,Belgrano,azucar.belgrano.73@facebook.com,"10 de Julio",https://www.facebook.com/azucar.belgrano.73,,,"Ciudad Autónoma de Buenos Aires","Buenos Aires",Argentina,100004410306138,"Ruben Pacora",https://www.facebook.com/ruben.pacora,1
ClariSa,?ï?,claari.saa.5@facebook.com,"10 de Julio",https://www.facebook.com/claari.saa.5,,Recoleta,"Ciudad Autónoma de Buenos Aires","Distrito Federal",Argentina,100003011994665,"Cami Weng",,1
Vinchu,Rivera,vinchukloca@facebook.com,"10 de Julio",https://www.facebook.com/vinchukloca,,,"Ciudad Autónoma de Buenos Aires","Buenos Aires",Argentina,1109091812,"Agustin Justin",https://www.facebook.com/Agustin.Justin,1
Dani,"Alonso Espinosa",dani.alonsoespinosa@facebook.com,"10 de Julio",https://www.facebook.com/dani.alonsoespinosa,23,"Buenos Aires","Buenos Aires","Buenos Aires",Argentina,1605666446,"Juan Pablo Aleman",0,1
Violeta,Lorenzo,violeta.lorenz@facebook.com,"10 de Julio",https://www.facebook.com/violeta.lorenz,,,"Ciudad Autónoma de Buenos Aires","Buenos Aires",Argentina,100001265450450,"Martín Álvarez BA I",https://www.facebook.com/Woody.Blair,1
Lucas,Liguori,liguorilucas@facebook.com,"10 de Julio",https://www.facebook.com/liguorilucas,,,"Ciudad Autónoma de Buenos Aires","Buenos Aires",Argentina,534335742,"Alina Gálvez Lynch",https://www.facebook.com/alina.galvez,1
Noches,Recoleta,noches.recoleta@facebook.com,"10 de Julio",https://www.facebook.com/Noches.Recoleta,24,,"Ciudad Autónoma de Buenos Aires","Buenos Aires",Argentina,100008268996358,"Emiliano Pirolo",https://www.facebook.com/emi.pirolo,1
Maria,Iturriaga,maria.iturriaga.9@facebook.com,"10 de Julio",https://www.facebook.com/maria.iturriaga.9,,,"Ciudad Autónoma de Buenos Aires","Buenos Aires",Argentina,638717520,"Felicitas Ghigliotti",https://www.facebook.com/felicitas.ghigliotti,1
Ro,Acebey,ro.acebey@facebook.com,"10 de Julio",https://www.facebook.com/ro.acebey,,,"Ciudad Autónoma de Buenos Aires","Buenos Aires",Argentina,1269559269,"Sofu Maddonni",https://www.facebook.com/ssofiia,1
Camila,Gurmendi,camila.gurmendi@facebook.com,"10 de Julio",https://www.facebook.com/camila.gurmendi,22,,"Ciudad Autónoma de Buenos Aires","Buenos Aires",Argentina,623502684,"Marcelo Braun Menendez",,1
"PA Nor","A MA",pablodeliens@facebook.com,"10 de Julio",https://www.facebook.com/pablodeliens,,,"Ciudad Autónoma de Buenos Aires","Buenos Aires",Argentina,100000077751584,"Fran L. Ocampo",https://www.facebook.com/franco,1
Facu,Mendizabal,facu.mendizabal@facebook.com,"10 de Julio",https://www.facebook.com/facu.mendizabal,31,,"Ciudad Autónoma de Buenos Aires","Buenos Aires",Argentina,508871518,"Melo Dellarole",https://www.facebook.com/melodellarole,1
Natalia,"Pucheta Vadela",natalia.puchetavadela@facebook.com,"10 de Julio",https://www.facebook.com/natalia.puchetavadela,34,,"Ciudad Autónoma de Buenos Aires","Buenos Aires",Argentina,1200001686,"Roxy Arana",,1
Folie,"Di Fem",dv.esme@facebook.com,"10 de Julio",https://www.facebook.com/dv.esme,25,Flores,"Ciudad Autónoma de Buenos Aires","Buenos Aires",Argentina,100007049137716,"Matias Daniel Pascual",,1
Marquito,Sevillano,marquito.sevillano@facebook.com,"10 de Julio",https://www.facebook.com/marquito.sevillano,,,"Ciudad Autónoma de Buenos Aires","Buenos Aires",Argentina,1512407024,"Marcela Hinckelmann",https://www.facebook.com/marcela.hinckelmann,1
Juan,Tavarozzi,juan.tavarozzi@facebook.com,"10 de Julio",https://www.facebook.com/juan.tavarozzi,24,,"Ciudad Autónoma de Buenos Aires","Buenos Aires",Argentina,100007135204611,"Carolina Ataides Sena Barcelos",https://www.facebook.com/kkbarcellos,1
Intuyo,Lanus,intuyo.lanus@facebook.com,"10 de Julio",https://www.facebook.com/intuyo.lanus,24,,"Ciudad Autónoma de Buenos Aires","Buenos Aires",Argentina,100006347791744,"Bë Döbiencita",https://www.facebook.com/be.dobiencita,1
Sofia,Larregina,sofia.larregina@facebook.com,"10 de Julio",https://www.facebook.com/sofia.larregina,,,"Ciudad Autónoma de Buenos Aires","Buenos Aires",Argentina,1218277140,"Alan Volper",https://www.facebook.com/alan.volper,1
Eliana,"Ortiz Tirado",eliana.ortiztirado@facebook.com,"10 de Julio",https://www.facebook.com/eliana.ortiztirado,25,"Buenos Aires","Buenos Aires","Buenos Aires",Argentina,100000995839233,"Gaston Vilalta",0,1
Cursos,Indumentaria,cursos.indumentaria@facebook.com,"10 de Julio",https://www.facebook.com/cursos.indumentaria,34,,"Ciudad Autónoma de Buenos Aires","Buenos Aires",Argentina,100000894627849,"Jessica Bellomo",https://www.facebook.com/JessBellomo,1
Carolina,Gonzalez,carolina.gonzalez.7946@facebook.com,"10 de Julio",https://www.facebook.com/carolina.gonzalez.7946,,,"Ciudad Autónoma de Buenos Aires","Buenos Aires",Argentina,1259227251,"Juan Antonio Papagni Meca",https://www.facebook.com/juanantoniopapagnimeca,1
Constanza,Ortigueira,constibelen@facebook.com,"10 de Julio",https://www.facebook.com/ConstiBelen,,,"Ciudad Autónoma de Buenos Aires","Buenos Aires",Argentina,100004515553198,"Flor Vischi Cortés",https://www.facebook.com/flor.vischi,1
Kolmena,Rock,kolmena.rock.9@facebook.com,"10 de Julio",https://www.facebook.com/kolmena.rock.9,34,,"Ciudad Autónoma de Buenos Aires","Buenos Aires",Argentina,100004769705980,"Camila Gonzalez C",https://www.facebook.com/letmerocknrollyou,1
Gabriela,Servin,gabriservin@facebook.com,"10 de Julio",https://www.facebook.com/gabriservin,24,,"Ciudad Autónoma de Buenos Aires","Buenos Aires",Argentina,100003195276262,"Dorian Mori",https://www.facebook.com/Dorian.Mori,1
Luciana,Martinez,luciana.martinez.35728@facebook.com,"10 de Julio",https://www.facebook.com/luciana.martinez.35728,23,,"Ciudad Autónoma de Buenos Aires","Buenos Aires",Argentina,100001084330976,"La Rockeria",https://www.facebook.com/oveja1,1
Albert,Bazan,alberto.bazan2@facebook.com,"10 de Julio",https://www.facebook.com/alberto.bazan2,23,,"Ciudad Autónoma de Buenos Aires","Buenos Aires",Argentina,100002370574524,"Pamela Garrote",https://www.facebook.com/pamela.garrote,1
July,Cuerva,julisantillan@facebook.com,"10 de Julio",https://www.facebook.com/julisantillan,22,"Villa Soldati","Ciudad Autónoma de Buenos Aires","Distrito Federal",Argentina,1025971814,"Pedro Lopezyfernandez",https://www.facebook.com/pedronahuel,1
Harold,"Serna F",harold.sernaf@facebook.com,"10 de Julio",https://www.facebook.com/harold.sernaf,21,,"Ciudad Autónoma de Buenos Aires","Buenos Aires",Argentina,100000369101083,"Vicky Diaz",,1
Damian,Logans,damian.logans@facebook.com,"10 de Julio",https://www.facebook.com/damian.logans,32,,"Ciudad Autónoma de Buenos Aires","Buenos Aires",Argentina,1111749583,"Ignacio Lines Ceruti",https://www.facebook.com/ignacio.lines,1
Rash,Premiun,rash.de.lilly@facebook.com,"10 de Julio",https://www.facebook.com/rash.de.lilly,24,Flores,"Ciudad Autónoma de Buenos Aires","Buenos Aires",Argentina,100000095736391,"Mechi Abud",https://www.facebook.com/mechi.abud,1
Kun,Gerding,kun.gerding@facebook.com,"10 de Julio",https://www.facebook.com/kun.gerding,22,,"Ciudad Autónoma de Buenos Aires","Buenos Aires",Argentina,1363443322,"Sofu Maddonni",https://www.facebook.com/ssofiia,1
"Leo Javier",Acquaviva,acquaj@facebook.com,"10 de Julio",https://www.facebook.com/acquaj,,,"Ciudad Autónoma de Buenos Aires","Buenos Aires",Argentina,100001531021207,"Irma Mercedes Palma",,1
"Pedro Carlos","Andamayo Vasquez",pedrocarlos.andamayovasquez@facebook.com,"10 de Julio",https://www.facebook.com/pedrocarlos.andamayovasquez,31,,"Ciudad Autónoma de Buenos Aires","Buenos Aires",Argentina,100001635571190,"Melo Dellarole",https://www.facebook.com/melodellarole,1
"Maria Rosa",Giluk,mariarosa.giluk@facebook.com,"10 de Julio",https://www.facebook.com/mariarosa.giluk,,,"Ciudad Autónoma de Buenos Aires","Buenos Aires",Argentina,100001875616418,"Ricardo Caballero Mieres",https://www.facebook.com/Ricky.CM77,1
Braian,Ricarte,braianyoelriki@facebook.com,"10 de Julio",https://www.facebook.com/braianyoelriki,,,"Ciudad Autónoma de Buenos Aires","Buenos Aires",Argentina,100001414667901,"Agustina Pelle Müller",,1
Yamila,Fuentecilla,shami.fuentecilla@facebook.com,"10 de Julio",https://www.facebook.com/shami.fuentecilla,21,"Villa Devoto","Ciudad Autónoma de Buenos Aires","Buenos Aires",Argentina,1330633143,"Matias Blas",https://www.facebook.com/Matias.Blas,1
Julian,Alitisz,jalitisz@facebook.com,"10 de Julio",https://www.facebook.com/jalitisz,,,"Ciudad Autónoma de Buenos Aires","Buenos Aires",Argentina,100001616313461,"Agus Rodriguez",,1
Sofia,Aybar,sofiaybarfreestyle@facebook.com,"10 de Julio",https://www.facebook.com/sofiaybarfreestyle,,,"Ciudad Autónoma de Buenos Aires","Buenos Aires",Argentina,100005298631143,"Brenda Fabregat",https://www.facebook.com/brenda.fabregat,1
Meche,"Locademia ?ï?",mercedes.meche.376@facebook.com,"10 de Julio",https://www.facebook.com/mercedes.meche.376,22,,"Ciudad Autónoma de Buenos Aires","Buenos Aires",Argentina,100006167439392,"Christian Douer Chuky",https://www.facebook.com/christian.chuky,1
Unno,Fotografia,unno.fotografia@facebook.com,"10 de Julio",https://www.facebook.com/unno.fotografia,31,,"Ciudad Autónoma de Buenos Aires","Buenos Aires",Argentina,100001440875932,"Miranda Toderi",https://www.facebook.com/miranda.toderi,1
Andrea,Berrocal,andrea.berrocal.98@facebook.com,"11 de Julio",https://www.facebook.com/andrea.berrocal.98,30,,"Ciudad Autónoma de Buenos Aires","Buenos Aires",Argentina,1496930376,"Valeria Rodriguez",,1
Shee,Rose,sheerose15@facebook.com,"11 de Julio",https://www.facebook.com/sheerose15,,,"Ciudad Autónoma de Buenos Aires","Buenos Aires",Argentina,100004191156340,"Juanma Ramirez",,1
Federico,Pieruzzini,federico.pieruzzini@facebook.com,"11 de Julio",https://www.facebook.com/federico.pieruzzini,28,,"Ciudad Autónoma de Buenos Aires","Buenos Aires",Argentina,575185835,"Rocio Marquez",,1
Leandro,Ezequiel,leandro.saco.5@facebook.com,"11 de Julio",https://www.facebook.com/leandro.saco.5,,,"Ciudad Autónoma de Buenos Aires","Buenos Aires",Argentina,1624974893,"Brian Cano",,1
Sebastian,Rochetti,sebastian.rochetti@facebook.com,"11 de Julio",https://www.facebook.com/sebastian.rochetti,27,,"Ciudad Autónoma de Buenos Aires","Buenos Aires",Argentina,100000222263871,"Jessica Bellomo",https://www.facebook.com/JessBellomo,1
Cambio,Confiavel,cambioconfiavel@facebook.com,"11 de Julio",https://www.facebook.com/cambioconfiavel,34,,"Ciudad Autónoma de Buenos Aires","Buenos Aires",Argentina,100007711214545,"Michelle Ribeiro",,1
Suplementos,Deportivos,suplementos.deportivoshernan@facebook.com,"11 de Julio",https://www.facebook.com/suplementos.deportivoshernan,,,"Ciudad Autónoma de Buenos Aires","Buenos Aires",Argentina,100000269733376,"Vanesa Myrna Ojeda",,1
Fundacion,Fronteras,hepatitis.virales@facebook.com,"11 de Julio",https://www.facebook.com/hepatitis.virales,,,"Ciudad Autónoma de Buenos Aires","Buenos Aires",Argentina,1108520193,"Carlos Wilson",,1
Rodrigo,Ciarmiello,rodrigo.ciarmiello@facebook.com,"11 de Julio",https://www.facebook.com/rodrigo.ciarmiello,,"San Telmo","Ciudad Autónoma de Buenos Aires","Buenos Aires",Argentina,1124016153,"Martin Menini",https://www.facebook.com/martin.menini,1
Florencia,Iglesias,florencia.m.iglesias@facebook.com,"11 de Julio",https://www.facebook.com/florencia.m.iglesias,,,"Ciudad Autónoma de Buenos Aires","Buenos Aires",Argentina,1380036398,"Juli Sremac",https://www.facebook.com/juli.sremac,1
"Lucas Martin",Guelman,lucasmartin.guelman@facebook.com,"11 de Julio",https://www.facebook.com/lucasmartin.guelman,33,,"Ciudad Autónoma de Buenos Aires","Buenos Aires",Argentina,520284906,"Mica Ledo",https://www.facebook.com/micaledo,1
Jazmin,Rodriguez,jazminrodriguez88@facebook.com,"11 de Julio",https://www.facebook.com/jazminrodriguez88,,,"Ciudad Autónoma de Buenos Aires","Buenos Aires",Argentina,100001970264954,"Anoland Lorenzo",https://www.facebook.com/anoland.lorenzo,1
Amelia,Paredes,amelia.paredes.549@facebook.com,"11 de Julio",https://www.facebook.com/amelia.paredes.549,30,,"Ciudad Autónoma de Buenos Aires","Buenos Aires",Argentina,100004393592860,"Lo Lola",,1
Daniel,Guantay,daniel.guantay@facebook.com,"11 de Julio",https://www.facebook.com/daniel.guantay,,,"Ciudad Autónoma de Buenos Aires","Buenos Aires",Argentina,1647100684,"Brian Cano",,1
Anii,TTa,anita.tekierotanto@facebook.com,"11 de Julio",https://www.facebook.com/anita.tekierotanto,27,,"Ciudad Autónoma de Buenos Aires","Buenos Aires",Argentina,1325319467,"Vicky Blengini",https://www.facebook.com/vicky.blengini,1
Facu,Fiestas,facu.fiestas@facebook.com,"11 de Julio",https://www.facebook.com/facu.fiestas,,,"Ciudad Autónoma de Buenos Aires","Buenos Aires",Argentina,100002815480554,"Emiliano Pirolo",,1
Agus,Menna,agusmenna@facebook.com,"11 de Julio",https://www.facebook.com/agusmenna,,,"Ciudad Autónoma de Buenos Aires","Buenos Aires",Argentina,1134690207,"Cynthia Gianni",,1
Jose,Quiroga,jose.quiroga.3576@facebook.com,"11 de Julio",https://www.facebook.com/jose.quiroga.3576,,,"Ciudad Autónoma de Buenos Aires","Buenos Aires",Argentina,1131517598,"Maanu C. Rebori",https://www.facebook.com/maanu,1
Orfano,Sesma,orfano.sesma@facebook.com,"11 de Julio",https://www.facebook.com/orfano.sesma,24,,"Ciudad Autónoma de Buenos Aires","Buenos Aires",Argentina,100007513235459,"Ale Arias Mandarine Park",,1
Seba,Contratti,seba.contratti@facebook.com,"11 de Julio",https://www.facebook.com/seba.contratti,29,,"Ciudad Autónoma de Buenos Aires","Buenos Aires",Argentina,1052095903,"Mia Miry Ponce",,1
Santiago,Hegui,santiago.heguy@facebook.com,"11 de Julio",https://www.facebook.com/santiago.heguy,,,"Ciudad Autónoma de Buenos Aires","Buenos Aires",Argentina,100000036776255,"Franco Marcoccia",https://www.facebook.com/franco.marcoccia,1
MG,DeRopa,vestimentamary@facebook.com,"11 de Julio",https://www.facebook.com/vestimentamary,32,,"Ciudad Autónoma de Buenos Aires","Buenos Aires",Argentina,100006493081275,"Carla Ferro",https://www.facebook.com/carla.ferro,1
Baires,Show,baireseventos.show@facebook.com,"11 de Julio",https://www.facebook.com/baireseventos.show,,,"Ciudad Autónoma de Buenos Aires","Buenos Aires",Argentina,100000204132828,"Juan Manuel Fotografo",https://www.facebook.com/JuanmaJMFotoEstudio,1
Gonzaa,Salica,gonzaa.salica@facebook.com,"11 de Julio",https://www.facebook.com/gonzaa.salica,,,"Ciudad Autónoma de Buenos Aires","Buenos Aires",Argentina,100007466255255,"Sil Cristiano ?ï?",https://www.facebook.com/Sivinita,1
Maria,Pisani,bebi.pisani@facebook.com,"11 de Julio",https://www.facebook.com/bebi.pisani,24,,"Ciudad Autónoma de Buenos Aires","Buenos Aires",Argentina,1406146714,"Guido Blarasin",https://www.facebook.com/guido.blarasin,1
Agustina,Ayala,aguus.ayala.90@facebook.com,"11 de Julio",https://www.facebook.com/aguus.ayala.90,,,"Ciudad Autónoma de Buenos Aires","Buenos Aires",Argentina,100000493936837,"Anna Laura",https://www.facebook.com/Anna.Laucha,1
"?ï? Nahia",Juarez,nahiara.juarz@facebook.com,"11 de Julio",https://www.facebook.com/nahiara.juarz,34,Recoleta,"Ciudad Autónoma de Buenos Aires","Buenos Aires",Argentina,100005091821811,"La Rockeria",https://www.facebook.com/oveja1,1
Nicolás,Lafuente,nicolas.lafuente.16@facebook.com,"11 de Julio",https://www.facebook.com/nicolas.lafuente.16,33,,"Ciudad Autónoma de Buenos Aires","Buenos Aires",Argentina,1342695751,"Luli Torres",,1
Marcelo,Echezarraga,marcelo.echezarraga@facebook.com,"11 de Julio",https://www.facebook.com/marcelo.echezarraga,,,"Ciudad Autónoma de Buenos Aires","Buenos Aires",Argentina,100000849781816,"Ludmila Di Prinzio",https://www.facebook.com/ludmila2k,1
Javier,Braim,javier.braim@facebook.com,"11 de Julio",https://www.facebook.com/javier.braim,26,,"Ciudad Autónoma de Buenos Aires","Buenos Aires",Argentina,708293884,"Alejandro Polo",https://www.facebook.com/alejandropolo16,1
DjMatias,Sesma,djmatias.sesma@facebook.com,"11 de Julio",https://www.facebook.com/djmatias.sesma,24,,"Ciudad Autónoma de Buenos Aires","Buenos Aires",Argentina,100008156614136,"Tatiana Petroccelli",https://www.facebook.com/tanshanita,1
Luciana,Argüello,lu.arguello@facebook.com,"11 de Julio",https://www.facebook.com/lu.arguello,,,"Ciudad Autónoma de Buenos Aires","Buenos Aires",Argentina,1127925678,"Lucas Funes",https://www.facebook.com/SkriLef14,1
Elias,Siliunas,elias.siliunas@facebook.com,"11 de Julio",https://www.facebook.com/elias.siliunas,21,,"Ciudad Autónoma de Buenos Aires","Buenos Aires",Argentina,1392580850,"Jorge Biamonte",https://www.facebook.com/georgebiamonteok,1
"M Jóvenes",Voluntarios,mjovenes.voluntarios@facebook.com,"11 de Julio",https://www.facebook.com/mjovenes.voluntarios,,,"Ciudad Autónoma de Buenos Aires","Buenos Aires",Argentina,100000194895929,"Candelaria Sires Barrantes",,1
Ayelen,Ledezma,sheemoza@facebook.com,"11 de Julio",https://www.facebook.com/sheemoza,,,"Ciudad Autónoma de Buenos Aires","Buenos Aires",Argentina,100003330647440,"Juanma Ramirez",,1
Calzados,Pablo,calzados.pablo.5@facebook.com,"11 de Julio",https://www.facebook.com/calzados.pablo.5,22,,"Ciudad Autónoma de Buenos Aires","Buenos Aires",Argentina,100007074215307,"Agustina Pelle Müller",,1
Martin,Puccini,tinchopuccini@facebook.com,"11 de Julio",https://www.facebook.com/tinchopuccini,,,"Ciudad Autónoma de Buenos Aires","Buenos Aires",Argentina,100006219394388,"Aylu Macchi",,1
Marcos,Morici,marcos.morici@facebook.com,"11 de Julio",https://www.facebook.com/marcos.morici,,,"Ciudad Autónoma de Buenos Aires","Buenos Aires",Argentina,1425730348,"Cristian Andres Romano",,1
Luciano,Lacheta,luciano.lacheta@facebook.com,"11 de Julio",https://www.facebook.com/luciano.lacheta,,,"Ciudad Autónoma de Buenos Aires","Buenos Aires",Argentina,100000327774776,"Cristian Andres Romano",,1
"Juan Cruz",Sayol,juancruz.sayol.1@facebook.com,"11 de Julio",https://www.facebook.com/juancruz.sayol.1,21,"Buenos Aires","Buenos Aires","Buenos Aires",Argentina,100000094153077,"Peter GC",0,1
Fernando,Bertuol,fernando.bertuol.1@facebook.com,"11 de Julio",https://www.facebook.com/fernando.bertuol.1,,,"Ciudad Autónoma de Buenos Aires","Buenos Aires",Argentina,528071613,"Ariel Rivera",,1
Lorena,Perrupato,lorena.perrupato@facebook.com,"11 de Julio",https://www.facebook.com/lorena.perrupato,,"Buenos Aires","Buenos Aires","Buenos Aires",Argentina,100001057837382,"Rebe Gonzalez",0,1
Virginia,Ferreira,virginia.ferreira.1291@facebook.com,"11 de Julio",https://www.facebook.com/virginia.ferreira.1291,21,,"Ciudad Autónoma de Buenos Aires","Buenos Aires",Argentina,100000913494351,"Valentin Abelardo",https://www.facebook.com/valentin.abelardo,1
Fla,Palmiero,fla.palmiero@facebook.com,"11 de Julio",https://www.facebook.com/fla.palmiero,,,"Ciudad Autónoma de Buenos Aires","Buenos Aires",Argentina,100000322294936,"Vanesa Macias",https://www.facebook.com/vanesa.macias1,1
Poli,Pieres,poli.pieres@facebook.com,"11 de Julio",https://www.facebook.com/poli.pieres,,,"Ciudad Autónoma de Buenos Aires","Buenos Aires",Argentina,100001067215507,"Marcela Hinckelmann",https://www.facebook.com/marcela.hinckelmann,1
Leo,Ueno,leo.ueno@facebook.com,"11 de Julio",https://www.facebook.com/leo.ueno,34,,"Ciudad Autónoma de Buenos Aires","Buenos Aires",Argentina,1844011784,"Brenda Fabregat",https://www.facebook.com/brenda.fabregat,1
Mariana,Lopez,mariana.lopez.37625@facebook.com,"11 de Julio",https://www.facebook.com/mariana.lopez.37625,25,"Buenos Aires","Buenos Aires","Buenos Aires",Argentina,573859144,"Alan Yun",0,1
Estudio,Suricata,estudiosuricata@facebook.com,"11 de Julio",https://www.facebook.com/estudiosuricata,25,,"Ciudad Autónoma de Buenos Aires","Buenos Aires",Argentina,100000859686640,"Riberas Del Parana",https://www.facebook.com/riberas.delparana,1
"Rogelio Gabriel","Funes Mori",rogeliogabriel.funesmori.1694@facebook.com,"11 de Julio",https://www.facebook.com/rogeliogabriel.funesmori.1694,23,,"Ciudad Autónoma de Buenos Aires","Buenos Aires",Argentina,100000567654389,"Nicolas Zelechowski",,1
Mily,Alasino,mily.alasino@facebook.com,"11 de Julio",https://www.facebook.com/mily.alasino,,,"Ciudad Autónoma de Buenos Aires","Buenos Aires",Argentina,100001810384453,"Melo Dellarole",https://www.facebook.com/melodellarole,1
Newton,BA,newtonmuebles@facebook.com,"11 de Julio",https://www.facebook.com/newtonmuebles,,,"Ciudad Autónoma de Buenos Aires","Buenos Aires",Argentina,100001829338829,"Melo Dellarole",https://www.facebook.com/melodellarole,1
Luna,Rasini,luna.rasini@facebook.com,"11 de Julio",https://www.facebook.com/luna.rasini,23,,"Ciudad Autónoma de Buenos Aires","Buenos Aires",Argentina,1561397421,"Kati Mosich",https://www.facebook.com/kati.mosich,1
Ambar,Caseres,ambar.caseres@facebook.com,"11 de Julio",https://www.facebook.com/ambar.caseres,33,,"Ciudad Autónoma de Buenos Aires","Buenos Aires",Argentina,100001156746954,"Pablo Dandrea",https://www.facebook.com/pablo.dandrea,1
Fashionn,"To Inspire",fashiontoinspire@facebook.com,"12 de Julio",https://www.facebook.com/fashiontoinspire,,,"Ciudad Autónoma de Buenos Aires","Buenos Aires",Argentina,100002336724860,"Valentin Abelardo",https://www.facebook.com/valentin.abelardo,1
Maria,Bolgare,agendate.buenosaires@facebook.com,"12 de Julio",https://www.facebook.com/Agendate.BuenosAires,26,,"Ciudad Autónoma de Buenos Aires","Buenos Aires",Argentina,100001136726379,"Anto D'Amato",https://www.facebook.com/anto.dama,1
Joel,Agustin,joebostero@facebook.com,"12 de Julio",https://www.facebook.com/joebostero,,,"Ciudad Autónoma de Buenos Aires","Buenos Aires",Argentina,100002005386399,"Mariela Puricelli",https://www.facebook.com/mariela.puricelli,1
Chino,Nespereira,jnespereira@facebook.com,"12 de Julio",https://www.facebook.com/jnespereira,21,,"Ciudad Autónoma de Buenos Aires","Buenos Aires",Argentina,1124034757,"Franco Palermo",,1
Walter,Ezequiel,seze.19@facebook.com,"12 de Julio",https://www.facebook.com/seze.19,,Avellaneda,"Ciudad Autónoma de Buenos Aires","Buenos Aires",Argentina,1370131078,"Dafne Antonella Zas Amy",,1
Pablo,Grosso,pablo.grosso.311@facebook.com,"12 de Julio",https://www.facebook.com/pablo.grosso.311,26,,"Ciudad Autónoma de Buenos Aires","Buenos Aires",Argentina,1383495684,"Yani Nefes",https://www.facebook.com/yani.nefes,1
Facundo,Cintolo,facundo.cintolo@facebook.com,"12 de Julio",https://www.facebook.com/facundo.cintolo,24,,"Ciudad Autónoma de Buenos Aires","Buenos Aires",Argentina,1557301257,"Calvin Peterson",,1
Laguardia,Imperial,sladoce@facebook.com,"12 de Julio",https://www.facebook.com/sladoce,25,"La Boca","Ciudad Autónoma de Buenos Aires","Buenos Aires",Argentina,100001654208958,"Silvia Fernandez",https://www.facebook.com/silviafernandezchivi,1
Maite,Beitia,maite.beitia.1@facebook.com,"12 de Julio",https://www.facebook.com/maite.beitia.1,24,,"Ciudad Autónoma de Buenos Aires","Buenos Aires",Argentina,100000339664605,"Ivon Andersson",https://www.facebook.com/ivon.andersson,1
Arte,Renguero,mariela.pepona@facebook.com,"12 de Julio",https://www.facebook.com/mariela.pepona,24,,"Ciudad Autónoma de Buenos Aires","Buenos Aires",Argentina,100000685202820,"Agustina Pelle Müller",,1
Santiago,Albornoz,santiago.albornoz.397@facebook.com,"12 de Julio",https://www.facebook.com/santiago.albornoz.397,28,,"Ciudad Autónoma de Buenos Aires","Buenos Aires",Argentina,1032225930,"Juani Luciani",https://www.facebook.com/ayjuancito83,1
Mod,BA,mod.ba.7@facebook.com,"12 de Julio",https://www.facebook.com/mod.ba.7,24,,"Ciudad Autónoma de Buenos Aires","Buenos Aires",Argentina,100002987822603,"Belen Uicich",https://www.facebook.com/belen.uicich,1
Lihuu,Silva,innocencen@facebook.com,"12 de Julio",https://www.facebook.com/Innocencen,,,"Ciudad Autónoma de Buenos Aires","Buenos Aires",Argentina,100002885726805,"Anna Laura",https://www.facebook.com/Anna.Laucha,1
Lobo,Xeneize,lobo.xeneize@facebook.com,"12 de Julio",https://www.facebook.com/lobo.xeneize,,"La Boca","Ciudad Autónoma de Buenos Aires","Buenos Aires",Argentina,100000102022987,"Mia Miry Ponce",,1
Paula,Ceballo,paula.ceballo@facebook.com,"12 de Julio",https://www.facebook.com/paula.ceballo,,,"Ciudad Autónoma de Buenos Aires","Buenos Aires",Argentina,1108591049,"Adrian Tomassino",,1
Coti,Barrios,coti.barrios.5@facebook.com,"12 de Julio",https://www.facebook.com/coti.barrios.5,23,,"Ciudad Autónoma de Buenos Aires","Buenos Aires",Argentina,100007809753180,"Ale Arias Mandarine Park",,1
"Solange Mailen",Jofre,solangemailen.jofre@facebook.com,"12 de Julio",https://www.facebook.com/solangemailen.jofre,24,,"Ciudad Autónoma de Buenos Aires","Buenos Aires",Argentina,1127467815,"Julian Pagana",,1
Ariadna,Reinoso,ariadna.reinoso@facebook.com,"12 de Julio",https://www.facebook.com/ariadna.reinoso,24,,"Ciudad Autónoma de Buenos Aires","Buenos Aires",Argentina,1128126090,"Julian Pagana",,1
Natalia,Mandros,natalia.mandros.1@facebook.com,"12 de Julio",https://www.facebook.com/natalia.mandros.1,23,,"Ciudad Autónoma de Buenos Aires","Buenos Aires",Argentina,100007951923188,"Ale Arias Mandarine Park",,1
"Kar Lii Tta",Ariias,karliitha.tu.turriita@facebook.com,"12 de Julio",https://www.facebook.com/karliitha.tu.turriita,,,"Ciudad Autónoma de Buenos Aires","Buenos Aires",Argentina,100001764710087,"Lucho Viana",,1
Javi,Molinez,javimolinez@facebook.com,"12 de Julio",https://www.facebook.com/javimolinez,,,"Ciudad Autónoma de Buenos Aires","Buenos Aires",Argentina,825824926,"Lupe Dávalos",https://www.facebook.com/guadinight,1
Tomi,Gramajo,tupapitocalentito@facebook.com,"12 de Julio",https://www.facebook.com/tupapitocalentito,,,"Ciudad Autónoma de Buenos Aires","Buenos Aires",Argentina,1519862340,"Martin Gonzalez",,1
Aixa,Muñoz,aiwaysmile@facebook.com,"12 de Julio",https://www.facebook.com/AIwaySmile,,,"Ciudad Autónoma de Buenos Aires","Buenos Aires",Argentina,100002656018352,"Matías Panero",,1
Mariano,Currao,mariano.currao@facebook.com,"12 de Julio",https://www.facebook.com/mariano.currao,23,,"Ciudad Autónoma de Buenos Aires","Buenos Aires",Argentina,837675601,"Guido Blarasin",https://www.facebook.com/guido.blarasin,1
Cristian,Izquierdo,zurdo.88@facebook.com,"12 de Julio",https://www.facebook.com/Zurdo.88,26,,"Ciudad Autónoma de Buenos Aires","Buenos Aires",Argentina,100001166096759,"Jobs Bar",https://www.facebook.com/jobsbar,1
Sofi,Regirozzi,sofi.regi.9@facebook.com,"12 de Julio",https://www.facebook.com/sofi.regi.9,,,"Ciudad Autónoma de Buenos Aires","Buenos Aires",Argentina,100003927186884,"Calvin Peterson",,1
Roberto,Lopez,roberto.lopez.503645@facebook.com,"12 de Julio",https://www.facebook.com/roberto.lopez.503645,,,"Ciudad Autónoma de Buenos Aires","Buenos Aires",Argentina,1370867694,"Gabriela Rosito",https://www.facebook.com/gabriela.rosito,1
Marisol,Cambre,marisol.cambre@facebook.com,"12 de Julio",https://www.facebook.com/marisol.cambre,,,"Ciudad Autónoma de Buenos Aires","Buenos Aires",Argentina,1234094535,"Marco Antonio Ciocca II",https://www.facebook.com/cioccamarco,1
Diego,Kwak,diego.kwak@facebook.com,"12 de Julio",https://www.facebook.com/diego.kwak,,"Buenos Aires","Buenos Aires","Buenos Aires",Argentina,1304229775,"Alan Yun",0,1
Sammir,Bruzzone,sammir.bruzzone@facebook.com,"12 de Julio",https://www.facebook.com/sammir.bruzzone,,,"Ciudad Autónoma de Buenos Aires","Buenos Aires",Argentina,679004639,"Belen Uicich",https://www.facebook.com/belen.uicich,1
Mauricio,Martin,maury.dc.9@facebook.com,"12 de Julio",https://www.facebook.com/maury.dc.9,21,,"Ciudad Autónoma de Buenos Aires","Buenos Aires",Argentina,100002278845544,"Silvia Fernandez",https://www.facebook.com/silviafernandezchivi,1
Anahi,Sanchez,dulce.bsanchez@facebook.com,"12 de Julio",https://www.facebook.com/dulce.bsanchez,23,,"Ciudad Autónoma de Buenos Aires","Buenos Aires",Argentina,100005918294077,"Javier Potenza",,1
Sol,Pansardi,sol.pansardi@facebook.com,"12 de Julio",https://www.facebook.com/sol.pansardi,,,"Ciudad Autónoma de Buenos Aires","Buenos Aires",Argentina,1091919259,"Belen Loccisano",https://www.facebook.com/belen.loccisano,1
Luciano,Arias,minameisluciano@facebook.com,"12 de Julio",https://www.facebook.com/MiNameIsLuciano,,,"Ciudad Autónoma de Buenos Aires","Buenos Aires",Argentina,100000870800878,"Anna Laura",https://www.facebook.com/Anna.Laucha,1
Anto,"De Candia",anto.decandia.5@facebook.com,"12 de Julio",https://www.facebook.com/anto.decandia.5,,,"Ciudad Autónoma de Buenos Aires","Buenos Aires",Argentina,100003741035670,"Gonza Gonzalez",,1
Meell,Ailen,meelodyalonso@facebook.com,"12 de Julio",https://www.facebook.com/Meelodyalonso,,,"Ciudad Autónoma de Buenos Aires","Buenos Aires",Argentina,100001032797713,"Brenda Araceli Gonzalez",https://www.facebook.com/brendaaraceli.gonzalez,1
Hernán,Reinoso,hernanerre@facebook.com,"12 de Julio",https://www.facebook.com/hernanerre,,,"Ciudad Autónoma de Buenos Aires","Buenos Aires",Argentina,1630092556,"Agustina Pelle Müller",,1
Sofi,Jordán,sofi.jordan.5@facebook.com,"12 de Julio",https://www.facebook.com/sofi.jordan.5,,,"Ciudad Autónoma de Buenos Aires","Buenos Aires",Argentina,100001903434809,"Juan Manuel Fotografo",https://www.facebook.com/JuanmaJMFotoEstudio,1
Festich,Eventos,festicheventos@facebook.com,"12 de Julio",https://www.facebook.com/festicheventos,,,"Ciudad Autónoma de Buenos Aires","Buenos Aires",Argentina,100001904794548,"Juan Manuel Fotografo",https://www.facebook.com/JuanmaJMFotoEstudio,1
Cortez,Zapatos,zapatoscortez@facebook.com,"13 de Julio",https://www.facebook.com/zapatoscortez,28,,"Ciudad Autónoma de Buenos Aires","Buenos Aires",Argentina,100004081890769,"Maria Pia Perez Brea",,1
Andrea,Marrone,andreaeme@facebook.com,"13 de Julio",https://www.facebook.com/andreaeme,,,"Ciudad Autónoma de Buenos Aires","Buenos Aires",Argentina,1084411980,"Manuel Saenz",,1
Cristian,Kritaro,kritaropremiumvip@facebook.com,"13 de Julio",https://www.facebook.com/KriTaRopremiumvip,23,,"Ciudad Autónoma de Buenos Aires","Buenos Aires",Argentina,1458136606,"Ariel Rivera",,1
Geraldine,Kobain,geraldine.kobain@facebook.com,"13 de Julio",https://www.facebook.com/geraldine.kobain,22,Array,"Ciudad Autónoma de Buenos Aires","Buenos Aires",Argentina,100000505920284,"Fett Maidana",0,1
Azuflordia,"Florencia Hernandez",azuflordia.florenciahernandez@facebook.com,"13 de Julio",https://www.facebook.com/azuflordia.florenciahernandez,35,,"Ciudad Autónoma de Buenos Aires","Buenos Aires",Argentina,100000135584621,"Karina Fernandez",https://www.facebook.com/karuchita,1
Fran,Zaraza,fran.zaraza@facebook.com,"13 de Julio",https://www.facebook.com/fran.zaraza,27,,"Ciudad Autónoma de Buenos Aires","Buenos Aires",Argentina,100000161979556,"Maria Pia Perez Brea",,1
"Loli Zoom",Sabados,lolizoom.sabados@facebook.com,"13 de Julio",https://www.facebook.com/lolizoom.sabados,24,,"Ciudad Autónoma de Buenos Aires","Buenos Aires",Argentina,100001096129176,"Martín Álvarez BA I",https://www.facebook.com/Woody.Blair,1
Justina,Lascano,justina.lascano1@facebook.com,"13 de Julio",https://www.facebook.com/justina.lascano1,,,"Ciudad Autónoma de Buenos Aires","Buenos Aires",Argentina,1433960486,"Valentin Abelardo",https://www.facebook.com/valentin.abelardo,1
Barbara,Carolina,barbi.fava@facebook.com,"13 de Julio",https://www.facebook.com/barbi.fava,,,"Ciudad Autónoma de Buenos Aires","Buenos Aires",Argentina,1172295381,"Ale Arias Mandarine Park",,1
Sofía,"Montes Casas Arte",sofia.montescasas@facebook.com,"13 de Julio",https://www.facebook.com/sofia.montescasas,25,,"Ciudad Autónoma de Buenos Aires","Buenos Aires",Argentina,100005897340218,"Catalina Plá Señorans",https://www.facebook.com/catalina.pla,1
"Juan Pablo",Rolon,juanpablo.rolon.37@facebook.com,"13 de Julio",https://www.facebook.com/juanpablo.rolon.37,,,"Ciudad Autónoma de Buenos Aires","Buenos Aires",Argentina,100002082086198,"Sebastian Daniel Riccardi",https://www.facebook.com/sebastian.riccardi,1
"Fernanda Lucia",Gimenez,fernandalucia.gimenez.7@facebook.com,"13 de Julio",https://www.facebook.com/fernandalucia.gimenez.7,28,,"Ciudad Autónoma de Buenos Aires","Buenos Aires",Argentina,100006765998987,"Fede Martinez",https://www.facebook.com/fedemartinez17,1
Afg,Crossfit,arena.forjandogladiadores@facebook.com,"13 de Julio",https://www.facebook.com/arena.forjandogladiadores,25,,"Ciudad Autónoma de Buenos Aires","Buenos Aires",Argentina,100005913510246,"Catalina Plá Señorans",https://www.facebook.com/catalina.pla,1
Braian,Tosto,braian.tosto@facebook.com,"13 de Julio",https://www.facebook.com/braian.tosto,27,,"Ciudad Autónoma de Buenos Aires","Buenos Aires",Argentina,100001600759110,"Agustina Pelle Müller",,1
Mauro,Castroagudin,mauro.castroagudin@facebook.com,"13 de Julio",https://www.facebook.com/mauro.castroagudin,,,"Ciudad Autónoma de Buenos Aires","Buenos Aires",Argentina,100001912825717,"Joni Aires",https://www.facebook.com/joniaires,1
Marcela,Millicay,marcela.millicay@facebook.com,"13 de Julio",https://www.facebook.com/marcela.millicay,35,,"Ciudad Autónoma de Buenos Aires","Buenos Aires",Argentina,100000632822270,"Nahu Millicay Pereyra",https://www.facebook.com/nahumilli,1
Abanderados,SitioOficial,abanderados.sitiooficial@facebook.com,"13 de Julio",https://www.facebook.com/abanderados.sitiooficial,24,,"Ciudad Autónoma de Buenos Aires","Buenos Aires",Argentina,100003554605248,"Miranda Toderi",https://www.facebook.com/miranda.toderi,1
Pum,Editores,pumeditores@facebook.com,"13 de Julio",https://www.facebook.com/pumeditores,25,,"Ciudad Autónoma de Buenos Aires","Buenos Aires",Argentina,100001415253682,"Daiana Soledad Pintos",https://www.facebook.com/Sheena.is,1
Rocio,Weil,rocio.weil@facebook.com,"13 de Julio",https://www.facebook.com/rocio.weil,33,"Buenos Aires","Buenos Aires","Buenos Aires",Argentina,1001191343,"Gabriella Rouiller",0,1
Aixa,Solari,aixa.solari.5@facebook.com,"13 de Julio",https://www.facebook.com/aixa.solari.5,29,,"Ciudad Autónoma de Buenos Aires","Buenos Aires",Argentina,1256578694,"Jose Guevara",https://www.facebook.com/JoeGuevara81,1
Loli,Haze,loli.haze@facebook.com,"13 de Julio",https://www.facebook.com/loli.haze,,"Buenos Aires","Buenos Aires","Buenos Aires",Argentina,100002609517600,"Juan Pablo Aleman",0,1
Matias,Martino,matias.giannetti.7@facebook.com,"13 de Julio",https://www.facebook.com/matias.giannetti.7,29,Núñez,"Ciudad Autónoma de Buenos Aires","Buenos Aires",Argentina,1262202943,"Nadia Vannessa",https://www.facebook.com/nadiavannessa18,1
Andy,Fuks,andy.fuks@facebook.com,"13 de Julio",https://www.facebook.com/andy.fuks,35,,"Ciudad Autónoma de Buenos Aires","Buenos Aires",Argentina,1635032946,"Gimena Yamila Yerden Giaquinto",https://www.facebook.com/Gimetrance,1
"Juliana Paula",Arias,julianapaula.arias.7@facebook.com,"13 de Julio",https://www.facebook.com/julianapaula.arias.7,27,"Buenos Aires","Buenos Aires","Buenos Aires",Argentina,100002700954413,"Juan Pablo Aleman",0,1
Denise,Matrero,dmatrero@facebook.com,"13 de Julio",https://www.facebook.com/dmatrero,22,,"Ciudad Autónoma de Buenos Aires","Buenos Aires",Argentina,747088604,"Mariano Montani",https://www.facebook.com/mariano.montani,1
Palacio,Alsina,palacio.alsina.1@facebook.com,"13 de Julio",https://www.facebook.com/palacio.alsina.1,27,,"Ciudad Autónoma de Buenos Aires","Buenos Aires",Argentina,100002097084704,"Daiana Soledad Pintos",https://www.facebook.com/Sheena.is,1
Mariano,Collarte,mariano.collarte@facebook.com,"13 de Julio",https://www.facebook.com/mariano.collarte,29,,"Ciudad Autónoma de Buenos Aires","Buenos Aires",Argentina,686402196,"Nicolas Ajargo",https://www.facebook.com/najargo,1
Magui,Almeyda,escorpiomoro@facebook.com,"13 de Julio",https://www.facebook.com/escorpiomoro,28,,"Ciudad Autónoma de Buenos Aires","Buenos Aires",Argentina,100003357154177,"Cristian Fernandez Villamor",https://www.facebook.com/cristian.fernandezvillamo,1
Ovario,Indumentaria,ovario.indumentaria@facebook.com,"13 de Julio",https://www.facebook.com/ovario.indumentaria,,"Villa Devoto","Ciudad Autónoma de Buenos Aires","Buenos Aires",Argentina,100002633707557,"Mabu Reinaud",https://www.facebook.com/mabu.reinaud,1
Agustina,Corrales,agus.corrales@facebook.com,"13 de Julio",https://www.facebook.com/agus.corrales,,,"Ciudad Autónoma de Buenos Aires","Buenos Aires",Argentina,1333491731,"Ian Szejner",,1
Martin,Mazzani,martin.mazzani@facebook.com,"13 de Julio",https://www.facebook.com/martin.mazzani,,,"Ciudad Autónoma de Buenos Aires","Buenos Aires",Argentina,823900797,"Irma Mercedes Palma",,1
MaGha,Rosario,magha.lucuix@facebook.com,"13 de Julio",https://www.facebook.com/magha.lucuix,,,"Ciudad Autónoma de Buenos Aires","Buenos Aires",Argentina,1308910309,"Matias Duarte",,1
Claudia,Alfieri,claudia.alfieri.75@facebook.com,"13 de Julio",https://www.facebook.com/claudia.alfieri.75,,,"Ciudad Autónoma de Buenos Aires","Buenos Aires",Argentina,766328497,"Divino Vestuario Salve",https://www.facebook.com/salvedivinovestuario,1
Federico,Abente,fedeabente@facebook.com,"13 de Julio",https://www.facebook.com/fedeabente,30,,"Ciudad Autónoma de Buenos Aires","Buenos Aires",Argentina,754153245,"Andrea Flijer",https://www.facebook.com/andrea.flijer,1
Lola,Morocha,lola.morocha.1@facebook.com,"13 de Julio",https://www.facebook.com/lola.morocha.1,30,"Buenos Aires","Buenos Aires","Buenos Aires",Argentina,100001760660765,"Juan Pablo Aleman",0,1
Diandra,Damevin,diandradamevin@facebook.com,"13 de Julio",https://www.facebook.com/diandradamevin,,,"Ciudad Autónoma de Buenos Aires","Buenos Aires",Argentina,1256086777,"Axx Agustin",https://www.facebook.com/Ax.Agustin,1
Pablo,Balderian,pablo.balderian@facebook.com,"13 de Julio",https://www.facebook.com/pablo.balderian,35,,"Ciudad Autónoma de Buenos Aires","Buenos Aires",Argentina,1345097725,"Agos D'Urbano",https://www.facebook.com/agostinnad,1
Carla,Surace,carli.surace@facebook.com,"13 de Julio",https://www.facebook.com/carli.surace,,,"Ciudad Autónoma de Buenos Aires","Buenos Aires",Argentina,1419363262,"Pato Franco",,1
Agoss,Buchino,agoss.buchino@facebook.com,"13 de Julio",https://www.facebook.com/agoss.buchino,22,,"Ciudad Autónoma de Buenos Aires","Buenos Aires",Argentina,1218019458,"Fátima Belén Zárate",,1
Noelia,Nehuen,noelia.chazarreta.71@facebook.com,"13 de Julio",https://www.facebook.com/noelia.chazarreta.71,27,,"Ciudad Autónoma de Buenos Aires","Buenos Aires",Argentina,100002362055413,"Julio Roberto Cuevas",https://www.facebook.com/julioroberto.cuevas,1
Camila,Salazar,camila.salazar.568@facebook.com,"13 de Julio",https://www.facebook.com/camila.salazar.568,23,,"Ciudad Autónoma de Buenos Aires","Buenos Aires",Argentina,100002130995490,"Nicolas Baumann",https://www.facebook.com/redcarpetpalermo,1
Fiesta,Troya,fiesta.troya@facebook.com,"13 de Julio",https://www.facebook.com/fiesta.troya,27,,"Ciudad Autónoma de Buenos Aires","Buenos Aires",Argentina,100000382234557,"Ignacio Lines Ceruti",https://www.facebook.com/ignacio.lines,1
Rafi,Membrives,rafi.membrives1@facebook.com,"13 de Julio",https://www.facebook.com/rafi.membrives1,,,"Ciudad Autónoma de Buenos Aires","Buenos Aires",Argentina,100000129034817,"Virginia Maria De Bassi",https://www.facebook.com/virginia.debassi,1
Alejandro,Milani,ale.milani1@facebook.com,"13 de Julio",https://www.facebook.com/ale.milani1,,,"Ciudad Autónoma de Buenos Aires","Buenos Aires",Argentina,100001409070249,"Jobs Bar",https://www.facebook.com/jobsbar,1
Apuiti,Fishy,apuiti.fishy.9@facebook.com,"13 de Julio",https://www.facebook.com/apuiti.fishy.9,,,"Ciudad Autónoma de Buenos Aires","Buenos Aires",Argentina,100003531518323,"Jessica Bellomo",https://www.facebook.com/JessBellomo,1
Jose,Rivera,alejandro.rivera.1257@facebook.com,"13 de Julio",https://www.facebook.com/alejandro.rivera.1257,,,"Ciudad Autónoma de Buenos Aires","Buenos Aires",Argentina,1134021418,"Charly Ruez",,1
Rodrigo,Serrats,shodrii@facebook.com,"13 de Julio",https://www.facebook.com/shodrii,,,"Ciudad Autónoma de Buenos Aires","Buenos Aires",Argentina,1381339335,"Valeria Ayala",,1
SinCordones,Rock,sincordones@facebook.com,"13 de Julio",https://www.facebook.com/sincordones,,,"Ciudad Autónoma de Buenos Aires","Buenos Aires",Argentina,1223448349,"Mar Marignac",https://www.facebook.com/marina.marignac,1
Iara,Figueira,iaari.figueira@facebook.com,"13 de Julio",https://www.facebook.com/iaari.figueira,,,"Ciudad Autónoma de Buenos Aires","Buenos Aires",Argentina,1274058136,"Brian Cano",,1
Onceinmotion,Oim,onceinmotion.oim@facebook.com,"13 de Julio",https://www.facebook.com/onceinmotion.oim,32,,"Ciudad Autónoma de Buenos Aires","Buenos Aires",Argentina,100004489805470,"Matias Diego Colombres",https://www.facebook.com/dmc.colombres,1
Paula,Diaz,pauladenissediaz@facebook.com,"13 de Julio",https://www.facebook.com/pauladenissediaz,23,,"Ciudad Autónoma de Buenos Aires","Buenos Aires",Argentina,100000581704781,"Ale Arias Mandarine Park",,1
Martina,Freier,martu.freier@facebook.com,"13 de Julio",https://www.facebook.com/martu.freier,,,"Ciudad Autónoma de Buenos Aires","Buenos Aires",Argentina,1384143650,"Emiliano Pirolo",https://www.facebook.com/emi.pirolo,1
Susana,Meira,susana.meira.77@facebook.com,"13 de Julio",https://www.facebook.com/susana.meira.77,,,"Ciudad Autónoma de Buenos Aires","Buenos Aires",Argentina,1848367348,"Natalia Tarelli",,1
Nano,Basadoni,nano.basadoni@facebook.com,"14 de Julio",https://www.facebook.com/nano.basadoni,28,,"Ciudad Autónoma de Buenos Aires","Buenos Aires",Argentina,100000578452310,"Charly Ruez",https://www.facebook.com/charly.ruez,1
Panchi,Lacroze,panchi.lacroze@facebook.com,"14 de Julio",https://www.facebook.com/panchi.lacroze,31,,"Ciudad Autónoma de Buenos Aires","Buenos Aires",Argentina,100000139053515,"Eugenia Vega",https://www.facebook.com/eugenitavega,1
Magdalena,Stauber,magdalena.stauber@facebook.com,"14 de Julio",https://www.facebook.com/magdalena.stauber,31,,"Ciudad Autónoma de Buenos Aires","Buenos Aires",Argentina,100000920036342,"Mauro Napole",https://www.facebook.com/maurinapole,1
YE,Diosa,yessica.contreras.313@facebook.com,"14 de Julio",https://www.facebook.com/yessica.contreras.313,,Recoleta,"Ciudad Autónoma de Buenos Aires","Buenos Aires",Argentina,100001332465643,"Tavo M-p",,1
Guido,Quayat,guidoq1@facebook.com,"14 de Julio",https://www.facebook.com/guidoq1,27,,"Ciudad Autónoma de Buenos Aires","Buenos Aires",Argentina,509273847,"Ronit Nates",https://www.facebook.com/ronates,1
Martina,Coronel,maartucoronel@facebook.com,"14 de Julio",https://www.facebook.com/MaartuCoronel,,,"Ciudad Autónoma de Buenos Aires","Buenos Aires",Argentina,100004664263264,"Agustin Sujo",https://www.facebook.com/agustin.sujook,1
Jesica,Rojo,jesik.trainer@facebook.com,"14 de Julio",https://www.facebook.com/jesik.trainer,28,,"Ciudad Autónoma de Buenos Aires","Buenos Aires",Argentina,569354587,"Natalia Tarelli",,1
Manu,Locova,toma.mate.96@facebook.com,"14 de Julio",https://www.facebook.com/toma.mate.96,25,"Buenos Aires","Buenos Aires","Buenos Aires",Argentina,100000687831914,"Fett Maidana",0,1
Toy's,"Salón Canino",toys.saloncanino@facebook.com,"14 de Julio",https://www.facebook.com/toys.saloncanino,30,,"Ciudad Autónoma de Buenos Aires","Buenos Aires",Argentina,100001100754066,"Jimena Zaccardi",https://www.facebook.com/Jimediab,1
Romi,Bartolone,romibartolone@facebook.com,"14 de Julio",https://www.facebook.com/RomiBartolone,,"Villa Devoto","Ciudad Autónoma de Buenos Aires","Buenos Aires",Argentina,1265351963,"Flor Gonzalez",,1
Cata,Fleite,cata.fleite@facebook.com,"14 de Julio",https://www.facebook.com/cata.fleite,,,"Ciudad Autónoma de Buenos Aires","Buenos Aires",Argentina,1067867852,"Fernando Olner Cupayolo",https://www.facebook.com/fernando.cupayolo,1
Carlita,Constanza,carlita.constanza.94@facebook.com,"14 de Julio",https://www.facebook.com/carlita.constanza.94,31,,"Ciudad Autónoma de Buenos Aires","Buenos Aires",Argentina,1173592138,"Pablo Dandrea",https://www.facebook.com/pablo.dandrea,1
Micaela,Quemera,chulee.quemera@facebook.com,"14 de Julio",https://www.facebook.com/chulee.quemera,,"Parque Patricios","Ciudad Autónoma de Buenos Aires","Buenos Aires",Argentina,100001251398005,"Tatiana Petroccelli",https://www.facebook.com/tanshanita,1
Ilogia,ProgMetal,ilogia.metalp@facebook.com,"14 de Julio",https://www.facebook.com/ilogia.metalp,,,"Ciudad Autónoma de Buenos Aires","Buenos Aires",Argentina,100003199675861,"Cynthia Gianni",,1
Nachen,Achede,nachen.achede@facebook.com,"14 de Julio",https://www.facebook.com/nachen.achede,22,,"Ciudad Autónoma de Buenos Aires","Buenos Aires",Argentina,100007705419587,"Ale Arias Mandarine Park",,1
Ale,Ortiz,alehgabriel@facebook.com,"14 de Julio",https://www.facebook.com/alehgabriel,,,"Ciudad Autónoma de Buenos Aires","Buenos Aires",Argentina,100001110791016,"Rodrii Martinez",,1
Maru,Rerdanoski,maru.rerdanoski@facebook.com,"14 de Julio",https://www.facebook.com/maru.rerdanoski,31,,"Ciudad Autónoma de Buenos Aires","Buenos Aires",Argentina,734991094,"Daniela Sevilla",,1
German,"de Leon",german.deleon.925@facebook.com,"14 de Julio",https://www.facebook.com/german.deleon.925,33,,"Ciudad Autónoma de Buenos Aires","Buenos Aires",Argentina,100002460319412,"Sebastian Daniel Riccardi",https://www.facebook.com/sebastian.riccardi,1
María,Mihanovich,mmihanovich@facebook.com,"14 de Julio",https://www.facebook.com/mmihanovich,33,,"Ciudad Autónoma de Buenos Aires","Buenos Aires",Argentina,100003569952478,"Sofia Cantero",,1
Delaostia,Argentina,delaostia.argentina@facebook.com,"14 de Julio",https://www.facebook.com/delaostia.argentina,,,"Ciudad Autónoma de Buenos Aires","Buenos Aires",Argentina,100003374363066,"Antonella La Torre",,1
Flor,Cabj,carlaflorencia.toloza@facebook.com,"14 de Julio",https://www.facebook.com/carlaflorencia.toloza,22,,"Ciudad Autónoma de Buenos Aires","Buenos Aires",Argentina,1722055190,"M Agustina Ciarla Quintana",https://www.facebook.com/magustina.quintana,1
Nada,Neutral,vestitebie@facebook.com,"14 de Julio",https://www.facebook.com/vestitebie,,,"Ciudad Autónoma de Buenos Aires","Buenos Aires",Argentina,100001441231484,"Franco Marcoccia",https://www.facebook.com/franco.marcoccia,1
Nao,Adianta,lucianobarkermil@facebook.com,"14 de Julio",https://www.facebook.com/lucianobarkermil,,Recoleta,"Ciudad Autónoma de Buenos Aires","Buenos Aires",Argentina,100002393300931,"Jessica Bellomo",https://www.facebook.com/JessBellomo,1
Dora,Becher,dora.becher.7@facebook.com,"14 de Julio",https://www.facebook.com/dora.becher.7,,"Buenos Aires","Buenos Aires","Buenos Aires",Argentina,100001702980362,"Juan Pablo Aleman",0,1
Arturo,Larrabure,arturo.larrabure@facebook.com,"14 de Julio",https://www.facebook.com/arturo.larrabure,,,"Ciudad Autónoma de Buenos Aires","Buenos Aires",Argentina,561414191,"Brenda Fabregat",https://www.facebook.com/brenda.fabregat,1
Lucia,Castelli,lucastelli97@facebook.com,"14 de Julio",https://www.facebook.com/LuCastelli97,,,"Ciudad Autónoma de Buenos Aires","Buenos Aires",Argentina,1573105453,"Juan Cruz Albornoz",,1
Washington,Echazarreta,washington.echazarreta@facebook.com,"14 de Julio",https://www.facebook.com/washington.echazarreta,28,,"Ciudad Autónoma de Buenos Aires","Buenos Aires",Argentina,100000409477001,"Ianina Daniela Castillo",https://www.facebook.com/ianina.castillo,1
"Maria Cleia",Antonelli,mariacleia.antonelli@facebook.com,"14 de Julio",https://www.facebook.com/mariacleia.antonelli,24,,"Ciudad Autónoma de Buenos Aires","Buenos Aires",Argentina,1059865384,"Carli Pellizzaro",https://www.facebook.com/Carlii,1
Pamela,Vittone,pamela.vittone.3@facebook.com,"14 de Julio",https://www.facebook.com/pamela.vittone.3,27,,"Ciudad Autónoma de Buenos Aires","Buenos Aires",Argentina,527160808,"Maria Pia Perez Brea",,1
Luz,Mitre,luz.mitre.5@facebook.com,"14 de Julio",https://www.facebook.com/luz.mitre.5,,,"Ciudad Autónoma de Buenos Aires","Buenos Aires",Argentina,100001034966785,"Marcela Hinckelmann",https://www.facebook.com/marcela.hinckelmann,1
Ropita,"Todo Importado",sol.todoimportado.94@facebook.com,"14 de Julio",https://www.facebook.com/sol.todoimportado.94,23,,"Ciudad Autónoma de Buenos Aires","Buenos Aires",Argentina,100004365125205,"Luz Adamo",https://www.facebook.com/luz.adamo,1
Maximiliano,Garcia,maximiliano.garcia.5036@facebook.com,"14 de Julio",https://www.facebook.com/maximiliano.garcia.5036,22,"Nueva Pompeya","Ciudad Autónoma de Buenos Aires","Distrito Federal",Argentina,100004784951348,"Ale Arias Mandarine Park",,1
Antonia,Argentina,antonia.argentina@facebook.com,"14 de Julio",https://www.facebook.com/antonia.argentina,,Flores,"Ciudad Autónoma de Buenos Aires","Buenos Aires",Argentina,100001861271390,"Marcela Alejandra",,1
Nicolás,Andreoli,nico.andre01@facebook.com,"14 de Julio",https://www.facebook.com/Nico.Andre01,,,"Ciudad Autónoma de Buenos Aires","Buenos Aires",Argentina,1406803857,"Paula Otálvaro",https://www.facebook.com/paula.otalvaro,1
Santiago,Schneider,santiago.schneider.58@facebook.com,"14 de Julio",https://www.facebook.com/santiago.schneider.58,,,"Ciudad Autónoma de Buenos Aires","Buenos Aires",Argentina,746660707,"Marcelo Gustavo Salerno",https://www.facebook.com/marcelogustavo.salerno,1
Alan,Diaz,alan.diaz.54943600@facebook.com,"14 de Julio",https://www.facebook.com/alan.diaz.54943600,,"Villa Devoto","Ciudad Autónoma de Buenos Aires","Buenos Aires",Argentina,623234967,"Carli Pellizzaro",https://www.facebook.com/Carlii,1
Gonzalo,"Fernandez Procopovich",zalo.fernandezprocopovich@facebook.com,"14 de Julio",https://www.facebook.com/zalo.fernandezprocopovich,,,"Ciudad Autónoma de Buenos Aires","Buenos Aires",Argentina,1067617041,"Sindy Elisa Szczucky",https://www.facebook.com/sindy.szczucky,1
Miguel,Davila,miguel.a.davila.71@facebook.com,"14 de Julio",https://www.facebook.com/miguel.a.davila.71,,,"Ciudad Autónoma de Buenos Aires","Buenos Aires",Argentina,840763458,"Paz Maldonado",,1
Pancho,Terrier,p.listerrier@facebook.com,"14 de Julio",https://www.facebook.com/p.listerrier,,,"Ciudad Autónoma de Buenos Aires","Buenos Aires",Argentina,725839549,"Aylu Macchi",,1
Musica,Electronica,musica.electronica.583@facebook.com,"14 de Julio",https://www.facebook.com/musica.electronica.583,30,,"Ciudad Autónoma de Buenos Aires","Buenos Aires",Argentina,100001557417098,"Tatiana Petroccelli",https://www.facebook.com/tanshanita,1
Rodrigo,Villegas,refunebrero@facebook.com,"14 de Julio",https://www.facebook.com/Refunebrero,30,,"Ciudad Autónoma de Buenos Aires","Buenos Aires",Argentina,1006336951,"Gisele Fratini",https://www.facebook.com/giakdmik,1
Laza,Ivan,laza.ivan@facebook.com,"14 de Julio",https://www.facebook.com/laza.ivan,,,"Ciudad Autónoma de Buenos Aires","Buenos Aires",Argentina,1619014727,"Atilio Fernandez",,1
Mundo,Staff,mundo.lingo.team@facebook.com,"14 de Julio",https://www.facebook.com/Mundo.Lingo.Team,28,,"Ciudad Autónoma de Buenos Aires","Buenos Aires",Argentina,100007090870622,"Maria Quevedo",https://www.facebook.com/mery.quevedo3,1
Rodrigo,Alonso,rodrigojalonso@facebook.com,"14 de Julio",https://www.facebook.com/rodrigojalonso,34,,"Ciudad Autónoma de Buenos Aires","Buenos Aires",Argentina,1078470202,"Charly Ruez",https://www.facebook.com/charly.ruez,1
Breakfast,"De Magdalena García",magdalena.bakery@facebook.com,"14 de Julio",https://www.facebook.com/magdalena.bakery,28,,"Ciudad Autónoma de Buenos Aires","Buenos Aires",Argentina,100004571471078,"Andrés Bonavera Rendo",https://www.facebook.com/andybonavera,1
Rafa,Bustamante,corronchos.comidarapida@facebook.com,"14 de Julio",https://www.facebook.com/corronchos.comidarapida,27,,"Ciudad Autónoma de Buenos Aires","Buenos Aires",Argentina,100003652286786,"Natalia Magali Guglielmo",https://www.facebook.com/nataliamagali.guglielmo,1
Santiago,Frotas,santiago.frotas@facebook.com,"14 de Julio",https://www.facebook.com/santiago.frotas,27,,"Ciudad Autónoma de Buenos Aires","Buenos Aires",Argentina,100000614684260,"Carlos Wilson",,1
Gustavo,"Ayala Ortiz",gustavo.ayalaortiz@facebook.com,"14 de Julio",https://www.facebook.com/gustavo.ayalaortiz,34,,"Ciudad Autónoma de Buenos Aires","Buenos Aires",Argentina,100001500242115,"Castro Marina",https://www.facebook.com/castro.marina,1
Color,Dual,dual.color.1@facebook.com,"14 de Julio",https://www.facebook.com/dual.color.1,,,"Ciudad Autónoma de Buenos Aires","Buenos Aires",Argentina,100006402455636,"Ailin Majeras",https://www.facebook.com/ailin.majeras,1
"Miguel Angel",Parra,miguelangel.parra.589@facebook.com,"14 de Julio",https://www.facebook.com/miguelangel.parra.589,28,,"Ciudad Autónoma de Buenos Aires","Buenos Aires",Argentina,100001617013027,"Lo Lola",,1
"Maria Del Carmen",Guevea,mariadelcarmen.guevea@facebook.com,"15 de Julio",https://www.facebook.com/mariadelcarmen.guevea,,,"Ciudad Autónoma de Buenos Aires","Buenos Aires",Argentina,100000494694251,"Sofu Maddonni",https://www.facebook.com/ssofiia,1
Roberto,García,vidug@facebook.com,"15 de Julio",https://www.facebook.com/vidug,29,,"Ciudad Autónoma de Buenos Aires","Buenos Aires",Argentina,1405655728,"Maria Lucila Quarleri",https://www.facebook.com/maria.quarleri,1
Evelyn,Medina,evelyn.medina.50@facebook.com,"15 de Julio",https://www.facebook.com/evelyn.medina.50,,,"Ciudad Autónoma de Buenos Aires","Buenos Aires",Argentina,555289143,"Mercedes Cataldi",https://www.facebook.com/mercedes.cataldi,1
Diego,"Vidal Escritor",diegovidalemancipate@facebook.com,"15 de Julio",https://www.facebook.com/diegovidalemancipate,32,,"Ciudad Autónoma de Buenos Aires","Buenos Aires",Argentina,1255222096,"Veronica Escobar",,1
Clump,Agencia,la.agencia.group@facebook.com,"15 de Julio",https://www.facebook.com/La.Agencia.Group,22,,"Ciudad Autónoma de Buenos Aires","Buenos Aires",Argentina,1849869220,"Paula Otálvaro",https://www.facebook.com/paula.otalvaro,1
Angloargentine,PoloProject,angloargentine.poloproject@facebook.com,"15 de Julio",https://www.facebook.com/angloargentine.poloproject,34,,"Ciudad Autónoma de Buenos Aires","Buenos Aires",Argentina,100001213719495,"Marcela Hinckelmann",https://www.facebook.com/marcela.hinckelmann,1
"Caty Carp",Vicente,xiio.carp@facebook.com,"15 de Julio",https://www.facebook.com/xiio.carp,,,"Ciudad Autónoma de Buenos Aires","Buenos Aires",Argentina,100002473106077,"Paula Veronica Guviazda",https://www.facebook.com/paulaveronica.guviazda,1
David,Tagger,david.tagger1@facebook.com,"15 de Julio",https://www.facebook.com/david.tagger1,22,"La Boca","Ciudad Autónoma de Buenos Aires","Distrito Federal",Argentina,1243923555,"Eve Schiera",,1
Matias,Ghiglione,enamorado.de.tu.vieja@facebook.com,"15 de Julio",https://www.facebook.com/ENAMORADO.DE.TU.VIEJA,,,"Ciudad Autónoma de Buenos Aires","Buenos Aires",Argentina,1066406953,"Silvia Fernandez",https://www.facebook.com/silviafernandezchivi,1
Pablito,Colombo,pablito.colombo@facebook.com,"15 de Julio",https://www.facebook.com/pablito.colombo,32,,"Ciudad Autónoma de Buenos Aires","Buenos Aires",Argentina,100001589262031,"Diego Paschetta",,1
Laura,Esper,laura.esper.1@facebook.com,"15 de Julio",https://www.facebook.com/laura.esper.1,30,"Buenos Aires","Buenos Aires","Buenos Aires",Argentina,552900964,"Erica Volpi Werkmann",0,1
Alejandro,Giordano,alejandro.giordano.7@facebook.com,"15 de Julio",https://www.facebook.com/alejandro.giordano.7,,,"Ciudad Autónoma de Buenos Aires","Buenos Aires",Argentina,629634914,"Valeria Ayala",,1
Juan,Reyes,juanramon.reyes1@facebook.com,"15 de Julio",https://www.facebook.com/juanramon.reyes1,28,,"Ciudad Autónoma de Buenos Aires","Buenos Aires",Argentina,1446971989,"Riberas Del Parana",https://www.facebook.com/riberas.delparana,1
Zampri,Reptante,esteban.zambrano.5@facebook.com,"15 de Julio",https://www.facebook.com/esteban.zambrano.5,28,,"Ciudad Autónoma de Buenos Aires","Buenos Aires",Argentina,1250046509,"Daiana Soledad Pintos",https://www.facebook.com/Sheena.is,1
Wel,BA,welcomeba@facebook.com,"15 de Julio",https://www.facebook.com/WelcomeBA,24,,"Ciudad Autónoma de Buenos Aires","Buenos Aires",Argentina,100003970749988,"Valentino Fabre",https://www.facebook.com/valenfabre,1
"Martha Carolina",Malo,marthacarolina.malo@facebook.com,"15 de Julio",https://www.facebook.com/marthacarolina.malo,,,"Ciudad Autónoma de Buenos Aires","Buenos Aires",Argentina,653699920,"Juan Antonio Papagni Meca",https://www.facebook.com/juanantoniopapagnimeca,1
Sikito,Sikitos,sikito.sikitos.9@facebook.com,"15 de Julio",https://www.facebook.com/sikito.sikitos.9,,,"Ciudad Autónoma de Buenos Aires","Buenos Aires",Argentina,100000178556810,"Bomba Barassi",https://www.facebook.com/bomba.barassi,1
Christian,Karschacoff,christian.karschacoff@facebook.com,"15 de Julio",https://www.facebook.com/christian.karschacoff,,,"Ciudad Autónoma de Buenos Aires","Buenos Aires",Argentina,655392756,"Ornela G Cirigliano",https://www.facebook.com/floweringashtree,1
Clara,Riccomagno,mclara.riccomagno@facebook.com,"15 de Julio",https://www.facebook.com/mclara.riccomagno,35,,"Ciudad Autónoma de Buenos Aires","Buenos Aires",Argentina,100001731482954,"Flor Rossi",,1
Victor,Sa,victor.sa.18400@facebook.com,"15 de Julio",https://www.facebook.com/victor.sa.18400,,"Buenos Aires","Buenos Aires","Buenos Aires",Argentina,675260502,"Alan Yun",0,1
Ana,Iglesias,ana.iglesias.1291@facebook.com,"15 de Julio",https://www.facebook.com/ana.iglesias.1291,30,,"Ciudad Autónoma de Buenos Aires","Buenos Aires",Argentina,100001935707990,"Diandra Lesly",https://www.facebook.com/diandra.lesly,1
Meli,Sfilio,meli.sfilio@facebook.com,"15 de Julio",https://www.facebook.com/meli.sfilio,,,"Ciudad Autónoma de Buenos Aires","Buenos Aires",Argentina,100003895369710,"Loreto Belmar",https://www.facebook.com/loreto.belmar,1
Delfina,"Elisavetsky Campos",delfi.ec@facebook.com,"15 de Julio",https://www.facebook.com/delfi.ec,27,,"Ciudad Autónoma de Buenos Aires","Buenos Aires",Argentina,656504633,"Maria Pia Perez Brea",,1
Nachito,Gce,nachito.gce@facebook.com,"15 de Julio",https://www.facebook.com/nachito.gce,,Recoleta,"Ciudad Autónoma de Buenos Aires","Buenos Aires",Argentina,1052670574,"Tatiana Petroccelli",https://www.facebook.com/tanshanita,1
Benja,Forestieri,benja.forestieri@facebook.com,"15 de Julio",https://www.facebook.com/benja.forestieri,29,,"Ciudad Autónoma de Buenos Aires","Buenos Aires",Argentina,1135061007,"Carlos Wilson",,1
Rominita,Paola,rominita.paola.7@facebook.com,"15 de Julio",https://www.facebook.com/rominita.paola.7,34,,"Ciudad Autónoma de Buenos Aires","Buenos Aires",Argentina,1572806914,"Agus Rodriguez",,1
Nahiarita,Rey,nahiaritarey@facebook.com,"15 de Julio",https://www.facebook.com/NahiaritaRey,32,,"Ciudad Autónoma de Buenos Aires","Buenos Aires",Argentina,1763269739,"Sil Cristiano ?ï?",https://www.facebook.com/Sivinita,1
Gabriel,Barabaschi,g.barabaschi@facebook.com,"15 de Julio",https://www.facebook.com/G.Barabaschi,,,"Ciudad Autónoma de Buenos Aires","Buenos Aires",Argentina,829222240,"Yanel Block",https://www.facebook.com/yanel.bllock,1
Cristina,"De Sio Stuckrath",cdesiostuckrath@facebook.com,"15 de Julio",https://www.facebook.com/cdesiostuckrath,,,"Ciudad Autónoma de Buenos Aires","Buenos Aires",Argentina,100001464071735,"Brenda Fabregat",https://www.facebook.com/brenda.fabregat,1
Matias,Manzotti,matias.manzotti@facebook.com,"15 de Julio",https://www.facebook.com/matias.manzotti,31,,"Ciudad Autónoma de Buenos Aires","Buenos Aires",Argentina,1525980566,"Leti Leticia",,1
Francisco,Conte,panchoconte@facebook.com,"15 de Julio",https://www.facebook.com/panchoconte,24,,"Ciudad Autónoma de Buenos Aires","Buenos Aires",Argentina,703435821,"Romi Flores",,1
Pachy,Buczel,pachyscan@facebook.com,"15 de Julio",https://www.facebook.com/pachyscan,29,,"Ciudad Autónoma de Buenos Aires","Buenos Aires",Argentina,1320096774,"Vanesa Macias",https://www.facebook.com/vanesa.macias1,1
Quike,Quike,quike.deloma@facebook.com,"15 de Julio",https://www.facebook.com/quike.deloma,,,"Ciudad Autónoma de Buenos Aires","Buenos Aires",Argentina,100001595529023,"Cielito Perez",,1
Lucas,Ferjanic,lukass.ferjanic@facebook.com,"15 de Julio",https://www.facebook.com/Lukass.Ferjanic,,,"Ciudad Autónoma de Buenos Aires","Buenos Aires",Argentina,1346112737,"Sol Bettoni",,1
Máríánó,Bákkán,mariano.debarrakas@facebook.com,"15 de Julio",https://www.facebook.com/mariano.debarrakas,,Barracas,"Ciudad Autónoma de Buenos Aires","Buenos Aires",Argentina,100001599211653,"Cielito Perez",,1
Hilda,"Cabaña II",hildateresitaca@facebook.com,"15 de Julio",https://www.facebook.com/hildateresitaca,,,"Ciudad Autónoma de Buenos Aires","Buenos Aires",Argentina,100001692744054,"Nataly Cuerva",https://www.facebook.com/nataliagtrujillo,1
Imagen,Promotoras,imagen.promotoras@facebook.com,"15 de Julio",https://www.facebook.com/imagen.promotoras,31,"Barrio Norte","Ciudad Autónoma de Buenos Aires","Buenos Aires",Argentina,100000881558740,"Vanesa Myrna Ojeda",,1
Antonela,Buceta,antonela.diani@facebook.com,"15 de Julio",https://www.facebook.com/antonela.diani,,,"Ciudad Autónoma de Buenos Aires","Buenos Aires",Argentina,100000065641481,"Gabriel Gutierrez",,1
Agus,Zunini,agus1998@facebook.com,"15 de Julio",https://www.facebook.com/agus1998,,,"Ciudad Autónoma de Buenos Aires","Buenos Aires",Argentina,100000989207468,"Manu Dadaglio",,1
Guido,Garber,guido.garber@facebook.com,"15 de Julio",https://www.facebook.com/guido.garber,25,,"Ciudad Autónoma de Buenos Aires","Buenos Aires",Argentina,100001564411749,"Michelle Fingeret",https://www.facebook.com/michelle.fingeret,1
Carolina,Gonzalez,carolina.j.gonzalez.56@facebook.com,"15 de Julio",https://www.facebook.com/carolina.j.gonzalez.56,30,,"Ciudad Autónoma de Buenos Aires","Buenos Aires",Argentina,649812015,"Emanuel Gaston Perdigues",https://www.facebook.com/emaxpx,1
Cami,Bartolomeo,camibartolomeo@facebook.com,"15 de Julio",https://www.facebook.com/camibartolomeo,,Boedo,"Ciudad Autónoma de Buenos Aires","Buenos Aires",Argentina,1591442203,"Alan Volper",https://www.facebook.com/alan.volper,1
Jimena,Garcia,jime27@facebook.com,"15 de Julio",https://www.facebook.com/jime27,,,"Ciudad Autónoma de Buenos Aires","Buenos Aires",Argentina,1440705082,"Matias Daniel Pascual",,1
Denis,Ravarini,denis.ravarini.5@facebook.com,"15 de Julio",https://www.facebook.com/denis.ravarini.5,31,,"Ciudad Autónoma de Buenos Aires","Buenos Aires",Argentina,100004291810995,"Paula Otálvaro",https://www.facebook.com/paula.otalvaro,1
Yanas,Pasteleria,yanas.pasteleria@facebook.com,"15 de Julio",https://www.facebook.com/yanas.pasteleria,32,,"Ciudad Autónoma de Buenos Aires","Buenos Aires",Argentina,100006497600667,"Pato Pagano",https://www.facebook.com/pato.p111,1
Fabrizio,Fiorotto,fabrizio.fiorotto@facebook.com,"15 de Julio",https://www.facebook.com/fabrizio.fiorotto,,,"Ciudad Autónoma de Buenos Aires","Buenos Aires",Argentina,100000842719941,"Hector Falsone",https://www.facebook.com/hector.falsone,1
Cande,Sotelo,caandesotelo@facebook.com,"15 de Julio",https://www.facebook.com/CaandeSotelo,,,"Ciudad Autónoma de Buenos Aires","Buenos Aires",Argentina,1564358722,"Juli Sremac",https://www.facebook.com/juli.sremac,1
Lauutii,Caminoa,laura.caminoa@facebook.com,"15 de Julio",https://www.facebook.com/laura.caminoa,31,,"Ciudad Autónoma de Buenos Aires","Buenos Aires",Argentina,100001255703612,"Pamela Garrote",https://www.facebook.com/pamela.garrote,1
Camiila,Belen,camii.la.7503@facebook.com,"15 de Julio",https://www.facebook.com/camii.la.7503,22,,"Ciudad Autónoma de Buenos Aires","Buenos Aires",Argentina,100003597847231,"Juanma Ramirez",,1
Maki,Talerico,makii.kemera@facebook.com,"15 de Julio",https://www.facebook.com/makii.kemera,,,"Ciudad Autónoma de Buenos Aires","Buenos Aires",Argentina,100003973143027,"Romina Dorza",https://www.facebook.com/rodorza,1
Ozara,Eventos,ozara.eventos@facebook.com,"15 de Julio",https://www.facebook.com/ozara.eventos,,,"Ciudad Autónoma de Buenos Aires","Buenos Aires",Argentina,100004048350367,"Romina Dorza",https://www.facebook.com/rodorza,1
Agus,"Dal Bon",agus.dalbon@facebook.com,"15 de Julio",https://www.facebook.com/agus.dalbon,23,,"Ciudad Autónoma de Buenos Aires","Buenos Aires",Argentina,1326060679,"Agustina Gorrini",https://www.facebook.com/agustina.gorrini,1
MardeMó,"Animaciones Temáticas",mardemoproducciones@facebook.com,"15 de Julio",https://www.facebook.com/mardemoproducciones,23,,"Ciudad Autónoma de Buenos Aires","Buenos Aires",Argentina,100000209835549,"Srita Bauer",https://www.facebook.com/marina.vas,1
"Diego Fernando",Abdo,diegofernando.abdo@facebook.com,"15 de Julio",https://www.facebook.com/diegofernando.abdo,23,,"Ciudad Autónoma de Buenos Aires","Buenos Aires",Argentina,1414761934,"Evelina Ferreira",,1
Tomas,Beristain,tomas.beristain@facebook.com,"15 de Julio",https://www.facebook.com/tomas.beristain,,,"Ciudad Autónoma de Buenos Aires","Buenos Aires",Argentina,681918332,"Maria Laura Mortensen",,1
Iana,Dodonova,iana.dodonova@facebook.com,"15 de Julio",https://www.facebook.com/iana.dodonova,,,"Ciudad Autónoma de Buenos Aires","Buenos Aires",Argentina,1112469083,"Marina Castagnino",https://www.facebook.com/castagnino,1
Yesica,Lavalle,yesica.lavalle@facebook.com,"15 de Julio",https://www.facebook.com/yesica.lavalle,,,"Ciudad Autónoma de Buenos Aires","Buenos Aires",Argentina,1282792954,"Jochuu Rodriguez Linck",https://www.facebook.com/jochuu.rodriguezlinck,1
Grooveradio,Web,grooveradioweb@facebook.com,"15 de Julio",https://www.facebook.com/grooveradioweb,24,Recoleta,"Ciudad Autónoma de Buenos Aires","Buenos Aires",Argentina,100002636164302,"Fran L. Ocampo",https://www.facebook.com/franco,1
Flor,Sacco,flor.sacco@facebook.com,"15 de Julio",https://www.facebook.com/flor.sacco,,,"Ciudad Autónoma de Buenos Aires","Buenos Aires",Argentina,100000041820503,"Flor Scalise",https://www.facebook.com/flor.scalise,1
Emmanuel,"Juarez Csdm",emmanuel.juarezcsdm@facebook.com,"15 de Julio",https://www.facebook.com/emmanuel.juarezcsdm,22,,"Ciudad Autónoma de Buenos Aires","Buenos Aires",Argentina,1440802275,"Silvia Fernandez",https://www.facebook.com/silviafernandezchivi,1
Santiago,Zarate,santiago.zarate.18@facebook.com,"15 de Julio",https://www.facebook.com/santiago.zarate.18,35,,"Ciudad Autónoma de Buenos Aires","Buenos Aires",Argentina,1390905823,"Tatiana Petroccelli",https://www.facebook.com/tanshanita,1
Nicolas,Simikoz,simikoz@facebook.com,"16 de Julio",https://www.facebook.com/simikoz,26,,"Ciudad Autónoma de Buenos Aires","Buenos Aires",Argentina,692027889,"Eugenia Vega",https://www.facebook.com/eugenitavega,1
Sueño,Sur,sueno.sur.9@facebook.com,"16 de Julio",https://www.facebook.com/sueno.sur.9,,,"Ciudad Autónoma de Buenos Aires","Buenos Aires",Argentina,100004180443186,"Silvia Fernandez",https://www.facebook.com/silviafernandezchivi,1
Sentio,"Almacen de Comidas",sentio.almacen@facebook.com,"16 de Julio",https://www.facebook.com/sentio.almacen,,,"Ciudad Autónoma de Buenos Aires","Buenos Aires",Argentina,750793339,"Celeste Cabral",,1
Deco,Pasion,leandro.aquino.52643@facebook.com,"16 de Julio",https://www.facebook.com/leandro.aquino.52643,33,,"Ciudad Autónoma de Buenos Aires","Buenos Aires",Argentina,100008067603237,"Vanina Granados",https://www.facebook.com/vanina.granados,1
LaCocina,DeJacinta,lacocina.dejacinta.7@facebook.com,"16 de Julio",https://www.facebook.com/lacocina.dejacinta.7,29,,"Ciudad Autónoma de Buenos Aires","Buenos Aires",Argentina,100002518765868,"Barby Lanata",https://www.facebook.com/barby.lanata,1
Nair,Barbieri,nair.barbieri@facebook.com,"16 de Julio",https://www.facebook.com/nair.barbieri,32,,"Ciudad Autónoma de Buenos Aires","Buenos Aires",Argentina,1009201045,"Soledad Antunez",,1
Franco,Ferrando,frankito.ferrando@facebook.com,"16 de Julio",https://www.facebook.com/frankito.ferrando,22,,"Ciudad Autónoma de Buenos Aires","Buenos Aires",Argentina,100002478420777,"Jonathan Leonel",,1
Daiana,Romina,daiana.romina@facebook.com,"16 de Julio",https://www.facebook.com/daiana.romina,,,"Ciudad Autónoma de Buenos Aires","Buenos Aires",Argentina,1435433342,"Matias Adanez",https://www.facebook.com/madanez,1
Cristina,Vaudagna,cristina.vaudagna.1@facebook.com,"16 de Julio",https://www.facebook.com/cristina.vaudagna.1,,,"Ciudad Autónoma de Buenos Aires","Buenos Aires",Argentina,1446323310,"Divino Vestuario Salve",https://www.facebook.com/salvedivinovestuario,1
Fran,Zunino,fran.zunino@facebook.com,"16 de Julio",https://www.facebook.com/fran.zunino,,,"Ciudad Autónoma de Buenos Aires","Buenos Aires",Argentina,100000929733694,"Fiestas Baires",,1
Martin,Roman,martin.roman.7503314@facebook.com,"16 de Julio",https://www.facebook.com/martin.roman.7503314,25,,"Ciudad Autónoma de Buenos Aires","Buenos Aires",Argentina,100002312766474,"Jose Guevara",https://www.facebook.com/JoeGuevara81,1
Natural,Estado,estadonatural.restobar2@facebook.com,"16 de Julio",https://www.facebook.com/estadonatural.restobar2,,,"Ciudad Autónoma de Buenos Aires","Buenos Aires",Argentina,100001299944351,"Noelia Juskiewicz",https://www.facebook.com/noelia.juskiewicz,1
Soy,Nataly,soy.nataly.50@facebook.com,"16 de Julio",https://www.facebook.com/soy.nataly.50,23,,"Ciudad Autónoma de Buenos Aires","Buenos Aires",Argentina,100004483604939,"Julian Pagana",,1
Ezequiel,Iván,sabimandayoobedezco@facebook.com,"16 de Julio",https://www.facebook.com/sabimandayoobedezco,,"La Paternal","Ciudad Autónoma de Buenos Aires","Distrito Federal",Argentina,100000333660231,"Brian Cano",,1
Micaela,Piovano,mica.piovano@facebook.com,"16 de Julio",https://www.facebook.com/mica.piovano,,,"Ciudad Autónoma de Buenos Aires","Buenos Aires",Argentina,100003045103390,"Valentin Abelardo",https://www.facebook.com/valentin.abelardo,1
Creativee,Minds,infocminds@facebook.com,"16 de Julio",https://www.facebook.com/infocminds,25,,"Ciudad Autónoma de Buenos Aires","Buenos Aires",Argentina,100005718155128,"Gaston Froidevaux",https://www.facebook.com/gaston.froidevaux,1
Augusto,Mustafa,augusto.mustafa@facebook.com,"16 de Julio",https://www.facebook.com/augusto.mustafa,,"Buenos Aires","Buenos Aires","Buenos Aires",Argentina,677662636,"Leo LugÓn",0,1
Remeras,Lisas,remeras.lisas@facebook.com,"16 de Julio",https://www.facebook.com/remeras.lisas,24,,"Ciudad Autónoma de Buenos Aires","Buenos Aires",Argentina,100001517284705,"Romy Gutierrez Jaime",https://www.facebook.com/romygutierrezjaime,1
"Faith No More",Argentina,faithnomore.argentina@facebook.com,"16 de Julio",https://www.facebook.com/faithnomore.argentina,35,,"Ciudad Autónoma de Buenos Aires","Buenos Aires",Argentina,100001453613579,"Daniel Arbol",https://www.facebook.com/darbol1,1
Maria,Ferraresi,solferraresi@facebook.com,"16 de Julio",https://www.facebook.com/solferraresi,34,,"Ciudad Autónoma de Buenos Aires","Buenos Aires",Argentina,1077525610,"Romy Escudero",https://www.facebook.com/romina.escudero,1
Anabel,Castro,anabel.castro.5268@facebook.com,"16 de Julio",https://www.facebook.com/anabel.castro.5268,27,,"Ciudad Autónoma de Buenos Aires","Buenos Aires",Argentina,742784571,"Yanina Battiato",,1
Damian,"Ezequiel Santos",damian.santos@facebook.com,"16 de Julio",https://www.facebook.com/damian.santos,,,"Ciudad Autónoma de Buenos Aires","Buenos Aires",Argentina,1214704468,"Christian Kraemer",https://www.facebook.com/christian.kraemer,1
Noe,Gracia,noe.gracia.5@facebook.com,"16 de Julio",https://www.facebook.com/noe.gracia.5,,,"Ciudad Autónoma de Buenos Aires","Buenos Aires",Argentina,1378875335,"Juli Castellano",https://www.facebook.com/Juliiiiiiy,1
Federico,Velardez,fedeelec@facebook.com,"16 de Julio",https://www.facebook.com/Fedeelec,,"Buenos Aires","Buenos Aires","Buenos Aires",Argentina,1658872096,"Patrick Fernando Kushner L",0,1
Lorena,Weber,lorena.weber.75@facebook.com,"16 de Julio",https://www.facebook.com/lorena.weber.75,32,,"Ciudad Autónoma de Buenos Aires","Buenos Aires",Argentina,100000957997970,"Noe. J. Enriz",,1
Maaia,Schugt,maaia.schugt@facebook.com,"16 de Julio",https://www.facebook.com/maaia.schugt,,,"Ciudad Autónoma de Buenos Aires","Buenos Aires",Argentina,100002781301191,"Clari Stagno",,1
Gustavo,Bitancourt,gbitancourt@facebook.com,"16 de Julio",https://www.facebook.com/gbitancourt,27,,"Ciudad Autónoma de Buenos Aires","Buenos Aires",Argentina,1548424290,"Julio Bittancourt",https://www.facebook.com/jbittancourt,1
Pablo,Rotolo,pabloariel.rotolo@facebook.com,"16 de Julio",https://www.facebook.com/pabloariel.rotolo,33,,"Ciudad Autónoma de Buenos Aires","Buenos Aires",Argentina,100004212521648,"Melo Dellarole",https://www.facebook.com/melodellarole,1
Caro,Garófalo,caaro.sg@facebook.com,"16 de Julio",https://www.facebook.com/caaro.sg,,,"Ciudad Autónoma de Buenos Aires","Buenos Aires",Argentina,1102548909,"Agustina Gorrini",https://www.facebook.com/agustina.gorrini,1
Bruno,Roberto,bruno.roberto.961@facebook.com,"16 de Julio",https://www.facebook.com/bruno.roberto.961,29,Barracas,"Ciudad Autónoma de Buenos Aires","Buenos Aires",Argentina,621250538,"Maria Florencia Lioni Tarsitano",https://www.facebook.com/mariaflorencia.lionitarsi,1
Azul,Bakchellian,azulitabak@facebook.com,"16 de Julio",https://www.facebook.com/azulitabak,,,"Ciudad Autónoma de Buenos Aires","Buenos Aires",Argentina,1496042950,"Maureen Burton",,1
María,Blardone,mblardone@facebook.com,"16 de Julio",https://www.facebook.com/mblardone,,,"Ciudad Autónoma de Buenos Aires","Buenos Aires",Argentina,1215215040,"Vicky Diaz",,1
Francisco,Funes,francisco.funes.54@facebook.com,"16 de Julio",https://www.facebook.com/francisco.funes.54,,,"Ciudad Autónoma de Buenos Aires","Buenos Aires",Argentina,1246718845,"Matias Blas",https://www.facebook.com/Matias.Blas,1
Lautaro,"Garcia Candela",el.lautix@facebook.com,"16 de Julio",https://www.facebook.com/el.lautix,,"Villa Pueyrredón","Ciudad Autónoma de Buenos Aires","Buenos Aires",Argentina,100003635359897,"Camila Gonzalez C",https://www.facebook.com/letmerocknrollyou,1
Ivana,Ba,ivana.ba.3@facebook.com,"16 de Julio",https://www.facebook.com/ivana.ba.3,31,,"Ciudad Autónoma de Buenos Aires","Buenos Aires",Argentina,1285802529,"Ezequiel Sebastian Berardi",https://www.facebook.com/EzErAsTa,1
Rodrigo,Martinez,rodrigo.martinez.92167789@facebook.com,"16 de Julio",https://www.facebook.com/rodrigo.martinez.92167789,23,Núñez,"Ciudad Autónoma de Buenos Aires","Buenos Aires",Argentina,100000261786222,"Guido Moncayo",https://www.facebook.com/guido.moncayo,1
Lucila,Lafourcade,lulaele@facebook.com,"16 de Julio",https://www.facebook.com/lulaele,,Saavedra,"Ciudad Autónoma de Buenos Aires","Buenos Aires",Argentina,100000404465448,"Brenda Fabregat",https://www.facebook.com/brenda.fabregat,1
Agustin,Lujan,treceletrasunapasionindependiente@facebook.com,"16 de Julio",https://www.facebook.com/treceletrasunapasionindependiente,24,,"Ciudad Autónoma de Buenos Aires","Buenos Aires",Argentina,100000609423945,"Ian Szejner",,1
Mago,Rivendell,mago.rivendell@facebook.com,"16 de Julio",https://www.facebook.com/mago.rivendell,31,,"Ciudad Autónoma de Buenos Aires","Buenos Aires",Argentina,100000151091337,"Nicolas Supital",https://www.facebook.com/nicosupi,1
Leandro,Cantore,leandro.cantore.1@facebook.com,"16 de Julio",https://www.facebook.com/leandro.cantore.1,26,"Buenos Aires","Buenos Aires","Buenos Aires",Argentina,1177789476,"Alejandro Dixon",0,1
Mari,Rios,mari.rios.5492@facebook.com,"16 de Julio",https://www.facebook.com/mari.rios.5492,25,,"Ciudad Autónoma de Buenos Aires","Buenos Aires",Argentina,650921943,"Lucia Marti",https://www.facebook.com/luli.marti,1
Veronica,Fernandez,veronica.fernandez.37669528@facebook.com,"16 de Julio",https://www.facebook.com/veronica.fernandez.37669528,33,,"Ciudad Autónoma de Buenos Aires","Buenos Aires",Argentina,1612897372,"Florencia Ferrari",https://www.facebook.com/florenciaferrari.1403,1
Analia,Devita,analia.devita.9@facebook.com,"16 de Julio",https://www.facebook.com/analia.devita.9,,,"Ciudad Autónoma de Buenos Aires","Buenos Aires",Argentina,100002129717501,"Amalia Gomes",,1
Mechi,Borghi,mechi.borghi@facebook.com,"16 de Julio",https://www.facebook.com/mechi.borghi,23,,"Ciudad Autónoma de Buenos Aires","Buenos Aires",Argentina,1193060338,"Florencia Pellegrino",,1
Soledad,Larretapia,sole.larreta@facebook.com,"16 de Julio",https://www.facebook.com/SOLE.LARRETA,,,"Ciudad Autónoma de Buenos Aires","Buenos Aires",Argentina,1173423892,"Natalia Magali Guglielmo",https://www.facebook.com/nataliamagali.guglielmo,1
Maite,Ordoñez,maite.ordonez.1@facebook.com,"16 de Julio",https://www.facebook.com/maite.ordonez.1,28,,"Ciudad Autónoma de Buenos Aires","Buenos Aires",Argentina,100001244820468,"Valentin Abelardo",https://www.facebook.com/valentin.abelardo,1
Natalia,Lucci,natilu2629@facebook.com,"16 de Julio",https://www.facebook.com/natilu2629,31,,"Ciudad Autónoma de Buenos Aires","Buenos Aires",Argentina,1506355662,"Tatiana Petroccelli",https://www.facebook.com/tanshanita,1
Gf,"Organizacion de Eventos",gf.organizaciondeeventos@facebook.com,"16 de Julio",https://www.facebook.com/gf.organizaciondeeventos,33,,"Ciudad Autónoma de Buenos Aires","Buenos Aires",Argentina,1814745644,"Juan Manuel Fotografo",https://www.facebook.com/JuanmaJMFotoEstudio,1
Electroma,Sessions,electromasessions@facebook.com,"16 de Julio",https://www.facebook.com/ELECTROMASESSIONS,28,,"Ciudad Autónoma de Buenos Aires","Buenos Aires",Argentina,100002672887782,"Tatiana Petroccelli",https://www.facebook.com/tanshanita,1
Elias,Ledesma,eliazledezma@facebook.com,"16 de Julio",https://www.facebook.com/eliazledezma,28,,"Ciudad Autónoma de Buenos Aires","Buenos Aires",Argentina,100000737572086,"Clari Stagno",,1
Diseña,Zapatos,disena.zapatos.1@facebook.com,"16 de Julio",https://www.facebook.com/disena.zapatos.1,30,,"Ciudad Autónoma de Buenos Aires","Buenos Aires",Argentina,100007212463630,"Belu Piacentino",https://www.facebook.com/belenpiacentino,1
Look,Jackar,look.jackar@facebook.com,"16 de Julio",https://www.facebook.com/look.jackar,29,"La Paternal","Ciudad Autónoma de Buenos Aires","Buenos Aires",Argentina,100001586507727,"Natalia Ponce",,1
