Nombre,Apellido,"Email Facebook",Cumpleaños,"Usuario Facebook",Edad,Barrio,Ciudad,Provincia,Pais,"ID Facebook","Amigo De","Amigo De (Usuario)"
Agus,Castillo,agus.castillo.5602@facebook.com,"01 de Agosto",https://www.facebook.com/agus.castillo.5602,35,Pilar,Pilar,"Buenos Aires",Argentina,628159600,"Adriana Grillo",
Matias,Szapiro,mszapiro@facebook.com,"30 de Julio",https://www.facebook.com/mszapiro,39,,"Ciudad Autónoma de Buenos Aires","Buenos Aires",Argentina,776264376,"Adriana Grillo",
Georgina,Citati,georgina.citati@facebook.com,"30 de Julio",https://www.facebook.com/georgina.citati,39,Pilar,Pilar,"Buenos Aires",Argentina,100000483100074,"Adriana Grillo",
Matías,Renkine,matiasrenkine@facebook.com,"27 de Julio",https://www.facebook.com/matiasrenkine,33,,"Ciudad Autónoma de Buenos Aires","Buenos Aires",Argentina,619794328,"Agos Costas",https://www.facebook.com/agoscostas
Lorena,Nerdkat,lorena.nenene@facebook.com,"31 de Julio",https://www.facebook.com/lorena.nenene,33,,"Ciudad Autónoma de Buenos Aires","Buenos Aires",Argentina,100001073524908,"Agos Costas",https://www.facebook.com/agoscostas
Ale,Biedma,ale.biedma.5@facebook.com,"28 de Julio",https://www.facebook.com/ale.biedma.5,33,,"Ciudad Autónoma de Buenos Aires","Buenos Aires",Argentina,669821270,"Agustín de Aramburu",https://www.facebook.com/agustin.dearamburu
Lisi,Bonzon,lichusb@facebook.com,"01 de Agosto",https://www.facebook.com/lichusb,36,,"Ciudad Autónoma de Buenos Aires","Buenos Aires",Argentina,708442081,"Agustín de Aramburu",https://www.facebook.com/agustin.dearamburu
Diego,Klause,diego.klause@facebook.com,"01 de Agosto",https://www.facebook.com/diego.klause,39,,"Ciudad Autónoma de Buenos Aires","Buenos Aires",Argentina,1367917334,"Agustín de Aramburu",https://www.facebook.com/agustin.dearamburu
Pablo,Rodriguez,pablo.rodriguez.355744@facebook.com,"29 de Julio",https://www.facebook.com/pablo.rodriguez.355744,36,,"Ciudad Autónoma de Buenos Aires","Buenos Aires",Argentina,560857549,"Agustin Justin",https://www.facebook.com/Agustin.Justin
María,Galliano,maria.galliano.77@facebook.com,"27 de Julio",https://www.facebook.com/maria.galliano.77,32,,"Ciudad Autónoma de Buenos Aires","Buenos Aires",Argentina,746085017,"Agustina Del Rosario Anzisi",https://www.facebook.com/AgustinadelRosario
Mariano,Rivera,rivsoft@facebook.com,"27 de Julio",https://www.facebook.com/rivsoft,33,"Buenos Aires","Buenos Aires","Buenos Aires",Argentina,559664307,"Alan Yun",0
Romina,Alonso,romina.alonso.752@facebook.com,"01 de Agosto",https://www.facebook.com/romina.alonso.752,32,"Buenos Aires","Buenos Aires","Buenos Aires",Argentina,1111533644,"Alan Yun",0
Sebastian,Martello,sebastian.martello.1@facebook.com,"28 de Julio",https://www.facebook.com/sebastian.martello.1,34,"Buenos Aires","Buenos Aires","Buenos Aires",Argentina,1265925868,"Alan Yun",0
Miguel,Lee,M16us@facebook.com,"28 de Julio",https://www.facebook.com/M16us,31,"Buenos Aires","Buenos Aires","Buenos Aires",Argentina,521705866,"Alan Yun",0
"Camilo Enrique",Ghizzoni,camiloenrique.ghizzoni@facebook.com,"27 de Julio",https://www.facebook.com/camiloenrique.ghizzoni,32,,"Ciudad Autónoma de Buenos Aires","Buenos Aires",Argentina,1019384672,"Aldana Giudice",https://www.facebook.com/Soy.Pinky
Jesica,Pedercini,jesica.pedercini@facebook.com,"27 de Julio",https://www.facebook.com/jesica.pedercini,33,"Villa Del Parque","Ciudad Autónoma de Buenos Aires","Distrito Federal",Argentina,597875936,"Aldana Queirolo",https://www.facebook.com/aldana.queirolo
Julieta,Valussi,Coloretita@facebook.com,"28 de Julio",https://www.facebook.com/Coloretita,33,,"Ciudad Autónoma de Buenos Aires","Buenos Aires",Argentina,776010756,"Ale Cabas",https://www.facebook.com/AleCabas
María,Markezini,maria.markezini.9@facebook.com,"30 de Julio",https://www.facebook.com/maria.markezini.9,38,"Buenos Aires","Buenos Aires","Buenos Aires",Argentina,100003791147459,"Alejandro Dixon",0
"Costa Hobbs",Boxer,costahobbs.boxer@facebook.com,"01 de Agosto",https://www.facebook.com/costahobbs.boxer,36,,"Ciudad Autónoma de Buenos Aires","Buenos Aires",Argentina,100001988018744,"Alejandro Novoa",
Tati,"Lopez Vedoya",lopezvedoya@facebook.com,"01 de Agosto",https://www.facebook.com/lopezvedoya,37,,"Ciudad Autónoma de Buenos Aires","Buenos Aires",Argentina,713583389,"Alejandro Polo",https://www.facebook.com/alejandropolo16
Maru,Linda,MaruLinda@facebook.com,"01 de Agosto",https://www.facebook.com/MaruLinda,37,,"Ciudad Autónoma de Buenos Aires","Buenos Aires",Argentina,714169931,"Alejandro Polo",https://www.facebook.com/alejandropolo16
Esteban,Garciandia,esteban.garciandia@facebook.com,"27 de Julio",https://www.facebook.com/esteban.garciandia,40,,"Ciudad Autónoma de Buenos Aires","Buenos Aires",Argentina,1440710361,"Alicia Kosem",https://www.facebook.com/alicia.kosem
Clara,Bowers,clara.bowers.5@facebook.com,"27 de Julio",https://www.facebook.com/clara.bowers.5,39,,"Ciudad Autónoma de Buenos Aires","Buenos Aires",Argentina,100003110930808,"Alina Gálvez Lynch",https://www.facebook.com/alina.galvez
Ignacio,Goni,ignacio.goni1@facebook.com,"31 de Julio",https://www.facebook.com/ignacio.goni1,39,,"Ciudad Autónoma de Buenos Aires","Buenos Aires",Argentina,1216002783,"Aline Vilches",
Agustina,Carril,aguscarril@facebook.com,"29 de Julio",https://www.facebook.com/aguscarril,38,Recoleta,"Ciudad Autónoma de Buenos Aires","Buenos Aires",Argentina,713078525,"Aline Vilches",
Isej,Binah,isej.binah@facebook.com,"01 de Agosto",https://www.facebook.com/isej.binah,36,,"Ciudad Autónoma de Buenos Aires","Buenos Aires",Argentina,100006053281691,"Ana Glinberg",https://www.facebook.com/ana.glinberg
Ricardo,Tevez,ricardo.tevez.5@facebook.com,"27 de Julio",https://www.facebook.com/ricardo.tevez.5,37,,"Ciudad Autónoma de Buenos Aires","Buenos Aires",Argentina,1028002038,"Ana Jasibe",https://www.facebook.com/ana.jasibe
Paola,Santos,paola.santos.127201@facebook.com,"27 de Julio",https://www.facebook.com/paola.santos.127201,39,,"Ciudad Autónoma de Buenos Aires","Buenos Aires",Argentina,1179502226,"Ana María Mesones",https://www.facebook.com/ana.mesones
César,Rodríguez,Cesar.se@facebook.com,"30 de Julio",https://www.facebook.com/Cesar.se,32,,"Ciudad Autónoma de Buenos Aires","Buenos Aires",Argentina,527215912,"Analia Torio",https://www.facebook.com/analia.torio1
Lorena,Talavera,lorenariv30@facebook.com,"27 de Julio",https://www.facebook.com/lorenariv30,33,,"Ciudad Autónoma de Buenos Aires","Buenos Aires",Argentina,895115412,"Andrea Badani",https://www.facebook.com/andrea.badani
Mariana,Ferreyra,mariana.ferreyra.906@facebook.com,"31 de Julio",https://www.facebook.com/mariana.ferreyra.906,37,,"Ciudad Autónoma de Buenos Aires","Buenos Aires",Argentina,1238763136,"Andrea Badani",https://www.facebook.com/andrea.badani
Pablo,Rocha,pablo.rocha.12327@facebook.com,"01 de Agosto",https://www.facebook.com/pablo.rocha.12327,32,,"Ciudad Autónoma de Buenos Aires","Buenos Aires",Argentina,690870870,"Anita Sol Malpassi",https://www.facebook.com/anitasol.malpassi
Fernanda,Carricart,fernanda.carricart@facebook.com,"29 de Julio",https://www.facebook.com/fernanda.carricart,40,,"Ciudad Autónoma de Buenos Aires","Buenos Aires",Argentina,605008937,"Anto D'Amato",https://www.facebook.com/anto.dama
Andrés,"Beltrán Nossa",andres.beltrannossa@facebook.com,"27 de Julio",https://www.facebook.com/andres.beltrannossa,33,,"Ciudad Autónoma de Buenos Aires","Buenos Aires",Argentina,736131075,"Antonela Monachesi",https://www.facebook.com/anto.monachesi
Lolosolo,Amistad,lolosolo.amistad@facebook.com,"27 de Julio",https://www.facebook.com/lolosolo.amistad,40,,"Ciudad Autónoma de Buenos Aires","Buenos Aires",Argentina,100004951657554,"Ariel Villarreal",
Santiago,Iturralde,santiago.iturralde.52@facebook.com,"31 de Julio",https://www.facebook.com/santiago.iturralde.52,39,,"Ciudad Autónoma de Buenos Aires","Buenos Aires",Argentina,1489899787,"Ariel Villarreal",
Lando,Velazquez,lando.ando@facebook.com,"01 de Agosto",https://www.facebook.com/lando.ando,32,,"Ciudad Autónoma de Buenos Aires","Buenos Aires",Argentina,742508980,"Ariel Villarreal",
Eddie,Cest,andrewcleary10@facebook.com,"28 de Julio",https://www.facebook.com/andrewcleary10,33,,"Ciudad Autónoma de Buenos Aires","Buenos Aires",Argentina,100001523409392,"Barby Suarez",https://www.facebook.com/barby1522
Javier,Banga,javier.banga@facebook.com,"31 de Julio",https://www.facebook.com/javier.banga,39,,"Ciudad Autónoma de Buenos Aires","Buenos Aires",Argentina,757998605,"Belu Pagliettini",https://www.facebook.com/belu.pagliettini
Gimena,Falcioni,gimena.falcioni@facebook.com,"01 de Agosto",https://www.facebook.com/gimena.falcioni,34,,"Ciudad Autónoma de Buenos Aires","Buenos Aires",Argentina,1443171795,"Betsabé Baxter",https://www.facebook.com/betsabe.baxter
Ivan,Pastrana,ipastrana@facebook.com,"01 de Agosto",https://www.facebook.com/ipastrana,34,Recoleta,"Ciudad Autónoma de Buenos Aires","Buenos Aires",Argentina,1445955190,"Betsabé Baxter",https://www.facebook.com/betsabe.baxter
"María de los Angeles","Cassone Gordillo",angeles.gordillo.1@facebook.com,"01 de Agosto",https://www.facebook.com/angeles.gordillo.1,39,,"Ciudad Autónoma de Buenos Aires","Buenos Aires",Argentina,1303596154,"Bettina Narbona",https://www.facebook.com/bettina.narbona
Marcelo,Alcaraz,alcamarcelo@facebook.com,"29 de Julio",https://www.facebook.com/alcamarcelo,32,Boedo,"Ciudad Autónoma de Buenos Aires","Buenos Aires",Argentina,1532681678,"Brenda Fabregat",https://www.facebook.com/brenda.fabregat
Alfredo,Pittis,alfredo.pittis@facebook.com,"29 de Julio",https://www.facebook.com/alfredo.pittis,40,,"Ciudad Autónoma de Buenos Aires","Buenos Aires",Argentina,100000976881636,"Brenda Fabregat",https://www.facebook.com/brenda.fabregat
Boogie,Mascotas,BoogieBoogieMascotas@facebook.com,"29 de Julio",https://www.facebook.com/BoogieBoogieMascotas,32,,"Ciudad Autónoma de Buenos Aires","Buenos Aires",Argentina,1533556455,"Brenda Fabregat",https://www.facebook.com/brenda.fabregat
Sebastiao,"Do Porto",sebastiao.doporto@facebook.com,"29 de Julio",https://www.facebook.com/sebastiao.doporto,36,"Villa Crespo","Ciudad Autónoma de Buenos Aires","Buenos Aires",Argentina,585743889,"Brenda Fabregat",https://www.facebook.com/brenda.fabregat
Samuel,Valenzuela,samuel.valenzuela.56@facebook.com,"28 de Julio",https://www.facebook.com/samuel.valenzuela.56,35,,"Ciudad Autónoma de Buenos Aires","Buenos Aires",Argentina,100000543637968,"Brenda Fabregat",https://www.facebook.com/brenda.fabregat
Cristian,Zaninovich,cristian.zaninovich.3@facebook.com,"28 de Julio",https://www.facebook.com/cristian.zaninovich.3,35,,"Ciudad Autónoma de Buenos Aires","Buenos Aires",Argentina,1488161201,"Cali Corsi",https://www.facebook.com/cali.corsi
"Laura Serra",Novias,lauraserra.novias@facebook.com,"01 de Agosto",https://www.facebook.com/lauraserra.novias,34,,"Ciudad Autónoma de Buenos Aires","Buenos Aires",Argentina,100003289903721,"Calu Clau",https://www.facebook.com/AYLEN00
Love,Eventos,lovemarieeventos@facebook.com,"01 de Agosto",https://www.facebook.com/lovemarieeventos,34,,"Ciudad Autónoma de Buenos Aires","Buenos Aires",Argentina,100003324415641,"Calu Clau",https://www.facebook.com/AYLEN00
Arwen,Imagen,arwenimagen@facebook.com,"01 de Agosto",https://www.facebook.com/arwenimagen,34,,"Ciudad Autónoma de Buenos Aires","Buenos Aires",Argentina,100003324541393,"Calu Clau",https://www.facebook.com/AYLEN00
Tomas,Cilley,tcilley1@facebook.com,"31 de Julio",https://www.facebook.com/tcilley1,31,,"Ciudad Autónoma de Buenos Aires","Buenos Aires",Argentina,549698139,"Cana Cilley",https://www.facebook.com/cana.cilley
Barbara,Landgraf,barbara.g.landgraf@facebook.com,"30 de Julio",https://www.facebook.com/barbara.g.landgraf,40,,"Ciudad Autónoma de Buenos Aires","Buenos Aires",Argentina,752130122,"Candy Pinto Kramer",
Sentite,Presente,sentite.presente@facebook.com,"01 de Agosto",https://www.facebook.com/sentite.presente,37,,"Ciudad Autónoma de Buenos Aires","Buenos Aires",Argentina,100002391061125,"Candy Pinto Kramer",
Sebastian,Damb,sebastian.damb@facebook.com,"01 de Agosto",https://www.facebook.com/sebastian.damb,37,,"Ciudad Autónoma de Buenos Aires","Buenos Aires",Argentina,1127169406,"Carla Ferro",https://www.facebook.com/carla.ferro
Corazon,Piedra,Ubuntu.raiz@facebook.com,"28 de Julio",https://www.facebook.com/Ubuntu.raiz,36,Array,"Ciudad Autónoma de Buenos Aires","Buenos Aires",Argentina,100004792747119,"Carla Lopez",0
Florencia,Pera,florencia.pera.7@facebook.com,"30 de Julio",https://www.facebook.com/florencia.pera.7,33,,"Ciudad Autónoma de Buenos Aires","Buenos Aires",Argentina,1106868954,"Carla Raffo",https://www.facebook.com/carla.raffo
Juan,"Acevedo Miño",juanam007@facebook.com,"29 de Julio",https://www.facebook.com/juanam007,37,,"Ciudad Autónoma de Buenos Aires","Buenos Aires",Argentina,563112936,"Carlina Piedra",https://www.facebook.com/carlina.piedra
Fer,Aduna,fer.aduna@facebook.com,"30 de Julio",https://www.facebook.com/fer.aduna,31,,"Ciudad Autónoma de Buenos Aires","Buenos Aires",Argentina,100006565570806,"Caro Juarez",https://www.facebook.com/carolinacjuarez
Andres,Howson,andres.howson@facebook.com,"28 de Julio",https://www.facebook.com/andres.howson,35,,"Ciudad Autónoma de Buenos Aires","Buenos Aires",Argentina,768930602,"Caro Ros Jones",https://www.facebook.com/carorosjones
Diego,Cane,dgcane@facebook.com,"28 de Julio",https://www.facebook.com/dgcane,32,,"Ciudad Autónoma de Buenos Aires","Buenos Aires",Argentina,671493924,"Carolina Del Campo",https://www.facebook.com/carolina.delcampo2
Andy,Spataro,andy.spataro.1@facebook.com,"30 de Julio",https://www.facebook.com/andy.spataro.1,34,"Villa Crespo","Ciudad Autónoma de Buenos Aires","Buenos Aires",Argentina,658675379,"Carolina Del Campo",https://www.facebook.com/carolina.delcampo2
Juan,Bory,juan.r.bory@facebook.com,"31 de Julio",https://www.facebook.com/juan.r.bory,35,"San Isidro","San Isidro","Buenos Aires",Argentina,808402305,"Carolina Maidana",0
Natalia,Molderia,natalia.fux.9@facebook.com,"28 de Julio",https://www.facebook.com/natalia.fux.9,38,"Buenos Aires","Buenos Aires","Buenos Aires",Argentina,653953294,"Carolina Viacava",0
Geraldine,Smeets,geraldinesmeets@facebook.com,"28 de Julio",https://www.facebook.com/geraldinesmeets,38,"Buenos Aires","Buenos Aires","Buenos Aires",Argentina,585487265,"Cecilia Crotti",0
Emusic,"Latino America",emusic.la@facebook.com,"31 de Julio",https://www.facebook.com/emusic.la,33,,"Ciudad Autónoma de Buenos Aires","Buenos Aires",Argentina,1099174944,"Cecilia Morinigo",
LP,"Zapatillas Importadas",lpzapatillas@facebook.com,"01 de Agosto",https://www.facebook.com/lpzapatillas,32,"La Paternal","Ciudad Autónoma de Buenos Aires","Buenos Aires",Argentina,100004687093155,"Cecilia Weingardt",
Gabri,Peñalo,gaby.penalo@facebook.com,"31 de Julio",https://www.facebook.com/gaby.penalo,34,,"Ciudad Autónoma de Buenos Aires","Buenos Aires",Argentina,1287421619,"Cesar Berdullas",https://www.facebook.com/cesar.berdullas
Emmanuel,Judoka,emmanuel.judoka@facebook.com,"28 de Julio",https://www.facebook.com/emmanuel.judoka,35,,"Ciudad Autónoma de Buenos Aires","Buenos Aires",Argentina,100008281354561,"Cesar Berdullas",https://www.facebook.com/cesar.berdullas
Femm,Abalô,@facebook.com,"01 de Agosto",https://www.facebook.com/profile.php?id=100004441026867,33,,"Ciudad Autónoma de Buenos Aires","Buenos Aires",Argentina,100004441026867,"Chanchi Martinez",https://www.facebook.com/chanchi.martinez
Lucas,"Calderon Barton",lucas.calderonbarton@facebook.com,"27 de Julio",https://www.facebook.com/lucas.calderonbarton,35,,"Ciudad Autónoma de Buenos Aires","Buenos Aires",Argentina,533351427,"Charly de la Iglesia",
Agus,Tin,@facebook.com,"27 de Julio",https://www.facebook.com/profile.php?id=1130790853,33,,"Ciudad Autónoma de Buenos Aires","Buenos Aires",Argentina,1130790853,"Chechu Acea",
Noelia,Oberti,noelia.oberti.1@facebook.com,"01 de Agosto",https://www.facebook.com/noelia.oberti.1,32,,"Ciudad Autónoma de Buenos Aires","Buenos Aires",Argentina,1303528203,"Chechu Acea",
Constanza,Maggi,constanza.maggi.56@facebook.com,"27 de Julio",https://www.facebook.com/constanza.maggi.56,37,,"Ciudad Autónoma de Buenos Aires","Buenos Aires",Argentina,1384980210,"Chivi Giler",https://www.facebook.com/chivigiler
Any,Ram,memy.lou.5@facebook.com,"29 de Julio",https://www.facebook.com/memy.lou.5,32,,"Ciudad Autónoma de Buenos Aires","Buenos Aires",Argentina,1467909175,"Christian Kraemer",https://www.facebook.com/christian.kraemer
Fernando,Affif,fernando.affif@facebook.com,"01 de Agosto",https://www.facebook.com/fernando.affif,35,"Villa Crespo","Ciudad Autónoma de Buenos Aires","Buenos Aires",Argentina,554525795,"Christian Marconi",https://www.facebook.com/gmarconi.turismo
Federico,Dimitri,federico.dimitri.3@facebook.com,"27 de Julio",https://www.facebook.com/federico.dimitri.3,31,"La Boca","Ciudad Autónoma de Buenos Aires","Buenos Aires",Argentina,1523197017,"Christian Vadalá",https://www.facebook.com/christian.vadala
Nico,Cai,nico.cai3@facebook.com,"29 de Julio",https://www.facebook.com/nico.cai3,32,,"Ciudad Autónoma de Buenos Aires","Buenos Aires",Argentina,100000141916460,"Christian Vadalá",https://www.facebook.com/christian.vadala
Pro,Avellaneda,@facebook.com,"27 de Julio",https://www.facebook.com/profile.php?id=100004116168934,34,Avellaneda,"Ciudad Autónoma de Buenos Aires","Buenos Aires",Argentina,100004116168934,"Claudio Arias",https://www.facebook.com/clautrance
Luciano,Troncoso,djlucianotroncoso@facebook.com,"28 de Julio",https://www.facebook.com/djlucianotroncoso,34,,"Ciudad Autónoma de Buenos Aires","Buenos Aires",Argentina,564086241,"Claudio Arias",https://www.facebook.com/clautrance
Rinconcito,"de los Angeles",Rinconcitodelosangeles@facebook.com,"01 de Agosto",https://www.facebook.com/Rinconcitodelosangeles,36,,"Ciudad Autónoma de Buenos Aires","Buenos Aires",Argentina,100000074081111,"Cristian Fernandez Villamor",https://www.facebook.com/cristian.fernandezvillamo
La,Majoo,la.majoo1@facebook.com,"28 de Julio",https://www.facebook.com/la.majoo1,37,"Puerto Madero","Ciudad Autónoma de Buenos Aires","Distrito Federal",Argentina,100002417420304,"Cynthia Gianni",
Arroba,"Gym Pilates",arroba.gympilates@facebook.com,"01 de Agosto",https://www.facebook.com/arroba.gympilates,36,,"Ciudad Autónoma de Buenos Aires","Buenos Aires",Argentina,100002224898802,"Cynthia Tatiana Martinez Neves",https://www.facebook.com/cynthiatatiana.martinezne
Agostina,Campanella,agostina.campanella@facebook.com,"30 de Julio",https://www.facebook.com/agostina.campanella,32,,"Ciudad Autónoma de Buenos Aires","Buenos Aires",Argentina,1213122788,"Daiana Solange Labat",https://www.facebook.com/Daichilandia
Monica,Montaña,monica.montana.16@facebook.com,"01 de Agosto",https://www.facebook.com/monica.montana.16,35,,"Ciudad Autónoma de Buenos Aires","Buenos Aires",Argentina,100000583355464,"Daiana Solange Labat",https://www.facebook.com/Daichilandia
Favela,"Chic BsAs",favela.chicbsas@facebook.com,"29 de Julio",https://www.facebook.com/favela.chicbsas,33,,"Ciudad Autónoma de Buenos Aires","Buenos Aires",Argentina,100002748830253,"Daniel Arbol",https://www.facebook.com/darbol1
HernandezGroup,Peluquería,hernandezgroup.peluqueria@facebook.com,"30 de Julio",https://www.facebook.com/hernandezgroup.peluqueria,33,,"Ciudad Autónoma de Buenos Aires","Buenos Aires",Argentina,100000182359751,"Daniel Barach",
Brenda,Cuevas,brenda.cuevas.393@facebook.com,"31 de Julio",https://www.facebook.com/brenda.cuevas.393,33,,"Ciudad Autónoma de Buenos Aires","Buenos Aires",Argentina,691908497,"Daniela Campero",
Sebastian,Barbará,sebastian.g.barbara@facebook.com,"29 de Julio",https://www.facebook.com/sebastian.g.barbara,35,Olivos,Olivos,"Buenos Aires",Argentina,571752913,"Daniela Riva",
Natalia,Arhancet,natalia.arhancet@facebook.com,"01 de Agosto",https://www.facebook.com/natalia.arhancet,35,,"Ciudad Autónoma de Buenos Aires","Buenos Aires",Argentina,1371097939,"Diego Molina",https://www.facebook.com/molinadh
Medias,Italianas,medias.italianas@facebook.com,"01 de Agosto",https://www.facebook.com/medias.italianas,36,,"Ciudad Autónoma de Buenos Aires","Buenos Aires",Argentina,100001329481273,"Divino Vestuario Salve",https://www.facebook.com/salvedivinovestuario
Naty,"Di Capua",naty.dicapua@facebook.com,"31 de Julio",https://www.facebook.com/naty.dicapua,32,,"Ciudad Autónoma de Buenos Aires","Buenos Aires",Argentina,100001051133416,"Divino Vestuario Salve",https://www.facebook.com/salvedivinovestuario
Rocio,"Surge Oliver",@facebook.com,"01 de Agosto",https://www.facebook.com/profile.php?id=100004626525873,34,,"Ciudad Autónoma de Buenos Aires","Buenos Aires",Argentina,100004626525873,"Dorian Mori",https://www.facebook.com/Dorian.Mori
Recuperados,Retazos,recuperados.retazos@facebook.com,"01 de Agosto",https://www.facebook.com/recuperados.retazos,35,Liniers,"Ciudad Autónoma de Buenos Aires","Buenos Aires",Argentina,100008047596941,"Emme Elle Russo",https://www.facebook.com/emme.shantiom
Carolina,Caputo,carolina.caputo.94@facebook.com,"30 de Julio",https://www.facebook.com/carolina.caputo.94,36,"Buenos Aires","Buenos Aires","Buenos Aires",Argentina,1132656846,"Erica Volpi Werkmann",0
Pablo,Pecora,pablopecora@facebook.com,"29 de Julio",https://www.facebook.com/pablopecora,36,"Buenos Aires","Buenos Aires","Buenos Aires",Argentina,508548795,"Erica Volpi Werkmann",0
Pablo,Viola,pablitoviola@facebook.com,"29 de Julio",https://www.facebook.com/pablitoviola,32,"Buenos Aires","Buenos Aires","Buenos Aires",Argentina,1343212033,"Erica Volpi Werkmann",0
Dolores,Galarce,loligalarce@facebook.com,"30 de Julio",https://www.facebook.com/loligalarce,31,"Buenos Aires","Buenos Aires","Buenos Aires",Argentina,527599186,"Erica Volpi Werkmann",0
Julieta,Tibaldi,julietatiba@facebook.com,"27 de Julio",https://www.facebook.com/julietatiba,38,,"Ciudad Autónoma de Buenos Aires","Buenos Aires",Argentina,613623281,"Eugenia Vega",https://www.facebook.com/eugenitavega
Luciana,Ekdesman,luciana.ekdesman.7@facebook.com,"01 de Agosto",https://www.facebook.com/luciana.ekdesman.7,32,,"Ciudad Autónoma de Buenos Aires","Buenos Aires",Argentina,730215735,"Evangelina Araoz",https://www.facebook.com/evangelina.araoz
Natalia,Loiácomo,natalia.loiacono.18@facebook.com,"29 de Julio",https://www.facebook.com/natalia.loiacono.18,39,,"Ciudad Autónoma de Buenos Aires","Buenos Aires",Argentina,1444525210,"Evangelina Dinatale de Biglieri",https://www.facebook.com/evangelina.dinataledebigl
Solana,Piccioni,solana.piccioni@facebook.com,"30 de Julio",https://www.facebook.com/solana.piccioni,33,,"Ciudad Autónoma de Buenos Aires","Buenos Aires",Argentina,100000061414109,"Facu Denegri",
Solange,Arigoz,solange.arigoz@facebook.com,"31 de Julio",https://www.facebook.com/solange.arigoz,34,,"Ciudad Autónoma de Buenos Aires","Buenos Aires",Argentina,100000449313431,"Felicitas Ghigliotti",https://www.facebook.com/felicitas.ghigliotti
Diego,Esteves,diego.esteves@facebook.com,"27 de Julio",https://www.facebook.com/diego.esteves,32,,"Ciudad Autónoma de Buenos Aires","Buenos Aires",Argentina,1052072232,"Felicitas Ghigliotti",https://www.facebook.com/felicitas.ghigliotti
Delfi,Farias,delfi.farias@facebook.com,"28 de Julio",https://www.facebook.com/delfi.farias,31,,"Ciudad Autónoma de Buenos Aires","Buenos Aires",Argentina,821873355,"Felicitas Ghigliotti",https://www.facebook.com/felicitas.ghigliotti
Pablo,Diz,dizpablo@facebook.com,"27 de Julio",https://www.facebook.com/dizpablo,34,Barracas,"Ciudad Autónoma de Buenos Aires","Buenos Aires",Argentina,740879797,"Felicitas Ghigliotti",https://www.facebook.com/felicitas.ghigliotti
Juan,Rodiño,jrodino@facebook.com,"29 de Julio",https://www.facebook.com/jrodino,31,"San Isidro","San Isidro","Buenos Aires",Argentina,584906711,"Fer Ferrari",https://www.facebook.com/FERRARIFERNANDO22
Maxi,Pallavicini,maxi.pallavicini@facebook.com,"30 de Julio",https://www.facebook.com/maxi.pallavicini,34,"Barrio Norte","Ciudad Autónoma de Buenos Aires","Buenos Aires",Argentina,539445338,"Fer Ferrari",https://www.facebook.com/FERRARIFERNANDO22
Diego,Chorovicz,diego.chorovicz@facebook.com,"29 de Julio",https://www.facebook.com/diego.chorovicz,39,,"Ciudad Autónoma de Buenos Aires","Buenos Aires",Argentina,1336279235,"Flor De Santa",https://www.facebook.com/florencia.pacella
La,"Clac Restaurante",la.clacrestaurante@facebook.com,"31 de Julio",https://www.facebook.com/la.clacrestaurante,31,,"Ciudad Autónoma de Buenos Aires","Buenos Aires",Argentina,1506126758,"Flor Scalise",https://www.facebook.com/flor.scalise
Vicky,Ernaú,vicky.ernau@facebook.com,"01 de Agosto",https://www.facebook.com/vicky.ernau,31,,"Ciudad Autónoma de Buenos Aires","Buenos Aires",Argentina,100002830000353,"Flor Scalise",https://www.facebook.com/flor.scalise
Juanjo,Martinez,juanjo.lethalweapon@facebook.com,"30 de Julio",https://www.facebook.com/juanjo.lethalweapon,31,,"Ciudad Autónoma de Buenos Aires","Buenos Aires",Argentina,1043890688,"Flor Scalise",https://www.facebook.com/flor.scalise
Matias,Ivanoff,matias.ivanoff@facebook.com,"27 de Julio",https://www.facebook.com/matias.ivanoff,33,,"Ciudad Autónoma de Buenos Aires","Buenos Aires",Argentina,1193047290,"Florencia Ferrari",https://www.facebook.com/florenciaferrari.1403
Servimed,Electromedicina,servimed@facebook.com,"27 de Julio",https://www.facebook.com/servimed,33,,"Ciudad Autónoma de Buenos Aires","Buenos Aires",Argentina,1195194744,"Florencia Ferrari",https://www.facebook.com/florenciaferrari.1403
Demas,Accesorios,demas.accesorios@facebook.com,"30 de Julio",https://www.facebook.com/demas.accesorios,35,,"Ciudad Autónoma de Buenos Aires","Buenos Aires",Argentina,100001128198482,"Florencia Pulicari",https://www.facebook.com/florencia.pulicari
María,Benchuga,Chopita@facebook.com,"31 de Julio",https://www.facebook.com/Chopita,31,,"Ciudad Autónoma de Buenos Aires","Buenos Aires",Argentina,619121964,"Fona Romeo",https://www.facebook.com/fona.romeo
La,Herida,la.herida.1@facebook.com,"01 de Agosto",https://www.facebook.com/la.herida.1,31,,"Ciudad Autónoma de Buenos Aires","Buenos Aires",Argentina,1136422500,"Fran L. Ocampo",https://www.facebook.com/franco
Alejandra,Maurente,alejandra.maurente.5@facebook.com,"27 de Julio",https://www.facebook.com/alejandra.maurente.5,35,,"Ciudad Autónoma de Buenos Aires","Buenos Aires",Argentina,1531393247,"Gabriel Bertagnolli",
Luciana,Iervasi,luciana.iervasi@facebook.com,"31 de Julio",https://www.facebook.com/luciana.iervasi,40,,"Ciudad Autónoma de Buenos Aires","Buenos Aires",Argentina,1083635952,"Gabriel Coluccio",https://www.facebook.com/gabriel.coluccio
Sebastián,Arbillaga,sebastian.arbillaga.5@facebook.com,"01 de Agosto",https://www.facebook.com/sebastian.arbillaga.5,39,,"Ciudad Autónoma de Buenos Aires","Buenos Aires",Argentina,1530515873,"Gabriel Coluccio",https://www.facebook.com/gabriel.coluccio
Virginia,Passo,virginia.passo.7@facebook.com,"29 de Julio",https://www.facebook.com/virginia.passo.7,32,,"Ciudad Autónoma de Buenos Aires","Buenos Aires",Argentina,1362452509,"Gabriel Gutierrez",
Luis,"Najmias Little",luis.najmiaslittle@facebook.com,"01 de Agosto",https://www.facebook.com/luis.najmiaslittle,31,,"Ciudad Autónoma de Buenos Aires","Buenos Aires",Argentina,1081053665,"Gabriela Bob",https://www.facebook.com/gabrielave
Yan,Vogiatzián,yan.vogiatzian@facebook.com,"30 de Julio",https://www.facebook.com/yan.vogiatzian,31,,"Ciudad Autónoma de Buenos Aires","Buenos Aires",Argentina,591840139,"Gabriela Cardelino",https://www.facebook.com/gabriela.cardelino
Leonardo,Caballero,leonardo.caballero.182@facebook.com,"27 de Julio",https://www.facebook.com/leonardo.caballero.182,31,,"Ciudad Autónoma de Buenos Aires","Buenos Aires",Argentina,602738074,"Gabriela Prietoo",
Mariano,Toscano,mariano.toscano.39@facebook.com,"27 de Julio",https://www.facebook.com/mariano.toscano.39,37,,"Ciudad Autónoma de Buenos Aires","Buenos Aires",Argentina,1574845273,"Gabriela Rosito",https://www.facebook.com/gabriela.rosito
Sebastian,"Gomez Porta",sebastian.gomezporta@facebook.com,"29 de Julio",https://www.facebook.com/sebastian.gomezporta,32,,"Ciudad Autónoma de Buenos Aires","Buenos Aires",Argentina,100004965550914,"Gabriela Rosito",https://www.facebook.com/gabriela.rosito
Bayres,Grill,@facebook.com,"01 de Agosto",https://www.facebook.com/profile.php?id=100007626616701,36,"La Boca","Ciudad Autónoma de Buenos Aires","Buenos Aires",Argentina,100007626616701,"Gabriela Rosito",https://www.facebook.com/gabriela.rosito
Margarita,Barrios,margarita.barrios.5074@facebook.com,"27 de Julio",https://www.facebook.com/margarita.barrios.5074,34,,"Ciudad Autónoma de Buenos Aires","Buenos Aires",Argentina,1403964659,"Gabriela Santoro",https://www.facebook.com/vgs141
Dizzy,"Espeche Villasboa",dizzy.espechevillasboa@facebook.com,"28 de Julio",https://www.facebook.com/dizzy.espechevillasboa,35,Array,"Ciudad Autónoma de Buenos Aires","Buenos Aires",Argentina,100003784790294,"Gabriella Rouiller",0
Wines,Spirits,wines.spirits.503@facebook.com,"31 de Julio",https://www.facebook.com/wines.spirits.503,35,,"Ciudad Autónoma de Buenos Aires","Buenos Aires",Argentina,100000957923176,"Gaby Pascuali",https://www.facebook.com/gabriela.pascuali
Dana,Catalano,danisacatalano@facebook.com,"30 de Julio",https://www.facebook.com/danisacatalano,35,"Buenos Aires","Buenos Aires","Buenos Aires",Argentina,1238052428,"Gaston Vilalta",0
Matias,Otero,matias.otero.75@facebook.com,"29 de Julio",https://www.facebook.com/matias.otero.75,37,"Buenos Aires","Buenos Aires","Buenos Aires",Argentina,586562419,"Gaston Vilalta",0
Joaquina,Moras,joaquina.moras@facebook.com,"30 de Julio",https://www.facebook.com/joaquina.moras,36,,"Ciudad Autónoma de Buenos Aires","Buenos Aires",Argentina,1047667810,"Gilson Piegas",https://www.facebook.com/Isenbeck
Efe,Estudio,@facebook.com,"01 de Agosto",https://www.facebook.com/profile.php?id=100006887806769,32,,"Ciudad Autónoma de Buenos Aires","Buenos Aires",Argentina,100006887806769,"Gimena Librio",https://www.facebook.com/gimelibrio
Lautaro,Mirco,lautaromirco@facebook.com,"31 de Julio",https://www.facebook.com/lautaromirco,40,,"Ciudad Autónoma de Buenos Aires","Buenos Aires",Argentina,543201700,"Gimena Librio",https://www.facebook.com/gimelibrio
Luis,Ugarte,ugarteluism@facebook.com,"28 de Julio",https://www.facebook.com/ugarteluism,34,,"Ciudad Autónoma de Buenos Aires","Buenos Aires",Argentina,565103732,"Gimena Librio",https://www.facebook.com/gimelibrio
Mano,Manitas,mano.manitas.1@facebook.com,"30 de Julio",https://www.facebook.com/mano.manitas.1,32,,"Ciudad Autónoma de Buenos Aires","Buenos Aires",Argentina,100002783722001,"Gimena Librio",https://www.facebook.com/gimelibrio
Analia,Andrade,andradeanalia@facebook.com,"29 de Julio",https://www.facebook.com/andradeanalia,35,,"Ciudad Autónoma de Buenos Aires","Buenos Aires",Argentina,1108277237,"Gimena Yamila Yerden Giaquinto",https://www.facebook.com/Gimetrance
Christina,Bonilla,christinaestylo@facebook.com,"27 de Julio",https://www.facebook.com/christinaestylo,31,,"Ciudad Autónoma de Buenos Aires","Buenos Aires",Argentina,100000698164543,"Gimena Yamila Yerden Giaquinto",https://www.facebook.com/Gimetrance
Carly,Rainieri,carly.rainieri@facebook.com,"29 de Julio",https://www.facebook.com/carly.rainieri,32,,"Ciudad Autónoma de Buenos Aires","Buenos Aires",Argentina,592472198,"Giovanna Castellino",https://www.facebook.com/giovanna.castellino
Nor,Guiank,@facebook.com,"31 de Julio",https://www.facebook.com/profile.php?id=100008086278361,36,,"Ciudad Autónoma de Buenos Aires","Buenos Aires",Argentina,100008086278361,"Gisela Indjadjik",https://www.facebook.com/gisela.indjadjik
Leandro,Vartian,leandro.vartian@facebook.com,"27 de Julio",https://www.facebook.com/leandro.vartian,34,,"Ciudad Autónoma de Buenos Aires","Buenos Aires",Argentina,734248094,"Gisela Indjadjik",https://www.facebook.com/gisela.indjadjik
Rocco,Competicion,@facebook.com,"29 de Julio",https://www.facebook.com/profile.php?id=100000329556074,35,,"Ciudad Autónoma de Buenos Aires","Buenos Aires",Argentina,100000329556074,"Gisele Fratini",https://www.facebook.com/giakdmik
Mariana,Blasco,mariana.blasco.3@facebook.com,"29 de Julio",https://www.facebook.com/mariana.blasco.3,31,,"Ciudad Autónoma de Buenos Aires","Buenos Aires",Argentina,1090710308,"Gisele Fratini",https://www.facebook.com/giakdmik
Jorgelina,Rabiche,jornimat@facebook.com,"27 de Julio",https://www.facebook.com/jornimat,32,,"Ciudad Autónoma de Buenos Aires","Buenos Aires",Argentina,100000776672024,"Gisele Fratini",https://www.facebook.com/giakdmik
Cristian,Rodriguez,@facebook.com,"01 de Agosto",https://www.facebook.com/profile.php?id=1545737451,34,,"Ciudad Autónoma de Buenos Aires","Buenos Aires",Argentina,1545737451,"Gisele Fratini",https://www.facebook.com/giakdmik
Marcelo,Guerendiain,marcelo.guerendiain.5@facebook.com,"01 de Agosto",https://www.facebook.com/marcelo.guerendiain.5,37,,"Ciudad Autónoma de Buenos Aires","Buenos Aires",Argentina,100001713295300,"Gonzalo Bussetti",https://www.facebook.com/gonzalo.bussetti
"Luciana Rita",Ibarra,lucianarita.ibarra@facebook.com,"28 de Julio",https://www.facebook.com/lucianarita.ibarra,32,,"Ciudad Autónoma de Buenos Aires","Buenos Aires",Argentina,100002073524322,"Gonzalo Bussetti",https://www.facebook.com/gonzalo.bussetti
Carlangas,Carlicho,carlangascarlicho@facebook.com,"31 de Julio",https://www.facebook.com/carlangascarlicho,31,,"Ciudad Autónoma de Buenos Aires","Buenos Aires",Argentina,668169059,"Gonzalo Bussetti",https://www.facebook.com/gonzalo.bussetti
Natalia,Inés,lostintrasnlation@facebook.com,"30 de Julio",https://www.facebook.com/lostintrasnlation,33,,"Ciudad Autónoma de Buenos Aires","Buenos Aires",Argentina,1078915137,"Guido De Marco",
Laura,Scevola,laura.scevola.31@facebook.com,"28 de Julio",https://www.facebook.com/laura.scevola.31,38,,"Ciudad Autónoma de Buenos Aires","Buenos Aires",Argentina,1357178123,"Guido De Marco",
Maria,Lopez,maria.m.lopez.56679@facebook.com,"30 de Julio",https://www.facebook.com/maria.m.lopez.56679,31,,"Ciudad Autónoma de Buenos Aires","Buenos Aires",Argentina,671281608,"Guido De Marco",
"Juan Ignacio","Gómez Repetto",juanignacio.gomezrepetto@facebook.com,"30 de Julio",https://www.facebook.com/juanignacio.gomezrepetto,32,,"Ciudad Autónoma de Buenos Aires","Buenos Aires",Argentina,664319410,"Guille Maciá",https://www.facebook.com/guillemacia
Martin,Molina,martin.molina.3192479@facebook.com,"01 de Agosto",https://www.facebook.com/martin.molina.3192479,38,,"Ciudad Autónoma de Buenos Aires","Buenos Aires",Argentina,100007958620806,"Guille Rampo",https://www.facebook.com/guillermo.rampo
Sebastián,Azcona,sebastian.azcona.9@facebook.com,"30 de Julio",https://www.facebook.com/sebastian.azcona.9,34,,"Ciudad Autónoma de Buenos Aires","Buenos Aires",Argentina,1153593722,"Guille Rampo",https://www.facebook.com/guillermo.rampo
Alejandra,Torres,aleja779@facebook.com,"31 de Julio",https://www.facebook.com/aleja779,34,,"Ciudad Autónoma de Buenos Aires","Buenos Aires",Argentina,1507517847,"Guille Rampo",https://www.facebook.com/guillermo.rampo
María,Gravano,belu.gravano@facebook.com,"28 de Julio",https://www.facebook.com/belu.gravano,39,,"Ciudad Autónoma de Buenos Aires","Buenos Aires",Argentina,1236840311,"Guille Rampo",https://www.facebook.com/guillermo.rampo
Maximiliano,Revilla,maximiliano.revilla@facebook.com,"31 de Julio",https://www.facebook.com/maximiliano.revilla,31,,"Ciudad Autónoma de Buenos Aires","Buenos Aires",Argentina,1017484023,"Guillermo Wakstein",https://www.facebook.com/guillermo.wakstein
David,Menendez,david.menendez.370@facebook.com,"30 de Julio",https://www.facebook.com/david.menendez.370,36,,"Ciudad Autónoma de Buenos Aires","Buenos Aires",Argentina,1324556474,"Hector Falsone",https://www.facebook.com/hector.falsone
"Federico Nicolas",Penas,federiconicolas.penas@facebook.com,"01 de Agosto",https://www.facebook.com/federiconicolas.penas,34,,"Ciudad Autónoma de Buenos Aires","Buenos Aires",Argentina,1086977551,"Hector Falsone",https://www.facebook.com/hector.falsone
Esteban,Cerrizuela,esteban.cerrizuela@facebook.com,"29 de Julio",https://www.facebook.com/esteban.cerrizuela,39,,"Ciudad Autónoma de Buenos Aires","Buenos Aires",Argentina,1225195716,"Irma Mercedes Palma",
Ezequiel,Cuffres,ezequiel.cuffres@facebook.com,"31 de Julio",https://www.facebook.com/ezequiel.cuffres,34,Olivos,Olivos,"Buenos Aires",Argentina,1618752403,"Irma Mercedes Palma",
Vanesa,Delfin,vanesa.delfin@facebook.com,"29 de Julio",https://www.facebook.com/vanesa.delfin,40,,"Ciudad Autónoma de Buenos Aires","Buenos Aires",Argentina,100000733283469,"Ivon Andersson",https://www.facebook.com/ivon.andersson
Migue,Barbosa,migue.barbosa.1@facebook.com,"31 de Julio",https://www.facebook.com/migue.barbosa.1,33,,"Ciudad Autónoma de Buenos Aires","Buenos Aires",Argentina,1186903235,"Jazmín Abud",https://www.facebook.com/jazmin.abud
Pelirrojosclub,"Pelirrojos Pelirrojas",pelirrojos.redhaired@facebook.com,"31 de Julio",https://www.facebook.com/pelirrojos.redhaired,40,,"Ciudad Autónoma de Buenos Aires","Buenos Aires",Argentina,100004256112238,"Jessica Bellomo",https://www.facebook.com/JessBellomo
Ivan,Mansbach,ivan.mansbach@facebook.com,"31 de Julio",https://www.facebook.com/ivan.mansbach,33,,"Ciudad Autónoma de Buenos Aires","Buenos Aires",Argentina,696863491,"Jessica Bellomo",https://www.facebook.com/JessBellomo
PortalNovias,Web,portalnovias.web@facebook.com,"31 de Julio",https://www.facebook.com/portalnovias.web,40,,"Ciudad Autónoma de Buenos Aires","Buenos Aires",Argentina,100004297440849,"Jessica Bellomo",https://www.facebook.com/JessBellomo
"All You",Neediscupcakes,neediscupcakes@facebook.com,"01 de Agosto",https://www.facebook.com/neediscupcakes,36,,"Ciudad Autónoma de Buenos Aires","Buenos Aires",Argentina,100000006872253,"Jessica Bellomo",https://www.facebook.com/JessBellomo
Javier,Yunes,javieryunes@facebook.com,"27 de Julio",https://www.facebook.com/javieryunes,31,,"Ciudad Autónoma de Buenos Aires","Buenos Aires",Argentina,1003570869,"Jessica Bellomo",https://www.facebook.com/JessBellomo
Noelia,Eguiguren,noelia.eguiguren@facebook.com,"28 de Julio",https://www.facebook.com/noelia.eguiguren,35,,"Ciudad Autónoma de Buenos Aires","Buenos Aires",Argentina,1036364823,"Jessica Bellomo",https://www.facebook.com/JessBellomo
Area,Limite,area.limite.3@facebook.com,"27 de Julio",https://www.facebook.com/area.limite.3,31,,"Ciudad Autónoma de Buenos Aires","Buenos Aires",Argentina,100003683323052,"Jessica Bellomo",https://www.facebook.com/JessBellomo
Cuadernos,Singulares,cuadernossingulares@facebook.com,"27 de Julio",https://www.facebook.com/cuadernossingulares,31,,"Ciudad Autónoma de Buenos Aires","Buenos Aires",Argentina,100003698696234,"Jessica Bellomo",https://www.facebook.com/JessBellomo
Gonzalo,Lantaño,gonzalo.lantano.9@facebook.com,"31 de Julio",https://www.facebook.com/gonzalo.lantano.9,36,,"Ciudad Autónoma de Buenos Aires","Buenos Aires",Argentina,100001390090504,"Jimena Avila",
Martin,Ciani,martin.ciani.3@facebook.com,"30 de Julio",https://www.facebook.com/martin.ciani.3,33,,"Ciudad Autónoma de Buenos Aires","Buenos Aires",Argentina,839079280,"Jimena Avila",
Daniele,Pinna,daniele.pinna.54@facebook.com,"27 de Julio",https://www.facebook.com/daniele.pinna.54,34,,"Ciudad Autónoma de Buenos Aires","Buenos Aires",Argentina,1425270494,"Jimena Zaccardi",https://www.facebook.com/Jimediab
Mariel,Quiros,mariel.quiros.37@facebook.com,"29 de Julio",https://www.facebook.com/mariel.quiros.37,36,,"Ciudad Autónoma de Buenos Aires","Buenos Aires",Argentina,1285579447,"Jimena Zaccardi",https://www.facebook.com/Jimediab
Santiago,Fos,santiagofos@facebook.com,"27 de Julio",https://www.facebook.com/santiagofos,31,,"Ciudad Autónoma de Buenos Aires","Buenos Aires",Argentina,707262577,"Joaquin Perez Flenche",
Fernando,Gomez,FERGOMEZL@facebook.com,"01 de Agosto",https://www.facebook.com/FERGOMEZL,33,,"Ciudad Autónoma de Buenos Aires","Buenos Aires",Argentina,1060848106,"Jobs Bar",https://www.facebook.com/jobsbar
Leo,Pirovano,leo.pirovano@facebook.com,"31 de Julio",https://www.facebook.com/leo.pirovano,32,,"Ciudad Autónoma de Buenos Aires","Buenos Aires",Argentina,609276760,"Jose Guevara",https://www.facebook.com/JoeGuevara81
Luana,Santos,luana2santos.TP@facebook.com,"29 de Julio",https://www.facebook.com/luana2santos.TP,34,,"Ciudad Autónoma de Buenos Aires","Buenos Aires",Argentina,1057686945,"Jose Guevara",https://www.facebook.com/JoeGuevara81
Carlos,Tesoriere,carlos.tesoriere@facebook.com,"27 de Julio",https://www.facebook.com/carlos.tesoriere,38,,"Ciudad Autónoma de Buenos Aires","Buenos Aires",Argentina,1066769689,"Jose Guevara",https://www.facebook.com/JoeGuevara81
Celestino,Rodriguez,celestino.rodriguez.944@facebook.com,"31 de Julio",https://www.facebook.com/celestino.rodriguez.944,34,,"Ciudad Autónoma de Buenos Aires","Buenos Aires",Argentina,778132453,"Jose Guevara",https://www.facebook.com/JoeGuevara81
Elizabet,Salazar,elizabet.salazar.39@facebook.com,"29 de Julio",https://www.facebook.com/elizabet.salazar.39,34,,"Ciudad Autónoma de Buenos Aires","Buenos Aires",Argentina,1313601487,"Jose Guevara",https://www.facebook.com/JoeGuevara81
Sabrina,Maccarone,sabrina.maccarone.9@facebook.com,"30 de Julio",https://www.facebook.com/sabrina.maccarone.9,34,,"Ciudad Autónoma de Buenos Aires","Buenos Aires",Argentina,642720317,"Jose Guevara",https://www.facebook.com/JoeGuevara81
Julieta,Puhl,julieta.puhl@facebook.com,"30 de Julio",https://www.facebook.com/julieta.puhl,38,,"Ciudad Autónoma de Buenos Aires","Buenos Aires",Argentina,1270394928,"Juan Antonio Papagni Meca",https://www.facebook.com/juanantoniopapagnimeca
Camii,Iglesias,cami.iglesias2@facebook.com,"28 de Julio",https://www.facebook.com/cami.iglesias2,31,,"Ciudad Autónoma de Buenos Aires","Buenos Aires",Argentina,100001069676603,"Juan Clemente",
Sergio,Geldstein,sergio.geldstein@facebook.com,"30 de Julio",https://www.facebook.com/sergio.geldstein,31,,"Ciudad Autónoma de Buenos Aires","Buenos Aires",Argentina,1085181963,"Juan Elias Catan",https://www.facebook.com/juan.724
"Diego Daniel",Sanchez,diegodaniel.sanchez.9@facebook.com,"28 de Julio",https://www.facebook.com/diegodaniel.sanchez.9,38,,"Ciudad Autónoma de Buenos Aires","Buenos Aires",Argentina,100000344393033,"Juan Elias Catan",https://www.facebook.com/juan.724
Markos,Toledo,markos.toledo.9@facebook.com,"01 de Agosto",https://www.facebook.com/markos.toledo.9,35,,"Ciudad Autónoma de Buenos Aires","Buenos Aires",Argentina,1341248768,"Juan Manuel Fotografo",https://www.facebook.com/JuanmaJMFotoEstudio
"El Capricho",Web,elcapricho.web@facebook.com,"27 de Julio",https://www.facebook.com/elcapricho.web,36,,"Ciudad Autónoma de Buenos Aires","Buenos Aires",Argentina,100002444460123,"Juan Manuel Fotografo",https://www.facebook.com/JuanmaJMFotoEstudio
Pablo,Dileo,pablo.dileo@facebook.com,"28 de Julio",https://www.facebook.com/pablo.dileo,38,,"Ciudad Autónoma de Buenos Aires","Buenos Aires",Argentina,1258399957,"Juan Manuel Fotografo",https://www.facebook.com/JuanmaJMFotoEstudio
Nelida,Ferrari,nelida.ferrari@facebook.com,"27 de Julio",https://www.facebook.com/nelida.ferrari,40,Pilar,Pilar,"Buenos Aires",Argentina,100002252436837,"Juan Pablo Aleman",0
Federico,Cattalini,Fedecatt@facebook.com,"01 de Agosto",https://www.facebook.com/Fedecatt,34,"Buenos Aires","Buenos Aires","Buenos Aires",Argentina,1248438973,"Juan Pablo Aleman",0
Iñaki,"Del Solar",Inakigs@facebook.com,"01 de Agosto",https://www.facebook.com/Inakigs,36,,"Ciudad Autónoma de Buenos Aires","Buenos Aires",Argentina,580796428,"Julieta Tettamanzi",https://www.facebook.com/Chuchu1979
Nando,Avizzano,nando.avizzano@facebook.com,"31 de Julio",https://www.facebook.com/nando.avizzano,35,,"Ciudad Autónoma de Buenos Aires","Buenos Aires",Argentina,506890084,"Julieta Tettamanzi",https://www.facebook.com/Chuchu1979
Diego,Dumais,diego.dumais@facebook.com,"01 de Agosto",https://www.facebook.com/diego.dumais,39,,"Ciudad Autónoma de Buenos Aires","Buenos Aires",Argentina,658354001,"Karina Fernandez",https://www.facebook.com/karuchita
Diego,"Dumais Ph",diego.dumais.5@facebook.com,"01 de Agosto",https://www.facebook.com/diego.dumais.5,39,,"Ciudad Autónoma de Buenos Aires","Buenos Aires",Argentina,100005914420514,"Karina Fernandez",https://www.facebook.com/karuchita
Flavia,Maidana,FlayFrank@facebook.com,"28 de Julio",https://www.facebook.com/FlayFrank,33,,"Ciudad Autónoma de Buenos Aires","Buenos Aires",Argentina,1045783679,"Karina Gianelli",https://www.facebook.com/karina.gianelli
"Mariana Victoria","Nardini Barron",deborahpratstar@facebook.com,"28 de Julio",https://www.facebook.com/deborahpratstar,32,,"Ciudad Autónoma de Buenos Aires","Buenos Aires",Argentina,100001927147156,"La Rockeria",https://www.facebook.com/oveja1
Garage,Conciertos,garage.conciertos@facebook.com,"01 de Agosto",https://www.facebook.com/garage.conciertos,34,,"Ciudad Autónoma de Buenos Aires","Buenos Aires",Argentina,100000184184264,"La Rockeria",https://www.facebook.com/oveja1
"Laura Beatriz",Ferreyra,laurabeatriz.ferreyra.9@facebook.com,"01 de Agosto",https://www.facebook.com/laurabeatriz.ferreyra.9,34,,"Ciudad Autónoma de Buenos Aires","Buenos Aires",Argentina,100000186730083,"La Rockeria",https://www.facebook.com/oveja1
Insein,Rock,insein.rock@facebook.com,"31 de Julio",https://www.facebook.com/insein.rock,36,,"Ciudad Autónoma de Buenos Aires","Buenos Aires",Argentina,100002989158136,"La Rockeria",https://www.facebook.com/oveja1
Pato,"Generacion Mutante",pato.generacion.mutante@facebook.com,"28 de Julio",https://www.facebook.com/pato.generacion.mutante,38,,"Ciudad Autónoma de Buenos Aires","Buenos Aires",Argentina,1791473780,"La Rockeria",https://www.facebook.com/oveja1
Pablo,Mastrovincenzo,mastropablo@facebook.com,"01 de Agosto",https://www.facebook.com/mastropablo,38,,"Ciudad Autónoma de Buenos Aires","Buenos Aires",Argentina,1400306515,"La Rockeria",https://www.facebook.com/oveja1
Pat,Currais,patricia.currais@facebook.com,"30 de Julio",https://www.facebook.com/patricia.currais,38,,"Ciudad Autónoma de Buenos Aires","Buenos Aires",Argentina,100000088890813,"La Rockeria",https://www.facebook.com/oveja1
Eduardo,Fernandes,ashkabask@facebook.com,"30 de Julio",https://www.facebook.com/ashkabask,38,,"Ciudad Autónoma de Buenos Aires","Buenos Aires",Argentina,100000089368168,"La Rockeria",https://www.facebook.com/oveja1
Modestia,Aparte,modestiaaparte.joyeriatextil@facebook.com,"30 de Julio",https://www.facebook.com/modestiaaparte.joyeriatextil,38,,"Ciudad Autónoma de Buenos Aires","Buenos Aires",Argentina,100000091427796,"La Rockeria",https://www.facebook.com/oveja1
Ezequiel,Juarez,ezequiel.juarez.92@facebook.com,"30 de Julio",https://www.facebook.com/ezequiel.juarez.92,36,,"Ciudad Autónoma de Buenos Aires","Buenos Aires",Argentina,100002307735373,"La Rockeria",https://www.facebook.com/oveja1
Marina,Dominoni,marina.dominoni@facebook.com,"27 de Julio",https://www.facebook.com/marina.dominoni,38,,"Ciudad Autónoma de Buenos Aires","Buenos Aires",Argentina,1093420353,"Larisa Mijalenko",https://www.facebook.com/larisa.mijalenko
Liliana,Oziomek,liliana.oziomek@facebook.com,"28 de Julio",https://www.facebook.com/liliana.oziomek,36,,"Ciudad Autónoma de Buenos Aires","Buenos Aires",Argentina,1240050253,"Larisa Mijalenko",https://www.facebook.com/larisa.mijalenko
Sasha,Arregui,@facebook.com,"31 de Julio",https://www.facebook.com/profile.php?id=100008231433872,38,,"Ciudad Autónoma de Buenos Aires","Buenos Aires",Argentina,100008231433872,"Laura Gervasi",
Deborah,Muro,deborah.muro@facebook.com,"30 de Julio",https://www.facebook.com/deborah.muro,31,,"Ciudad Autónoma de Buenos Aires","Buenos Aires",Argentina,100002960328483,"Leila Polonsky",https://www.facebook.com/leila.polonsky
Magali,Godinho,magali.godinho.7@facebook.com,"31 de Julio",https://www.facebook.com/magali.godinho.7,40,,"Ciudad Autónoma de Buenos Aires","Buenos Aires",Argentina,100002900052300,"Leonel Russo",https://www.facebook.com/leonel.russo
Gabriel,Abraham,briel.abraham@facebook.com,"29 de Julio",https://www.facebook.com/briel.abraham,39,,"Ciudad Autónoma de Buenos Aires","Buenos Aires",Argentina,749455974,"Lix Infinito",https://www.facebook.com/lix.infinito
Henry,Chinasky,nicolas.pirillo.5@facebook.com,"31 de Julio",https://www.facebook.com/nicolas.pirillo.5,35,,"Ciudad Autónoma de Buenos Aires","Buenos Aires",Argentina,100007787502735,"Lix Infinito",https://www.facebook.com/lix.infinito
"Armando Esteban","Romero Duarte",armandoesteban.romeroduarte@facebook.com,"30 de Julio",https://www.facebook.com/armandoesteban.romeroduarte,31,"La Boca","Ciudad Autónoma de Buenos Aires","Buenos Aires",Argentina,100001271020014,"Lo Lola",
Edu,Contracciones,@facebook.com,"27 de Julio",https://www.facebook.com/profile.php?id=100008282585921,38,,"Ciudad Autónoma de Buenos Aires","Buenos Aires",Argentina,100008282585921,"Lucas Malaret",https://www.facebook.com/lmalaret
Ze,Martino,Zekeleke@facebook.com,"27 de Julio",https://www.facebook.com/Zekeleke,31,,"Ciudad Autónoma de Buenos Aires","Buenos Aires",Argentina,592601403,"Luciana Barcia",
Rama,Garcia,ramironoiseband@facebook.com,"30 de Julio",https://www.facebook.com/ramironoiseband,40,,"Ciudad Autónoma de Buenos Aires","Buenos Aires",Argentina,777417833,"Luciana Barcia",
Sol,Lereah,sol.lereah@facebook.com,"30 de Julio",https://www.facebook.com/sol.lereah,35,,"Ciudad Autónoma de Buenos Aires","Buenos Aires",Argentina,1389102595,"Lucila Herrera",
Brenda,Biondi,BRENDA.A.BIONDI@facebook.com,"01 de Agosto",https://www.facebook.com/BRENDA.A.BIONDI,35,Olivos,Olivos,"Buenos Aires",Argentina,1629404850,"Lucila Herrera",
"Maria del Carmen","Turco Greco",mariadelcarmen.turcogreco@facebook.com,"29 de Julio",https://www.facebook.com/mariadelcarmen.turcogreco,37,,"Ciudad Autónoma de Buenos Aires","Buenos Aires",Argentina,100004275609271,"Luis Greco",https://www.facebook.com/luis.ummus
Fede,Peluffo,fede.peluffo@facebook.com,"30 de Julio",https://www.facebook.com/fede.peluffo,37,,"Ciudad Autónoma de Buenos Aires","Buenos Aires",Argentina,601709368,"Luli Torres",
Abel,Carvajal,abelnelsonc@facebook.com,"01 de Agosto",https://www.facebook.com/abelnelsonc,34,,"Ciudad Autónoma de Buenos Aires","Buenos Aires",Argentina,100002481453985,"Luli Torres",
Outlet,Gastronomico,outlet.gastronomico@facebook.com,"28 de Julio",https://www.facebook.com/outlet.gastronomico,33,,"Ciudad Autónoma de Buenos Aires","Buenos Aires",Argentina,1596098751,"Lupe Dávalos",https://www.facebook.com/guadinight
Luciano,Cánepa,luciano.canepa.37@facebook.com,"28 de Julio",https://www.facebook.com/luciano.canepa.37,35,"Parque Patricios","Ciudad Autónoma de Buenos Aires","Buenos Aires",Argentina,1515242211,"Lupe Etchart",https://www.facebook.com/lupe.etchart
"Romina D.",Castro,@facebook.com,"01 de Agosto",https://www.facebook.com/profile.php?id=1198631168,31,,"Ciudad Autónoma de Buenos Aires","Buenos Aires",Argentina,1198631168,"Lupe Etchart",https://www.facebook.com/lupe.etchart
Silvina,Peralta,silvina.peralta.33@facebook.com,"30 de Julio",https://www.facebook.com/silvina.peralta.33,37,,"Ciudad Autónoma de Buenos Aires","Buenos Aires",Argentina,1095692770,"Luz Adamo",https://www.facebook.com/luz.adamo
Guillermo,Gomez,guillermo.gomez.520562@facebook.com,"31 de Julio",https://www.facebook.com/guillermo.gomez.520562,33,,"Ciudad Autónoma de Buenos Aires","Buenos Aires",Argentina,765167227,"Malvi Ovando",https://www.facebook.com/malvi.ovando
Patricia,Ganz,patricia.alejandra.188@facebook.com,"31 de Julio",https://www.facebook.com/patricia.alejandra.188,31,,"Ciudad Autónoma de Buenos Aires","Buenos Aires",Argentina,100001457436199,"Manu Monge",
"Maria Laura",Lage,LauLage@facebook.com,"27 de Julio",https://www.facebook.com/LauLage,31,"Villa Devoto","Ciudad Autónoma de Buenos Aires","Buenos Aires",Argentina,1212371892,"María Victoria Uzal Haz",
Anibal,Garcia,AnibalGracia@facebook.com,"30 de Julio",https://www.facebook.com/AnibalGracia,38,,"Ciudad Autónoma de Buenos Aires","Buenos Aires",Argentina,1593727640,"Marcelo Gustavo Salerno",https://www.facebook.com/marcelogustavo.salerno
Claudia,Recanatini,claudiadaniela.recanatini@facebook.com,"27 de Julio",https://www.facebook.com/claudiadaniela.recanatini,37,"San Isidro","San Isidro","Buenos Aires",Argentina,1106554044,"Marcelo Gustavo Salerno",https://www.facebook.com/marcelogustavo.salerno
Iliana,Fuentes,iliana.fuentes.125@facebook.com,"31 de Julio",https://www.facebook.com/iliana.fuentes.125,39,,"Ciudad Autónoma de Buenos Aires","Buenos Aires",Argentina,759752421,"Marcelo Rodriguez",
Dyana,Raks,diana.paola.bogado@facebook.com,"31 de Julio",https://www.facebook.com/diana.paola.bogado,32,,"Ciudad Autónoma de Buenos Aires","Buenos Aires",Argentina,1002976807,"Maria DEL Mar",
Enzo,Aimare,enzo.aimare@facebook.com,"31 de Julio",https://www.facebook.com/enzo.aimare,32,"Villa Devoto","Ciudad Autónoma de Buenos Aires","Buenos Aires",Argentina,1113725866,"Maria DEL Mar",
Natalia,Medina,natalia.medina.1982@facebook.com,"27 de Julio",https://www.facebook.com/natalia.medina.1982,32,,"Ciudad Autónoma de Buenos Aires","Buenos Aires",Argentina,1108467911,"Maria Garcia Neglia",https://www.facebook.com/maria.garcianeglia
Ayelen,Selene,ayelen.selene@facebook.com,"01 de Agosto",https://www.facebook.com/ayelen.selene,32,,"Ciudad Autónoma de Buenos Aires","Buenos Aires",Argentina,100000551112203,"Maria Paula Toyos",
Celeste,Medina,celeste.medina.792@facebook.com,"27 de Julio",https://www.facebook.com/celeste.medina.792,33,,"Ciudad Autónoma de Buenos Aires","Buenos Aires",Argentina,1252045765,"Maria Pilar Reboredo",https://www.facebook.com/mariapilar.reboredo
José,"Ramón Villalobos",jose.ramonvillalobos.5@facebook.com,"30 de Julio",https://www.facebook.com/jose.ramonvillalobos.5,37,,"Ciudad Autónoma de Buenos Aires","Buenos Aires",Argentina,604543660,"Mariana Aris",https://www.facebook.com/mariana.aris
Yanina,Collazo,yanina.collazo@facebook.com,"28 de Julio",https://www.facebook.com/yanina.collazo,35,"Villa Ortúzar","Ciudad Autónoma de Buenos Aires","Buenos Aires",Argentina,532150352,"Mariana Graña",
Gonzalo,Velazco,VelazcoGonzalo@facebook.com,"27 de Julio",https://www.facebook.com/VelazcoGonzalo,37,,"Ciudad Autónoma de Buenos Aires","Buenos Aires",Argentina,100000374602069,"Mariana Sparks",
Marylen,Polak,marylen.polak@facebook.com,"28 de Julio",https://www.facebook.com/marylen.polak,32,Once,"Ciudad Autónoma de Buenos Aires","Buenos Aires",Argentina,1095066500,"Marianela Irusta",
Federico,Falcioni,federico.falcioni.9@facebook.com,"31 de Julio",https://www.facebook.com/federico.falcioni.9,32,Flores,"Ciudad Autónoma de Buenos Aires","Buenos Aires",Argentina,716713811,"Mariano Calvagna",https://www.facebook.com/mariano.calvagna
Hernan,Morales,hernan.morales.1466@facebook.com,"28 de Julio",https://www.facebook.com/hernan.morales.1466,31,,"Ciudad Autónoma de Buenos Aires","Buenos Aires",Argentina,100005129280233,"Mariano Montani",https://www.facebook.com/mariano.montani
Ezequiel,Rodriguez,ezequiel.rodriguez.908132@facebook.com,"27 de Julio",https://www.facebook.com/ezequiel.rodriguez.908132,31,,"Ciudad Autónoma de Buenos Aires","Buenos Aires",Argentina,1613533104,"Mariela Alonso",
Diego,Romero,diego.romero.77582@facebook.com,"27 de Julio",https://www.facebook.com/diego.romero.77582,33,,"Ciudad Autónoma de Buenos Aires","Buenos Aires",Argentina,542033361,"Marilina Lagomarsino",https://www.facebook.com/marilina.lagomarsino
Manuela,"De Uribelarrea",manuela.deuribelarrea@facebook.com,"01 de Agosto",https://www.facebook.com/manuela.deuribelarrea,39,,"Ciudad Autónoma de Buenos Aires","Buenos Aires",Argentina,613013480,"Marina Castagnino",https://www.facebook.com/castagnino
July,Dalfonso,july.dalfonso@facebook.com,"29 de Julio",https://www.facebook.com/july.dalfonso,32,,"Ciudad Autónoma de Buenos Aires","Buenos Aires",Argentina,1253886340,"Marina Castagnino",https://www.facebook.com/castagnino
Pablo,Minoia,pablo.minoia@facebook.com,"30 de Julio",https://www.facebook.com/pablo.minoia,33,,"Ciudad Autónoma de Buenos Aires","Buenos Aires",Argentina,1314686685,"Marina Giordano",
"En Papel",Arte,enpapelarte.mr@facebook.com,"30 de Julio",https://www.facebook.com/enpapelarte.mr,38,,"Ciudad Autónoma de Buenos Aires","Buenos Aires",Argentina,100001957726993,"Marisa Laura Negri",https://www.facebook.com/mlnegri
Jennifer,Napoli,jennifer.d.napoli@facebook.com,"01 de Agosto",https://www.facebook.com/jennifer.d.napoli,33,,"Ciudad Autónoma de Buenos Aires","Buenos Aires",Argentina,726304392,"Martín Levy Rocca",https://www.facebook.com/TinchoVDP
Marcos,Cusi,marcos.cusi@facebook.com,"30 de Julio",https://www.facebook.com/marcos.cusi,37,Olivos,Olivos,"Buenos Aires",Argentina,631202578,"Martin Benitez",
Germán,Lestani,german.lestani@facebook.com,"30 de Julio",https://www.facebook.com/german.lestani,37,,"Ciudad Autónoma de Buenos Aires","Buenos Aires",Argentina,633602467,"Martin Benitez",
"Maximiliano Nicolas",Montenegro,maximilianonicolas.montenegro@facebook.com,"29 de Julio",https://www.facebook.com/maximilianonicolas.montenegro,33,"Buenos Aires","Buenos Aires","Buenos Aires",Argentina,1436652881,"Martu Lehmann",0
Fernando,Ramos,fernando.ramos.33886@facebook.com,"30 de Julio",https://www.facebook.com/fernando.ramos.33886,34,,"Ciudad Autónoma de Buenos Aires","Buenos Aires",Argentina,100000695199396,"Maru Ben",
German,Nicodemo,german.nicodemo@facebook.com,"30 de Julio",https://www.facebook.com/german.nicodemo,34,,"Ciudad Autónoma de Buenos Aires","Buenos Aires",Argentina,100001456609565,"Maru Bruni",
Esteban,Goldvarg,esteban.goldvarg@facebook.com,"28 de Julio",https://www.facebook.com/esteban.goldvarg,39,,"Ciudad Autónoma de Buenos Aires","Buenos Aires",Argentina,1339123969,"Matias Daniel Pascual",
Mariela,Eisenacht,mariela.eisenacht@facebook.com,"28 de Julio",https://www.facebook.com/mariela.eisenacht,39,,"Ciudad Autónoma de Buenos Aires","Buenos Aires",Argentina,1343166324,"Matias Daniel Pascual",
Sandra,Toro,sandratoro777@facebook.com,"27 de Julio",https://www.facebook.com/sandratoro777,32,,"Ciudad Autónoma de Buenos Aires","Buenos Aires",Argentina,1074952817,"Matias Daniel Pascual",
Laura,Embers,laura.embers@facebook.com,"27 de Julio",https://www.facebook.com/laura.embers,32,,"Ciudad Autónoma de Buenos Aires","Buenos Aires",Argentina,1077682477,"Matias Daniel Pascual",
Santi,Arcos,santiarcos@facebook.com,"29 de Julio",https://www.facebook.com/santiarcos,34,,"Ciudad Autónoma de Buenos Aires","Buenos Aires",Argentina,626435386,"Mauro Napole",https://www.facebook.com/maurinapole
Tomas,Muro,tomas.muro.1@facebook.com,"30 de Julio",https://www.facebook.com/tomas.muro.1,31,,"Ciudad Autónoma de Buenos Aires","Buenos Aires",Argentina,513467400,"Mauro Napole",https://www.facebook.com/maurinapole
Juli,Novoa,juli.novoa.75@facebook.com,"01 de Agosto",https://www.facebook.com/juli.novoa.75,33,,"Ciudad Autónoma de Buenos Aires","Buenos Aires",Argentina,703903892,"Mechi Abud",https://www.facebook.com/mechi.abud
Maria,Simunov,maria.simunov@facebook.com,"30 de Julio",https://www.facebook.com/maria.simunov,38,,"Ciudad Autónoma de Buenos Aires","Buenos Aires",Argentina,1092399931,"Mechi Abud",https://www.facebook.com/mechi.abud
Antonio,Tempestilli,nexocomputacion@facebook.com,"30 de Julio",https://www.facebook.com/nexocomputacion,35,"Bella Vista","Bella Vista","Buenos Aires",Argentina,1126937325,"Mechi Abud",https://www.facebook.com/mechi.abud
Marco,Abruce,marco.abruce@facebook.com,"30 de Julio",https://www.facebook.com/marco.abruce,31,Congreso,"Ciudad Autónoma de Buenos Aires","Buenos Aires",Argentina,516181745,"Mechi Abud",https://www.facebook.com/mechi.abud
Ana,Bassano,anita.bassano@facebook.com,"29 de Julio",https://www.facebook.com/anita.bassano,39,,"Ciudad Autónoma de Buenos Aires","Buenos Aires",Argentina,100000532984604,"Melina Piovano",https://www.facebook.com/melipiovano
Emiliano,Noto,emiliano.noto@facebook.com,"31 de Julio",https://www.facebook.com/emiliano.noto,32,,"Ciudad Autónoma de Buenos Aires","Buenos Aires",Argentina,1208094832,"Melina Piovano",https://www.facebook.com/melipiovano
Maria,Bagur,maria.bagur.5@facebook.com,"28 de Julio",https://www.facebook.com/maria.bagur.5,31,,"Ciudad Autónoma de Buenos Aires","Buenos Aires",Argentina,650010770,"Mercedes Cataldi",https://www.facebook.com/mercedes.cataldi
Carolina,Calou,carolina.calou@facebook.com,"01 de Agosto",https://www.facebook.com/carolina.calou,38,,"Ciudad Autónoma de Buenos Aires","Buenos Aires",Argentina,635371058,"Mercedes Diaz Romero",https://www.facebook.com/mercedesdr
Clarita,"Make Up Artist",clarita.makeupartist@facebook.com,"28 de Julio",https://www.facebook.com/clarita.makeupartist,32,,"Ciudad Autónoma de Buenos Aires","Buenos Aires",Argentina,100000105774671,"Mercedes Ferrario",https://www.facebook.com/mercedes.ferrario
"Guarderia Canina","Amigo Fiel",GuarderiacaninaAmigoFiel@facebook.com,"27 de Julio",https://www.facebook.com/GuarderiacaninaAmigoFiel,36,,"Ciudad Autónoma de Buenos Aires","Buenos Aires",Argentina,100008127036610,"Mery Noel Vidal ?ï?",
Carolina,Daniszewski,carolina.daniszewski@facebook.com,"30 de Julio",https://www.facebook.com/carolina.daniszewski,38,,"Ciudad Autónoma de Buenos Aires","Buenos Aires",Argentina,1577895783,"Mery Noel Vidal ?ï?",
Pazafavor,Ong,organizacion.pazafavor@facebook.com,"01 de Agosto",https://www.facebook.com/organizacion.pazafavor,31,,"Ciudad Autónoma de Buenos Aires","Buenos Aires",Argentina,100004046352850,"Mery Spessa",https://www.facebook.com/Mery.Spessa
Yanina,Fasce,yanina.fasce.5@facebook.com,"01 de Agosto",https://www.facebook.com/yanina.fasce.5,33,,"Ciudad Autónoma de Buenos Aires","Buenos Aires",Argentina,1071458059,"Micaela Parisi",https://www.facebook.com/parisimica
Gaston,Mayol,gmayol@facebook.com,"27 de Julio",https://www.facebook.com/gmayol,35,,"Ciudad Autónoma de Buenos Aires","Buenos Aires",Argentina,595106395,"Micaela Parisi",https://www.facebook.com/parisimica
Diseño,Puro,diseno.puro.5@facebook.com,"28 de Julio",https://www.facebook.com/diseno.puro.5,36,,"Ciudad Autónoma de Buenos Aires","Buenos Aires",Argentina,100003021918823,"Michelle Fingeret",https://www.facebook.com/michelle.fingeret
Deborah,Chahnarian,deborah.chahnarian@facebook.com,"27 de Julio",https://www.facebook.com/deborah.chahnarian,38,,"Ciudad Autónoma de Buenos Aires","Buenos Aires",Argentina,838821459,"Miqui Berriòs",https://www.facebook.com/miqui.berrios
Marcos,Wagner,marcos.g.wagner@facebook.com,"01 de Agosto",https://www.facebook.com/marcos.g.wagner,39,,"Ciudad Autónoma de Buenos Aires","Buenos Aires",Argentina,686545138,"Miqui Berriòs",https://www.facebook.com/miqui.berrios
Florencia,Sabá,florencia.saba@facebook.com,"31 de Julio",https://www.facebook.com/florencia.saba,37,,"Ciudad Autónoma de Buenos Aires","Buenos Aires",Argentina,749584150,"Miqui Berriòs",https://www.facebook.com/miqui.berrios
"Abrí Los Ojos",Estudio,abrilosojos.estudio@facebook.com,"30 de Julio",https://www.facebook.com/abrilosojos.estudio,32,,"Ciudad Autónoma de Buenos Aires","Buenos Aires",Argentina,100008012140783,"Miranda Toderi",https://www.facebook.com/miranda.toderi
Yanina,Chiafitella,chiafitella@facebook.com,"31 de Julio",https://www.facebook.com/chiafitella,33,,"Ciudad Autónoma de Buenos Aires","Buenos Aires",Argentina,528747944,"Miriam Larrosa",https://www.facebook.com/MeryLarrosa
Gabriel,Cuppari,gabriel.cuppari@facebook.com,"31 de Julio",https://www.facebook.com/gabriel.cuppari,38,"Villa Luro","Ciudad Autónoma de Buenos Aires","Buenos Aires",Argentina,1346657746,"Monica Trigila",https://www.facebook.com/monica.trigila
Diego,Gianutti,gianutti@facebook.com,"30 de Julio",https://www.facebook.com/gianutti,37,,"Ciudad Autónoma de Buenos Aires","Buenos Aires",Argentina,1564442239,"Nahu Millicay Pereyra",https://www.facebook.com/nahumilli
"Luna Romina",Gambino,athenea.olimpo@facebook.com,"29 de Julio",https://www.facebook.com/athenea.olimpo,32,,"Ciudad Autónoma de Buenos Aires","Buenos Aires",Argentina,1016842285,"Nahu Millicay Pereyra",https://www.facebook.com/nahumilli
LeLab,Skylight,lelab.skylight@facebook.com,"27 de Julio",https://www.facebook.com/lelab.skylight,36,,"Ciudad Autónoma de Buenos Aires","Buenos Aires",Argentina,100008091070383,"Nahu Millicay Pereyra",https://www.facebook.com/nahumilli
Matias,Casabone,matias.casabone.1@facebook.com,"29 de Julio",https://www.facebook.com/matias.casabone.1,35,,"Ciudad Autónoma de Buenos Aires","Buenos Aires",Argentina,1256045173,"Nannuja Nadia Delfini",https://www.facebook.com/nadiaximenadelfi
Maxi,Broinsky,MaxiBroinsky@facebook.com,"01 de Agosto",https://www.facebook.com/MaxiBroinsky,34,,"Ciudad Autónoma de Buenos Aires","Buenos Aires",Argentina,1438932455,"Nannuja Nadia Delfini",https://www.facebook.com/nadiaximenadelfi
Susy,Yorio,susy.yorio@facebook.com,"30 de Julio",https://www.facebook.com/susy.yorio,35,,"Ciudad Autónoma de Buenos Aires","Buenos Aires",Argentina,695991931,"Natalia Garmaz Hilbert",https://www.facebook.com/natalia.garmazhilbert
Fernando,Lordi,vasniak@facebook.com,"28 de Julio",https://www.facebook.com/vasniak,39,,"Ciudad Autónoma de Buenos Aires","Buenos Aires",Argentina,1554567790,"Natalia Garmaz Hilbert",https://www.facebook.com/natalia.garmazhilbert
Silvana,Lopez,sil.fem.3@facebook.com,"01 de Agosto",https://www.facebook.com/sil.fem.3,40,Liniers,"Ciudad Autónoma de Buenos Aires","Buenos Aires",Argentina,100002837172136,"Natalia Magali Guglielmo",https://www.facebook.com/nataliamagali.guglielmo
Martin,Chinni,martin.chinni81@facebook.com,"01 de Agosto",https://www.facebook.com/martin.chinni81,33,,"Ciudad Autónoma de Buenos Aires","Buenos Aires",Argentina,100005317743229,"Natalia Magariello",https://www.facebook.com/natalia.magariello
Gisela,Abbiendi,gisela.abbiendi@facebook.com,"30 de Julio",https://www.facebook.com/gisela.abbiendi,31,Recoleta,"Ciudad Autónoma de Buenos Aires","Buenos Aires",Argentina,1224796892,"Natalia Malvaso",https://www.facebook.com/natalia.malvaso
Victoria,"De Las Cuevas",victoria.delascuevas@facebook.com,"28 de Julio",https://www.facebook.com/victoria.delascuevas,33,"Buenos Aires","Buenos Aires","Buenos Aires",Argentina,1238161171,"Natalia Schönfeld",0
Carla,"Puente Guagnini",carla.puenteguagnini@facebook.com,"31 de Julio",https://www.facebook.com/carla.puenteguagnini,37,Array,"Ciudad Autónoma de Buenos Aires","Buenos Aires",Argentina,1336037807,"Natalia Schönfeld",0
Eric,Fernandez,skyfield0521@facebook.com,"28 de Julio",https://www.facebook.com/skyfield0521,34,,"Ciudad Autónoma de Buenos Aires","Buenos Aires",Argentina,702188315,"Natalia Tarelli",
Popo,Pohorecky,popo.pohorecky@facebook.com,"28 de Julio",https://www.facebook.com/popo.pohorecky,34,,"Ciudad Autónoma de Buenos Aires","Buenos Aires",Argentina,703863403,"Natalia Tarelli",
Damian,Tortosa,damian.tortosa.5@facebook.com,"30 de Julio",https://www.facebook.com/damian.tortosa.5,38,,"Ciudad Autónoma de Buenos Aires","Buenos Aires",Argentina,1594104473,"Natalia Tarelli",
Lorena,Scala,lorenagisela.scala@facebook.com,"27 de Julio",https://www.facebook.com/lorenagisela.scala,31,,"Ciudad Autónoma de Buenos Aires","Buenos Aires",Argentina,1545631434,"Natalia Vaccaro",
Jorge,Crovetto,jlcrovetto@facebook.com,"27 de Julio",https://www.facebook.com/jlcrovetto,34,,"Ciudad Autónoma de Buenos Aires","Buenos Aires",Argentina,1131098546,"Natascha Stern",https://www.facebook.com/natascha.stern
Marcos,Diego,marcos.diego.7921@facebook.com,"01 de Agosto",https://www.facebook.com/marcos.diego.7921,34,,"Ciudad Autónoma de Buenos Aires","Buenos Aires",Argentina,632954095,"Nazarena Sierra",
"Joyas Martin",S,Joyasmartinss@facebook.com,"27 de Julio",https://www.facebook.com/Joyasmartinss,39,"Buenos Aires","Buenos Aires","Buenos Aires",Argentina,100004122040873,"Nicolás Ortiz",0
Marcelo,Steinjamer,marcelo.steinjamer@facebook.com,"27 de Julio",https://www.facebook.com/marcelo.steinjamer,39,"Buenos Aires","Buenos Aires","Buenos Aires",Argentina,772964235,"Nicolás Ortiz",0
M,Pereira,estrella.pereiraparis@facebook.com,"01 de Agosto",https://www.facebook.com/estrella.pereiraparis,36,,"Ciudad Autónoma de Buenos Aires","Buenos Aires",Argentina,709051057,"Nicolas Bacich",https://www.facebook.com/nicolas.bacich
Sol,Fredes,sol.fredes@facebook.com,"01 de Agosto",https://www.facebook.com/sol.fredes,36,,"Ciudad Autónoma de Buenos Aires","Buenos Aires",Argentina,712269479,"Nicolas Bacich",https://www.facebook.com/nicolas.bacich
Gustavo,Alonso,alonsojgus@facebook.com,"27 de Julio",https://www.facebook.com/alonsojgus,31,,"Ciudad Autónoma de Buenos Aires","Buenos Aires",Argentina,607356189,"Nicolas Brea",https://www.facebook.com/Nicolas.Brea
Roxana,Rodriguez,roxana.rodriguez.92754397@facebook.com,"29 de Julio",https://www.facebook.com/roxana.rodriguez.92754397,32,,"Ciudad Autónoma de Buenos Aires","Buenos Aires",Argentina,100000830717331,"Nicolas Supital",https://www.facebook.com/nicosupi
Stampy,Estampados,stampy.estampados.5@facebook.com,"29 de Julio",https://www.facebook.com/stampy.estampados.5,34,,"Ciudad Autónoma de Buenos Aires","Buenos Aires",Argentina,100006457807618,"Noe Guillén",https://www.facebook.com/noeguillen20
Paula,Gimenez,paula.gimenez.3720@facebook.com,"30 de Julio",https://www.facebook.com/paula.gimenez.3720,37,,"Ciudad Autónoma de Buenos Aires","Buenos Aires",Argentina,1537377186,"Noe Guillén",https://www.facebook.com/noeguillen20
Ad,Mour,adlmour@facebook.com,"27 de Julio",https://www.facebook.com/adlmour,38,,"Ciudad Autónoma de Buenos Aires","Buenos Aires",Argentina,1476647963,"Pablo Bravo",
Fernando,Aullero,fernando.aullero@facebook.com,"31 de Julio",https://www.facebook.com/fernando.aullero,34,,"Ciudad Autónoma de Buenos Aires","Buenos Aires",Argentina,1754580653,"Pablo Bravo",
"Paula Lore","Paula Lore",paulalore.paulalore@facebook.com,"29 de Julio",https://www.facebook.com/paulalore.paulalore,32,,"Ciudad Autónoma de Buenos Aires","Buenos Aires",Argentina,1047474505,"Pablo Dandrea",https://www.facebook.com/pablo.dandrea
Santiago,Rossi,santiago.rossi.712@facebook.com,"28 de Julio",https://www.facebook.com/santiago.rossi.712,31,"San Isidro","San Isidro","Buenos Aires",Argentina,896500342,"Pamela Altamiranda",https://www.facebook.com/pamela.altamiranda1
"Manuel Alejandro",Garcia,manuelalejandro.garcia@facebook.com,"31 de Julio",https://www.facebook.com/manuelalejandro.garcia,36,,"Ciudad Autónoma de Buenos Aires","Buenos Aires",Argentina,1369584976,"Pamela Garrote",https://www.facebook.com/pamela.garrote
Sebastian,Redruello,sebastian.redruello@facebook.com,"31 de Julio",https://www.facebook.com/sebastian.redruello,36,,"Ciudad Autónoma de Buenos Aires","Buenos Aires",Argentina,1369914207,"Pamela Garrote",https://www.facebook.com/pamela.garrote
Aimara,"Sosa Britez",aimara.sosabritez@facebook.com,"27 de Julio",https://www.facebook.com/aimara.sosabritez,35,,"Ciudad Autónoma de Buenos Aires","Buenos Aires",Argentina,630876457,"Pau Britez",https://www.facebook.com/pau.britez
Franco,Bolgiani,franco.bolgiani@facebook.com,"27 de Julio",https://www.facebook.com/franco.bolgiani,31,,"Ciudad Autónoma de Buenos Aires","Buenos Aires",Argentina,572046951,"Paula Acosta",
"Maria Laura",Pocai,marialaura.pocai@facebook.com,"27 de Julio",https://www.facebook.com/marialaura.pocai,32,,"Ciudad Autónoma de Buenos Aires","Buenos Aires",Argentina,684774752,"Paula Acosta",
Leonardo,Giordano,djleo80@facebook.com,"27 de Julio",https://www.facebook.com/djleo80,33,,"Ciudad Autónoma de Buenos Aires","Buenos Aires",Argentina,1389105371,"Paula Lara-Foti",https://www.facebook.com/paula.larafoti
Félix,"De Elizalde",fdiazelizalde@facebook.com,"27 de Julio",https://www.facebook.com/fdiazelizalde,35,,"Ciudad Autónoma de Buenos Aires","Buenos Aires",Argentina,613781286,"Paula Otálvaro",https://www.facebook.com/paula.otalvaro
Gerardo,Alberto,gerardo.pedretti.37@facebook.com,"29 de Julio",https://www.facebook.com/gerardo.pedretti.37,36,,"Ciudad Autónoma de Buenos Aires","Buenos Aires",Argentina,100006415779276,"Paz Maldonado",
María,Tedesco,maria.c.tedesco.5@facebook.com,"27 de Julio",https://www.facebook.com/maria.c.tedesco.5,38,"San Isidro","San Isidro","Buenos Aires",Argentina,1416139143,"Paz Maldonado",
"Jorge Alejandro",Vera,jorgealejandro.vera2@facebook.com,"31 de Julio",https://www.facebook.com/jorgealejandro.vera2,34,"Buenos Aires","Buenos Aires","Buenos Aires",Argentina,1161171861,"Rebe Gonzalez",0
Soporte,Tecnicanet,tecnicanet@facebook.com,"30 de Julio",https://www.facebook.com/tecnicanet,40,,"Ciudad Autónoma de Buenos Aires","Buenos Aires",Argentina,100001464849282,"Riberas Del Parana",https://www.facebook.com/riberas.delparana
Ignacio,Arano,ignacio.l.arano@facebook.com,"01 de Agosto",https://www.facebook.com/ignacio.l.arano,31,,"Ciudad Autónoma de Buenos Aires","Buenos Aires",Argentina,574176890,"Rocio Marquez",
Pablo,Molanes,pablo.molanes.3@facebook.com,"27 de Julio",https://www.facebook.com/pablo.molanes.3,31,,"Ciudad Autónoma de Buenos Aires","Buenos Aires",Argentina,772457700,"Rocio Mayo",https://www.facebook.com/marinirocio
Gustavo,Fernandez,gustavo.fernandez.9231@facebook.com,"31 de Julio",https://www.facebook.com/gustavo.fernandez.9231,40,,"Ciudad Autónoma de Buenos Aires","Buenos Aires",Argentina,1071517483,"Romi Maruffo",https://www.facebook.com/romi.maruffo
Anita,Palacio,anita.palacio.3@facebook.com,"31 de Julio",https://www.facebook.com/anita.palacio.3,32,,"Ciudad Autónoma de Buenos Aires","Buenos Aires",Argentina,1094473243,"Romi Maruffo",https://www.facebook.com/romi.maruffo
Anibal,Arias,anibal.arias.900@facebook.com,"30 de Julio",https://www.facebook.com/anibal.arias.900,33,,"Ciudad Autónoma de Buenos Aires","Buenos Aires",Argentina,1224914882,"Romy Gutierrez Jaime",https://www.facebook.com/romygutierrezjaime
Ana,Valletta,ana.valletta@facebook.com,"28 de Julio",https://www.facebook.com/ana.valletta,40,,"Ciudad Autónoma de Buenos Aires","Buenos Aires",Argentina,1429203789,"Roxana Cecilia Moyano",https://www.facebook.com/roxana.moyano
Juan,Pablo,berardi79@facebook.com,"29 de Julio",https://www.facebook.com/berardi79,35,,"Ciudad Autónoma de Buenos Aires","Buenos Aires",Argentina,1180555335,"Roxy Arana",
Noelia,"Alvarez Ogando",noelia.alvarezogando@facebook.com,"30 de Julio",https://www.facebook.com/noelia.alvarezogando,31,,"Ciudad Autónoma de Buenos Aires","Buenos Aires",Argentina,676739920,"Ruben Pacora",https://www.facebook.com/ruben.pacora
Eduardo,Tamburrini,eduardo.tamburrini@facebook.com,"31 de Julio",https://www.facebook.com/eduardo.tamburrini,33,,"Ciudad Autónoma de Buenos Aires","Buenos Aires",Argentina,1478250137,"Sabri Bértolo",
Loreley,Diseños,Loreleydesign@facebook.com,"28 de Julio",https://www.facebook.com/Loreleydesign,35,,"Ciudad Autónoma de Buenos Aires","Buenos Aires",Argentina,100002101692948,"Sabrina Fuchs",
Romina,Gelersztein,romina.gelersztein@facebook.com,"28 de Julio",https://www.facebook.com/romina.gelersztein,35,,"Ciudad Autónoma de Buenos Aires","Buenos Aires",Argentina,1072157896,"Sabrina Fuchs",
Diego,Vazquez,diego.vazquez.98478@facebook.com,"28 de Julio",https://www.facebook.com/diego.vazquez.98478,35,,"Ciudad Autónoma de Buenos Aires","Buenos Aires",Argentina,746494819,"Sabrina Fuchs",
Adrian,Ciocci,adrian.ciocci.9@facebook.com,"27 de Julio",https://www.facebook.com/adrian.ciocci.9,39,Pilar,Pilar,"Buenos Aires",Argentina,1178477098,"Seba Alvarez",https://www.facebook.com/lalvar22
Ariel,Rizzo,ariel.rizzo.3@facebook.com,"29 de Julio",https://www.facebook.com/ariel.rizzo.3,35,,"Ciudad Autónoma de Buenos Aires","Buenos Aires",Argentina,1518154293,"Sebastian Daniel Riccardi",https://www.facebook.com/sebastian.riccardi
Gabriela,López,gabylopez29@facebook.com,"29 de Julio",https://www.facebook.com/gabylopez29,36,,"Ciudad Autónoma de Buenos Aires","Buenos Aires",Argentina,1187290770,"Sebastian Daniel Riccardi",https://www.facebook.com/sebastian.riccardi
Mdpelectro,Mon,@facebook.com,"31 de Julio",https://www.facebook.com/profile.php?id=100007104404986,33,,"Ciudad Autónoma de Buenos Aires","Buenos Aires",Argentina,100007104404986,"Sergio Acosta",
Brenda,Baira,bairabren@facebook.com,"30 de Julio",https://www.facebook.com/bairabren,32,,"Ciudad Autónoma de Buenos Aires","Buenos Aires",Argentina,861460646,"Silvana Garcia Marciafava",https://www.facebook.com/silvana.marciafava
Sentimiento,Xeneize,SentimientoXeneize1@facebook.com,"01 de Agosto",https://www.facebook.com/SentimientoXeneize1,32,"La Boca","Ciudad Autónoma de Buenos Aires","Buenos Aires",Argentina,100000678752606,"Silvia Fernandez",https://www.facebook.com/silviafernandezchivi
Mariano,"Hevia Runner",marianorunner@facebook.com,"01 de Agosto",https://www.facebook.com/marianorunner,40,,"Ciudad Autónoma de Buenos Aires","Buenos Aires",Argentina,100004039247462,"Silvia Fernandez",https://www.facebook.com/silviafernandezchivi
Aldana,Mazzeo,aldana.mazzeo.3@facebook.com,"31 de Julio",https://www.facebook.com/aldana.mazzeo.3,36,,"Ciudad Autónoma de Buenos Aires","Buenos Aires",Argentina,761434431,"Silvina Yanina Albornoz Garlepp",https://www.facebook.com/silvinayaninaalbornozgarl
Cristian,Dunleavy,cristian.dunleavy@facebook.com,"29 de Julio",https://www.facebook.com/cristian.dunleavy,36,,"Ciudad Autónoma de Buenos Aires","Buenos Aires",Argentina,776232738,"Silvina Yanina Albornoz Garlepp",https://www.facebook.com/silvinayaninaalbornozgarl
Citicupon,Argentina,citicupon.argentina@facebook.com,"01 de Agosto",https://www.facebook.com/citicupon.argentina,34,,"Ciudad Autónoma de Buenos Aires","Buenos Aires",Argentina,100002820058507,"Sofi Donantueno",https://www.facebook.com/sofi.donantueno
Omar,Motta,omar.f.motta@facebook.com,"29 de Julio",https://www.facebook.com/omar.f.motta,40,"Buenos Aires","Buenos Aires","Buenos Aires",Argentina,523455156,"Sol Vallejo",0
Gastronomía,"de Vanguardia",gastronomiadevanguardia@facebook.com,"01 de Agosto",https://www.facebook.com/gastronomiadevanguardia,35,,"Ciudad Autónoma de Buenos Aires","Buenos Aires",Argentina,100000770096684,"Susan Romano",
David,"Colo Carbone",david.colocarbone@facebook.com,"31 de Julio",https://www.facebook.com/david.colocarbone,34,,"Ciudad Autónoma de Buenos Aires","Buenos Aires",Argentina,100001136477033,"Tatiana Petroccelli",https://www.facebook.com/tanshanita
Carla,Turka,carla.turka@facebook.com,"30 de Julio",https://www.facebook.com/carla.turka,37,,"Ciudad Autónoma de Buenos Aires","Buenos Aires",Argentina,1546001234,"Tatiana Petroccelli",https://www.facebook.com/tanshanita
Maxi,Baez,maxi.baez.1253@facebook.com,"31 de Julio",https://www.facebook.com/maxi.baez.1253,35,,"Ciudad Autónoma de Buenos Aires","Buenos Aires",Argentina,100004421581260,"Tatiana Petroccelli",https://www.facebook.com/tanshanita
Elektra,Iuculano,elektratrash@facebook.com,"30 de Julio",https://www.facebook.com/elektratrash,34,,"Ciudad Autónoma de Buenos Aires","Buenos Aires",Argentina,836964136,"Tatiana Petroccelli",https://www.facebook.com/tanshanita
Mery,Capellan,mery.capellan@facebook.com,"31 de Julio",https://www.facebook.com/mery.capellan,37,,"Ciudad Autónoma de Buenos Aires","Buenos Aires",Argentina,565397625,"Tia Lu",https://www.facebook.com/vivardo.lucia
Lucila,"Diaz Heer",lucila.diazheer@facebook.com,"31 de Julio",https://www.facebook.com/lucila.diazheer,36,,"Ciudad Autónoma de Buenos Aires","Buenos Aires",Argentina,100001608044153,"Tia Lu",https://www.facebook.com/vivardo.lucia
Gaston,Gaggiotti,gaston.gaggiotti@facebook.com,"01 de Agosto",https://www.facebook.com/gaston.gaggiotti,35,,"Ciudad Autónoma de Buenos Aires","Buenos Aires",Argentina,1379716875,"Tuty Martinez",
Lyla,Peng,lylapeng@facebook.com,"27 de Julio",https://www.facebook.com/lylapeng,37,,"Ciudad Autónoma de Buenos Aires","Buenos Aires",Argentina,1533993479,"Valentin Abelardo",https://www.facebook.com/valentin.abelardo
Jose,Herrera,jose.herrera.9484@facebook.com,"29 de Julio",https://www.facebook.com/jose.herrera.9484,32,,"Ciudad Autónoma de Buenos Aires","Buenos Aires",Argentina,1049293002,"Valentin Abelardo",https://www.facebook.com/valentin.abelardo
Sidney,Scott,sidney.scott23@facebook.com,"31 de Julio",https://www.facebook.com/sidney.scott23,40,,"Ciudad Autónoma de Buenos Aires","Buenos Aires",Argentina,691763000,"Valentin Abelardo",https://www.facebook.com/valentin.abelardo
Javier,"Diaz Gonzalez",javier.diazgonzalez.56@facebook.com,"01 de Agosto",https://www.facebook.com/javier.diazgonzalez.56,35,,"Ciudad Autónoma de Buenos Aires","Buenos Aires",Argentina,576859300,"Valeria Ayala",
Nicolas,Carmona,nicolas.carmona.75@facebook.com,"28 de Julio",https://www.facebook.com/nicolas.carmona.75,36,,"Ciudad Autónoma de Buenos Aires","Buenos Aires",Argentina,535240039,"Valeria Rodriguez",
Ezequiel,Alvarez,ezequiel.alvarez.9277@facebook.com,"31 de Julio",https://www.facebook.com/ezequiel.alvarez.9277,34,,"Ciudad Autónoma de Buenos Aires","Buenos Aires",Argentina,595485850,"Valeria Veronica Servetti",https://www.facebook.com/valeria.servetti
CandyBar,Madeleine,candybardulcemadeleine@facebook.com,"27 de Julio",https://www.facebook.com/candybardulcemadeleine,35,,"Ciudad Autónoma de Buenos Aires","Buenos Aires",Argentina,100003788250959,"Vanesa Macias",https://www.facebook.com/vanesa.macias1
Mary,D'Aquila,marydaquila@facebook.com,"01 de Agosto",https://www.facebook.com/marydaquila,35,,"Ciudad Autónoma de Buenos Aires","Buenos Aires",Argentina,1163125180,"Vanesa Macias",https://www.facebook.com/vanesa.macias1
Nicolas,Cabre,nicolas.cabre.7399786@facebook.com,"27 de Julio",https://www.facebook.com/nicolas.cabre.7399786,36,,"Ciudad Autónoma de Buenos Aires","Buenos Aires",Argentina,100000504562930,"Vanesa Macias",https://www.facebook.com/vanesa.macias1
Marcos,Perelmutter,marcosperel@facebook.com,"27 de Julio",https://www.facebook.com/marcosperel,34,,"Ciudad Autónoma de Buenos Aires","Buenos Aires",Argentina,571794580,"Vanesa Marinich",https://www.facebook.com/vanesa.marinich
Carolina,Naiberg,carolina.naiberg@facebook.com,"31 de Julio",https://www.facebook.com/carolina.naiberg,40,,"Ciudad Autónoma de Buenos Aires","Buenos Aires",Argentina,1341866135,"Vanesa Myrna Ojeda",
Málek,Fara,malek.fara.7@facebook.com,"27 de Julio",https://www.facebook.com/malek.fara.7,38,,"Ciudad Autónoma de Buenos Aires","Buenos Aires",Argentina,738403922,"Vanesa Myrna Ojeda",
Martín,Correa,MartinCorrea@facebook.com,"31 de Julio",https://www.facebook.com/MartinCorrea,39,Chacarita,"Ciudad Autónoma de Buenos Aires","Buenos Aires",Argentina,732217647,"Vanina Granados",https://www.facebook.com/vanina.granados
Daniela,"Paez Allende",daniela.paezallende@facebook.com,"28 de Julio",https://www.facebook.com/daniela.paezallende,37,,"Ciudad Autónoma de Buenos Aires","Buenos Aires",Argentina,100002202087832,"Vero Milione",https://www.facebook.com/vero.milione
Vanesa,Rigoni,vanesa.rigoni.1@facebook.com,"31 de Julio",https://www.facebook.com/vanesa.rigoni.1,33,,"Ciudad Autónoma de Buenos Aires","Buenos Aires",Argentina,1119262386,"Veronica Olery",https://www.facebook.com/Vero.OLery
Carla,Andreozzi,carla.andreozzi.10@facebook.com,"01 de Agosto",https://www.facebook.com/carla.andreozzi.10,37,,"Ciudad Autónoma de Buenos Aires","Buenos Aires",Argentina,885175715,"Vicky Diaz",
Ivan,Cristian,crhistian.cionci@facebook.com,"31 de Julio",https://www.facebook.com/crhistian.cionci,34,,"Ciudad Autónoma de Buenos Aires","Buenos Aires",Argentina,1245778330,"Victoria Roldán",https://www.facebook.com/marievickyroldan
Jorge,Papazian,jorge.papazian@facebook.com,"31 de Julio",https://www.facebook.com/jorge.papazian,31,,"Ciudad Autónoma de Buenos Aires","Buenos Aires",Argentina,690842383,"Viviana Farachi",https://www.facebook.com/viviana.farachi
Maxi,Gabriel,maxi.blg@facebook.com,"31 de Julio",https://www.facebook.com/maxi.blg,31,,"Ciudad Autónoma de Buenos Aires","Buenos Aires",Argentina,1298984057,"Yanel Block",https://www.facebook.com/yanel.bllock
Alejandra,Colacilli,alejandra.colacilli@facebook.com,"27 de Julio",https://www.facebook.com/alejandra.colacilli,33,,"Ciudad Autónoma de Buenos Aires","Buenos Aires",Argentina,1514948428,"Yanina Battiato",
