Nombre,Apellido,"Email Facebook",Cumpleaños,"Usuario Facebook",Edad,Barrio,Ciudad,Provincia,Pais,"ID Facebook","Amigo De","Amigo De (Usuario)",rebound
Geisha,Na,geisha.na@facebook.com,"17 de Julio",https://www.facebook.com/geisha.na,26,,"Ciudad Autónoma de Buenos Aires","Buenos Aires",Argentina,1269801103,"Fran L. Ocampo",https://www.facebook.com/franco,1
Oscar,Elias,oscareliasperez@facebook.com,"17 de Julio",https://www.facebook.com/oscareliasperez,,,"Ciudad Autónoma de Buenos Aires","Buenos Aires",Argentina,546395610,"Sabrina Fuchs",,1
Pablo,Sousa,pabloignacio.sousa.7@facebook.com,"17 de Julio",https://www.facebook.com/pabloignacio.sousa.7,32,,"Ciudad Autónoma de Buenos Aires","Buenos Aires",Argentina,100008089291883,"Pamela Garrote",https://www.facebook.com/pamela.garrote,1
"Melisa Soledad",Gamarra,melisasoledad.gamarra@facebook.com,"17 de Julio",https://www.facebook.com/melisasoledad.gamarra,25,,"Ciudad Autónoma de Buenos Aires","Buenos Aires",Argentina,1422470012,"Victoria Cerdán",https://www.facebook.com/victoriaacerdan,1
Angie,Falchi,angie.falchi@facebook.com,"17 de Julio",https://www.facebook.com/angie.falchi,26,,"Ciudad Autónoma de Buenos Aires","Buenos Aires",Argentina,100003079895437,"Pamela Garrote",https://www.facebook.com/pamela.garrote,1
Braiian,Landriel,braian.landriel@facebook.com,"17 de Julio",https://www.facebook.com/braian.landriel,,,"Ciudad Autónoma de Buenos Aires","Buenos Aires",Argentina,100002122304135,"Agustina Pelle Müller",,1
Delfi,Garat,delfi.garat@facebook.com,"17 de Julio",https://www.facebook.com/delfi.garat,,,"Ciudad Autónoma de Buenos Aires","Buenos Aires",Argentina,1401487848,"Jonathan Julian",,1
"Prensa Mendigos","del Paraiso",prensamendigos.delparaiso@facebook.com,"17 de Julio",https://www.facebook.com/prensamendigos.delparaiso,28,,"Ciudad Autónoma de Buenos Aires","Buenos Aires",Argentina,100000973059392,"Natalia Magariello",https://www.facebook.com/natalia.magariello,1
Entresueños,"Paseo la Plaza",entresuenos.paseolaplaza@facebook.com,"17 de Julio",https://www.facebook.com/entresuenos.paseolaplaza,,,"Ciudad Autónoma de Buenos Aires","Buenos Aires",Argentina,100001294911460,"Flor Scalise",https://www.facebook.com/flor.scalise,1
Mauro,Blanch,mauro.blanch@facebook.com,"17 de Julio",https://www.facebook.com/mauro.blanch,,,"Ciudad Autónoma de Buenos Aires","Buenos Aires",Argentina,847684862,"Alejandro G Sierra",https://www.facebook.com/alejandrogsierra,1
"Adriana Elizabeth",Castro,adrianaelizabeth.castro.1@facebook.com,"17 de Julio",https://www.facebook.com/adrianaelizabeth.castro.1,,,"Ciudad Autónoma de Buenos Aires","Buenos Aires",Argentina,100000505791615,"Nataly Cuerva",https://www.facebook.com/nataliagtrujillo,1
Jose,Garcia,jose.m.garcia.3762@facebook.com,"17 de Julio",https://www.facebook.com/jose.m.garcia.3762,30,,"Ciudad Autónoma de Buenos Aires","Buenos Aires",Argentina,1301664896,"Florencia Pulicari",https://www.facebook.com/florencia.pulicari,1
Yanni,Flores,yanni.flores.50@facebook.com,"17 de Julio",https://www.facebook.com/yanni.flores.50,,,"Ciudad Autónoma de Buenos Aires","Buenos Aires",Argentina,1529987792,"Aldana Queirolo",https://www.facebook.com/aldana.queirolo,1
Carteras,"Vilar Indarte",masofia.vilar.1@facebook.com,"17 de Julio",https://www.facebook.com/masofia.vilar.1,29,,"Ciudad Autónoma de Buenos Aires","Buenos Aires",Argentina,100006392616812,"Debora Malvestuto",https://www.facebook.com/dmalvestuto,1
Listas,"Boliches Capital",listasgabriela@facebook.com,"17 de Julio",https://www.facebook.com/ListasGabriela,23,,"Ciudad Autónoma de Buenos Aires","Buenos Aires",Argentina,1330340446,"Emiliano Pirolo",https://www.facebook.com/emi.pirolo,1
Mar,Montagano,mar.montagano@facebook.com,"17 de Julio",https://www.facebook.com/mar.montagano,,,"Ciudad Autónoma de Buenos Aires","Buenos Aires",Argentina,1486577766,"Flor Botana",,1
Aldu,Herrera,aldu.d.herrera@facebook.com,"17 de Julio",https://www.facebook.com/aldu.d.herrera,22,,"Ciudad Autónoma de Buenos Aires","Buenos Aires",Argentina,100001295373179,"Anna Laura",https://www.facebook.com/Anna.Laucha,1
Wen,Sala,wensalal@facebook.com,"17 de Julio",https://www.facebook.com/wensalal,,,"Ciudad Autónoma de Buenos Aires","Buenos Aires",Argentina,100000405637404,"Juan Cruz Albornoz",,1
"Shawn R",Doyle,shawnr.doyle@facebook.com,"17 de Julio",https://www.facebook.com/shawnr.doyle,28,,"Ciudad Autónoma de Buenos Aires","Buenos Aires",Argentina,100001000486919,"Vicky Diaz",,1
"Todo Ext",Mayorista,todoimportado.zonasur@facebook.com,"17 de Julio",https://www.facebook.com/todoimportado.zonasur,30,,"Ciudad Autónoma de Buenos Aires","Buenos Aires",Argentina,100002094844095,"Tatiana Petroccelli",https://www.facebook.com/tanshanita,1
Sergio,Moldavsky,sergioeventos@facebook.com,"17 de Julio",https://www.facebook.com/sergioeventos,30,,"Ciudad Autónoma de Buenos Aires","Buenos Aires",Argentina,100002100838160,"Tatiana Petroccelli",https://www.facebook.com/tanshanita,1
"Maria Florencia",Amsel,mariaflorencia.amsel@facebook.com,"17 de Julio",https://www.facebook.com/mariaflorencia.amsel,24,,"Ciudad Autónoma de Buenos Aires","Buenos Aires",Argentina,100003114773200,"Tomi Rodriguez",,1
Fernanda,Gómez,fernandahosen@facebook.com,"17 de Julio",https://www.facebook.com/fernandahosen,,,"Ciudad Autónoma de Buenos Aires","Buenos Aires",Argentina,1017580525,"Miqui Berriòs",https://www.facebook.com/miqui.berrios,1
Luciano,Marcó,luchomarco@facebook.com,"17 de Julio",https://www.facebook.com/luchomarco,22,,"Ciudad Autónoma de Buenos Aires","Buenos Aires",Argentina,1439865971,"Tomas Zocca",https://www.facebook.com/tomyzocca,1
"El Rincon","del Musico",elrincondelmusico@facebook.com,"17 de Julio",https://www.facebook.com/elrincondelmusico,32,,"Ciudad Autónoma de Buenos Aires","Buenos Aires",Argentina,100000768946544,"Jessica Bellomo",https://www.facebook.com/JessBellomo,1
Alisados,Queratinicos,alisados.queratinicos.1@facebook.com,"17 de Julio",https://www.facebook.com/alisados.queratinicos.1,29,,"Ciudad Autónoma de Buenos Aires","Buenos Aires",Argentina,100006181147917,"Agustina Pelle Müller",,1
Norberto,Selasco,norbiebsas@facebook.com,"17 de Julio",https://www.facebook.com/norbiebsas,,,"Ciudad Autónoma de Buenos Aires","Buenos Aires",Argentina,537480774,"Miqui Berriòs",https://www.facebook.com/miqui.berrios,1
Mel,Dávila,mell.davila.1@facebook.com,"17 de Julio",https://www.facebook.com/mell.davila.1,24,,"Ciudad Autónoma de Buenos Aires","Buenos Aires",Argentina,100001031708198,"La Rockeria",https://www.facebook.com/oveja1,1
Romina,Castillo,romina.castillo.37266@facebook.com,"17 de Julio",https://www.facebook.com/romina.castillo.37266,24,,"Ciudad Autónoma de Buenos Aires","Buenos Aires",Argentina,100006730064622,"Martín Álvarez BA I",https://www.facebook.com/Woody.Blair,1
Dario,Gomez,darogomezz@facebook.com,"17 de Julio",https://www.facebook.com/darogomezz,24,,"Ciudad Autónoma de Buenos Aires","Buenos Aires",Argentina,628956581,"Jazmin Jurevich",https://www.facebook.com/Jaz.Jurevich,1
Claudia,"Fuerza Cerati",claudia.fuerzacerati@facebook.com,"17 de Julio",https://www.facebook.com/claudia.fuerzacerati,,,"Ciudad Autónoma de Buenos Aires","Buenos Aires",Argentina,1272478496,"Joshua Oglio",,1
Alvaro,"Garcia Llorente",alvaro.garciallorente.1@facebook.com,"17 de Julio",https://www.facebook.com/alvaro.garciallorente.1,23,,"Ciudad Autónoma de Buenos Aires","Buenos Aires",Argentina,100007605403839,"Rochi Christensen",https://www.facebook.com/rochi.christensen,1
Guido,Klausner,santaklaus2009@facebook.com,"17 de Julio",https://www.facebook.com/Santaklaus2009,,,"Ciudad Autónoma de Buenos Aires","Buenos Aires",Argentina,656319789,"Ana Glinberg",https://www.facebook.com/ana.glinberg,1
Denise,Delsart,denise.delsart@facebook.com,"17 de Julio",https://www.facebook.com/denise.delsart,28,,"Ciudad Autónoma de Buenos Aires","Buenos Aires",Argentina,1178038083,"Sebastian Zarate",,1
Sheila,Cubursi,sheila.cubursi@facebook.com,"17 de Julio",https://www.facebook.com/sheila.cubursi,29,,"Ciudad Autónoma de Buenos Aires","Buenos Aires",Argentina,624686971,"Lulita Biagini",https://www.facebook.com/luciana.biagini,1
Beto,Deibe,betood@facebook.com,"17 de Julio",https://www.facebook.com/betooD,,,"Ciudad Autónoma de Buenos Aires","Buenos Aires",Argentina,1408330185,"Franco Palermo",,1
Lorena,Vivez,lorena.vivez@facebook.com,"17 de Julio",https://www.facebook.com/lorena.vivez,22,,"Ciudad Autónoma de Buenos Aires","Buenos Aires",Argentina,100006585493458,"Cristian Andres Romano",,1
Jordan,Dabbah,jordan.dabbah@facebook.com,"17 de Julio",https://www.facebook.com/jordan.dabbah,,,"Ciudad Autónoma de Buenos Aires","Buenos Aires",Argentina,522827544,"Ana Glinberg",https://www.facebook.com/ana.glinberg,1
Leandro,Benedetti,leandro.benedetti.3@facebook.com,"17 de Julio",https://www.facebook.com/leandro.benedetti.3,33,"Villa Del Parque","Ciudad Autónoma de Buenos Aires","Buenos Aires",Argentina,100000039027921,"Gimena Rubolino",https://www.facebook.com/gimena.rubolino,1
Juliett,Colarossi,julieta.colarossi@facebook.com,"17 de Julio",https://www.facebook.com/julieta.colarossi,25,,"Ciudad Autónoma de Buenos Aires","Buenos Aires",Argentina,1106695224,"Pablo Dandrea",https://www.facebook.com/pablo.dandrea,1
Uspallata,"Fernet Branca",uspallatafb@facebook.com,"17 de Julio",https://www.facebook.com/uspallatafb,,"Nueva Pompeya","Ciudad Autónoma de Buenos Aires","Buenos Aires",Argentina,100001482153906,"Nicolas Supital",https://www.facebook.com/nicosupi,1
Martín,Grinfeld,martin.grinfeld8@facebook.com,"17 de Julio",https://www.facebook.com/martin.grinfeld8,,,"Ciudad Autónoma de Buenos Aires","Buenos Aires",Argentina,100004134092384,"Agustin Sujo",https://www.facebook.com/agustin.sujook,1
Lautaro,Diaz,lautaro.diaz.7509@facebook.com,"17 de Julio",https://www.facebook.com/lautaro.diaz.7509,30,,"Ciudad Autónoma de Buenos Aires","Buenos Aires",Argentina,100004207266151,"Joaquin Perez Flenche",,1
Rompekabezas,Producciones,rompekabezas.producciones@facebook.com,"17 de Julio",https://www.facebook.com/rompekabezas.producciones,33,,"Ciudad Autónoma de Buenos Aires","Buenos Aires",Argentina,100000123523811,"Eugenia Vega",https://www.facebook.com/eugenitavega,1
Damian,Woo,damian.alejandro.woo@facebook.com,"18 de Julio",https://www.facebook.com/damian.alejandro.woo,,"Buenos Aires","Buenos Aires","Buenos Aires",Argentina,1338375777,"Alan Yun",0,1
Stef,Roitman,stef.roitman@facebook.com,"18 de Julio",https://www.facebook.com/stef.roitman,,,"Ciudad Autónoma de Buenos Aires","Buenos Aires",Argentina,1073350553,"Ana Glinberg",https://www.facebook.com/ana.glinberg,1
KArla,Galicia,karlita.galicia@facebook.com,"18 de Julio",https://www.facebook.com/karlita.galicia,,"Buenos Aires","Buenos Aires","Buenos Aires",Argentina,1245628282,"Peter GC",0,1
Busco,Musicos,busco.musicos.90@facebook.com,"18 de Julio",https://www.facebook.com/busco.musicos.90,,,"Ciudad Autónoma de Buenos Aires","Buenos Aires",Argentina,100002948708543,"Pamela Garrote",https://www.facebook.com/pamela.garrote,1
Bustamante,Mgb,matias.mgb.5@facebook.com,"18 de Julio",https://www.facebook.com/matias.mgb.5,29,,"Ciudad Autónoma de Buenos Aires","Buenos Aires",Argentina,100001500056293,"Bian Tedesco",https://www.facebook.com/biaantedesco,1
Jacqueline,"Ruiz Diaz",jacqueline.ruizdiaz.7@facebook.com,"18 de Julio",https://www.facebook.com/jacqueline.ruizdiaz.7,26,,"Ciudad Autónoma de Buenos Aires","Buenos Aires",Argentina,1092817145,"Christian Douer Chuky",https://www.facebook.com/christian.chuky,1
Cpde,Seguridad,cpde.seguridad@facebook.com,"18 de Julio",https://www.facebook.com/cpde.seguridad,22,,"Ciudad Autónoma de Buenos Aires","Buenos Aires",Argentina,100002410017697,"Jobs Bar",https://www.facebook.com/jobsbar,1
Superfluo,Música,superfluo.fcbk@facebook.com,"18 de Julio",https://www.facebook.com/superfluo.fcbk,27,,"Ciudad Autónoma de Buenos Aires","Buenos Aires",Argentina,1256944944,"Jessica Bellomo",https://www.facebook.com/JessBellomo,1
Verito,Ldz,verito.ldz@facebook.com,"18 de Julio",https://www.facebook.com/verito.ldz,24,,"Ciudad Autónoma de Buenos Aires","Buenos Aires",Argentina,100001163663456,"Julio Roberto Cuevas",https://www.facebook.com/julioroberto.cuevas,1
Verito,Verdun,verito.verdun@facebook.com,"18 de Julio",https://www.facebook.com/verito.verdun,,,"Ciudad Autónoma de Buenos Aires","Buenos Aires",Argentina,1766123104,"Jobs Bar",https://www.facebook.com/jobsbar,1
Lorena,Caucaman,lorena.caucaman@facebook.com,"18 de Julio",https://www.facebook.com/lorena.caucaman,,,"Ciudad Autónoma de Buenos Aires","Buenos Aires",Argentina,1158106619,"Helena Robledo",,1
Susana,Gancedo,susana.gancedo@facebook.com,"18 de Julio",https://www.facebook.com/susana.gancedo,,"Villa Del Parque","Ciudad Autónoma de Buenos Aires","Buenos Aires",Argentina,100002782864763,"Melina Piovano",https://www.facebook.com/melipiovano,1
Carlos,Cabrera,cabreracarlosg@facebook.com,"18 de Julio",https://www.facebook.com/cabreracarlosg,,,"Ciudad Autónoma de Buenos Aires","Buenos Aires",Argentina,100003215624507,"Valentin Abelardo",https://www.facebook.com/valentin.abelardo,1
Pablo,"Balina Gualtieri",pablo.balinagualtieri@facebook.com,"18 de Julio",https://www.facebook.com/pablo.balinagualtieri,,,"Ciudad Autónoma de Buenos Aires","Buenos Aires",Argentina,100001299543361,"Eduardo Vilches",https://www.facebook.com/eduardovilchescba,1
Pablo,Cicca,pablo.cicca@facebook.com,"18 de Julio",https://www.facebook.com/pablo.cicca,32,,"Ciudad Autónoma de Buenos Aires","Buenos Aires",Argentina,1492985489,"Vanesa Macias",https://www.facebook.com/vanesa.macias1,1
"Sebastiàn Grosz",Gabor,sebas.gabor@facebook.com,"18 de Julio",https://www.facebook.com/sebas.gabor,,,"Ciudad Autónoma de Buenos Aires","Buenos Aires",Argentina,732561729,"Emiliano Pirolo",https://www.facebook.com/emi.pirolo,1
Munnu,Fallone,maria.fal.3@facebook.com,"18 de Julio",https://www.facebook.com/maria.fal.3,26,,"Ciudad Autónoma de Buenos Aires","Buenos Aires",Argentina,100000184488285,"Anto Trezza",https://www.facebook.com/anto.trezza,1
Fernando,"Lage Apple",ferchoapple@facebook.com,"18 de Julio",https://www.facebook.com/FerchoApple,,,"Ciudad Autónoma de Buenos Aires","Buenos Aires",Argentina,100004039766063,"Brian Cano",,1
Guada,Billordo,guada.billordo@facebook.com,"18 de Julio",https://www.facebook.com/guada.billordo,,,"Ciudad Autónoma de Buenos Aires","Buenos Aires",Argentina,100000234879649,"Christian Vadalá",https://www.facebook.com/christian.vadala,1
Carlos,"Rivera Cossio",criveracossio@facebook.com,"18 de Julio",https://www.facebook.com/criveracossio,29,,"Ciudad Autónoma de Buenos Aires","Buenos Aires",Argentina,613788343,"Cristian Fernandez Villamor",https://www.facebook.com/cristian.fernandezvillamo,1
Ana,Manghi,anamanghi@facebook.com,"18 de Julio",https://www.facebook.com/anamanghi,,,"Ciudad Autónoma de Buenos Aires","Buenos Aires",Argentina,752513541,"Miqui Berriòs",https://www.facebook.com/miqui.berrios,1
Nicolas,Bracco,nicbracco@facebook.com,"18 de Julio",https://www.facebook.com/nicbracco,,,"Ciudad Autónoma de Buenos Aires","Buenos Aires",Argentina,100002347554208,"Gustavo Pietrafesa",,1
Tania,Martinez,tania.martinez.3192@facebook.com,"18 de Julio",https://www.facebook.com/tania.martinez.3192,22,,"Ciudad Autónoma de Buenos Aires","Buenos Aires",Argentina,1028163514,"Carla Diaz",,1
"Fiestas Bac",Matine,fiestasbac@facebook.com,"18 de Julio",https://www.facebook.com/fiestasbac,28,,"Ciudad Autónoma de Buenos Aires","Buenos Aires",Argentina,100001021455020,"Alan Volper",https://www.facebook.com/alan.volper,1
Gonzalo,Soares,gonzalo.soares@facebook.com,"18 de Julio",https://www.facebook.com/gonzalo.soares,,,"Ciudad Autónoma de Buenos Aires","Buenos Aires",Argentina,100001155505964,"Agustina Pelle Müller",,1
Guada,Baccaro,guada.baccaro@facebook.com,"18 de Julio",https://www.facebook.com/guada.baccaro,,,"Ciudad Autónoma de Buenos Aires","Buenos Aires",Argentina,1215443219,"Nano Vaquer",,1
Christian,"Sulas Show",christian.sulas@facebook.com,"18 de Julio",https://www.facebook.com/christian.sulas,32,,"Ciudad Autónoma de Buenos Aires","Buenos Aires",Argentina,1240054132,"Nadia Vannessa",https://www.facebook.com/nadiavannessa18,1
Matilde,Nìcola,feer.nicola@facebook.com,"18 de Julio",https://www.facebook.com/feer.nicola,22,,"Ciudad Autónoma de Buenos Aires","Buenos Aires",Argentina,100002750705608,"Cristian Andres Romano",,1
Nazareno,Vera,nazareno.vera.92@facebook.com,"18 de Julio",https://www.facebook.com/nazareno.vera.92,28,,"Ciudad Autónoma de Buenos Aires","Buenos Aires",Argentina,564611747,"Kati Mosich",https://www.facebook.com/kati.mosich,1
Sofi,Pereda,sofi.pereda@facebook.com,"18 de Julio",https://www.facebook.com/sofi.pereda,25,,"Ciudad Autónoma de Buenos Aires","Buenos Aires",Argentina,588909054,"Piltra Toller",https://www.facebook.com/piltra,1
Pau,Miguens,pau.miguens@facebook.com,"18 de Julio",https://www.facebook.com/pau.miguens,25,,"Ciudad Autónoma de Buenos Aires","Buenos Aires",Argentina,100001337001227,"Bernardo Cura Bonazzola",https://www.facebook.com/bernardocurabonazzola,1
Melissa,Duvergé,melissa.carbuccia@facebook.com,"18 de Julio",https://www.facebook.com/melissa.carbuccia,,,"Ciudad Autónoma de Buenos Aires","Buenos Aires",Argentina,521165376,"Juan Antonio Papagni Meca",https://www.facebook.com/juanantoniopapagnimeca,1
Foto,Next,fotonext@facebook.com,"18 de Julio",https://www.facebook.com/FotoNext,24,,"Ciudad Autónoma de Buenos Aires","Buenos Aires",Argentina,1361380686,"Mauro Sebastian Villegas",,1
GrupoChaos,"Taller DeDibujo",grupochaos@facebook.com,"18 de Julio",https://www.facebook.com/grupochaos,24,,"Ciudad Autónoma de Buenos Aires","Buenos Aires",Argentina,1083969558,"Braii Venieri",https://www.facebook.com/BraianVenieri,1
Agustina,"Otero Puglia Make Up",alopmakeup@facebook.com,"18 de Julio",https://www.facebook.com/alopmakeup,29,,"Ciudad Autónoma de Buenos Aires","Buenos Aires",Argentina,100002396514933,"Jessica Bellomo",https://www.facebook.com/JessBellomo,1
Ticiana,Gonzalez,ticiana.gonzalez.3@facebook.com,"18 de Julio",https://www.facebook.com/ticiana.gonzalez.3,22,,"Ciudad Autónoma de Buenos Aires","Buenos Aires",Argentina,1009161944,"Sindy Elisa Szczucky",https://www.facebook.com/sindy.szczucky,1
Constanza,Ríos,cotii.rios@facebook.com,"18 de Julio",https://www.facebook.com/cotii.rios,,,"Ciudad Autónoma de Buenos Aires","Buenos Aires",Argentina,1539141298,"Nano Vaquer",,1
Maika,Iglesias,maika.iglesias.31@facebook.com,"18 de Julio",https://www.facebook.com/maika.iglesias.31,,,"Ciudad Autónoma de Buenos Aires","Buenos Aires",Argentina,743004869,"Vicky Diaz",,1
Kaa,Reen,kaa.reen.9828@facebook.com,"18 de Julio",https://www.facebook.com/kaa.reen.9828,,,"Ciudad Autónoma de Buenos Aires","Buenos Aires",Argentina,100000690544768,"Gabi López",,1
"Cami J.",Amaya,cami.amm@facebook.com,"18 de Julio",https://www.facebook.com/cami.amm,,,"Ciudad Autónoma de Buenos Aires","Buenos Aires",Argentina,1348305959,"Divino Vestuario Salve",https://www.facebook.com/salvedivinovestuario,1
Christian,Gartner,christian.gartner.372@facebook.com,"18 de Julio",https://www.facebook.com/christian.gartner.372,,,"Ciudad Autónoma de Buenos Aires","Buenos Aires",Argentina,100001806225749,"Brenda Fabregat",https://www.facebook.com/brenda.fabregat,1
Compra,Segura,compra.segura.1@facebook.com,"18 de Julio",https://www.facebook.com/compra.segura.1,28,,"Ciudad Autónoma de Buenos Aires","Buenos Aires",Argentina,100006437466408,"Juan Elias Catan",https://www.facebook.com/juan.724,1
Gabriela,Tomaselli,gabriela.tomaselli.9@facebook.com,"18 de Julio",https://www.facebook.com/gabriela.tomaselli.9,,,"Ciudad Autónoma de Buenos Aires","Buenos Aires",Argentina,100000246392782,"Marcela Baghino",https://www.facebook.com/marcela.baghino,1
Micaa,Anush,anushh18@facebook.com,"18 de Julio",https://www.facebook.com/Anushh18,,,"Ciudad Autónoma de Buenos Aires","Buenos Aires",Argentina,647552532,"Facu Denegri",,1
Lore,"Lopez Garron",lore.lopez.7771@facebook.com,"18 de Julio",https://www.facebook.com/lore.lopez.7771,,Colegiales,"Ciudad Autónoma de Buenos Aires","Distrito Federal",Argentina,100001522276214,"Alexia Garcia",https://www.facebook.com/garciaalexiia,1
Ulises,Segundo,ulisesbenjaminii@facebook.com,"18 de Julio",https://www.facebook.com/ulisesbenjaminII,23,,"Ciudad Autónoma de Buenos Aires","Buenos Aires",Argentina,100000918893426,"Brenda Araceli Gonzalez",https://www.facebook.com/brendaaraceli.gonzalez,1
Mica,Riera,mmicaelarieraclement@facebook.com,"18 de Julio",https://www.facebook.com/MMicaelaRieraClement,23,,"Ciudad Autónoma de Buenos Aires","Buenos Aires",Argentina,100005978432216,"Antonela Monachesi",https://www.facebook.com/anto.monachesi,1
Florencia,Scanga,florenscng@facebook.com,"18 de Julio",https://www.facebook.com/florenscng,,,"Ciudad Autónoma de Buenos Aires","Buenos Aires",Argentina,1169586936,"Juan Antonio Papagni Meca",https://www.facebook.com/juanantoniopapagnimeca,1
Maria,Terret,maria.terret@facebook.com,"18 de Julio",https://www.facebook.com/maria.terret,24,,"Ciudad Autónoma de Buenos Aires","Buenos Aires",Argentina,100002413023092,"Martin Gonzalez",,1
Flori,Berberian,flori.berberian@facebook.com,"18 de Julio",https://www.facebook.com/flori.berberian,29,,"Ciudad Autónoma de Buenos Aires","Buenos Aires",Argentina,626570789,"Santiago Villanueva",https://www.facebook.com/santiago.villanueva,1
Todos,Catupecu,todos.catupecu@facebook.com,"18 de Julio",https://www.facebook.com/todos.catupecu,,,"Ciudad Autónoma de Buenos Aires","Buenos Aires",Argentina,100000270833613,"Cecilia Morinigo",,1
Adrian,Garcia,vader.tattoo.studio@facebook.com,"18 de Julio",https://www.facebook.com/vader.tattoo.studio,32,,"Ciudad Autónoma de Buenos Aires","Buenos Aires",Argentina,812358328,"Giselle G Mas",https://www.facebook.com/ftw.73,1
Carlos,Burolleau,carlos.burolleau@facebook.com,"18 de Julio",https://www.facebook.com/carlos.burolleau,,,"Ciudad Autónoma de Buenos Aires","Buenos Aires",Argentina,100004259522292,"Nataly Cuerva",https://www.facebook.com/nataliagtrujillo,1
Omar,Lebus,omarlebu@facebook.com,"18 de Julio",https://www.facebook.com/omarlebu,,"Buenos Aires","Buenos Aires","Buenos Aires",Argentina,100002171939019,"Leo LugÓn",0,1
Diinorah,Lescano,diinorah.lescano@facebook.com,"18 de Julio",https://www.facebook.com/diinorah.lescano,23,,"Ciudad Autónoma de Buenos Aires","Buenos Aires",Argentina,1288519732,"Nahu Millicay Pereyra",https://www.facebook.com/nahumilli,1
Candela,Loza,candela.loza@facebook.com,"18 de Julio",https://www.facebook.com/candela.loza,,,"Ciudad Autónoma de Buenos Aires","Buenos Aires",Argentina,1323620955,"Nano Vaquer",,1
Laura,Arakelian,laura.arakelian.7@facebook.com,"20 de Julio",https://www.facebook.com/laura.arakelian.7,28,,"Ciudad Autónoma de Buenos Aires","Buenos Aires",Argentina,676689621,"Marcela Miracolo",https://www.facebook.com/marcela.miracolo,1
Guille,Vilosa,guille.vilosa@facebook.com,"20 de Julio",https://www.facebook.com/guille.vilosa,26,,"Ciudad Autónoma de Buenos Aires","Buenos Aires",Argentina,886020044,"Diego Vasquez",,1
Chitchat,Itover,chitchat.itover@facebook.com,"20 de Julio",https://www.facebook.com/chitchat.itover,,,"Ciudad Autónoma de Buenos Aires","Buenos Aires",Argentina,100002670418726,"Miqui Berriòs",https://www.facebook.com/miqui.berrios,1
Francisco,Zarra,franorganicolp@facebook.com,"20 de Julio",https://www.facebook.com/franorganicolp,24,,"Ciudad Autónoma de Buenos Aires","Buenos Aires",Argentina,100004013056579,"Fiestas Baires",,1
Patricia,"Pico del Cerro",patricia.picodelcerro@facebook.com,"20 de Julio",https://www.facebook.com/patricia.picodelcerro,,,"Ciudad Autónoma de Buenos Aires","Buenos Aires",Argentina,100001187301509,"Felicitas Ghigliotti",https://www.facebook.com/felicitas.ghigliotti,1
Fiestas,"En Recoleta",recoleta.fiestas@facebook.com,"20 de Julio",https://www.facebook.com/recoleta.fiestas,33,,"Ciudad Autónoma de Buenos Aires","Buenos Aires",Argentina,100000032424353,"Romi Flores",,1
Rama,"Lopez Silveyra",ramitaaaa@facebook.com,"20 de Julio",https://www.facebook.com/ramitaaaa,24,,"Ciudad Autónoma de Buenos Aires","Buenos Aires",Argentina,100001386574597,"Emiliano Pirolo",,1
Laura,Duro,laura.duro.77@facebook.com,"20 de Julio",https://www.facebook.com/laura.duro.77,21,Colegiales,"Ciudad Autónoma de Buenos Aires","Buenos Aires",Argentina,1070930555,"Vanesa Macias",https://www.facebook.com/vanesa.macias1,1
Emi,Nakauchi,eminakauch@facebook.com,"20 de Julio",https://www.facebook.com/EmiNakauch,21,,"Ciudad Autónoma de Buenos Aires","Buenos Aires",Argentina,100003776396307,"Yasu Higa",,1
Aerobica,Deportiva,aerobica.deportiva@facebook.com,"20 de Julio",https://www.facebook.com/aerobica.deportiva,23,,"Ciudad Autónoma de Buenos Aires","Buenos Aires",Argentina,100000908052619,"Marcela Miracolo",https://www.facebook.com/marcela.miracolo,1
Liz,Sala,liz.sala.33@facebook.com,"20 de Julio",https://www.facebook.com/liz.sala.33,28,,"Ciudad Autónoma de Buenos Aires","Buenos Aires",Argentina,100004525655350,"Lo Lola",,1
Pili,Vazquez,pili.vazquez.3998@facebook.com,"20 de Julio",https://www.facebook.com/pili.vazquez.3998,23,,"Ciudad Autónoma de Buenos Aires","Buenos Aires",Argentina,100000066375870,"Luli Torres",,1
Capitan,Rosa,capitanrosa@facebook.com,"20 de Julio",https://www.facebook.com/capitanrosa,,,"Ciudad Autónoma de Buenos Aires","Buenos Aires",Argentina,100001208422550,"Daiana Soledad Pintos",https://www.facebook.com/Sheena.is,1
Noelia,Maciel,silvananoelia@facebook.com,"20 de Julio",https://www.facebook.com/silvananoelia,23,,"Ciudad Autónoma de Buenos Aires","Buenos Aires",Argentina,1616198099,"Juan Elias Catan",https://www.facebook.com/juan.724,1
Exceso,Letal,exceso.letal@facebook.com,"20 de Julio",https://www.facebook.com/exceso.letal,,,"Ciudad Autónoma de Buenos Aires","Buenos Aires",Argentina,100001643532110,"Fabio Ezequiel Farruggio",https://www.facebook.com/ffachurro,1
Nahuel,Mileta,nahuel.mileta@facebook.com,"20 de Julio",https://www.facebook.com/nahuel.mileta,,,"Ciudad Autónoma de Buenos Aires","Buenos Aires",Argentina,1044486936,"Agus Carranza",,1
Matias,Avalos,madigraf@facebook.com,"20 de Julio",https://www.facebook.com/madigraf,32,,"Ciudad Autónoma de Buenos Aires","Buenos Aires",Argentina,1468313263,"Mariela Puricelli",https://www.facebook.com/mariela.puricelli,1
Armando,Bullorini,armando.bullorini@facebook.com,"20 de Julio",https://www.facebook.com/armando.bullorini,,,"Ciudad Autónoma de Buenos Aires","Buenos Aires",Argentina,1369920313,"Maria Quevedo",https://www.facebook.com/mery.quevedo3,1
"El Paraiso","De Las Marcas",elparaiso.delasmarcas@facebook.com,"20 de Julio",https://www.facebook.com/elparaiso.delasmarcas,26,,"Ciudad Autónoma de Buenos Aires","Buenos Aires",Argentina,100004089944578,"Paz Gonzalez",https://www.facebook.com/pachu.gonzalez,1
Sofia,Soares,soofia.soares@facebook.com,"20 de Julio",https://www.facebook.com/soofia.soares,,,"Ciudad Autónoma de Buenos Aires","Buenos Aires",Argentina,100000049605023,"Lucas Funes",https://www.facebook.com/SkriLef14,1
Amor,Mio,amor.mio.5667@facebook.com,"20 de Julio",https://www.facebook.com/amor.mio.5667,31,,"Ciudad Autónoma de Buenos Aires","Buenos Aires",Argentina,100004036237677,"Ro Pietro",https://www.facebook.com/rochy.pietra,1
Nico,Laugas,nico.laugas@facebook.com,"20 de Julio",https://www.facebook.com/nico.laugas,,,"Ciudad Autónoma de Buenos Aires","Buenos Aires",Argentina,1141837110,"Maanu C. Rebori",https://www.facebook.com/maanu,1
Nadia,Ferreira,nadia.ferreira.9400@facebook.com,"20 de Julio",https://www.facebook.com/nadia.ferreira.9400,,,"Ciudad Autónoma de Buenos Aires","Buenos Aires",Argentina,705249474,"Agustina Pelle Müller",,1
Recorcholis,Representaciones,recorcholis.representaciones@facebook.com,"20 de Julio",https://www.facebook.com/recorcholis.representaciones,32,,"Ciudad Autónoma de Buenos Aires","Buenos Aires",Argentina,100001716667214,"Paula Otálvaro",https://www.facebook.com/paula.otalvaro,1
Patricia,Redes,patricia.redes@facebook.com,"20 de Julio",https://www.facebook.com/patricia.redes,,,"Ciudad Autónoma de Buenos Aires","Buenos Aires",Argentina,100001760344175,"Li-ly Rojas",https://www.facebook.com/serena1968,1
"Practica Tango",Cochabamba,practicatango.cochabamba@facebook.com,"20 de Julio",https://www.facebook.com/practicatango.cochabamba,,"San Telmo","Ciudad Autónoma de Buenos Aires","Buenos Aires",Argentina,100001761337270,"Li-ly Rojas",https://www.facebook.com/serena1968,1
Belita,Bela,belu.altamirano.10@facebook.com,"20 de Julio",https://www.facebook.com/belu.altamirano.10,,,"Ciudad Autónoma de Buenos Aires","Buenos Aires",Argentina,100000497635796,"Valentino Fabre",https://www.facebook.com/valenfabre,1
Martin,Ventura,martinventuraok@facebook.com,"20 de Julio",https://www.facebook.com/martinventuraok,,,"Ciudad Autónoma de Buenos Aires","Buenos Aires",Argentina,739224791,"Mauro Sebastian Villegas",,1
Laca,Cosmetica,laca.cosmetica.1@facebook.com,"20 de Julio",https://www.facebook.com/laca.cosmetica.1,,Recoleta,"Ciudad Autónoma de Buenos Aires","Buenos Aires",Argentina,1237408133,"Belen Uicich",https://www.facebook.com/belen.uicich,1
Yain,Hirschfeld,yain.hirschfeld@facebook.com,"20 de Julio",https://www.facebook.com/yain.hirschfeld,,,"Ciudad Autónoma de Buenos Aires","Buenos Aires",Argentina,100000831516293,"Agustina Pelle Müller",,1
Natalia,Cuda,natalia.cuda@facebook.com,"20 de Julio",https://www.facebook.com/natalia.cuda,27,,"Ciudad Autónoma de Buenos Aires","Buenos Aires",Argentina,100002418394505,"Martín Álvarez BA I",https://www.facebook.com/Woody.Blair,1
Toba,Braun,tobabraun@facebook.com,"20 de Julio",https://www.facebook.com/tobabraun,24,,"Ciudad Autónoma de Buenos Aires","Buenos Aires",Argentina,100002249968507,"Charly Ruez",https://www.facebook.com/charly.ruez,1
Historiademivida,Tatuajes,historiademivida.tatuajes@facebook.com,"20 de Julio",https://www.facebook.com/historiademivida.tatuajes,,,"Ciudad Autónoma de Buenos Aires","Buenos Aires",Argentina,100001343347918,"Juan José Merino Cagnones",https://www.facebook.com/jmerinocagnones,1
Juan,Bosque,bosque.jc@facebook.com,"20 de Julio",https://www.facebook.com/bosque.jc,32,Congreso,"Ciudad Autónoma de Buenos Aires","Buenos Aires",Argentina,1121537666,"Juani Koch",https://www.facebook.com/juani.koch,1
Mauricio,Heit,mauricio.heit@facebook.com,"20 de Julio",https://www.facebook.com/mauricio.heit,24,,"Ciudad Autónoma de Buenos Aires","Buenos Aires",Argentina,1467746889,"Carlos Wilson",,1
Akelarre,Estudio,akelarrestudio@facebook.com,"20 de Julio",https://www.facebook.com/akelarrestudio,,,"Ciudad Autónoma de Buenos Aires","Buenos Aires",Argentina,100001081757241,"Juan Manuel Fotografo",https://www.facebook.com/JuanmaJMFotoEstudio,1
Maru,"Maquilladora Estilista",marusalgadomakeup@facebook.com,"20 de Julio",https://www.facebook.com/marusalgadomakeup,29,Boedo,"Ciudad Autónoma de Buenos Aires","Buenos Aires",Argentina,100002252840918,"Miqui Berriòs",https://www.facebook.com/miqui.berrios,1
Milu,Stern,milu.stern@facebook.com,"20 de Julio",https://www.facebook.com/milu.stern,25,,"Ciudad Autónoma de Buenos Aires","Buenos Aires",Argentina,806934698,"Andrea Flijer",https://www.facebook.com/andrea.flijer,1
Rocio,Chamorro,rociobchamorro@facebook.com,"20 de Julio",https://www.facebook.com/RocioBchamorro,,,"Ciudad Autónoma de Buenos Aires","Buenos Aires",Argentina,1123056316,"Anna Laura",https://www.facebook.com/Anna.Laucha,1
Eliana,Ingrassia,rubie.ingrassia@facebook.com,"20 de Julio",https://www.facebook.com/rubie.ingrassia,22,"Villa Pueyrredón","Ciudad Autónoma de Buenos Aires","Distrito Federal",Argentina,100001415365862,"Facu Denegri",,1
"Estudio Circa","Workshops Estampado",estudiocirca.cursos@facebook.com,"20 de Julio",https://www.facebook.com/estudiocirca.cursos,27,,"Ciudad Autónoma de Buenos Aires","Buenos Aires",Argentina,100002874175274,"Florencia Pulicari",https://www.facebook.com/florencia.pulicari,1
Gaby,MeBailó,gaby.mebailo@facebook.com,"20 de Julio",https://www.facebook.com/gaby.mebailo,32,Boedo,"Ciudad Autónoma de Buenos Aires","Buenos Aires",Argentina,1558954345,"Mabu Reinaud",https://www.facebook.com/mabu.reinaud,1
Bede's,Dosmildoce,bedes.dosmildoce@facebook.com,"20 de Julio",https://www.facebook.com/bedes.dosmildoce,,,"Ciudad Autónoma de Buenos Aires","Buenos Aires",Argentina,100001396168047,"Agus Rodriguez",,1
Mary,Luzuriaga,mary.luzuriaga.7@facebook.com,"20 de Julio",https://www.facebook.com/mary.luzuriaga.7,24,,"Ciudad Autónoma de Buenos Aires","Buenos Aires",Argentina,766573351,"Nicolas Supital",https://www.facebook.com/nicosupi,1
Onenewvision,Stileoflive,onenewvision.stileoflive@facebook.com,"20 de Julio",https://www.facebook.com/onenewvision.stileoflive,33,,"Ciudad Autónoma de Buenos Aires","Buenos Aires",Argentina,100001261761872,"Vanesa Macias",https://www.facebook.com/vanesa.macias1,1
"Andrea Paola",Battiato,andreapaola.battiato@facebook.com,"20 de Julio",https://www.facebook.com/andreapaola.battiato,,,"Ciudad Autónoma de Buenos Aires","Buenos Aires",Argentina,1311765296,"Yanina Battiato",,1
Julieta,Giuliano,julieta.giuliano92@facebook.com,"20 de Julio",https://www.facebook.com/julieta.giuliano92,22,,"Ciudad Autónoma de Buenos Aires","Buenos Aires",Argentina,1383287246,"Daiana Solange Labat",https://www.facebook.com/Daichilandia,1
Lider,Soto,lider.soto.3@facebook.com,"20 de Julio",https://www.facebook.com/lider.soto.3,30,"Buenos Aires","Buenos Aires","Buenos Aires",Argentina,100002070390866,"Iael Rosemberg",0,1
"Juan Pablo",Parajon,juanpablo.parajon@facebook.com,"20 de Julio",https://www.facebook.com/juanpablo.parajon,,,"Ciudad Autónoma de Buenos Aires","Buenos Aires",Argentina,1376297139,"Victoria Cerdán",https://www.facebook.com/victoriaacerdan,1
Caroo,Franco,mynameiscaroofranco@facebook.com,"20 de Julio",https://www.facebook.com/MynameisCarooFranco,,,"Ciudad Autónoma de Buenos Aires","Buenos Aires",Argentina,1715876275,"Felipe Vidal",https://www.facebook.com/Feelipe.vp,1
Daniita,Cabo,daniita.cabo@facebook.com,"20 de Julio",https://www.facebook.com/daniita.cabo,25,,"Ciudad Autónoma de Buenos Aires","Buenos Aires",Argentina,1810328120,"Facu Denegri",,1
"Celeste Ivon",Montiel,celesteivon@facebook.com,"20 de Julio",https://www.facebook.com/celesteivon,24,,"Ciudad Autónoma de Buenos Aires","Buenos Aires",Argentina,100001009521224,"Princess Rouse",,1
Bueli,Hd,bueli.hd@facebook.com,"20 de Julio",https://www.facebook.com/bueli.hd,,,"Ciudad Autónoma de Buenos Aires","Buenos Aires",Argentina,1403294845,"Calu Clau",https://www.facebook.com/AYLEN00,1
Rama,Gutiérrez,rama.gutierrez.90@facebook.com,"20 de Julio",https://www.facebook.com/rama.gutierrez.90,25,,"Ciudad Autónoma de Buenos Aires","Buenos Aires",Argentina,651415311,"Agus Carranza",,1
Cambalache,Zapatillas,cambalachezapatillas@facebook.com,"21 de Julio",https://www.facebook.com/cambalachezapatillas,22,,"Ciudad Autónoma de Buenos Aires","Buenos Aires",Argentina,100006415714575,"Maria Belén",,1
Fer,Zapas,fernando.runnin@facebook.com,"21 de Julio",https://www.facebook.com/fernando.runnin,27,"Buenos Aires","Buenos Aires","Buenos Aires",Argentina,100004536818418,"Peter GC",0,1
Sol,Bieber,solcito.debieber@facebook.com,"21 de Julio",https://www.facebook.com/solcito.debieber,,,"Ciudad Autónoma de Buenos Aires","Buenos Aires",Argentina,100001006384039,"Dafne Antonella Zas Amy",,1
Sofi,Briff,sofi.briff@facebook.com,"21 de Julio",https://www.facebook.com/sofi.briff,,"Villa Del Parque","Ciudad Autónoma de Buenos Aires","Buenos Aires",Argentina,1286043649,"Caro Remedi",https://www.facebook.com/carol.remedi,1
Praga,Consultora,pragaconsultora@facebook.com,"21 de Julio",https://www.facebook.com/pragaconsultora,,,"Ciudad Autónoma de Buenos Aires","Buenos Aires",Argentina,100000051066095,"Ariel Villarreal",,1
Locuras,Once,locurasonce@facebook.com,"21 de Julio",https://www.facebook.com/locurasonce,33,Once,"Ciudad Autónoma de Buenos Aires","Buenos Aires",Argentina,100001438041145,"Ariel Villarreal",,1
Juan,Yacio,yacio@facebook.com,"21 de Julio",https://www.facebook.com/yacio,26,,"Ciudad Autónoma de Buenos Aires","Buenos Aires",Argentina,773505720,"Cynthia Tatiana Martinez Neves",https://www.facebook.com/cynthiatatiana.martinezne,1
Lucky,Spkdo,cabjluks@facebook.com,"21 de Julio",https://www.facebook.com/cabjluks,22,,"Ciudad Autónoma de Buenos Aires","Buenos Aires",Argentina,1563459014,"Juan Elias Catan",https://www.facebook.com/juan.724,1
Ceci,Rozin,ceci.rozin@facebook.com,"21 de Julio",https://www.facebook.com/ceci.rozin,22,,"Ciudad Autónoma de Buenos Aires","Buenos Aires",Argentina,1118950817,"Yanina Toto",https://www.facebook.com/yanina.toto,1
"Especiales Interactivos",Eventos,especialesinteractivos@facebook.com,"21 de Julio",https://www.facebook.com/especialesinteractivos,,,"Ciudad Autónoma de Buenos Aires","Buenos Aires",Argentina,100000956000246,"Flor Scalise",https://www.facebook.com/flor.scalise,1
MixFive,"de Argentina",mixfiveargentina@facebook.com,"21 de Julio",https://www.facebook.com/mixfiveargentina,,,"Ciudad Autónoma de Buenos Aires","Buenos Aires",Argentina,100000721988228,"Gisele Fratini",https://www.facebook.com/giakdmik,1
"Taller de",Teatro,tallerde.teatro.7@facebook.com,"21 de Julio",https://www.facebook.com/tallerde.teatro.7,,,"Ciudad Autónoma de Buenos Aires","Buenos Aires",Argentina,100000961891906,"Flor Scalise",https://www.facebook.com/flor.scalise,1
Grego,Maspero,grego.capo.5@facebook.com,"21 de Julio",https://www.facebook.com/grego.capo.5,23,,"Ciudad Autónoma de Buenos Aires","Buenos Aires",Argentina,100000061322136,"Guada Lozano",,1
Luuly,Fernandez,luuly.fernandez97@facebook.com,"21 de Julio",https://www.facebook.com/luuly.fernandez97,21,,"Ciudad Autónoma de Buenos Aires","Buenos Aires",Argentina,100003108345333,"Felipe Vidal",https://www.facebook.com/Feelipe.vp,1
Ana,"Make Up",ana.f.makeup@facebook.com,"21 de Julio",https://www.facebook.com/ana.f.makeup,25,,"Ciudad Autónoma de Buenos Aires","Buenos Aires",Argentina,100003116740157,"Clara Ryan",https://www.facebook.com/clariryaneventos,1
Stefania,Erazo,stefania.erazo.35@facebook.com,"21 de Julio",https://www.facebook.com/stefania.erazo.35,24,,"Ciudad Autónoma de Buenos Aires","Buenos Aires",Argentina,100000986017298,"Juan Elias Catan",https://www.facebook.com/juan.724,1
Pedro,"Iglesias Molli",pedro.iglesiasmolli@facebook.com,"21 de Julio",https://www.facebook.com/pedro.iglesiasmolli,,,"Ciudad Autónoma de Buenos Aires","Buenos Aires",Argentina,1144966310,"Aylu Macchi",,1
Hernan,Portugal,hernan.portugal@facebook.com,"21 de Julio",https://www.facebook.com/hernan.portugal,,,"Ciudad Autónoma de Buenos Aires","Buenos Aires",Argentina,688184516,"Mery Noel Vidal ?ï?",,1
Adriana,Vrillaud,adriana.vrillaud.7@facebook.com,"21 de Julio",https://www.facebook.com/adriana.vrillaud.7,31,,"Ciudad Autónoma de Buenos Aires","Buenos Aires",Argentina,590941874,"Loreto Belmar",https://www.facebook.com/loreto.belmar,1
"Rosio Soledad",Gonzalez,rosiosoledad.gonzalez@facebook.com,"21 de Julio",https://www.facebook.com/rosiosoledad.gonzalez,22,"Buenos Aires","Buenos Aires","Buenos Aires",Argentina,100003660123460,"Alan Yun",0,1
Caracol,Musica,caracol.musica@facebook.com,"21 de Julio",https://www.facebook.com/caracol.musica,26,,"Ciudad Autónoma de Buenos Aires","Buenos Aires",Argentina,100003841533466,"Rocío Martínez",https://www.facebook.com/rochi.belen,1
Fama,"Escuela de Danzas",fama.escueladedanzas@facebook.com,"21 de Julio",https://www.facebook.com/fama.escueladedanzas,28,,"Ciudad Autónoma de Buenos Aires","Buenos Aires",Argentina,100001236602467,"Agustin Justin",https://www.facebook.com/Agustin.Justin,1
"Con Pecado",Concebidas,conpecado.concebidas@facebook.com,"21 de Julio",https://www.facebook.com/conpecado.concebidas,,,"Ciudad Autónoma de Buenos Aires","Buenos Aires",Argentina,100000506768642,"Miqui Berriòs",https://www.facebook.com/miqui.berrios,1
Tomas,Posternak,tom.poster@facebook.com,"21 de Julio",https://www.facebook.com/tom.poster,,,"Ciudad Autónoma de Buenos Aires","Buenos Aires",Argentina,1448688897,"Ana Glinberg",https://www.facebook.com/ana.glinberg,1
Agatta,Devoto,agatta.devoto.9@facebook.com,"21 de Julio",https://www.facebook.com/agatta.devoto.9,27,"Villa Devoto","Ciudad Autónoma de Buenos Aires","Buenos Aires",Argentina,100003685340460,"Lupe Dávalos",https://www.facebook.com/guadinight,1
Keko,Marchak,kekomarchak@facebook.com,"21 de Julio",https://www.facebook.com/kekomarchak,,,"Ciudad Autónoma de Buenos Aires","Buenos Aires",Argentina,1007040863,"Martín Álvarez BA I",https://www.facebook.com/Woody.Blair,1
Gabba,Floresta,gabba.floresta@facebook.com,"21 de Julio",https://www.facebook.com/gabba.floresta,,,"Ciudad Autónoma de Buenos Aires","Buenos Aires",Argentina,519640560,"Ayu Casanova",,1
Tomas,Nervi,tomas.nervi@facebook.com,"21 de Julio",https://www.facebook.com/tomas.nervi,,,"Ciudad Autónoma de Buenos Aires","Buenos Aires",Argentina,583277663,"Juan Antonio Papagni Meca",https://www.facebook.com/juanantoniopapagnimeca,1
Debora,Romero,deby.romero.54@facebook.com,"21 de Julio",https://www.facebook.com/deby.romero.54,26,,"Ciudad Autónoma de Buenos Aires","Buenos Aires",Argentina,1328570533,"Camila Perelló",https://www.facebook.com/camiperello,1
Nanu,"Mosha II",nanu.mosha.5@facebook.com,"21 de Julio",https://www.facebook.com/nanu.mosha.5,31,,"Ciudad Autónoma de Buenos Aires","Buenos Aires",Argentina,100004971428308,"Nahu Millicay Pereyra",https://www.facebook.com/nahumilli,1
Sebastian,Bal,sebastian.bal.5@facebook.com,"21 de Julio",https://www.facebook.com/sebastian.bal.5,,,"Ciudad Autónoma de Buenos Aires","Buenos Aires",Argentina,1372840060,"Mia Miry Ponce",,1
July,Aguilar,brujilink@facebook.com,"21 de Julio",https://www.facebook.com/brujilink,,,"Ciudad Autónoma de Buenos Aires","Buenos Aires",Argentina,100001033980914,"Emiliano Pirolo",,1
Gustavodaniel,Pereyra,gustavodaniel.pereyra.9@facebook.com,"21 de Julio",https://www.facebook.com/gustavodaniel.pereyra.9,,,"Ciudad Autónoma de Buenos Aires","Buenos Aires",Argentina,100000752207261,"Fernando Velcic",https://www.facebook.com/fernando.velcic,1
"Ji Grill",Creaciones,ji.grill@facebook.com,"21 de Julio",https://www.facebook.com/ji.grill,,,"Ciudad Autónoma de Buenos Aires","Buenos Aires",Argentina,100007199102309,"Natalia Tarelli",,1
Milagros,Torres,milagros.torres.988@facebook.com,"21 de Julio",https://www.facebook.com/milagros.torres.988,30,,"Ciudad Autónoma de Buenos Aires","Buenos Aires",Argentina,100000288287395,"Karina Alejandra Barral",https://www.facebook.com/karina.barral,1
Agus,Galvan,agus.galvan@facebook.com,"21 de Julio",https://www.facebook.com/agus.galvan,,,"Ciudad Autónoma de Buenos Aires","Buenos Aires",Argentina,1147527444,"Nano Vaquer",,1
Diana,Aguirre,dianaaguirre.lalangui@facebook.com,"21 de Julio",https://www.facebook.com/dianaaguirre.lalangui,33,,"Ciudad Autónoma de Buenos Aires","Buenos Aires",Argentina,1417266462,"Daiana Solange Labat",https://www.facebook.com/Daichilandia,1
Leo,Flores,el.quehacequetemojes@facebook.com,"21 de Julio",https://www.facebook.com/El.QueHaceQueTeMojes,,,"Ciudad Autónoma de Buenos Aires","Buenos Aires",Argentina,100003244849694,"Cielito Perez",,1
Carolina,Fiasche,carolina.m.fiasche@facebook.com,"21 de Julio",https://www.facebook.com/carolina.m.fiasche,,,"Ciudad Autónoma de Buenos Aires","Buenos Aires",Argentina,1049362342,"Maria Pia Perez Brea",,1
Ariel,Exerion,ariel.exerion@facebook.com,"22 de Julio",https://www.facebook.com/ariel.exerion,24,,"Ciudad Autónoma de Buenos Aires","Buenos Aires",Argentina,560913654,"Cristian Fernandez Villamor",https://www.facebook.com/cristian.fernandezvillamo,1
Gaston,Rivero,gaston.rivero.986@facebook.com,"22 de Julio",https://www.facebook.com/gaston.rivero.986,21,,"Ciudad Autónoma de Buenos Aires","Buenos Aires",Argentina,100000155987816,"Alan Volper",https://www.facebook.com/alan.volper,1
Milagrosa,Dela,delamilagrosa2@facebook.com,"22 de Julio",https://www.facebook.com/delamilagrosa2,,,"Ciudad Autónoma de Buenos Aires","Buenos Aires",Argentina,100003404257765,"Julieta Tettamanzi",https://www.facebook.com/Chuchu1979,1
"Juan Franco",Rivero,juanfranco.rivero@facebook.com,"22 de Julio",https://www.facebook.com/juanfranco.rivero,26,Boedo,"Ciudad Autónoma de Buenos Aires","Buenos Aires",Argentina,725421175,"Valeria Ayala",,1
Almeida,"Tesone Trío",almeidatesonetrio@facebook.com,"22 de Julio",https://www.facebook.com/almeidatesonetrio,28,,"Ciudad Autónoma de Buenos Aires","Buenos Aires",Argentina,1337435191,"Jessica Bellomo",https://www.facebook.com/JessBellomo,1
Dehoy,Nopasa,dehoy.nopasa.1@facebook.com,"22 de Julio",https://www.facebook.com/dehoy.nopasa.1,,,"Ciudad Autónoma de Buenos Aires","Buenos Aires",Argentina,100001567420594,"Maria Laura Pendás",https://www.facebook.com/marialaura.pendas,1
Nacho,"Novillo Astrada",nacho.novilloastrada@facebook.com,"22 de Julio",https://www.facebook.com/nacho.novilloastrada,,,"Ciudad Autónoma de Buenos Aires","Buenos Aires",Argentina,1804220886,"Maru Bruni",,1
Jimena,"Torres Loureiro",jimena.torresloureiro@facebook.com,"22 de Julio",https://www.facebook.com/jimena.torresloureiro,33,,"Ciudad Autónoma de Buenos Aires","Buenos Aires",Argentina,1049129524,"Felicitas Ghigliotti",https://www.facebook.com/felicitas.ghigliotti,1
"Casandra Skarlet",Maldonado,tayraskarlet.maldonado@facebook.com,"22 de Julio",https://www.facebook.com/tayraskarlet.maldonado,23,,"Ciudad Autónoma de Buenos Aires","Buenos Aires",Argentina,100003163029657,"Nicolas Alejandro Fleischer",https://www.facebook.com/nicolasalejandro.fleische,1
Nacho,Martin,lista.lucas.y.nacho@facebook.com,"22 de Julio",https://www.facebook.com/lista.lucas.y.nacho,28,Coghlan,"Ciudad Autónoma de Buenos Aires","Buenos Aires",Argentina,1368672448,"Jochuu Rodriguez Linck",https://www.facebook.com/jochuu.rodriguezlinck,1
Romina,Soria,romina.soria.35@facebook.com,"22 de Julio",https://www.facebook.com/romina.soria.35,,,"Ciudad Autónoma de Buenos Aires","Buenos Aires",Argentina,100002780094236,"Ale Arias Mandarine Park",,1
"Ana Evelia",Trevisi,anaevelia.trevisi@facebook.com,"22 de Julio",https://www.facebook.com/anaevelia.trevisi,,,"Ciudad Autónoma de Buenos Aires","Buenos Aires",Argentina,100004331111577,"Silvia Grun",,1
Accesorios,Moda,accesorios.moda.18@facebook.com,"22 de Julio",https://www.facebook.com/accesorios.moda.18,31,,"Ciudad Autónoma de Buenos Aires","Buenos Aires",Argentina,100001671978888,"Susan Romano",,1
Clarisa,Costilla,clarisa.costilla.9@facebook.com,"22 de Julio",https://www.facebook.com/clarisa.costilla.9,,,"Ciudad Autónoma de Buenos Aires","Buenos Aires",Argentina,1545553148,"Jose Guevara",https://www.facebook.com/JoeGuevara81,1
Agus,Ferraresi,aagusferraresi@facebook.com,"22 de Julio",https://www.facebook.com/aagusferraresi,,,"Ciudad Autónoma de Buenos Aires","Buenos Aires",Argentina,1663331476,"Brian Cano",,1
Sebastian,Abeijon,sebastian.abeijon@facebook.com,"22 de Julio",https://www.facebook.com/sebastian.abeijon,26,,"Ciudad Autónoma de Buenos Aires","Buenos Aires",Argentina,696303135,"Alexia Garcia",https://www.facebook.com/garciaalexiia,1
Rebeca,"van der Mooren",rebeca.vandermooren@facebook.com,"22 de Julio",https://www.facebook.com/rebeca.vandermooren,,"Buenos Aires","Buenos Aires","Buenos Aires",Argentina,100004466372382,"Leo LugÓn",0,1
Déjame,Vestirte,dejame.vestirte.5@facebook.com,"22 de Julio",https://www.facebook.com/dejame.vestirte.5,31,,"Ciudad Autónoma de Buenos Aires","Buenos Aires",Argentina,100006499150451,"Vanesa Macias",https://www.facebook.com/vanesa.macias1,1
Santiago,"Solari Parravicini",solariparravicini@facebook.com,"22 de Julio",https://www.facebook.com/solariparravicini,,,"Ciudad Autónoma de Buenos Aires","Buenos Aires",Argentina,1066002225,"Sol Bettoni",,1
YAni,Alder,yani.alder@facebook.com,"22 de Julio",https://www.facebook.com/yani.alder,,"La Boca","Ciudad Autónoma de Buenos Aires","Distrito Federal",Argentina,100001786440502,"Andrea García Sención",https://www.facebook.com/andreagarciasencion,1
Mauro,Rodriguez,mauro.e.rodriguez.16@facebook.com,"22 de Julio",https://www.facebook.com/mauro.e.rodriguez.16,31,,"Ciudad Autónoma de Buenos Aires","Buenos Aires",Argentina,100002355395534,"Agustina Pelle Müller",,1
Maquillajes,Importados,maquillajes.importados.7@facebook.com,"22 de Julio",https://www.facebook.com/maquillajes.importados.7,25,,"Ciudad Autónoma de Buenos Aires","Buenos Aires",Argentina,100002251357528,"Noelia Juskiewicz",https://www.facebook.com/noelia.juskiewicz,1
Rodrigo,Lorenzo,rodrigo.lorenzo.31@facebook.com,"22 de Julio",https://www.facebook.com/rodrigo.lorenzo.31,24,,"Ciudad Autónoma de Buenos Aires","Buenos Aires",Argentina,734210402,"Caro Remedi",https://www.facebook.com/carol.remedi,1
Voley,"Los Carteros",voley.loscarteros@facebook.com,"22 de Julio",https://www.facebook.com/voley.loscarteros,,Agronomía,"Ciudad Autónoma de Buenos Aires","Buenos Aires",Argentina,100004652341977,"Ruben Pacora",https://www.facebook.com/ruben.pacora,1
Sol,Querciola,sol.querciola@facebook.com,"22 de Julio",https://www.facebook.com/sol.querciola,29,,"Ciudad Autónoma de Buenos Aires","Buenos Aires",Argentina,100004409924071,"Johii Fim",https://www.facebook.com/johii.fim,1
Chivi,Chic,chivi.chic@facebook.com,"22 de Julio",https://www.facebook.com/chivi.chic,,,"Ciudad Autónoma de Buenos Aires","Buenos Aires",Argentina,100004097446896,"Mercedes Diaz Romero",https://www.facebook.com/mercedesdr,1
Fly,"Local de Danza",fly.localdedanza@facebook.com,"22 de Julio",https://www.facebook.com/fly.localdedanza,23,,"Ciudad Autónoma de Buenos Aires","Buenos Aires",Argentina,100003851901341,"Cynthia Tatiana Martinez Neves",https://www.facebook.com/cynthiatatiana.martinezne,1
Alejandro,Petra,alejandro.petra@facebook.com,"22 de Julio",https://www.facebook.com/alejandro.petra,25,"Buenos Aires","Buenos Aires","Buenos Aires",Argentina,697541651,"Peter GC",0,1
Ernesto,Kern,ernestokern@facebook.com,"22 de Julio",https://www.facebook.com/ernestokern,,,"Ciudad Autónoma de Buenos Aires","Buenos Aires",Argentina,663960742,"Rochi Christensen",https://www.facebook.com/rochi.christensen,1
Paska,D'Angelo,paska.dangelo@facebook.com,"22 de Julio",https://www.facebook.com/paska.dangelo,21,,"Ciudad Autónoma de Buenos Aires","Buenos Aires",Argentina,100003008394916,"Matías Panero",,1
Yeah,Right,yeah.right.58118774@facebook.com,"22 de Julio",https://www.facebook.com/yeah.right.58118774,31,,"Ciudad Autónoma de Buenos Aires","Buenos Aires",Argentina,100006951725842,"Agustina Pelle Müller",,1
Braaiiaann,"De Nogues",braian.n.velazquez@facebook.com,"22 de Julio",https://www.facebook.com/braian.n.velazquez,21,,"Ciudad Autónoma de Buenos Aires","Buenos Aires",Argentina,100003643677450,"Agustina Pelle Müller",,1
Jacki,Lescano,jackelinelescano@facebook.com,"22 de Julio",https://www.facebook.com/JackelineLescano,21,,"Ciudad Autónoma de Buenos Aires","Buenos Aires",Argentina,1465487646,"Julio Roberto Cuevas",https://www.facebook.com/julioroberto.cuevas,1
Ponchi,Riffel,fabricioponchi@facebook.com,"22 de Julio",https://www.facebook.com/fabricioponchi,27,"Buenos Aires","Buenos Aires","Buenos Aires",Argentina,1314081933,"Gabriella Rouiller",0,1
Valeria,Baraza,valeria.baraza.7@facebook.com,"22 de Julio",https://www.facebook.com/valeria.baraza.7,,"Villa Devoto","Ciudad Autónoma de Buenos Aires","Buenos Aires",Argentina,765708119,"Silvina Yanina Albornoz Garlepp",https://www.facebook.com/silvinayaninaalbornozgarl,1
Positive-Studio,Fotografia,positivestudio.fotografia.5@facebook.com,"22 de Julio",https://www.facebook.com/positivestudio.fotografia.5,,Array,"Ciudad Autónoma de Buenos Aires","Buenos Aires",Argentina,100000484419833,"Martu Lehmann",0,1
Mario,"Del Foro",mariodelfo@facebook.com,"22 de Julio",https://www.facebook.com/mariodelfo,,,"Ciudad Autónoma de Buenos Aires","Buenos Aires",Argentina,100003394479749,"Juan Antonio Papagni Meca",https://www.facebook.com/juanantoniopapagnimeca,1
Victoria,Bengoa,viki.bengoa.7@facebook.com,"22 de Julio",https://www.facebook.com/viki.bengoa.7,22,,"Ciudad Autónoma de Buenos Aires","Buenos Aires",Argentina,100008095809391,"Marcelo Braun Menendez",,1
Martin,Giardina,martiinciitoo.giardina@facebook.com,"22 de Julio",https://www.facebook.com/martiinciitoo.giardina,23,,"Ciudad Autónoma de Buenos Aires","Buenos Aires",Argentina,772658547,"Gabi López",,1
Deborah,Todorov,deborah.todorov.9@facebook.com,"22 de Julio",https://www.facebook.com/deborah.todorov.9,23,,"Ciudad Autónoma de Buenos Aires","Buenos Aires",Argentina,100006251106879,"Luz Adamo",https://www.facebook.com/luz.adamo,1
Federico,Tuninetti,fedeetuninettii@facebook.com,"22 de Julio",https://www.facebook.com/fedeetuninettii,22,,"Ciudad Autónoma de Buenos Aires","Buenos Aires",Argentina,1610273078,"Walter Gonzalez",,1
Ezequiel,Fernandez,ezequiel.fernandez.5496@facebook.com,"22 de Julio",https://www.facebook.com/ezequiel.fernandez.5496,,,"Ciudad Autónoma de Buenos Aires","Buenos Aires",Argentina,100001680004688,"Álvarez Pablo",,1
Florencia,Maggi,florencia.maggi.501@facebook.com,"23 de Julio",https://www.facebook.com/florencia.maggi.501,31,,"Ciudad Autónoma de Buenos Aires","Buenos Aires",Argentina,100006279033238,"Ale Arias Mandarine Park",,1
Garden,Baires,garden.opium@facebook.com,"23 de Julio",https://www.facebook.com/garden.opium,31,,"Ciudad Autónoma de Buenos Aires","Buenos Aires",Argentina,100001054320616,"Gisela Tesei",,1
Teatro,Liberarte,teatro.liberarte@facebook.com,"23 de Julio",https://www.facebook.com/teatro.liberarte,,,"Ciudad Autónoma de Buenos Aires","Buenos Aires",Argentina,100001260017327,"Flor Scalise",https://www.facebook.com/flor.scalise,1
FN,MG,naimusso@facebook.com,"23 de Julio",https://www.facebook.com/naimusso,31,,"Ciudad Autónoma de Buenos Aires","Buenos Aires",Argentina,504314335,"Maru Bruni",,1
Javier,Villalba,javier.villalba.94@facebook.com,"23 de Julio",https://www.facebook.com/javier.villalba.94,22,,"Ciudad Autónoma de Buenos Aires","Buenos Aires",Argentina,100002782676513,"Lo Lola",,1
Jere,Castaño,jere.castano@facebook.com,"23 de Julio",https://www.facebook.com/jere.castano,22,,"Ciudad Autónoma de Buenos Aires","Buenos Aires",Argentina,100000929479787,"Germán LM",https://www.facebook.com/ghermanl,1
Barbie,Montenegro,barbie.montenegro.18@facebook.com,"23 de Julio",https://www.facebook.com/barbie.montenegro.18,32,,"Ciudad Autónoma de Buenos Aires","Buenos Aires",Argentina,100006171932080,"Miriam Larrosa",https://www.facebook.com/MeryLarrosa,1
Tomas,Salvadores,tomas.salvadores@facebook.com,"23 de Julio",https://www.facebook.com/tomas.salvadores,28,,"Ciudad Autónoma de Buenos Aires","Buenos Aires",Argentina,1105983261,"Carlos Wilson",,1
Luciano,Pratto,lpratto1@facebook.com,"23 de Julio",https://www.facebook.com/lpratto1,28,,"Ciudad Autónoma de Buenos Aires","Buenos Aires",Argentina,100000550470861,"Ignacio Lines Ceruti",https://www.facebook.com/ignacio.lines,1
Directorio,Rock,directorio.rock@facebook.com,"23 de Julio",https://www.facebook.com/directorio.rock,30,,"Ciudad Autónoma de Buenos Aires","Buenos Aires",Argentina,100002435663098,"La Rockeria",https://www.facebook.com/oveja1,1
Alfonso,Padilla,alfonso.ibanezpadilla@facebook.com,"23 de Julio",https://www.facebook.com/alfonso.ibanezpadilla,,,"Ciudad Autónoma de Buenos Aires","Buenos Aires",Argentina,529646028,"Romina Toller",,1
Divino,Diseño,divinoaccesorios@facebook.com,"23 de Julio",https://www.facebook.com/divinoaccesorios,32,,"Ciudad Autónoma de Buenos Aires","Buenos Aires",Argentina,100002637681719,"Sabrina Fuchs",,1
Natalia,Borrini,natalia.borrini@facebook.com,"23 de Julio",https://www.facebook.com/natalia.borrini,32,,"Ciudad Autónoma de Buenos Aires","Buenos Aires",Argentina,1499590677,"Agustin Justin",https://www.facebook.com/Agustin.Justin,1
Martin,Vannoni,martin.vannoni1@facebook.com,"23 de Julio",https://www.facebook.com/martin.vannoni1,33,,"Ciudad Autónoma de Buenos Aires","Buenos Aires",Argentina,100000270975199,"Miqui Berriòs",https://www.facebook.com/miqui.berrios,1
Armijo,Mauricio,armijo.mauricio@facebook.com,"23 de Julio",https://www.facebook.com/armijo.mauricio,,,"Ciudad Autónoma de Buenos Aires","Buenos Aires",Argentina,1446852086,"Santiago Villanueva",https://www.facebook.com/santiago.villanueva,1
Marilyn,Mayo,marilyn.mayo.3@facebook.com,"23 de Julio",https://www.facebook.com/marilyn.mayo.3,24,"Buenos Aires","Buenos Aires","Buenos Aires",Argentina,1320631993,"Carolina Viacava",0,1
Marucha,Moly,marucha.moly@facebook.com,"23 de Julio",https://www.facebook.com/marucha.moly,30,,"Ciudad Autónoma de Buenos Aires","Buenos Aires",Argentina,100000511202463,"Guille Rampo",https://www.facebook.com/guillermo.rampo,1
Cris,Juniors,siemprebosterasiempre@facebook.com,"23 de Julio",https://www.facebook.com/siemprebosterasiempre,33,,"Ciudad Autónoma de Buenos Aires","Buenos Aires",Argentina,100002725089358,"Silvia Fernandez",https://www.facebook.com/silviafernandezchivi,1
Nahuel,Coria,frostgamersnahuelcoria@facebook.com,"23 de Julio",https://www.facebook.com/FrostGamersNahuelCoria,,,"Ciudad Autónoma de Buenos Aires","Buenos Aires",Argentina,100000285249299,"Anna Laura",https://www.facebook.com/Anna.Laucha,1
Leandro,Insúa,leandro.insua@facebook.com,"23 de Julio",https://www.facebook.com/leandro.insua,,,"Ciudad Autónoma de Buenos Aires","Buenos Aires",Argentina,1021353055,"Nicolas Brea",https://www.facebook.com/Nicolas.Brea,1
Eloisa,Primera,eloisa.primera@facebook.com,"23 de Julio",https://www.facebook.com/eloisa.primera,,,"Ciudad Autónoma de Buenos Aires","Buenos Aires",Argentina,100000769953577,"Chelu Chavez",https://www.facebook.com/chelu.chavez,1
Nachito,Alonso,naa21@facebook.com,"23 de Julio",https://www.facebook.com/naa21,22,,"Ciudad Autónoma de Buenos Aires","Buenos Aires",Argentina,1095793531,"Emiliano Pirolo",https://www.facebook.com/emi.pirolo,1
Magali,Flores,magali.flores.5832@facebook.com,"23 de Julio",https://www.facebook.com/magali.flores.5832,23,,"Ciudad Autónoma de Buenos Aires","Buenos Aires",Argentina,1337770778,"Julieta Olmedo Cortese",https://www.facebook.com/poshipo,1
Agustin,Lavalle,agustin.lavalle.12@facebook.com,"23 de Julio",https://www.facebook.com/agustin.lavalle.12,,,"Ciudad Autónoma de Buenos Aires","Buenos Aires",Argentina,1127110401,"Jonathan Julian",,1
Gabytta,Regueira,gabytta.regueira@facebook.com,"23 de Julio",https://www.facebook.com/gabytta.regueira,25,,"Ciudad Autónoma de Buenos Aires","Buenos Aires",Argentina,100003237828448,"Belen Uicich",https://www.facebook.com/belen.uicich,1
Migue,Farias,migue.farias.3@facebook.com,"23 de Julio",https://www.facebook.com/migue.farias.3,27,"Buenos Aires","Buenos Aires","Buenos Aires",Argentina,1369420730,"Rebe Gonzalez",0,1
Cris,Banchig,cris.banchig@facebook.com,"23 de Julio",https://www.facebook.com/cris.banchig,,,"Ciudad Autónoma de Buenos Aires","Buenos Aires",Argentina,100001082491387,"Miqui Berriòs",https://www.facebook.com/miqui.berrios,1
Gonzalo,Coira,gonzalo.coira@facebook.com,"23 de Julio",https://www.facebook.com/gonzalo.coira,,,"Ciudad Autónoma de Buenos Aires","Buenos Aires",Argentina,614450923,"Mariano Calvagna",https://www.facebook.com/mariano.calvagna,1
"Ricky May",Garro,rickymayg@facebook.com,"23 de Julio",https://www.facebook.com/rickymayg,27,,"Ciudad Autónoma de Buenos Aires","Buenos Aires",Argentina,1538193704,"Anna Laura",https://www.facebook.com/Anna.Laucha,1
Diego,RG,diego.gandara.311@facebook.com,"23 de Julio",https://www.facebook.com/diego.gandara.311,,,"Ciudad Autónoma de Buenos Aires","Buenos Aires",Argentina,627661238,"Paula Acosta",,1
Nicolas,Luna,nikitooooooooooooo@facebook.com,"23 de Julio",https://www.facebook.com/nikitooooooooooooo,,,"Ciudad Autónoma de Buenos Aires","Buenos Aires",Argentina,1550333080,"Brian Cano",,1
Ceci,Salandro,cecilia.salandro@facebook.com,"23 de Julio",https://www.facebook.com/cecilia.salandro,31,,"Ciudad Autónoma de Buenos Aires","Buenos Aires",Argentina,100001829156598,"Fede Martinez",https://www.facebook.com/fedemartinez17,1
Kts,Klausstattoostudio,klausstattoostudio@facebook.com,"23 de Julio",https://www.facebook.com/klausstattoostudio,33,,"Ciudad Autónoma de Buenos Aires","Buenos Aires",Argentina,100000786141444,"Mia Miry Ponce",,1
China,Prana,china.prana.1@facebook.com,"23 de Julio",https://www.facebook.com/china.prana.1,29,Array,"Ciudad Autónoma de Buenos Aires","Buenos Aires",Argentina,100008341696526,"Fett Maidana",0,1
Carlos,Ruiz,djcarlosruiz@facebook.com,"23 de Julio",https://www.facebook.com/djcarlosruiz,,"Parque Patricios","Ciudad Autónoma de Buenos Aires","Buenos Aires",Argentina,1708447760,"Tatiana Petroccelli",https://www.facebook.com/tanshanita,1
Soledad,Baez,soledad.baez.77@facebook.com,"23 de Julio",https://www.facebook.com/soledad.baez.77,33,,"Ciudad Autónoma de Buenos Aires","Buenos Aires",Argentina,100001791520216,"La Rockeria",https://www.facebook.com/oveja1,1
Matias,Directv,matias.directv.3@facebook.com,"23 de Julio",https://www.facebook.com/matias.directv.3,,,"Ciudad Autónoma de Buenos Aires","Buenos Aires",Argentina,100001165256527,"Vanesa Macias",https://www.facebook.com/vanesa.macias1,1
Ayelen,Orioli,ayelen.orioli@facebook.com,"23 de Julio",https://www.facebook.com/ayelen.orioli,25,,"Ciudad Autónoma de Buenos Aires","Buenos Aires",Argentina,100000447558565,"Pamela Garrote",https://www.facebook.com/pamela.garrote,1
Javier,"Cábj Dé Nádíé",javier.cabjdenadie@facebook.com,"23 de Julio",https://www.facebook.com/javier.cabjdenadie,23,,"Ciudad Autónoma de Buenos Aires","Buenos Aires",Argentina,100002593507287,"Agustina Pelle Müller",,1
Bandera,Negra,bandera.negra.35@facebook.com,"23 de Julio",https://www.facebook.com/bandera.negra.35,,,"Ciudad Autónoma de Buenos Aires","Buenos Aires",Argentina,100004466580133,"Majo López Tavani",https://www.facebook.com/lasplumas,1
Un,Ciervo,unciervo@facebook.com,"23 de Julio",https://www.facebook.com/unciervo,26,,"Ciudad Autónoma de Buenos Aires","Buenos Aires",Argentina,100001783009708,"Jessica Bellomo",https://www.facebook.com/JessBellomo,1
"Marcelo Fabian",Alba,marcelofabian.alba.1@facebook.com,"23 de Julio",https://www.facebook.com/marcelofabian.alba.1,30,,"Ciudad Autónoma de Buenos Aires","Buenos Aires",Argentina,100005797900292,"Gabriel Gutierrez",,1
Lunaticas,Feria,lunaticasferia@facebook.com,"23 de Julio",https://www.facebook.com/LunaticasFeria,32,,"Ciudad Autónoma de Buenos Aires","Buenos Aires",Argentina,100002927296134,"Gabriela Santoro",https://www.facebook.com/vgs141,1
Emi,Castillo,eeeeeeeeelemy@facebook.com,"23 de Julio",https://www.facebook.com/Eeeeeeeeelemy,21,,"Ciudad Autónoma de Buenos Aires","Buenos Aires",Argentina,1307720437,"Alejandra Lopez",,1
Cristy,Lorenzo,cristy.lorenzo.90@facebook.com,"23 de Julio",https://www.facebook.com/cristy.lorenzo.90,29,,"Ciudad Autónoma de Buenos Aires","Buenos Aires",Argentina,715743480,"Pau Britez",https://www.facebook.com/pau.britez,1
Gonzalo,Brussa,gonza.brussa@facebook.com,"23 de Julio",https://www.facebook.com/gonza.brussa,,,"Ciudad Autónoma de Buenos Aires","Buenos Aires",Argentina,100002021540986,"Agustina Pelle Müller",,1
Emiliano,Cuello,emi.cuello.14@facebook.com,"23 de Julio",https://www.facebook.com/emi.cuello.14,,,"Ciudad Autónoma de Buenos Aires","Buenos Aires",Argentina,1779717230,"Flor Vischi Cortés",https://www.facebook.com/flor.vischi,1
