Nombre,Apellido,"Email Facebook",Cumpleaños,"Usuario Facebook",Edad,Barrio,Ciudad,Provincia,Pais,"ID Facebook","Amigo De","Amigo De (Usuario)",rebound
Feer,Rios,feerrioos7@facebook.com,"01 de Junio",https://www.facebook.com/FeerRioos7,,,"Ciudad Autónoma de Buenos Aires","Buenos Aires",Argentina,100000150766317,"Agustina Pelle Müller",,1
Celina,Dupuy,celina.dupuyserrano@facebook.com,"01 de Junio",https://www.facebook.com/celina.dupuyserrano,,,"Ciudad Autónoma de Buenos Aires","Buenos Aires",Argentina,100003933059253,"Carolina Mandra",https://www.facebook.com/carolina.mandra,1
Luciano,Ovalle,luciano.ovalle.75@facebook.com,"01 de Junio",https://www.facebook.com/luciano.ovalle.75,,,"Ciudad Autónoma de Buenos Aires","Buenos Aires",Argentina,100000625745946,"Juli Sremac",https://www.facebook.com/juli.sremac,1
María,Viggiano,trini.viggiano@facebook.com,"01 de Junio",https://www.facebook.com/trini.viggiano,,,"Ciudad Autónoma de Buenos Aires","Buenos Aires",Argentina,1208135764,"Jobs Bar",https://www.facebook.com/jobsbar,1
Ikiru,Chan,caymabra@facebook.com,"01 de Junio",https://www.facebook.com/caymabra,25,,"Ciudad Autónoma de Buenos Aires","Buenos Aires",Argentina,702392304,"Maga Estevez",,1
Yael,Wilamow,yael.wilamowski.7@facebook.com,"01 de Junio",https://www.facebook.com/yael.wilamowski.7,,,"Ciudad Autónoma de Buenos Aires","Buenos Aires",Argentina,100002297436408,"Diego Binayan",https://www.facebook.com/diego.binayan,1
Clarita,Echeveste,clarita.echeveste@facebook.com,"01 de Junio",https://www.facebook.com/clarita.echeveste,24,,"Ciudad Autónoma de Buenos Aires","Buenos Aires",Argentina,1178978041,"Mauro Napole",https://www.facebook.com/maurinapole,1
Soll,Jantuss,sol.jantus@facebook.com,"01 de Junio",https://www.facebook.com/sol.jantus,23,,"Ciudad Autónoma de Buenos Aires","Buenos Aires",Argentina,100001792838957,"Paz Gonzalez",https://www.facebook.com/pachu.gonzalez,1
Waqay,Música,waqay.musica@facebook.com,"01 de Junio",https://www.facebook.com/waqay.musica,,,"Ciudad Autónoma de Buenos Aires","Buenos Aires",Argentina,100002571971485,"Agus Terra Medina",https://www.facebook.com/kiki.terra,1
Juan,Arzeno,juanmanuelarzeno@facebook.com,"01 de Junio",https://www.facebook.com/juanmanuelarzeno,,,"Ciudad Autónoma de Buenos Aires","Buenos Aires",Argentina,607277084,"Juan Martin Segre",https://www.facebook.com/juan.segre,1
Metaleros,"Por la Patria",metalerosporlapatria@facebook.com,"01 de Junio",https://www.facebook.com/Metalerosporlapatria,30,,"Ciudad Autónoma de Buenos Aires","Buenos Aires",Argentina,100004622822369,"La Rockeria",https://www.facebook.com/oveja1,1
Olivia,Lio,olivia.lio.9@facebook.com,"01 de Junio",https://www.facebook.com/olivia.lio.9,,,"Ciudad Autónoma de Buenos Aires","Buenos Aires",Argentina,764527339,"Babi Linares",https://www.facebook.com/babi.linares,1
Rascadores,"Para Tu Gato",rascadores.paratugato@facebook.com,"01 de Junio",https://www.facebook.com/rascadores.paratugato,24,"Villa Devoto","Ciudad Autónoma de Buenos Aires","Buenos Aires",Argentina,100002093202638,"Flor Scalise",https://www.facebook.com/flor.scalise,1
Cinthy,Sochas,cinthy.sochas@facebook.com,"01 de Junio",https://www.facebook.com/cinthy.sochas,26,,"Ciudad Autónoma de Buenos Aires","Buenos Aires",Argentina,606369218,"Sil Cristiano ?ï?",https://www.facebook.com/Sivinita,1
Las,Paquetas,las.paquetas.9@facebook.com,"01 de Junio",https://www.facebook.com/las.paquetas.9,24,,"Ciudad Autónoma de Buenos Aires","Buenos Aires",Argentina,100002102326293,"Flor Scalise",https://www.facebook.com/flor.scalise,1
Mariano,Castrogiovanni,mariano.castrogiovanni@facebook.com,"01 de Junio",https://www.facebook.com/mariano.castrogiovanni,,,"Ciudad Autónoma de Buenos Aires","Buenos Aires",Argentina,100003675708685,"Castro Marina",https://www.facebook.com/castro.marina,1
"Abrí Los Ojos",Fotografía,abrilosojos@facebook.com,"01 de Junio",https://www.facebook.com/abrilosojos,,,"Ciudad Autónoma de Buenos Aires","Buenos Aires",Argentina,100002460291704,"Juan Manuel Fotografo",https://www.facebook.com/JuanmaJMFotoEstudio,1
Teatro,Maipo,grupomaipo@facebook.com,"01 de Junio",https://www.facebook.com/grupomaipo,26,,"Ciudad Autónoma de Buenos Aires","Buenos Aires",Argentina,100000775348752,"Cynthia Tatiana Martinez Neves",https://www.facebook.com/cynthiatatiana.martinezne,1
Florencia,Rivas,florencia.rivas.503@facebook.com,"01 de Junio",https://www.facebook.com/florencia.rivas.503,29,,"Ciudad Autónoma de Buenos Aires","Buenos Aires",Argentina,100000362559829,"Pablo Dandrea",https://www.facebook.com/pablo.dandrea,1
Todo,Clases,todo.clases.7@facebook.com,"01 de Junio",https://www.facebook.com/todo.clases.7,,,"Ciudad Autónoma de Buenos Aires","Buenos Aires",Argentina,100000722582266,"La Rockeria",https://www.facebook.com/oveja1,1
"Animalitos de la",Sarmiento,animalitosdela.sarmiento@facebook.com,"01 de Junio",https://www.facebook.com/animalitosdela.sarmiento,25,,"Ciudad Autónoma de Buenos Aires","Buenos Aires",Argentina,100003820323678,"Mery Noel Vidal ?ï?",,1
Martin,Richards,tatinrichards@facebook.com,"01 de Junio",https://www.facebook.com/tatinrichards,,,"Ciudad Autónoma de Buenos Aires","Buenos Aires",Argentina,1426133089,"Estefi Willis",https://www.facebook.com/estefi.willis,1
Bab,Brochettes,bab.brochettes@facebook.com,"01 de Junio",https://www.facebook.com/bab.brochettes,,,"Ciudad Autónoma de Buenos Aires","Buenos Aires",Argentina,100002476990558,"Lupe Dávalos",https://www.facebook.com/guadinight,1
Emiliano,Franco,emifranco@facebook.com,"01 de Junio",https://www.facebook.com/emifranco,,,"Ciudad Autónoma de Buenos Aires","Buenos Aires",Argentina,1322846624,"Agos D'Urbano",https://www.facebook.com/agostinnad,1
Guido,Carminatti,guido.carminatti@facebook.com,"01 de Junio",https://www.facebook.com/guido.carminatti,26,,"Ciudad Autónoma de Buenos Aires","Buenos Aires",Argentina,526005547,"Juan Antonio Papagni Meca",https://www.facebook.com/juanantoniopapagnimeca,1
Nicolás,Corso,pato.corso@facebook.com,"01 de Junio",https://www.facebook.com/pato.corso,,"San Telmo","Ciudad Autónoma de Buenos Aires","Buenos Aires",Argentina,1453020751,"Emiliano Pirolo",https://www.facebook.com/emi.pirolo,1
Noelia,Marquez-Herbalife,noelia.marquez.988373@facebook.com,"01 de Junio",https://www.facebook.com/noelia.marquez.988373,23,Liniers,"Ciudad Autónoma de Buenos Aires","Buenos Aires",Argentina,100005376270496,"Cynthia Tatiana Martinez Neves",https://www.facebook.com/cynthiatatiana.martinezne,1
Carito,Gru,caritogruccio.332@facebook.com,"01 de Junio",https://www.facebook.com/caritogruccio.332,,,"Ciudad Autónoma de Buenos Aires","Buenos Aires",Argentina,100000391300431,"Ale Arias Mandarine Park",,1
Andrés,Gorostiaga,andresgorostiaga@facebook.com,"01 de Junio",https://www.facebook.com/AndresGorostiaga,25,"Buenos Aires","Buenos Aires","Buenos Aires",Argentina,1094085549,"Leo LugÓn",0,1
Sofy,Iglesias,sofy.iglesias1@facebook.com,"01 de Junio",https://www.facebook.com/sofy.iglesias1,24,,"Ciudad Autónoma de Buenos Aires","Buenos Aires",Argentina,1222942180,"Ramiro Prieto",,1
Mauro,Sartori,mauro.steelattack@facebook.com,"01 de Junio",https://www.facebook.com/mauro.steelattack,25,,"Ciudad Autónoma de Buenos Aires","Buenos Aires",Argentina,784229278,"Nicolás Marano",https://www.facebook.com/nicolasmarano10,1
Mariana,Pedernera,gorin.pedernera@facebook.com,"01 de Junio",https://www.facebook.com/gorin.pedernera,24,,"Ciudad Autónoma de Buenos Aires","Buenos Aires",Argentina,1244877592,"Ramiro Prieto",,1
Cristian,Cica,cristian.ciccaglione@facebook.com,"01 de Junio",https://www.facebook.com/cristian.ciccaglione,29,,"Ciudad Autónoma de Buenos Aires","Buenos Aires",Argentina,100001114774591,"Guido Blarasin",https://www.facebook.com/guido.blarasin,1
Eugenia,Contarini,eugenia.contarini@facebook.com,"01 de Junio",https://www.facebook.com/eugenia.contarini,,,"Ciudad Autónoma de Buenos Aires","Buenos Aires",Argentina,743853097,"Ezequiel H. Almada Alcorta",,1
Gafas,Sol,gafasds@facebook.com,"01 de Junio",https://www.facebook.com/gafasds,24,,"Ciudad Autónoma de Buenos Aires","Buenos Aires",Argentina,100000985523622,"Carla Ferro",https://www.facebook.com/carla.ferro,1
Insaniafilms,Produ,insaniafilms.produ@facebook.com,"01 de Junio",https://www.facebook.com/insaniafilms.produ,24,,"Ciudad Autónoma de Buenos Aires","Buenos Aires",Argentina,100002087674588,"Brenda Fabregat",https://www.facebook.com/brenda.fabregat,1
Rodrigo,Mon,rodrigo.mon.1@facebook.com,"01 de Junio",https://www.facebook.com/rodrigo.mon.1,27,,"Ciudad Autónoma de Buenos Aires","Buenos Aires",Argentina,1551071484,"Alejandro Polo",https://www.facebook.com/alejandropolo16,1
Daniela,Manson,youareawonderwall@facebook.com,"02 de Junio",https://www.facebook.com/youareawonderwall,,,"Ciudad Autónoma de Buenos Aires","Buenos Aires",Argentina,100001916484795,"La Rockeria",https://www.facebook.com/oveja1,1
Agustin,Malacalza,tuti.malacalza@facebook.com,"02 de Junio",https://www.facebook.com/tuti.malacalza,23,,"Ciudad Autónoma de Buenos Aires","Buenos Aires",Argentina,100000487766818,"Flor Scalise",https://www.facebook.com/flor.scalise,1
Diego,Sebastián,dieh.rivas@facebook.com,"02 de Junio",https://www.facebook.com/dieh.rivas,26,"Nueva Pompeya","Ciudad Autónoma de Buenos Aires","Distrito Federal",Argentina,1070808551,"Gustavo Pietrafesa",,1
Jazmin,Prodan,jazmin.prodan.3@facebook.com,"02 de Junio",https://www.facebook.com/jazmin.prodan.3,26,,"Ciudad Autónoma de Buenos Aires","Buenos Aires",Argentina,578608616,"Natascha Stern",https://www.facebook.com/natascha.stern,1
Guido,Wainstein,guido.wainstein@facebook.com,"02 de Junio",https://www.facebook.com/guido.wainstein,23,,"Ciudad Autónoma de Buenos Aires","Buenos Aires",Argentina,711173150,"Ana Glinberg",https://www.facebook.com/ana.glinberg,1
"Petit Dance",Coreografiaca,petitdance.coreografiaca@facebook.com,"02 de Junio",https://www.facebook.com/petitdance.coreografiaca,26,,"Ciudad Autónoma de Buenos Aires","Buenos Aires",Argentina,100002284219562,"Miranda Toderi",https://www.facebook.com/miranda.toderi,1
Fernanda,"Oteyza Lucangeli",fernanda.oteyzalucangeli@facebook.com,"02 de Junio",https://www.facebook.com/fernanda.oteyzalucangeli,27,,"Ciudad Autónoma de Buenos Aires","Buenos Aires",Argentina,100000917292593,"Flor Scalise",https://www.facebook.com/flor.scalise,1
Maiu,Indumentaria,maiu.indumentaria@facebook.com,"02 de Junio",https://www.facebook.com/maiu.indumentaria,27,,"Ciudad Autónoma de Buenos Aires","Buenos Aires",Argentina,100000922069859,"Flor Scalise",https://www.facebook.com/flor.scalise,1
Mass,Masajes,arabe.masaje@facebook.com,"02 de Junio",https://www.facebook.com/arabe.masaje,30,Recoleta,"Ciudad Autónoma de Buenos Aires","Buenos Aires",Argentina,100008041421453,"Cristian Fernandez Villamor",https://www.facebook.com/cristian.fernandezvillamo,1
Gamaliel,Gamaliel,indumentaria.calzado@facebook.com,"02 de Junio",https://www.facebook.com/indumentaria.calzado,,,"Ciudad Autónoma de Buenos Aires","Buenos Aires",Argentina,100001604492752,"Silvia Fernandez",https://www.facebook.com/silviafernandezchivi,1
Agustina,Pereda,agustinaaruma@facebook.com,"02 de Junio",https://www.facebook.com/agustinaaruma,,,"Ciudad Autónoma de Buenos Aires","Buenos Aires",Argentina,100002195106463,"Flor Charró",https://www.facebook.com/florr.ch,1
Juanchi,"Del Rincon",juanchi.delrincon@facebook.com,"02 de Junio",https://www.facebook.com/juanchi.delrincon,,,"Ciudad Autónoma de Buenos Aires","Buenos Aires",Argentina,1633294121,"Valentino Fabre",https://www.facebook.com/valenfabre,1
Jorge,Play,jorge.play.5@facebook.com,"02 de Junio",https://www.facebook.com/jorge.play.5,,,"Ciudad Autónoma de Buenos Aires","Buenos Aires",Argentina,100003938764874,"Luli Torres",,1
Agostina,Nadale,agostina.nadale@facebook.com,"02 de Junio",https://www.facebook.com/agostina.nadale,,,"Ciudad Autónoma de Buenos Aires","Buenos Aires",Argentina,624458113,"Cecilia Morinigo",,1
Lorymar,Argentina,lorymar.argentina@facebook.com,"02 de Junio",https://www.facebook.com/lorymar.argentina,,,"Ciudad Autónoma de Buenos Aires","Buenos Aires",Argentina,100001538441830,"Jessica Bellomo",https://www.facebook.com/JessBellomo,1
Laura,Fernandez,laura.fernandez.50115161@facebook.com,"02 de Junio",https://www.facebook.com/laura.fernandez.50115161,30,,"Ciudad Autónoma de Buenos Aires","Buenos Aires",Argentina,1487047776,"AnGie Bensignor",https://www.facebook.com/AnGieBensignor,1
Guido,Baranzelli,guido.baranzelli@facebook.com,"02 de Junio",https://www.facebook.com/guido.baranzelli,,,"Ciudad Autónoma de Buenos Aires","Buenos Aires",Argentina,1015006745,"Florencia Pellegrino",,1
Rebossantes,Bossanova,rebossantes.bossanova@facebook.com,"02 de Junio",https://www.facebook.com/rebossantes.bossanova,23,"Buenos Aires","Buenos Aires","Buenos Aires",Argentina,100002178255293,"Alejandro Dixon",0,1
Leticia,Canzoniero,leticia.canzoniero@facebook.com,"02 de Junio",https://www.facebook.com/leticia.canzoniero,,"Buenos Aires","Buenos Aires","Buenos Aires",Argentina,100002067681084,"Leonardo Schreyer",0,1
Merci,Fenix,merci.fenix@facebook.com,"02 de Junio",https://www.facebook.com/merci.fenix,,,"Ciudad Autónoma de Buenos Aires","Buenos Aires",Argentina,100002086902840,"Ariel Villarreal",,1
Guirao,Agustin,guirao.agustin.1@facebook.com,"02 de Junio",https://www.facebook.com/guirao.agustin.1,29,,"Ciudad Autónoma de Buenos Aires","Buenos Aires",Argentina,100001938576322,"Nataly Cuerva",https://www.facebook.com/nataliagtrujillo,1
Agostina,Scoponi,agostina.scoponi@facebook.com,"02 de Junio",https://www.facebook.com/agostina.scoponi,23,,"Ciudad Autónoma de Buenos Aires","Buenos Aires",Argentina,773334702,"Lucas Malaret",https://www.facebook.com/lmalaret,1
Brian,Ezequiel,brriians@facebook.com,"02 de Junio",https://www.facebook.com/brriians,,,"Ciudad Autónoma de Buenos Aires","Buenos Aires",Argentina,100002565471753,"Agustina Pelle Müller",,1
Erika,Demarco,erikaademarco@facebook.com,"02 de Junio",https://www.facebook.com/erikaademarco,,,"Ciudad Autónoma de Buenos Aires","Buenos Aires",Argentina,100000026132875,"Jonathan Julian",,1
Everock,"Agregame A Everock Dos",everock.eve@facebook.com,"02 de Junio",https://www.facebook.com/everock.eve,24,,"Ciudad Autónoma de Buenos Aires","Buenos Aires",Argentina,695304628,"La Rockeria",https://www.facebook.com/oveja1,1
Juanse,Cai,juaanseelvemme@facebook.com,"02 de Junio",https://www.facebook.com/juaanseElVemme,,,"Ciudad Autónoma de Buenos Aires","Buenos Aires",Argentina,1617245188,"Juanma Ramirez",,1
"Lucas Javier",Osterc,lucasjavier.osterc@facebook.com,"02 de Junio",https://www.facebook.com/lucasjavier.osterc,30,,"Ciudad Autónoma de Buenos Aires","Buenos Aires",Argentina,100006921762485,"Santi Osterc",https://www.facebook.com/santiosterc,1
Danzave,Instituto,danzave.instituto@facebook.com,"02 de Junio",https://www.facebook.com/danzave.instituto,22,,"Ciudad Autónoma de Buenos Aires","Buenos Aires",Argentina,100002278563378,"Silvia Grun",,1
Danza,Imagen,danza.imagen@facebook.com,"02 de Junio",https://www.facebook.com/danza.imagen,,,"Ciudad Autónoma de Buenos Aires","Buenos Aires",Argentina,100000209582294,"Aldana Queirolo",https://www.facebook.com/aldana.queirolo,1
Mora,Espinel,mora.espinel@facebook.com,"02 de Junio",https://www.facebook.com/mora.espinel,24,,"Ciudad Autónoma de Buenos Aires","Buenos Aires",Argentina,100001602626835,"Agus Rodriguez",,1
Lucho,Parodi,lucho.parodi.3@facebook.com,"02 de Junio",https://www.facebook.com/lucho.parodi.3,,,"Ciudad Autónoma de Buenos Aires","Buenos Aires",Argentina,100000045508133,"Alan Volper",https://www.facebook.com/alan.volper,1
StylishWomen,"Indumentaria Importada",stylishwomenshop@facebook.com,"02 de Junio",https://www.facebook.com/StylishWomenShop,23,,"Ciudad Autónoma de Buenos Aires","Buenos Aires",Argentina,100002320173038,"Yani Nefes",https://www.facebook.com/yani.nefes,1
"Agustina Solange",Maciel,agustinasolange.maciel@facebook.com,"02 de Junio",https://www.facebook.com/agustinasolange.maciel,,,"Ciudad Autónoma de Buenos Aires","Buenos Aires",Argentina,100001455415307,"Pamela Garrote",https://www.facebook.com/pamela.garrote,1
Nadia,Solinz,nani.nait.9@facebook.com,"02 de Junio",https://www.facebook.com/nani.nait.9,21,,"Ciudad Autónoma de Buenos Aires","Buenos Aires",Argentina,100008210312638,"Javier Potenza",,1
Rocío,Romero,onyourcorpse@facebook.com,"02 de Junio",https://www.facebook.com/onyourcorpse,,,"Ciudad Autónoma de Buenos Aires","Buenos Aires",Argentina,593060965,"Jobs Bar",https://www.facebook.com/jobsbar,1
Cami,Teijeiro,cami.tei@facebook.com,"03 de Junio",https://www.facebook.com/cami.tei,,,"Ciudad Autónoma de Buenos Aires","Buenos Aires",Argentina,1347799109,"Facu Denegri",,1
Ehíí,Tamíí,ehii.tamii@facebook.com,"03 de Junio",https://www.facebook.com/ehii.tamii,21,,"Ciudad Autónoma de Buenos Aires","Buenos Aires",Argentina,100000441340832,"Fiestas Baires",,1
Nicolás,Bronzina,nicobronzina@facebook.com,"03 de Junio",https://www.facebook.com/nicobronzina,,,"Ciudad Autónoma de Buenos Aires","Buenos Aires",Argentina,547278332,"Luli Torres",,1
"La Distribuidora","Alimento Para Mascotas",ladistribuidorabalanceados@facebook.com,"03 de Junio",https://www.facebook.com/ladistribuidorabalanceados,29,,"Ciudad Autónoma de Buenos Aires","Buenos Aires",Argentina,100005313840920,"Ayelen Alumine Anahi",https://www.facebook.com/ashe.chabakana,1
Agustin,Clar,agustin.clar.9@facebook.com,"03 de Junio",https://www.facebook.com/agustin.clar.9,,"Buenos Aires","Buenos Aires","Buenos Aires",Argentina,100000266387784,"Patrick Fernando Kushner L",0,1
Maca,Rena,ale.mugnecovalle@facebook.com,"03 de Junio",https://www.facebook.com/ale.mugnecovalle,,,"Ciudad Autónoma de Buenos Aires","Buenos Aires",Argentina,1642957261,"Juan Antonio Papagni Meca",https://www.facebook.com/juanantoniopapagnimeca,1
Lucila,Ramos,lucila.ramos.7161@facebook.com,"03 de Junio",https://www.facebook.com/lucila.ramos.7161,26,,"Ciudad Autónoma de Buenos Aires","Buenos Aires",Argentina,100005148032588,"Atilio Fernandez",,1
"La Oreja","Del Rock",laoreja.delrock@facebook.com,"03 de Junio",https://www.facebook.com/laoreja.delrock,,,"Ciudad Autónoma de Buenos Aires","Buenos Aires",Argentina,1700758810,"Jessica Bellomo",https://www.facebook.com/JessBellomo,1
"Rayuela Decó","Vinilos Decorativos",rayuela.autoadhesivosdecorativos@facebook.com,"03 de Junio",https://www.facebook.com/rayuela.autoadhesivosdecorativos,29,,"Ciudad Autónoma de Buenos Aires","Buenos Aires",Argentina,100001421645163,"Nannuja Nadia Delfini",https://www.facebook.com/nadiaximenadelfi,1
Luly,Xeneize,luly.bocajuniors@facebook.com,"03 de Junio",https://www.facebook.com/luly.bocajuniors,,"La Boca","Ciudad Autónoma de Buenos Aires","Buenos Aires",Argentina,100004687569768,"Fede Martinez",https://www.facebook.com/fedemartinez17,1
Refugios,Caninos,refugios.caninos@facebook.com,"03 de Junio",https://www.facebook.com/refugios.caninos,30,,"Ciudad Autónoma de Buenos Aires","Buenos Aires",Argentina,100000582606216,"Mery Noel Vidal ?ï?",,1
Federico,Tibaldi,albertotibaldipene@facebook.com,"03 de Junio",https://www.facebook.com/albertotibaldipene,21,,"Ciudad Autónoma de Buenos Aires","Buenos Aires",Argentina,1335981749,"Gonza Gonzalez",,1
Daniel,Garay,danielgarayok@facebook.com,"03 de Junio",https://www.facebook.com/danielgarayOK,,,"Ciudad Autónoma de Buenos Aires","Buenos Aires",Argentina,100000989734854,"Juanma Ramirez",,1
Ivan,Echeverria,ivan.echeverria.12@facebook.com,"03 de Junio",https://www.facebook.com/ivan.echeverria.12,,,"Ciudad Autónoma de Buenos Aires","Buenos Aires",Argentina,100000523471559,"Rochi Christensen",https://www.facebook.com/rochi.christensen,1
Marikena,Gdp,marikena.gdp@facebook.com,"03 de Junio",https://www.facebook.com/marikena.gdp,,,"Ciudad Autónoma de Buenos Aires","Buenos Aires",Argentina,1456473160,"Nahu Millicay Pereyra",https://www.facebook.com/nahumilli,1
Luli,Pinedo,lu.pinedo@facebook.com,"03 de Junio",https://www.facebook.com/lu.pinedo,,,"Ciudad Autónoma de Buenos Aires","Buenos Aires",Argentina,100003674623434,"Fran L. Ocampo",https://www.facebook.com/franco,1
Indio,Cervecero,cciroo1@facebook.com,"03 de Junio",https://www.facebook.com/cciroo1,26,,"Ciudad Autónoma de Buenos Aires","Buenos Aires",Argentina,100001699405995,"Silvia Fernandez",https://www.facebook.com/silviafernandezchivi,1
Valen,Millonario,valen.millonario.5@facebook.com,"03 de Junio",https://www.facebook.com/valen.millonario.5,22,,"Ciudad Autónoma de Buenos Aires","Buenos Aires",Argentina,100003134034180,"Paula Martínez",,1
Alan,Bellini,alan.bellini@facebook.com,"03 de Junio",https://www.facebook.com/alan.bellini,26,,"Ciudad Autónoma de Buenos Aires","Buenos Aires",Argentina,1407911022,"Caro Ros Jones",https://www.facebook.com/carorosjones,1
Sophie,Cafano,sophiecafano@facebook.com,"03 de Junio",https://www.facebook.com/sophiecafano,21,,"Ciudad Autónoma de Buenos Aires","Buenos Aires",Argentina,100003899505756,"Cesar Berdullas",https://www.facebook.com/cesar.berdullas,1
Micheluzzi,Zapatos,micheluzzi.calzados@facebook.com,"03 de Junio",https://www.facebook.com/micheluzzi.calzados,,,"Ciudad Autónoma de Buenos Aires","Buenos Aires",Argentina,100001358334111,"Camila Gonzalez C",https://www.facebook.com/letmerocknrollyou,1
Priscila,Marzinkus,priscilamarzinkus@facebook.com,"03 de Junio",https://www.facebook.com/PriscilaMarzinkus,,"San Telmo","Ciudad Autónoma de Buenos Aires","Buenos Aires",Argentina,1330356257,"Martín Álvarez BA I",https://www.facebook.com/Woody.Blair,1
Veronica,"Pelaez Perez",veronica.pelaezperez.9@facebook.com,"03 de Junio",https://www.facebook.com/veronica.pelaezperez.9,,,"Ciudad Autónoma de Buenos Aires","Buenos Aires",Argentina,1502449966,"Ariel Villarreal",,1
"Ana Paula",Bellando,anapaula.bellando@facebook.com,"03 de Junio",https://www.facebook.com/anapaula.bellando,23,,"Ciudad Autónoma de Buenos Aires","Buenos Aires",Argentina,1458084715,"July Jaluff",https://www.facebook.com/july.jaluff,1
Luli,Gomez,luli.gomez.79@facebook.com,"03 de Junio",https://www.facebook.com/luli.gomez.79,,,"Ciudad Autónoma de Buenos Aires","Buenos Aires",Argentina,1137402215,"Aniita Canta",https://www.facebook.com/Aniita.Canta,1
Karen,Micaela,karen.micaela.142@facebook.com,"03 de Junio",https://www.facebook.com/karen.micaela.142,,,"Ciudad Autónoma de Buenos Aires","Buenos Aires",Argentina,100002205836522,"Matías Panero",,1
Alexander,Fernandez,alexander.fernandez.9@facebook.com,"03 de Junio",https://www.facebook.com/alexander.fernandez.9,,,"Ciudad Autónoma de Buenos Aires","Buenos Aires",Argentina,100003340170290,"Flor Vischi Cortés",https://www.facebook.com/flor.vischi,1
Lucas,Korol,lucas.korol@facebook.com,"03 de Junio",https://www.facebook.com/lucas.korol,,,"Ciudad Autónoma de Buenos Aires","Buenos Aires",Argentina,1147248212,"Flor Vischi Cortés",https://www.facebook.com/flor.vischi,1
Micaela,Acosta,micaela.acosta.16@facebook.com,"03 de Junio",https://www.facebook.com/micaela.acosta.16,,,"Ciudad Autónoma de Buenos Aires","Buenos Aires",Argentina,1279186795,"Julian Marino",,1
Thomas,Gonsales,thomas.gonsales.9@facebook.com,"03 de Junio",https://www.facebook.com/thomas.gonsales.9,,,"Ciudad Autónoma de Buenos Aires","Buenos Aires",Argentina,100003331134843,"Tomás Eis",,1
Steffy,García,stefy.garcia@facebook.com,"03 de Junio",https://www.facebook.com/stefy.garcia,,,"Ciudad Autónoma de Buenos Aires","Buenos Aires",Argentina,629993849,"Jose Guevara",https://www.facebook.com/JoeGuevara81,1
Divinidades,Moda,divinidades.moda@facebook.com,"03 de Junio",https://www.facebook.com/divinidades.moda,22,,"Ciudad Autónoma de Buenos Aires","Buenos Aires",Argentina,100001230801044,"Caro Real",,1
Rocco,"Di Tella",coconut667@facebook.com,"03 de Junio",https://www.facebook.com/Coconut667,,"Buenos Aires","Buenos Aires","Buenos Aires",Argentina,1191980031,"Martu Lehmann",0,1
Facundo,"Fernandez Tirota",facundo.fernandeztirota@facebook.com,"03 de Junio",https://www.facebook.com/facundo.fernandeztirota,,,"Ciudad Autónoma de Buenos Aires","Buenos Aires",Argentina,100001015814016,"Sol Policastro",https://www.facebook.com/solangeforever,1
Elìas,Mora,eliassantarosa@facebook.com,"03 de Junio",https://www.facebook.com/EliasSantaRosa,,,"Ciudad Autónoma de Buenos Aires","Buenos Aires",Argentina,100000124984280,"Cielito Perez",,1
Nicolas,Celso,nicolas.celso@facebook.com,"03 de Junio",https://www.facebook.com/nicolas.celso,29,"Buenos Aires","Buenos Aires","Buenos Aires",Argentina,1539053966,"Patrick Fernando Kushner L",0,1
Dante,Puglisi,dante.puglisi@facebook.com,"03 de Junio",https://www.facebook.com/dante.puglisi,,,"Ciudad Autónoma de Buenos Aires","Buenos Aires",Argentina,1047579404,"Ivan Lisz",,1
Ayelen,Pellegrino,ayelen.pellegrino@facebook.com,"03 de Junio",https://www.facebook.com/ayelen.pellegrino,27,Avellaneda,"Ciudad Autónoma de Buenos Aires","Buenos Aires",Argentina,664569503,"Jessica Bellomo",https://www.facebook.com/JessBellomo,1
Julieta,Rivero,juuli.rivero@facebook.com,"03 de Junio",https://www.facebook.com/Juuli.rivero,,,"Ciudad Autónoma de Buenos Aires","Buenos Aires",Argentina,1112748467,"Carolina Damiano",https://www.facebook.com/carolina.damiano,1
Candelaria,Deferrari,candelariadeferrari@facebook.com,"03 de Junio",https://www.facebook.com/candelariadeferrari,,Colegiales,"Ciudad Autónoma de Buenos Aires","Buenos Aires",Argentina,1122915239,"Luli Torres",,1
Fede,Erbetta,fede.erbetta.5@facebook.com,"03 de Junio",https://www.facebook.com/fede.erbetta.5,29,,"Ciudad Autónoma de Buenos Aires","Buenos Aires",Argentina,1073034936,"Analia Utlo",https://www.facebook.com/ANY10,1
Eli,"Báez Samudio",ely.marleyii@facebook.com,"04 de Junio",https://www.facebook.com/ely.marleyii,,,"Ciudad Autónoma de Buenos Aires","Buenos Aires",Argentina,100006143620817,"Flor Encino",https://www.facebook.com/flopy.encino,1
Unisono,Danzas,unisono.danzas@facebook.com,"04 de Junio",https://www.facebook.com/unisono.danzas,,"Villa Devoto","Ciudad Autónoma de Buenos Aires","Buenos Aires",Argentina,100001655117352,"Mia Miry Ponce",,1
"Agos Michu",Maizlisz,agostina.maizlisz@facebook.com,"04 de Junio",https://www.facebook.com/agostina.maizlisz,30,,"Ciudad Autónoma de Buenos Aires","Buenos Aires",Argentina,749134885,"Ago Benedettini",https://www.facebook.com/ago.benedettini,1
GR,Silver,gisela.reynoso.756@facebook.com,"04 de Junio",https://www.facebook.com/gisela.reynoso.756,,,"Ciudad Autónoma de Buenos Aires","Buenos Aires",Argentina,100006665011387,"Marisa Laura Negri",https://www.facebook.com/mlnegri,1
Bernardo,Russo,biborusso@facebook.com,"04 de Junio",https://www.facebook.com/biborusso,,"Buenos Aires","Buenos Aires","Buenos Aires",Argentina,1294603912,"Rebe Gonzalez",0,1
Maira,Giselle,maira.giselle@facebook.com,"04 de Junio",https://www.facebook.com/maira.giselle,,,"Ciudad Autónoma de Buenos Aires","Buenos Aires",Argentina,1163955943,"Martín Álvarez BA I",https://www.facebook.com/Woody.Blair,1
Angelica,Barreto,angelica.barreto.393@facebook.com,"04 de Junio",https://www.facebook.com/angelica.barreto.393,28,,"Ciudad Autónoma de Buenos Aires","Buenos Aires",Argentina,100001061810936,"Julio Bittancourt",https://www.facebook.com/jbittancourt,1
Jennifer,Murray,jennifer.murray.790693@facebook.com,"04 de Junio",https://www.facebook.com/jennifer.murray.790693,,,"Ciudad Autónoma de Buenos Aires","Buenos Aires",Argentina,757834896,"Pablo Dandrea",https://www.facebook.com/pablo.dandrea,1
Partibles,"del Mundo",partibles.delmundo.1@facebook.com,"04 de Junio",https://www.facebook.com/partibles.delmundo.1,28,,"Ciudad Autónoma de Buenos Aires","Buenos Aires",Argentina,100004799804048,"Anna Laura",https://www.facebook.com/Anna.Laucha,1
Pame,Garnier,sol.garnier.9@facebook.com,"04 de Junio",https://www.facebook.com/sol.garnier.9,,,"Ciudad Autónoma de Buenos Aires","Buenos Aires",Argentina,1176844597,"Maria Laura Mortensen",,1
Lalu,Caceres,lalu.caceres@facebook.com,"04 de Junio",https://www.facebook.com/lalu.caceres,,,"Ciudad Autónoma de Buenos Aires","Buenos Aires",Argentina,100003453473492,"Nell Rosales",https://www.facebook.com/nell.rosales,1
"La Corriente",Pro,juventud.lacorrientepro@facebook.com,"04 de Junio",https://www.facebook.com/juventud.lacorrientepro,26,,"Ciudad Autónoma de Buenos Aires","Buenos Aires",Argentina,100003848845712,"Lucía Lopez Aleman",https://www.facebook.com/marialucialopezaleman,1
Brenda,Avril,angelinna.croft@facebook.com,"04 de Junio",https://www.facebook.com/angelinna.croft,25,Recoleta,"Ciudad Autónoma de Buenos Aires","Buenos Aires",Argentina,100004184073393,"Guido Moncayo",https://www.facebook.com/guido.moncayo,1
Smt,"Dosmilcatorce Mujeres",smt2014@facebook.com,"04 de Junio",https://www.facebook.com/smt2014,25,,"Ciudad Autónoma de Buenos Aires","Buenos Aires",Argentina,100005810733600,"Martin Olmedo",,1
ShowMusic,Ochenta,showmusic.ochenta@facebook.com,"04 de Junio",https://www.facebook.com/showmusic.ochenta,,,"Ciudad Autónoma de Buenos Aires","Buenos Aires",Argentina,100002554108763,"Fernando Velcic",https://www.facebook.com/fernando.velcic,1
Geri,Geraige,geri.geraige@facebook.com,"04 de Junio",https://www.facebook.com/geri.geraige,,,"Ciudad Autónoma de Buenos Aires","Buenos Aires",Argentina,511461301,"Mery Noel Vidal ?ï?",,1
Ine,Ensinck,inee.ensinck@facebook.com,"04 de Junio",https://www.facebook.com/inee.ensinck,30,,"Ciudad Autónoma de Buenos Aires","Buenos Aires",Argentina,100003602961251,"Juan Cruz Albornoz",,1
Agustina,Olivera,agustina.g.olivera@facebook.com,"04 de Junio",https://www.facebook.com/agustina.g.olivera,,,"Ciudad Autónoma de Buenos Aires","Buenos Aires",Argentina,569321758,"Alexia Garcia",https://www.facebook.com/garciaalexiia,1
Yesicca,Russo,yesicca.russo@facebook.com,"04 de Junio",https://www.facebook.com/yesicca.russo,25,,"Ciudad Autónoma de Buenos Aires","Buenos Aires",Argentina,1438782434,"Emme Elle Russo",https://www.facebook.com/emme.shantiom,1
Pipi,Trigueiro,pipi.trigueiro@facebook.com,"04 de Junio",https://www.facebook.com/pipi.trigueiro,,"Buenos Aires","Buenos Aires","Buenos Aires",Argentina,1241500981,"Alan Yun",0,1
Sueños,Placenteros,suenos.placenteros@facebook.com,"04 de Junio",https://www.facebook.com/suenos.placenteros,24,,"Ciudad Autónoma de Buenos Aires","Buenos Aires",Argentina,100003939984334,"Castro Marina",https://www.facebook.com/castro.marina,1
Dateungusto,Jym,julianapercara01@facebook.com,"04 de Junio",https://www.facebook.com/julianapercara01,27,"La Paternal","Ciudad Autónoma de Buenos Aires","Buenos Aires",Argentina,100006920790908,"Maria Garcia Neglia",https://www.facebook.com/maria.garcianeglia,1
Hernan,Salcedo,hernan.salcedo.311@facebook.com,"04 de Junio",https://www.facebook.com/hernan.salcedo.311,27,"Parque Patricios","Ciudad Autónoma de Buenos Aires","Buenos Aires",Argentina,1360535171,"Fede Martinez",https://www.facebook.com/fedemartinez17,1
Cami,Defelippis,camidefelippis@facebook.com,"04 de Junio",https://www.facebook.com/camidefelippis,,,"Ciudad Autónoma de Buenos Aires","Buenos Aires",Argentina,1065571569,"Nahu Millicay Pereyra",https://www.facebook.com/nahumilli,1
Ludmy,Britez,karencloe@facebook.com,"04 de Junio",https://www.facebook.com/karencloe,,,"Ciudad Autónoma de Buenos Aires","Buenos Aires",Argentina,1227616479,"Martín Álvarez BA I",https://www.facebook.com/Woody.Blair,1
Lucha,Fernández,lulita.quemera@facebook.com,"04 de Junio",https://www.facebook.com/LuLiTa.Quemera,,,"Ciudad Autónoma de Buenos Aires","Buenos Aires",Argentina,1040773337,"Aldana Queirolo",https://www.facebook.com/aldana.queirolo,1
Armando,Misme,armando.misme@facebook.com,"04 de Junio",https://www.facebook.com/armando.misme,,,"Ciudad Autónoma de Buenos Aires","Buenos Aires",Argentina,100000237025668,"Yasu Higa",,1
Hannu,Fara,hannufara@facebook.com,"04 de Junio",https://www.facebook.com/HannuFara,,,"Ciudad Autónoma de Buenos Aires","Buenos Aires",Argentina,1402565548,"Luli Torres",,1
Vale,Robledo,foreveraloneando@facebook.com,"04 de Junio",https://www.facebook.com/ForeverAloneando,,"Comodoro Rivadavia","Ciudad Autónoma de Buenos Aires","Distrito Federal",Argentina,100001220171413,"Pedro Lopezyfernandez",https://www.facebook.com/pedronahuel,1
Rodrigo,Toyama,rodrigo.toyama@facebook.com,"04 de Junio",https://www.facebook.com/rodrigo.toyama,,,"Ciudad Autónoma de Buenos Aires","Buenos Aires",Argentina,1010991972,"Jorge Biamonte",https://www.facebook.com/georgebiamonteok,1
Franco,Sicardo,kaaacoo@facebook.com,"04 de Junio",https://www.facebook.com/kaaacoo,,"Monte Castro","Ciudad Autónoma de Buenos Aires","Distrito Federal",Argentina,1335481148,"Matias Duarte",,1
Glam,PromoEventos,glam.promoeventos@facebook.com,"04 de Junio",https://www.facebook.com/glam.promoeventos,,,"Ciudad Autónoma de Buenos Aires","Buenos Aires",Argentina,100000508051606,"Maria Laura Mortensen",,1
Julian,Rodriguez,julian.rodriguez.712@facebook.com,"04 de Junio",https://www.facebook.com/julian.rodriguez.712,21,,"Ciudad Autónoma de Buenos Aires","Buenos Aires",Argentina,1809454868,"Gustavo Pietrafesa",,1
Lunaticos,Lk,lunaticoslk@facebook.com,"04 de Junio",https://www.facebook.com/lunaticoslk,21,,"Ciudad Autónoma de Buenos Aires","Buenos Aires",Argentina,100003748258408,"Charly Ruez",https://www.facebook.com/charly.ruez,1
"Jessi Jenny","John Teatro",jessijennyandjohnteatro@facebook.com,"04 de Junio",https://www.facebook.com/jessijennyandjohnteatro,,,"Ciudad Autónoma de Buenos Aires","Buenos Aires",Argentina,100001165132326,"Flor Scalise",https://www.facebook.com/flor.scalise,1
Gael,Cofnas,gael.cofnas@facebook.com,"04 de Junio",https://www.facebook.com/gael.cofnas,,,"Ciudad Autónoma de Buenos Aires","Buenos Aires",Argentina,100000573476638,"Nicolas Zelechowski",,1
Clara,Hitce,clara.hitce@facebook.com,"04 de Junio",https://www.facebook.com/clara.hitce,,,"Ciudad Autónoma de Buenos Aires","Buenos Aires",Argentina,562366710,"Matias Adanez",https://www.facebook.com/madanez,1
"De Luciia",Urcelay,luuuwowkaaa@facebook.com,"04 de Junio",https://www.facebook.com/LuuuWowkaaa,,,"Ciudad Autónoma de Buenos Aires","Buenos Aires",Argentina,100002062789717,"Anna Laura",https://www.facebook.com/Anna.Laucha,1
Guido,Travella,guido.travella@facebook.com,"04 de Junio",https://www.facebook.com/guido.travella,,,"Ciudad Autónoma de Buenos Aires","Buenos Aires",Argentina,1290203115,"Rochi Christensen",https://www.facebook.com/rochi.christensen,1
Lula,Cedarri,lula.cedarri@facebook.com,"04 de Junio",https://www.facebook.com/lula.cedarri,,,"Ciudad Autónoma de Buenos Aires","Buenos Aires",Argentina,1240902831,"Caro Remedi",https://www.facebook.com/carol.remedi,1
Natalia,Cupaiolo,natalia.cupaiolo@facebook.com,"29 de Mayo",https://www.facebook.com/natalia.cupaiolo,29,,"Ciudad Autónoma de Buenos Aires","Buenos Aires",Argentina,100000282736291,"Florencia Ferrari",https://www.facebook.com/florenciaferrari.1403,1
Marian,Rules,marianpriet@facebook.com,"29 de Mayo",https://www.facebook.com/marianpriet,21,,"Ciudad Autónoma de Buenos Aires","Buenos Aires",Argentina,1318846156,"Aniita Canta",https://www.facebook.com/Aniita.Canta,1
"Mujer Con",Belleza,mujercon.belleza.9@facebook.com,"29 de Mayo",https://www.facebook.com/mujercon.belleza.9,27,,"Ciudad Autónoma de Buenos Aires","Buenos Aires",Argentina,100002761726659,"Jessica Bellomo",https://www.facebook.com/JessBellomo,1
Delfina,Krause,delfina.krause@facebook.com,"29 de Mayo",https://www.facebook.com/delfina.krause,,,"Ciudad Autónoma de Buenos Aires","Buenos Aires",Argentina,730114743,"Mariano Gonzalez",,1
Nicolás,Riera,nicolas.riera.7583@facebook.com,"29 de Mayo",https://www.facebook.com/nicolas.riera.7583,29,,"Ciudad Autónoma de Buenos Aires","Buenos Aires",Argentina,1378938683,"Emanuel Gaston Perdigues",https://www.facebook.com/emaxpx,1
Fátima,"Kener Ilustradora",fatima.kenerilustradora@facebook.com,"29 de Mayo",https://www.facebook.com/fatima.kenerilustradora,,,"Ciudad Autónoma de Buenos Aires","Buenos Aires",Argentina,100002828911653,"Valentin Abelardo",https://www.facebook.com/valentin.abelardo,1
"Maria Victoria",Cordero,mvictoriacordero@facebook.com,"29 de Mayo",https://www.facebook.com/mvictoriacordero,24,,"Ciudad Autónoma de Buenos Aires","Buenos Aires",Argentina,100002978493338,"Lucía Lopez Aleman",https://www.facebook.com/marialucialopezaleman,1
Joni,Gauna,joni.gauna.71@facebook.com,"29 de Mayo",https://www.facebook.com/joni.gauna.71,25,,"Ciudad Autónoma de Buenos Aires","Buenos Aires",Argentina,100001587038723,"Noelia Sarquiz",https://www.facebook.com/noelia.sarquiz,1
Axolote,Infernet,axolote.infernet@facebook.com,"29 de Mayo",https://www.facebook.com/axolote.infernet,,,"Ciudad Autónoma de Buenos Aires","Buenos Aires",Argentina,1399493834,"Dani Escala",https://www.facebook.com/danielaescala,1
Michella,Pereyra,michella.pereyraquienteiro@facebook.com,"29 de Mayo",https://www.facebook.com/michella.pereyraquienteiro,21,,"Ciudad Autónoma de Buenos Aires","Buenos Aires",Argentina,100005079578709,"Agustina Pelle Müller",,1
Gime,Rivero,gimee.nitaa.9@facebook.com,"29 de Mayo",https://www.facebook.com/gimee.nitaa.9,,,"Ciudad Autónoma de Buenos Aires","Buenos Aires",Argentina,100002962064876,"Ian Szejner",,1
Christian,Floresta,christian.floresta1@facebook.com,"29 de Mayo",https://www.facebook.com/christian.floresta1,29,"Monte Castro","Ciudad Autónoma de Buenos Aires","Buenos Aires",Argentina,100001205450962,"Pato Pagano",https://www.facebook.com/pato.p111,1
"Los Potes","de Harry",lospotes.deharry@facebook.com,"29 de Mayo",https://www.facebook.com/lospotes.deharry,29,,"Ciudad Autónoma de Buenos Aires","Buenos Aires",Argentina,100001227331168,"Pato Pagano",https://www.facebook.com/pato.p111,1
Nicolás,Riera,nicoo.riera@facebook.com,"29 de Mayo",https://www.facebook.com/nicoo.riera,29,,"Ciudad Autónoma de Buenos Aires","Buenos Aires",Argentina,100002985098615,"Agustin Sujo",https://www.facebook.com/agustin.sujook,1
Santiago,Cuburu,santiago.cuburu@facebook.com,"29 de Mayo",https://www.facebook.com/santiago.cuburu,26,,"Ciudad Autónoma de Buenos Aires","Buenos Aires",Argentina,565872075,"Guido De Marco",,1
Nachi,Picone,nachi.picone@facebook.com,"29 de Mayo",https://www.facebook.com/nachi.picone,,,"Ciudad Autónoma de Buenos Aires","Buenos Aires",Argentina,602152683,"Brian Hettich",https://www.facebook.com/brianghettich,1
"Juan Pablo",Prestamo,juanpablo.prestamo@facebook.com,"29 de Mayo",https://www.facebook.com/juanpablo.prestamo,25,,"Ciudad Autónoma de Buenos Aires","Buenos Aires",Argentina,100001166171805,"Silvia Fernandez",https://www.facebook.com/silviafernandezchivi,1
"La Maria Polo",Lobos,lamariapolo.lobos@facebook.com,"29 de Mayo",https://www.facebook.com/lamariapolo.lobos,24,,"Ciudad Autónoma de Buenos Aires","Buenos Aires",Argentina,100004054241002,"Marilina Lagomarsino",https://www.facebook.com/marilina.lagomarsino,1
"El Cabe",Clandestino,cabeska@facebook.com,"29 de Mayo",https://www.facebook.com/cabeska,,,"Ciudad Autónoma de Buenos Aires","Buenos Aires",Argentina,1492939548,"Juanma Ramirez",,1
Ignacio,Cruz,ignacio.s.cruz.98@facebook.com,"29 de Mayo",https://www.facebook.com/ignacio.s.cruz.98,,,"Ciudad Autónoma de Buenos Aires","Buenos Aires",Argentina,776444463,"Noelia Sarquiz",https://www.facebook.com/noelia.sarquiz,1
Alexandra,Laporte,alexandra.laporte.58@facebook.com,"29 de Mayo",https://www.facebook.com/alexandra.laporte.58,28,,"Ciudad Autónoma de Buenos Aires","Buenos Aires",Argentina,572679613,"Tatiana Petroccelli",https://www.facebook.com/tanshanita,1
Nicolás,Riera,nicolas.riera.750@facebook.com,"29 de Mayo",https://www.facebook.com/nicolas.riera.750,29,,"Ciudad Autónoma de Buenos Aires","Buenos Aires",Argentina,100000805084168,"Agustin Sujo",https://www.facebook.com/agustin.sujook,1
Salva,"Fernandez Madero",salvafm.27@facebook.com,"29 de Mayo",https://www.facebook.com/salvafm.27,,,"Ciudad Autónoma de Buenos Aires","Buenos Aires",Argentina,1619109673,"Isa Bensusan Millé",,1
Nicolas,Fernandez,nicolas.fernandez.7568596@facebook.com,"29 de Mayo",https://www.facebook.com/nicolas.fernandez.7568596,27,,"Ciudad Autónoma de Buenos Aires","Buenos Aires",Argentina,1143550924,"Adrian Tomassino",,1
Nico,Riera,yonosoynicolasriera@facebook.com,"29 de Mayo",https://www.facebook.com/YONOSOYNICOLASRIERA,29,,"Ciudad Autónoma de Buenos Aires","Buenos Aires",Argentina,100007397468366,"Vanesa Macias",https://www.facebook.com/vanesa.macias1,1
Damián,Lara,damian.lara.5@facebook.com,"29 de Mayo",https://www.facebook.com/damian.lara.5,22,,"Ciudad Autónoma de Buenos Aires","Buenos Aires",Argentina,100002328752958,"Jessica Bellomo",https://www.facebook.com/JessBellomo,1
Romina,Tomio,romina.tomio.3@facebook.com,"29 de Mayo",https://www.facebook.com/romina.tomio.3,26,,"Ciudad Autónoma de Buenos Aires","Buenos Aires",Argentina,100002150551701,"Nadia Denise",,1
Ariana,Fco,fansclubariana@facebook.com,"29 de Mayo",https://www.facebook.com/fansclubariana,27,,"Ciudad Autónoma de Buenos Aires","Buenos Aires",Argentina,100001209118236,"Juanma Ramirez",,1
Daniela,Aimery,daniela.aimery@facebook.com,"29 de Mayo",https://www.facebook.com/daniela.aimery,27,"Buenos Aires","Buenos Aires","Buenos Aires",Argentina,1022014084,"Fett Maidana",0,1
Juani,Ottobre,juani.ottobre@facebook.com,"29 de Mayo",https://www.facebook.com/juani.ottobre,21,,"Ciudad Autónoma de Buenos Aires","Buenos Aires",Argentina,100001313818404,"Martín Álvarez BA I",https://www.facebook.com/Woody.Blair,1
Canchu,Sparrow,la.mejor.del.universoo@facebook.com,"29 de Mayo",https://www.facebook.com/La.mejor.del.universoo,,,"Ciudad Autónoma de Buenos Aires","Buenos Aires",Argentina,100002760561542,"Julieta Belen",,1
Finfanfun,Pastoranzana,fin.fan.fun@facebook.com,"29 de Mayo",https://www.facebook.com/Fin.fan.fun,29,"Buenos Aires","Buenos Aires","Buenos Aires",Argentina,1064625791,"Nicolás Ortiz",0,1
Damian,Arnoni,damianpt@facebook.com,"29 de Mayo",https://www.facebook.com/DAMIANPT,,,"Ciudad Autónoma de Buenos Aires","Buenos Aires",Argentina,1535236482,"Cynthia Tatiana Martinez Neves",https://www.facebook.com/cynthiatatiana.martinezne,1
Torneo,CincovsCinco,cincovscinco@facebook.com,"29 de Mayo",https://www.facebook.com/cincovscinco,,,"Ciudad Autónoma de Buenos Aires","Buenos Aires",Argentina,100000965462816,"Axx Agustin",https://www.facebook.com/Ax.Agustin,1
Fioree,Valdomar,fioree.valdomar@facebook.com,"29 de Mayo",https://www.facebook.com/Fioree.Valdomar,,,"Ciudad Autónoma de Buenos Aires","Buenos Aires",Argentina,1333331299,"Juan Cruz Albornoz",,1
Loca,Peluza,loca.peluza@facebook.com,"29 de Mayo",https://www.facebook.com/loca.peluza,29,,"Ciudad Autónoma de Buenos Aires","Buenos Aires",Argentina,100003947565352,"Camila Perelló",https://www.facebook.com/camiperello,1
Fede,Russo,feder2@facebook.com,"29 de Mayo",https://www.facebook.com/feder2,25,,"Ciudad Autónoma de Buenos Aires","Buenos Aires",Argentina,527463325,"Melo Dellarole",https://www.facebook.com/melodellarole,1
Nicolás,Guggiana,nicolas.guggiana.90@facebook.com,"29 de Mayo",https://www.facebook.com/nicolas.guggiana.90,29,,"Ciudad Autónoma de Buenos Aires","Buenos Aires",Argentina,100003968740205,"Agustin Sujo",https://www.facebook.com/agustin.sujook,1
ElTaller,DeMane,eltallerdemane@facebook.com,"29 de Mayo",https://www.facebook.com/eltallerdemane,30,,"Ciudad Autónoma de Buenos Aires","Buenos Aires",Argentina,100003644751605,"María Jebsen",,1
Cami,Guerguis,re.celosa@facebook.com,"29 de Mayo",https://www.facebook.com/Re.Celosa,,,"Ciudad Autónoma de Buenos Aires","Buenos Aires",Argentina,1677221602,"Juanma Ramirez",,1
Federico,Agutief,federicoagutief@facebook.com,"29 de Mayo",https://www.facebook.com/federicoagutief,26,,"Ciudad Autónoma de Buenos Aires","Buenos Aires",Argentina,100005828649969,"Estefania Rodriguez",,1
Daiana,Morrone,daiana.morrone.9@facebook.com,"29 de Mayo",https://www.facebook.com/daiana.morrone.9,26,,"Ciudad Autónoma de Buenos Aires","Buenos Aires",Argentina,1172760253,"Srita Bauer",https://www.facebook.com/marina.vas,1
Lean,Gimenez,leanmanson@facebook.com,"29 de Mayo",https://www.facebook.com/leanmanson,24,,"Ciudad Autónoma de Buenos Aires","Buenos Aires",Argentina,100000136101807,"Agustina Pelle Müller",,1
Bruno,Garcia,bruno.garcia.754703@facebook.com,"29 de Mayo",https://www.facebook.com/bruno.garcia.754703,21,,"Ciudad Autónoma de Buenos Aires","Buenos Aires",Argentina,100001443041648,"Agustina Pelle Müller",,1
Francko,Coronel,franckocabj@facebook.com,"29 de Mayo",https://www.facebook.com/franckocabj,21,,"Ciudad Autónoma de Buenos Aires","Buenos Aires",Argentina,100001443829526,"Agustina Pelle Müller",,1
Chechu,Malbran,chechu.malbran.9@facebook.com,"30 de Mayo",https://www.facebook.com/chechu.malbran.9,24,,"Ciudad Autónoma de Buenos Aires","Buenos Aires",Argentina,671583250,"Catalina Plá Señorans",https://www.facebook.com/catalina.pla,1
Nando,Novas,nando.novas@facebook.com,"30 de Mayo",https://www.facebook.com/nando.novas,,,"Ciudad Autónoma de Buenos Aires","Buenos Aires",Argentina,1383350305,"Veronica Escobar",,1
Leandro,"Di Talia",leandro.ditalia@facebook.com,"30 de Mayo",https://www.facebook.com/leandro.ditalia,28,,"Ciudad Autónoma de Buenos Aires","Buenos Aires",Argentina,1071383871,"Gisele Fratini",https://www.facebook.com/giakdmik,1
Santiago,Restovich,santiago.restovich@facebook.com,"30 de Mayo",https://www.facebook.com/santiago.restovich,26,,"Ciudad Autónoma de Buenos Aires","Buenos Aires",Argentina,100003390014525,"Florencia Cortés",https://www.facebook.com/cortes.florencia,1
Corina,Sancholuz,corina.sancholuz@facebook.com,"30 de Mayo",https://www.facebook.com/corina.sancholuz,,,"Ciudad Autónoma de Buenos Aires","Buenos Aires",Argentina,100000044833091,"Manuela Villa",,1
Matias,Daneri,mdaneri1@facebook.com,"30 de Mayo",https://www.facebook.com/mdaneri1,23,,"Ciudad Autónoma de Buenos Aires","Buenos Aires",Argentina,1249073539,"Nicolás Marano",https://www.facebook.com/nicolasmarano10,1
"Los Juncales",Juncales,losjuncales@facebook.com,"30 de Mayo",https://www.facebook.com/losjuncales,,,"Ciudad Autónoma de Buenos Aires","Buenos Aires",Argentina,100006719978238,"Candelaria Sires Barrantes",,1
John,Rodriguez,john.rodriguez.7927@facebook.com,"30 de Mayo",https://www.facebook.com/john.rodriguez.7927,23,,"Ciudad Autónoma de Buenos Aires","Buenos Aires",Argentina,506825410,"Antoine Cornudet",,1
Mariano,"Montesano Ph",marianomontesanophotos@facebook.com,"30 de Mayo",https://www.facebook.com/marianomontesanophotos,30,,"Ciudad Autónoma de Buenos Aires","Buenos Aires",Argentina,1126631733,"Maria Florencia Lioni Tarsitano",https://www.facebook.com/mariaflorencia.lionitarsi,1
"Juan Simon","Bedoya Agüero",juansimonbedoyaaguero@facebook.com,"30 de Mayo",https://www.facebook.com/juansimonbedoyaaguero,27,Recoleta,"Ciudad Autónoma de Buenos Aires","Buenos Aires",Argentina,100005258496893,"Jochuu Rodriguez Linck",https://www.facebook.com/jochuu.rodriguezlinck,1
Julia,Garriga,julia.garriga.g@facebook.com,"30 de Mayo",https://www.facebook.com/julia.garriga.g,,,"Ciudad Autónoma de Buenos Aires","Buenos Aires",Argentina,1055125839,"Romi Flores",,1
Santi,"Perez Iturraspe",djchats@facebook.com,"30 de Mayo",https://www.facebook.com/djchats,24,,"Ciudad Autónoma de Buenos Aires","Buenos Aires",Argentina,580448717,"Luli Torres",,1
Pilates,Balance,pilatesbalance2@facebook.com,"30 de Mayo",https://www.facebook.com/pilatesbalance2,,,"Ciudad Autónoma de Buenos Aires","Buenos Aires",Argentina,1111693199,"Flor Charró",https://www.facebook.com/florr.ch,1
Marcelo,Rosale,el.super95@facebook.com,"30 de Mayo",https://www.facebook.com/el.super95,,Coghlan,"Ciudad Autónoma de Buenos Aires","Distrito Federal",Argentina,1543396016,"Fátima Belén Zárate",,1
Sebastian,Monti,sebastian.monti.1@facebook.com,"30 de Mayo",https://www.facebook.com/sebastian.monti.1,,,"Ciudad Autónoma de Buenos Aires","Buenos Aires",Argentina,100000494061588,"Flor Vischi Cortés",https://www.facebook.com/flor.vischi,1
Vituallas,"El Catalejo",vituallas.elcatalejo@facebook.com,"30 de Mayo",https://www.facebook.com/vituallas.elcatalejo,27,,"Ciudad Autónoma de Buenos Aires","Buenos Aires",Argentina,100001773667938,"Ariel Villarreal",,1
Nico,Delaude,nico.delaude@facebook.com,"30 de Mayo",https://www.facebook.com/nico.delaude,25,Avellaneda,"Ciudad Autónoma de Buenos Aires","Buenos Aires",Argentina,1441596623,"Jobs Bar",https://www.facebook.com/jobsbar,1
Alan,Marcos,alan.arregin@facebook.com,"30 de Mayo",https://www.facebook.com/alan.arregin,23,,"Ciudad Autónoma de Buenos Aires","Buenos Aires",Argentina,100000440348669,"Gabi López",,1
Septimodia,Duo,septimodia.duo@facebook.com,"30 de Mayo",https://www.facebook.com/septimodia.duo,27,,"Ciudad Autónoma de Buenos Aires","Buenos Aires",Argentina,100000693838098,"Fran L. Ocampo",https://www.facebook.com/franco,1
Dahi,Escobar,dahi.escobar@facebook.com,"30 de Mayo",https://www.facebook.com/dahi.escobar,,,"Ciudad Autónoma de Buenos Aires","Buenos Aires",Argentina,100000765661054,"Franco Palermo",,1
Walter,Caraballo,waltercarabalo@facebook.com,"30 de Mayo",https://www.facebook.com/waltercarabalo,,,"Ciudad Autónoma de Buenos Aires","Buenos Aires",Argentina,1188751318,"Miqui Berriòs",https://www.facebook.com/miqui.berrios,1
Barby,Copii,barby.copii@facebook.com,"30 de Mayo",https://www.facebook.com/barby.copii,23,,"Ciudad Autónoma de Buenos Aires","Buenos Aires",Argentina,1523650727,"Ale Arias Mandarine Park",,1
Teresa,Marecos,teresa.marecos.3@facebook.com,"30 de Mayo",https://www.facebook.com/teresa.marecos.3,,"Buenos Aires","Buenos Aires","Buenos Aires",Argentina,100002185294119,"Luciana Sismondi",0,1
Nave,Jungla,lanavejungla@facebook.com,"30 de Mayo",https://www.facebook.com/lanavejungla,,,"Ciudad Autónoma de Buenos Aires","Buenos Aires",Argentina,100002670005733,"Daniel Arbol",https://www.facebook.com/darbol1,1
Nicolas,"Baumann Vazquez",baumannicolas@facebook.com,"30 de Mayo",https://www.facebook.com/baumannicolas,28,,"Ciudad Autónoma de Buenos Aires","Buenos Aires",Argentina,100005401383253,"Agos D'Urbano",https://www.facebook.com/agostinnad,1
Georgina,Seva,georgina.seva@facebook.com,"30 de Mayo",https://www.facebook.com/georgina.seva,24,,"Ciudad Autónoma de Buenos Aires","Buenos Aires",Argentina,798233781,"Flor Scalise",https://www.facebook.com/flor.scalise,1
"Jonathan Nicolas",Gomez,jonathannicolas.gomez@facebook.com,"30 de Mayo",https://www.facebook.com/jonathannicolas.gomez,24,,"Ciudad Autónoma de Buenos Aires","Buenos Aires",Argentina,1133122062,"Juani Koch",https://www.facebook.com/juani.koch,1
Lucia,Rasini,dangerwoman@facebook.com,"30 de Mayo",https://www.facebook.com/Dangerwoman,27,,"Ciudad Autónoma de Buenos Aires","Buenos Aires",Argentina,629099174,"Martín Álvarez BA I",https://www.facebook.com/Woody.Blair,1
"Katja Martina",Zurmuhle,katjamartina.zurmuhle@facebook.com,"30 de Mayo",https://www.facebook.com/katjamartina.zurmuhle,,,"Ciudad Autónoma de Buenos Aires","Buenos Aires",Argentina,1285394443,"Chanchi Martinez",https://www.facebook.com/chanchi.martinez,1
Vicki,Arguin,vickiarguindegui@facebook.com,"30 de Mayo",https://www.facebook.com/vickiarguindegui,,,"Ciudad Autónoma de Buenos Aires","Buenos Aires",Argentina,1066887152,"Caro Remedi",https://www.facebook.com/carol.remedi,1
Florencia,Belén,florencia.garcia.33671748@facebook.com,"30 de Mayo",https://www.facebook.com/florencia.garcia.33671748,,"Buenos Aires","Buenos Aires","Buenos Aires",Argentina,100004083939886,"Alan Yun",0,1
Luciano,Ramini,luciano.ramini.3@facebook.com,"30 de Mayo",https://www.facebook.com/luciano.ramini.3,24,,"Ciudad Autónoma de Buenos Aires","Buenos Aires",Argentina,1295265663,"Guido Moncayo",https://www.facebook.com/guido.moncayo,1
Pilar,Mezzina,profile.9003@facebook.com,"30 de Mayo",https://www.facebook.com/profile.9003,,,"Ciudad Autónoma de Buenos Aires","Buenos Aires",Argentina,100007024593379,"Facu Denegri",,1
Pipo,"Lionello II",lucas.lionello@facebook.com,"30 de Mayo",https://www.facebook.com/lucas.lionello,,,"Ciudad Autónoma de Buenos Aires","Buenos Aires",Argentina,100006054099581,"Vicky Diaz",,1
Mica,Brahim,mikaa.brahim@facebook.com,"30 de Mayo",https://www.facebook.com/mikaa.brahim,,,"Ciudad Autónoma de Buenos Aires","Buenos Aires",Argentina,100000254862161,"Maria Belén",,1
July,Timoner,julieta.timoner@facebook.com,"30 de Mayo",https://www.facebook.com/julieta.timoner,30,,"Ciudad Autónoma de Buenos Aires","Buenos Aires",Argentina,1219290091,"Catalina Plá Señorans",https://www.facebook.com/catalina.pla,1
Psiquiatras,Formación,psiquiatrasenformacion.apsa@facebook.com,"30 de Mayo",https://www.facebook.com/psiquiatrasenformacion.apsa,,,"Ciudad Autónoma de Buenos Aires","Buenos Aires",Argentina,100001817675462,"Guido De Marco",,1
"Laura Viviana",Moreno,lauraviviana.moreno@facebook.com,"30 de Mayo",https://www.facebook.com/lauraviviana.moreno,,,"Ciudad Autónoma de Buenos Aires","Buenos Aires",Argentina,100000278676599,"Claudia Gonzalez",,1
Guadi,Salazar,guadi.salazar.7@facebook.com,"31 de Mayo",https://www.facebook.com/guadi.salazar.7,,,"Ciudad Autónoma de Buenos Aires","Buenos Aires",Argentina,100000238315786,"Matias Blas",https://www.facebook.com/Matias.Blas,1
Ignacio,Alvarez,elobrero@facebook.com,"31 de Mayo",https://www.facebook.com/elobrero,,,"Ciudad Autónoma de Buenos Aires","Buenos Aires",Argentina,671895033,"Antonella La Torre",,1
Pepa,Luna,pepa.luna.5@facebook.com,"31 de Mayo",https://www.facebook.com/pepa.luna.5,,,"Ciudad Autónoma de Buenos Aires","Buenos Aires",Argentina,1506645760,"Gabriela Rosito",https://www.facebook.com/gabriela.rosito,1
Vicky,Iturbe,guayvic@facebook.com,"31 de Mayo",https://www.facebook.com/GuayVic,,,"Ciudad Autónoma de Buenos Aires","Buenos Aires",Argentina,100003049204421,"Agustina Pelle Müller",,1
Julia,Quiroga,julia.quiroga@facebook.com,"31 de Mayo",https://www.facebook.com/julia.quiroga,30,,"Ciudad Autónoma de Buenos Aires","Buenos Aires",Argentina,581470889,"Vanesa Marinich",https://www.facebook.com/vanesa.marinich,1
Daiana,Federica,chaosanddestroyed@facebook.com,"31 de Mayo",https://www.facebook.com/ChaosAndDestroyed,,"La Boca","Ciudad Autónoma de Buenos Aires","Buenos Aires",Argentina,100001627856265,"Nicolás García",https://www.facebook.com/Niccccccccco,1
Mercedes,Reviriego,mercedes.reviriego.7@facebook.com,"31 de Mayo",https://www.facebook.com/mercedes.reviriego.7,,,"Ciudad Autónoma de Buenos Aires","Buenos Aires",Argentina,100002295588908,"Gonzalo Bussetti",https://www.facebook.com/gonzalo.bussetti,1
Cristian,Bustelo,criistiaan.vr@facebook.com,"31 de Mayo",https://www.facebook.com/Criistiaan.vr,,,"Ciudad Autónoma de Buenos Aires","Buenos Aires",Argentina,1122978827,"Brian Cano",,1
Lucila,Mendieta,lucila.mendieta.9@facebook.com,"31 de Mayo",https://www.facebook.com/lucila.mendieta.9,22,,"Ciudad Autónoma de Buenos Aires","Buenos Aires",Argentina,100002138876631,"Paz Gonzalez",https://www.facebook.com/pachu.gonzalez,1
Carina,Acuña,carina.acuna.92@facebook.com,"31 de Mayo",https://www.facebook.com/carina.acuna.92,,,"Ciudad Autónoma de Buenos Aires","Buenos Aires",Argentina,100000692200476,"Vanesa Macias",https://www.facebook.com/vanesa.macias1,1
Riverside,Dosmiltrece,riverside.dosmiltrece@facebook.com,"31 de Mayo",https://www.facebook.com/riverside.dosmiltrece,24,,"Ciudad Autónoma de Buenos Aires","Buenos Aires",Argentina,100003333127544,"Jero Salsamendi",https://www.facebook.com/jero.salsamendi,1
Alexis,Guly,alexis.guly@facebook.com,"31 de Mayo",https://www.facebook.com/alexis.guly,,,"Ciudad Autónoma de Buenos Aires","Buenos Aires",Argentina,1144481499,"Yanina Toto",https://www.facebook.com/yanina.toto,1
"Relacionesp Listas",Noche,rrpplistas.noche@facebook.com,"31 de Mayo",https://www.facebook.com/rrpplistas.noche,,,"Ciudad Autónoma de Buenos Aires","Buenos Aires",Argentina,100001183120016,"Pato Pagano",https://www.facebook.com/pato.p111,1
"Ailén Boni","Farha Galeazzi",ailenboni.farhagaleazzi@facebook.com,"31 de Mayo",https://www.facebook.com/ailenboni.farhagaleazzi,,,"Ciudad Autónoma de Buenos Aires","Buenos Aires",Argentina,100000901774270,"María Paz Short",https://www.facebook.com/paz.short,1
Lucia,Yonni,lucia.yonni@facebook.com,"31 de Mayo",https://www.facebook.com/lucia.yonni,,,"Ciudad Autónoma de Buenos Aires","Buenos Aires",Argentina,1391971460,"Geru Sznek",https://www.facebook.com/gsznek,1
Max,Parker,max.parker.79@facebook.com,"31 de Mayo",https://www.facebook.com/max.parker.79,,,"Ciudad Autónoma de Buenos Aires","Buenos Aires",Argentina,100001912189406,"Pamela Garrote",https://www.facebook.com/pamela.garrote,1
Emanuel,Sandoval,emanuel.e.sandoval@facebook.com,"31 de Mayo",https://www.facebook.com/emanuel.e.sandoval,25,,"Ciudad Autónoma de Buenos Aires","Buenos Aires",Argentina,527390727,"María Paz Short",https://www.facebook.com/paz.short,1
Santiago,"Del Mastro",santiagotuti@facebook.com,"31 de Mayo",https://www.facebook.com/santiagotuti,,,"Ciudad Autónoma de Buenos Aires","Buenos Aires",Argentina,100000243015152,"Santiago Gutierrez",,1
Delacoclea,Estudios,delacoclea@facebook.com,"31 de Mayo",https://www.facebook.com/delacoclea,,,"Ciudad Autónoma de Buenos Aires","Buenos Aires",Argentina,100001913452198,"Pamela Garrote",https://www.facebook.com/pamela.garrote,1
Fer,Doris,fer.doris@facebook.com,"31 de Mayo",https://www.facebook.com/fer.doris,,,"Ciudad Autónoma de Buenos Aires","Buenos Aires",Argentina,1324210679,"Tatiana Petroccelli",https://www.facebook.com/tanshanita,1
Pablo,Sepic,pablo.sepic@facebook.com,"31 de Mayo",https://www.facebook.com/pablo.sepic,25,,"Ciudad Autónoma de Buenos Aires","Buenos Aires",Argentina,631551059,"Jimena Avila",,1
"Natalia Susana","Pintos Aberbaj",nataliasusana.pintosaberbaj@facebook.com,"31 de Mayo",https://www.facebook.com/nataliasusana.pintosaberbaj,26,,"Ciudad Autónoma de Buenos Aires","Buenos Aires",Argentina,100000322273314,"La Rockeria",https://www.facebook.com/oveja1,1
Estudio,Jurídico,abogados24hs@facebook.com,"31 de Mayo",https://www.facebook.com/ABOGADOS24HS,29,,"Ciudad Autónoma de Buenos Aires","Buenos Aires",Argentina,1750519222,"Sol Policastro",https://www.facebook.com/solangeforever,1
LoSoluciono,PorVos,losolucionoporvos@facebook.com,"31 de Mayo",https://www.facebook.com/losolucionoporvos,27,Núñez,"Ciudad Autónoma de Buenos Aires","Buenos Aires",Argentina,100001480850095,"Maria Pia Perez Brea",,1
Maximo,Coronel,maximo.coronel@facebook.com,"31 de Mayo",https://www.facebook.com/maximo.coronel,22,,"Ciudad Autónoma de Buenos Aires","Buenos Aires",Argentina,1249960808,"Cynthia Gianni",,1
Patricia,Guaman,patricia.guaman.96@facebook.com,"31 de Mayo",https://www.facebook.com/patricia.guaman.96,25,,"Ciudad Autónoma de Buenos Aires","Buenos Aires",Argentina,1772266398,"Matias Diego Colombres",https://www.facebook.com/dmc.colombres,1
Tomas,Sambiase,tomas.sambiase@facebook.com,"31 de Mayo",https://www.facebook.com/tomas.sambiase,,,"Ciudad Autónoma de Buenos Aires","Buenos Aires",Argentina,1558470662,"Thomas Jensen",,1
Sean,"Mac Allister",vjsean@facebook.com,"31 de Mayo",https://www.facebook.com/vjsean,26,,"Ciudad Autónoma de Buenos Aires","Buenos Aires",Argentina,527674936,"Romy Gutierrez Jaime",https://www.facebook.com/romygutierrezjaime,1
Jonatan,David,jonatan.colazo@facebook.com,"31 de Mayo",https://www.facebook.com/jonatan.colazo,,,"Ciudad Autónoma de Buenos Aires","Buenos Aires",Argentina,1013036214,"Anna Laura",https://www.facebook.com/Anna.Laucha,1
Keviin,Vdp,keviin.fumandopasto@facebook.com,"31 de Mayo",https://www.facebook.com/keviin.fumandoPasto,21,,"Ciudad Autónoma de Buenos Aires","Buenos Aires",Argentina,100002241298877,"Brian Cano",,1
Escuela,Actandart,escuela.actandart@facebook.com,"31 de Mayo",https://www.facebook.com/escuela.actandart,26,,"Ciudad Autónoma de Buenos Aires","Buenos Aires",Argentina,100000834718046,"Miranda Toderi",https://www.facebook.com/miranda.toderi,1
PibeDelete,PH,delsol.fotografia@facebook.com,"31 de Mayo",https://www.facebook.com/delsol.fotografia,25,,"Ciudad Autónoma de Buenos Aires","Buenos Aires",Argentina,100003329769332,"Jessica Bellomo",https://www.facebook.com/JessBellomo,1
Paula,Choi,paula.choi81@facebook.com,"31 de Mayo",https://www.facebook.com/paula.choi81,23,"Buenos Aires","Buenos Aires","Buenos Aires",Argentina,1734485754,"Alan Yun",0,1
Nicolas,Fondovila,nicolas.fondovila@facebook.com,"31 de Mayo",https://www.facebook.com/nicolas.fondovila,,,"Ciudad Autónoma de Buenos Aires","Buenos Aires",Argentina,1302947856,"Paz Gonzalez",https://www.facebook.com/pachu.gonzalez,1
Car,Guariniello,car.guariniello@facebook.com,"31 de Mayo",https://www.facebook.com/car.guariniello,,,"Ciudad Autónoma de Buenos Aires","Buenos Aires",Argentina,1358034443,"Alejandro Cocktila Acosta",https://www.facebook.com/alejandro.acosta,1
Mariano,Rodriguez,lapastillas@facebook.com,"31 de Mayo",https://www.facebook.com/lapastillas,,,"Ciudad Autónoma de Buenos Aires","Buenos Aires",Argentina,100001912836549,"Cecilia Morinigo",,1
Leo,Lucero,lehithode.liniers@facebook.com,"31 de Mayo",https://www.facebook.com/lehithode.liniers,,Liniers,"Ciudad Autónoma de Buenos Aires","Buenos Aires",Argentina,1837493684,"Dafne Antonella Zas Amy",,1
IvanDario,Ramirez,iramirez.89@facebook.com,"31 de Mayo",https://www.facebook.com/IRamirez.89,,,"Ciudad Autónoma de Buenos Aires","Buenos Aires",Argentina,569241092,"Paula Otálvaro",https://www.facebook.com/paula.otalvaro,1
Sil,Polanco,sil.polanco@facebook.com,"31 de Mayo",https://www.facebook.com/sil.polanco,27,"Buenos Aires","Buenos Aires","Buenos Aires",Argentina,578380034,"Juan Pablo Aleman",0,1
Collage,Pool,collage.pool@facebook.com,"31 de Mayo",https://www.facebook.com/collage.pool,22,"Villa Devoto","Ciudad Autónoma de Buenos Aires","Buenos Aires",Argentina,1513146185,"Fabio Ezequiel Farruggio",https://www.facebook.com/ffachurro,1
Alejandro,Adrian,multiparkproducciones@facebook.com,"31 de Mayo",https://www.facebook.com/MultiparkProducciones,,,"Ciudad Autónoma de Buenos Aires","Buenos Aires",Argentina,100005920653397,"Estefania Rodriguez",,1
Catarsis,Rock,catarsisrock@facebook.com,"31 de Mayo",https://www.facebook.com/catarsisrock,,,"Ciudad Autónoma de Buenos Aires","Buenos Aires",Argentina,1464402491,"Tomi Rodriguez",,1
