Nombre,Apellido,"Email Facebook",Cumpleaños,"Usuario Facebook",Edad,Barrio,Ciudad,Provincia,Pais,"ID Facebook","Amigo De","Amigo De (Usuario)",rebound
Luciana,Ferrari,luciana.ferrari.370@facebook.com,"12 de Junio",https://www.facebook.com/luciana.ferrari.370,30,,"Ciudad Autónoma de Buenos Aires","Buenos Aires",Argentina,1470861471,"Maru Bruni",,1
Carolina,"Molina Hoffman",carolina.molinahoffman@facebook.com,"12 de Junio",https://www.facebook.com/carolina.molinahoffman,24,,"Ciudad Autónoma de Buenos Aires","Buenos Aires",Argentina,1176766803,"Ezequiel Perez",,1
Nicole,Russmann,nrussmann@facebook.com,"12 de Junio",https://www.facebook.com/nrussmann,24,,"Ciudad Autónoma de Buenos Aires","Buenos Aires",Argentina,1006544782,"Flor Encino",https://www.facebook.com/flopy.encino,1
Guille,Cortez,guille.cortez.7@facebook.com,"12 de Junio",https://www.facebook.com/guille.cortez.7,,Barracas,"Ciudad Autónoma de Buenos Aires","Buenos Aires",Argentina,100002436686843,"Agustin Sujo",https://www.facebook.com/agustin.sujook,1
Axel,ElectroPiola,axel.floggers@facebook.com,"12 de Junio",https://www.facebook.com/Axel.Floggers,,,"Ciudad Autónoma de Buenos Aires","Buenos Aires",Argentina,100001010764323,"Pedro Lopezyfernandez",https://www.facebook.com/pedronahuel,1
Nico,Coen,nico.coen@facebook.com,"12 de Junio",https://www.facebook.com/nico.coen,,,"Ciudad Autónoma de Buenos Aires","Buenos Aires",Argentina,100001000795538,"Ivan Lisz",,1
Adrian,Pezzulli,adrian.pezzulli@facebook.com,"12 de Junio",https://www.facebook.com/adrian.pezzulli,30,Versailles,"Ciudad Autónoma de Buenos Aires","Buenos Aires",Argentina,100000642455042,"Florencia Ferrari",https://www.facebook.com/florenciaferrari.1403,1
"Bancando la",Parada,bancandola.parada@facebook.com,"12 de Junio",https://www.facebook.com/bancandola.parada,,,"Ciudad Autónoma de Buenos Aires","Buenos Aires",Argentina,100002454444344,"La Rockeria",https://www.facebook.com/oveja1,1
Melany,Correia,melany.correia.9@facebook.com,"12 de Junio",https://www.facebook.com/melany.correia.9,,,"Ciudad Autónoma de Buenos Aires","Buenos Aires",Argentina,1035085971,"Emiliano Pirolo",,1
Martin,"Diez Peña",martindiezp@facebook.com,"12 de Junio",https://www.facebook.com/martindiezp,22,,"Ciudad Autónoma de Buenos Aires","Buenos Aires",Argentina,543059860,"Romina Toller",,1
Aromasdebsas,"Aromatizadores de Ambientes",aromasdebsasa@facebook.com,"12 de Junio",https://www.facebook.com/aromasdebsasa,21,,"Ciudad Autónoma de Buenos Aires","Buenos Aires",Argentina,100001447135081,"Vanesa Myrna Ojeda",,1
Seba,"Alvarez Facca",sebafacca@facebook.com,"12 de Junio",https://www.facebook.com/sebafacca,,,"Ciudad Autónoma de Buenos Aires","Buenos Aires",Argentina,1324421530,"Marti Nevares",https://www.facebook.com/martii.nevares,1
Facundo,"Cool Hunter",facundo.coolhunter@facebook.com,"12 de Junio",https://www.facebook.com/facundo.coolhunter,,,"Ciudad Autónoma de Buenos Aires","Buenos Aires",Argentina,100000788949059,"Juan Manuel Fotografo",https://www.facebook.com/JuanmaJMFotoEstudio,1
Rocio,Lee,hyerionglee@facebook.com,"12 de Junio",https://www.facebook.com/hyerionglee,,,"Ciudad Autónoma de Buenos Aires","Buenos Aires",Argentina,1035150642,"Joaquin Barraco",https://www.facebook.com/chino.barraco,1
Analía,Carroll,analia.carroll@facebook.com,"12 de Junio",https://www.facebook.com/analia.carroll,23,,"Ciudad Autónoma de Buenos Aires","Buenos Aires",Argentina,1009579000,"Barby Lanata",https://www.facebook.com/barby.lanata,1
Bere,Macció,beremaccio@facebook.com,"12 de Junio",https://www.facebook.com/beremaccio,,,"Ciudad Autónoma de Buenos Aires","Buenos Aires",Argentina,100001224392701,"Gabi López",,1
Tati,Lipis,tati.lipis@facebook.com,"12 de Junio",https://www.facebook.com/tati.lipis,,,"Ciudad Autónoma de Buenos Aires","Buenos Aires",Argentina,592309512,"Eve Schiera",,1
Gladys,Ferreira,gladys.ferreira.3958@facebook.com,"12 de Junio",https://www.facebook.com/gladys.ferreira.3958,,,"Ciudad Autónoma de Buenos Aires","Buenos Aires",Argentina,100001460926858,"Johii Fim",https://www.facebook.com/johii.fim,1
Meluu,Vargas,meluu.qca@facebook.com,"12 de Junio",https://www.facebook.com/meluu.qca,,,"Ciudad Autónoma de Buenos Aires","Buenos Aires",Argentina,1206125139,"Nataly Cuerva",https://www.facebook.com/nataliagtrujillo,1
Elii,Oses,ely.oses@facebook.com,"12 de Junio",https://www.facebook.com/ely.oses,,,"Ciudad Autónoma de Buenos Aires","Buenos Aires",Argentina,100001194714296,"Rodrii Martinez",,1
Caro,Cla,carolacla@facebook.com,"12 de Junio",https://www.facebook.com/carolacla,26,,"Ciudad Autónoma de Buenos Aires","Buenos Aires",Argentina,1415006214,"Mechi Abud",https://www.facebook.com/mechi.abud,1
Nair,Azlán,nair.azlan@facebook.com,"12 de Junio",https://www.facebook.com/nair.azlan,,,"Ciudad Autónoma de Buenos Aires","Buenos Aires",Argentina,1472387954,"Srita Bauer",https://www.facebook.com/marina.vas,1
Eduardo,Sola,eduardo.sola.7@facebook.com,"12 de Junio",https://www.facebook.com/eduardo.sola.7,,,"Ciudad Autónoma de Buenos Aires","Buenos Aires",Argentina,100001314798890,"Gastón Alejandro Di Lella",https://www.facebook.com/gastondilella,1
Rua,Club,clubnuevecuatrosiete@facebook.com,"12 de Junio",https://www.facebook.com/clubnuevecuatrosiete,,,"Ciudad Autónoma de Buenos Aires","Buenos Aires",Argentina,100003657333023,"Emiliano Pirolo",https://www.facebook.com/emi.pirolo,1
Alejandro,Ponte,aleponte@facebook.com,"12 de Junio",https://www.facebook.com/aleponte,27,,"Ciudad Autónoma de Buenos Aires","Buenos Aires",Argentina,706628259,"Sofu Maddonni",https://www.facebook.com/ssofiia,1
Terapia,Celular,terapia.b.celular@facebook.com,"12 de Junio",https://www.facebook.com/terapia.b.celular,29,,"Ciudad Autónoma de Buenos Aires","Buenos Aires",Argentina,100000049591319,"Marcela Hinckelmann",https://www.facebook.com/marcela.hinckelmann,1
Srta,Barbie,barbiedonttstop@facebook.com,"12 de Junio",https://www.facebook.com/barbiedonttstop,23,,"Ciudad Autónoma de Buenos Aires","Buenos Aires",Argentina,100008263808904,"Martín Álvarez BA I",https://www.facebook.com/Woody.Blair,1
Christian,Segovia,tiquiiii@facebook.com,"12 de Junio",https://www.facebook.com/tiquiiii,,,"Ciudad Autónoma de Buenos Aires","Buenos Aires",Argentina,1188531568,"Maria Laura Pendás",https://www.facebook.com/marialaura.pendas,1
Florencia,Vanini,florencia.vanini@facebook.com,"12 de Junio",https://www.facebook.com/florencia.vanini,,,"Ciudad Autónoma de Buenos Aires","Buenos Aires",Argentina,100001572190152,"Tatiana Petroccelli",https://www.facebook.com/tanshanita,1
"Alma Mia",Decoraciones,almamiadecoraciones@facebook.com,"12 de Junio",https://www.facebook.com/almamiadecoraciones,,,"Ciudad Autónoma de Buenos Aires","Buenos Aires",Argentina,100003118862542,"Analia Petrocco",https://www.facebook.com/analia.petrocco,1
Sere,Bourdieu,sere.bourdieu@facebook.com,"12 de Junio",https://www.facebook.com/sere.bourdieu,24,,"Ciudad Autónoma de Buenos Aires","Buenos Aires",Argentina,100000122536639,"Alan Volper",https://www.facebook.com/alan.volper,1
Flor,Godoy,flor.godoy.969@facebook.com,"12 de Junio",https://www.facebook.com/flor.godoy.969,26,,"Ciudad Autónoma de Buenos Aires","Buenos Aires",Argentina,1257168045,"Ivan Achaval",https://www.facebook.com/ivancho.achaval,1
Paula,Toyos,paula.toyos@facebook.com,"13 de Junio",https://www.facebook.com/paula.toyos,28,,"Ciudad Autónoma de Buenos Aires","Buenos Aires",Argentina,1418483274,"Charly Ruez",https://www.facebook.com/charly.ruez,1
Emanuel,Garcia,emanuel.garcia.58511276@facebook.com,"13 de Junio",https://www.facebook.com/emanuel.garcia.58511276,21,,"Ciudad Autónoma de Buenos Aires","Buenos Aires",Argentina,100001723248806,"Carla Diaz",,1
Havaianas,High,havaianas.high@facebook.com,"13 de Junio",https://www.facebook.com/havaianas.high,22,,"Ciudad Autónoma de Buenos Aires","Buenos Aires",Argentina,100000977369256,"Jonathan Julian",,1
Sol,Viña,solciito.armstrong@facebook.com,"13 de Junio",https://www.facebook.com/solciito.armstrong,,,"Ciudad Autónoma de Buenos Aires","Buenos Aires",Argentina,1442903760,"Ale Arias Mandarine Park",,1
Fran,Cassaniti,francinacassaniti@facebook.com,"13 de Junio",https://www.facebook.com/francinacassaniti,22,,"Ciudad Autónoma de Buenos Aires","Buenos Aires",Argentina,100001680467538,"Geru Sznek",https://www.facebook.com/gsznek,1
Mario,Adrian,mario.adrian.716@facebook.com,"13 de Junio",https://www.facebook.com/mario.adrian.716,,,"Ciudad Autónoma de Buenos Aires","Buenos Aires",Argentina,707544822,"Gabriela Prietoo",,1
Rocio,Gonzalez,rocio.aylen.gonz@facebook.com,"13 de Junio",https://www.facebook.com/Rocio.Aylen.Gonz,,"Villa General Mitre","Ciudad Autónoma de Buenos Aires","Distrito Federal",Argentina,1154709614,"Pedro Lopezyfernandez",https://www.facebook.com/pedronahuel,1
Susan,Cosabb,cosabb.su@facebook.com,"13 de Junio",https://www.facebook.com/cosabb.su,,,"Ciudad Autónoma de Buenos Aires","Buenos Aires",Argentina,100001991384000,"Marcela Hinckelmann",https://www.facebook.com/marcela.hinckelmann,1
Yanina,Des,yanina.des@facebook.com,"13 de Junio",https://www.facebook.com/yanina.des,,,"Ciudad Autónoma de Buenos Aires","Buenos Aires",Argentina,1016228127,"M Agustina Ciarla Quintana",https://www.facebook.com/magustina.quintana,1
Edwin,"Benavides Chamorro",edwin.benavideschamorro@facebook.com,"13 de Junio",https://www.facebook.com/edwin.benavideschamorro,,"La Paternal","Ciudad Autónoma de Buenos Aires","Distrito Federal",Argentina,1452032976,"Ale Arias Mandarine Park",,1
Leidy,Paola,leidy.v.paola@facebook.com,"13 de Junio",https://www.facebook.com/leidy.v.paola,,,"Ciudad Autónoma de Buenos Aires","Buenos Aires",Argentina,1384265554,"Emanuel Gaston Perdigues",https://www.facebook.com/emaxpx,1
Rochi,Pierri,rochi.pierri@facebook.com,"13 de Junio",https://www.facebook.com/rochi.pierri,,,"Ciudad Autónoma de Buenos Aires","Buenos Aires",Argentina,1377888456,"Santiago Villanueva",https://www.facebook.com/santiago.villanueva,1
Georgi,Clemente,georgi.d.clemente@facebook.com,"13 de Junio",https://www.facebook.com/georgi.d.clemente,22,,"Ciudad Autónoma de Buenos Aires","Buenos Aires",Argentina,667844101,"Nazarena Sierra",,1
Lucia,Muñiz,lucia.muniz.948@facebook.com,"13 de Junio",https://www.facebook.com/lucia.muniz.948,,"Villa Del Parque","Ciudad Autónoma de Buenos Aires","Buenos Aires",Argentina,1331988694,"Nahu Millicay Pereyra",https://www.facebook.com/nahumilli,1
Gaspo,Barcelo,gaspo.barcelo@facebook.com,"13 de Junio",https://www.facebook.com/gaspo.barcelo,23,Núñez,"Ciudad Autónoma de Buenos Aires","Buenos Aires",Argentina,100001721281051,"Sebastian Diaz",https://www.facebook.com/sebastiantatudiaz,1
Cerati,Art,cerati.art@facebook.com,"13 de Junio",https://www.facebook.com/cerati.art,23,,"Ciudad Autónoma de Buenos Aires","Buenos Aires",Argentina,100000079764175,"Joshua Oglio",,1
"José Antonio","Alias Retutu",joseantonio.aliasretutu@facebook.com,"13 de Junio",https://www.facebook.com/joseantonio.aliasretutu,27,,"Ciudad Autónoma de Buenos Aires","Buenos Aires",Argentina,100001348127810,"Julio Bittancourt",https://www.facebook.com/jbittancourt,1
Antonio,Aguirre,antonio.j.aguirre.35@facebook.com,"13 de Junio",https://www.facebook.com/antonio.j.aguirre.35,,Chacarita,"Ciudad Autónoma de Buenos Aires","Distrito Federal",Argentina,1571297236,"Demián Gabriel",,1
Serrano,Tienda,serrano.tienda@facebook.com,"13 de Junio",https://www.facebook.com/serrano.tienda,,"Villa Crespo","Ciudad Autónoma de Buenos Aires","Buenos Aires",Argentina,100003970130624,"Ezequiel H. Almada Alcorta",,1
Nico,Signorelli,nico.signo22@facebook.com,"13 de Junio",https://www.facebook.com/nico.signo22,,,"Ciudad Autónoma de Buenos Aires","Buenos Aires",Argentina,1337340498,"Fiestas Baires",,1
Patricio,Mosse,patricio.mosse@facebook.com,"13 de Junio",https://www.facebook.com/patricio.mosse,27,,"Ciudad Autónoma de Buenos Aires","Buenos Aires",Argentina,1099870546,"Mariana Diaz",https://www.facebook.com/maridiaz29,1
Bren,Kitanovich,bren.kitanovich@facebook.com,"13 de Junio",https://www.facebook.com/bren.kitanovich,27,,"Ciudad Autónoma de Buenos Aires","Buenos Aires",Argentina,1108765713,"Monica Trigila",https://www.facebook.com/monica.trigila,1
Sebastián,Wahnschaffe,sebawahnschaffe@facebook.com,"13 de Junio",https://www.facebook.com/sebawahnschaffe,,,"Ciudad Autónoma de Buenos Aires","Buenos Aires",Argentina,1354430102,"Maria Belén",,1
Rodrigo,Fernandez,bebu.xeneize@facebook.com,"13 de Junio",https://www.facebook.com/bebu.xeneize,,,"Ciudad Autónoma de Buenos Aires","Buenos Aires",Argentina,100000482330001,"Anna Laura",https://www.facebook.com/Anna.Laucha,1
Andy,Chinni,andy.chinni@facebook.com,"13 de Junio",https://www.facebook.com/andy.chinni,29,,"Ciudad Autónoma de Buenos Aires","Buenos Aires",Argentina,782874386,"Christian Vadalá",https://www.facebook.com/christian.vadala,1
Bel,Gasco,bel.gasco1@facebook.com,"13 de Junio",https://www.facebook.com/bel.gasco1,26,,"Ciudad Autónoma de Buenos Aires","Buenos Aires",Argentina,1016680654,"Christian Douer Chuky",https://www.facebook.com/christian.chuky,1
Jackie,Villud,jackievillud@facebook.com,"13 de Junio",https://www.facebook.com/JackieVillud,,,"Ciudad Autónoma de Buenos Aires","Buenos Aires",Argentina,100001791323407,"Daniel Toro Lopez",,1
Marcelo,Franzoni,marcelo.franzoni.1@facebook.com,"13 de Junio",https://www.facebook.com/marcelo.franzoni.1,28,,"Ciudad Autónoma de Buenos Aires","Buenos Aires",Argentina,1251852659,"Diego Paschetta",,1
Majo,"Staffolani de Amoriza",majo.staffolani@facebook.com,"13 de Junio",https://www.facebook.com/majo.staffolani,24,,"Ciudad Autónoma de Buenos Aires","Buenos Aires",Argentina,1273238743,"Piltra Toller",https://www.facebook.com/piltra,1
Ximena,Laloquita,ximena.laloquita@facebook.com,"13 de Junio",https://www.facebook.com/ximena.laloquita,28,,"Ciudad Autónoma de Buenos Aires","Buenos Aires",Argentina,100000453567037,"Ago Benedettini",https://www.facebook.com/ago.benedettini,1
Ros,Dent,ros.dent.lab@facebook.com,"13 de Junio",https://www.facebook.com/Ros.Dent.Lab,,,"Ciudad Autónoma de Buenos Aires","Buenos Aires",Argentina,760892832,"Vanesa Macias",https://www.facebook.com/vanesa.macias1,1
Martin,Ballester,martin.ballester.92@facebook.com,"13 de Junio",https://www.facebook.com/martin.ballester.92,,,"Ciudad Autónoma de Buenos Aires","Buenos Aires",Argentina,1592643499,"Alan Volper",https://www.facebook.com/alan.volper,1
Lina,"Ch G",rosmeri.chichaygarcia@facebook.com,"13 de Junio",https://www.facebook.com/rosmeri.chichaygarcia,,,"Ciudad Autónoma de Buenos Aires","Buenos Aires",Argentina,100007757765246,"Apoyo Universitario",,1
Maria,"De Godoy",maria.p.degodoy@facebook.com,"13 de Junio",https://www.facebook.com/maria.p.degodoy,,,"Ciudad Autónoma de Buenos Aires","Buenos Aires",Argentina,1591563105,"Gianfranco Ferrati",,1
Tamii,Umpierrez,tamii.umpierrez@facebook.com,"13 de Junio",https://www.facebook.com/tamii.umpierrez,,,"Ciudad Autónoma de Buenos Aires","Buenos Aires",Argentina,100001772169034,"Rodrii Martinez",,1
Claudio,Dagia,claudiodagia@facebook.com,"13 de Junio",https://www.facebook.com/ClaudioDagia,29,,"Ciudad Autónoma de Buenos Aires","Buenos Aires",Argentina,100001645923916,"Vanina Lopez Baroni",https://www.facebook.com/vaninalb,1
Francisco,Ledesma,francisco.ledesma.1481@facebook.com,"13 de Junio",https://www.facebook.com/francisco.ledesma.1481,29,,"Ciudad Autónoma de Buenos Aires","Buenos Aires",Argentina,100002313955305,"Maria Pia Perez Brea",,1
BandolerosyPiratas,Rock,bandolerosypiratas@facebook.com,"13 de Junio",https://www.facebook.com/bandolerosypiratas,,,"Ciudad Autónoma de Buenos Aires","Buenos Aires",Argentina,1414737022,"Alejandra Ale Roldan",,1
Peces,"de Ciudad",deciudad@facebook.com,"13 de Junio",https://www.facebook.com/deciudad,,,"Ciudad Autónoma de Buenos Aires","Buenos Aires",Argentina,1324954666,"Castro Marina",https://www.facebook.com/castro.marina,1
Lucas,Capmourteres,lcapmourteres@facebook.com,"13 de Junio",https://www.facebook.com/lcapmourteres,24,,"Ciudad Autónoma de Buenos Aires","Buenos Aires",Argentina,1385704380,"Belen Uicich",https://www.facebook.com/belen.uicich,1
Francisco,Mass,francisco.mass.7@facebook.com,"13 de Junio",https://www.facebook.com/francisco.mass.7,,"Buenos Aires","Buenos Aires","Buenos Aires",Argentina,833693081,"Sofia Reinoso",0,1
Beelu,Boonfiglio,beelu.boonfiglio@facebook.com,"13 de Junio",https://www.facebook.com/beelu.boonfiglio,,"Buenos Aires","Buenos Aires","Buenos Aires",Argentina,1311668534,"Luciana Paione Oleszuk",0,1
Mimos,Mimos,mimos.mimos.39@facebook.com,"13 de Junio",https://www.facebook.com/mimos.mimos.39,30,,"Ciudad Autónoma de Buenos Aires","Buenos Aires",Argentina,100006289020837,"Luz Adamo",https://www.facebook.com/luz.adamo,1
Gonzalo,Cai,gonzalo.lovey@facebook.com,"13 de Junio",https://www.facebook.com/gonzalo.lovey,22,"La Boca","Ciudad Autónoma de Buenos Aires","Distrito Federal",Argentina,1106648520,"Estefania Rodriguez",,1
Pablo,Boldrin,maximilianoemma@facebook.com,"13 de Junio",https://www.facebook.com/maximilianoemma,,,"Ciudad Autónoma de Buenos Aires","Buenos Aires",Argentina,1242950335,"Yani Nefes",https://www.facebook.com/yani.nefes,1
"Diego Alberto","Di Julio",diegoalberto.dijulio@facebook.com,"14 de Junio",https://www.facebook.com/diegoalberto.dijulio,21,,"Ciudad Autónoma de Buenos Aires","Buenos Aires",Argentina,1090694242,"Agustina Pelle Müller",,1
Johanna,Lazcano,johanna.lazcano.5@facebook.com,"14 de Junio",https://www.facebook.com/johanna.lazcano.5,,,"Ciudad Autónoma de Buenos Aires","Buenos Aires",Argentina,100001728804535,"Tatiana Petroccelli",https://www.facebook.com/tanshanita,1
Flor,Gomez,flor.gomez.50767@facebook.com,"14 de Junio",https://www.facebook.com/flor.gomez.50767,24,,"Ciudad Autónoma de Buenos Aires","Buenos Aires",Argentina,1210515794,"Antonela Monachesi",https://www.facebook.com/anto.monachesi,1
Tati,Graña,tati.grania@facebook.com,"14 de Junio",https://www.facebook.com/tati.grania,21,,"Ciudad Autónoma de Buenos Aires","Buenos Aires",Argentina,1133717385,"Tia Lu",https://www.facebook.com/vivardo.lucia,1
Facundo,Borges,facundo.borges.7@facebook.com,"14 de Junio",https://www.facebook.com/facundo.borges.7,22,,"Ciudad Autónoma de Buenos Aires","Buenos Aires",Argentina,100000194797323,"Agustina Pelle Müller",,1
Hernan,Rodriguez,hernan.rodriguez.332@facebook.com,"14 de Junio",https://www.facebook.com/hernan.rodriguez.332,25,,"Ciudad Autónoma de Buenos Aires","Buenos Aires",Argentina,100003491659864,"Sergio Acosta",,1
Mitt,Skinn,mittskinnfactory@facebook.com,"14 de Junio",https://www.facebook.com/mittskinnfactory,,,"Ciudad Autónoma de Buenos Aires","Buenos Aires",Argentina,100002380290168,"Maria Laura Pendás",https://www.facebook.com/marialaura.pendas,1
Florencia,Rodriguez,florencia.rodriguez.5074644@facebook.com,"14 de Junio",https://www.facebook.com/florencia.rodriguez.5074644,,,"Ciudad Autónoma de Buenos Aires","Buenos Aires",Argentina,1492881582,"Agus Rodriguez",,1
Leo,Importaciones,leoventas@facebook.com,"14 de Junio",https://www.facebook.com/Leoventas,22,,"Ciudad Autónoma de Buenos Aires","Buenos Aires",Argentina,100003985784445,"Sil Cristiano ?ï?",https://www.facebook.com/Sivinita,1
Sol,Rnr,solangitarocanrol@facebook.com,"14 de Junio",https://www.facebook.com/SolangitaRocanrol,29,Flores,"Ciudad Autónoma de Buenos Aires","Buenos Aires",Argentina,601565859,"Flor Gonzalez",,1
Dai,Cranberry,dai.cranberry@facebook.com,"14 de Junio",https://www.facebook.com/Dai.Cranberry,,,"Ciudad Autónoma de Buenos Aires","Buenos Aires",Argentina,100001059228563,"Juanma Ramirez",,1
Marira,Aldabez,mariadelosangeles.aldabez@facebook.com,"14 de Junio",https://www.facebook.com/mariadelosangeles.aldabez,,,"Ciudad Autónoma de Buenos Aires","Buenos Aires",Argentina,100003468804103,"Cesar Berdullas",https://www.facebook.com/cesar.berdullas,1
Silvana,Cejas,silvicej@facebook.com,"14 de Junio",https://www.facebook.com/silvicej,23,,"Ciudad Autónoma de Buenos Aires","Buenos Aires",Argentina,100001582588335,"Alejandro Amitrano",,1
Juancito,Wouters,juanii.wouters@facebook.com,"14 de Junio",https://www.facebook.com/juanii.wouters,23,,"Ciudad Autónoma de Buenos Aires","Buenos Aires",Argentina,1451193351,"Pala Falguera",,1
Juli,Conforti,putooelquelee@facebook.com,"14 de Junio",https://www.facebook.com/putooelquelee,,,"Ciudad Autónoma de Buenos Aires","Buenos Aires",Argentina,1835121320,"Julieta Vescio",https://www.facebook.com/JulietaVescio,1
Martina,Falcucci,martu.falcucci@facebook.com,"14 de Junio",https://www.facebook.com/martu.falcucci,,,"Ciudad Autónoma de Buenos Aires","Buenos Aires",Argentina,1337818099,"Mauro Napole",https://www.facebook.com/maurinapole,1
Lucas,"Perez Bocaffusso",lucas.perezbocaffusso@facebook.com,"14 de Junio",https://www.facebook.com/lucas.perezbocaffusso,29,,"Ciudad Autónoma de Buenos Aires","Buenos Aires",Argentina,1153714365,"Melo Dellarole",https://www.facebook.com/melodellarole,1
Nico,Ds,nicolasagustin.aguiar@facebook.com,"14 de Junio",https://www.facebook.com/nicolasagustin.aguiar,,,"Ciudad Autónoma de Buenos Aires","Buenos Aires",Argentina,100001431434243,"Rodrii Martinez",,1
Estudio,Dynamis,dynamis.estudio@facebook.com,"14 de Junio",https://www.facebook.com/dynamis.estudio,,,"Ciudad Autónoma de Buenos Aires","Buenos Aires",Argentina,100003148907826,"Jessica Bellomo",https://www.facebook.com/JessBellomo,1
Auditores,OK,auditoresoficial@facebook.com,"14 de Junio",https://www.facebook.com/auditoresoficial,,,"Ciudad Autónoma de Buenos Aires","Buenos Aires",Argentina,100003158269975,"Jessica Bellomo",https://www.facebook.com/JessBellomo,1
Leticia,Ledesma,leticia.ledesma.33@facebook.com,"14 de Junio",https://www.facebook.com/leticia.ledesma.33,25,,"Ciudad Autónoma de Buenos Aires","Buenos Aires",Argentina,100000063092395,"Belu Pagliettini",https://www.facebook.com/belu.pagliettini,1
Antonio,Cantero,antonio.cantero.7359@facebook.com,"14 de Junio",https://www.facebook.com/antonio.cantero.7359,27,,"Ciudad Autónoma de Buenos Aires","Buenos Aires",Argentina,100001511902080,"Adrian Ignacio Kreizer",https://www.facebook.com/adrianignacio.kreizer,1
Spinosa,Gym,spinosa.gym@facebook.com,"14 de Junio",https://www.facebook.com/spinosa.gym,27,"Villa Crespo","Ciudad Autónoma de Buenos Aires","Buenos Aires",Argentina,100001604623543,"Adrian Ignacio Kreizer",https://www.facebook.com/adrianignacio.kreizer,1
Martu,Guglielminetti,martina.guglielminetti.94@facebook.com,"14 de Junio",https://www.facebook.com/martina.guglielminetti.94,,,"Ciudad Autónoma de Buenos Aires","Buenos Aires",Argentina,100005970610043,"Agustin Sujo",https://www.facebook.com/agustin.sujook,1
Difusión,"Maxi Cardaci",difusion.maxicardaci@facebook.com,"14 de Junio",https://www.facebook.com/difusion.maxicardaci,,,"Ciudad Autónoma de Buenos Aires","Buenos Aires",Argentina,100000796294160,"Ignacio Lines Ceruti",https://www.facebook.com/ignacio.lines,1
"Daniel Eduardo",Yosco,daniel2013.eventos@facebook.com,"14 de Junio",https://www.facebook.com/daniel2013.eventos,,,"Ciudad Autónoma de Buenos Aires","Buenos Aires",Argentina,100003544602632,"Piltra Toller",https://www.facebook.com/piltra,1
Brunette,Bags,brunette.bags@facebook.com,"14 de Junio",https://www.facebook.com/brunette.bags,28,,"Ciudad Autónoma de Buenos Aires","Buenos Aires",Argentina,100001636852905,"Antonela Monachesi",https://www.facebook.com/anto.monachesi,1
Thais,Ferreyra,thais.ferreyra.5@facebook.com,"14 de Junio",https://www.facebook.com/thais.ferreyra.5,,,"Ciudad Autónoma de Buenos Aires","Buenos Aires",Argentina,100000808428720,"Ignacio Lines Ceruti",https://www.facebook.com/ignacio.lines,1
Alan,Dabbah,matias.cry@facebook.com,"14 de Junio",https://www.facebook.com/matias.cry,25,,"Ciudad Autónoma de Buenos Aires","Buenos Aires",Argentina,100005750581205,"Vicky Blengini",https://www.facebook.com/vicky.blengini,1
Leandro,Rodrigo,soyverysocial@facebook.com,"14 de Junio",https://www.facebook.com/soyverysocial,26,Recoleta,"Ciudad Autónoma de Buenos Aires","Buenos Aires",Argentina,100005905086611,"Ignacio Lines Ceruti",https://www.facebook.com/ignacio.lines,1
Gaston,Martorell,gaston.martorell@facebook.com,"14 de Junio",https://www.facebook.com/gaston.martorell,27,,"Ciudad Autónoma de Buenos Aires","Buenos Aires",Argentina,1245442307,"Guille Rampo",https://www.facebook.com/guillermo.rampo,1
Mariana,Bartl,mariana.bartl@facebook.com,"14 de Junio",https://www.facebook.com/mariana.bartl,23,,"Ciudad Autónoma de Buenos Aires","Buenos Aires",Argentina,1061946809,"Ana Costas",,1
Daniel,Yos,daniel.yos@facebook.com,"14 de Junio",https://www.facebook.com/daniel.yos,,,"Ciudad Autónoma de Buenos Aires","Buenos Aires",Argentina,703614249,"Natalia Landa",,1
Musca,Mansita,paula.muscarelli.7@facebook.com,"14 de Junio",https://www.facebook.com/paula.muscarelli.7,27,,"Ciudad Autónoma de Buenos Aires","Buenos Aires",Argentina,100007528304776,"Cynthia Tatiana Martinez Neves",https://www.facebook.com/cynthiatatiana.martinezne,1
Eze,Pinelli,eze.pinelli@facebook.com,"15 de Junio",https://www.facebook.com/eze.pinelli,23,,"Ciudad Autónoma de Buenos Aires","Buenos Aires",Argentina,100003793789701,"Flor Vischi Cortés",https://www.facebook.com/flor.vischi,1
Nando,Cabrera,nando.cabrera.5220@facebook.com,"15 de Junio",https://www.facebook.com/nando.cabrera.5220,,,"Ciudad Autónoma de Buenos Aires","Buenos Aires",Argentina,100002216848985,"Álvarez Pablo",,1
Rodri,Alvarez,rodrigo.emma1@facebook.com,"15 de Junio",https://www.facebook.com/rodrigo.emma1,,,"Ciudad Autónoma de Buenos Aires","Buenos Aires",Argentina,1618500547,"Marcela Miracolo",https://www.facebook.com/marcela.miracolo,1
Nicolas,Nobre,nicolasnobre10@facebook.com,"15 de Junio",https://www.facebook.com/nicolasnobre10,26,,"Ciudad Autónoma de Buenos Aires","Buenos Aires",Argentina,1794157680,"Gonza Gonzalez",,1
Sweetbody,Lenceria,sweetbodylenceria@facebook.com,"15 de Junio",https://www.facebook.com/sweetbodylenceria,,Congreso,"Ciudad Autónoma de Buenos Aires","Buenos Aires",Argentina,100002110193464,"July Jaluff",https://www.facebook.com/july.jaluff,1
Florencia,Ayala,bell.lokuras@facebook.com,"15 de Junio",https://www.facebook.com/bell.lokuras,,,"Ciudad Autónoma de Buenos Aires","Buenos Aires",Argentina,1384464468,"Juanma Ramirez",,1
Maar,Jackson,maar.jackson.7@facebook.com,"15 de Junio",https://www.facebook.com/maar.jackson.7,,,"Ciudad Autónoma de Buenos Aires","Buenos Aires",Argentina,100001963933026,"Ornela G Cirigliano",https://www.facebook.com/floweringashtree,1
Diana,Gonsales,rosario.pirelli@facebook.com,"15 de Junio",https://www.facebook.com/rosario.pirelli,,,"Ciudad Autónoma de Buenos Aires","Buenos Aires",Argentina,100002274726660,"Javier Potenza",,1
Alan,Gauna,alan.gauna.399@facebook.com,"15 de Junio",https://www.facebook.com/alan.gauna.399,,,"Ciudad Autónoma de Buenos Aires","Buenos Aires",Argentina,100004446666792,"Agustina Pelle Müller",,1
Tatiana,Ayelen,tatiiana.ayelen@facebook.com,"15 de Junio",https://www.facebook.com/tatiiana.ayelen,,,"Ciudad Autónoma de Buenos Aires","Buenos Aires",Argentina,1152746483,"Pedro Lopezyfernandez",https://www.facebook.com/pedronahuel,1
Dante,Crobar,dante.crobar@facebook.com,"15 de Junio",https://www.facebook.com/dante.crobar,25,,"Ciudad Autónoma de Buenos Aires","Buenos Aires",Argentina,100002090948878,"Guido Moncayo",https://www.facebook.com/guido.moncayo,1
"Francisco Ariel",Vitali,franciscoariel.vitali@facebook.com,"15 de Junio",https://www.facebook.com/franciscoariel.vitali,28,,"Ciudad Autónoma de Buenos Aires","Buenos Aires",Argentina,100000889301013,"Verónica Sebben",https://www.facebook.com/veronica.sebben,1
Lujan,Descalzo,lujan.descalzo.7@facebook.com,"15 de Junio",https://www.facebook.com/lujan.descalzo.7,26,,"Ciudad Autónoma de Buenos Aires","Buenos Aires",Argentina,1055438342,"Melina Piovano",https://www.facebook.com/melipiovano,1
Cristian,Zapata,cristian.zapata.334@facebook.com,"15 de Junio",https://www.facebook.com/cristian.zapata.334,23,"Nueva Pompeya","Ciudad Autónoma de Buenos Aires","Distrito Federal",Argentina,100000403507877,"Gabriela Competiello",,1
Gabriel,Sparza,mario.luis.7503@facebook.com,"15 de Junio",https://www.facebook.com/mario.luis.7503,,,"Ciudad Autónoma de Buenos Aires","Buenos Aires",Argentina,100002638112354,"Jero Salsamendi",https://www.facebook.com/jero.salsamendi,1
Martín,Villar,martin.villar.144@facebook.com,"15 de Junio",https://www.facebook.com/martin.villar.144,,,"Ciudad Autónoma de Buenos Aires","Buenos Aires",Argentina,1325738190,"Brian Cano",,1
Demian,Vicent,demian.vicent@facebook.com,"15 de Junio",https://www.facebook.com/demian.vicent,22,,"Ciudad Autónoma de Buenos Aires","Buenos Aires",Argentina,100001477343349,"Jessica Bellomo",https://www.facebook.com/JessBellomo,1
"Fatima Lucila",Sciutto,fatimalucila.sciutto@facebook.com,"15 de Junio",https://www.facebook.com/fatimalucila.sciutto,22,,"Ciudad Autónoma de Buenos Aires","Buenos Aires",Argentina,1368870828,"Giiu Minniti",https://www.facebook.com/giiu.minniti,1
EPresas,EPresas,epresas.epresas.3@facebook.com,"15 de Junio",https://www.facebook.com/epresas.epresas.3,,,"Ciudad Autónoma de Buenos Aires","Buenos Aires",Argentina,100004653934301,"Cristian Fernandez Villamor",https://www.facebook.com/cristian.fernandezvillamo,1
Cristian,Avalos,cristianluis1987@facebook.com,"15 de Junio",https://www.facebook.com/cristianluis1987,,,"Ciudad Autónoma de Buenos Aires","Buenos Aires",Argentina,100000549887288,"Martín Álvarez BA I",https://www.facebook.com/Woody.Blair,1
El,Azul,el.z.azul.7@facebook.com,"15 de Junio",https://www.facebook.com/el.z.azul.7,,,"Ciudad Autónoma de Buenos Aires","Buenos Aires",Argentina,100001339550249,"Flor Scalise",https://www.facebook.com/flor.scalise,1
Nati,Stanchi,nati.stanchi@facebook.com,"15 de Junio",https://www.facebook.com/nati.stanchi,,,"Ciudad Autónoma de Buenos Aires","Buenos Aires",Argentina,1555103317,"Martín Álvarez BA I",https://www.facebook.com/Woody.Blair,1
"Juan Cruz",Fresco,juancfresco@facebook.com,"15 de Junio",https://www.facebook.com/juancfresco,,,"Ciudad Autónoma de Buenos Aires","Buenos Aires",Argentina,100001199390736,"Aylu Macchi",,1
Estes,Estes,emmanuel.sachi.1981@facebook.com,"15 de Junio",https://www.facebook.com/emmanuel.sachi.1981,24,,"Ciudad Autónoma de Buenos Aires","Buenos Aires",Argentina,100003225171748,"Tatiana Petroccelli",https://www.facebook.com/tanshanita,1
Anto,Angeloni,anto.barracas@facebook.com,"15 de Junio",https://www.facebook.com/anto.barracas,22,Barracas,"Ciudad Autónoma de Buenos Aires","Buenos Aires",Argentina,100003862458566,"Guido Moncayo",https://www.facebook.com/guido.moncayo,1
Daniela,Alejo,daniela.alejo.986@facebook.com,"15 de Junio",https://www.facebook.com/daniela.alejo.986,21,,"Ciudad Autónoma de Buenos Aires","Buenos Aires",Argentina,100004117989903,"Aldana Giudice",https://www.facebook.com/Soy.Pinky,1
Federica,Fossa,federica.fossa.3@facebook.com,"15 de Junio",https://www.facebook.com/federica.fossa.3,,,"Ciudad Autónoma de Buenos Aires","Buenos Aires",Argentina,100000539923487,"Vicky Diaz",,1
Mca,"Art Deco",mca.artdeco@facebook.com,"15 de Junio",https://www.facebook.com/mca.artdeco,,,"Ciudad Autónoma de Buenos Aires","Buenos Aires",Argentina,100002924794347,"Maria Laura Pendás",https://www.facebook.com/marialaura.pendas,1
Andres,Constantini,andres.constantini@facebook.com,"15 de Junio",https://www.facebook.com/andres.constantini,21,,"Ciudad Autónoma de Buenos Aires","Buenos Aires",Argentina,1422780871,"Bren Gayol",,1
Facundo,Geremia,fageremia@facebook.com,"15 de Junio",https://www.facebook.com/fageremia,28,,"Ciudad Autónoma de Buenos Aires","Buenos Aires",Argentina,570253547,"Sabri Bértolo",,1
Felicitas,"Gomez Alzaga",felicitas.gomezalzaga@facebook.com,"15 de Junio",https://www.facebook.com/felicitas.gomezalzaga,28,,"Ciudad Autónoma de Buenos Aires","Buenos Aires",Argentina,1556820845,"Esteban Sanchez",,1
Pili,Varela,pilivarelaa@facebook.com,"15 de Junio",https://www.facebook.com/pilivarelaa,,,"Ciudad Autónoma de Buenos Aires","Buenos Aires",Argentina,100005163933572,"Agustin Sujo",https://www.facebook.com/agustin.sujook,1
Bianca,Portaluppi,biancafn@facebook.com,"15 de Junio",https://www.facebook.com/Biancafn,,"Villa Del Parque","Ciudad Autónoma de Buenos Aires","Distrito Federal",Argentina,1377811685,"Brian Cano",,1
Mateus,Rodrigué,mateus.excurcarp@facebook.com,"15 de Junio",https://www.facebook.com/mateus.excurcarp,,Núñez,"Ciudad Autónoma de Buenos Aires","Buenos Aires",Argentina,1830270323,"Cristian Andres Romano",,1
Coo,Lo,lisan.colo@facebook.com,"15 de Junio",https://www.facebook.com/lisan.colo,27,,"Ciudad Autónoma de Buenos Aires","Buenos Aires",Argentina,100001864928904,"Brian Hettich",https://www.facebook.com/brianghettich,1
Cineina,Argentina,adictosalcine@facebook.com,"15 de Junio",https://www.facebook.com/adictosalcine,,,"Ciudad Autónoma de Buenos Aires","Buenos Aires",Argentina,1213582216,"Flor Scalise",https://www.facebook.com/flor.scalise,1
Gabriela,Treutel,gabriela.treutel@facebook.com,"15 de Junio",https://www.facebook.com/gabriela.treutel,29,,"Ciudad Autónoma de Buenos Aires","Buenos Aires",Argentina,1178959092,"Gimena Rubolino",https://www.facebook.com/gimena.rubolino,1
"Ariel Damian",Altamirano,arieldamian.altamirano@facebook.com,"15 de Junio",https://www.facebook.com/arieldamian.altamirano,30,,"Ciudad Autónoma de Buenos Aires","Buenos Aires",Argentina,100004076559448,"Juan Elias Catan",https://www.facebook.com/juan.724,1
Juan,Tedesco,maldito.duende.98@facebook.com,"15 de Junio",https://www.facebook.com/maldito.duende.98,25,"Villa Pueyrredón","Ciudad Autónoma de Buenos Aires","Buenos Aires",Argentina,1467070450,"Jobs Bar",https://www.facebook.com/jobsbar,1
"Agrupacion Lealtad",Trabajo,agrupacionlealtad.trabajo@facebook.com,"15 de Junio",https://www.facebook.com/agrupacionlealtad.trabajo,25,,"Ciudad Autónoma de Buenos Aires","Buenos Aires",Argentina,100001124293674,"Irma Mercedes Palma",,1
Verónica,Villar,verillus@facebook.com,"15 de Junio",https://www.facebook.com/Verillus,,,"Ciudad Autónoma de Buenos Aires","Buenos Aires",Argentina,739544321,"Natascha Stern",https://www.facebook.com/natascha.stern,1
Franco,Smith,elturrodebruna@facebook.com,"15 de Junio",https://www.facebook.com/ElTurroDeBruna,,,"Ciudad Autónoma de Buenos Aires","Buenos Aires",Argentina,1325318093,"Diandra Lesly",https://www.facebook.com/diandra.lesly,1
Demian,Chuffer,demian.chuffer@facebook.com,"15 de Junio",https://www.facebook.com/demian.chuffer,,,"Ciudad Autónoma de Buenos Aires","Buenos Aires",Argentina,1018436059,"Jessica Bellomo",https://www.facebook.com/JessBellomo,1
Caro,Sotelo,carosotsit@facebook.com,"15 de Junio",https://www.facebook.com/carosotsit,,,"Ciudad Autónoma de Buenos Aires","Buenos Aires",Argentina,1343822979,"Agustina Pelle Müller",,1
Marcelo,Pendola,marcelo.pendola@facebook.com,"15 de Junio",https://www.facebook.com/marcelo.pendola,,,"Ciudad Autónoma de Buenos Aires","Buenos Aires",Argentina,1316131540,"Castro Marina",https://www.facebook.com/castro.marina,1
ReMax,Argentina,remax.argentina@facebook.com,"15 de Junio",https://www.facebook.com/remax.argentina,28,,"Ciudad Autónoma de Buenos Aires","Buenos Aires",Argentina,1557770424,"Marina Castagnino",https://www.facebook.com/castagnino,1
Rocio,Marino,rociomarino.01@facebook.com,"15 de Junio",https://www.facebook.com/rociomarino.01,,,"Ciudad Autónoma de Buenos Aires","Buenos Aires",Argentina,1042363166,"Miqui Berriòs",https://www.facebook.com/miqui.berrios,1
Nicolas,Guarch,nag98@facebook.com,"15 de Junio",https://www.facebook.com/nag98,24,,"Ciudad Autónoma de Buenos Aires","Buenos Aires",Argentina,1612158704,"Nano Vaquer",,1
July,Cuevas,july.cuevas.311@facebook.com,"15 de Junio",https://www.facebook.com/july.cuevas.311,,Array,"Ciudad Autónoma de Buenos Aires","Buenos Aires",Argentina,815844379,"Piru Lasta",0,1
Nicole,Otero,nicole.otero.94@facebook.com,"15 de Junio",https://www.facebook.com/nicole.otero.94,,,"Ciudad Autónoma de Buenos Aires","Buenos Aires",Argentina,1082760989,"Francisco Klausner",https://www.facebook.com/francisco.klausner,1
Martina,Farina,marchug2008@facebook.com,"15 de Junio",https://www.facebook.com/marchug2008,,,"Ciudad Autónoma de Buenos Aires","Buenos Aires",Argentina,1779380266,"Anna Laura",https://www.facebook.com/Anna.Laucha,1
"Paula Natalia",Muscarelli,paulanatalia.muscarelli@facebook.com,"15 de Junio",https://www.facebook.com/paulanatalia.muscarelli,27,,"Ciudad Autónoma de Buenos Aires","Buenos Aires",Argentina,100006310057079,"Cynthia Tatiana Martinez Neves",https://www.facebook.com/cynthiatatiana.martinezne,1
Elizabeth,Belen,elizabeth.belen.54@facebook.com,"15 de Junio",https://www.facebook.com/elizabeth.belen.54,21,,"Ciudad Autónoma de Buenos Aires","Buenos Aires",Argentina,1166648951,"Pala Falguera",,1
Magui,Sanchez,magui.sanchez.73@facebook.com,"15 de Junio",https://www.facebook.com/magui.sanchez.73,,"Villa Del Parque","Ciudad Autónoma de Buenos Aires","Buenos Aires",Argentina,1321483518,"Tamara Arias",,1
Gino,Ferrari,ginoferrari@facebook.com,"15 de Junio",https://www.facebook.com/ginoferrari,,,"Ciudad Autónoma de Buenos Aires","Buenos Aires",Argentina,1335030156,"Florencia Cortés",https://www.facebook.com/cortes.florencia,1
Frank,Chiara,frank.chiara.3@facebook.com,"15 de Junio",https://www.facebook.com/frank.chiara.3,,,"Ciudad Autónoma de Buenos Aires","Buenos Aires",Argentina,100001410082632,"Jessica Bellomo",https://www.facebook.com/JessBellomo,1
Demian,Praia,demian.praia@facebook.com,"15 de Junio",https://www.facebook.com/demian.praia,22,,"Ciudad Autónoma de Buenos Aires","Buenos Aires",Argentina,100001412144415,"Jessica Bellomo",https://www.facebook.com/JessBellomo,1
Federico,Yang,federico.yang.3@facebook.com,"15 de Junio",https://www.facebook.com/federico.yang.3,25,"Buenos Aires","Buenos Aires","Buenos Aires",Argentina,100001099209665,"Alan Yun",0,1
"Coleccion Alvear","de Zurbarán",coleccionalvear.dezurbaran@facebook.com,"16 de Junio",https://www.facebook.com/coleccionalvear.dezurbaran,27,,"Ciudad Autónoma de Buenos Aires","Buenos Aires",Argentina,100000823891738,"Daniel Arbol",https://www.facebook.com/darbol1,1
Flor,Cabrera,florencia.cabrera@facebook.com,"16 de Junio",https://www.facebook.com/Florencia.Cabrera,,,"Ciudad Autónoma de Buenos Aires","Buenos Aires",Argentina,1082203890,"Andrea Flijer",https://www.facebook.com/andrea.flijer,1
Martin,Mendieta,mendieta.martin@facebook.com,"16 de Junio",https://www.facebook.com/mendieta.martin,26,,"Ciudad Autónoma de Buenos Aires","Buenos Aires",Argentina,1321968431,"Ezequiel Perez",,1
Maru,Modjo,maru.modjo@facebook.com,"16 de Junio",https://www.facebook.com/maru.modjo,,,"Ciudad Autónoma de Buenos Aires","Buenos Aires",Argentina,697594466,"Charly Ruez",https://www.facebook.com/charly.ruez,1
Jesus,Uzcategui,jojotomusic@facebook.com,"16 de Junio",https://www.facebook.com/JOJOTOMUSIC,22,,"Ciudad Autónoma de Buenos Aires","Buenos Aires",Argentina,1133302956,"Belu Piacentino",https://www.facebook.com/belenpiacentino,1
Yamila,Simonini,yamila.simonini@facebook.com,"16 de Junio",https://www.facebook.com/yamila.simonini,25,,"Ciudad Autónoma de Buenos Aires","Buenos Aires",Argentina,100001727235211,"Pedro Lopezyfernandez",https://www.facebook.com/pedronahuel,1
Tomás,Zambrana,tomas.zambrana@facebook.com,"16 de Junio",https://www.facebook.com/tomas.zambrana,22,,"Ciudad Autónoma de Buenos Aires","Buenos Aires",Argentina,854779811,"Ignacio Busquiazo",https://www.facebook.com/ignacio.busquiazo,1
"Mgm Complementos",Complementos,maccesorios1@facebook.com,"16 de Junio",https://www.facebook.com/maccesorios1,,,"Ciudad Autónoma de Buenos Aires","Buenos Aires",Argentina,625723864,"Rocío Martínez",https://www.facebook.com/rochi.belen,1
Brenda,Carballo,incoherent.dreams@facebook.com,"16 de Junio",https://www.facebook.com/incoherent.dreams,,,"Ciudad Autónoma de Buenos Aires","Buenos Aires",Argentina,1056229520,"Maanu C. Rebori",https://www.facebook.com/maanu,1
Lau,Trombo,lau.trombo@facebook.com,"16 de Junio",https://www.facebook.com/lau.trombo,23,,"Ciudad Autónoma de Buenos Aires","Buenos Aires",Argentina,100003174562680,"Jero Salsamendi",https://www.facebook.com/jero.salsamendi,1
Nicolas,"de Ibarlucea",nicolas.deibarlucea@facebook.com,"16 de Junio",https://www.facebook.com/nicolas.deibarlucea,21,"Villa Pueyrredón","Ciudad Autónoma de Buenos Aires","Distrito Federal",Argentina,1013122046,"Ale Arias Mandarine Park",,1
Maximiliano,Irusta,maximiliano.irusta.9@facebook.com,"16 de Junio",https://www.facebook.com/maximiliano.irusta.9,25,"Buenos Aires","Buenos Aires","Buenos Aires",Argentina,100000316921270,"David Ricardo Irusta",0,1
Lucas,Salvatori,lucassalvatori@facebook.com,"16 de Junio",https://www.facebook.com/lucassalvatori,24,,"Ciudad Autónoma de Buenos Aires","Buenos Aires",Argentina,725301645,"Emiliano Pirolo",https://www.facebook.com/emi.pirolo,1
DG,Espectaculos,dgmediosyespectaculos@facebook.com,"16 de Junio",https://www.facebook.com/dgmediosyespectaculos,,,"Ciudad Autónoma de Buenos Aires","Buenos Aires",Argentina,1658928722,"Flor Scalise",https://www.facebook.com/flor.scalise,1
Gonn,Sam,gonnsam.ii@facebook.com,"16 de Junio",https://www.facebook.com/gonnsam.ii,22,"Barrio Norte","Ciudad Autónoma de Buenos Aires","Buenos Aires",Argentina,100002963165985,"Cristian Fernandez Villamor",https://www.facebook.com/cristian.fernandezvillamo,1
"Grupo Gay","Por Flores",grupogay.porflores@facebook.com,"16 de Junio",https://www.facebook.com/grupogay.porflores,22,Flores,"Ciudad Autónoma de Buenos Aires","Buenos Aires",Argentina,100002976994255,"Cristian Fernandez Villamor",https://www.facebook.com/cristian.fernandezvillamo,1
Mariano,Varela,mariano.varela.5811@facebook.com,"16 de Junio",https://www.facebook.com/mariano.varela.5811,,,"Ciudad Autónoma de Buenos Aires","Buenos Aires",Argentina,736134438,"Cecilia Martinez Etchevers",https://www.facebook.com/ceciliaetc,1
Julieta,Micol,shhhulai@facebook.com,"16 de Junio",https://www.facebook.com/Shhhulai,,,"Ciudad Autónoma de Buenos Aires","Buenos Aires",Argentina,100002687105819,"Demián Gabriel",,1
Lucas,Greco,lucasegreco@facebook.com,"16 de Junio",https://www.facebook.com/lucasegreco,29,,"Ciudad Autónoma de Buenos Aires","Buenos Aires",Argentina,752087639,"Maria DEL Mar",,1
Juan,Origlia,juan.origlia@facebook.com,"16 de Junio",https://www.facebook.com/juan.origlia,24,,"Ciudad Autónoma de Buenos Aires","Buenos Aires",Argentina,100003616055181,"Germán LM",https://www.facebook.com/ghermanl,1
IamHome,BA,iamhomeapartments@facebook.com,"16 de Junio",https://www.facebook.com/IamhomeApartments,,,"Ciudad Autónoma de Buenos Aires","Buenos Aires",Argentina,100002577825186,"Romy Gutierrez Jaime",https://www.facebook.com/romygutierrezjaime,1
Belen,"Lavallen Tobaldi",belen.lavallen.7@facebook.com,"16 de Junio",https://www.facebook.com/belen.lavallen.7,,,"Ciudad Autónoma de Buenos Aires","Buenos Aires",Argentina,517644597,"Christian Kraemer",https://www.facebook.com/christian.kraemer,1
Olivia,Molina,olita.molina@facebook.com,"16 de Junio",https://www.facebook.com/olita.molina,25,Recoleta,"Ciudad Autónoma de Buenos Aires","Buenos Aires",Argentina,615502333,"Jazmin Jurevich",https://www.facebook.com/Jaz.Jurevich,1
Noe,Fotografia,noe.fotografia.73@facebook.com,"16 de Junio",https://www.facebook.com/noe.fotografia.73,25,,"Ciudad Autónoma de Buenos Aires","Buenos Aires",Argentina,100003674962761,"Nahu Millicay Pereyra",https://www.facebook.com/nahumilli,1
Matias,Lopez,matias.lopez.779@facebook.com,"16 de Junio",https://www.facebook.com/matias.lopez.779,27,,"Ciudad Autónoma de Buenos Aires","Buenos Aires",Argentina,100000257131001,"Natalia Rosensvaich",https://www.facebook.com/Rochen,1
Anabela,Campodonico,anabela.campodonico@facebook.com,"16 de Junio",https://www.facebook.com/anabela.campodonico,30,,"Ciudad Autónoma de Buenos Aires","Buenos Aires",Argentina,100000369305934,"Cecilia Martinez Etchevers",https://www.facebook.com/ceciliaetc,1
Lotions,Perfect,lotions.perfect@facebook.com,"16 de Junio",https://www.facebook.com/lotions.perfect,27,,"Ciudad Autónoma de Buenos Aires","Buenos Aires",Argentina,100004063164547,"Natalia Tarelli",,1
Greta,Bruno,greta.a.bruno@facebook.com,"16 de Junio",https://www.facebook.com/greta.a.bruno,,,"Ciudad Autónoma de Buenos Aires","Buenos Aires",Argentina,1313116074,"Emiliano Pirolo",,1
Brittany,Hilton,nicole.eichembener@facebook.com,"16 de Junio",https://www.facebook.com/nicole.eichembener,26,"Buenos Aires","Buenos Aires","Buenos Aires",Argentina,100002915911099,"Elias Prituluk",0,1
Checa,Tienda,tiendachecaaccesorios@facebook.com,"16 de Junio",https://www.facebook.com/tiendachecaaccesorios,,,"Ciudad Autónoma de Buenos Aires","Buenos Aires",Argentina,100000214288487,"Maria Florencia Lioni Tarsitano",https://www.facebook.com/mariaflorencia.lionitarsi,1
Ezequiel,Guerrero,ezeequielcesar@facebook.com,"16 de Junio",https://www.facebook.com/ezeequielcesar,,"Buenos Aires","Buenos Aires","Buenos Aires",Argentina,100000155469718,"Iael Rosemberg",0,1
Fede,Teceyra,fede.teceyra@facebook.com,"16 de Junio",https://www.facebook.com/fede.teceyra,22,,"Ciudad Autónoma de Buenos Aires","Buenos Aires",Argentina,1387923039,"Manu Dadaglio",,1
"Séptimo Sábado",Locaciones,7s.locaciones@facebook.com,"16 de Junio",https://www.facebook.com/7s.locaciones,29,,"Ciudad Autónoma de Buenos Aires","Buenos Aires",Argentina,1151048691,"Yanina Battiato",,1
"Rodry Dee",Chiingolo,rodrydee.chiingolo@facebook.com,"16 de Junio",https://www.facebook.com/rodrydee.chiingolo,22,,"Ciudad Autónoma de Buenos Aires","Buenos Aires",Argentina,803524661,"Kati Mosich",https://www.facebook.com/kati.mosich,1
Pienso,"En Ti",pienso.enti.140193@facebook.com,"16 de Junio",https://www.facebook.com/pienso.enti.140193,28,,"Ciudad Autónoma de Buenos Aires","Buenos Aires",Argentina,100004640520162,"Mery Noel Vidal ?ï?",,1
Cami,Maffezini,cammaffezini@facebook.com,"16 de Junio",https://www.facebook.com/cammaffezini,,,"Ciudad Autónoma de Buenos Aires","Buenos Aires",Argentina,1136170021,"Brian Hettich",https://www.facebook.com/brianghettich,1
VM,Overbrand,vincentandmiles@facebook.com,"16 de Junio",https://www.facebook.com/vincentandmiles,,,"Ciudad Autónoma de Buenos Aires","Buenos Aires",Argentina,100001068959003,"Soledad Antunez",,1
Daana,Alfaaro,daana.alfaaro@facebook.com,"16 de Junio",https://www.facebook.com/daana.alfaaro,,,"Ciudad Autónoma de Buenos Aires","Buenos Aires",Argentina,620793111,"Tatiana Petroccelli",https://www.facebook.com/tanshanita,1
Viaje,Cósmico,viaje.cosmico.77@facebook.com,"16 de Junio",https://www.facebook.com/viaje.cosmico.77,,"Buenos Aires","Buenos Aires","Buenos Aires",Argentina,562021320,"Fett Maidana",0,1
Tomas,Kiernan,tomas.kiernan@facebook.com,"16 de Junio",https://www.facebook.com/tomas.kiernan,,,"Ciudad Autónoma de Buenos Aires","Buenos Aires",Argentina,1139975934,"Fiestas Baires",,1
"Nicolas Ignacio",Franco,nicoignaciof@facebook.com,"16 de Junio",https://www.facebook.com/Nicoignaciof,,,"Ciudad Autónoma de Buenos Aires","Buenos Aires",Argentina,100000127143146,"Nicolas Zelechowski",,1
Lola,Roca,ferroca13@facebook.com,"16 de Junio",https://www.facebook.com/ferroca13,,,"Ciudad Autónoma de Buenos Aires","Buenos Aires",Argentina,100001093757780,"Vanesa Myrna Ojeda",,1
Luz,Masco-terra,luz.mascoterra@facebook.com,"16 de Junio",https://www.facebook.com/luz.mascoterra,,,"Ciudad Autónoma de Buenos Aires","Buenos Aires",Argentina,100001094169471,"Vanesa Myrna Ojeda",,1
Anabel,Ferreras,anabel.ferreras.9@facebook.com,"16 de Junio",https://www.facebook.com/anabel.ferreras.9,,,"Ciudad Autónoma de Buenos Aires","Buenos Aires",Argentina,726847567,"Christian Kraemer",https://www.facebook.com/christian.kraemer,1
Lola,Rojo,lola.rojo.1@facebook.com,"16 de Junio",https://www.facebook.com/lola.rojo.1,,,"Ciudad Autónoma de Buenos Aires","Buenos Aires",Argentina,1080781895,"Facundo Bulacio",https://www.facebook.com/facundo.bulacio,1
Luciana,Akselman,lucianaakselman@facebook.com,"16 de Junio",https://www.facebook.com/lucianaakselman,,,"Ciudad Autónoma de Buenos Aires","Buenos Aires",Argentina,100000752533853,"Ian Szejner",,1
"Be Happy",Indumentaria,behappy.indumentaria@facebook.com,"16 de Junio",https://www.facebook.com/behappy.indumentaria,,,"Ciudad Autónoma de Buenos Aires","Buenos Aires",Argentina,100002550798085,"Ayelen Alumine Anahi",https://www.facebook.com/ashe.chabakana,1
Roman,Silva,roman.silva.378@facebook.com,"16 de Junio",https://www.facebook.com/roman.silva.378,,,"Ciudad Autónoma de Buenos Aires","Buenos Aires",Argentina,100000177907384,"Alicia Kosem",https://www.facebook.com/alicia.kosem,1
Loli,Taa,loli.taa.315@facebook.com,"16 de Junio",https://www.facebook.com/loli.taa.315,,,"Ciudad Autónoma de Buenos Aires","Buenos Aires",Argentina,100001939312247,"Antonella Pereira",,1
Laura,Jaroslavsky,laura.jaroslavsky@facebook.com,"16 de Junio",https://www.facebook.com/laura.jaroslavsky,,,"Ciudad Autónoma de Buenos Aires","Buenos Aires",Argentina,609281823,"Charly Ruez",https://www.facebook.com/charly.ruez,1
Cintuu,Pordiosera,cintuu.pordiosera.1@facebook.com,"16 de Junio",https://www.facebook.com/cintuu.pordiosera.1,25,Recoleta,"Ciudad Autónoma de Buenos Aires","Buenos Aires",Argentina,100005915261304,"Marcelo Gustavo Salerno",https://www.facebook.com/marcelogustavo.salerno,1
Esteban,Rivero,esteban.rivero.779@facebook.com,"16 de Junio",https://www.facebook.com/esteban.rivero.779,21,,"Ciudad Autónoma de Buenos Aires","Buenos Aires",Argentina,100002306283086,"Brenda Araceli Gonzalez",https://www.facebook.com/brendaaraceli.gonzalez,1
Sofi,Chezvous,femmechezvous@facebook.com,"16 de Junio",https://www.facebook.com/femmechezvous,27,,"Ciudad Autónoma de Buenos Aires","Buenos Aires",Argentina,100004065900825,"Clara Ryan",https://www.facebook.com/clariryaneventos,1
Guillermo,Rivera,guillermo.rivera.5876@facebook.com,"17 de Junio",https://www.facebook.com/guillermo.rivera.5876,,,"Ciudad Autónoma de Buenos Aires","Buenos Aires",Argentina,1270268939,"Ana María Mesones",https://www.facebook.com/ana.mesones,1
Giuliana,Martinez,sofia.martinezii@facebook.com,"17 de Junio",https://www.facebook.com/sofia.martinezii,21,,"Ciudad Autónoma de Buenos Aires","Buenos Aires",Argentina,100002972290879,"Pedro Lopezyfernandez",https://www.facebook.com/pedronahuel,1
Erika,Mitdank,erika.mitdank.334@facebook.com,"17 de Junio",https://www.facebook.com/erika.mitdank.334,24,"Buenos Aires","Buenos Aires","Buenos Aires",Argentina,100004773577749,"Luciana Sismondi",0,1
Ani,López,aniblopez@facebook.com,"17 de Junio",https://www.facebook.com/aniblopez,23,,"Ciudad Autónoma de Buenos Aires","Buenos Aires",Argentina,1654170418,"Christian Douer Chuky",https://www.facebook.com/christian.chuky,1
Click,Juansito,clickjuansito@facebook.com,"17 de Junio",https://www.facebook.com/clickjuansito,,,"Ciudad Autónoma de Buenos Aires","Buenos Aires",Argentina,1462350322,"Monica Trigila",https://www.facebook.com/monica.trigila,1
Chino,Bozi,bebemandarine@facebook.com,"17 de Junio",https://www.facebook.com/bebemandarine,,,"Ciudad Autónoma de Buenos Aires","Buenos Aires",Argentina,100002251341401,"Ale Ponzo",https://www.facebook.com/alee.ponzo,1
Chikas,Champ,chkchamp@facebook.com,"17 de Junio",https://www.facebook.com/chkchamp,21,,"Ciudad Autónoma de Buenos Aires","Buenos Aires",Argentina,1213592672,"Lucía Lopez Aleman",https://www.facebook.com/marialucialopezaleman,1
"Los Tiros",Fcbk,lostiros.fcbk@facebook.com,"17 de Junio",https://www.facebook.com/lostiros.fcbk,25,,"Ciudad Autónoma de Buenos Aires","Buenos Aires",Argentina,100003649535623,"Joshua Oglio",,1
Vicky,Aldana,victoria.falita@facebook.com,"17 de Junio",https://www.facebook.com/victoria.falita,29,,"Ciudad Autónoma de Buenos Aires","Buenos Aires",Argentina,100007182493905,"Daniel Barach",,1
Jerhemias,Carp,jeremias.ortiz1@facebook.com,"17 de Junio",https://www.facebook.com/jeremias.ortiz1,,,"Ciudad Autónoma de Buenos Aires","Buenos Aires",Argentina,100000976735146,"Ale Arias Mandarine Park",,1
Jesus,Galante,jesus.galante@facebook.com,"17 de Junio",https://www.facebook.com/jesus.galante,,,"Ciudad Autónoma de Buenos Aires","Buenos Aires",Argentina,1486165213,"Francisco Klausner",https://www.facebook.com/francisco.klausner,1
Agos,Careaga,agos.careaga@facebook.com,"17 de Junio",https://www.facebook.com/agos.careaga,,,"Ciudad Autónoma de Buenos Aires","Buenos Aires",Argentina,1119813012,"Gustavo Pietrafesa",,1
Francisco,Poodts,francisco.poodts@facebook.com,"17 de Junio",https://www.facebook.com/francisco.poodts,,,"Ciudad Autónoma de Buenos Aires","Buenos Aires",Argentina,1181198308,"Sele Raimundo",https://www.facebook.com/sele.raimundo,1
"Brenda Emilce",Braga,brendaemilce.braga@facebook.com,"17 de Junio",https://www.facebook.com/brendaemilce.braga,23,,"Ciudad Autónoma de Buenos Aires","Buenos Aires",Argentina,1261491461,"Brenda Fabregat",https://www.facebook.com/brenda.fabregat,1
Telefe,Juntos,telefe.siemprejuntos.1@facebook.com,"17 de Junio",https://www.facebook.com/telefe.siemprejuntos.1,29,,"Ciudad Autónoma de Buenos Aires","Buenos Aires",Argentina,100005688217654,"Alejandra Ale Roldan",,1
Clara,Cingolani,clari.cingolani1@facebook.com,"17 de Junio",https://www.facebook.com/clari.cingolani1,,,"Ciudad Autónoma de Buenos Aires","Buenos Aires",Argentina,1473443227,"Juan Cruz Albornoz",,1
Samanta,Acevey,samanta.acevey.10@facebook.com,"17 de Junio",https://www.facebook.com/samanta.acevey.10,23,,"Ciudad Autónoma de Buenos Aires","Buenos Aires",Argentina,100006414755962,"Martín Álvarez BA I",https://www.facebook.com/Woody.Blair,1
Danii,Luisi,dani.luisi@facebook.com,"17 de Junio",https://www.facebook.com/Dani.Luisi,,,"Ciudad Autónoma de Buenos Aires","Buenos Aires",Argentina,1401564477,"Yanina Morinelli",https://www.facebook.com/YaniMorinelli,1
Julie,Garcia,julie.garcia.3576@facebook.com,"17 de Junio",https://www.facebook.com/julie.garcia.3576,23,"Buenos Aires","Buenos Aires","Buenos Aires",Argentina,100001072479417,"Fett Maidana",0,1
Paola,Garcia,paola.garcia.12720@facebook.com,"17 de Junio",https://www.facebook.com/paola.garcia.12720,,,"Ciudad Autónoma de Buenos Aires","Buenos Aires",Argentina,1277170602,"Brenda Fabregat",https://www.facebook.com/brenda.fabregat,1
Micaela,Ortelli,micaela.ortelli@facebook.com,"17 de Junio",https://www.facebook.com/micaela.ortelli,,"Buenos Aires","Buenos Aires","Buenos Aires",Argentina,585458781,"Gaston Vilalta",0,1
Pablo,"Cabrera Hernandez",pauulito.cabrera@facebook.com,"17 de Junio",https://www.facebook.com/pauulito.cabrera,29,"Buenos Aires","Buenos Aires","Buenos Aires",Argentina,100003186773943,"Carolina Maidana",0,1
Cev,Uba,cevuba@facebook.com,"17 de Junio",https://www.facebook.com/CEVUBA,,,"Ciudad Autónoma de Buenos Aires","Buenos Aires",Argentina,1551867798,"Ianina Daniela Castillo",https://www.facebook.com/ianina.castillo,1
Trini,Palazon,trini.palazon@facebook.com,"17 de Junio",https://www.facebook.com/trini.palazon,,,"Ciudad Autónoma de Buenos Aires","Buenos Aires",Argentina,1515940167,"Aylu Macchi",,1
Dami,Gomez,damitravelrock1@facebook.com,"17 de Junio",https://www.facebook.com/damitravelrock1,,,"Ciudad Autónoma de Buenos Aires","Buenos Aires",Argentina,1567087604,"Agustina Pelle Müller",,1
Serra,Ford,serralimasa@facebook.com,"17 de Junio",https://www.facebook.com/serralimasa,,,"Ciudad Autónoma de Buenos Aires","Buenos Aires",Argentina,100001837009616,"Cristian Fernandez Villamor",https://www.facebook.com/cristian.fernandezvillamo,1
Colectivo,Baterista,colectivo.baterista@facebook.com,"17 de Junio",https://www.facebook.com/colectivo.baterista,23,"Buenos Aires","Buenos Aires","Buenos Aires",Argentina,100002484187158,"Alejandro Dixon",0,1
Maira,Cundari,maira.cundari@facebook.com,"17 de Junio",https://www.facebook.com/maira.cundari,,,"Ciudad Autónoma de Buenos Aires","Buenos Aires",Argentina,100001601724938,"Ian Szejner",,1
Valeria,"De Minicis",valeria.deminicis@facebook.com,"17 de Junio",https://www.facebook.com/valeria.deminicis,,,"Ciudad Autónoma de Buenos Aires","Buenos Aires",Argentina,839729819,"Adriana Grillo",,1
Mistiko,Accesorios,mistiko.accesorios@facebook.com,"17 de Junio",https://www.facebook.com/mistiko.accesorios,,,"Ciudad Autónoma de Buenos Aires","Buenos Aires",Argentina,100001208108537,"Juan Antonio Papagni Meca",https://www.facebook.com/juanantoniopapagnimeca,1
Morena,Perz,morena.perz@facebook.com,"17 de Junio",https://www.facebook.com/morena.perz,29,"San Telmo","Ciudad Autónoma de Buenos Aires","Buenos Aires",Argentina,100003273017024,"La Rockeria",https://www.facebook.com/oveja1,1
Any,Tchaly,anyatchaly30@facebook.com,"17 de Junio",https://www.facebook.com/anyatchaly30,,,"Ciudad Autónoma de Buenos Aires","Buenos Aires",Argentina,100002528511934,"Marianela Irusta",,1
Silvina,Golletti,silvina.golletti@facebook.com,"17 de Junio",https://www.facebook.com/silvina.golletti,28,,"Ciudad Autónoma de Buenos Aires","Buenos Aires",Argentina,100002358012738,"Tatiana Petroccelli",https://www.facebook.com/tanshanita,1
Ram,Alta,ram.alta.5@facebook.com,"17 de Junio",https://www.facebook.com/ram.alta.5,28,,"Ciudad Autónoma de Buenos Aires","Buenos Aires",Argentina,100002362460233,"Tatiana Petroccelli",https://www.facebook.com/tanshanita,1
"Remis De",Mascotas,transportedemascotaspatitasabordo@facebook.com,"17 de Junio",https://www.facebook.com/TransporteDeMascotasPatitasaBordo,25,,"Ciudad Autónoma de Buenos Aires","Buenos Aires",Argentina,100007488451673,"Luli Torres",,1
Nacho,Cernuda,nacho.cernu@facebook.com,"17 de Junio",https://www.facebook.com/nacho.cernu,,Agronomía,"Ciudad Autónoma de Buenos Aires","Distrito Federal",Argentina,540974040,"Maria Belén",,1
Federico,"De Nardi",idkillforadreamtonight@facebook.com,"17 de Junio",https://www.facebook.com/IdKillForADreamTonight,,Barracas,"Ciudad Autónoma de Buenos Aires","Buenos Aires",Argentina,100000053318437,"Vicky Diaz",,1
Emilio,Monzon,emilio.monzon.1@facebook.com,"17 de Junio",https://www.facebook.com/emilio.monzon.1,25,,"Ciudad Autónoma de Buenos Aires","Buenos Aires",Argentina,100000449583524,"Daiana Solange Labat",https://www.facebook.com/Daichilandia,1
Viqui,Pavoni,viqui.pavoni@facebook.com,"17 de Junio",https://www.facebook.com/viqui.pavoni,21,,"Ciudad Autónoma de Buenos Aires","Buenos Aires",Argentina,1389535189,"Sofia Cantero",,1
Odalis,Fernandez,dj.odda.peola@facebook.com,"17 de Junio",https://www.facebook.com/Dj.odda.peola,,,"Ciudad Autónoma de Buenos Aires","Buenos Aires",Argentina,1002676423,"Kati Mosich",https://www.facebook.com/kati.mosich,1
Dai,Blanco,belen.espinoza.5688@facebook.com,"17 de Junio",https://www.facebook.com/belen.espinoza.5688,26,"Villa Devoto","Ciudad Autónoma de Buenos Aires","Buenos Aires",Argentina,100002207113320,"Diego Vasquez",,1
LaCity,"Ricardo Fabre",lacity.ricardofabre@facebook.com,"17 de Junio",https://www.facebook.com/lacity.ricardofabre,,,"Ciudad Autónoma de Buenos Aires","Buenos Aires",Argentina,856004919,"Daniel Arbol",https://www.facebook.com/darbol1,1
Pinkis,Medias,pinkis.medias@facebook.com,"17 de Junio",https://www.facebook.com/pinkis.medias,,,"Ciudad Autónoma de Buenos Aires","Buenos Aires",Argentina,100002660848301,"Natalia Magali Guglielmo",https://www.facebook.com/nataliamagali.guglielmo,1
Milano,Kinder,milano.kinder@facebook.com,"17 de Junio",https://www.facebook.com/milano.kinder,,,"Ciudad Autónoma de Buenos Aires","Buenos Aires",Argentina,100002666772642,"Natalia Magali Guglielmo",https://www.facebook.com/nataliamagali.guglielmo,1
Victoria,Antoder,victoria.antoder@facebook.com,"17 de Junio",https://www.facebook.com/victoria.antoder,21,,"Ciudad Autónoma de Buenos Aires","Buenos Aires",Argentina,100005856072307,"Pamela Garrote",https://www.facebook.com/pamela.garrote,1
Chulo,Noacco,chulo.noacco@facebook.com,"17 de Junio",https://www.facebook.com/chulo.noacco,,,"Ciudad Autónoma de Buenos Aires","Buenos Aires",Argentina,632447277,"Sol Bettoni",,1
Neri,Rodriguez,nerir1@facebook.com,"17 de Junio",https://www.facebook.com/nerir1,28,,"Ciudad Autónoma de Buenos Aires","Buenos Aires",Argentina,1266158938,"Ayelen Alumine Anahi",https://www.facebook.com/ashe.chabakana,1
Nicole,Chodorge,nicole.chodorge@facebook.com,"17 de Junio",https://www.facebook.com/nicole.chodorge,,,"Ciudad Autónoma de Buenos Aires","Buenos Aires",Argentina,1378232314,"Romina Toller",,1
Bel,Guariglia,bel.guariglia@facebook.com,"17 de Junio",https://www.facebook.com/bel.guariglia,25,,"Ciudad Autónoma de Buenos Aires","Buenos Aires",Argentina,100008180791069,"Ian Szejner",,1
Agustina,Corazza,agustina.corazza@facebook.com,"17 de Junio",https://www.facebook.com/Agustina.Corazza,,,"Ciudad Autónoma de Buenos Aires","Buenos Aires",Argentina,1048881880,"Sofu Maddonni",https://www.facebook.com/ssofiia,1
Iaru,Rosemffet,iaru.rosemffet@facebook.com,"17 de Junio",https://www.facebook.com/iaru.Rosemffet,,,"Ciudad Autónoma de Buenos Aires","Buenos Aires",Argentina,1390012823,"Agustina Farroni",,1
Martha,Jurado,marthajuradorock@facebook.com,"17 de Junio",https://www.facebook.com/marthajuradorock,30,"Buenos Aires","Buenos Aires","Buenos Aires",Argentina,1094687856,"Charly Ruez",0,1
Martin,Bernhar,martin.bernhar@facebook.com,"17 de Junio",https://www.facebook.com/martin.bernhar,26,,"Ciudad Autónoma de Buenos Aires","Buenos Aires",Argentina,100002349772530,"La Rockeria",https://www.facebook.com/oveja1,1
Viva,Elástico,vivaelastico@facebook.com,"17 de Junio",https://www.facebook.com/vivaelastico,21,,"Ciudad Autónoma de Buenos Aires","Buenos Aires",Argentina,1523013528,"Jessica Bellomo",https://www.facebook.com/JessBellomo,1
Luciana,Sismondi,lucy.sismondi@facebook.com,"17 de Junio",https://www.facebook.com/lucy.sismondi,,,"Ciudad Autónoma de Buenos Aires","Buenos Aires",Argentina,100000455991882,"Charly Ruez",https://www.facebook.com/charly.ruez,1
Marquise,Lugano,marquise.lugano@facebook.com,"17 de Junio",https://www.facebook.com/marquise.lugano,28,,"Ciudad Autónoma de Buenos Aires","Buenos Aires",Argentina,100006898750666,"Christian Kraemer",https://www.facebook.com/christian.kraemer,1
Clöx,Demage,troubledeep@facebook.com,"17 de Junio",https://www.facebook.com/TroubleDeep,,,"Ciudad Autónoma de Buenos Aires","Buenos Aires",Argentina,100001313354453,"Pedro Lopezyfernandez",https://www.facebook.com/pedronahuel,1
Maru,Sebastian,maru.sebastian1@facebook.com,"17 de Junio",https://www.facebook.com/maru.sebastian1,,,"Ciudad Autónoma de Buenos Aires","Buenos Aires",Argentina,1792900279,"Gabriela Competiello",,1
Laura,Cohen,laura.cohen.545@facebook.com,"18 de Junio",https://www.facebook.com/laura.cohen.545,28,,"Ciudad Autónoma de Buenos Aires","Buenos Aires",Argentina,1607402287,"Alejandro Polo",https://www.facebook.com/alejandropolo16,1
Guada,Lozano,guadalupe.lozano.313@facebook.com,"18 de Junio",https://www.facebook.com/guadalupe.lozano.313,,,"Ciudad Autónoma de Buenos Aires","Buenos Aires",Argentina,100002059361493,"Ale Ponzo",https://www.facebook.com/alee.ponzo,1
Fede,Dickmann,federico.dickmann.71@facebook.com,"18 de Junio",https://www.facebook.com/federico.dickmann.71,29,,"Ciudad Autónoma de Buenos Aires","Buenos Aires",Argentina,100005376125448,"Maria Pia Perez Brea",,1
Viajes,Aereos,viajes.aereos.79@facebook.com,"18 de Junio",https://www.facebook.com/viajes.aereos.79,29,,"Ciudad Autónoma de Buenos Aires","Buenos Aires",Argentina,100004646648950,"Leila Polonsky",https://www.facebook.com/leila.polonsky,1
Misiodelica,Eventos,misiodelica@facebook.com,"18 de Junio",https://www.facebook.com/misiodelica,,,"Ciudad Autónoma de Buenos Aires","Buenos Aires",Argentina,100001344709839,"Carina Viernickel",,1
Astom,Música,aemebis@facebook.com,"18 de Junio",https://www.facebook.com/Aemebis,,,"Ciudad Autónoma de Buenos Aires","Buenos Aires",Argentina,1115426258,"Aldana Queirolo",https://www.facebook.com/aldana.queirolo,1
Confitería,"La Máquina",clamaquina@facebook.com,"18 de Junio",https://www.facebook.com/clamaquina,28,,"Ciudad Autónoma de Buenos Aires","Buenos Aires",Argentina,100003215140347,"Alicia Kosem",https://www.facebook.com/alicia.kosem,1
Vanesa,Paula,vanesapaula@facebook.com,"18 de Junio",https://www.facebook.com/vanesapaula,,Array,"Ciudad Autónoma de Buenos Aires","Buenos Aires",Argentina,1611234086,"Leo LugÓn",0,1
Silvina,Bosco,silvina.bosco.7@facebook.com,"18 de Junio",https://www.facebook.com/silvina.bosco.7,,,"Ciudad Autónoma de Buenos Aires","Buenos Aires",Argentina,1318341616,"Barby Lanata",https://www.facebook.com/barby.lanata,1
Agustin,Herrero,agustbjj@facebook.com,"18 de Junio",https://www.facebook.com/agustbjj,,,"Ciudad Autónoma de Buenos Aires","Buenos Aires",Argentina,785419302,"Sergio Acosta",,1
Milagros,Villalba,mpeepa@facebook.com,"18 de Junio",https://www.facebook.com/Mpeepa,,,"Ciudad Autónoma de Buenos Aires","Buenos Aires",Argentina,1474674845,"Javier Potenza",,1
Franco,"Asia de Cuba",franco.rumi.33@facebook.com,"18 de Junio",https://www.facebook.com/franco.rumi.33,21,,"Ciudad Autónoma de Buenos Aires","Buenos Aires",Argentina,100003978824404,"Pamela Altamiranda",https://www.facebook.com/pamela.altamiranda1,1
Kinesiología,Maimónides,kinesiologia.maimonides@facebook.com,"18 de Junio",https://www.facebook.com/kinesiologia.maimonides,21,,"Ciudad Autónoma de Buenos Aires","Buenos Aires",Argentina,100004044506710,"Pamela Altamiranda",https://www.facebook.com/pamela.altamiranda1,1
Maar,Brun,marabrun@facebook.com,"18 de Junio",https://www.facebook.com/marabrun,,,"Ciudad Autónoma de Buenos Aires","Buenos Aires",Argentina,1301088736,"Mariano Gonzalez",,1
Baustita,Colón,la.posta.9849@facebook.com,"18 de Junio",https://www.facebook.com/la.posta.9849,22,,"Ciudad Autónoma de Buenos Aires","Buenos Aires",Argentina,100001561818898,"Flor Encino",https://www.facebook.com/flopy.encino,1
Anita,Benitez,anita.benitez.3511@facebook.com,"18 de Junio",https://www.facebook.com/anita.benitez.3511,21,,"Ciudad Autónoma de Buenos Aires","Buenos Aires",Argentina,100002613561835,"David Zalasar",https://www.facebook.com/Davidcocktails,1
Dmag,Argentina,dmagface@facebook.com,"18 de Junio",https://www.facebook.com/DMAGface,,,"Ciudad Autónoma de Buenos Aires","Buenos Aires",Argentina,100001262295384,"Ramiro Prieto",,1
Afteroffice,Buenosaires,valentina.crobar@facebook.com,"18 de Junio",https://www.facebook.com/valentina.crobar,22,,"Ciudad Autónoma de Buenos Aires","Buenos Aires",Argentina,1685081653,"Jero Salsamendi",https://www.facebook.com/jero.salsamendi,1
Eduardo,Callejo,ecallejo1@facebook.com,"18 de Junio",https://www.facebook.com/ecallejo1,24,,"Ciudad Autónoma de Buenos Aires","Buenos Aires",Argentina,1391821053,"Carlos Wilson",,1
Bayard,Dosmilcatorce,bayard.dosmilcatorce@facebook.com,"18 de Junio",https://www.facebook.com/bayard.dosmilcatorce,23,,"Ciudad Autónoma de Buenos Aires","Buenos Aires",Argentina,100001284451578,"Francisco Klausner",https://www.facebook.com/francisco.klausner,1
Ypsilon,Pole,ypsilon.pole@facebook.com,"18 de Junio",https://www.facebook.com/ypsilon.pole,,,"Ciudad Autónoma de Buenos Aires","Buenos Aires",Argentina,100003313475508,"Brenda Fabregat",https://www.facebook.com/brenda.fabregat,1
Vestite,"El Maniquí",vestite.elmaniqui@facebook.com,"18 de Junio",https://www.facebook.com/vestite.elmaniqui,24,,"Ciudad Autónoma de Buenos Aires","Buenos Aires",Argentina,100002323219075,"Leandro Matias",,1
Belle,Pop,info.bellepop@facebook.com,"18 de Junio",https://www.facebook.com/info.bellepop,22,,"Ciudad Autónoma de Buenos Aires","Buenos Aires",Argentina,100001273970413,"AnGie Bensignor",https://www.facebook.com/AnGieBensignor,1
Daniela,"La Coneja",danielalaconeja2@facebook.com,"18 de Junio",https://www.facebook.com/danielalaconeja2,,,"Ciudad Autónoma de Buenos Aires","Buenos Aires",Argentina,100000623436292,"Claudio Arias",https://www.facebook.com/clautrance,1
Ohpen,"de Arte",ohpenmultiespacio@facebook.com,"18 de Junio",https://www.facebook.com/ohpenmultiespacio,,,"Ciudad Autónoma de Buenos Aires","Buenos Aires",Argentina,100000701440277,"Ariel Villarreal",,1
Flavia,Caceres,flavia.caceres.146@facebook.com,"18 de Junio",https://www.facebook.com/flavia.caceres.146,,,"Ciudad Autónoma de Buenos Aires","Buenos Aires",Argentina,100002539627333,"Martín Álvarez BA I",https://www.facebook.com/Woody.Blair,1
Florencia,Curutchet,florencia.curutchet.5@facebook.com,"18 de Junio",https://www.facebook.com/florencia.curutchet.5,24,,"Ciudad Autónoma de Buenos Aires","Buenos Aires",Argentina,1244600312,"Paz Gonzalez",https://www.facebook.com/pachu.gonzalez,1
Catherina,Ledesma,osita.soledad@facebook.com,"18 de Junio",https://www.facebook.com/Osita.Soledad,,,"Ciudad Autónoma de Buenos Aires","Buenos Aires",Argentina,100000368512028,"Jobs Bar",https://www.facebook.com/jobsbar,1
Pilar,Ayerza,pilarayerza@facebook.com,"18 de Junio",https://www.facebook.com/pilarayerza,,,"Ciudad Autónoma de Buenos Aires","Buenos Aires",Argentina,1490517721,"Verónica Sebben",https://www.facebook.com/veronica.sebben,1
Gitana,Litardo,jessii.ivana@facebook.com,"18 de Junio",https://www.facebook.com/jessii.ivana,21,,"Ciudad Autónoma de Buenos Aires","Buenos Aires",Argentina,100000546392689,"Matias Duarte",,1
Julieta,"Ibañez Maidana",julieta.ibanezmaidana@facebook.com,"18 de Junio",https://www.facebook.com/julieta.ibanezmaidana,,,"Ciudad Autónoma de Buenos Aires","Buenos Aires",Argentina,1102642714,"David Zalasar",https://www.facebook.com/Davidcocktails,1
Agus,Lugones,agus.lugones.7@facebook.com,"18 de Junio",https://www.facebook.com/agus.lugones.7,22,,"Ciudad Autónoma de Buenos Aires","Buenos Aires",Argentina,100002009873970,"Carolina Damiano",https://www.facebook.com/carolina.damiano,1
Micaela,Mecca,micaaaaelaa@facebook.com,"18 de Junio",https://www.facebook.com/micaaaaelaa,23,,"Ciudad Autónoma de Buenos Aires","Buenos Aires",Argentina,1170865753,"Juan Antonio Papagni Meca",https://www.facebook.com/juanantoniopapagnimeca,1
Delfina,Montefiore,delfina.montefiore@facebook.com,"18 de Junio",https://www.facebook.com/delfina.montefiore,27,,"Ciudad Autónoma de Buenos Aires","Buenos Aires",Argentina,100000104149108,"Nahu Millicay Pereyra",https://www.facebook.com/nahumilli,1
Constanza,Pallaro,constanza.pallaro@facebook.com,"18 de Junio",https://www.facebook.com/constanza.pallaro,,,"Ciudad Autónoma de Buenos Aires","Buenos Aires",Argentina,547347875,"Tomi Rodriguez",,1
Dolores,Mato,dolores.mato.9@facebook.com,"18 de Junio",https://www.facebook.com/dolores.mato.9,,,"Ciudad Autónoma de Buenos Aires","Buenos Aires",Argentina,705351052,"Ailin Majeras",https://www.facebook.com/ailin.majeras,1
Nicolas,Morandi,nicomorandi@facebook.com,"18 de Junio",https://www.facebook.com/nicomorandi,,,"Ciudad Autónoma de Buenos Aires","Buenos Aires",Argentina,503776384,"Pala Falguera",,1
Pilu,Olmedo,pilupi18@facebook.com,"18 de Junio",https://www.facebook.com/pilupi18,21,Liniers,"Ciudad Autónoma de Buenos Aires","Buenos Aires",Argentina,1457144437,"Franco Palermo",,1
