Nombre,Apellido,"Email Facebook",Cumpleaños,"Usuario Facebook",Edad,Barrio,Ciudad,Provincia,Pais,"ID Facebook","Amigo De","Amigo De (Usuario)",rebound
Nico,Bruschi,nicolas.bruschi@facebook.com,"01 de Julio",https://www.facebook.com/nicolas.bruschi,,,"Ciudad Autónoma de Buenos Aires","Buenos Aires",Argentina,761148673,"Jazmin Jurevich",https://www.facebook.com/Jaz.Jurevich,1
Làà,Chààn,chan.axelera@facebook.com,"01 de Julio",https://www.facebook.com/Chan.axelera,,,"Ciudad Autónoma de Buenos Aires","Buenos Aires",Argentina,100000226873649,"Camy Falcón",https://www.facebook.com/Cammy.Falcon,1
Vic,Aleksandroff,vic.aleksandroff@facebook.com,"01 de Julio",https://www.facebook.com/vic.aleksandroff,,,"Ciudad Autónoma de Buenos Aires","Buenos Aires",Argentina,1217282868,"Maria Paula Toyos",,1
St,"Johns Dosmilonce",st.johnsdosmilonce@facebook.com,"01 de Julio",https://www.facebook.com/st.johnsdosmilonce,21,,"Ciudad Autónoma de Buenos Aires","Buenos Aires",Argentina,100001930025163,"Maureen Burton",,1
"El Talar",Femenino,eltalar.femenino@facebook.com,"01 de Julio",https://www.facebook.com/eltalar.femenino,25,,"Ciudad Autónoma de Buenos Aires","Buenos Aires",Argentina,100001591092040,"Bian Tedesco",https://www.facebook.com/biaantedesco,1
Agartam,Argentina,agartam.argentina@facebook.com,"01 de Julio",https://www.facebook.com/agartam.argentina,,,"Ciudad Autónoma de Buenos Aires","Buenos Aires",Argentina,100002675225140,"Pepo Na",,1
CComex,Flores,ccomex.acosta@facebook.com,"01 de Julio",https://www.facebook.com/ccomex.acosta,29,,"Ciudad Autónoma de Buenos Aires","Buenos Aires",Argentina,100002369007580,"Flor Vischi Cortés",https://www.facebook.com/flor.vischi,1
Matias,Cordoba,maattiuss@facebook.com,"01 de Julio",https://www.facebook.com/maattiuss,21,,"Ciudad Autónoma de Buenos Aires","Buenos Aires",Argentina,100000167467813,"Tamara Arias",,1
"Centro Nihongo",Sekai,nihongo.sekai@facebook.com,"01 de Julio",https://www.facebook.com/nihongo.sekai,,Centro,"Ciudad Autónoma de Buenos Aires","Buenos Aires",Argentina,100001111452198,"Daniel Arbol",https://www.facebook.com/darbol1,1
Leandro,"Alvarez Cal",leandro.alvarezcal@facebook.com,"01 de Julio",https://www.facebook.com/leandro.alvarezcal,,Versailles,"Ciudad Autónoma de Buenos Aires","Distrito Federal",Argentina,100001602468559,"Mar Marignac",https://www.facebook.com/marina.marignac,1
Gabs,Torre,gabs.torre@facebook.com,"01 de Julio",https://www.facebook.com/gabs.torre,,,"Ciudad Autónoma de Buenos Aires","Buenos Aires",Argentina,596643493,"Romi Maruffo",https://www.facebook.com/romi.maruffo,1
Dejate,Convencer,dejate.convencer@facebook.com,"01 de Julio",https://www.facebook.com/dejate.convencer,29,,"Ciudad Autónoma de Buenos Aires","Buenos Aires",Argentina,100000436807206,"Agustin Justin",https://www.facebook.com/Agustin.Justin,1
Emiliano,Rubinsky,emiliano.rubinsky@facebook.com,"01 de Julio",https://www.facebook.com/emiliano.rubinsky,23,,"Ciudad Autónoma de Buenos Aires","Buenos Aires",Argentina,1568252604,"Belen Loccisano",https://www.facebook.com/belen.loccisano,1
Naara,Schonfeld,naara.schonfeld1@facebook.com,"01 de Julio",https://www.facebook.com/naara.schonfeld1,22,,"Ciudad Autónoma de Buenos Aires","Buenos Aires",Argentina,1097838618,"Aniita Canta",https://www.facebook.com/Aniita.Canta,1
Julieta,Espinosa,julieta.espinosa.35@facebook.com,"01 de Julio",https://www.facebook.com/julieta.espinosa.35,,,"Ciudad Autónoma de Buenos Aires","Buenos Aires",Argentina,100000050290058,"Pablo Dandrea",https://www.facebook.com/pablo.dandrea,1
ThePosta,GangaHunters,gangahunters@facebook.com,"01 de Julio",https://www.facebook.com/gangahunters,30,,"Ciudad Autónoma de Buenos Aires","Buenos Aires",Argentina,100006278681843,"Maria Florencia Lioni Tarsitano",https://www.facebook.com/mariaflorencia.lionitarsi,1
Celina,"Canavesi Inverso",celina.canavesiinverso@facebook.com,"01 de Julio",https://www.facebook.com/celina.canavesiinverso,27,,"Ciudad Autónoma de Buenos Aires","Buenos Aires",Argentina,100001369489641,"Felicitas Ghigliotti",https://www.facebook.com/felicitas.ghigliotti,1
"Va Estudio",Arquitectura,vaestudio.arquitectura@facebook.com,"01 de Julio",https://www.facebook.com/vaestudio.arquitectura,26,,"Ciudad Autónoma de Buenos Aires","Buenos Aires",Argentina,100001924747317,"Cecilia Di Gaeta",https://www.facebook.com/cecilia.digaeta,1
Red,"Otro Lugar",otrolugar@facebook.com,"01 de Julio",https://www.facebook.com/otrolugar,,,"Ciudad Autónoma de Buenos Aires","Buenos Aires",Argentina,100002599208894,"Natalia Walter",,1
Samihh,Ocanto,samihh.ocanto@facebook.com,"01 de Julio",https://www.facebook.com/samihh.ocanto,,,"Ciudad Autónoma de Buenos Aires","Buenos Aires",Argentina,1353903026,"Fiestas Baires",,1
Debora,Pogonza,debora.pogonza@facebook.com,"01 de Julio",https://www.facebook.com/debora.pogonza,,,"Ciudad Autónoma de Buenos Aires","Buenos Aires",Argentina,100000569573906,"Christian Douer Chuky",https://www.facebook.com/christian.chuky,1
Valentin,Epinal,valentin.epinal.33@facebook.com,"01 de Julio",https://www.facebook.com/valentin.epinal.33,22,,"Ciudad Autónoma de Buenos Aires","Buenos Aires",Argentina,100005352691093,"Sofia Cantero",,1
Valen,Reigosa,valen.reigosa@facebook.com,"01 de Julio",https://www.facebook.com/valen.reigosa,,,"Ciudad Autónoma de Buenos Aires","Buenos Aires",Argentina,100003557544067,"Clara Ryan",https://www.facebook.com/clariryaneventos,1
Chula,Fronzo,chulafronzo@facebook.com,"01 de Julio",https://www.facebook.com/chulafronzo,,,"Ciudad Autónoma de Buenos Aires","Buenos Aires",Argentina,100000761957037,"Brian Cano",,1
Ecorider,Motos,ecoridermotos@facebook.com,"01 de Julio",https://www.facebook.com/ECORIDERMOTOS,21,,"Ciudad Autónoma de Buenos Aires","Buenos Aires",Argentina,100000734996029,"Alejandra Ale Roldan",,1
Vicky,Cardiff,vicky.cardiff@facebook.com,"01 de Julio",https://www.facebook.com/vicky.cardiff,,,"Ciudad Autónoma de Buenos Aires","Buenos Aires",Argentina,100000966443206,"Vanesa Myrna Ojeda",,1
Giovanni,"Moreno Cardona",giovanni.morenocardona@facebook.com,"01 de Julio",https://www.facebook.com/giovanni.morenocardona,28,,"Ciudad Autónoma de Buenos Aires","Buenos Aires",Argentina,100001519891122,"Gisele Fratini",https://www.facebook.com/giakdmik,1
Tamara,Pereyra,tamara.pereyra3@facebook.com,"01 de Julio",https://www.facebook.com/tamara.pereyra3,30,,"Ciudad Autónoma de Buenos Aires","Buenos Aires",Argentina,1481957860,"Tatiana Petroccelli",https://www.facebook.com/tanshanita,1
Carlos,"Martinez Pitta",carlos.martinezpitta@facebook.com,"01 de Julio",https://www.facebook.com/carlos.martinezpitta,,,"Ciudad Autónoma de Buenos Aires","Buenos Aires",Argentina,100000780001953,"Christian Douer Chuky",https://www.facebook.com/christian.chuky,1
Movimiento,Argenlibre,movimiento.argenlibre@facebook.com,"01 de Julio",https://www.facebook.com/movimiento.argenlibre,30,,"Ciudad Autónoma de Buenos Aires","Buenos Aires",Argentina,1065163555,"Maria DEL Mar",,1
Alex,Raffo,alex.raffo.9@facebook.com,"01 de Julio",https://www.facebook.com/alex.raffo.9,24,,"Ciudad Autónoma de Buenos Aires","Buenos Aires",Argentina,100001679280347,"Carla Raffo",https://www.facebook.com/carla.raffo,1
Lcd,Pilates,lcd.pilates@facebook.com,"01 de Julio",https://www.facebook.com/lcd.pilates,,,"Ciudad Autónoma de Buenos Aires","Buenos Aires",Argentina,100000861373348,"Carla Ferro",https://www.facebook.com/carla.ferro,1
Mel,Esquer,love1d.jb.mcfly@facebook.com,"01 de Julio",https://www.facebook.com/love1D.JB.McFly,,,"Ciudad Autónoma de Buenos Aires","Buenos Aires",Argentina,1514935407,"Cami Weng",,1
"Guirnaldas de Tela",Banderin,guirnaldasdetela.banderin@facebook.com,"01 de Julio",https://www.facebook.com/guirnaldasdetela.banderin,,,"Ciudad Autónoma de Buenos Aires","Buenos Aires",Argentina,100003757535521,"Fona Romeo",https://www.facebook.com/fona.romeo,1
Juliana,Falivene,juliana.falivene@facebook.com,"01 de Julio",https://www.facebook.com/juliana.falivene,29,,"Ciudad Autónoma de Buenos Aires","Buenos Aires",Argentina,100002943429098,"Ariel Villarreal",,1
Jinah,Lee,jinah.lee.3950@facebook.com,"01 de Julio",https://www.facebook.com/jinah.lee.3950,28,"Buenos Aires","Buenos Aires","Buenos Aires",Argentina,100002270153464,"Alan Yun",0,1
Racing,"De Avellaneda",racing.deavellaneda.313@facebook.com,"01 de Julio",https://www.facebook.com/racing.deavellaneda.313,28,,"Ciudad Autónoma de Buenos Aires","Buenos Aires",Argentina,100001819665549,"Gisele Fratini",https://www.facebook.com/giakdmik,1
Giovanni,Moreno,giovanni.moreno.182@facebook.com,"01 de Julio",https://www.facebook.com/giovanni.moreno.182,28,,"Ciudad Autónoma de Buenos Aires","Buenos Aires",Argentina,100001827529520,"Gisele Fratini",https://www.facebook.com/giakdmik,1
Lali,Chacarita,lalii.ch@facebook.com,"01 de Julio",https://www.facebook.com/lalii.ch,,Chacarita,"Ciudad Autónoma de Buenos Aires","Distrito Federal",Argentina,1508188410,"Matías Panero",,1
Gato,"de Lugano",edu.eze27@facebook.com,"01 de Julio",https://www.facebook.com/edu.eze27,24,,"Ciudad Autónoma de Buenos Aires","Buenos Aires",Argentina,100005412248407,"Pablo Iuva",https://www.facebook.com/pablo021179,1
Luciana,Surion,lady.surion@facebook.com,"01 de Julio",https://www.facebook.com/lady.surion,,,"Ciudad Autónoma de Buenos Aires","Buenos Aires",Argentina,100000144161354,"La Rockeria",https://www.facebook.com/oveja1,1
Flipá,Free,flipa.free@facebook.com,"01 de Julio",https://www.facebook.com/flipa.free,,,"Ciudad Autónoma de Buenos Aires","Buenos Aires",Argentina,100002096603864,"Mili Mauro",https://www.facebook.com/milimauro,1
Boca,"De Copas",boca.r.decopas@facebook.com,"01 de Julio",https://www.facebook.com/boca.r.decopas,26,,"Ciudad Autónoma de Buenos Aires","Buenos Aires",Argentina,100002437953377,"Silvia Fernandez",https://www.facebook.com/silviafernandezchivi,1
Luuli,Pagano,luuli.pagano@facebook.com,"02 de Julio",https://www.facebook.com/luuli.pagano,23,,"Ciudad Autónoma de Buenos Aires","Buenos Aires",Argentina,100000197232241,"Franco Palermo",,1
"Hugo D.",Figueroa,hugo.figueroa.106@facebook.com,"02 de Julio",https://www.facebook.com/hugo.figueroa.106,,,"Ciudad Autónoma de Buenos Aires","Buenos Aires",Argentina,1659761523,"Jobs Bar",https://www.facebook.com/jobsbar,1
Maxi,Amato,maxi.amato.9@facebook.com,"02 de Julio",https://www.facebook.com/maxi.amato.9,,"Villa Luro","Ciudad Autónoma de Buenos Aires","Buenos Aires",Argentina,514989343,"Lo Lola",,1
Nazarena,Crespi,naza.crespi@facebook.com,"02 de Julio",https://www.facebook.com/naza.crespi,22,,"Ciudad Autónoma de Buenos Aires","Buenos Aires",Argentina,1378119456,"Tamara Pereyra",,1
Daom,Solidario,daom.solidario@facebook.com,"02 de Julio",https://www.facebook.com/daom.solidario,24,,"Ciudad Autónoma de Buenos Aires","Buenos Aires",Argentina,100002129332980,"Evangelina Araoz",https://www.facebook.com/evangelina.araoz,1
Florencia,Retamoza,florencia.retamoza.12@facebook.com,"02 de Julio",https://www.facebook.com/florencia.retamoza.12,21,,"Ciudad Autónoma de Buenos Aires","Buenos Aires",Argentina,100003031790419,"Giiu Minniti",https://www.facebook.com/giiu.minniti,1
Cristian,Spadaro,cristian.spadaro.7@facebook.com,"02 de Julio",https://www.facebook.com/cristian.spadaro.7,25,,"Ciudad Autónoma de Buenos Aires","Buenos Aires",Argentina,1293974693,"Martín Álvarez BA I",https://www.facebook.com/Woody.Blair,1
Ezequiel,Cerbino,ezecerbino@facebook.com,"02 de Julio",https://www.facebook.com/ezecerbino,,,"Ciudad Autónoma de Buenos Aires","Buenos Aires",Argentina,100001929875777,"Bian Tedesco",https://www.facebook.com/biaantedesco,1
Camii,Micel,camiimiceli@facebook.com,"02 de Julio",https://www.facebook.com/camiimiceli,,,"Ciudad Autónoma de Buenos Aires","Buenos Aires",Argentina,100001792732747,"Martín Álvarez BA I",https://www.facebook.com/Woody.Blair,1
Florencia,Orlando,florencia.orlando.50@facebook.com,"02 de Julio",https://www.facebook.com/florencia.orlando.50,28,,"Ciudad Autónoma de Buenos Aires","Buenos Aires",Argentina,1138793805,"Maria Pia Perez Brea",,1
Peter,Braun,juanpo.braun@facebook.com,"02 de Julio",https://www.facebook.com/juanpo.braun,22,Coghlan,"Ciudad Autónoma de Buenos Aires","Buenos Aires",Argentina,1156771334,"Matias Blas",https://www.facebook.com/Matias.Blas,1
Laureano,Camuffo,laureano.camuffo@facebook.com,"02 de Julio",https://www.facebook.com/laureano.camuffo,27,,"Ciudad Autónoma de Buenos Aires","Buenos Aires",Argentina,1029411478,"Florencia Cortés",https://www.facebook.com/cortes.florencia,1
David,Catz,david.catz.9@facebook.com,"02 de Julio",https://www.facebook.com/david.catz.9,26,,"Ciudad Autónoma de Buenos Aires","Buenos Aires",Argentina,100008059276966,"Sol Policastro",https://www.facebook.com/solangeforever,1
Pamela,Montero,pamela.montero.3990@facebook.com,"02 de Julio",https://www.facebook.com/pamela.montero.3990,25,,"Ciudad Autónoma de Buenos Aires","Buenos Aires",Argentina,100001163690826,"Jenny Barco",https://www.facebook.com/jenny.barco,1
"Blue Ducks",Rock,blueducks.rock@facebook.com,"02 de Julio",https://www.facebook.com/blueducks.rock,22,,"Ciudad Autónoma de Buenos Aires","Buenos Aires",Argentina,100001550225654,"Alejandra Ale Roldan",,1
Distrito,Barracas,distrito.barracas.3@facebook.com,"02 de Julio",https://www.facebook.com/distrito.barracas.3,25,Barracas,"Ciudad Autónoma de Buenos Aires","Buenos Aires",Argentina,100000455446352,"Calu Clau",https://www.facebook.com/AYLEN00,1
Plan,Tres,plan.tres.9@facebook.com,"02 de Julio",https://www.facebook.com/plan.tres.9,25,,"Ciudad Autónoma de Buenos Aires","Buenos Aires",Argentina,100000468341434,"Calu Clau",https://www.facebook.com/AYLEN00,1
Agustina,Paez,agustina.paez.1420@facebook.com,"02 de Julio",https://www.facebook.com/agustina.paez.1420,25,Avellaneda,"Ciudad Autónoma de Buenos Aires","Buenos Aires",Argentina,100002034801982,"Matias Blas",https://www.facebook.com/Matias.Blas,1
"Daiana Soledad",Liparoti,daianasoledad.liparoti@facebook.com,"02 de Julio",https://www.facebook.com/daianasoledad.liparoti,23,,"Ciudad Autónoma de Buenos Aires","Buenos Aires",Argentina,1005921405,"Emanuel Gaston Perdigues",https://www.facebook.com/emaxpx,1
Joaquin,Dbl,joaquin.quiroz.79@facebook.com,"02 de Julio",https://www.facebook.com/joaquin.quiroz.79,,,"Ciudad Autónoma de Buenos Aires","Buenos Aires",Argentina,100003825159940,"Juan Elias Catan",https://www.facebook.com/juan.724,1
Nacho,Gastaldo,nacho.gastaldo@facebook.com,"02 de Julio",https://www.facebook.com/nacho.gastaldo,,,"Ciudad Autónoma de Buenos Aires","Buenos Aires",Argentina,1097550769,"Nano Vaquer",,1
Mili,Albornoz,milagrosalbornoz30@facebook.com,"02 de Julio",https://www.facebook.com/MILAGROSALBORNOZ30,21,,"Ciudad Autónoma de Buenos Aires","Buenos Aires",Argentina,100002739810931,"Manuel Saenz",,1
Paloma,"Arenas Martinez",palomaarenasmartinez@facebook.com,"02 de Julio",https://www.facebook.com/PalomaArenasMartinez,,,"Ciudad Autónoma de Buenos Aires","Buenos Aires",Argentina,100001772397334,"Daniel Toro Lopez",,1
Petits,Plaisirs,petitsplaisirs.lirio@facebook.com,"02 de Julio",https://www.facebook.com/petitsplaisirs.lirio,28,,"Ciudad Autónoma de Buenos Aires","Buenos Aires",Argentina,100001805728817,"Belu Piacentino",https://www.facebook.com/belenpiacentino,1
Jose,Gallegos,jose.gallegos.37625@facebook.com,"02 de Julio",https://www.facebook.com/jose.gallegos.37625,,,"Ciudad Autónoma de Buenos Aires","Buenos Aires",Argentina,1364046190,"Fiestas Baires",,1
Romina,Romero,romina.romero.75054@facebook.com,"02 de Julio",https://www.facebook.com/romina.romero.75054,,,"Ciudad Autónoma de Buenos Aires","Buenos Aires",Argentina,100006532142312,"Alejandro Amitrano",,1
Luz,Cat's,criaderoluzcats@facebook.com,"02 de Julio",https://www.facebook.com/CriaderoLuzCats,,,"Ciudad Autónoma de Buenos Aires","Buenos Aires",Argentina,100001896127466,"Florencia Garré",https://www.facebook.com/florencia.garre,1
Gaby,Pereyra,gabriel.pereyra.374@facebook.com,"02 de Julio",https://www.facebook.com/gabriel.pereyra.374,,Recoleta,"Ciudad Autónoma de Buenos Aires","Buenos Aires",Argentina,1163507211,"Vanesa Macias",https://www.facebook.com/vanesa.macias1,1
Yoana,Gmnz,yoana.gmnz@facebook.com,"02 de Julio",https://www.facebook.com/yoana.gmnz,26,,"Ciudad Autónoma de Buenos Aires","Buenos Aires",Argentina,1441861516,"Melina Piovano",https://www.facebook.com/melipiovano,1
Gps,Eventos,gps.eventos@facebook.com,"02 de Julio",https://www.facebook.com/gps.eventos,26,,"Ciudad Autónoma de Buenos Aires","Buenos Aires",Argentina,100001684812012,"Juan Manuel Fotografo",https://www.facebook.com/JuanmaJMFotoEstudio,1
Oscar,Carruega,oscar.carruega.3@facebook.com,"02 de Julio",https://www.facebook.com/oscar.carruega.3,,,"Ciudad Autónoma de Buenos Aires","Buenos Aires",Argentina,100001645577968,"Carla Ferro",https://www.facebook.com/carla.ferro,1
Diego,Tones,diego.tones1@facebook.com,"02 de Julio",https://www.facebook.com/diego.tones1,29,,"Ciudad Autónoma de Buenos Aires","Buenos Aires",Argentina,100000290436801,"Flor Vischi Cortés",https://www.facebook.com/flor.vischi,1
"Valeria Laura",Rigo,valerialaurarigo@facebook.com,"02 de Julio",https://www.facebook.com/valerialaurarigo,,,"Ciudad Autónoma de Buenos Aires","Buenos Aires",Argentina,1022893924,"Gabi López",,1
Fiesta,"Puerto de Olivos",fiestas.nocturnas.58@facebook.com,"02 de Julio",https://www.facebook.com/fiestas.nocturnas.58,24,,"Ciudad Autónoma de Buenos Aires","Buenos Aires",Argentina,1823563386,"Divino Vestuario Salve",https://www.facebook.com/salvedivinovestuario,1
Javier,Solari,javier.solari.16@facebook.com,"02 de Julio",https://www.facebook.com/javier.solari.16,,,"Ciudad Autónoma de Buenos Aires","Buenos Aires",Argentina,1166334335,"Flor Scalise",https://www.facebook.com/flor.scalise,1
Marcela,Wonder,marcela.wonder.5@facebook.com,"02 de Julio",https://www.facebook.com/marcela.wonder.5,28,,"Ciudad Autónoma de Buenos Aires","Buenos Aires",Argentina,100000461553821,"Aldana Queirolo",https://www.facebook.com/aldana.queirolo,1
Clouver,Club,pablo.eventosok@facebook.com,"26 de Junio",https://www.facebook.com/pablo.eventosok,23,,"Ciudad Autónoma de Buenos Aires","Buenos Aires",Argentina,100005326928164,"Emiliano Pirolo",https://www.facebook.com/emi.pirolo,1
Luz,Zotelo,luz.zotelo@facebook.com,"26 de Junio",https://www.facebook.com/luz.zotelo,24,,"Ciudad Autónoma de Buenos Aires","Buenos Aires",Argentina,100000238753705,"Nahu Millicay Pereyra",https://www.facebook.com/nahumilli,1
Santi,Chiappe,santi.chiappe@facebook.com,"26 de Junio",https://www.facebook.com/santi.chiappe,,,"Ciudad Autónoma de Buenos Aires","Buenos Aires",Argentina,639151652,"Vicky Diaz",,1
Cristian,Colonna,cristian.colonna.39@facebook.com,"26 de Junio",https://www.facebook.com/cristian.colonna.39,27,,"Ciudad Autónoma de Buenos Aires","Buenos Aires",Argentina,1103303527,"Sofu Maddonni",https://www.facebook.com/ssofiia,1
Mikaa,Ortega,miika.lablokerita@facebook.com,"26 de Junio",https://www.facebook.com/miika.lablokerita,,,"Ciudad Autónoma de Buenos Aires","Buenos Aires",Argentina,100002456241930,"Ian Szejner",,1
Rush,Galván,rush.galvan@facebook.com,"26 de Junio",https://www.facebook.com/Rush.Galvan,,"La Paternal","Ciudad Autónoma de Buenos Aires","Distrito Federal",Argentina,1623633651,"Brian Cano",,1
Marcelo,Marciano,tano.recrear.mataderos@facebook.com,"26 de Junio",https://www.facebook.com/Tano.Recrear.Mataderos,26,,"Ciudad Autónoma de Buenos Aires","Buenos Aires",Argentina,1449157036,"Vanesa Macias",https://www.facebook.com/vanesa.macias1,1
LA,Pertenecer,guillermo.pollakvarela.5@facebook.com,"26 de Junio",https://www.facebook.com/guillermo.pollakvarela.5,28,,"Ciudad Autónoma de Buenos Aires","Buenos Aires",Argentina,100002315288900,"Elias Saul",https://www.facebook.com/elias.saul,1
Diego,Cao,andres.cao@facebook.com,"26 de Junio",https://www.facebook.com/andres.cao,,,"Ciudad Autónoma de Buenos Aires","Buenos Aires",Argentina,1282581128,"Rocío Martínez",https://www.facebook.com/rochi.belen,1
Gaby,Up,djgabyup@facebook.com,"26 de Junio",https://www.facebook.com/DjGabyUp,,,"Ciudad Autónoma de Buenos Aires","Buenos Aires",Argentina,100004865675985,"Miqui Berriòs",https://www.facebook.com/miqui.berrios,1
Eduardo,Ledezma,eduardo.ledezma.9803@facebook.com,"26 de Junio",https://www.facebook.com/eduardo.ledezma.9803,30,,"Ciudad Autónoma de Buenos Aires","Buenos Aires",Argentina,100004401185747,"Soledad Sanchez",,1
Gabriel,Fedorovsky,gabriel.fedorovsky@facebook.com,"26 de Junio",https://www.facebook.com/gabriel.fedorovsky,,,"Ciudad Autónoma de Buenos Aires","Buenos Aires",Argentina,1594159417,"Gimena Yamila Yerden Giaquinto",https://www.facebook.com/Gimetrance,1
Mau,Mascelloni,mascelloni@facebook.com,"26 de Junio",https://www.facebook.com/mascelloni,22,,"Ciudad Autónoma de Buenos Aires","Buenos Aires",Argentina,1588688620,"Gonzalo Bussetti",https://www.facebook.com/gonzalo.bussetti,1
Elio,Vaz,elio.vaz.9@facebook.com,"26 de Junio",https://www.facebook.com/elio.vaz.9,29,,"Ciudad Autónoma de Buenos Aires","Buenos Aires",Argentina,100000311303294,"Facu Denegri",,1
Camila,Primiani,camila.primiani@facebook.com,"26 de Junio",https://www.facebook.com/camila.primiani,,"Villa Pueyrredón","Ciudad Autónoma de Buenos Aires","Distrito Federal",Argentina,1501276147,"Brian Cano",,1
MiKa,Iriarte,mikitai2@facebook.com,"26 de Junio",https://www.facebook.com/mikitai2,,,"Ciudad Autónoma de Buenos Aires","Buenos Aires",Argentina,1527203285,"Nell Rosales",https://www.facebook.com/nell.rosales,1
Maru,Pagola,maru.pagola@facebook.com,"26 de Junio",https://www.facebook.com/maru.pagola,,,"Ciudad Autónoma de Buenos Aires","Buenos Aires",Argentina,1580020562,"Mili Mauro",https://www.facebook.com/milimauro,1
"Marcela Alejandra",Sotello,marcelaalejandra.sotello@facebook.com,"26 de Junio",https://www.facebook.com/marcelaalejandra.sotello,28,,"Ciudad Autónoma de Buenos Aires","Buenos Aires",Argentina,100007817160160,"Julian Pagana",,1
Yani,Santillán,chiquichanchichan@facebook.com,"26 de Junio",https://www.facebook.com/Chiquichanchichan,25,,"Ciudad Autónoma de Buenos Aires","Buenos Aires",Argentina,1152234690,"Noelia Juskiewicz",https://www.facebook.com/noelia.juskiewicz,1
"Estampados Textiles","Roberto Russo",estampadosroberto.russo@facebook.com,"26 de Junio",https://www.facebook.com/estampadosroberto.russo,,,"Ciudad Autónoma de Buenos Aires","Buenos Aires",Argentina,1460049281,"Fer Ferrari",https://www.facebook.com/FERRARIFERNANDO22,1
Ojos,Negros,ojosnegrosmetal@facebook.com,"26 de Junio",https://www.facebook.com/ojosnegrosmetal,21,,"Ciudad Autónoma de Buenos Aires","Buenos Aires",Argentina,100001717870750,"La Rockeria",https://www.facebook.com/oveja1,1
Nuria,"Castelló Parareda",nuria.castelloparareda@facebook.com,"26 de Junio",https://www.facebook.com/nuria.castelloparareda,,,"Ciudad Autónoma de Buenos Aires","Buenos Aires",Argentina,610997126,"Martín Álvarez BA I",https://www.facebook.com/Woody.Blair,1
Melina,Ayelén,mmeeeeli@facebook.com,"26 de Junio",https://www.facebook.com/MMeeeeLi,,,"Ciudad Autónoma de Buenos Aires","Buenos Aires",Argentina,100003294330199,"Gianfranco Ferrati",,1
River,"ES Pasion",river.espasion.37@facebook.com,"26 de Junio",https://www.facebook.com/river.espasion.37,25,,"Ciudad Autónoma de Buenos Aires","Buenos Aires",Argentina,100002737909825,"Julian Yankeliovich Barassi",,1
Maira,Daviss,maira.daviss@facebook.com,"26 de Junio",https://www.facebook.com/maira.daviss,,"La Boca","Ciudad Autónoma de Buenos Aires","Buenos Aires",Argentina,100001758548110,"La Rockeria",https://www.facebook.com/oveja1,1
Adopta,"No Compres",nocompres.adopta1@facebook.com,"26 de Junio",https://www.facebook.com/nocompres.adopta1,,,"Ciudad Autónoma de Buenos Aires","Buenos Aires",Argentina,100001108835015,"Camy Falcón",https://www.facebook.com/Cammy.Falcon,1
ProvenGroup,Consultora,provengroup@facebook.com,"26 de Junio",https://www.facebook.com/provengroup,,,"Ciudad Autónoma de Buenos Aires","Buenos Aires",Argentina,100000548296149,"Micaela Parisi",https://www.facebook.com/parisimica,1
"Elena María",Sarrabayrouse,elenamaria.sarrabayrouse.3@facebook.com,"26 de Junio",https://www.facebook.com/elenamaria.sarrabayrouse.3,,,"Ciudad Autónoma de Buenos Aires","Buenos Aires",Argentina,100006475288861,"Pia Bocchino",https://www.facebook.com/pia.bocchino,1
Vane,Lin,vane.lin2@facebook.com,"26 de Junio",https://www.facebook.com/vane.lin2,,,"Ciudad Autónoma de Buenos Aires","Buenos Aires",Argentina,100000565565142,"Yasu Higa",,1
Manu,Bond,manuelspilberg@facebook.com,"26 de Junio",https://www.facebook.com/manuelspilberg,,,"Ciudad Autónoma de Buenos Aires","Buenos Aires",Argentina,613734086,"Alejandro G Sierra",https://www.facebook.com/alejandrogsierra,1
Fundacion,"Abogados Sin Fronteras",fundacion.abogadossinfronteras@facebook.com,"26 de Junio",https://www.facebook.com/fundacion.abogadossinfronteras,25,,"Ciudad Autónoma de Buenos Aires","Buenos Aires",Argentina,100000887082855,"Carla Ferro",https://www.facebook.com/carla.ferro,1
Noelia,Tamburrino,noelia.tamburrino@facebook.com,"26 de Junio",https://www.facebook.com/noelia.tamburrino,26,,"Ciudad Autónoma de Buenos Aires","Buenos Aires",Argentina,1018214674,"Lucas Alegre",,1
Selenelozano,Joyas,selenelozano.joyas@facebook.com,"26 de Junio",https://www.facebook.com/selenelozano.joyas,25,,"Ciudad Autónoma de Buenos Aires","Buenos Aires",Argentina,100000887520650,"Carla Ferro",https://www.facebook.com/carla.ferro,1
Penelope,Lu,penelopemq.tuestilo@facebook.com,"26 de Junio",https://www.facebook.com/penelopemq.tuestilo,28,,"Ciudad Autónoma de Buenos Aires","Buenos Aires",Argentina,100003406398303,"Gabriela Prietoo",,1
"Jardin Rodante",Sobreruedas,jardinrodante.sobreruedas@facebook.com,"26 de Junio",https://www.facebook.com/jardinrodante.sobreruedas,28,,"Ciudad Autónoma de Buenos Aires","Buenos Aires",Argentina,100001550318202,"Maria Lucila Quarleri",https://www.facebook.com/maria.quarleri,1
Meel,Sandoval,melissa.sandoval.902@facebook.com,"26 de Junio",https://www.facebook.com/melissa.sandoval.902,,,"Ciudad Autónoma de Buenos Aires","Buenos Aires",Argentina,1351061267,"Jonathan Julian",,1
Vicky,Tolosa,vicky.tolosa.9@facebook.com,"27 de Junio",https://www.facebook.com/vicky.tolosa.9,,,"Ciudad Autónoma de Buenos Aires","Buenos Aires",Argentina,100002260895911,"Agus Rodriguez",,1
Alberto,Carea,beto.carea@facebook.com,"27 de Junio",https://www.facebook.com/beto.carea,,"Buenos Aires","Buenos Aires","Buenos Aires",Argentina,1206501282,"Carolina Maidana",0,1
Yhajaira,Aguilra,yhajaira.aguilra@facebook.com,"27 de Junio",https://www.facebook.com/yhajaira.aguilra,,,"Ciudad Autónoma de Buenos Aires","Buenos Aires",Argentina,100001669003698,"Nicolas Alejandro Fleischer",https://www.facebook.com/nicolasalejandro.fleische,1
Valee,Rodriiguez,valee.rodriiguez@facebook.com,"27 de Junio",https://www.facebook.com/valee.rodriiguez,,"Villa Pueyrredón","Ciudad Autónoma de Buenos Aires","Buenos Aires",Argentina,1404566537,"Yanina Battiato",,1
Her,Apfelberg,her.apfelberg@facebook.com,"27 de Junio",https://www.facebook.com/her.apfelberg,21,,"Ciudad Autónoma de Buenos Aires","Buenos Aires",Argentina,100000076777277,"Nano Vaquer",,1
Daiana,"Del Arco",daiana.delarco@facebook.com,"27 de Junio",https://www.facebook.com/daiana.delarco,,,"Ciudad Autónoma de Buenos Aires","Buenos Aires",Argentina,1660993555,"Jorge Biamonte",https://www.facebook.com/georgebiamonteok,1
May,Said,mayra.said@facebook.com,"27 de Junio",https://www.facebook.com/mayra.said,25,,"Ciudad Autónoma de Buenos Aires","Buenos Aires",Argentina,1404122572,"Gisele Fratini",https://www.facebook.com/giakdmik,1
Jacqueline,Monaro,jacqueline.monaro@facebook.com,"27 de Junio",https://www.facebook.com/jacqueline.monaro,,,"Ciudad Autónoma de Buenos Aires","Buenos Aires",Argentina,1408361524,"Jochuu Rodriguez Linck",https://www.facebook.com/jochuu.rodriguezlinck,1
Gisel,Quintana,gigi.quintana.71@facebook.com,"27 de Junio",https://www.facebook.com/gigi.quintana.71,24,,"Ciudad Autónoma de Buenos Aires","Buenos Aires",Argentina,100000102509440,"Rodrii Martinez",,1
Jose,Mainrojo,jose.mainrojo@facebook.com,"27 de Junio",https://www.facebook.com/jose.mainrojo,,,"Ciudad Autónoma de Buenos Aires","Buenos Aires",Argentina,1357652110,"Carla Ferro",https://www.facebook.com/carla.ferro,1
Melli,"Fernandez R",miguelangel.fernandezrivas@facebook.com,"27 de Junio",https://www.facebook.com/miguelangel.fernandezrivas,,"Parque Patricios","Ciudad Autónoma de Buenos Aires","Buenos Aires",Argentina,1275138377,"Pamela Garrote",https://www.facebook.com/pamela.garrote,1
Brenda,Asnicar,brenda.d.asnicar.14@facebook.com,"27 de Junio",https://www.facebook.com/brenda.d.asnicar.14,21,,"Ciudad Autónoma de Buenos Aires","Buenos Aires",Argentina,1545030855,"Julian Argiz",https://www.facebook.com/julian.argiz,1
Agustina,Caballero,agustina.caballero.7161@facebook.com,"27 de Junio",https://www.facebook.com/agustina.caballero.7161,21,,"Ciudad Autónoma de Buenos Aires","Buenos Aires",Argentina,100005942071441,"Martín Álvarez BA I",https://www.facebook.com/Woody.Blair,1
Rey,Sonámbulo,rsonambulo2@facebook.com,"27 de Junio",https://www.facebook.com/rsonambulo2,28,,"Ciudad Autónoma de Buenos Aires","Buenos Aires",Argentina,100001554336082,"Malvi Ovando",https://www.facebook.com/malvi.ovando,1
River,"Mi Enfermedad",river.demivida1@facebook.com,"27 de Junio",https://www.facebook.com/river.demivida1,23,"Comodoro Rivadavia","Ciudad Autónoma de Buenos Aires","Distrito Federal",Argentina,100002455636101,"Julian Yankeliovich Barassi",,1
Fernando,Rodriguez,fernando.cabj.75@facebook.com,"27 de Junio",https://www.facebook.com/fernando.cabj.75,,,"Ciudad Autónoma de Buenos Aires","Buenos Aires",Argentina,100000859934054,"Analia Utlo",https://www.facebook.com/ANY10,1
Karen,Sotomayor,karen.sotomayor.5@facebook.com,"27 de Junio",https://www.facebook.com/karen.sotomayor.5,,,"Ciudad Autónoma de Buenos Aires","Buenos Aires",Argentina,100000990824909,"Juan Elias Catan",https://www.facebook.com/juan.724,1
Alito,Ale,alejandro.javier23@facebook.com,"27 de Junio",https://www.facebook.com/alejandro.javier23,28,,"Ciudad Autónoma de Buenos Aires","Buenos Aires",Argentina,1052275861,"Micaela Parisi",https://www.facebook.com/parisimica,1
Natalia,Reinoso,cintia.estevez.7@facebook.com,"27 de Junio",https://www.facebook.com/cintia.estevez.7,,,"Ciudad Autónoma de Buenos Aires","Buenos Aires",Argentina,100001168515601,"Jessica Bellomo",https://www.facebook.com/JessBellomo,1
Tamara,Reina,tamara.reina.5@facebook.com,"27 de Junio",https://www.facebook.com/tamara.reina.5,25,,"Ciudad Autónoma de Buenos Aires","Buenos Aires",Argentina,1116529703,"Chechu Acea",,1
Joaquin,Blanco,joaquintomas@facebook.com,"27 de Junio",https://www.facebook.com/joaquintomas,,,"Ciudad Autónoma de Buenos Aires","Buenos Aires",Argentina,1099908343,"Agus Carranza",,1
Mile,Zabala,natalia.gargia.7@facebook.com,"27 de Junio",https://www.facebook.com/natalia.gargia.7,24,,"Ciudad Autónoma de Buenos Aires","Buenos Aires",Argentina,100003554211133,"Emiliano Zabala",,1
Massiel,Cordova,moorenarastone@facebook.com,"27 de Junio",https://www.facebook.com/moorenarastone,,,"Ciudad Autónoma de Buenos Aires","Buenos Aires",Argentina,1612933121,"Pedro Lopezyfernandez",https://www.facebook.com/pedronahuel,1
Nazarena,Gonzalez,naza.gonzalez@facebook.com,"27 de Junio",https://www.facebook.com/naza.gonzalez,,,"Ciudad Autónoma de Buenos Aires","Buenos Aires",Argentina,680926187,"Miranda Toderi",https://www.facebook.com/miranda.toderi,1
Cuentos,Decapitados,mono.pasitillero@facebook.com,"27 de Junio",https://www.facebook.com/Mono.Pasitillero,23,,"Ciudad Autónoma de Buenos Aires","Buenos Aires",Argentina,1322981178,"Poh Ly",https://www.facebook.com/pohoreyco,1
Nicolas,Calabró,nicolas.calabro.9@facebook.com,"27 de Junio",https://www.facebook.com/nicolas.calabro.9,,,"Ciudad Autónoma de Buenos Aires","Buenos Aires",Argentina,100000614166362,"Gabi López",,1
Bebu,Ledesma,bebu.ledesma@facebook.com,"27 de Junio",https://www.facebook.com/bebu.ledesma,27,Recoleta,"Ciudad Autónoma de Buenos Aires","Buenos Aires",Argentina,100001908805276,"Michelle Fingeret",https://www.facebook.com/michelle.fingeret,1
Lihuen,Trigo,lihuen.trigo@facebook.com,"27 de Junio",https://www.facebook.com/lihuen.trigo,29,,"Ciudad Autónoma de Buenos Aires","Buenos Aires",Argentina,1238547043,"Monica Trigila",https://www.facebook.com/monica.trigila,1
"Pablo Alejandro",Fain,pablo.fain@facebook.com,"27 de Junio",https://www.facebook.com/pablo.fain,23,,"Ciudad Autónoma de Buenos Aires","Buenos Aires",Argentina,1145019986,"Lucía Lopez Aleman",https://www.facebook.com/marialucialopezaleman,1
Jonathan,Kania,jonathan.kania@facebook.com,"27 de Junio",https://www.facebook.com/jonathan.kania,27,,"Ciudad Autónoma de Buenos Aires","Buenos Aires",Argentina,763649790,"Ariel Galinski",https://www.facebook.com/ariel.galinski,1
Gonzalo,Prieto,gonzalo.prieto.1293@facebook.com,"27 de Junio",https://www.facebook.com/gonzalo.prieto.1293,25,,"Ciudad Autónoma de Buenos Aires","Buenos Aires",Argentina,834245137,"Estefi Hilarza",https://www.facebook.com/estefi.hilarza,1
Gonzalo,Cortés,gonzoph@facebook.com,"27 de Junio",https://www.facebook.com/gonzoPH,29,,"Ciudad Autónoma de Buenos Aires","Buenos Aires",Argentina,561119931,"Jessica Bellomo",https://www.facebook.com/JessBellomo,1
"Esa Maldita Costumbre",Picadas,esamalditacostumbredulcesysalados@facebook.com,"27 de Junio",https://www.facebook.com/esamalditacostumbredulcesysalados,30,,"Ciudad Autónoma de Buenos Aires","Buenos Aires",Argentina,100001095178181,"Estefi Willis",https://www.facebook.com/estefi.willis,1
Matias,Carbone,matiascarbonedes@facebook.com,"27 de Junio",https://www.facebook.com/matiascarbonedes,,,"Ciudad Autónoma de Buenos Aires","Buenos Aires",Argentina,1012433251,"Juan Antonio Papagni Meca",https://www.facebook.com/juanantoniopapagnimeca,1
Esteban,Galli,esteban.galli.12@facebook.com,"27 de Junio",https://www.facebook.com/esteban.galli.12,24,,"Ciudad Autónoma de Buenos Aires","Buenos Aires",Argentina,621135539,"Melo Dellarole",https://www.facebook.com/melodellarole,1
Angie,Aguera,angie.aguera@facebook.com,"27 de Junio",https://www.facebook.com/angie.aguera,,,"Ciudad Autónoma de Buenos Aires","Buenos Aires",Argentina,1405119698,"Nahu Millicay Pereyra",https://www.facebook.com/nahumilli,1
Juli,Siano,july.sianno@facebook.com,"27 de Junio",https://www.facebook.com/july.sianno,,,"Ciudad Autónoma de Buenos Aires","Buenos Aires",Argentina,1665356283,"Felicitas Ghigliotti",https://www.facebook.com/felicitas.ghigliotti,1
Alejandro,Mastroberardino,madrianalejandro@facebook.com,"27 de Junio",https://www.facebook.com/madrianalejandro,,,"Ciudad Autónoma de Buenos Aires","Buenos Aires",Argentina,100000018007212,"Brenda Fabregat",https://www.facebook.com/brenda.fabregat,1
Federico,Palavecino,federicochapu.palavecino@facebook.com,"27 de Junio",https://www.facebook.com/federicochapu.palavecino,23,"Villa Soldati","Ciudad Autónoma de Buenos Aires","Buenos Aires",Argentina,100000159118118,"Barby Suarez",https://www.facebook.com/barby1522,1
Estefi,"Diaz Baliero",estefi.diazbaliero@facebook.com,"27 de Junio",https://www.facebook.com/estefi.diazbaliero,,,"Ciudad Autónoma de Buenos Aires","Buenos Aires",Argentina,1274765266,"Brian Cano",,1
Bicentenario,Cafebar,bicentenario.cafebar@facebook.com,"27 de Junio",https://www.facebook.com/bicentenario.cafebar,,,"Ciudad Autónoma de Buenos Aires","Buenos Aires",Argentina,100001338983953,"Micaela Parisi",https://www.facebook.com/parisimica,1
Ayelen,Szlufik,ashszlufik@facebook.com,"27 de Junio",https://www.facebook.com/AshSzlufik,,"Villa Del Parque","Ciudad Autónoma de Buenos Aires","Buenos Aires",Argentina,1018310251,"Daiana Soledad Pintos",https://www.facebook.com/Sheena.is,1
Julieta,Torres,julieta.torres.948@facebook.com,"28 de Junio",https://www.facebook.com/julieta.torres.948,24,,"Ciudad Autónoma de Buenos Aires","Buenos Aires",Argentina,100002596876516,"Andrea Flijer",https://www.facebook.com/andrea.flijer,1
Tomi,Lacaria,tomi.lacaria@facebook.com,"28 de Junio",https://www.facebook.com/tomi.lacaria,,,"Ciudad Autónoma de Buenos Aires","Buenos Aires",Argentina,1800420288,"Carolina Damiano",https://www.facebook.com/carolina.damiano,1
Carolina,Villa,caaro.villaa@facebook.com,"28 de Junio",https://www.facebook.com/Caaro.villaa,,,"Ciudad Autónoma de Buenos Aires","Buenos Aires",Argentina,1425040996,"Javier Potenza",,1
Joaco,Manfre,joaco.manfre@facebook.com,"28 de Junio",https://www.facebook.com/joaco.manfre,,,"Ciudad Autónoma de Buenos Aires","Buenos Aires",Argentina,100000021894407,"Victoria Casado",,1
Eventos,Makabro,eventos.makabro@facebook.com,"28 de Junio",https://www.facebook.com/eventos.makabro,,,"Ciudad Autónoma de Buenos Aires","Buenos Aires",Argentina,100001049487702,"Martín Álvarez BA I",https://www.facebook.com/Woody.Blair,1
Rapi,"B A",masa.antioquia@facebook.com,"28 de Junio",https://www.facebook.com/masa.antioquia,30,"Buenos Aires","Buenos Aires","Buenos Aires",Argentina,100004462686902,"Juan Pablo Aleman",0,1
Eritrovet,"Banco de Sangre",marianela.castillo.5891@facebook.com,"28 de Junio",https://www.facebook.com/marianela.castillo.5891,28,,"Ciudad Autónoma de Buenos Aires","Buenos Aires",Argentina,725197793,"Matias Daniel Pascual",,1
Florencia,Lucia,floru.enci@facebook.com,"28 de Junio",https://www.facebook.com/floru.enci,,,"Ciudad Autónoma de Buenos Aires","Buenos Aires",Argentina,100001324462601,"Flor Encino",https://www.facebook.com/flopy.encino,1
Christian,Roberts,christian.roberts.7965@facebook.com,"28 de Junio",https://www.facebook.com/christian.roberts.7965,,,"Ciudad Autónoma de Buenos Aires","Buenos Aires",Argentina,1408033964,"Vanesa Myrna Ojeda",,1
Marcelo,Rojas,marcelo.rojas.5059@facebook.com,"28 de Junio",https://www.facebook.com/marcelo.rojas.5059,27,"Buenos Aires","Buenos Aires","Buenos Aires",Argentina,100000325678180,"Carolina Maidana",0,1
Sil,Romano,sil.romano.9@facebook.com,"28 de Junio",https://www.facebook.com/sil.romano.9,22,,"Ciudad Autónoma de Buenos Aires","Buenos Aires",Argentina,100003094488388,"Tomi Rodriguez",,1
Mike,Cameroni,mike.cameroni@facebook.com,"28 de Junio",https://www.facebook.com/mike.cameroni,,,"Ciudad Autónoma de Buenos Aires","Buenos Aires",Argentina,723935404,"Charly Ruez",https://www.facebook.com/charly.ruez,1
Lola,Britez,dolores.britez.1@facebook.com,"28 de Junio",https://www.facebook.com/dolores.britez.1,23,,"Ciudad Autónoma de Buenos Aires","Buenos Aires",Argentina,100001878946257,"Jobs Bar",https://www.facebook.com/jobsbar,1
Cecy,Voytenco,chechu.voytenco@facebook.com,"28 de Junio",https://www.facebook.com/chechu.voytenco,,,"Ciudad Autónoma de Buenos Aires","Buenos Aires",Argentina,100001003684473,"Sabry Valenti",https://www.facebook.com/sabry.valenti,1
Cepoxipol,Azul,poxipolazul@facebook.com,"28 de Junio",https://www.facebook.com/poxipolazul,,,"Ciudad Autónoma de Buenos Aires","Buenos Aires",Argentina,1313807429,"Nadia Vannessa",https://www.facebook.com/nadiavannessa18,1
"Be Ay Pi",Indumentaria,beaypi.indumentaria@facebook.com,"28 de Junio",https://www.facebook.com/beaypi.indumentaria,27,,"Ciudad Autónoma de Buenos Aires","Buenos Aires",Argentina,100002428387192,"Antonella La Torre",,1
Angie,Eom,ehr95@facebook.com,"28 de Junio",https://www.facebook.com/ehr95,,,"Ciudad Autónoma de Buenos Aires","Buenos Aires",Argentina,1128132065,"Vicky Diaz",,1
Germán,Iacona,germman68@facebook.com,"28 de Junio",https://www.facebook.com/germman68,21,,"Ciudad Autónoma de Buenos Aires","Buenos Aires",Argentina,1169478826,"Agustina Pelle Müller",,1
Gala,Couto,gala.couto@facebook.com,"28 de Junio",https://www.facebook.com/gala.couto,24,,"Ciudad Autónoma de Buenos Aires","Buenos Aires",Argentina,1146281378,"Jero Salsamendi",https://www.facebook.com/jero.salsamendi,1
Juan,"Fernandez Saier",juan.fernandezsaier@facebook.com,"28 de Junio",https://www.facebook.com/juan.fernandezsaier,,,"Ciudad Autónoma de Buenos Aires","Buenos Aires",Argentina,1153436241,"Vanesa Macias",https://www.facebook.com/vanesa.macias1,1
Fede,Oberti,fedeoberti@facebook.com,"28 de Junio",https://www.facebook.com/FedeOberti,27,,"Ciudad Autónoma de Buenos Aires","Buenos Aires",Argentina,100003177294551,"Juan Antonio Papagni Meca",https://www.facebook.com/juanantoniopapagnimeca,1
Damiàn,Moriconi,damian.moriconi@facebook.com,"28 de Junio",https://www.facebook.com/damian.moriconi,25,,"Ciudad Autónoma de Buenos Aires","Buenos Aires",Argentina,1364753083,"Pamela Garrote",https://www.facebook.com/pamela.garrote,1
Miguel,Park,miguel.park.10@facebook.com,"28 de Junio",https://www.facebook.com/miguel.park.10,30,"Buenos Aires","Buenos Aires","Buenos Aires",Argentina,500665998,"Alan Yun",0,1
Kassio,Geordano,kassio.geordano@facebook.com,"28 de Junio",https://www.facebook.com/kassio.geordano,25,,"Ciudad Autónoma de Buenos Aires","Buenos Aires",Argentina,100001869851394,"Carolina Ataides Sena Barcelos",https://www.facebook.com/kkbarcellos,1
Naate,Gomez,naategomez@facebook.com,"28 de Junio",https://www.facebook.com/NaateGomez,,,"Ciudad Autónoma de Buenos Aires","Buenos Aires",Argentina,1424444552,"Cristian Andres Romano",,1
Olivia,Tedin,olivia.tedin@facebook.com,"28 de Junio",https://www.facebook.com/olivia.tedin,22,,"Ciudad Autónoma de Buenos Aires","Buenos Aires",Argentina,629795196,"Valentino Fabre",https://www.facebook.com/valenfabre,1
Eduardo,Nazrala,eduardo.nazrala@facebook.com,"28 de Junio",https://www.facebook.com/eduardo.nazrala,,"Buenos Aires","Buenos Aires","Buenos Aires",Argentina,557240013,"Patrick Fernando Kushner L",0,1
Sergio,Saravia,elprincipitodelanus@facebook.com,"28 de Junio",https://www.facebook.com/elprincipitodelanus,27,,"Ciudad Autónoma de Buenos Aires","Buenos Aires",Argentina,1075391504,"Natalia Tarelli",,1
Flor,Peñaloza,flor.penaloza.7@facebook.com,"28 de Junio",https://www.facebook.com/flor.penaloza.7,30,,"Ciudad Autónoma de Buenos Aires","Buenos Aires",Argentina,643744453,"Jose Guevara",https://www.facebook.com/JoeGuevara81,1
"Leandro Lucas",Melian,leandrolucas.melian@facebook.com,"28 de Junio",https://www.facebook.com/leandrolucas.melian,29,,"Ciudad Autónoma de Buenos Aires","Buenos Aires",Argentina,1378906283,"Majo López Tavani",https://www.facebook.com/lasplumas,1
Yanina,"Martinez Cata",cata.casadecatamarca@facebook.com,"28 de Junio",https://www.facebook.com/cata.casadecatamarca,25,,"Ciudad Autónoma de Buenos Aires","Buenos Aires",Argentina,100003493449888,"Fede Martinez",https://www.facebook.com/fedemartinez17,1
Alan,Carbone,alan.carbone.37@facebook.com,"28 de Junio",https://www.facebook.com/alan.carbone.37,,,"Ciudad Autónoma de Buenos Aires","Buenos Aires",Argentina,100001282713588,"Bian Tedesco",https://www.facebook.com/biaantedesco,1
Moraa,Celus,contanza.perez.98@facebook.com,"28 de Junio",https://www.facebook.com/contanza.perez.98,23,,"Ciudad Autónoma de Buenos Aires","Buenos Aires",Argentina,100006594313530,"Agustin Sujo",https://www.facebook.com/agustin.sujook,1
Delfina,Setien,delfi.setien@facebook.com,"29 de Junio",https://www.facebook.com/delfi.setien,,,"Ciudad Autónoma de Buenos Aires","Buenos Aires",Argentina,1471549111,"Manuela Villa",,1
Little,Love,ladymafia06@facebook.com,"29 de Junio",https://www.facebook.com/ladymafia06,21,,"Ciudad Autónoma de Buenos Aires","Buenos Aires",Argentina,100001571157445,"Juanma Ramirez",,1
"Noelia P.",Giz,ngiz.personaltrainer@facebook.com,"29 de Junio",https://www.facebook.com/ngiz.personaltrainer,,,"Ciudad Autónoma de Buenos Aires","Buenos Aires",Argentina,100007503763081,"Natalia Ponce",,1
Leo,Diradourian,leo.diradourian@facebook.com,"29 de Junio",https://www.facebook.com/leo.diradourian,,,"Ciudad Autónoma de Buenos Aires","Buenos Aires",Argentina,782838788,"Artur Margaryan",,1
Ruy,"Rodríguez Román",ruyrr@facebook.com,"29 de Junio",https://www.facebook.com/ruyrr,,,"Ciudad Autónoma de Buenos Aires","Buenos Aires",Argentina,837479595,"Gisela Tesei",,1
Fran,Ferrari,fran.ferrari@facebook.com,"29 de Junio",https://www.facebook.com/fran.ferrari,,"Buenos Aires","Buenos Aires","Buenos Aires",Argentina,571123378,"Gabriella Rouiller",0,1
Mateo,Avalos,mateo.avalos.336@facebook.com,"29 de Junio",https://www.facebook.com/mateo.avalos.336,,"Buenos Aires","Buenos Aires","Buenos Aires",Argentina,100002188238549,"Martu Lehmann",0,1
Aguzz,"La Lokyta Del Tito Ali",aguuzz.astudilla@facebook.com,"29 de Junio",https://www.facebook.com/aguuzz.astudilla,,,"Ciudad Autónoma de Buenos Aires","Buenos Aires",Argentina,100000772386463,"Tomas Zocca",https://www.facebook.com/tomyzocca,1
"Mica ?ï?",?ï?,micaela.vera.967@facebook.com,"29 de Junio",https://www.facebook.com/micaela.vera.967,21,,"Ciudad Autónoma de Buenos Aires","Buenos Aires",Argentina,100007098463239,"Soledad Sanchez",,1
Vélez,Sarsfield,dalevelezz@facebook.com,"29 de Junio",https://www.facebook.com/dalevelezz,24,,"Ciudad Autónoma de Buenos Aires","Buenos Aires",Argentina,100000118426101,"Emiliano Pirolo",https://www.facebook.com/emi.pirolo,1
Guillermo,Rolandelli,guillermo.rolandelli@facebook.com,"29 de Junio",https://www.facebook.com/guillermo.rolandelli,29,,"Ciudad Autónoma de Buenos Aires","Buenos Aires",Argentina,100002714737215,"Mariano Montani",https://www.facebook.com/mariano.montani,1
Pame,Marcos,pame.marcos@facebook.com,"29 de Junio",https://www.facebook.com/pame.marcos,,,"Ciudad Autónoma de Buenos Aires","Buenos Aires",Argentina,1286143847,"Vicky Diaz",,1
Mia,Amoroso,clara.amoroso.snm@facebook.com,"29 de Junio",https://www.facebook.com/clara.amoroso.snm,24,,"Ciudad Autónoma de Buenos Aires","Buenos Aires",Argentina,1222862025,"Matias Duarte",,1
Agustin,Llorente,agustin.c.llorente@facebook.com,"29 de Junio",https://www.facebook.com/agustin.c.llorente,21,,"Ciudad Autónoma de Buenos Aires","Buenos Aires",Argentina,709492911,"Martin Olmedo",,1
Ari,Montana,gusti.ariel.9@facebook.com,"29 de Junio",https://www.facebook.com/gusti.ariel.9,,,"Ciudad Autónoma de Buenos Aires","Buenos Aires",Argentina,100000279610005,"Tatiana Petroccelli",https://www.facebook.com/tanshanita,1
Tomas,Alejandro,tomas.sabee@facebook.com,"29 de Junio",https://www.facebook.com/tomas.sabee,,,"Ciudad Autónoma de Buenos Aires","Buenos Aires",Argentina,100001108329655,"Juanma Ramirez",,1
Graciela,Cattaneo,graciela.cattaneo.94@facebook.com,"29 de Junio",https://www.facebook.com/graciela.cattaneo.94,,,"Ciudad Autónoma de Buenos Aires","Buenos Aires",Argentina,100001157964335,"Felix Barassi",https://www.facebook.com/felix.barassi,1
Erica,Rearte,ericrisolk@facebook.com,"29 de Junio",https://www.facebook.com/Ericrisolk,29,,"Ciudad Autónoma de Buenos Aires","Buenos Aires",Argentina,1613740214,"Cecilia Morinigo",,1
Mahia,Ventturini,mavtthh@facebook.com,"29 de Junio",https://www.facebook.com/mavtthh,29,,"Ciudad Autónoma de Buenos Aires","Buenos Aires",Argentina,100003065548697,"Leandro Matias",,1
Sebastian,Zenobi,sebastian.zenobi.3@facebook.com,"29 de Junio",https://www.facebook.com/sebastian.zenobi.3,27,,"Ciudad Autónoma de Buenos Aires","Buenos Aires",Argentina,701808116,"Martin Barrabes",,1
Luciana,Sofa,lu.sofa@facebook.com,"29 de Junio",https://www.facebook.com/lu.sofa,21,,"Ciudad Autónoma de Buenos Aires","Buenos Aires",Argentina,1296810437,"Miranda Toderi",https://www.facebook.com/miranda.toderi,1
Sabrina,"Ferreyra von Kotsch",sabrinafvk@facebook.com,"29 de Junio",https://www.facebook.com/sabrinafvk,,,"Ciudad Autónoma de Buenos Aires","Buenos Aires",Argentina,1397773330,"Christian Marconi",https://www.facebook.com/gmarconi.turismo,1
Maar,Tiina,maarttu@facebook.com,"29 de Junio",https://www.facebook.com/Maarttu,,,"Ciudad Autónoma de Buenos Aires","Buenos Aires",Argentina,1550435843,"Aylu Macchi",,1
Fernando,Iborra,iborrafer@facebook.com,"29 de Junio",https://www.facebook.com/iborrafer,30,,"Ciudad Autónoma de Buenos Aires","Buenos Aires",Argentina,1647480015,"Denise Gisele",https://www.facebook.com/denise.gisele,1
Eliana,Herebia,eliana.herebia@facebook.com,"29 de Junio",https://www.facebook.com/eliana.herebia,21,Colegiales,"Ciudad Autónoma de Buenos Aires","Buenos Aires",Argentina,100002299753965,"Braii Venieri",https://www.facebook.com/BraianVenieri,1
Karen,Troche,karen.troche.3@facebook.com,"29 de Junio",https://www.facebook.com/karen.troche.3,30,,"Ciudad Autónoma de Buenos Aires","Buenos Aires",Argentina,100001919695437,"Paz Maldonado",,1
Stella,Buonsante,stella.buonsante@facebook.com,"29 de Junio",https://www.facebook.com/stella.buonsante,,,"Ciudad Autónoma de Buenos Aires","Buenos Aires",Argentina,100000621488234,"Marcela Baghino",https://www.facebook.com/marcela.baghino,1
Mavi,Vega,chanela.sputek@facebook.com,"29 de Junio",https://www.facebook.com/chanela.sputek,26,,"Ciudad Autónoma de Buenos Aires","Buenos Aires",Argentina,100003588155891,"Lo Lola",,1
Martha,Duran,martha.d.duran@facebook.com,"29 de Junio",https://www.facebook.com/martha.d.duran,,,"Ciudad Autónoma de Buenos Aires","Buenos Aires",Argentina,734606263,"Charly Rr.Pp",,1
Bratislava,MG,bratislavamg@facebook.com,"29 de Junio",https://www.facebook.com/bratislavamg,30,,"Ciudad Autónoma de Buenos Aires","Buenos Aires",Argentina,100005667398204,"Sindy Elisa Szczucky",https://www.facebook.com/sindy.szczucky,1
Pamela,Palacio,pamela.palacio.79@facebook.com,"29 de Junio",https://www.facebook.com/pamela.palacio.79,25,,"Ciudad Autónoma de Buenos Aires","Buenos Aires",Argentina,100002072569327,"Axx Agustin",https://www.facebook.com/Ax.Agustin,1
Samuel,Camargo,samuel.camargo.10@facebook.com,"29 de Junio",https://www.facebook.com/samuel.camargo.10,,,"Ciudad Autónoma de Buenos Aires","Buenos Aires",Argentina,1195839785,"Vanesa Macias",https://www.facebook.com/vanesa.macias1,1
Lucha,Invictus,lucha.medieval@facebook.com,"29 de Junio",https://www.facebook.com/lucha.medieval,25,,"Ciudad Autónoma de Buenos Aires","Buenos Aires",Argentina,100001600313637,"Ezequiel Sebastian Berardi",https://www.facebook.com/EzErAsTa,1
"Joana Antonela",Farm,joanantonela@facebook.com,"30 de Junio",https://www.facebook.com/joanantonela,24,,"Ciudad Autónoma de Buenos Aires","Buenos Aires",Argentina,100006434639111,"Marcela Hinckelmann",https://www.facebook.com/marcela.hinckelmann,1
Bryan,Søsa,briansosa@facebook.com,"30 de Junio",https://www.facebook.com/briansosa,,,"Ciudad Autónoma de Buenos Aires","Buenos Aires",Argentina,1389522324,"Juan Antonio Papagni Meca",https://www.facebook.com/juanantoniopapagnimeca,1
Andrés,Matías,andres.matias.520@facebook.com,"30 de Junio",https://www.facebook.com/andres.matias.520,30,,"Ciudad Autónoma de Buenos Aires","Buenos Aires",Argentina,100004359606794,"Paula Castro",,1
Lu,Martinena,lucia.martinena1@facebook.com,"30 de Junio",https://www.facebook.com/lucia.martinena1,,,"Ciudad Autónoma de Buenos Aires","Buenos Aires",Argentina,1531539292,"Flor Encino",https://www.facebook.com/flopy.encino,1
Roxana,Zhong,roxana.zhong@facebook.com,"30 de Junio",https://www.facebook.com/roxana.zhong,,"Buenos Aires","Buenos Aires","Buenos Aires",Argentina,100001282268758,"Alan Yun",0,1
Mora,Godoy,mora.godoy.5@facebook.com,"30 de Junio",https://www.facebook.com/mora.godoy.5,,,"Ciudad Autónoma de Buenos Aires","Buenos Aires",Argentina,100000099994153,"Silvia Grun",,1
"Miguel Angel","Del Bianco",miguelangel.delbianco@facebook.com,"30 de Junio",https://www.facebook.com/miguelangel.delbianco,,,"Ciudad Autónoma de Buenos Aires","Buenos Aires",Argentina,100000105062644,"Silvia Grun",,1
Natalia,Zuloaga,natalia.zuloaga.7@facebook.com,"30 de Junio",https://www.facebook.com/natalia.zuloaga.7,28,,"Ciudad Autónoma de Buenos Aires","Buenos Aires",Argentina,1634583669,"Pablo Dandrea",https://www.facebook.com/pablo.dandrea,1
Pablo,Cerrutti,pablo.cerrutti.9@facebook.com,"30 de Junio",https://www.facebook.com/pablo.cerrutti.9,,,"Ciudad Autónoma de Buenos Aires","Buenos Aires",Argentina,100003029138153,"Vanesa Macias",https://www.facebook.com/vanesa.macias1,1
Juli,Hache,juli.hache@facebook.com,"30 de Junio",https://www.facebook.com/juli.hache,,,"Ciudad Autónoma de Buenos Aires","Buenos Aires",Argentina,100000829383961,"Silvana Garcia Marciafava",https://www.facebook.com/silvana.marciafava,1
Juanita,Jo,juanita.jo.37@facebook.com,"30 de Junio",https://www.facebook.com/juanita.jo.37,,,"Ciudad Autónoma de Buenos Aires","Buenos Aires",Argentina,100000842694557,"Silvana Garcia Marciafava",https://www.facebook.com/silvana.marciafava,1
Pablo,Lee,pablo.lee.18@facebook.com,"30 de Junio",https://www.facebook.com/pablo.lee.18,29,Array,"Ciudad Autónoma de Buenos Aires","Buenos Aires",Argentina,100001518036332,"Alan Yun",0,1
Yami,Ramirez,yami.besoseternos@facebook.com,"30 de Junio",https://www.facebook.com/Yami.besoseternos,23,"Buenos Aires","Buenos Aires","Buenos Aires",Argentina,1483203197,"Sofia Reinoso",0,1
Stefy,Cdm,stefy.ruizcdm@facebook.com,"30 de Junio",https://www.facebook.com/stefy.ruizcdm,,,"Ciudad Autónoma de Buenos Aires","Buenos Aires",Argentina,100000657215118,"Nahu Millicay Pereyra",https://www.facebook.com/nahumilli,1
Luis,Riff,luis.riff@facebook.com,"30 de Junio",https://www.facebook.com/luis.riff,,,"Ciudad Autónoma de Buenos Aires","Buenos Aires",Argentina,1061542013,"Tatiana Petroccelli",https://www.facebook.com/tanshanita,1
Jess,Ramirez,jess.ramirez.545@facebook.com,"30 de Junio",https://www.facebook.com/jess.ramirez.545,,,"Ciudad Autónoma de Buenos Aires","Buenos Aires",Argentina,100002495082814,"Gabi López",,1
Luis,Vizzolini,luis.vizzolini@facebook.com,"30 de Junio",https://www.facebook.com/luis.vizzolini,,,"Ciudad Autónoma de Buenos Aires","Buenos Aires",Argentina,1267248937,"Nadia Vannessa",https://www.facebook.com/nadiavannessa18,1
Gon,Nolazco,gon.nolazco@facebook.com,"30 de Junio",https://www.facebook.com/gon.nolazco,,,"Ciudad Autónoma de Buenos Aires","Buenos Aires",Argentina,100001783286997,"Ivan Achaval",https://www.facebook.com/ivancho.achaval,1
Mýcaela,Sol,laa.cueerviita@facebook.com,"30 de Junio",https://www.facebook.com/Laa.Cueerviita,,,"Ciudad Autónoma de Buenos Aires","Buenos Aires",Argentina,100000202908078,"Juanma Ramirez",,1
Solange,Mazzeo,solange.mazzeo1@facebook.com,"30 de Junio",https://www.facebook.com/solange.mazzeo1,,,"Ciudad Autónoma de Buenos Aires","Buenos Aires",Argentina,100000297954693,"Annie Silva",https://www.facebook.com/AnnieGaleano,1
Godo,Müller,godo.muller@facebook.com,"30 de Junio",https://www.facebook.com/godo.muller,,,"Ciudad Autónoma de Buenos Aires","Buenos Aires",Argentina,679133313,"Valeria Ayala",,1
Nico,Bustamante,nico25paranoico@facebook.com,"30 de Junio",https://www.facebook.com/Nico25paranoico,,Once,"Ciudad Autónoma de Buenos Aires","Buenos Aires",Argentina,1218505956,"Carla Diaz",,1
Sergio,Syntes,sermodels@facebook.com,"30 de Junio",https://www.facebook.com/sermodels,30,,"Ciudad Autónoma de Buenos Aires","Buenos Aires",Argentina,100003050338094,"Jimena Avila",,1
"Full Bodies","Full Bodies",fullbodies@facebook.com,"30 de Junio",https://www.facebook.com/fullbodies,27,,"Ciudad Autónoma de Buenos Aires","Buenos Aires",Argentina,560224040,"Carlos Wilson",,1
Corazon,Purpura,corazon.purpura.98@facebook.com,"30 de Junio",https://www.facebook.com/corazon.purpura.98,,,"Ciudad Autónoma de Buenos Aires","Buenos Aires",Argentina,100001483159793,"Juan José Merino Cagnones",https://www.facebook.com/jmerinocagnones,1
Ludmila,Figueroa,ludmila.figueroa.969@facebook.com,"30 de Junio",https://www.facebook.com/ludmila.figueroa.969,21,,"Ciudad Autónoma de Buenos Aires","Buenos Aires",Argentina,100005672280171,"Federico Carrizo",https://www.facebook.com/federicoc,1
Meli,Mujica,melinagisel@facebook.com,"30 de Junio",https://www.facebook.com/melinagisel,24,"San Telmo","Ciudad Autónoma de Buenos Aires","Distrito Federal",Argentina,1616222581,"Agos Costas",https://www.facebook.com/agoscostas,1
Carito,Amaya,kroamaya@facebook.com,"30 de Junio",https://www.facebook.com/kroamaya,29,,"Ciudad Autónoma de Buenos Aires","Buenos Aires",Argentina,1628864112,"Noelia Juskiewicz",https://www.facebook.com/noelia.juskiewicz,1
Belen,Moreno,belen.moreno.397@facebook.com,"30 de Junio",https://www.facebook.com/belen.moreno.397,23,,"Ciudad Autónoma de Buenos Aires","Buenos Aires",Argentina,1206303403,"Jero Salsamendi",https://www.facebook.com/jero.salsamendi,1
Melisa,"Rios Larovere",melisa.rioslarovere@facebook.com,"30 de Junio",https://www.facebook.com/melisa.rioslarovere,21,,"Ciudad Autónoma de Buenos Aires","Buenos Aires",Argentina,1294335071,"Axx Agustin",https://www.facebook.com/Ax.Agustin,1
Santi,Labit,santi.labit@facebook.com,"30 de Junio",https://www.facebook.com/santi.labit,24,,"Ciudad Autónoma de Buenos Aires","Buenos Aires",Argentina,573774180,"Barby Lanata",https://www.facebook.com/barby.lanata,1
Caroo,Domenech,caroo.domenechverdaderayoficial@facebook.com,"30 de Junio",https://www.facebook.com/Caroo.DomenechVerdaderaYOficial,,,"Ciudad Autónoma de Buenos Aires","Buenos Aires",Argentina,100006539797576,"Agustin Sujo",https://www.facebook.com/agustin.sujook,1
Florencia,Lopez,florencia.lopez.568089@facebook.com,"30 de Junio",https://www.facebook.com/florencia.lopez.568089,24,,"Ciudad Autónoma de Buenos Aires","Buenos Aires",Argentina,100000602777837,"Ale Arias Mandarine Park",,1
Kevin,Benitez,kevin.g.benitez@facebook.com,"30 de Junio",https://www.facebook.com/kevin.g.benitez,24,,"Ciudad Autónoma de Buenos Aires","Buenos Aires",Argentina,1249508905,"Kar Elizabeth Avila",https://www.facebook.com/Kaari94,1
