Nombre,Apellido,"Email Facebook",Cumpleaños,"Usuario Facebook",Edad,Barrio,Ciudad,Provincia,Pais,"ID Facebook","Amigo De","Amigo De (Usuario)",rebound
Anabell,Giovanelli,anabell.giovanelli@facebook.com,"19 de Junio",https://www.facebook.com/anabell.giovanelli,22,,"Ciudad Autónoma de Buenos Aires","Buenos Aires",Argentina,100000499377246,"Christian Marconi",https://www.facebook.com/gmarconi.turismo,1
Maximiliano,Araceli,maximiliano.araceli@facebook.com,"19 de Junio",https://www.facebook.com/maximiliano.araceli,,,"Ciudad Autónoma de Buenos Aires","Buenos Aires",Argentina,100002035506903,"Aniita Canta",https://www.facebook.com/Aniita.Canta,1
Gonzalo,Troncoso,gonzalo.troncoso.14@facebook.com,"19 de Junio",https://www.facebook.com/gonzalo.troncoso.14,24,,"Ciudad Autónoma de Buenos Aires","Buenos Aires",Argentina,1538631836,"Luli Torres",,1
Julieta,Cobiella,julieta.cobiella@facebook.com,"19 de Junio",https://www.facebook.com/julieta.cobiella,23,,"Ciudad Autónoma de Buenos Aires","Buenos Aires",Argentina,1353521727,"Axx Agustin",https://www.facebook.com/Ax.Agustin,1
Alberto,Martí,bogarinalbert@facebook.com,"19 de Junio",https://www.facebook.com/bogarinalbert,27,,"Ciudad Autónoma de Buenos Aires","Buenos Aires",Argentina,100005653655280,"Tatiana Petroccelli",https://www.facebook.com/tanshanita,1
Marqito,Villalba,marqqiito@facebook.com,"19 de Junio",https://www.facebook.com/MarqqiiTo,,"La Paternal","Ciudad Autónoma de Buenos Aires","Buenos Aires",Argentina,100000449841671,"Atilio Fernandez",,1
Rodri,Fernandez,rodri.fernandez.148@facebook.com,"19 de Junio",https://www.facebook.com/rodri.fernandez.148,22,,"Ciudad Autónoma de Buenos Aires","Buenos Aires",Argentina,100002545178050,"Brenda Araceli Gonzalez",https://www.facebook.com/brendaaraceli.gonzalez,1
Nico,"Estudio Fotografia",nicofonseca@facebook.com,"19 de Junio",https://www.facebook.com/nicofonseca,23,,"Ciudad Autónoma de Buenos Aires","Buenos Aires",Argentina,654274427,"Yanina Battiato",,1
Silvia,Otazo,silvia.otazo@facebook.com,"19 de Junio",https://www.facebook.com/silvia.otazo,,,"Ciudad Autónoma de Buenos Aires","Buenos Aires",Argentina,1351961843,"Adriana Grillo",,1
Wen,Reynaga,milii.castillo1@facebook.com,"19 de Junio",https://www.facebook.com/milii.castillo1,,,"Ciudad Autónoma de Buenos Aires","Buenos Aires",Argentina,100002400060723,"Elias Saul",https://www.facebook.com/elias.saul,1
Déjàvu,InTrends,ksk.kosiuko@facebook.com,"19 de Junio",https://www.facebook.com/ksk.kosiuko,,,"Ciudad Autónoma de Buenos Aires","Buenos Aires",Argentina,1578692125,"Valentino Fabre",https://www.facebook.com/valenfabre,1
Cami,Rabinovich,camilarabino@facebook.com,"19 de Junio",https://www.facebook.com/camilarabino,21,"Buenos Aires","Buenos Aires","Buenos Aires",Argentina,100002425110400,"Pablo Resnik",0,1
Mirna,Guariglia,mirna.guariglia@facebook.com,"19 de Junio",https://www.facebook.com/mirna.guariglia,24,,"Ciudad Autónoma de Buenos Aires","Buenos Aires",Argentina,1489791199,"Luciana Antrilli",https://www.facebook.com/luciana.antrilli,1
ManiacosChat,Net,maniacoschat.net@facebook.com,"19 de Junio",https://www.facebook.com/maniacoschat.net,23,,"Ciudad Autónoma de Buenos Aires","Buenos Aires",Argentina,100001562478346,"Dafne Antonella Zas Amy",,1
"Make Believe",Argentina,makebelieve.teatro@facebook.com,"19 de Junio",https://www.facebook.com/makebelieve.teatro,,,"Ciudad Autónoma de Buenos Aires","Buenos Aires",Argentina,100002451203238,"Maria Laura Pendás",https://www.facebook.com/marialaura.pendas,1
Antonella,Morais,antonella.morais@facebook.com,"19 de Junio",https://www.facebook.com/antonella.morais,,,"Ciudad Autónoma de Buenos Aires","Buenos Aires",Argentina,1425881372,"Marcela Alejandra",,1
Ana,Caruso,ana.caruso.50@facebook.com,"19 de Junio",https://www.facebook.com/ana.caruso.50,,,"Ciudad Autónoma de Buenos Aires","Buenos Aires",Argentina,1617188917,"Maria Lucila Quarleri",https://www.facebook.com/maria.quarleri,1
Laa,Tammi,tamih.villegaas@facebook.com,"19 de Junio",https://www.facebook.com/tamih.villegaas,,,"Ciudad Autónoma de Buenos Aires","Buenos Aires",Argentina,100001732695178,"Juanma Ramirez",,1
Melina,Gimenez,melpras@facebook.com,"19 de Junio",https://www.facebook.com/melpras,,,"Ciudad Autónoma de Buenos Aires","Buenos Aires",Argentina,1498427404,"Brenda Fabregat",https://www.facebook.com/brenda.fabregat,1
"Ludmila Nicole",Saura,luuluu.saura@facebook.com,"19 de Junio",https://www.facebook.com/luuluu.saura,,,"Ciudad Autónoma de Buenos Aires","Buenos Aires",Argentina,100000550536063,"Franco Palermo",,1
"Mia Guada",Irazoqui,poroto.irazoqui.1@facebook.com,"19 de Junio",https://www.facebook.com/poroto.irazoqui.1,22,Boedo,"Ciudad Autónoma de Buenos Aires","Buenos Aires",Argentina,100004647068009,"Luli Torres",,1
Leo,Taricco,leo.taricco@facebook.com,"19 de Junio",https://www.facebook.com/leo.taricco,,,"Ciudad Autónoma de Buenos Aires","Buenos Aires",Argentina,1486667493,"Pala Falguera",,1
"La Rocyy",Roo,rocio.rojas.142240@facebook.com,"19 de Junio",https://www.facebook.com/rocio.rojas.142240,29,,"Ciudad Autónoma de Buenos Aires","Buenos Aires",Argentina,100002191055557,"Riberas Del Parana",https://www.facebook.com/riberas.delparana,1
Lola,Gauna,lola.gauna.75@facebook.com,"19 de Junio",https://www.facebook.com/lola.gauna.75,29,,"Ciudad Autónoma de Buenos Aires","Buenos Aires",Argentina,100008026682404,"Julio Roberto Cuevas",https://www.facebook.com/julioroberto.cuevas,1
Juan,Vallejo,jvbrunner@facebook.com,"19 de Junio",https://www.facebook.com/jvbrunner,,,"Ciudad Autónoma de Buenos Aires","Buenos Aires",Argentina,1388537866,"Cami Weng",,1
Nicca,Albanese,nicca.albanese@facebook.com,"19 de Junio",https://www.facebook.com/nicca.albanese,,,"Ciudad Autónoma de Buenos Aires","Buenos Aires",Argentina,789558189,"Clara Ryan",https://www.facebook.com/clariryaneventos,1
Labyrinth,SurfWear,labyrinth.surfwear@facebook.com,"19 de Junio",https://www.facebook.com/labyrinth.surfwear,30,,"Ciudad Autónoma de Buenos Aires","Buenos Aires",Argentina,100001739704864,"Catalina Plá Señorans",https://www.facebook.com/catalina.pla,1
Oleh,Denysyuk,od19697@facebook.com,"19 de Junio",https://www.facebook.com/OD19697,,,"Ciudad Autónoma de Buenos Aires","Buenos Aires",Argentina,100000249466444,"Tomás Eis",,1
Fer,Fuentes,fernando.fuentes.374549@facebook.com,"19 de Junio",https://www.facebook.com/fernando.fuentes.374549,24,,"Ciudad Autónoma de Buenos Aires","Buenos Aires",Argentina,100001905747539,"Daniel Barach",,1
Yami,Salvia,desusamigos@facebook.com,"19 de Junio",https://www.facebook.com/DeSusamigos,22,,"Ciudad Autónoma de Buenos Aires","Buenos Aires",Argentina,1676772742,"Ayelen Alumine Anahi",https://www.facebook.com/ashe.chabakana,1
Walter,Gallardo,chinytoooo@facebook.com,"19 de Junio",https://www.facebook.com/chinytoooo,27,,"Ciudad Autónoma de Buenos Aires","Buenos Aires",Argentina,1407532243,"Ale Arias Mandarine Park",,1
Antonella,Libonati,antonella.libonati.3@facebook.com,"19 de Junio",https://www.facebook.com/antonella.libonati.3,22,,"Ciudad Autónoma de Buenos Aires","Buenos Aires",Argentina,617044402,"Yanina Toto",https://www.facebook.com/yanina.toto,1
Rodrigo,Irrera,rodrigo.irrera@facebook.com,"19 de Junio",https://www.facebook.com/rodrigo.irrera,24,,"Ciudad Autónoma de Buenos Aires","Buenos Aires",Argentina,621988811,"Yanina Toto",https://www.facebook.com/yanina.toto,1
Diego,Yabrán,diego.yabran.7@facebook.com,"19 de Junio",https://www.facebook.com/diego.yabran.7,27,,"Ciudad Autónoma de Buenos Aires","Buenos Aires",Argentina,100000814172072,"Ignacio Lines Ceruti",https://www.facebook.com/ignacio.lines,1
Luciana,Boero,lupisunshine@facebook.com,"19 de Junio",https://www.facebook.com/LupiSunshine,27,,"Ciudad Autónoma de Buenos Aires","Buenos Aires",Argentina,1448054670,"Pato Pagano",https://www.facebook.com/pato.p111,1
"Marcelo Matias","Ribeiz Huarte",marcelomatias@facebook.com,"19 de Junio",https://www.facebook.com/marcelomatias,,,"Ciudad Autónoma de Buenos Aires","Buenos Aires",Argentina,1245020785,"Vicky Diaz",,1
Sofia,Jimenez,sofia.jimenez.31105@facebook.com,"19 de Junio",https://www.facebook.com/sofia.jimenez.31105,22,,"Ciudad Autónoma de Buenos Aires","Buenos Aires",Argentina,100007155935627,"Flor Scalise",https://www.facebook.com/flor.scalise,1
Lucas,"Perfume En Oferta",lucas.perfumeenoferta@facebook.com,"19 de Junio",https://www.facebook.com/lucas.perfumeenoferta,,,"Ciudad Autónoma de Buenos Aires","Buenos Aires",Argentina,100001467430855,"Cecilia Martinez Etchevers",https://www.facebook.com/ceciliaetc,1
Mechi,Bassano,mechi.bassano@facebook.com,"19 de Junio",https://www.facebook.com/mechi.bassano,,,"Ciudad Autónoma de Buenos Aires","Buenos Aires",Argentina,594727664,"Juan Antonio Papagni Meca",https://www.facebook.com/juanantoniopapagnimeca,1
Karu,Btez,karu.g.btez@facebook.com,"19 de Junio",https://www.facebook.com/karu.G.Btez,,,"Ciudad Autónoma de Buenos Aires","Buenos Aires",Argentina,100000501335064,"Jobs Bar",https://www.facebook.com/jobsbar,1
Judith,Alegria,alegria15@facebook.com,"19 de Junio",https://www.facebook.com/alegria15,,,"Ciudad Autónoma de Buenos Aires","Buenos Aires",Argentina,100000944473617,"Julieta Vescio",https://www.facebook.com/JulietaVescio,1
Luis,Rizzo,rizzoluis.e@facebook.com,"19 de Junio",https://www.facebook.com/rizzoluis.e,30,,"Ciudad Autónoma de Buenos Aires","Buenos Aires",Argentina,100003205864986,"Vanesa Myrna Ojeda",,1
Santi,Drago,santinodrago@facebook.com,"19 de Junio",https://www.facebook.com/santinodrago,24,,"Ciudad Autónoma de Buenos Aires","Buenos Aires",Argentina,100002122507286,"Ignacio Busquiazo",https://www.facebook.com/ignacio.busquiazo,1
Gonzalo,Prom,smg.promotoras@facebook.com,"19 de Junio",https://www.facebook.com/SMG.Promotoras,21,,"Ciudad Autónoma de Buenos Aires","Buenos Aires",Argentina,1637880233,"Nadia Denise",,1
Maxi,Villaseca,maximiliano.villaseca@facebook.com,"20 de Junio",https://www.facebook.com/maximiliano.villaseca,21,,"Ciudad Autónoma de Buenos Aires","Buenos Aires",Argentina,1191499545,"Joaquin Casoli",,1
Melisa,Velazquez,melisitvelazquez@facebook.com,"20 de Junio",https://www.facebook.com/melisitvelazquez,,,"Ciudad Autónoma de Buenos Aires","Buenos Aires",Argentina,1242187360,"Daiana Soledad Pintos",https://www.facebook.com/Sheena.is,1
Caro,Compe,caro.compe@facebook.com,"20 de Junio",https://www.facebook.com/caro.compe,,,"Ciudad Autónoma de Buenos Aires","Buenos Aires",Argentina,100002233918807,"Javier Potenza",,1
Guido,Gamboa,guigamboa@facebook.com,"20 de Junio",https://www.facebook.com/guigamboa,25,"La Boca","Ciudad Autónoma de Buenos Aires","Buenos Aires",Argentina,1221926793,"Christian Douer Chuky",https://www.facebook.com/christian.chuky,1
Museo,Anatomía,museoanatocat2@facebook.com,"20 de Junio",https://www.facebook.com/museoanatocat2,,,"Ciudad Autónoma de Buenos Aires","Buenos Aires",Argentina,100001991864661,"Yanina Toto",https://www.facebook.com/yanina.toto,1
"Coro Para Tu",Casamiento,coroparatu.casamiento@facebook.com,"20 de Junio",https://www.facebook.com/coroparatu.casamiento,,,"Ciudad Autónoma de Buenos Aires","Buenos Aires",Argentina,100001998981432,"Juan Manuel Fotografo",https://www.facebook.com/JuanmaJMFotoEstudio,1
Pablo,Brako,pablo.brako@facebook.com,"20 de Junio",https://www.facebook.com/pablo.brako,,,"Ciudad Autónoma de Buenos Aires","Buenos Aires",Argentina,100001780823625,"Noelia G. Coviella",,1
Irene,Molnar,irene.molnar@facebook.com,"20 de Junio",https://www.facebook.com/irene.molnar,28,,"Ciudad Autónoma de Buenos Aires","Buenos Aires",Argentina,599364486,"Natascha Stern",https://www.facebook.com/natascha.stern,1
Facundo,Carballo,facundo.carballo.73@facebook.com,"20 de Junio",https://www.facebook.com/facundo.carballo.73,21,"Villa Del Parque","Ciudad Autónoma de Buenos Aires","Distrito Federal",Argentina,1127711709,"Brian Cano",,1
Pablo,Gasloli,pablogasloli@facebook.com,"20 de Junio",https://www.facebook.com/PabloGasloli,,,"Ciudad Autónoma de Buenos Aires","Buenos Aires",Argentina,100000968034603,"Flor Scalise",https://www.facebook.com/flor.scalise,1
Ifind,Allmy,pepito.sibrian@facebook.com,"20 de Junio",https://www.facebook.com/pepito.sibrian,27,,"Ciudad Autónoma de Buenos Aires","Buenos Aires",Argentina,100000567616155,"Martín Álvarez BA I",https://www.facebook.com/Woody.Blair,1
Pablo,Cialceta,pablo.cialceta.5@facebook.com,"20 de Junio",https://www.facebook.com/pablo.cialceta.5,30,,"Ciudad Autónoma de Buenos Aires","Buenos Aires",Argentina,100000412197465,"Cana Cilley",https://www.facebook.com/cana.cilley,1
Martin,Anchorena,martin.anchorena.5623@facebook.com,"20 de Junio",https://www.facebook.com/martin.anchorena.5623,28,,"Ciudad Autónoma de Buenos Aires","Buenos Aires",Argentina,100001020119230,"Juanma Ramirez",,1
Mia,Barrios,mia.barrios.52@facebook.com,"20 de Junio",https://www.facebook.com/mia.barrios.52,,,"Ciudad Autónoma de Buenos Aires","Buenos Aires",Argentina,100003647662406,"Vicky Diaz",,1
Patricio,Martínez,patricio.martinez.357@facebook.com,"20 de Junio",https://www.facebook.com/patricio.martinez.357,21,,"Ciudad Autónoma de Buenos Aires","Buenos Aires",Argentina,1063436971,"Juanma Ramirez",,1
Àbììh,Gaiilh,abiih.gail@facebook.com,"20 de Junio",https://www.facebook.com/aBiih.gail,,,"Ciudad Autónoma de Buenos Aires","Buenos Aires",Argentina,100002743146003,"Pedro Lopezyfernandez",https://www.facebook.com/pedronahuel,1
Fernando,Bravo,fernando.bravo.35@facebook.com,"20 de Junio",https://www.facebook.com/fernando.bravo.35,30,,"Ciudad Autónoma de Buenos Aires","Buenos Aires",Argentina,1531444807,"Federico Tonero",https://www.facebook.com/fedeton,1
Danka,Castaño,danucce@facebook.com,"20 de Junio",https://www.facebook.com/DANUCCE,,,"Ciudad Autónoma de Buenos Aires","Buenos Aires",Argentina,100000244872419,"Tatiana Petroccelli",https://www.facebook.com/tanshanita,1
Gustavo,Gonzalez,nureinspiel@facebook.com,"20 de Junio",https://www.facebook.com/NurEinSpiel,23,,"Ciudad Autónoma de Buenos Aires","Buenos Aires",Argentina,1332370748,"Juan Antonio Papagni Meca",https://www.facebook.com/juanantoniopapagnimeca,1
Melina,Saban,melina.saban.75@facebook.com,"20 de Junio",https://www.facebook.com/melina.saban.75,30,,"Ciudad Autónoma de Buenos Aires","Buenos Aires",Argentina,100007440426867,"Pamela Altamiranda",https://www.facebook.com/pamela.altamiranda1,1
Jazmin,Ayelen,jaaz.mariposa@facebook.com,"20 de Junio",https://www.facebook.com/jaaz.mariposa,,,"Ciudad Autónoma de Buenos Aires","Buenos Aires",Argentina,100003031304711,"Clari Stagno",,1
Elsi,Sanabria,elsi.sanabria@facebook.com,"20 de Junio",https://www.facebook.com/elsi.sanabria,,,"Ciudad Autónoma de Buenos Aires","Buenos Aires",Argentina,100002469587571,"Tuty Martinez",,1
Lucas,Passalent,lucas.passalent@facebook.com,"20 de Junio",https://www.facebook.com/lucas.passalent,,,"Ciudad Autónoma de Buenos Aires","Buenos Aires",Argentina,1340924261,"Tatiana Petroccelli",https://www.facebook.com/tanshanita,1
Samanta,Apple,samanta.apple@facebook.com,"20 de Junio",https://www.facebook.com/samanta.apple,26,,"Ciudad Autónoma de Buenos Aires","Buenos Aires",Argentina,100001175132046,"Fede Martino",,1
Javier,Falcón,javifalconf@facebook.com,"20 de Junio",https://www.facebook.com/javifalconf,,,"Ciudad Autónoma de Buenos Aires","Buenos Aires",Argentina,1133408736,"Cynthia Tatiana Martinez Neves",https://www.facebook.com/cynthiatatiana.martinezne,1
"Guarda Que","Vengo Showroom",showroomguardaquevengo@facebook.com,"20 de Junio",https://www.facebook.com/showroomguardaquevengo,,Boedo,"Ciudad Autónoma de Buenos Aires","Distrito Federal",Argentina,743988707,"Estefania Rodriguez",,1
Alparecer,AntoOnella,alparecer.antoonella@facebook.com,"20 de Junio",https://www.facebook.com/alparecer.antoonella,,"Buenos Aires","Buenos Aires","Buenos Aires",Argentina,100001771404582,"Fett Maidana",0,1
Jony,Oh,jony.blackman@facebook.com,"20 de Junio",https://www.facebook.com/jony.blackman,28,"Buenos Aires","Buenos Aires","Buenos Aires",Argentina,630693237,"Alan Yun",0,1
Milii,Clemente,mili.clementt@facebook.com,"20 de Junio",https://www.facebook.com/mili.clementt,21,,"Ciudad Autónoma de Buenos Aires","Buenos Aires",Argentina,100006309762398,"Agustin Sujo",https://www.facebook.com/agustin.sujook,1
Fran,"García Maañón",francisco.garciamaanon@facebook.com,"20 de Junio",https://www.facebook.com/francisco.garciamaanon,26,,"Ciudad Autónoma de Buenos Aires","Buenos Aires",Argentina,623077143,"Melo Dellarole",https://www.facebook.com/melodellarole,1
Courtney,Unruh,courtney.e.unruh@facebook.com,"20 de Junio",https://www.facebook.com/courtney.e.unruh,21,,"Ciudad Autónoma de Buenos Aires","Buenos Aires",Argentina,1059768781,"Lucas Malaret",https://www.facebook.com/lmalaret,1
Martin,"Moreira Orellana Cv",martin.moreiraorellana@facebook.com,"20 de Junio",https://www.facebook.com/martin.moreiraorellana,,,"Ciudad Autónoma de Buenos Aires","Buenos Aires",Argentina,100001140544825,"Marcela Hinckelmann",https://www.facebook.com/marcela.hinckelmann,1
Cami,"Anriquez Ayam",camiayam@facebook.com,"20 de Junio",https://www.facebook.com/camiayam,,,"Ciudad Autónoma de Buenos Aires","Buenos Aires",Argentina,1178245669,"Fiestas Baires",,1
Mariana,Balbuena,mariana.balbuena.7@facebook.com,"20 de Junio",https://www.facebook.com/mariana.balbuena.7,25,,"Ciudad Autónoma de Buenos Aires","Buenos Aires",Argentina,693521850,"Pablo Dandrea",https://www.facebook.com/pablo.dandrea,1
Cele,Castillo,cele.castillo1@facebook.com,"20 de Junio",https://www.facebook.com/cele.castillo1,,,"Ciudad Autónoma de Buenos Aires","Buenos Aires",Argentina,100002113702444,"Anna Laura",https://www.facebook.com/Anna.Laucha,1
Romina,Savastano,romina.savastano@facebook.com,"21 de Junio",https://www.facebook.com/romina.savastano,,,"Ciudad Autónoma de Buenos Aires","Buenos Aires",Argentina,731735591,"Dorian Mori",https://www.facebook.com/Dorian.Mori,1
Tamara,Sykes,tamaramarianasykes@facebook.com,"21 de Junio",https://www.facebook.com/TamaramarianaSykes,24,,"Ciudad Autónoma de Buenos Aires","Buenos Aires",Argentina,1577357173,"Nahu Millicay Pereyra",https://www.facebook.com/nahumilli,1
Griselda,Sanchez,griseldasanchezdedicado@facebook.com,"21 de Junio",https://www.facebook.com/griseldasanchezdedicado,23,,"Ciudad Autónoma de Buenos Aires","Buenos Aires",Argentina,759633443,"Jonathan Julian",,1
Brida,Bridaadrogue,brida.bridaadrogue@facebook.com,"21 de Junio",https://www.facebook.com/brida.bridaadrogue,,,"Ciudad Autónoma de Buenos Aires","Buenos Aires",Argentina,100000623550233,"Cecilia Morinigo",,1
Raúl,Manzano,raulmanz@facebook.com,"21 de Junio",https://www.facebook.com/RaulManz,27,,"Ciudad Autónoma de Buenos Aires","Buenos Aires",Argentina,1489134899,"Agustin Justin",https://www.facebook.com/Agustin.Justin,1
Maqaa,Dominguez,maqaa.bosteraa@facebook.com,"21 de Junio",https://www.facebook.com/Maqaa.Bosteraa,,,"Ciudad Autónoma de Buenos Aires","Buenos Aires",Argentina,100002329913719,"Fátima Belén Zárate",,1
Daniela,D'Agata,daniela.l.dagata@facebook.com,"21 de Junio",https://www.facebook.com/daniela.l.dagata,21,,"Ciudad Autónoma de Buenos Aires","Buenos Aires",Argentina,1255543378,"David Zalasar",https://www.facebook.com/Davidcocktails,1
Isis,"Coalova de Rough",isis.coalova@facebook.com,"21 de Junio",https://www.facebook.com/isis.coalova,,,"Ciudad Autónoma de Buenos Aires","Buenos Aires",Argentina,714311690,"Agus Leoni",https://www.facebook.com/agustina.leoni,1
Juana,Gonçalves,juanita.goncalves@facebook.com,"21 de Junio",https://www.facebook.com/juanita.goncalves,,,"Ciudad Autónoma de Buenos Aires","Buenos Aires",Argentina,1176870281,"Nano Vaquer",,1
Melissa,Escobar,melissa.n.escobar@facebook.com,"21 de Junio",https://www.facebook.com/melissa.n.escobar,22,,"Ciudad Autónoma de Buenos Aires","Buenos Aires",Argentina,100002674137536,"Miranda Toderi",https://www.facebook.com/miranda.toderi,1
Celeste,Godoy,celeste.m.godoy@facebook.com,"21 de Junio",https://www.facebook.com/celeste.m.godoy,,,"Ciudad Autónoma de Buenos Aires","Buenos Aires",Argentina,1211826072,"Nicolas Supital",https://www.facebook.com/nicosupi,1
Camila,Gonzalez,camilaashelen.gonzalez@facebook.com,"21 de Junio",https://www.facebook.com/camilaashelen.gonzalez,,,"Ciudad Autónoma de Buenos Aires","Buenos Aires",Argentina,100000483640497,"Nahu Millicay Pereyra",https://www.facebook.com/nahumilli,1
Francoise,Karina,ary.kary.54@facebook.com,"21 de Junio",https://www.facebook.com/ary.kary.54,,,"Ciudad Autónoma de Buenos Aires","Buenos Aires",Argentina,100005245231332,"Miqui Berriòs",https://www.facebook.com/miqui.berrios,1
Banda,"Los Cafres",banda.loscafres@facebook.com,"21 de Junio",https://www.facebook.com/banda.loscafres,,,"Ciudad Autónoma de Buenos Aires","Buenos Aires",Argentina,100001010927931,"Maria DEL Mar",,1
Martu,Churruarin,martu.churruarin@facebook.com,"21 de Junio",https://www.facebook.com/martu.churruarin,24,,"Ciudad Autónoma de Buenos Aires","Buenos Aires",Argentina,100000076008373,"Stefi Chiarullo",https://www.facebook.com/stefi.chiarullo,1
Alejandra,Luján,alejandra.lujan.7737@facebook.com,"21 de Junio",https://www.facebook.com/alejandra.lujan.7737,28,,"Ciudad Autónoma de Buenos Aires","Buenos Aires",Argentina,100001178959540,"Silvia Fernandez",https://www.facebook.com/silviafernandezchivi,1
Yan,Yaniita,j.macana27@facebook.com,"21 de Junio",https://www.facebook.com/j.macana27,,,"Ciudad Autónoma de Buenos Aires","Buenos Aires",Argentina,700830944,"Flor Scalise",https://www.facebook.com/flor.scalise,1
Chiquititas,Corazon,chiquititas@facebook.com,"21 de Junio",https://www.facebook.com/chiquititas,24,,"Ciudad Autónoma de Buenos Aires","Buenos Aires",Argentina,1538838765,"Mili Mauro",https://www.facebook.com/milimauro,1
Mariana,Bertolini,mariana.bertolini@facebook.com,"21 de Junio",https://www.facebook.com/mariana.bertolini,24,,"Ciudad Autónoma de Buenos Aires","Buenos Aires",Argentina,1213084459,"Micaa Villa",https://www.facebook.com/MicaaElaVilla,1
Mari,Balcarce,marianela.balcarce.9@facebook.com,"21 de Junio",https://www.facebook.com/marianela.balcarce.9,26,,"Ciudad Autónoma de Buenos Aires","Buenos Aires",Argentina,100007413188344,"Julian Pagana",,1
"La Corriente",Uba,lacorriente.uba@facebook.com,"21 de Junio",https://www.facebook.com/lacorriente.uba,,,"Ciudad Autónoma de Buenos Aires","Buenos Aires",Argentina,100002330110041,"Camy Falcón",https://www.facebook.com/Cammy.Falcon,1
Ivaan,Ezequiel,delanumero1@facebook.com,"21 de Junio",https://www.facebook.com/delanumero1,,"La Paternal","Ciudad Autónoma de Buenos Aires","Distrito Federal",Argentina,100001632271037,"Brian Cano",,1
Dar,Martinez,martinezda@facebook.com,"21 de Junio",https://www.facebook.com/martinezda,22,,"Ciudad Autónoma de Buenos Aires","Buenos Aires",Argentina,100000172118671,"Alejandro G Sierra",https://www.facebook.com/alejandrogsierra,1
Noelia,Irameche,noelia.irameche@facebook.com,"21 de Junio",https://www.facebook.com/noelia.irameche,23,"La Boca","Ciudad Autónoma de Buenos Aires","Distrito Federal",Argentina,1069284145,"Ale Arias Mandarine Park",,1
Natanael,Elias,nata.romarate@facebook.com,"21 de Junio",https://www.facebook.com/nata.romarate,24,,"Ciudad Autónoma de Buenos Aires","Buenos Aires",Argentina,100002767779497,"Gabi López",,1
"Sol Cyto",Sabeloo,unatalsolsiito@facebook.com,"21 de Junio",https://www.facebook.com/Unatalsolsiito,,,"Ciudad Autónoma de Buenos Aires","Buenos Aires",Argentina,100001517663581,"Pedro Lopezyfernandez",https://www.facebook.com/pedronahuel,1
"La Rubita",Sosa,larubita.sosa@facebook.com,"21 de Junio",https://www.facebook.com/larubita.sosa,25,"Puerto Madero","Ciudad Autónoma de Buenos Aires","Buenos Aires",Argentina,100004599960211,"Julio Roberto Cuevas",https://www.facebook.com/julioroberto.cuevas,1
Leo,Acosta,leo.acosta.21@facebook.com,"21 de Junio",https://www.facebook.com/leo.acosta.21,,,"Ciudad Autónoma de Buenos Aires","Buenos Aires",Argentina,100000821013210,"Walter Gonzalez",,1
Anduu,Ferreyra,anduita.ferreyra@facebook.com,"21 de Junio",https://www.facebook.com/anduita.ferreyra,,,"Ciudad Autónoma de Buenos Aires","Buenos Aires",Argentina,1791554470,"Brenda Fabregat",https://www.facebook.com/brenda.fabregat,1
Gafas,Spy,vip347clothes@facebook.com,"21 de Junio",https://www.facebook.com/vip347clothes,27,,"Ciudad Autónoma de Buenos Aires","Buenos Aires",Argentina,100006682480402,"Jonathan Julian",,1
"Para Queme",Quieras,paraqueme.quieras.1@facebook.com,"21 de Junio",https://www.facebook.com/paraqueme.quieras.1,,,"Ciudad Autónoma de Buenos Aires","Buenos Aires",Argentina,100002774074609,"Belu Alvarez",,1
Natalia,Medrano,natalia.medrano.104@facebook.com,"21 de Junio",https://www.facebook.com/natalia.medrano.104,29,,"Ciudad Autónoma de Buenos Aires","Buenos Aires",Argentina,1292938388,"Gisele Fratini",https://www.facebook.com/giakdmik,1
Leo,Ayala,leo2win@facebook.com,"21 de Junio",https://www.facebook.com/leo2win,26,,"Ciudad Autónoma de Buenos Aires","Buenos Aires",Argentina,1119004648,"Ale Arias Mandarine Park",,1
Andu,Ferreyra,andu.ferreyra@facebook.com,"21 de Junio",https://www.facebook.com/andu.ferreyra,,,"Ciudad Autónoma de Buenos Aires","Buenos Aires",Argentina,100000017719342,"Brenda Fabregat",https://www.facebook.com/brenda.fabregat,1
Marina,Castro,marina.castro.37669@facebook.com,"21 de Junio",https://www.facebook.com/marina.castro.37669,26,,"Ciudad Autónoma de Buenos Aires","Buenos Aires",Argentina,100001407042031,"Ezequiel Sebastian Berardi",https://www.facebook.com/EzErAsTa,1
Cristian,Otero,cristian.otero.526@facebook.com,"21 de Junio",https://www.facebook.com/cristian.otero.526,,,"Ciudad Autónoma de Buenos Aires","Buenos Aires",Argentina,1262087742,"Sebastian Daniel Riccardi",https://www.facebook.com/sebastian.riccardi,1
Carli,He,carlita.he@facebook.com,"21 de Junio",https://www.facebook.com/carlita.he,,,"Ciudad Autónoma de Buenos Aires","Buenos Aires",Argentina,100000968830864,"Cami Weng",,1
Franco,Pachetti,franco.a.pachetti@facebook.com,"21 de Junio",https://www.facebook.com/franco.a.pachetti,25,,"Ciudad Autónoma de Buenos Aires","Buenos Aires",Argentina,1366118510,"Alan Volper",https://www.facebook.com/alan.volper,1
Memo,Vilte,memo.vilte@facebook.com,"21 de Junio",https://www.facebook.com/memo.vilte,,,"Ciudad Autónoma de Buenos Aires","Buenos Aires",Argentina,1019930438,"Pamela Garrote",https://www.facebook.com/pamela.garrote,1
Sebastian,Mellino,sebastian.mellino@facebook.com,"21 de Junio",https://www.facebook.com/sebastian.mellino,,,"Ciudad Autónoma de Buenos Aires","Buenos Aires",Argentina,1386893452,"Alejandro Amitrano",,1
Patricio,Trujillo,patricio.trujillo.5@facebook.com,"21 de Junio",https://www.facebook.com/patricio.trujillo.5,,,"Ciudad Autónoma de Buenos Aires","Buenos Aires",Argentina,1107760084,"Facundo Bulacio",https://www.facebook.com/facundo.bulacio,1
Luana,Villanueva,luu.lunaa1@facebook.com,"22 de Junio",https://www.facebook.com/luu.lunaa1,,Barracas,"Ciudad Autónoma de Buenos Aires","Buenos Aires",Argentina,100000231744070,"Belu Piacentino",https://www.facebook.com/belenpiacentino,1
Sumatra,Shows,sumatrashows@facebook.com,"22 de Junio",https://www.facebook.com/sumatrashows,,,"Ciudad Autónoma de Buenos Aires","Buenos Aires",Argentina,100006759733908,"Charly Ruez",https://www.facebook.com/charly.ruez,1
Xiao,Xiao,xiao.xiao.77377@facebook.com,"22 de Junio",https://www.facebook.com/xiao.xiao.77377,,"Buenos Aires","Buenos Aires","Buenos Aires",Argentina,100005574219580,"Alan Yun",0,1
Lola,Calzados,lola.calzados.351@facebook.com,"22 de Junio",https://www.facebook.com/lola.calzados.351,26,,"Ciudad Autónoma de Buenos Aires","Buenos Aires",Argentina,100006685860931,"Marisa Laura Negri",https://www.facebook.com/mlnegri,1
"La Telaraña","de Charlotte",latelarana.decharlotte.3@facebook.com,"22 de Junio",https://www.facebook.com/latelarana.decharlotte.3,,,"Ciudad Autónoma de Buenos Aires","Buenos Aires",Argentina,100001628483209,"Sofia Cantero",,1
Mirian,Pereira,angie.pereira1@facebook.com,"22 de Junio",https://www.facebook.com/angie.pereira1,,,"Ciudad Autónoma de Buenos Aires","Buenos Aires",Argentina,1483819343,"Jose Guevara",https://www.facebook.com/JoeGuevara81,1
Guillem,Vega,pali.malo@facebook.com,"22 de Junio",https://www.facebook.com/pali.malo,,,"Ciudad Autónoma de Buenos Aires","Buenos Aires",Argentina,673542725,"Carlos Wilson",,1
Cumelén,Sanz,cumesanz@facebook.com,"22 de Junio",https://www.facebook.com/cumesanz,,,"Ciudad Autónoma de Buenos Aires","Buenos Aires",Argentina,693945563,"Yanina Battiato",,1
Carolina,Pittari,carolina.pittarii@facebook.com,"22 de Junio",https://www.facebook.com/carolina.pittarii,23,,"Ciudad Autónoma de Buenos Aires","Buenos Aires",Argentina,795592969,"Mauricio Gregori",,1
Gonza,Hernandez,gonza.hernandez.12@facebook.com,"22 de Junio",https://www.facebook.com/gonza.hernandez.12,23,,"Ciudad Autónoma de Buenos Aires","Buenos Aires",Argentina,737839364,"Agustina Del Rosario Anzisi",https://www.facebook.com/AgustinadelRosario,1
Rosebar,Jueves,rosebar.jueves.52@facebook.com,"22 de Junio",https://www.facebook.com/rosebar.jueves.52,23,,"Ciudad Autónoma de Buenos Aires","Buenos Aires",Argentina,100004093574927,"Malen Hendler",https://www.facebook.com/malen.hendler,1
Jesii,Serra,jesii.serra@facebook.com,"22 de Junio",https://www.facebook.com/jesii.serra,26,"Buenos Aires","Buenos Aires","Buenos Aires",Argentina,100000675301042,"David Ricardo Irusta",0,1
Alan,Bechet,alan.bechet.7@facebook.com,"22 de Junio",https://www.facebook.com/alan.bechet.7,,,"Ciudad Autónoma de Buenos Aires","Buenos Aires",Argentina,100001177261829,"Silvia Fernandez",https://www.facebook.com/silviafernandezchivi,1
"Lo Hacemos Bien",Bartenders,lohacemosbienbartenders@facebook.com,"22 de Junio",https://www.facebook.com/lohacemosbienbartenders,,,"Ciudad Autónoma de Buenos Aires","Buenos Aires",Argentina,100000195713047,"Lupe Dávalos",https://www.facebook.com/guadinight,1
Poich,Portela,poich.portela@facebook.com,"22 de Junio",https://www.facebook.com/poich.portela,30,,"Ciudad Autónoma de Buenos Aires","Buenos Aires",Argentina,844905252,"Aldana Queirolo",https://www.facebook.com/aldana.queirolo,1
Tomas,Gobet,tomas.gobet@facebook.com,"22 de Junio",https://www.facebook.com/tomas.gobet,,,"Ciudad Autónoma de Buenos Aires","Buenos Aires",Argentina,1123131130,"Maria Lucila Quarleri",https://www.facebook.com/maria.quarleri,1
Didácticos,AndCo,didacticos.andco@facebook.com,"22 de Junio",https://www.facebook.com/didacticos.andco,29,,"Ciudad Autónoma de Buenos Aires","Buenos Aires",Argentina,100004463412069,"Jimena Zaccardi",https://www.facebook.com/Jimediab,1
La,Callejon,la.callejon@facebook.com,"22 de Junio",https://www.facebook.com/la.callejon,,"Buenos Aires","Buenos Aires","Buenos Aires",Argentina,1272098896,"Juan Pablo Aleman",0,1
Diego,Forconi,diegito.forconi@facebook.com,"22 de Junio",https://www.facebook.com/diegito.forconi,,,"Ciudad Autónoma de Buenos Aires","Buenos Aires",Argentina,1828933887,"Flor Encino",https://www.facebook.com/flopy.encino,1
Tiago,Andrade,tiago.andrade.121@facebook.com,"22 de Junio",https://www.facebook.com/tiago.andrade.121,,,"Ciudad Autónoma de Buenos Aires","Buenos Aires",Argentina,100000265836368,"Cami Weng",,1
Luuni,Salgado,luuni.salgado@facebook.com,"22 de Junio",https://www.facebook.com/luuni.salgado,,,"Ciudad Autónoma de Buenos Aires","Buenos Aires",Argentina,100000273372496,"Cami Weng",,1
Artei,"Teatro Independiente",arteiteatros@facebook.com,"22 de Junio",https://www.facebook.com/arteiteatros,21,,"Ciudad Autónoma de Buenos Aires","Buenos Aires",Argentina,100001483136689,"Gabriela Rosito",https://www.facebook.com/gabriela.rosito,1
Roman,Utge,romanimpro@facebook.com,"22 de Junio",https://www.facebook.com/ROMANIMPRO,27,Barracas,"Ciudad Autónoma de Buenos Aires","Buenos Aires",Argentina,674766635,"Gabriela Rosito",https://www.facebook.com/gabriela.rosito,1
Maira,Mendez,maira.mendez.129@facebook.com,"22 de Junio",https://www.facebook.com/maira.mendez.129,,,"Ciudad Autónoma de Buenos Aires","Buenos Aires",Argentina,740691623,"Charly Ruez",https://www.facebook.com/charly.ruez,1
Escuela,Dance,escuela.dance@facebook.com,"22 de Junio",https://www.facebook.com/escuela.dance,30,,"Ciudad Autónoma de Buenos Aires","Buenos Aires",Argentina,1478258257,"Aniita Canta",https://www.facebook.com/Aniita.Canta,1
Amelia,Mariezcurrena,amelia.mariezcurrena@facebook.com,"22 de Junio",https://www.facebook.com/amelia.mariezcurrena,27,,"Ciudad Autónoma de Buenos Aires","Buenos Aires",Argentina,100000735701549,"Emanuel Gaston Perdigues",https://www.facebook.com/emaxpx,1
"Paola Fernanda",Cano,paolafernanda.cano@facebook.com,"22 de Junio",https://www.facebook.com/paolafernanda.cano,,,"Ciudad Autónoma de Buenos Aires","Buenos Aires",Argentina,1510771377,"La Rockeria",https://www.facebook.com/oveja1,1
Ají,Diseño,ajidiseno@facebook.com,"22 de Junio",https://www.facebook.com/ajidiseno,,,"Ciudad Autónoma de Buenos Aires","Buenos Aires",Argentina,100000256432413,"Susan Romano",,1
Candela,Manoni,can.dee.75@facebook.com,"22 de Junio",https://www.facebook.com/can.dee.75,,,"Ciudad Autónoma de Buenos Aires","Buenos Aires",Argentina,100003007084542,"Nicolás García",https://www.facebook.com/Niccccccccco,1
Vale,Lopez,valeeeria@facebook.com,"22 de Junio",https://www.facebook.com/valeeeria,,,"Ciudad Autónoma de Buenos Aires","Buenos Aires",Argentina,1129638045,"Jose Guevara",https://www.facebook.com/JoeGuevara81,1
Camila,Inetti,morochacandombera@facebook.com,"22 de Junio",https://www.facebook.com/morochacandombera,22,,"Ciudad Autónoma de Buenos Aires","Buenos Aires",Argentina,707781864,"Nicolas Brea",https://www.facebook.com/Nicolas.Brea,1
Fadi,Ismaiel,fadi.ismaiel.9@facebook.com,"22 de Junio",https://www.facebook.com/fadi.ismaiel.9,21,,"Ciudad Autónoma de Buenos Aires","Buenos Aires",Argentina,1527337358,"David Zalasar",https://www.facebook.com/Davidcocktails,1
Sofia,Kristal,sisi.kristal@facebook.com,"22 de Junio",https://www.facebook.com/sisi.kristal,,,"Ciudad Autónoma de Buenos Aires","Buenos Aires",Argentina,1454341340,"Facu Denegri",,1
Maxi,Maidana,maxiimaidana@facebook.com,"22 de Junio",https://www.facebook.com/maxiimaidana,,,"Ciudad Autónoma de Buenos Aires","Buenos Aires",Argentina,1204466085,"Ignacio Lines Ceruti",https://www.facebook.com/ignacio.lines,1
"Alan La Rubia",Kuczala,alanlarubia.kuczala@facebook.com,"22 de Junio",https://www.facebook.com/alanlarubia.kuczala,24,,"Ciudad Autónoma de Buenos Aires","Buenos Aires",Argentina,100001075684861,"Miranda Toderi",https://www.facebook.com/miranda.toderi,1
"Pablo Ezequiel",Medina,eltiti.paternal@facebook.com,"22 de Junio",https://www.facebook.com/ElTiti.Paternal,23,"La Paternal","Ciudad Autónoma de Buenos Aires","Buenos Aires",Argentina,1048177711,"Majo López Tavani",https://www.facebook.com/lasplumas,1
Kuantica,"Diseño Independiente",kuantica.disenoindependiente@facebook.com,"22 de Junio",https://www.facebook.com/kuantica.disenoindependiente,23,,"Ciudad Autónoma de Buenos Aires","Buenos Aires",Argentina,1049614228,"Majo López Tavani",https://www.facebook.com/lasplumas,1
Syren,Bellydance,syrena.odalisca@facebook.com,"22 de Junio",https://www.facebook.com/syrena.odalisca,30,,"Ciudad Autónoma de Buenos Aires","Buenos Aires",Argentina,100003983104588,"Maria DEL Mar",,1
Daiana,Avila,daiana.avila.581@facebook.com,"22 de Junio",https://www.facebook.com/daiana.avila.581,22,Retiro,"Ciudad Autónoma de Buenos Aires","Buenos Aires",Argentina,100003109773448,"Celeste Cabral",,1
Romi,Savo,romi.savo@facebook.com,"22 de Junio",https://www.facebook.com/romi.savo,,,"Ciudad Autónoma de Buenos Aires","Buenos Aires",Argentina,100001338380861,"Diego Binayan",https://www.facebook.com/diego.binayan,1
Clara,Salvat,clara.salvat.5@facebook.com,"22 de Junio",https://www.facebook.com/clara.salvat.5,21,,"Ciudad Autónoma de Buenos Aires","Buenos Aires",Argentina,100008135684455,"Facu Denegri",,1
Belu,Baladron,belu.baladron@facebook.com,"22 de Junio",https://www.facebook.com/belu.baladron,24,,"Ciudad Autónoma de Buenos Aires","Buenos Aires",Argentina,100001062774865,"Emiliano Pirolo",https://www.facebook.com/emi.pirolo,1
Caá,Mii,camilacataybri@facebook.com,"22 de Junio",https://www.facebook.com/CamilaCatayBri,23,,"Ciudad Autónoma de Buenos Aires","Buenos Aires",Argentina,1188070712,"Rodrii Martinez",,1
Vanina,Gonzalez,vanilu.gonzalez@facebook.com,"22 de Junio",https://www.facebook.com/vanilu.gonzalez,,,"Ciudad Autónoma de Buenos Aires","Buenos Aires",Argentina,1542413124,"La Rockeria",https://www.facebook.com/oveja1,1
Ferbo,Zancai,fernando.zancai.5@facebook.com,"23 de Junio",https://www.facebook.com/fernando.zancai.5,,,"Ciudad Autónoma de Buenos Aires","Buenos Aires",Argentina,100004856675933,"Daniel Barach",,1
Roberto,Alvarez,roberto.alvarez.779@facebook.com,"23 de Junio",https://www.facebook.com/roberto.alvarez.779,,,"Ciudad Autónoma de Buenos Aires","Buenos Aires",Argentina,100001360231085,"Vanesa Macias",https://www.facebook.com/vanesa.macias1,1
Floppy,Ramirez,floppyramirez@facebook.com,"23 de Junio",https://www.facebook.com/floppyramirez,27,,"Ciudad Autónoma de Buenos Aires","Buenos Aires",Argentina,1264422962,"Veronica Escobar",,1
Fabio,Bianchi,fabio.bianchi.9210@facebook.com,"23 de Junio",https://www.facebook.com/fabio.bianchi.9210,,,"Ciudad Autónoma de Buenos Aires","Buenos Aires",Argentina,100001523496336,"Silvia Fernandez",https://www.facebook.com/silviafernandezchivi,1
Sofia,Sagulo,sofiaayelenn@facebook.com,"23 de Junio",https://www.facebook.com/SofiaAyelenn,,,"Ciudad Autónoma de Buenos Aires","Buenos Aires",Argentina,100000753812909,"Ale Arias Mandarine Park",,1
Bárbara,Ovejero,barbara.ovejero@facebook.com,"23 de Junio",https://www.facebook.com/barbara.ovejero,,"Villa Ortúzar","Ciudad Autónoma de Buenos Aires","Buenos Aires",Argentina,100003597651771,"Jobs Bar",https://www.facebook.com/jobsbar,1
Maca,Maran,maca.mgrand@facebook.com,"23 de Junio",https://www.facebook.com/maca.mgrand,27,,"Ciudad Autónoma de Buenos Aires","Buenos Aires",Argentina,550670459,"Lucas Malaret",https://www.facebook.com/lmalaret,1
Sol,Gómez,puuchiigomez@facebook.com,"23 de Junio",https://www.facebook.com/PuuchiiGomez,,,"Ciudad Autónoma de Buenos Aires","Buenos Aires",Argentina,100001581223979,"Cami Weng",,1
Alejandro,Goñi,alejandrocarapellagoni@facebook.com,"23 de Junio",https://www.facebook.com/alejandrocarapellagoni,,,"Ciudad Autónoma de Buenos Aires","Buenos Aires",Argentina,681878630,"Flor Vischi Cortés",https://www.facebook.com/flor.vischi,1
"García Piñeiro",Propiedades,garciapineiro.propiedades@facebook.com,"23 de Junio",https://www.facebook.com/garciapineiro.propiedades,,,"Ciudad Autónoma de Buenos Aires","Buenos Aires",Argentina,100001845548443,"Betsabé Baxter",https://www.facebook.com/betsabe.baxter,1
Cami,Palacio,camiluchipalacio@facebook.com,"23 de Junio",https://www.facebook.com/camiluchipalacio,,,"Ciudad Autónoma de Buenos Aires","Buenos Aires",Argentina,1552578769,"Manuel Saenz",,1
Walter,Ariel,walter.ariel.1612@facebook.com,"23 de Junio",https://www.facebook.com/walter.ariel.1612,27,,"Ciudad Autónoma de Buenos Aires","Buenos Aires",Argentina,100007265614115,"Pepo Na",,1
Mica,Bordoli,mica.bordoli@facebook.com,"23 de Junio",https://www.facebook.com/mica.bordoli,,,"Ciudad Autónoma de Buenos Aires","Buenos Aires",Argentina,1418884456,"Aylu Macchi",,1
Pamela,Godoy,pamela.godoy.58118@facebook.com,"23 de Junio",https://www.facebook.com/pamela.godoy.58118,27,,"Ciudad Autónoma de Buenos Aires","Buenos Aires",Argentina,100004551613279,"Fiestas Baires",,1
Pili,Desmery,pili.desmery@facebook.com,"23 de Junio",https://www.facebook.com/pili.desmery,,,"Ciudad Autónoma de Buenos Aires","Buenos Aires",Argentina,1262404784,"Lucía Lopez Aleman",https://www.facebook.com/marialucialopezaleman,1
Nicoo,Chiarini,nicolas.chiarini.3@facebook.com,"23 de Junio",https://www.facebook.com/nicolas.chiarini.3,26,"La Boca","Ciudad Autónoma de Buenos Aires","Buenos Aires",Argentina,100000474694075,"Jenny Barco",https://www.facebook.com/jenny.barco,1
Danii,Rosales,tu.chico.dulzze@facebook.com,"23 de Junio",https://www.facebook.com/tu.chico.dulzze,23,,"Ciudad Autónoma de Buenos Aires","Buenos Aires",Argentina,652298162,"Brenda Araceli Gonzalez",https://www.facebook.com/brendaaraceli.gonzalez,1
Daniela,Paez,daniela.paez.319@facebook.com,"23 de Junio",https://www.facebook.com/daniela.paez.319,,,"Ciudad Autónoma de Buenos Aires","Buenos Aires",Argentina,1295491171,"Fiestas Baires",,1
Romina,"La Rosa",romina.larosa.94@facebook.com,"23 de Junio",https://www.facebook.com/romina.larosa.94,,"Buenos Aires","Buenos Aires","Buenos Aires",Argentina,1373672327,"Alan Yun",0,1
"Matias Nahuel",Rio,matiasnahuel.rio@facebook.com,"23 de Junio",https://www.facebook.com/matiasnahuel.rio,24,,"Ciudad Autónoma de Buenos Aires","Buenos Aires",Argentina,100000132831618,"Agos D'Urbano",https://www.facebook.com/agostinnad,1
Martin,Funes,martin.funes@facebook.com,"23 de Junio",https://www.facebook.com/martin.funes,30,,"Ciudad Autónoma de Buenos Aires","Buenos Aires",Argentina,501434954,"Lara Saez",,1
Luly,Nacif,lulynacifterrero@facebook.com,"23 de Junio",https://www.facebook.com/lulynacifterrero,,,"Ciudad Autónoma de Buenos Aires","Buenos Aires",Argentina,100000115315115,"Luli Torres",,1
Mar,Na,martina.alberti.1291@facebook.com,"23 de Junio",https://www.facebook.com/martina.alberti.1291,21,"Buenos Aires","Buenos Aires","Buenos Aires",Argentina,100006097201570,"Peter GC",0,1
"Paul Diggy",Kim,pauldiggy.kim@facebook.com,"23 de Junio",https://www.facebook.com/pauldiggy.kim,,"Buenos Aires","Buenos Aires","Buenos Aires",Argentina,604311956,"Alan Yun",0,1
Victoria,Schwab,victoria.schwab.10@facebook.com,"23 de Junio",https://www.facebook.com/victoria.schwab.10,23,"Buenos Aires","Buenos Aires","Buenos Aires",Argentina,1183903435,"Sol Vallejo",0,1
"Gabriela Alfonsina",Sosa,gabrielaalfonsina@facebook.com,"23 de Junio",https://www.facebook.com/gabrielaalfonsina,,,"Ciudad Autónoma de Buenos Aires","Buenos Aires",Argentina,1551911163,"Maria Paula Toyos",,1
Gabriela,Cordoba,gabriela.cordoba.393@facebook.com,"23 de Junio",https://www.facebook.com/gabriela.cordoba.393,,,"Ciudad Autónoma de Buenos Aires","Buenos Aires",Argentina,100002084266237,"Tatiana Petroccelli",https://www.facebook.com/tanshanita,1
Arte,"Fernet Branca",arte.fernetbranca@facebook.com,"23 de Junio",https://www.facebook.com/arte.fernetbranca,,,"Ciudad Autónoma de Buenos Aires","Buenos Aires",Argentina,100002280091381,"Lupe Dávalos",https://www.facebook.com/guadinight,1
"Tienda De Ideas",Diseño,tiendadeideas.diseno@facebook.com,"23 de Junio",https://www.facebook.com/tiendadeideas.diseno,27,,"Ciudad Autónoma de Buenos Aires","Buenos Aires",Argentina,100001674148462,"Gisela Tesei",,1
Geronimo,Agustin,geriitooo@facebook.com,"23 de Junio",https://www.facebook.com/Geriitooo,,"Parque Patricios","Ciudad Autónoma de Buenos Aires","Distrito Federal",Argentina,1481782921,"Aylu Macchi",,1
Gabriel,Prado,gabiitocarp@facebook.com,"23 de Junio",https://www.facebook.com/GabiitoCarp,,"Villa General Mitre","Ciudad Autónoma de Buenos Aires","Distrito Federal",Argentina,1486933598,"Aylu Macchi",,1
Anita,Ceruti,anita.ceruti@facebook.com,"23 de Junio",https://www.facebook.com/anita.ceruti,27,,"Ciudad Autónoma de Buenos Aires","Buenos Aires",Argentina,1400801150,"Ignacio Lines Ceruti",https://www.facebook.com/ignacio.lines,1
Equi,Eventos,eventos.equi@facebook.com,"23 de Junio",https://www.facebook.com/eventos.equi,,,"Ciudad Autónoma de Buenos Aires","Buenos Aires",Argentina,100008100399301,"Maria Paula Toyos",,1
Ivo,Kalic,ivo.krcelic@facebook.com,"23 de Junio",https://www.facebook.com/ivo.krcelic,27,,"Ciudad Autónoma de Buenos Aires","Buenos Aires",Argentina,596848328,"Christian Marconi",https://www.facebook.com/gmarconi.turismo,1
Adriel,Sanchez,adriel.sanchez.756@facebook.com,"23 de Junio",https://www.facebook.com/adriel.sanchez.756,,,"Ciudad Autónoma de Buenos Aires","Buenos Aires",Argentina,100002389000115,"Julieta Belen",,1
BravasDe,Magui,bravasde.magui@facebook.com,"23 de Junio",https://www.facebook.com/bravasde.magui,,,"Ciudad Autónoma de Buenos Aires","Buenos Aires",Argentina,100003280644909,"Alejandra Lopez",,1
Yami,Coller,yamila.coller@facebook.com,"23 de Junio",https://www.facebook.com/yamila.coller,29,,"Ciudad Autónoma de Buenos Aires","Buenos Aires",Argentina,1078730710,"Barby Lanata",https://www.facebook.com/barby.lanata,1
Chano,Almiron,santiago.alemiron@facebook.com,"23 de Junio",https://www.facebook.com/santiago.alemiron,,"Buenos Aires","Buenos Aires","Buenos Aires",Argentina,100004074401150,"Agustina Liniers",0,1
Debora,Cardenas,yosoiiladebby@facebook.com,"23 de Junio",https://www.facebook.com/yosoiiladebby,,,"Ciudad Autónoma de Buenos Aires","Buenos Aires",Argentina,100002873814921,"Pedro Lopezyfernandez",https://www.facebook.com/pedronahuel,1
Veronica,Minahk,veronica.minahk@facebook.com,"23 de Junio",https://www.facebook.com/veronica.minahk,30,,"Ciudad Autónoma de Buenos Aires","Buenos Aires",Argentina,100000734762729,"Marina Gispert Rieu",https://www.facebook.com/marina.gispertrieu,1
Mac,Coronel,maquicoro@facebook.com,"23 de Junio",https://www.facebook.com/maquicoro,,,"Ciudad Autónoma de Buenos Aires","Buenos Aires",Argentina,1191218069,"Fátima Belén Zárate",,1
Juampi,Barroso,juampi.barroso.1@facebook.com,"23 de Junio",https://www.facebook.com/juampi.barroso.1,21,,"Ciudad Autónoma de Buenos Aires","Buenos Aires",Argentina,1551641060,"Belu Alvarez",,1
Gianfranco,"Garcia Pagliaro",gianfranco.garciapagliaro@facebook.com,"23 de Junio",https://www.facebook.com/gianfranco.garciapagliaro,,,"Ciudad Autónoma de Buenos Aires","Buenos Aires",Argentina,1558960545,"Ornela G Cirigliano",https://www.facebook.com/floweringashtree,1
Vicente,Klein,vicente.klein.5@facebook.com,"23 de Junio",https://www.facebook.com/vicente.klein.5,,,"Ciudad Autónoma de Buenos Aires","Buenos Aires",Argentina,1131421804,"Belu Alvarez",,1
Robert,"Agua Pura",robert.aguapura@facebook.com,"23 de Junio",https://www.facebook.com/robert.aguapura,,,"Ciudad Autónoma de Buenos Aires","Buenos Aires",Argentina,100001360741825,"Silvia Fernandez",https://www.facebook.com/silviafernandezchivi,1
Pablo,Jantus,arsomnibus@facebook.com,"23 de Junio",https://www.facebook.com/arsomnibus,,,"Ciudad Autónoma de Buenos Aires","Buenos Aires",Argentina,1344555189,"Ariel Villarreal",,1
Mariana,Estoup,mariana.estoup@facebook.com,"23 de Junio",https://www.facebook.com/mariana.estoup,25,,"Ciudad Autónoma de Buenos Aires","Buenos Aires",Argentina,641819239,"Pau Salas",https://www.facebook.com/pausalas88,1
Leito,Leandro,leito.leandro.1@facebook.com,"23 de Junio",https://www.facebook.com/leito.leandro.1,,"Puerto Madero","Ciudad Autónoma de Buenos Aires","Buenos Aires",Argentina,100000825969355,"Ignacio Lines Ceruti",https://www.facebook.com/ignacio.lines,1
"Sandra Shows",Ballesteros,sandrashows.ballesteros@facebook.com,"23 de Junio",https://www.facebook.com/sandrashows.ballesteros,,,"Ciudad Autónoma de Buenos Aires","Buenos Aires",Argentina,568224049,"Jessica Bellomo",https://www.facebook.com/JessBellomo,1
Maar,Hidalgo,maar.hidalgo@facebook.com,"23 de Junio",https://www.facebook.com/maar.hidalgo,21,,"Ciudad Autónoma de Buenos Aires","Buenos Aires",Argentina,100001445066647,"Clara Ryan",https://www.facebook.com/clariryaneventos,1
Elvira,Robino,elvira.robino@facebook.com,"23 de Junio",https://www.facebook.com/elvira.robino,,,"Ciudad Autónoma de Buenos Aires","Buenos Aires",Argentina,100000196592384,"Mauro Napole",https://www.facebook.com/maurinapole,1
Abigail,Tapia,abigail.cossio@facebook.com,"23 de Junio",https://www.facebook.com/abigail.cossio,,,"Ciudad Autónoma de Buenos Aires","Buenos Aires",Argentina,100001098183469,"Christian Douer Chuky",https://www.facebook.com/christian.chuky,1
Hernan,Pacheco,hernan.pacheco.9843@facebook.com,"23 de Junio",https://www.facebook.com/hernan.pacheco.9843,30,,"Ciudad Autónoma de Buenos Aires","Buenos Aires",Argentina,100000628624660,"Rafael Roca",https://www.facebook.com/roca.rafael,1
Juan,Ignacio,juan.cerini@facebook.com,"23 de Junio",https://www.facebook.com/juan.cerini,,"Villa Pueyrredón","Ciudad Autónoma de Buenos Aires","Buenos Aires",Argentina,1344302226,"Tiago Salvia",0,1
Yonathan,"Fernandez Galeano",yonathan.fernandezgaleano@facebook.com,"23 de Junio",https://www.facebook.com/yonathan.fernandezgaleano,24,,"Ciudad Autónoma de Buenos Aires","Buenos Aires",Argentina,100001621062384,"Rocio Benitez",,1
"Ruinas Circulares",Editorial,ruinascirculares.editorial@facebook.com,"23 de Junio",https://www.facebook.com/ruinascirculares.editorial,,,"Ciudad Autónoma de Buenos Aires","Buenos Aires",Argentina,1838703274,"Majo López Tavani",https://www.facebook.com/lasplumas,1
River,Mania,river.mania.35@facebook.com,"23 de Junio",https://www.facebook.com/river.mania.35,,,"Ciudad Autónoma de Buenos Aires","Buenos Aires",Argentina,100003088613723,"Julian Yankeliovich Barassi",,1
Gaby,Silberman,gaby.silberman@facebook.com,"23 de Junio",https://www.facebook.com/gaby.silberman,27,,"Ciudad Autónoma de Buenos Aires","Buenos Aires",Argentina,676405690,"Rocio Marquez",,1
Shabru,Castiglione,sabrii.d.bieber@facebook.com,"24 de Junio",https://www.facebook.com/sabrii.d.bieber,,,"Ciudad Autónoma de Buenos Aires","Buenos Aires",Argentina,100002347721343,"Martin Diaz",,1
"Juan Ignacio",Terracota,juani.terracota@facebook.com,"24 de Junio",https://www.facebook.com/juani.terracota,,,"Ciudad Autónoma de Buenos Aires","Buenos Aires",Argentina,100000002401947,"Victoria Casado",,1
Claudio,Rey,claudio.rey.505@facebook.com,"24 de Junio",https://www.facebook.com/claudio.rey.505,,,"Ciudad Autónoma de Buenos Aires","Buenos Aires",Argentina,678541574,"Jessica Bellomo",https://www.facebook.com/JessBellomo,1
Silvia,Bottino,silvia.bottino.98@facebook.com,"24 de Junio",https://www.facebook.com/silvia.bottino.98,,,"Ciudad Autónoma de Buenos Aires","Buenos Aires",Argentina,100000098661803,"Patricia Grillo",,1
Ariel,Smit,ariel.smit.9@facebook.com,"24 de Junio",https://www.facebook.com/ariel.smit.9,26,,"Ciudad Autónoma de Buenos Aires","Buenos Aires",Argentina,710817763,"Antonella La Torre",,1
Jorge,"Sanchez Oromi",jorge.sanchezoromi@facebook.com,"24 de Junio",https://www.facebook.com/jorge.sanchezoromi,,,"Ciudad Autónoma de Buenos Aires","Buenos Aires",Argentina,100001012362548,"Agostina Magali Aguirre Alvarez",,1
Sebastian,Giqueaux,sgiqueaux@facebook.com,"24 de Junio",https://www.facebook.com/sgiqueaux,24,,"Ciudad Autónoma de Buenos Aires","Buenos Aires",Argentina,1116362504,"Jazmin Jurevich",https://www.facebook.com/Jaz.Jurevich,1
Mauricio,Carvajal,mauricio.carvajal.182@facebook.com,"24 de Junio",https://www.facebook.com/mauricio.carvajal.182,,,"Ciudad Autónoma de Buenos Aires","Buenos Aires",Argentina,565178859,"Flor Rossi",,1
Lu,Demadonna,lu.demadonna.9@facebook.com,"24 de Junio",https://www.facebook.com/lu.demadonna.9,30,,"Ciudad Autónoma de Buenos Aires","Buenos Aires",Argentina,100002632094520,"Juan Manuel Vilagut",https://www.facebook.com/jvilagut1,1
"Chic Bags","Carteras Con Diseño",vuittoncarteras@facebook.com,"24 de Junio",https://www.facebook.com/VuittonCarteras,,,"Ciudad Autónoma de Buenos Aires","Buenos Aires",Argentina,100002221222114,"Emme Elle Russo",https://www.facebook.com/emme.shantiom,1
Crobar,Listas,fotospachajueves@facebook.com,"24 de Junio",https://www.facebook.com/Fotospachajueves,23,,"Ciudad Autónoma de Buenos Aires","Buenos Aires",Argentina,100003029090653,"Nahu Millicay Pereyra",https://www.facebook.com/nahumilli,1
"Juan Manuel",Niveiro,juanmanuel.niveirohijo@facebook.com,"24 de Junio",https://www.facebook.com/juanmanuel.niveirohijo,25,,"Ciudad Autónoma de Buenos Aires","Buenos Aires",Argentina,1022810081,"Flor Vischi Cortés",https://www.facebook.com/flor.vischi,1
Brian,Gualco,brian.gualco@facebook.com,"24 de Junio",https://www.facebook.com/brian.gualco,22,,"Ciudad Autónoma de Buenos Aires","Buenos Aires",Argentina,1478455331,"Maria Laura Pendás",https://www.facebook.com/marialaura.pendas,1
Noelia,Figueroa,noelia.figueroa.54@facebook.com,"24 de Junio",https://www.facebook.com/noelia.figueroa.54,28,,"Ciudad Autónoma de Buenos Aires","Buenos Aires",Argentina,100003096133967,"Emiliano Pirolo",,1
Natalia,Olivera,natalia.olivera.35@facebook.com,"24 de Junio",https://www.facebook.com/natalia.olivera.35,24,,"Ciudad Autónoma de Buenos Aires","Buenos Aires",Argentina,1508469445,"Ale Arias Mandarine Park",,1
"Tobias Nicolas",Risso,tobiasnicolas@facebook.com,"24 de Junio",https://www.facebook.com/tobiasnicolas,21,,"Ciudad Autónoma de Buenos Aires","Buenos Aires",Argentina,100001790834369,"Sofu Maddonni",https://www.facebook.com/ssofiia,1
Matias,Sanson,mat.sanson@facebook.com,"24 de Junio",https://www.facebook.com/Mat.sanson,21,,"Ciudad Autónoma de Buenos Aires","Buenos Aires",Argentina,100001805455544,"Sofu Maddonni",https://www.facebook.com/ssofiia,1
"Amoq Pacha","Blanco Gardella",amoqpacha.blancogardella@facebook.com,"24 de Junio",https://www.facebook.com/amoqpacha.blancogardella,30,,"Ciudad Autónoma de Buenos Aires","Buenos Aires",Argentina,100001127121649,"Alejandro Javier Espindola",https://www.facebook.com/alej.bastirly,1
Mateo,Rivas,mateo.rivas.14@facebook.com,"24 de Junio",https://www.facebook.com/mateo.rivas.14,24,"Buenos Aires","Buenos Aires","Buenos Aires",Argentina,1073803491,"Rebe Gonzalez",0,1
Rotula,Jeans,rotula.jeans@facebook.com,"24 de Junio",https://www.facebook.com/rotula.jeans,,,"Ciudad Autónoma de Buenos Aires","Buenos Aires",Argentina,100001009445084,"Vanesa Macias",https://www.facebook.com/vanesa.macias1,1
Marcos,"de Achaval",marconi.atleta@facebook.com,"24 de Junio",https://www.facebook.com/marconi.atleta,,,"Ciudad Autónoma de Buenos Aires","Buenos Aires",Argentina,100002488277557,"Ivan Achaval",https://www.facebook.com/ivancho.achaval,1
Alan,Mayo,mayo.alan@facebook.com,"24 de Junio",https://www.facebook.com/mayo.alan,,,"Ciudad Autónoma de Buenos Aires","Buenos Aires",Argentina,819888306,"Eve Schiera",,1
Camila,Fleitas,camii.fleitas@facebook.com,"24 de Junio",https://www.facebook.com/camii.fleitas,,,"Ciudad Autónoma de Buenos Aires","Buenos Aires",Argentina,1608820067,"Ian Szejner",,1
Danee,Oferta,danee.oferta@facebook.com,"24 de Junio",https://www.facebook.com/danee.oferta,24,,"Ciudad Autónoma de Buenos Aires","Buenos Aires",Argentina,100003264426284,"Lo Lola",,1
Tefii,Castagna,tefii.castagna@facebook.com,"24 de Junio",https://www.facebook.com/tefii.castagna,21,,"Ciudad Autónoma de Buenos Aires","Buenos Aires",Argentina,1108205269,"Cristian Andres Romano",,1
Carla,"Di Leo",carla.dileo.50@facebook.com,"24 de Junio",https://www.facebook.com/carla.dileo.50,22,,"Ciudad Autónoma de Buenos Aires","Buenos Aires",Argentina,100000784679209,"Yani Nefes",https://www.facebook.com/yani.nefes,1
JC,Sport,jc.sport.10@facebook.com,"24 de Junio",https://www.facebook.com/jc.sport.10,,,"Ciudad Autónoma de Buenos Aires","Buenos Aires",Argentina,100006019861353,"Facu Denegri",,1
Pablo,Rojas,ideasrojas@facebook.com,"24 de Junio",https://www.facebook.com/ideasrojas,,,"Ciudad Autónoma de Buenos Aires","Buenos Aires",Argentina,597231517,"Aldana Queirolo",https://www.facebook.com/aldana.queirolo,1
Adrian,Ubalari,adrian.ubalari@facebook.com,"24 de Junio",https://www.facebook.com/adrian.ubalari,25,,"Ciudad Autónoma de Buenos Aires","Buenos Aires",Argentina,100002437920013,"Michelle Fingeret",https://www.facebook.com/michelle.fingeret,1
Melanie,Mora,m3l.47@facebook.com,"24 de Junio",https://www.facebook.com/m3l.47,22,,"Ciudad Autónoma de Buenos Aires","Buenos Aires",Argentina,1146979412,"Marcela Hinckelmann",https://www.facebook.com/marcela.hinckelmann,1
Brian,Vargas,brian.d.vargas.1@facebook.com,"24 de Junio",https://www.facebook.com/brian.d.vargas.1,,,"Ciudad Autónoma de Buenos Aires","Buenos Aires",Argentina,1569223179,"Gabriela Competiello",,1
Josefina,Secco,josefina.secco.1@facebook.com,"24 de Junio",https://www.facebook.com/josefina.secco.1,22,,"Ciudad Autónoma de Buenos Aires","Buenos Aires",Argentina,1021132145,"Belen Loccisano",https://www.facebook.com/belen.loccisano,1
Bodychic,"Centro de Estetica",bodychic.centrodeestetica@facebook.com,"24 de Junio",https://www.facebook.com/bodychic.centrodeestetica,29,Núñez,"Ciudad Autónoma de Buenos Aires","Buenos Aires",Argentina,100001394104743,"Clara Ryan",https://www.facebook.com/clariryaneventos,1
Jose,Llaque,jotallaque@facebook.com,"24 de Junio",https://www.facebook.com/jotallaque,28,,"Ciudad Autónoma de Buenos Aires","Buenos Aires",Argentina,756835477,"Pam Contreras",,1
Matias,Coullery,maticou@facebook.com,"24 de Junio",https://www.facebook.com/maticou,29,"Buenos Aires","Buenos Aires","Buenos Aires",Argentina,100002188907497,"Gabriella Rouiller",0,1
Ani,Koutnouyan,ani.koutnouyan.5@facebook.com,"24 de Junio",https://www.facebook.com/ani.koutnouyan.5,,,"Ciudad Autónoma de Buenos Aires","Buenos Aires",Argentina,1369593989,"Gisela Indjadjik",https://www.facebook.com/gisela.indjadjik,1
Zuchu,Mazza,zuchu.mazza@facebook.com,"24 de Junio",https://www.facebook.com/zuchu.mazza,,,"Ciudad Autónoma de Buenos Aires","Buenos Aires",Argentina,100002652017957,"Albana Ramognini",https://www.facebook.com/albana.ramognini,1
Cristian,Tate,cristian.tate@facebook.com,"24 de Junio",https://www.facebook.com/cristian.tate,22,,"Ciudad Autónoma de Buenos Aires","Buenos Aires",Argentina,100006018570010,"Gonza Gonzalez",,1
Javi,Perea,javi.perea2@facebook.com,"24 de Junio",https://www.facebook.com/javi.perea2,,,"Ciudad Autónoma de Buenos Aires","Buenos Aires",Argentina,100001256462825,"Ayelen Lopez",https://www.facebook.com/puchipockett,1
ClubculturalMatienzo,"Perfil Viejo",ccmatienzo@facebook.com,"24 de Junio",https://www.facebook.com/ccmatienzo,28,,"Ciudad Autónoma de Buenos Aires","Buenos Aires",Argentina,1243571114,"Jessica Bellomo",https://www.facebook.com/JessBellomo,1
Pablo,"Paraelfinde Boliches",big.home.pablo.ricci@facebook.com,"25 de Junio",https://www.facebook.com/BIG.HOME.PABLO.RICCI,,"San Telmo","Ciudad Autónoma de Buenos Aires","Distrito Federal",Argentina,100004396804584,"Cesar Andree VL",,1
Diego,Rodriguez,diego.rodriguez.96199@facebook.com,"25 de Junio",https://www.facebook.com/diego.rodriguez.96199,25,,"Ciudad Autónoma de Buenos Aires","Buenos Aires",Argentina,100000460392850,"Anita Ghersinich",https://www.facebook.com/anita.ghersinich,1
Home,ClubDisco,disco.home.club@facebook.com,"25 de Junio",https://www.facebook.com/DISCO.HOME.CLUB,,,"Ciudad Autónoma de Buenos Aires","Buenos Aires",Argentina,100004712467727,"Natalia Magali Guglielmo",https://www.facebook.com/nataliamagali.guglielmo,1
Santiago,"Gomez Burruchaga",santiago.gomezburruchaga@facebook.com,"25 de Junio",https://www.facebook.com/santiago.gomezburruchaga,24,,"Ciudad Autónoma de Buenos Aires","Buenos Aires",Argentina,100000705351028,"Charly Ruez",https://www.facebook.com/charly.ruez,1
Pablo,MuseumDisco,pablo.ricci.home.club@facebook.com,"25 de Junio",https://www.facebook.com/PABLO.RICCI.HOME.Club,,"San Telmo","Ciudad Autónoma de Buenos Aires","Buenos Aires",Argentina,100004008111283,"Ariel Martin",https://www.facebook.com/arielcabezon,1
Mma,"Fight Argentina",mma.fightargentina@facebook.com,"25 de Junio",https://www.facebook.com/mma.fightargentina,,,"Ciudad Autónoma de Buenos Aires","Buenos Aires",Argentina,100003234772165,"Sergio Acosta",,1
Ezequiel,Rode,ezequielrodella@facebook.com,"25 de Junio",https://www.facebook.com/ezequielrodella,,,"Ciudad Autónoma de Buenos Aires","Buenos Aires",Argentina,1396841679,"Kar Elizabeth Avila",https://www.facebook.com/Kaari94,1
Eventeens,Eventos,eventeens.eventos@facebook.com,"25 de Junio",https://www.facebook.com/eventeens.eventos,22,,"Ciudad Autónoma de Buenos Aires","Buenos Aires",Argentina,100002856144774,"Agus Rodriguez",,1
Camila,"Pazos Piñero",camila.pazospinero@facebook.com,"25 de Junio",https://www.facebook.com/camila.pazospinero,,,"Ciudad Autónoma de Buenos Aires","Buenos Aires",Argentina,100001346986089,"Christian Douer Chuky",https://www.facebook.com/christian.chuky,1
Leila,Suarez,leila.suarez.568@facebook.com,"25 de Junio",https://www.facebook.com/leila.suarez.568,,,"Ciudad Autónoma de Buenos Aires","Buenos Aires",Argentina,100000276792353,"Florencia Pellegrino",,1
Planetavento,Extremo,planetavento.extremo@facebook.com,"25 de Junio",https://www.facebook.com/planetavento.extremo,,,"Ciudad Autónoma de Buenos Aires","Buenos Aires",Argentina,100002452902401,"Melo Dellarole",https://www.facebook.com/melodellarole,1
Ariel,Honstein,ariel.honstein@facebook.com,"25 de Junio",https://www.facebook.com/ariel.honstein,,,"Ciudad Autónoma de Buenos Aires","Buenos Aires",Argentina,100000039296984,"Maria Pia Perez Brea",,1
Delfi,Bloch,delfinabloch@facebook.com,"25 de Junio",https://www.facebook.com/delfinabloch,,,"Ciudad Autónoma de Buenos Aires","Buenos Aires",Argentina,1416390920,"Alan Volper",https://www.facebook.com/alan.volper,1
Nicolas,Etchebarne,nicolas.etchebarne@facebook.com,"25 de Junio",https://www.facebook.com/nicolas.etchebarne,21,,"Ciudad Autónoma de Buenos Aires","Buenos Aires",Argentina,570533589,"Cami Papiccio",https://www.facebook.com/cami.papiccio,1
"Mary Agust",Peralt,maryagust.peralt@facebook.com,"25 de Junio",https://www.facebook.com/maryagust.peralt,,,"Ciudad Autónoma de Buenos Aires","Buenos Aires",Argentina,100001287597096,"Ale Cabas",https://www.facebook.com/AleCabas,1
"Misa De Veinte",Socorro,misadeveinte.socorro@facebook.com,"25 de Junio",https://www.facebook.com/misadeveinte.socorro,23,,"Ciudad Autónoma de Buenos Aires","Buenos Aires",Argentina,100002627681953,"Martin Olmedo",,1
"Jona Taan",Romero,ruben.romero.7731247@facebook.com,"25 de Junio",https://www.facebook.com/ruben.romero.7731247,28,,"Ciudad Autónoma de Buenos Aires","Buenos Aires",Argentina,100001487000763,"Cielito Perez",,1
Leon,Will,leon.will.39@facebook.com,"25 de Junio",https://www.facebook.com/leon.will.39,24,,"Ciudad Autónoma de Buenos Aires","Buenos Aires",Argentina,1365160427,"Franco Marcoccia",https://www.facebook.com/franco.marcoccia,1
Andy,Depil,andy.depil@facebook.com,"25 de Junio",https://www.facebook.com/andy.depil,,,"Ciudad Autónoma de Buenos Aires","Buenos Aires",Argentina,100002537741299,"Gisele Fratini",https://www.facebook.com/giakdmik,1
Viqi,Cornejo,viqi.cornejo@facebook.com,"25 de Junio",https://www.facebook.com/viqi.cornejo,22,,"Ciudad Autónoma de Buenos Aires","Buenos Aires",Argentina,100004556042064,"Barby Suarez",https://www.facebook.com/barby1522,1
Flor,Gmerino,flor.gmerino@facebook.com,"25 de Junio",https://www.facebook.com/flor.gmerino,,,"Ciudad Autónoma de Buenos Aires","Buenos Aires",Argentina,100003401373536,"Jero Salsamendi",https://www.facebook.com/jero.salsamendi,1
Nahue,Nahuel,nahuelprincipe@facebook.com,"25 de Junio",https://www.facebook.com/nahuelprincipe,22,,"Ciudad Autónoma de Buenos Aires","Buenos Aires",Argentina,1387282160,"Ignacio Lines Ceruti",https://www.facebook.com/ignacio.lines,1
Sole,"Dotti Argentina",sole.dottiargentina@facebook.com,"25 de Junio",https://www.facebook.com/sole.dottiargentina,,,"Ciudad Autónoma de Buenos Aires","Buenos Aires",Argentina,100002526225123,"Rocío Martínez",https://www.facebook.com/rochi.belen,1
Jonathan,Marquez,jony86@facebook.com,"25 de Junio",https://www.facebook.com/jony86,28,,"Ciudad Autónoma de Buenos Aires","Buenos Aires",Argentina,805433775,"Diego Urlacher",,1
Mechi,"Martinez Bordone",mechimartinezbordone@facebook.com,"25 de Junio",https://www.facebook.com/mechimartinezbordone,,,"Ciudad Autónoma de Buenos Aires","Buenos Aires",Argentina,1151524191,"Alan Volper",https://www.facebook.com/alan.volper,1
Sofia,Balbiani,sbalbiani@facebook.com,"25 de Junio",https://www.facebook.com/sbalbiani,25,,"Ciudad Autónoma de Buenos Aires","Buenos Aires",Argentina,100005436992660,"Tomi Rodriguez",,1
Santii,Labat,santii.dc@facebook.com,"25 de Junio",https://www.facebook.com/santii.dc,26,,"Ciudad Autónoma de Buenos Aires","Buenos Aires",Argentina,1636149268,"Yasu Higa",,1
Daniela,Nuñez,daniela.nunez.71697@facebook.com,"25 de Junio",https://www.facebook.com/daniela.nunez.71697,,,"Ciudad Autónoma de Buenos Aires","Buenos Aires",Argentina,100001692794203,"Emiliano Pirolo",https://www.facebook.com/emi.pirolo,1
Jesica,Bongiovanni,jesica.bongiovanni@facebook.com,"25 de Junio",https://www.facebook.com/jesica.bongiovanni,25,,"Ciudad Autónoma de Buenos Aires","Buenos Aires",Argentina,1590319801,"Matias Diego Colombres",https://www.facebook.com/dmc.colombres,1
Cami,Montero,cami.r.montero@facebook.com,"25 de Junio",https://www.facebook.com/cami.r.montero,26,,"Ciudad Autónoma de Buenos Aires","Buenos Aires",Argentina,634728791,"Ronit Nates",https://www.facebook.com/ronates,1
Javier,Cosentino,javier.cosentino@facebook.com,"25 de Junio",https://www.facebook.com/javier.cosentino,23,,"Ciudad Autónoma de Buenos Aires","Buenos Aires",Argentina,1615104268,"Ayelen Alumine Anahi",https://www.facebook.com/ashe.chabakana,1
Amar,Brizuela,amar.brizuela@facebook.com,"25 de Junio",https://www.facebook.com/amar.brizuela,,,"Ciudad Autónoma de Buenos Aires","Buenos Aires",Argentina,100000106442528,"Sofi Donantueno",https://www.facebook.com/sofi.donantueno,1
Gisela,"de Frankenberg",gisela.defrankenberg@facebook.com,"25 de Junio",https://www.facebook.com/gisela.defrankenberg,,,"Ciudad Autónoma de Buenos Aires","Buenos Aires",Argentina,779902452,"Estefi Hilarza",https://www.facebook.com/estefi.hilarza,1
ClubMuseum,ShowsDisco,nuevasnoches.com.ar@facebook.com,"25 de Junio",https://www.facebook.com/nuevasnoches.com.ar,,,"Ciudad Autónoma de Buenos Aires","Buenos Aires",Argentina,100002232065555,"Natalia Magali Guglielmo",https://www.facebook.com/nataliamagali.guglielmo,1
Gastón,Kahl,gaston.kahl@facebook.com,"25 de Junio",https://www.facebook.com/gaston.kahl,,,"Ciudad Autónoma de Buenos Aires","Buenos Aires",Argentina,100001222906665,"Jobs Bar",https://www.facebook.com/jobsbar,1
Sofia,Villalba,sofia.villalba.18@facebook.com,"25 de Junio",https://www.facebook.com/sofia.villalba.18,23,,"Ciudad Autónoma de Buenos Aires","Buenos Aires",Argentina,100000703800161,"Christian Douer Chuky",https://www.facebook.com/christian.chuky,1
Ian,Maetoku,kato.jr@facebook.com,"25 de Junio",https://www.facebook.com/kato.jr,,,"Ciudad Autónoma de Buenos Aires","Buenos Aires",Argentina,1659630878,"Agustin Blanco",,1
Emiliano,Pombo,emiliano.pombo.3@facebook.com,"25 de Junio",https://www.facebook.com/emiliano.pombo.3,,,"Ciudad Autónoma de Buenos Aires","Buenos Aires",Argentina,593210791,"Laura Maria Puerta Sierra",https://www.facebook.com/lauralaprincesa,1
Samanta,Sabrina,samanta.sabrina.9@facebook.com,"25 de Junio",https://www.facebook.com/samanta.sabrina.9,28,,"Ciudad Autónoma de Buenos Aires","Buenos Aires",Argentina,100001215604856,"Maria Paula Toyos",,1
Marianela,Rossi,marianela.rossi.9@facebook.com,"25 de Junio",https://www.facebook.com/marianela.rossi.9,,,"Ciudad Autónoma de Buenos Aires","Buenos Aires",Argentina,1179109625,"María Paz Short",https://www.facebook.com/paz.short,1
Juan,Pearsond,juancam.pearsond@facebook.com,"25 de Junio",https://www.facebook.com/juancam.pearsond,29,,"Ciudad Autónoma de Buenos Aires","Buenos Aires",Argentina,1240063733,"Jero Salsamendi",https://www.facebook.com/jero.salsamendi,1
Pau,Cuello,pxcuello@facebook.com,"25 de Junio",https://www.facebook.com/pxcuello,,,"Ciudad Autónoma de Buenos Aires","Buenos Aires",Argentina,1269020762,"Mariela Rand",https://www.facebook.com/mariela.rand,1
Lumii,Gimenez,giimmenez@facebook.com,"25 de Junio",https://www.facebook.com/Giimmenez,25,,"Ciudad Autónoma de Buenos Aires","Buenos Aires",Argentina,100002547434841,"Emanuel Pusi Gómez",https://www.facebook.com/pusi56,1
Guillermo,Zaffiro,guillermo.zaffiro@facebook.com,"25 de Junio",https://www.facebook.com/guillermo.zaffiro,,,"Ciudad Autónoma de Buenos Aires","Buenos Aires",Argentina,100001216697668,"Flor Vischi Cortés",https://www.facebook.com/flor.vischi,1
Nahuel,Figueroa,nahuel.figueroa.58152@facebook.com,"25 de Junio",https://www.facebook.com/nahuel.figueroa.58152,28,,"Ciudad Autónoma de Buenos Aires","Buenos Aires",Argentina,100005352630405,"Brenda Fabregat",https://www.facebook.com/brenda.fabregat,1
AfterOffice,"Listas Reservas",boutique.pablo.ricci@facebook.com,"25 de Junio",https://www.facebook.com/BOUTIQUE.PABLO.RICCI,,"San Telmo","Ciudad Autónoma de Buenos Aires","Buenos Aires",Argentina,100003660838620,"Pablo Iuva",https://www.facebook.com/pablo021179,1
Konka,Vitale,soykonka@facebook.com,"25 de Junio",https://www.facebook.com/soykonka,,,"Ciudad Autónoma de Buenos Aires","Buenos Aires",Argentina,100001734406638,"Aniita Canta",https://www.facebook.com/Aniita.Canta,1
Clarin,Blue,clarin.blue.1@facebook.com,"25 de Junio",https://www.facebook.com/Clarin.Blue.1,30,,"Ciudad Autónoma de Buenos Aires","Buenos Aires",Argentina,100001139065717,"Brenda Fabregat",https://www.facebook.com/brenda.fabregat,1
Gabriela,Flor,gabiotaflor@facebook.com,"25 de Junio",https://www.facebook.com/gabiotaflor,24,,"Ciudad Autónoma de Buenos Aires","Buenos Aires",Argentina,100001063371101,"Christian Douer Chuky",https://www.facebook.com/christian.chuky,1
"Luciana Carolina",Martin,lucianacarolina.martin@facebook.com,"25 de Junio",https://www.facebook.com/lucianacarolina.martin,23,,"Ciudad Autónoma de Buenos Aires","Buenos Aires",Argentina,1087614488,"Demián Gabriel",,1
Santiago,Maratea,santiago.maratea@facebook.com,"25 de Junio",https://www.facebook.com/santiago.maratea,22,,"Ciudad Autónoma de Buenos Aires","Buenos Aires",Argentina,1307365158,"Rochi Christensen",https://www.facebook.com/rochi.christensen,1
Julianku,"Degrossi Scolari",dsjuju@facebook.com,"25 de Junio",https://www.facebook.com/dsjuju,25,,"Ciudad Autónoma de Buenos Aires","Buenos Aires",Argentina,1043191385,"Alejandro Cocktila Acosta",https://www.facebook.com/alejandro.acosta,1
"Red Croata",Argentina,redcroata.argentina@facebook.com,"25 de Junio",https://www.facebook.com/redcroata.argentina,23,,"Ciudad Autónoma de Buenos Aires","Buenos Aires",Argentina,100002528815710,"Nicolas Bacich",https://www.facebook.com/nicolas.bacich,1
Gerardo,Espinoza,gerardo.espinoza.12@facebook.com,"25 de Junio",https://www.facebook.com/gerardo.espinoza.12,30,,"Ciudad Autónoma de Buenos Aires","Buenos Aires",Argentina,1151431014,"Flor De Santa",https://www.facebook.com/florencia.pacella,1
