Nombre,Apellido,"Email Facebook",Cumpleaños,"Usuario Facebook",Edad,Barrio,Ciudad,Provincia,Pais,"ID Facebook","Amigo De","Amigo De (Usuario)",rebound
Pc,Times,pc.times@facebook.com,"05 de Junio",https://www.facebook.com/pc.times,,,"Ciudad Autónoma de Buenos Aires","Buenos Aires",Argentina,100000740799123,"Divino Vestuario Salve",https://www.facebook.com/salvedivinovestuario,1
Nicolas,Brusconi,nicolas.brusconi@facebook.com,"05 de Junio",https://www.facebook.com/nicolas.brusconi,24,,"Ciudad Autónoma de Buenos Aires","Buenos Aires",Argentina,1370197242,"Romi Flores",,1
Dami,Apfelberg,daami.apf@facebook.com,"05 de Junio",https://www.facebook.com/daami.apf,,,"Ciudad Autónoma de Buenos Aires","Buenos Aires",Argentina,100000125300043,"Nano Vaquer",,1
Angel,Nano,nano46@facebook.com,"05 de Junio",https://www.facebook.com/nano46,27,,"Ciudad Autónoma de Buenos Aires","Buenos Aires",Argentina,1101523633,"Agustina Pelle Müller",,1
Lu,Huck,lulu.lulu.u@facebook.com,"05 de Junio",https://www.facebook.com/Lulu.lulu.u,,,"Ciudad Autónoma de Buenos Aires","Buenos Aires",Argentina,1337767599,"Lucas Funes",https://www.facebook.com/SkriLef14,1
Fernando,Facceci,fernando.facundo.96@facebook.com,"05 de Junio",https://www.facebook.com/fernando.facundo.96,25,,"Ciudad Autónoma de Buenos Aires","Buenos Aires",Argentina,100001102622867,"Juanita Lupetrone",https://www.facebook.com/jlupetrone,1
Enrique,Achaval,enrique.deachaval.5@facebook.com,"05 de Junio",https://www.facebook.com/enrique.deachaval.5,,,"Ciudad Autónoma de Buenos Aires","Buenos Aires",Argentina,100000040592341,"Ivan Achaval",https://www.facebook.com/ivancho.achaval,1
Anabela,"Villalba II",anabela.estampasii@facebook.com,"05 de Junio",https://www.facebook.com/anabela.estampasii,29,,"Ciudad Autónoma de Buenos Aires","Buenos Aires",Argentina,100002497464444,"La Rockeria",https://www.facebook.com/oveja1,1
Tomás,Lancestremere,tomas.lancestremere@facebook.com,"05 de Junio",https://www.facebook.com/tomas.lancestremere,,,"Ciudad Autónoma de Buenos Aires","Buenos Aires",Argentina,1236009396,"Gabi López",,1
Angel,Samañego,bruno.romero.3386@facebook.com,"05 de Junio",https://www.facebook.com/bruno.romero.3386,,,"Ciudad Autónoma de Buenos Aires","Buenos Aires",Argentina,100003054133108,"Juanma Ramirez",,1
Lucas,Echavarria,lucas.echavarria.98@facebook.com,"05 de Junio",https://www.facebook.com/lucas.echavarria.98,21,,"Ciudad Autónoma de Buenos Aires","Buenos Aires",Argentina,1088983650,"Fátima Belén Zárate",,1
"Federico Martin",Ozan,federicomartin.ozan@facebook.com,"05 de Junio",https://www.facebook.com/federicomartin.ozan,,,"Ciudad Autónoma de Buenos Aires","Buenos Aires",Argentina,1250205742,"Julian Pagana",,1
Rocío,Jellinek,rocio.jellinek@facebook.com,"05 de Junio",https://www.facebook.com/rocio.jellinek,,,"Ciudad Autónoma de Buenos Aires","Buenos Aires",Argentina,1003386777,"Atilio Fernandez",,1
Estudio,Cromax,estudio.cromax@facebook.com,"05 de Junio",https://www.facebook.com/estudio.cromax,29,Flores,"Ciudad Autónoma de Buenos Aires","Buenos Aires",Argentina,100006541426239,"Sumatra Shows",https://www.facebook.com/sumatrashows,1
Yago,Allende,yaguito.allende@facebook.com,"05 de Junio",https://www.facebook.com/yaguito.allende,,,"Ciudad Autónoma de Buenos Aires","Buenos Aires",Argentina,1135235778,"Martin Olmedo",,1
Adriana,Ayala,vicky.l.ayala@facebook.com,"05 de Junio",https://www.facebook.com/vicky.l.ayala,,,"Ciudad Autónoma de Buenos Aires","Buenos Aires",Argentina,100000291305831,"Gabriel Gutierrez",,1
Empleos,"Nivel Inicial",empleos.nivelinicial@facebook.com,"05 de Junio",https://www.facebook.com/empleos.nivelinicial,25,,"Ciudad Autónoma de Buenos Aires","Buenos Aires",Argentina,100001820717718,"Maria Pia Perez Brea",,1
"María Sol",Farías,mariasol.farias.1@facebook.com,"05 de Junio",https://www.facebook.com/mariasol.farias.1,27,"Parque Chacabuco","Ciudad Autónoma de Buenos Aires","Buenos Aires",Argentina,1101526834,"Natalia Walter",,1
"Manuel Alejo",Paez,mmanu@facebook.com,"05 de Junio",https://www.facebook.com/mmanu,25,,"Ciudad Autónoma de Buenos Aires","Buenos Aires",Argentina,1238647232,"Antonella La Torre",,1
Alex,Codeso,alex.carp.505@facebook.com,"05 de Junio",https://www.facebook.com/alex.carp.505,,,"Ciudad Autónoma de Buenos Aires","Buenos Aires",Argentina,100002667984740,"Franco Palermo",,1
Cruz,Ledesma,cruzledesmaw@facebook.com,"05 de Junio",https://www.facebook.com/cruzledesmaw,,,"Ciudad Autónoma de Buenos Aires","Buenos Aires",Argentina,577973837,"Polina Remkevich",https://www.facebook.com/polina.remkevich,1
Eiffel,Diseño,eiffel.diseno@facebook.com,"05 de Junio",https://www.facebook.com/eiffel.diseno,,,"Ciudad Autónoma de Buenos Aires","Buenos Aires",Argentina,100002420483299,"Mica Ledo",https://www.facebook.com/micaledo,1
Patricia,Mazzi,patricia.mazzi.9@facebook.com,"05 de Junio",https://www.facebook.com/patricia.mazzi.9,,,"Ciudad Autónoma de Buenos Aires","Buenos Aires",Argentina,100004602184878,"Kandella Steiler",https://www.facebook.com/kandella.steiler,1
Damian,Paredes,damiijuglar@facebook.com,"05 de Junio",https://www.facebook.com/damiijuglar,29,,"Ciudad Autónoma de Buenos Aires","Buenos Aires",Argentina,100002270361360,"Ayelen Alumine Anahi",https://www.facebook.com/ashe.chabakana,1
Sergio,Pucheta,sergio.pucheta.140@facebook.com,"05 de Junio",https://www.facebook.com/sergio.pucheta.140,,,"Ciudad Autónoma de Buenos Aires","Buenos Aires",Argentina,100000931217089,"Jessica Bellomo",https://www.facebook.com/JessBellomo,1
Crysthal,Ali,crysthal.ali@facebook.com,"05 de Junio",https://www.facebook.com/crysthal.ali,29,,"Ciudad Autónoma de Buenos Aires","Buenos Aires",Argentina,1097599419,"Maria DEL Mar",,1
Oscar,Cubilla,oscar.cubilla1@facebook.com,"05 de Junio",https://www.facebook.com/oscar.cubilla1,22,"La Paternal","Ciudad Autónoma de Buenos Aires","Buenos Aires",Argentina,100003038793905,"Atilio Fernandez",,1
Ivo,"Cortés Buenard",lpivan.cb@facebook.com,"05 de Junio",https://www.facebook.com/LPIvan.cb,,,"Ciudad Autónoma de Buenos Aires","Buenos Aires",Argentina,100002730769455,"Alan Volper",https://www.facebook.com/alan.volper,1
Juli,Picoy,juliana.picoy@facebook.com,"05 de Junio",https://www.facebook.com/juliana.picoy,25,,"Ciudad Autónoma de Buenos Aires","Buenos Aires",Argentina,1302057565,"Clara Ryan",https://www.facebook.com/clariryaneventos,1
Lívia,Brito,liviabritorodrigues@facebook.com,"05 de Junio",https://www.facebook.com/liviabritorodrigues,,,"Ciudad Autónoma de Buenos Aires","Buenos Aires",Argentina,100002601323976,"Michelle Ribeiro",,1
"Kilometro Uno",Viajes,kilometrouno.viajes.1@facebook.com,"05 de Junio",https://www.facebook.com/kilometrouno.viajes.1,26,,"Ciudad Autónoma de Buenos Aires","Buenos Aires",Argentina,100002470488903,"Gaby Pascuali",https://www.facebook.com/gabriela.pascuali,1
Guido,Prosper,guido.prosper@facebook.com,"05 de Junio",https://www.facebook.com/guido.prosper,,Núñez,"Ciudad Autónoma de Buenos Aires","Buenos Aires",Argentina,614078347,"Carlos Wilson",,1
Isabel,Ashworth,izashworth@facebook.com,"05 de Junio",https://www.facebook.com/Izashworth,,,"Ciudad Autónoma de Buenos Aires","Buenos Aires",Argentina,1044423188,"Antoine Cornudet",,1
Lucho,Battioni,luchomed@facebook.com,"05 de Junio",https://www.facebook.com/luchomed,28,,"Ciudad Autónoma de Buenos Aires","Buenos Aires",Argentina,1269349073,"Daniela Sevilla",,1
Isis,Lin,isis.lin2@facebook.com,"05 de Junio",https://www.facebook.com/isis.lin2,,,"Ciudad Autónoma de Buenos Aires","Buenos Aires",Argentina,1603515235,"Cami Weng",,1
Carolina,Barrientos,carolina.barrientos.790@facebook.com,"05 de Junio",https://www.facebook.com/carolina.barrientos.790,,,"Ciudad Autónoma de Buenos Aires","Buenos Aires",Argentina,1754602012,"Mariano Calvagna",https://www.facebook.com/mariano.calvagna,1
Tutela,Traes,tutela.traes.3@facebook.com,"05 de Junio",https://www.facebook.com/tutela.traes.3,,,"Ciudad Autónoma de Buenos Aires","Buenos Aires",Argentina,100002510537210,"Ro Cardoso",,1
Alexis,Santos,alexis.santos.37604@facebook.com,"05 de Junio",https://www.facebook.com/alexis.santos.37604,,,"Ciudad Autónoma de Buenos Aires","Buenos Aires",Argentina,1549466145,"Nadia Vannessa",https://www.facebook.com/nadiavannessa18,1
Diegis,Vega,diegivegaa@facebook.com,"05 de Junio",https://www.facebook.com/diegivegaa,,Array,"Ciudad Autónoma de Buenos Aires","Buenos Aires",Argentina,1636998804,"Augusto Lios",0,1
Bruno,Fiori,bruno.fiori.18@facebook.com,"06 de Junio",https://www.facebook.com/bruno.fiori.18,30,,"Ciudad Autónoma de Buenos Aires","Buenos Aires",Argentina,100003880857076,"Carolina Mandra",https://www.facebook.com/carolina.mandra,1
Leonardo,Luizaga,leonardo.luizaga@facebook.com,"06 de Junio",https://www.facebook.com/leonardo.luizaga,24,,"Ciudad Autónoma de Buenos Aires","Buenos Aires",Argentina,1167736410,"Fran L. Ocampo",https://www.facebook.com/franco,1
Pablino,Barrios,pablino.barrios.7@facebook.com,"06 de Junio",https://www.facebook.com/pablino.barrios.7,24,,"Ciudad Autónoma de Buenos Aires","Buenos Aires",Argentina,100002983498861,"Julio Roberto Cuevas",https://www.facebook.com/julioroberto.cuevas,1
Alan,Casaretto,alan.casaretto@facebook.com,"06 de Junio",https://www.facebook.com/alan.casaretto,,,"Ciudad Autónoma de Buenos Aires","Buenos Aires",Argentina,1738212723,"Brenda Araceli Gonzalez",https://www.facebook.com/brendaaraceli.gonzalez,1
Ernesto,Giusto,ernesto.giusto@facebook.com,"06 de Junio",https://www.facebook.com/ernesto.giusto,26,,"Ciudad Autónoma de Buenos Aires","Buenos Aires",Argentina,637091585,"Estefi Hilarza",https://www.facebook.com/estefi.hilarza,1
Richard,"Di Tomasi",richard.ditomasi@facebook.com,"06 de Junio",https://www.facebook.com/richard.ditomasi,,,"Ciudad Autónoma de Buenos Aires","Buenos Aires",Argentina,1364966116,"Carina Viernickel",,1
Ramoneta,Montsalvatje,ramonetam@facebook.com,"06 de Junio",https://www.facebook.com/ramonetam,25,"Buenos Aires","Buenos Aires","Buenos Aires",Argentina,100002666502593,"Boio Kreutzer",0,1
Kevin,Brandt,kevin.apple.12@facebook.com,"06 de Junio",https://www.facebook.com/kevin.apple.12,,"Villa Devoto","Ciudad Autónoma de Buenos Aires","Buenos Aires",Argentina,100001098525325,"Flor Rossi",,1
Gonzza,Sturtz,gonzza.sturtz@facebook.com,"06 de Junio",https://www.facebook.com/gonzza.sturtz,23,,"Ciudad Autónoma de Buenos Aires","Buenos Aires",Argentina,1107243953,"Agustina Pelle Müller",,1
Joan,Sarradell,nunkaqiisse@facebook.com,"06 de Junio",https://www.facebook.com/nunkaqiisse,23,,"Ciudad Autónoma de Buenos Aires","Buenos Aires",Argentina,1041780292,"Juli Sremac",https://www.facebook.com/juli.sremac,1
Adriana,Rosales,adriana.rosales.98478@facebook.com,"06 de Junio",https://www.facebook.com/adriana.rosales.98478,29,,"Ciudad Autónoma de Buenos Aires","Buenos Aires",Argentina,100000904225257,"Miqui Berriòs",https://www.facebook.com/miqui.berrios,1
Fernando,Riff,fernando.riff@facebook.com,"06 de Junio",https://www.facebook.com/fernando.riff,,,"Ciudad Autónoma de Buenos Aires","Buenos Aires",Argentina,100001427346111,"Rocío Martínez",https://www.facebook.com/rochi.belen,1
Aixa,Jaime,aixa.jaime.1@facebook.com,"06 de Junio",https://www.facebook.com/aixa.jaime.1,,,"Ciudad Autónoma de Buenos Aires","Buenos Aires",Argentina,100001488052054,"Lucas Funes",https://www.facebook.com/SkriLef14,1
Claudia,Texeira,claudia.texeira.7@facebook.com,"06 de Junio",https://www.facebook.com/claudia.texeira.7,,,"Ciudad Autónoma de Buenos Aires","Buenos Aires",Argentina,1800437539,"Cami Weng",,1
Cande,Dapero,cande.dapero@facebook.com,"06 de Junio",https://www.facebook.com/cande.dapero,,"Puerto Madero","Ciudad Autónoma de Buenos Aires","Buenos Aires",Argentina,100000046295227,"Emiliano Pirolo",https://www.facebook.com/emi.pirolo,1
Facu,Andoniadis,f.andoniadis@facebook.com,"06 de Junio",https://www.facebook.com/f.andoniadis,,,"Ciudad Autónoma de Buenos Aires","Buenos Aires",Argentina,100003372203071,"Vicky Diaz",,1
Caños,Mza,canos.d.mza@facebook.com,"06 de Junio",https://www.facebook.com/canos.d.mza,,,"Ciudad Autónoma de Buenos Aires","Buenos Aires",Argentina,100003374621520,"Vicky Diaz",,1
Igna,Monteros,igna.monteros@facebook.com,"06 de Junio",https://www.facebook.com/igna.monteros,23,,"Ciudad Autónoma de Buenos Aires","Buenos Aires",Argentina,100000765511550,"Marcela Hinckelmann",https://www.facebook.com/marcela.hinckelmann,1
Estefy,Autore,estefy.autore@facebook.com,"06 de Junio",https://www.facebook.com/estefy.autore,22,,"Ciudad Autónoma de Buenos Aires","Buenos Aires",Argentina,100002243574778,"Cynthia Gianni",,1
Jesica,Reynoso,jesica.reynoso.585@facebook.com,"06 de Junio",https://www.facebook.com/jesica.reynoso.585,28,,"Ciudad Autónoma de Buenos Aires","Buenos Aires",Argentina,100006822548007,"Julio Roberto Cuevas",https://www.facebook.com/julioroberto.cuevas,1
Miranda,Romero,miru.6@facebook.com,"06 de Junio",https://www.facebook.com/Miru.6,,,"Ciudad Autónoma de Buenos Aires","Buenos Aires",Argentina,720839243,"Nano Vaquer",,1
Eba,Cursos,espaciobuenosaires@facebook.com,"06 de Junio",https://www.facebook.com/ESPACIOBUENOSAIRES,28,,"Ciudad Autónoma de Buenos Aires","Buenos Aires",Argentina,722175691,"Yanina Battiato",,1
Martin,"Gonzalez Nougues",martin.g.nougues@facebook.com,"06 de Junio",https://www.facebook.com/martin.g.nougues,24,,"Ciudad Autónoma de Buenos Aires","Buenos Aires",Argentina,558348136,"Alexia Garcia",https://www.facebook.com/garciaalexiia,1
Fede,Ceres,federico.ceres.5@facebook.com,"06 de Junio",https://www.facebook.com/federico.ceres.5,24,,"Ciudad Autónoma de Buenos Aires","Buenos Aires",Argentina,1432363731,"Mariana Sparks",,1
Laramie,Aramis,laramie.aramis@facebook.com,"06 de Junio",https://www.facebook.com/laramie.aramis,30,,"Ciudad Autónoma de Buenos Aires","Buenos Aires",Argentina,100000499691957,"Carla Ferro",https://www.facebook.com/carla.ferro,1
"Basta De Lobby",Soho,bastadelobbyhomebox@facebook.com,"06 de Junio",https://www.facebook.com/Bastadelobbyhomebox,,,"Ciudad Autónoma de Buenos Aires","Buenos Aires",Argentina,100001132467042,"Franco Marcoccia",https://www.facebook.com/franco.marcoccia,1
Nazarena,"Tula Gallotti",nazarena.tulagallotti@facebook.com,"06 de Junio",https://www.facebook.com/nazarena.tulagallotti,,Avellaneda,"Ciudad Autónoma de Buenos Aires","Buenos Aires",Argentina,1204369673,"Emiliano Pirolo",https://www.facebook.com/emi.pirolo,1
Luz,Bsj,luz.d.bsj@facebook.com,"06 de Junio",https://www.facebook.com/luz.d.bsj,21,,"Ciudad Autónoma de Buenos Aires","Buenos Aires",Argentina,100008198050241,"Demián Gabriel",,1
Ale,Balbaryski,ale.balbaryski@facebook.com,"06 de Junio",https://www.facebook.com/ale.balbaryski,,,"Ciudad Autónoma de Buenos Aires","Buenos Aires",Argentina,721981079,"Ayelen Lopez",https://www.facebook.com/puchipockett,1
Camila,Reyna,camilalachinapeolaaa@facebook.com,"06 de Junio",https://www.facebook.com/camilalachinapeolaaa,,,"Ciudad Autónoma de Buenos Aires","Buenos Aires",Argentina,1332852985,"Nicolás García",https://www.facebook.com/Niccccccccco,1
Anabel,Gallardo,aniita.cabj.df@facebook.com,"06 de Junio",https://www.facebook.com/aniita.cabj.df,25,,"Ciudad Autónoma de Buenos Aires","Buenos Aires",Argentina,100001958458904,"Dafne Antonella Zas Amy",,1
Patita,Difunde,patitadifunde@facebook.com,"06 de Junio",https://www.facebook.com/PatitaDifunde,,,"Ciudad Autónoma de Buenos Aires","Buenos Aires",Argentina,100001429160765,"Brenda Fabregat",https://www.facebook.com/brenda.fabregat,1
Elias,Arenas,elias.arenas3@facebook.com,"06 de Junio",https://www.facebook.com/elias.arenas3,,,"Ciudad Autónoma de Buenos Aires","Buenos Aires",Argentina,100001499703422,"Emiliano Pirolo",https://www.facebook.com/emi.pirolo,1
Makondo,Fc,makondo.fc@facebook.com,"06 de Junio",https://www.facebook.com/makondo.fc,23,,"Ciudad Autónoma de Buenos Aires","Buenos Aires",Argentina,100001184977383,"Rochi Christensen",https://www.facebook.com/rochi.christensen,1
Federico,Haydossian,federico.haydossian@facebook.com,"06 de Junio",https://www.facebook.com/federico.haydossian,25,Boedo,"Ciudad Autónoma de Buenos Aires","Buenos Aires",Argentina,1395983981,"Artur Margaryan",,1
Bruno,Minafaro,bruno.minafaro@facebook.com,"06 de Junio",https://www.facebook.com/bruno.minafaro,,,"Ciudad Autónoma de Buenos Aires","Buenos Aires",Argentina,1052615835,"Cristian Andres Romano",,1
Elisabeth,Ruiz,anghie.tuparaguachiina@facebook.com,"06 de Junio",https://www.facebook.com/anghie.tuparaguachiina,30,,"Ciudad Autónoma de Buenos Aires","Buenos Aires",Argentina,100000532978945,"Sergio Acosta",,1
Javier,Lagrecca,wwgolowww@facebook.com,"06 de Junio",https://www.facebook.com/wwgolowww,,,"Ciudad Autónoma de Buenos Aires","Buenos Aires",Argentina,1574831909,"Fran L. Ocampo",https://www.facebook.com/franco,1
Emi,Guillan,emi.guillan@facebook.com,"06 de Junio",https://www.facebook.com/emi.guillan,,,"Ciudad Autónoma de Buenos Aires","Buenos Aires",Argentina,1544311255,"Carolina Damiano",https://www.facebook.com/carolina.damiano,1
Maquiata,Maquillaje-Artístico,maquiata.maquillajeartistico@facebook.com,"06 de Junio",https://www.facebook.com/maquiata.maquillajeartistico,26,,"Ciudad Autónoma de Buenos Aires","Buenos Aires",Argentina,100001728936353,"Vanesa Myrna Ojeda",,1
Dario,Alfonso,dario.gonzales.391082@facebook.com,"06 de Junio",https://www.facebook.com/dario.gonzales.391082,27,,"Ciudad Autónoma de Buenos Aires","Buenos Aires",Argentina,100005759143356,"Lo Lola",,1
"Alicia Tienda",Pug,tienda.pug@facebook.com,"06 de Junio",https://www.facebook.com/tienda.pug,29,,"Ciudad Autónoma de Buenos Aires","Buenos Aires",Argentina,100008279468200,"Flori D'Al",,1
Fiesta,Oliver,fiestaoliver.viernes@facebook.com,"06 de Junio",https://www.facebook.com/fiestaoliver.viernes,26,,"Ciudad Autónoma de Buenos Aires","Buenos Aires",Argentina,100004046591477,"Bë Döbiencita",https://www.facebook.com/be.dobiencita,1
Games-Consolas,Accesorios,gamesconsolas.accesorios@facebook.com,"06 de Junio",https://www.facebook.com/gamesconsolas.accesorios,,,"Ciudad Autónoma de Buenos Aires","Buenos Aires",Argentina,100000854362803,"Franco Palermo",,1
Mariana,Deramo,mariana.deramo@facebook.com,"06 de Junio",https://www.facebook.com/mariana.deramo,22,,"Ciudad Autónoma de Buenos Aires","Buenos Aires",Argentina,1298672248,"Nadia Denise",,1
Des,Gusano,des.gusano@facebook.com,"06 de Junio",https://www.facebook.com/des.gusano,22,,"Ciudad Autónoma de Buenos Aires","Buenos Aires",Argentina,100002758350379,"Bomba Barassi",https://www.facebook.com/bomba.barassi,1
Loreal,Paris,lochi.peluqueria@facebook.com,"06 de Junio",https://www.facebook.com/lochi.peluqueria,30,,"Ciudad Autónoma de Buenos Aires","Buenos Aires",Argentina,100006685929749,"Susan Romano",,1
Solange,Cabrera,solange.cabrera.7505@facebook.com,"06 de Junio",https://www.facebook.com/solange.cabrera.7505,30,"San Telmo","Ciudad Autónoma de Buenos Aires","Buenos Aires",Argentina,100003515955205,"Nati Tróccoli",https://www.facebook.com/nataliatt1,1
Leila,Dobal,leila.dobal@facebook.com,"06 de Junio",https://www.facebook.com/leila.dobal,26,,"Ciudad Autónoma de Buenos Aires","Buenos Aires",Argentina,100002120351274,"Gonza Gonzalez",,1
Sofi,Alvarez,sofu.alvarez@facebook.com,"06 de Junio",https://www.facebook.com/sofu.alvarez,,,"Ciudad Autónoma de Buenos Aires","Buenos Aires",Argentina,1341170221,"Belu Alvarez",,1
Juliana,Cardona,juliana.cardona.1654@facebook.com,"06 de Junio",https://www.facebook.com/juliana.cardona.1654,,,"Ciudad Autónoma de Buenos Aires","Buenos Aires",Argentina,504895282,"Joaquin Perez Flenche",,1
Jony,Peluk,peluk@facebook.com,"06 de Junio",https://www.facebook.com/peluk,,"Buenos Aires","Buenos Aires","Buenos Aires",Argentina,506529336,"Alan Yun",0,1
Arturo,Vandalay,arturo.vandelay.94@facebook.com,"06 de Junio",https://www.facebook.com/arturo.vandelay.94,26,,"Ciudad Autónoma de Buenos Aires","Buenos Aires",Argentina,100004165148427,"Daiana Soledad Pintos",https://www.facebook.com/Sheena.is,1
Nicolas,Sanles,nicolas.sanles@facebook.com,"06 de Junio",https://www.facebook.com/nicolas.sanles,,,"Ciudad Autónoma de Buenos Aires","Buenos Aires",Argentina,735389392,"Kar Elizabeth Avila",https://www.facebook.com/Kaari94,1
Morena,Martinez,morenitus@facebook.com,"06 de Junio",https://www.facebook.com/Morenitus,26,,"Ciudad Autónoma de Buenos Aires","Buenos Aires",Argentina,761094869,"Nadia Denise",,1
Lionella,"Liona ?i?",lionella.dosantos@facebook.com,"06 de Junio",https://www.facebook.com/lionella.dosantos,27,,"Ciudad Autónoma de Buenos Aires","Buenos Aires",Argentina,100002389830784,"Lucho Viana",,1
Nuri,"Capano Casaretto",nuri.capanocasaretto@facebook.com,"06 de Junio",https://www.facebook.com/nuri.capanocasaretto,,,"Ciudad Autónoma de Buenos Aires","Buenos Aires",Argentina,1462599734,"Silvia Grun",,1
Jesica,Colonna,jesica.colonna@facebook.com,"06 de Junio",https://www.facebook.com/jesica.colonna,28,Centro,"Ciudad Autónoma de Buenos Aires","Buenos Aires",Argentina,1817461124,"Maria Garcia Neglia",https://www.facebook.com/maria.garcianeglia,1
Aragon,Yurani,lagata.rodriguuezz@facebook.com,"06 de Junio",https://www.facebook.com/lagata.rodriguuezz,30,,"Ciudad Autónoma de Buenos Aires","Buenos Aires",Argentina,100007760741926,"Camila Perelló",https://www.facebook.com/camiperello,1
Emba,"Escuela de Música",emba.escuelademusica@facebook.com,"06 de Junio",https://www.facebook.com/emba.escuelademusica,25,,"Ciudad Autónoma de Buenos Aires","Buenos Aires",Argentina,1545978318,"Natascha Stern",https://www.facebook.com/natascha.stern,1
LaLunafilms,ProductoraAudiovisual,lalunafilms.productoraaudiovisual@facebook.com,"06 de Junio",https://www.facebook.com/lalunafilms.productoraaudiovisual,28,,"Ciudad Autónoma de Buenos Aires","Buenos Aires",Argentina,100002551782002,"Joshua Oglio",,1
Cala,Eugenia,cala.mg.1@facebook.com,"06 de Junio",https://www.facebook.com/cala.MG.1,22,,"Ciudad Autónoma de Buenos Aires","Buenos Aires",Argentina,100001419457696,"Matias Duarte",,1
Animacionesparanenas,GlamourParty,animacionesparanenas.glamourparty@facebook.com,"06 de Junio",https://www.facebook.com/animacionesparanenas.glamourparty,,,"Ciudad Autónoma de Buenos Aires","Buenos Aires",Argentina,100001457919575,"Divino Vestuario Salve",https://www.facebook.com/salvedivinovestuario,1
Protocolo,Moda,protocolo.moda@facebook.com,"06 de Junio",https://www.facebook.com/protocolo.moda,,,"Ciudad Autónoma de Buenos Aires","Buenos Aires",Argentina,100001461164482,"Divino Vestuario Salve",https://www.facebook.com/salvedivinovestuario,1
Tomas,Tripputi,tomytrip1@facebook.com,"06 de Junio",https://www.facebook.com/tomytrip1,23,,"Ciudad Autónoma de Buenos Aires","Buenos Aires",Argentina,100001564791410,"Ariel Rivera",,1
Rudy,Corleone,rudy.chotudo@facebook.com,"06 de Junio",https://www.facebook.com/rudy.chotudo,,,"Ciudad Autónoma de Buenos Aires","Buenos Aires",Argentina,100001091418894,"Emiliano Pirolo",https://www.facebook.com/emi.pirolo,1
Cris,Campos,cristian.camposmazzini@facebook.com,"06 de Junio",https://www.facebook.com/cristian.camposmazzini,21,,"Ciudad Autónoma de Buenos Aires","Buenos Aires",Argentina,100002121526353,"Anna Laura",https://www.facebook.com/Anna.Laucha,1
Anto,Ciro,antonella.ciro.1@facebook.com,"07 de Junio",https://www.facebook.com/antonella.ciro.1,,,"Ciudad Autónoma de Buenos Aires","Buenos Aires",Argentina,100004902278601,"Paz Maldonado",,1
Astor,Ghiglione,astor.ghiglione@facebook.com,"07 de Junio",https://www.facebook.com/astor.ghiglione,23,,"Ciudad Autónoma de Buenos Aires","Buenos Aires",Argentina,823846683,"Tomas Zocca",https://www.facebook.com/tomyzocca,1
Agustin,Zanivan,azanivan@facebook.com,"07 de Junio",https://www.facebook.com/azanivan,,,"Ciudad Autónoma de Buenos Aires","Buenos Aires",Argentina,1783036323,"Jorge Biamonte",https://www.facebook.com/georgebiamonteok,1
Sol,Samudio,sol.samudio.9@facebook.com,"07 de Junio",https://www.facebook.com/sol.samudio.9,22,,"Ciudad Autónoma de Buenos Aires","Buenos Aires",Argentina,100001438621590,"Gustavo Pietrafesa",,1
Flor,Sus,flor.sus@facebook.com,"07 de Junio",https://www.facebook.com/flor.sus,27,,"Ciudad Autónoma de Buenos Aires","Buenos Aires",Argentina,591072675,"Rocio Marquez",,1
Coco,Tch,cocotech@facebook.com,"07 de Junio",https://www.facebook.com/CocoTech,,,"Ciudad Autónoma de Buenos Aires","Buenos Aires",Argentina,100001182687367,"Agustina Del Rosario Anzisi",https://www.facebook.com/AgustinadelRosario,1
Hernan,Ruiz,hernan.ruiz@facebook.com,"07 de Junio",https://www.facebook.com/hernan.ruiz,,,"Ciudad Autónoma de Buenos Aires","Buenos Aires",Argentina,552811481,"Christian Douer Chuky",https://www.facebook.com/christian.chuky,1
Rodri,Urba,ratarjgu@facebook.com,"07 de Junio",https://www.facebook.com/RataRJGU,,"Villa Devoto","Ciudad Autónoma de Buenos Aires","Buenos Aires",Argentina,596530901,"Karen Vilariño",https://www.facebook.com/karen.vilarino,1
Fran,Finardi,franfinardi@facebook.com,"07 de Junio",https://www.facebook.com/FranFinardi,,,"Ciudad Autónoma de Buenos Aires","Buenos Aires",Argentina,570432591,"Alexia Garcia",https://www.facebook.com/garciaalexiia,1
Facu,Dragneel,facu.dragneel@facebook.com,"07 de Junio",https://www.facebook.com/facu.dragneel,21,,"Ciudad Autónoma de Buenos Aires","Buenos Aires",Argentina,1484662841,"Maria Quevedo",https://www.facebook.com/mery.quevedo3,1
Juli,"Di Sotto",julieta.disotto@facebook.com,"07 de Junio",https://www.facebook.com/julieta.disotto,29,,"Ciudad Autónoma de Buenos Aires","Buenos Aires",Argentina,100005529973517,"Alejandro Novoa",,1
Il,Tano,taneternr@facebook.com,"07 de Junio",https://www.facebook.com/taneternr,21,,"Ciudad Autónoma de Buenos Aires","Buenos Aires",Argentina,1148313899,"Romi Flores",,1
Danny,Nuñez,danu.nunez2@facebook.com,"07 de Junio",https://www.facebook.com/danu.nunez2,23,,"Ciudad Autónoma de Buenos Aires","Buenos Aires",Argentina,1137337259,"Fátima Belén Zárate",,1
Carlos,Salgueiro,salgueirocarlos@facebook.com,"07 de Junio",https://www.facebook.com/salgueirocarlos,,,"Ciudad Autónoma de Buenos Aires","Buenos Aires",Argentina,650476240,"Estefania Rodriguez",,1
Daniel,Negroni,daniel.negroni@facebook.com,"07 de Junio",https://www.facebook.com/daniel.negroni,,,"Ciudad Autónoma de Buenos Aires","Buenos Aires",Argentina,1369457805,"Silvia Grun",,1
Ailen,Imaz,ailen.imaz@facebook.com,"07 de Junio",https://www.facebook.com/ailen.imaz,24,,"Ciudad Autónoma de Buenos Aires","Buenos Aires",Argentina,722691757,"Jobs Bar",https://www.facebook.com/jobsbar,1
Mauri,Werbach,mauriciowerbach@facebook.com,"07 de Junio",https://www.facebook.com/mauriciowerbach,,Boedo,"Ciudad Autónoma de Buenos Aires","Distrito Federal",Argentina,1372475936,"Evelina Ferreira",,1
Ari,Mongiello,ari.mongiello@facebook.com,"07 de Junio",https://www.facebook.com/ari.mongiello,29,,"Ciudad Autónoma de Buenos Aires","Buenos Aires",Argentina,1481803601,"Eve Schiera",,1
Fernanda,Pozo,fernanda.nara.52@facebook.com,"07 de Junio",https://www.facebook.com/fernanda.nara.52,27,,"Ciudad Autónoma de Buenos Aires","Buenos Aires",Argentina,1578870204,"Ruben Pacora",https://www.facebook.com/ruben.pacora,1
Gon,Barrionuevo,goon.carp14@facebook.com,"07 de Junio",https://www.facebook.com/goon.carp14,,,"Ciudad Autónoma de Buenos Aires","Buenos Aires",Argentina,1454409527,"Facu Denegri",,1
Sebastian,Giovanakis,sebastian.giovanakis@facebook.com,"07 de Junio",https://www.facebook.com/sebastian.giovanakis,29,"La Paternal","Ciudad Autónoma de Buenos Aires","Buenos Aires",Argentina,629162749,"Matias Daniel Pascual",,1
"Multiespacio Guayra",LaConesita,multiespacio.guayra@facebook.com,"07 de Junio",https://www.facebook.com/multiespacio.guayra,26,,"Ciudad Autónoma de Buenos Aires","Buenos Aires",Argentina,100001195902845,"Anoland Lorenzo",https://www.facebook.com/anoland.lorenzo,1
Edgar,Ambartsoumian,edgar.ambartsoumian@facebook.com,"07 de Junio",https://www.facebook.com/edgar.ambartsoumian,,,"Ciudad Autónoma de Buenos Aires","Buenos Aires",Argentina,1413092552,"Gisela Indjadjik",https://www.facebook.com/gisela.indjadjik,1
Paula,Bauza,paulitabauza@facebook.com,"07 de Junio",https://www.facebook.com/paulitabauza,,,"Ciudad Autónoma de Buenos Aires","Buenos Aires",Argentina,1068096461,"Chanchi Martinez",https://www.facebook.com/chanchi.martinez,1
Chuli,Ryan,chuuli.ryan@facebook.com,"07 de Junio",https://www.facebook.com/chuuli.ryan,21,,"Ciudad Autónoma de Buenos Aires","Buenos Aires",Argentina,1574079533,"Christian Douer Chuky",https://www.facebook.com/christian.chuky,1
Nicolás,Denti,nicolas.denti.1@facebook.com,"07 de Junio",https://www.facebook.com/nicolas.denti.1,23,"Parque Chas","Ciudad Autónoma de Buenos Aires","Buenos Aires",Argentina,1207016148,"Rodrigo Vega",,1
Florencia,Pedatella,florencia.pedatella@facebook.com,"07 de Junio",https://www.facebook.com/florencia.pedatella,25,,"Ciudad Autónoma de Buenos Aires","Buenos Aires",Argentina,100000425841824,"Rafael Roca",https://www.facebook.com/roca.rafael,1
Rita,Holak,rita.holak@facebook.com,"07 de Junio",https://www.facebook.com/rita.holak,,,"Ciudad Autónoma de Buenos Aires","Buenos Aires",Argentina,1144232441,"Divino Vestuario Salve",https://www.facebook.com/salvedivinovestuario,1
Nina,Knutzen,martu.dogherty@facebook.com,"07 de Junio",https://www.facebook.com/martu.dogherty,24,"Buenos Aires","Buenos Aires","Buenos Aires",Argentina,1221603122,"Peter GC",0,1
Nahuel,Juarez,nahuel.juarez.758@facebook.com,"07 de Junio",https://www.facebook.com/nahuel.juarez.758,24,,"Ciudad Autónoma de Buenos Aires","Buenos Aires",Argentina,100002259223432,"Ale Arias Mandarine Park",,1
Uñas,Esculpidas,unas.esculpidas.96@facebook.com,"07 de Junio",https://www.facebook.com/unas.esculpidas.96,22,,"Ciudad Autónoma de Buenos Aires","Buenos Aires",Argentina,100002031217143,"Gisele Fratini",https://www.facebook.com/giakdmik,1
Huella,"Mnemica Rock",huella.mnemica@facebook.com,"08 de Junio",https://www.facebook.com/huella.mnemica,25,,"Ciudad Autónoma de Buenos Aires","Buenos Aires",Argentina,1423097427,"Jessica Bellomo",https://www.facebook.com/JessBellomo,1
Despensa,"de Vajilla",despensa.devajilla@facebook.com,"08 de Junio",https://www.facebook.com/despensa.devajilla,,Avellaneda,"Ciudad Autónoma de Buenos Aires","Buenos Aires",Argentina,100003970743242,"Emme Elle Russo",https://www.facebook.com/emme.shantiom,1
Le,Unam,unamuan@facebook.com,"08 de Junio",https://www.facebook.com/unamuan,,,"Ciudad Autónoma de Buenos Aires","Buenos Aires",Argentina,1229321455,"David Zalasar",https://www.facebook.com/Davidcocktails,1
Juli,Walsh,juli.walsh.52@facebook.com,"08 de Junio",https://www.facebook.com/juli.walsh.52,28,,"Ciudad Autónoma de Buenos Aires","Buenos Aires",Argentina,100001540365136,"Calvin Peterson",,1
Marielos,Cid,marielos.cid@facebook.com,"08 de Junio",https://www.facebook.com/marielos.cid,,,"Ciudad Autónoma de Buenos Aires","Buenos Aires",Argentina,505995791,"Justin Temperley",https://www.facebook.com/justin.temperley,1
Fede,Tinelli,fede.tinelli@facebook.com,"08 de Junio",https://www.facebook.com/fede.tinelli,,,"Ciudad Autónoma de Buenos Aires","Buenos Aires",Argentina,1467086070,"Agus Rodriguez",,1
Edward,Edward,braian.demarccopfa@facebook.com,"08 de Junio",https://www.facebook.com/braian.demarccopfa,27,"Buenos Aires","Buenos Aires","Buenos Aires",Argentina,100002095525331,"Lupe Dávalos",0,1
Emanuelcabj,Suasnaba,emanuelsuasnaba@facebook.com,"08 de Junio",https://www.facebook.com/emanuelsuasnaba,30,,"Ciudad Autónoma de Buenos Aires","Buenos Aires",Argentina,1188827814,"Vanina Lopez Baroni",https://www.facebook.com/vaninalb,1
Luciano,"Garin Troyer",luciano.garintroyer@facebook.com,"08 de Junio",https://www.facebook.com/luciano.garintroyer,,Array,"Ciudad Autónoma de Buenos Aires","Buenos Aires",Argentina,100001821738163,"Clara Nosiglia",0,1
Laura,Caro,laura.caro.568@facebook.com,"08 de Junio",https://www.facebook.com/laura.caro.568,,,"Ciudad Autónoma de Buenos Aires","Buenos Aires",Argentina,768537481,"Flor Scalise",https://www.facebook.com/flor.scalise,1
Rosa,Nuñez,rosa.nunez.984@facebook.com,"08 de Junio",https://www.facebook.com/rosa.nunez.984,,,"Ciudad Autónoma de Buenos Aires","Buenos Aires",Argentina,100001209656026,"Gabi López",,1
Flor,Duartez,turra.duartez@facebook.com,"08 de Junio",https://www.facebook.com/Turra.duartez,,,"Ciudad Autónoma de Buenos Aires","Buenos Aires",Argentina,100000482498011,"Facu Denegri",,1
Daniel,Lima,daniel.lima.79656921@facebook.com,"08 de Junio",https://www.facebook.com/daniel.lima.79656921,,,"Ciudad Autónoma de Buenos Aires","Buenos Aires",Argentina,1424768341,"Amalia Mihaljevic",https://www.facebook.com/amalia.mihaljevic,1
Lidia,Oviedo,lidia.oviedo.37@facebook.com,"08 de Junio",https://www.facebook.com/lidia.oviedo.37,26,,"Ciudad Autónoma de Buenos Aires","Buenos Aires",Argentina,1522708724,"Estefania Rodriguez",,1
Agustina,Borghi,agustina.borghi@facebook.com,"08 de Junio",https://www.facebook.com/agustina.borghi,26,,"Ciudad Autónoma de Buenos Aires","Buenos Aires",Argentina,1370205913,"Ivan Lisz",,1
Castillo,"Alquiler de Vestuario",castillo.alquilervestuario@facebook.com,"08 de Junio",https://www.facebook.com/castillo.alquilervestuario,,,"Ciudad Autónoma de Buenos Aires","Buenos Aires",Argentina,100005624581051,"Barby Lanata",https://www.facebook.com/barby.lanata,1
Syntîa,Dávîla,syntia.davila@facebook.com,"08 de Junio",https://www.facebook.com/syntia.davila,,,"Ciudad Autónoma de Buenos Aires","Buenos Aires",Argentina,100000463423608,"Christian Douer Chuky",https://www.facebook.com/christian.chuky,1
Belencii,Ttah,beleenciittaah@facebook.com,"08 de Junio",https://www.facebook.com/beleenciittaah,,,"Ciudad Autónoma de Buenos Aires","Buenos Aires",Argentina,100000203299836,"Juanma Ramirez",,1
GS-Style,"Alquiler de Livings",gsstyle.alquilerdelivings@facebook.com,"08 de Junio",https://www.facebook.com/gsstyle.alquilerdelivings,,Saavedra,"Ciudad Autónoma de Buenos Aires","Buenos Aires",Argentina,100001977471523,"Flor Vischi Cortés",https://www.facebook.com/flor.vischi,1
Natalia,Cusano,natalia.cusano@facebook.com,"08 de Junio",https://www.facebook.com/natalia.cusano,,,"Ciudad Autónoma de Buenos Aires","Buenos Aires",Argentina,100002030707318,"Charly Ruez",https://www.facebook.com/charly.ruez,1
Ornella,Lotufo,ornella.lotufo@facebook.com,"08 de Junio",https://www.facebook.com/ornella.lotufo,24,,"Ciudad Autónoma de Buenos Aires","Buenos Aires",Argentina,767442577,"Dani Escala",https://www.facebook.com/danielaescala,1
Emicars,Viajes,emicarstraveloficial@facebook.com,"08 de Junio",https://www.facebook.com/emicarstraveloficial,27,,"Ciudad Autónoma de Buenos Aires","Buenos Aires",Argentina,100005162319752,"Melo Dellarole",https://www.facebook.com/melodellarole,1
Oz,Dai,oz.dai.5@facebook.com,"08 de Junio",https://www.facebook.com/oz.dai.5,27,,"Ciudad Autónoma de Buenos Aires","Buenos Aires",Argentina,100001490555538,"Santiago Villanueva",https://www.facebook.com/santiago.villanueva,1
María,Ivanovich,butiiiyj@facebook.com,"08 de Junio",https://www.facebook.com/butiiiyj,29,,"Ciudad Autónoma de Buenos Aires","Buenos Aires",Argentina,100001819673414,"Emiliano Pirolo",https://www.facebook.com/emi.pirolo,1
Flora,Murua,fleur.murua@facebook.com,"08 de Junio",https://www.facebook.com/fleur.murua,26,,"Ciudad Autónoma de Buenos Aires","Buenos Aires",Argentina,1347512407,"Juan Antonio Papagni Meca",https://www.facebook.com/juanantoniopapagnimeca,1
Agus,Vons,agus.vons@facebook.com,"08 de Junio",https://www.facebook.com/agus.vons,,,"Ciudad Autónoma de Buenos Aires","Buenos Aires",Argentina,1322801793,"Christian Douer Chuky",https://www.facebook.com/christian.chuky,1
Alexia,Baralia,alexia.baralia@facebook.com,"08 de Junio",https://www.facebook.com/alexia.baralia,,,"Ciudad Autónoma de Buenos Aires","Buenos Aires",Argentina,549774419,"Belu Pagliettini",https://www.facebook.com/belu.pagliettini,1
Cintia,Moran,cint.love@facebook.com,"08 de Junio",https://www.facebook.com/cint.love,,,"Ciudad Autónoma de Buenos Aires","Buenos Aires",Argentina,100002167357211,"Federico Tonero",https://www.facebook.com/fedeton,1
"Sabrina Alejandra",Nieva,sabruchiss@facebook.com,"08 de Junio",https://www.facebook.com/sabruchiss,26,,"Ciudad Autónoma de Buenos Aires","Buenos Aires",Argentina,1266180546,"Silvia Fernandez",https://www.facebook.com/silviafernandezchivi,1
Silvana,Cañadas,symba.films.fotos@facebook.com,"08 de Junio",https://www.facebook.com/Symba.Films.Fotos,,,"Ciudad Autónoma de Buenos Aires","Buenos Aires",Argentina,100001631591818,"Sofi Donantueno",https://www.facebook.com/sofi.donantueno,1
Piccolino,Urquiza,piccolino.urquiza@facebook.com,"08 de Junio",https://www.facebook.com/piccolino.urquiza,29,,"Ciudad Autónoma de Buenos Aires","Buenos Aires",Argentina,100003327596789,"Flor Scalise",https://www.facebook.com/flor.scalise,1
Ephra,Femenina,ephra.argentina@facebook.com,"08 de Junio",https://www.facebook.com/EPHRA.ARGENTINA,,,"Ciudad Autónoma de Buenos Aires","Buenos Aires",Argentina,100001360094447,"Yanina Battiato",,1
Juanchii,Espinosa,juanchii.12@facebook.com,"08 de Junio",https://www.facebook.com/Juanchii.12,,,"Ciudad Autónoma de Buenos Aires","Buenos Aires",Argentina,1206765879,"Aniita Canta",https://www.facebook.com/Aniita.Canta,1
Lucila,"Fernandez Herrero",lucilafh@facebook.com,"08 de Junio",https://www.facebook.com/lucilafh,,,"Ciudad Autónoma de Buenos Aires","Buenos Aires",Argentina,1349768225,"Joshua Oglio",,1
Barby,Etchecopar,barbyteranetchecopar@facebook.com,"08 de Junio",https://www.facebook.com/barbyteranetchecopar,25,,"Ciudad Autónoma de Buenos Aires","Buenos Aires",Argentina,513416307,"Lucas Malaret",https://www.facebook.com/lmalaret,1
Martin,D'Amato,martin.r.damato@facebook.com,"08 de Junio",https://www.facebook.com/martin.r.damato,,,"Ciudad Autónoma de Buenos Aires","Buenos Aires",Argentina,100000069037950,"Brian Cano",,1
Showmodels,Desfiles,rumi.buenosaires@facebook.com,"08 de Junio",https://www.facebook.com/rumi.buenosaires,,"Puerto Madero","Ciudad Autónoma de Buenos Aires","Buenos Aires",Argentina,100001100292976,"Mia Miry Ponce",,1
Gaby,"Di Navarro",circusdg@facebook.com,"08 de Junio",https://www.facebook.com/circusdg,,"Buenos Aires","Buenos Aires","Buenos Aires",Argentina,1212398104,"Peter GC",0,1
Ezequiel,"La Fratta",ezequiellafratta@facebook.com,"08 de Junio",https://www.facebook.com/EzequielLaFratta,23,,"Ciudad Autónoma de Buenos Aires","Buenos Aires",Argentina,1126931822,"Carli Pellizzaro",https://www.facebook.com/Carlii,1
Fee,De,fede.eldiablo@facebook.com,"08 de Junio",https://www.facebook.com/fede.eldiablo,21,,"Ciudad Autónoma de Buenos Aires","Buenos Aires",Argentina,1644045329,"Belu Piacentino",https://www.facebook.com/belenpiacentino,1
Agustina,Venier,agustina.venier.5@facebook.com,"08 de Junio",https://www.facebook.com/agustina.venier.5,21,,"Ciudad Autónoma de Buenos Aires","Buenos Aires",Argentina,1271717729,"Jero Salsamendi",https://www.facebook.com/jero.salsamendi,1
Ideo,Indumentaria,ideo.indumentaria@facebook.com,"08 de Junio",https://www.facebook.com/ideo.indumentaria,,,"Ciudad Autónoma de Buenos Aires","Buenos Aires",Argentina,1832733007,"Divino Vestuario Salve",https://www.facebook.com/salvedivinovestuario,1
Non,Serviam,nonserviam2012@facebook.com,"08 de Junio",https://www.facebook.com/Nonserviam2012,29,,"Ciudad Autónoma de Buenos Aires","Buenos Aires",Argentina,100000284841911,"Noelia Juskiewicz",https://www.facebook.com/noelia.juskiewicz,1
Fede,Batista,fede.batista.96@facebook.com,"08 de Junio",https://www.facebook.com/fede.batista.96,29,,"Ciudad Autónoma de Buenos Aires","Buenos Aires",Argentina,685096251,"Diego Binayan",https://www.facebook.com/diego.binayan,1
Marto,Alegre,marto.alegre.1@facebook.com,"08 de Junio",https://www.facebook.com/marto.alegre.1,,,"Ciudad Autónoma de Buenos Aires","Buenos Aires",Argentina,100002163473560,"Estefi Hilarza",https://www.facebook.com/estefi.hilarza,1
Pochi,Freda,pochi.de.horan@facebook.com,"08 de Junio",https://www.facebook.com/pochi.de.horan,22,,"Ciudad Autónoma de Buenos Aires","Buenos Aires",Argentina,100000214298902,"Anto Melgarejo",https://www.facebook.com/antho.melgarejo,1
Lutzi,Estella,lucia.estella@facebook.com,"09 de Junio",https://www.facebook.com/lucia.estella,26,,"Ciudad Autónoma de Buenos Aires","Buenos Aires",Argentina,1154535915,"Karina Gianelli",https://www.facebook.com/karina.gianelli,1
Luz,Arte,marialuz.ippolito@facebook.com,"09 de Junio",https://www.facebook.com/marialuz.ippolito,30,"Buenos Aires","Buenos Aires","Buenos Aires",Argentina,1116369413,"Fett Maidana",0,1
Nicolas,Carbonari,nicolas.carbonari@facebook.com,"09 de Junio",https://www.facebook.com/nicolas.carbonari,,,"Ciudad Autónoma de Buenos Aires","Buenos Aires",Argentina,693856025,"Agustina Gorrini",https://www.facebook.com/agustina.gorrini,1
Camuu,"Escudero Burgos",camila.escuderoburgos@facebook.com,"09 de Junio",https://www.facebook.com/camila.escuderoburgos,26,,"Ciudad Autónoma de Buenos Aires","Buenos Aires",Argentina,100002904657468,"Agustina Pelle Müller",,1
Pipy,Lopez,pipy.lopez@facebook.com,"09 de Junio",https://www.facebook.com/pipy.lopez,,,"Ciudad Autónoma de Buenos Aires","Buenos Aires",Argentina,100002036180115,"Yanina Toto",https://www.facebook.com/yanina.toto,1
Fernanda,Blumenkranc,fernanda.blumenkranc@facebook.com,"09 de Junio",https://www.facebook.com/fernanda.blumenkranc,26,,"Ciudad Autónoma de Buenos Aires","Buenos Aires",Argentina,1567758676,"Victoria Roldán",https://www.facebook.com/marievickyroldan,1
Area,Underradio,krivoarea@facebook.com,"09 de Junio",https://www.facebook.com/krivoarea,,,"Ciudad Autónoma de Buenos Aires","Buenos Aires",Argentina,1440646739,"Silvia Mesa Fernandez",https://www.facebook.com/silvia.mesafernandez,1
Alexia,Aguzezko,alexia.aguzezko@facebook.com,"09 de Junio",https://www.facebook.com/alexia.aguzezko,,,"Ciudad Autónoma de Buenos Aires","Buenos Aires",Argentina,655028382,"Ivon Andersson",https://www.facebook.com/ivon.andersson,1
Gabriel,Almiron,gabriel.almiron.79@facebook.com,"09 de Junio",https://www.facebook.com/gabriel.almiron.79,,,"Ciudad Autónoma de Buenos Aires","Buenos Aires",Argentina,100000130051126,"Tatiana Petroccelli",https://www.facebook.com/tanshanita,1
Valen,Pucarelli,valen.puca@facebook.com,"09 de Junio",https://www.facebook.com/valen.puca,,,"Ciudad Autónoma de Buenos Aires","Buenos Aires",Argentina,1637029656,"Maanu C. Rebori",https://www.facebook.com/maanu,1
"Victoria Aldana","Vieyra Dos",victoriaaldana.vieyrados@facebook.com,"09 de Junio",https://www.facebook.com/victoriaaldana.vieyrados,26,,"Ciudad Autónoma de Buenos Aires","Buenos Aires",Argentina,100002540938589,"Nahu Millicay Pereyra",https://www.facebook.com/nahumilli,1
"Sabrina Elizabet",Rubio,sabrinaelizabet.rubio@facebook.com,"09 de Junio",https://www.facebook.com/sabrinaelizabet.rubio,,,"Ciudad Autónoma de Buenos Aires","Buenos Aires",Argentina,100000139018526,"Gastón Alejandro Di Lella",https://www.facebook.com/gastondilella,1
Mati,Romano,mati.romano.5@facebook.com,"09 de Junio",https://www.facebook.com/mati.romano.5,,,"Ciudad Autónoma de Buenos Aires","Buenos Aires",Argentina,505649093,"Natalia Oviedo",,1
Nelson,"Miranda Costa",nelson.mirandacosta@facebook.com,"09 de Junio",https://www.facebook.com/nelson.mirandacosta,,,"Ciudad Autónoma de Buenos Aires","Buenos Aires",Argentina,1461470523,"Chanchi Martinez",https://www.facebook.com/chanchi.martinez,1
Nati,Celano,natalia.celano@facebook.com,"09 de Junio",https://www.facebook.com/natalia.celano,,,"Ciudad Autónoma de Buenos Aires","Buenos Aires",Argentina,1457291351,"Jonathan Julian",,1
ENtrama,Espacio,entrama.espacio@facebook.com,"09 de Junio",https://www.facebook.com/entrama.espacio,,"San Telmo","Ciudad Autónoma de Buenos Aires","Distrito Federal",Argentina,100004000461044,"Aldana Queirolo",https://www.facebook.com/aldana.queirolo,1
Rossy,Franco,rossy.franco.129@facebook.com,"09 de Junio",https://www.facebook.com/rossy.franco.129,25,"Buenos Aires","Buenos Aires","Buenos Aires",Argentina,100003433537217,"Fett Maidana",0,1
Milena,Lopez,milena.lopez3@facebook.com,"09 de Junio",https://www.facebook.com/milena.lopez3,,,"Ciudad Autónoma de Buenos Aires","Buenos Aires",Argentina,1040798134,"Eugenia Vega",https://www.facebook.com/eugenitavega,1
Florencia,Cantiani,fernandittalov@facebook.com,"09 de Junio",https://www.facebook.com/fernandittalov,26,,"Ciudad Autónoma de Buenos Aires","Buenos Aires",Argentina,1525701750,"Cecilia Martinez Etchevers",https://www.facebook.com/ceciliaetc,1
PH,Trigger,juliocoronel.80@facebook.com,"09 de Junio",https://www.facebook.com/juliocoronel.80,,,"Ciudad Autónoma de Buenos Aires","Buenos Aires",Argentina,100001156416243,"Riberas Del Parana",https://www.facebook.com/riberas.delparana,1
Bixe,Rancho,bixe.tls@facebook.com,"09 de Junio",https://www.facebook.com/bixe.tls,21,,"Ciudad Autónoma de Buenos Aires","Buenos Aires",Argentina,100002840297699,"Giselle G Mas",https://www.facebook.com/ftw.73,1
Giuliana,Maglietti,giuli.maglietti@facebook.com,"09 de Junio",https://www.facebook.com/giuli.maglietti,,,"Ciudad Autónoma de Buenos Aires","Buenos Aires",Argentina,1222542367,"Christian Marconi",https://www.facebook.com/gmarconi.turismo,1
Soledad,Cincallegro,soledad.cincallegro@facebook.com,"09 de Junio",https://www.facebook.com/soledad.cincallegro,30,,"Ciudad Autónoma de Buenos Aires","Buenos Aires",Argentina,1054627470,"Gisele Galia",https://www.facebook.com/gisele.galia,1
"Cecilia Marta","Lucero Costamagna",ceciliamarta.lucerocostamagna@facebook.com,"09 de Junio",https://www.facebook.com/ceciliamarta.lucerocostamagna,,,"Ciudad Autónoma de Buenos Aires","Buenos Aires",Argentina,1264180847,"Silvia Grun",,1
Manuela,Libardi,manuela.libardi@facebook.com,"09 de Junio",https://www.facebook.com/manuela.libardi,,,"Ciudad Autónoma de Buenos Aires","Buenos Aires",Argentina,778153687,"Rochi Christensen",https://www.facebook.com/rochi.christensen,1
Agustina,Ferro,agustina.ferro.7@facebook.com,"09 de Junio",https://www.facebook.com/agustina.ferro.7,24,,"Ciudad Autónoma de Buenos Aires","Buenos Aires",Argentina,100003356540838,"Nahu Millicay Pereyra",https://www.facebook.com/nahumilli,1
Normy,Esriner,normy.esriner@facebook.com,"09 de Junio",https://www.facebook.com/normy.esriner,,,"Ciudad Autónoma de Buenos Aires","Buenos Aires",Argentina,1699917812,"Flor Scalise",https://www.facebook.com/flor.scalise,1
Fiestas,"En Recoleta",fiestasrecoleta@facebook.com,"09 de Junio",https://www.facebook.com/FiestasRecoleta,24,Recoleta,"Ciudad Autónoma de Buenos Aires","Distrito Federal",Argentina,100002540493208,"Aylu Macchi",,1
Instituto,"De Danzas Arabes",instituto.dedanzasarabes@facebook.com,"09 de Junio",https://www.facebook.com/instituto.dedanzasarabes,,"Villa Del Parque","Ciudad Autónoma de Buenos Aires","Buenos Aires",Argentina,779679035,"Maria DEL Mar",,1
Jaky,Gonzalez,jaky.gonzalez@facebook.com,"09 de Junio",https://www.facebook.com/jaky.gonzalez,,"Buenos Aires","Buenos Aires","Buenos Aires",Argentina,1099996200,"Alan Yun",0,1
"Kono Temakeria",Eventos,konotemakeria.eventos@facebook.com,"09 de Junio",https://www.facebook.com/konotemakeria.eventos,,,"Ciudad Autónoma de Buenos Aires","Buenos Aires",Argentina,100002594660087,"Analia Torio",https://www.facebook.com/analia.torio1,1
Aaron,Hauser,aaron.hauser.33@facebook.com,"09 de Junio",https://www.facebook.com/aaron.hauser.33,26,,"Ciudad Autónoma de Buenos Aires","Buenos Aires",Argentina,100003568818374,"Cami Weng",,1
Anémona,Tienda,anemonanemona@facebook.com,"09 de Junio",https://www.facebook.com/anemonanemona,,,"Ciudad Autónoma de Buenos Aires","Buenos Aires",Argentina,100002632120651,"Pia Bocchino",https://www.facebook.com/pia.bocchino,1
Sistec,"Enerclass S A",sistec.enerclasssa@facebook.com,"09 de Junio",https://www.facebook.com/sistec.enerclasssa,25,,"Ciudad Autónoma de Buenos Aires","Buenos Aires",Argentina,1648266394,"Clara Ryan",https://www.facebook.com/clariryaneventos,1
Wonderfantasy,MerchanStore,wonderfantasy.merchanstore@facebook.com,"09 de Junio",https://www.facebook.com/wonderfantasy.merchanstore,,,"Ciudad Autónoma de Buenos Aires","Buenos Aires",Argentina,100001160841769,"Jobs Bar",https://www.facebook.com/jobsbar,1
Daiana,Gomez,daianagonex@facebook.com,"09 de Junio",https://www.facebook.com/daianagonex,,,"Ciudad Autónoma de Buenos Aires","Buenos Aires",Argentina,100001028912429,"Maria Quevedo",https://www.facebook.com/mery.quevedo3,1
Laurinha,"Videla Jáuregui",laurinha.videlajauregui@facebook.com,"09 de Junio",https://www.facebook.com/laurinha.videlajauregui,,,"Ciudad Autónoma de Buenos Aires","Buenos Aires",Argentina,1529170251,"Marina Castagnino",https://www.facebook.com/castagnino,1
Sofi,Vallejos,sovallejos@facebook.com,"09 de Junio",https://www.facebook.com/sovallejos,,,"Ciudad Autónoma de Buenos Aires","Buenos Aires",Argentina,1122705379,"Micu Mc Hardy",https://www.facebook.com/micu.hardy,1
Fer,Lemes,roberto.lemes.7315@facebook.com,"09 de Junio",https://www.facebook.com/roberto.lemes.7315,27,"Buenos Aires","Buenos Aires","Buenos Aires",Argentina,100004281254005,"Alan Yun",0,1
Carolina,Ponce,carolina.ponce.522@facebook.com,"09 de Junio",https://www.facebook.com/carolina.ponce.522,30,,"Ciudad Autónoma de Buenos Aires","Buenos Aires",Argentina,100002517386325,"Tatiana Petroccelli",https://www.facebook.com/tanshanita,1
Marain,Wilen,marinawilensky@facebook.com,"09 de Junio",https://www.facebook.com/marinawilensky,28,"Buenos Aires","Buenos Aires","Buenos Aires",Argentina,664306897,"Alejandro Dixon",0,1
Bellagamba,Hervatin,bellagamba.hervatin@facebook.com,"09 de Junio",https://www.facebook.com/bellagamba.hervatin,29,,"Ciudad Autónoma de Buenos Aires","Buenos Aires",Argentina,1775274107,"Luz Adamo",https://www.facebook.com/luz.adamo,1
Tincho,Schnaider,tiiinchoo.87@facebook.com,"09 de Junio",https://www.facebook.com/tiiinchoo.87,27,,"Ciudad Autónoma de Buenos Aires","Buenos Aires",Argentina,1288305841,"Ingrid Sondergaard",https://www.facebook.com/ingridfash,1
Florr,Brs,florr.brs@facebook.com,"09 de Junio",https://www.facebook.com/florr.brs,24,Barracas,"Ciudad Autónoma de Buenos Aires","Buenos Aires",Argentina,1362381951,"Christian Douer Chuky",https://www.facebook.com/christian.chuky,1
Daniela,Pereiro,bebo.pereiro@facebook.com,"09 de Junio",https://www.facebook.com/bebo.pereiro,27,,"Ciudad Autónoma de Buenos Aires","Buenos Aires",Argentina,674972369,"Julieta Abreu Frank",https://www.facebook.com/julieta.abreufrank,1
Camila,Villalba,camila.villalba.1829@facebook.com,"09 de Junio",https://www.facebook.com/camila.villalba.1829,24,,"Ciudad Autónoma de Buenos Aires","Buenos Aires",Argentina,100000506421258,"Jonathan Julian",,1
Leonel,Sinay,leonel.sinay@facebook.com,"09 de Junio",https://www.facebook.com/leonel.sinay,21,,"Ciudad Autónoma de Buenos Aires","Buenos Aires",Argentina,1510145680,"Jenny Barco",https://www.facebook.com/jenny.barco,1
Vladyslav,Ataman,vladyslavataman@facebook.com,"09 de Junio",https://www.facebook.com/vladyslavataman,23,,"Ciudad Autónoma de Buenos Aires","Buenos Aires",Argentina,1422061888,"Vicky Diaz",,1
Mara,Riveros,mara.riveros@facebook.com,"09 de Junio",https://www.facebook.com/mara.riveros,,,"Ciudad Autónoma de Buenos Aires","Buenos Aires",Argentina,100002451361854,"Valentino Fabre",https://www.facebook.com/valenfabre,1
Paul,SZ,paulcast86@facebook.com,"09 de Junio",https://www.facebook.com/paulcast86,,,"Ciudad Autónoma de Buenos Aires","Buenos Aires",Argentina,1303759804,"Julieta Belen",,1
Rodrigo,Cura,rodrigo.cura.9@facebook.com,"09 de Junio",https://www.facebook.com/rodrigo.cura.9,25,,"Ciudad Autónoma de Buenos Aires","Buenos Aires",Argentina,665277947,"Belu Pagliettini",https://www.facebook.com/belu.pagliettini,1
No,Este'fb,unavozentucabezaestaleyendoesto@facebook.com,"10 de Junio",https://www.facebook.com/UnaVozEnTuCabezaEstaLeyendoEsto,,"Villa Del Parque","Ciudad Autónoma de Buenos Aires","Distrito Federal",Argentina,100003061433544,"Brian Cano",,1
Felipe,Bertoncini,felipe.bertoncini@facebook.com,"10 de Junio",https://www.facebook.com/felipe.bertoncini,,,"Ciudad Autónoma de Buenos Aires","Buenos Aires",Argentina,722448532,"Maanu C. Rebori",https://www.facebook.com/maanu,1
Algo,Bonito,algo.bonito.3@facebook.com,"10 de Junio",https://www.facebook.com/algo.bonito.3,26,,"Ciudad Autónoma de Buenos Aires","Buenos Aires",Argentina,100002223952649,"Anita Ghersinich",https://www.facebook.com/anita.ghersinich,1
Micabelen,Simon,micaelabelen.simon@facebook.com,"10 de Junio",https://www.facebook.com/micaelabelen.simon,,Recoleta,"Ciudad Autónoma de Buenos Aires","Buenos Aires",Argentina,100004392546326,"Carla Diaz",,1
Paula,Devoto,pdevoto1@facebook.com,"10 de Junio",https://www.facebook.com/pdevoto1,,,"Ciudad Autónoma de Buenos Aires","Buenos Aires",Argentina,677199556,"Sebastian Diaz",https://www.facebook.com/sebastiantatudiaz,1
Gonzalo,"Serrano Redonnet",gonzalo.serranoredonnet@facebook.com,"10 de Junio",https://www.facebook.com/gonzalo.serranoredonnet,,,"Ciudad Autónoma de Buenos Aires","Buenos Aires",Argentina,1006429061,"M Agustina Ciarla Quintana",https://www.facebook.com/magustina.quintana,1
"Ana Gabriela","Olmos Ramos",anagabriela.olmosramos@facebook.com,"10 de Junio",https://www.facebook.com/anagabriela.olmosramos,22,,"Ciudad Autónoma de Buenos Aires","Buenos Aires",Argentina,100001780486201,"Emanuel Gaston Perdigues",https://www.facebook.com/emaxpx,1
Caroo,Schamray,caroo.schamray@facebook.com,"10 de Junio",https://www.facebook.com/caroo.schamray,21,,"Ciudad Autónoma de Buenos Aires","Buenos Aires",Argentina,1161611125,"Sele Raimundo",https://www.facebook.com/sele.raimundo,1
Shifttravel,Shifttravel,shifttravel.shifttravel@facebook.com,"10 de Junio",https://www.facebook.com/shifttravel.shifttravel,28,,"Ciudad Autónoma de Buenos Aires","Buenos Aires",Argentina,100005953028235,"Carli Pellizzaro",https://www.facebook.com/Carlii,1
Grupo,Muda,grupomudaba@facebook.com,"10 de Junio",https://www.facebook.com/grupomudaba,24,"Buenos Aires","Buenos Aires","Buenos Aires",Argentina,100002535371798,"Clara Nosiglia",0,1
Lookeame,Lookeame,portal.salud.94@facebook.com,"10 de Junio",https://www.facebook.com/portal.salud.94,,,"Ciudad Autónoma de Buenos Aires","Buenos Aires",Argentina,100001140118467,"Silvana Garcia Marciafava",https://www.facebook.com/silvana.marciafava,1
Michelle,Spoltore,michelle.spoltore@facebook.com,"10 de Junio",https://www.facebook.com/michelle.spoltore,,,"Ciudad Autónoma de Buenos Aires","Buenos Aires",Argentina,1111072128,"Maanu C. Rebori",https://www.facebook.com/maanu,1
Andi,Bandeo,andibandeo@facebook.com,"10 de Junio",https://www.facebook.com/andibandeo,,,"Ciudad Autónoma de Buenos Aires","Buenos Aires",Argentina,1008590853,"Sele Raimundo",https://www.facebook.com/sele.raimundo,1
Agus,Bramuglia,agusbramuglia@facebook.com,"10 de Junio",https://www.facebook.com/AgusBramuglia,,,"Ciudad Autónoma de Buenos Aires","Buenos Aires",Argentina,1541310455,"Miranda Toderi",https://www.facebook.com/miranda.toderi,1
Heber,Jcp,heber.jcp@facebook.com,"10 de Junio",https://www.facebook.com/heber.jcp,,,"Ciudad Autónoma de Buenos Aires","Buenos Aires",Argentina,100005190190471,"Joaquin Barraco",https://www.facebook.com/chino.barraco,1
Caro,Boggio,carito.boggio@facebook.com,"10 de Junio",https://www.facebook.com/carito.boggio,,,"Ciudad Autónoma de Buenos Aires","Buenos Aires",Argentina,730711037,"Victoria Roldán",https://www.facebook.com/marievickyroldan,1
Fede,Sivina,kolakoo@facebook.com,"10 de Junio",https://www.facebook.com/kolakoo,21,,"Ciudad Autónoma de Buenos Aires","Buenos Aires",Argentina,1095002963,"Jenny Barco",https://www.facebook.com/jenny.barco,1
Alexia,Lopez,alexia.lopez.7739@facebook.com,"10 de Junio",https://www.facebook.com/alexia.lopez.7739,,,"Ciudad Autónoma de Buenos Aires","Buenos Aires",Argentina,100002331056871,"Pablo Dandrea",https://www.facebook.com/pablo.dandrea,1
Belen,Esteves,belen.esteves1@facebook.com,"10 de Junio",https://www.facebook.com/belen.esteves1,27,,"Ciudad Autónoma de Buenos Aires","Buenos Aires",Argentina,1187065481,"Tatiana Petroccelli",https://www.facebook.com/tanshanita,1
Tomas,Politi,tomipoliti@facebook.com,"10 de Junio",https://www.facebook.com/tomipoliti,,,"Ciudad Autónoma de Buenos Aires","Buenos Aires",Argentina,773129077,"Nico Mackinlay",,1
Lucas,Poittevin,lucas.poittevin@facebook.com,"10 de Junio",https://www.facebook.com/lucas.poittevin,23,,"Ciudad Autónoma de Buenos Aires","Buenos Aires",Argentina,100001432142905,"Alan Volper",https://www.facebook.com/alan.volper,1
Gastii,Tres,gastii.tres@facebook.com,"10 de Junio",https://www.facebook.com/gastii.tres,28,,"Ciudad Autónoma de Buenos Aires","Buenos Aires",Argentina,1555902670,"Julio Bittancourt",https://www.facebook.com/jbittancourt,1
De,Bombin,de.bombin@facebook.com,"10 de Junio",https://www.facebook.com/de.bombin,25,,"Ciudad Autónoma de Buenos Aires","Buenos Aires",Argentina,100001101807892,"Joaco Alvarez Amuchástegui",,1
Camoes,Muebles,camoes.muebles@facebook.com,"10 de Junio",https://www.facebook.com/camoes.muebles,27,,"Ciudad Autónoma de Buenos Aires","Buenos Aires",Argentina,100000838953021,"Cynthia Tatiana Martinez Neves",https://www.facebook.com/cynthiatatiana.martinezne,1
Cammy,Beltrame,cammy.beltrame@facebook.com,"10 de Junio",https://www.facebook.com/cammy.beltrame,,,"Ciudad Autónoma de Buenos Aires","Buenos Aires",Argentina,100002496777990,"Agustina Pelle Müller",,1
Sebastián,Corvi,sebi.corvi@facebook.com,"10 de Junio",https://www.facebook.com/sebi.corvi,26,,"Ciudad Autónoma de Buenos Aires","Buenos Aires",Argentina,1203139160,"Isa Bensusan Millé",,1
Alan,"Marro Ayala",alan.marroayala@facebook.com,"10 de Junio",https://www.facebook.com/alan.marroayala,,Liniers,"Ciudad Autónoma de Buenos Aires","Buenos Aires",Argentina,1121194192,"Nell Rosales",https://www.facebook.com/nell.rosales,1
Umbral,Oscuro,umbral.oscuro@facebook.com,"10 de Junio",https://www.facebook.com/umbral.oscuro,,"Buenos Aires","Buenos Aires","Buenos Aires",Argentina,1840692161,"Fett Maidana",0,1
Diego,"De Liberta",papafraita@facebook.com,"10 de Junio",https://www.facebook.com/papafraita,23,,"Ciudad Autónoma de Buenos Aires","Buenos Aires",Argentina,100001819134312,"Agustina Pelle Müller",,1
Guille,Aredes,elrengo.dlb@facebook.com,"10 de Junio",https://www.facebook.com/elrengo.dlb,26,,"Ciudad Autónoma de Buenos Aires","Buenos Aires",Argentina,100000482750388,"Nadia Vannessa",https://www.facebook.com/nadiavannessa18,1
Julián,Suarez,julian.suarez.3956@facebook.com,"10 de Junio",https://www.facebook.com/julian.suarez.3956,,,"Ciudad Autónoma de Buenos Aires","Buenos Aires",Argentina,100000047868729,"Agustina Pelle Müller",,1
Zoe,Deenisee,mely.desanalberto.31@facebook.com,"10 de Junio",https://www.facebook.com/mely.desanalberto.31,,,"Ciudad Autónoma de Buenos Aires","Buenos Aires",Argentina,100004113843010,"Demián Gabriel",,1
Ariel,Lobo,maximomonzon@facebook.com,"10 de Junio",https://www.facebook.com/MAXIMOMONZON,,,"Ciudad Autónoma de Buenos Aires","Buenos Aires",Argentina,1190461294,"Luciana Poeltra",https://www.facebook.com/luciana.poeltra,1
Nicolas,Vanni,nicolas.vanni@facebook.com,"10 de Junio",https://www.facebook.com/nicolas.vanni,,,"Ciudad Autónoma de Buenos Aires","Buenos Aires",Argentina,1365311557,"Valeria Ayala",,1
Diego,Leguizamón,diego.o.leguizamom@facebook.com,"10 de Junio",https://www.facebook.com/diego.o.leguizamom,30,,"Ciudad Autónoma de Buenos Aires","Buenos Aires",Argentina,560693013,"Barby Lanata",https://www.facebook.com/barby.lanata,1
Leandro,Leandro,leandro.lein.5@facebook.com,"10 de Junio",https://www.facebook.com/leandro.lein.5,29,,"Ciudad Autónoma de Buenos Aires","Buenos Aires",Argentina,100001167642318,"Mia Miry Ponce",,1
Feria,"Reina Mora",feria.reina.mora@facebook.com,"10 de Junio",https://www.facebook.com/feria.reina.mora,24,,"Ciudad Autónoma de Buenos Aires","Buenos Aires",Argentina,100004241672388,"Felicitas Ghigliotti",https://www.facebook.com/felicitas.ghigliotti,1
"Casa Creativa",Foi,foidesign@facebook.com,"10 de Junio",https://www.facebook.com/foidesign,,,"Ciudad Autónoma de Buenos Aires","Buenos Aires",Argentina,100001862303186,"Jessica Bellomo",https://www.facebook.com/JessBellomo,1
Julian,Agüero,julianshiito.csir12@facebook.com,"10 de Junio",https://www.facebook.com/julianshiito.csir12,,"Villa Del Parque","Ciudad Autónoma de Buenos Aires","Distrito Federal",Argentina,100000116535620,"Brian Cano",,1
CR,Wines,crwines@facebook.com,"10 de Junio",https://www.facebook.com/CRWINES,,Chacarita,"Ciudad Autónoma de Buenos Aires","Buenos Aires",Argentina,100001581561062,"Andrea Flijer",https://www.facebook.com/andrea.flijer,1
Fede,Dubois,fede.dubi@facebook.com,"10 de Junio",https://www.facebook.com/fede.dubi,,,"Ciudad Autónoma de Buenos Aires","Buenos Aires",Argentina,1022336860,"Gustavo Pietrafesa",,1
Pablo,Latorre,pablo.latorre.7@facebook.com,"10 de Junio",https://www.facebook.com/pablo.latorre.7,29,,"Ciudad Autónoma de Buenos Aires","Buenos Aires",Argentina,1103598223,"La Rockeria",https://www.facebook.com/oveja1,1
Meli,Román,meli.roman.75@facebook.com,"11 de Junio",https://www.facebook.com/meli.roman.75,22,,"Ciudad Autónoma de Buenos Aires","Buenos Aires",Argentina,572488058,"Juan Martin Segre",https://www.facebook.com/juan.segre,1
Steve,Flores,steve.outdoor@facebook.com,"11 de Junio",https://www.facebook.com/steve.outdoor,,"Parque Chacabuco","Ciudad Autónoma de Buenos Aires","Buenos Aires",Argentina,1407198959,"Tatiana Petroccelli",https://www.facebook.com/tanshanita,1
"Fc Nicolas",Gonzalez,fcnicolas.gonzalez@facebook.com,"11 de Junio",https://www.facebook.com/fcnicolas.gonzalez,,,"Ciudad Autónoma de Buenos Aires","Buenos Aires",Argentina,100002506691681,"Silvia Fernandez",https://www.facebook.com/silviafernandezchivi,1
Patito,Quemera,patricia.villalba.507@facebook.com,"11 de Junio",https://www.facebook.com/patricia.villalba.507,24,"Villa Soldati","Ciudad Autónoma de Buenos Aires","Buenos Aires",Argentina,1448124222,"La Rockeria",https://www.facebook.com/oveja1,1
Daniel,Junes,daniel.junes.3@facebook.com,"11 de Junio",https://www.facebook.com/daniel.junes.3,23,,"Ciudad Autónoma de Buenos Aires","Buenos Aires",Argentina,100001594520686,"Elias Saul",https://www.facebook.com/elias.saul,1
Lucia,Szyszko,luciaaszyszko@facebook.com,"11 de Junio",https://www.facebook.com/LuciaaSzyszko,,,"Ciudad Autónoma de Buenos Aires","Buenos Aires",Argentina,100000233105820,"Brian Cano",,1
Pitu,Vale,spitu3@facebook.com,"11 de Junio",https://www.facebook.com/spitu3,,,"Ciudad Autónoma de Buenos Aires","Buenos Aires",Argentina,100000097032942,"Tatiana Petroccelli",https://www.facebook.com/tanshanita,1
Flopy,Battiato,flopy.battiato@facebook.com,"11 de Junio",https://www.facebook.com/flopy.battiato,,,"Ciudad Autónoma de Buenos Aires","Buenos Aires",Argentina,1640853590,"María Paz Short",https://www.facebook.com/paz.short,1
Roberto,Cisternas,roberto.cisternas.52@facebook.com,"11 de Junio",https://www.facebook.com/roberto.cisternas.52,,,"Ciudad Autónoma de Buenos Aires","Buenos Aires",Argentina,1567733049,"Cristian Andres Romano",,1
Peterr,Fermanelli,peterr.fermanelli@facebook.com,"11 de Junio",https://www.facebook.com/peterr.fermanelli,,,"Ciudad Autónoma de Buenos Aires","Buenos Aires",Argentina,100000975996823,"Juanita Lupetrone",https://www.facebook.com/jlupetrone,1
Mkdos,Merchandising,mkdos.merchandising@facebook.com,"11 de Junio",https://www.facebook.com/mkdos.merchandising,29,,"Ciudad Autónoma de Buenos Aires","Buenos Aires",Argentina,100002718506891,"Franco Marcoccia",https://www.facebook.com/franco.marcoccia,1
Lisandro,Campo,lisandrocampo@facebook.com,"11 de Junio",https://www.facebook.com/lisandrocampo,,,"Ciudad Autónoma de Buenos Aires","Buenos Aires",Argentina,1018412449,"Vicky Diaz",,1
Leandro,Man,manleandro@facebook.com,"11 de Junio",https://www.facebook.com/manleandro,,,"Ciudad Autónoma de Buenos Aires","Buenos Aires",Argentina,100001769741241,"Romi Flores",,1
Stadium,Deejays,stadium.dj@facebook.com,"11 de Junio",https://www.facebook.com/Stadium.Dj,,,"Ciudad Autónoma de Buenos Aires","Buenos Aires",Argentina,1407154432,"Romi Flores",,1
Reina,Miseria,reinamiseriahc@facebook.com,"11 de Junio",https://www.facebook.com/reinamiseriahc,26,,"Ciudad Autónoma de Buenos Aires","Buenos Aires",Argentina,1201654833,"Cristian Fernandez Villamor",https://www.facebook.com/cristian.fernandezvillamo,1
Maru,Esquivel,mariela.gonzalezesquivel@facebook.com,"11 de Junio",https://www.facebook.com/mariela.gonzalezesquivel,,,"Ciudad Autónoma de Buenos Aires","Buenos Aires",Argentina,100002741115058,"Brenda Fabregat",https://www.facebook.com/brenda.fabregat,1
"Marcos A.",Ledesma,marcosledesmanalldi@facebook.com,"11 de Junio",https://www.facebook.com/MarcosLedesmaNalldi,21,,"Ciudad Autónoma de Buenos Aires","Buenos Aires",Argentina,100003725292215,"Lucia Marti",https://www.facebook.com/luli.marti,1
Agustina,Dalessandri,agustina.dalessandri@facebook.com,"11 de Junio",https://www.facebook.com/agustina.dalessandri,26,"Buenos Aires","Buenos Aires","Buenos Aires",Argentina,100001352635577,"Erica Volpi Werkmann",0,1
Bebu,Aranda,bebu.aranda.5@facebook.com,"11 de Junio",https://www.facebook.com/bebu.aranda.5,21,,"Ciudad Autónoma de Buenos Aires","Buenos Aires",Argentina,100001033294277,"Juan Elias Catan",https://www.facebook.com/juan.724,1
Dario,Sanchetta,sancho34@facebook.com,"11 de Junio",https://www.facebook.com/sancho34,25,,"Ciudad Autónoma de Buenos Aires","Buenos Aires",Argentina,100000241028867,"Ignacio Lines Ceruti",https://www.facebook.com/ignacio.lines,1
Sabrina,Ayelen,aye.platense@facebook.com,"11 de Junio",https://www.facebook.com/aye.platense,26,,"Ciudad Autónoma de Buenos Aires","Buenos Aires",Argentina,1592062736,"Martín Álvarez BA I",https://www.facebook.com/Woody.Blair,1
Paoo,Gutierrez,pao110301@facebook.com,"11 de Junio",https://www.facebook.com/pao110301,26,,"Ciudad Autónoma de Buenos Aires","Buenos Aires",Argentina,100000942795366,"Agos Costas",https://www.facebook.com/agoscostas,1
Abyss,Calzados,abyss.carteras@facebook.com,"11 de Junio",https://www.facebook.com/abyss.carteras,26,,"Ciudad Autónoma de Buenos Aires","Buenos Aires",Argentina,100000948320863,"Agos Costas",https://www.facebook.com/agoscostas,1
Agostina,Menesini,agostinita.menesinini@facebook.com,"11 de Junio",https://www.facebook.com/agostinita.menesinini,24,,"Ciudad Autónoma de Buenos Aires","Buenos Aires",Argentina,100004349105534,"Agustin Justin",https://www.facebook.com/Agustin.Justin,1
Valen,Garrido,valentina.amordess@facebook.com,"11 de Junio",https://www.facebook.com/valentina.amordess,,,"Ciudad Autónoma de Buenos Aires","Buenos Aires",Argentina,1505314629,"Joaquin Barraco",https://www.facebook.com/chino.barraco,1
Franco,Tegaldi,ftegaldi@facebook.com,"11 de Junio",https://www.facebook.com/ftegaldi,21,,"Ciudad Autónoma de Buenos Aires","Buenos Aires",Argentina,632164708,"Ezequiel Perez",,1
Nahuel,Franco,nahuel.franco.526@facebook.com,"11 de Junio",https://www.facebook.com/nahuel.franco.526,,,"Ciudad Autónoma de Buenos Aires","Buenos Aires",Argentina,653244443,"Alejandra Diaz De Vivar",,1
Patricio,Maldonado,patricio.a.maldonado@facebook.com,"11 de Junio",https://www.facebook.com/patricio.a.maldonado,29,,"Ciudad Autónoma de Buenos Aires","Buenos Aires",Argentina,1186498219,"Aldana Queirolo",https://www.facebook.com/aldana.queirolo,1
Delfina,"Valdez Negri",delfina.valdeznegri@facebook.com,"11 de Junio",https://www.facebook.com/delfina.valdeznegri,24,,"Ciudad Autónoma de Buenos Aires","Buenos Aires",Argentina,100004900482069,"Romi Flores",,1
Marilyn,Ortiz,marilyn.r.ortiz.3@facebook.com,"11 de Junio",https://www.facebook.com/marilyn.r.ortiz.3,,,"Ciudad Autónoma de Buenos Aires","Buenos Aires",Argentina,1097365618,"Chivi Giler",https://www.facebook.com/chivigiler,1
Identidad,Punx,identidadpunx@facebook.com,"11 de Junio",https://www.facebook.com/identidadpunx,,,"Ciudad Autónoma de Buenos Aires","Buenos Aires",Argentina,1098444760,"Vanina Lopez Baroni",https://www.facebook.com/vaninalb,1
Catalina,Espósito,katu.esposito@facebook.com,"11 de Junio",https://www.facebook.com/katu.esposito,22,"Buenos Aires","Buenos Aires","Buenos Aires",Argentina,100001981696292,"Charly Ruez",0,1
Maru,Tobares,maru.tobares@facebook.com,"11 de Junio",https://www.facebook.com/maru.tobares,24,,"Ciudad Autónoma de Buenos Aires","Buenos Aires",Argentina,1421791835,"Fiestas Baires",,1
Nico,Perez,nico.uqz@facebook.com,"11 de Junio",https://www.facebook.com/nico.uqz,,,"Ciudad Autónoma de Buenos Aires","Buenos Aires",Argentina,1429740690,"Brian Cano",,1
Lau,Pattoglio,lau.pattoglio@facebook.com,"11 de Junio",https://www.facebook.com/lau.pattoglio,,,"Ciudad Autónoma de Buenos Aires","Buenos Aires",Argentina,1487264039,"Felipe Cianciarulo",https://www.facebook.com/fcianciarulo,1
Juan,"Montejo Arias",juan.montejoarias@facebook.com,"11 de Junio",https://www.facebook.com/juan.montejoarias,,,"Ciudad Autónoma de Buenos Aires","Buenos Aires",Argentina,100000879518554,"Paula Lara-Foti",https://www.facebook.com/paula.larafoti,1
Kitty,Giranero,kytti72@facebook.com,"11 de Junio",https://www.facebook.com/kytti72,26,,"Ciudad Autónoma de Buenos Aires","Buenos Aires",Argentina,639416952,"Vanesa Macias",https://www.facebook.com/vanesa.macias1,1
PriscíLa,"De Lp",priscila.ailen.1420@facebook.com,"11 de Junio",https://www.facebook.com/priscila.ailen.1420,,,"Ciudad Autónoma de Buenos Aires","Buenos Aires",Argentina,100004824068396,"Alejandra Lopez",,1
Jackelin,Molina,jacke.molina@facebook.com,"11 de Junio",https://www.facebook.com/jacke.molina,,,"Ciudad Autónoma de Buenos Aires","Buenos Aires",Argentina,100000370301254,"Pedro Lopezyfernandez",https://www.facebook.com/pedronahuel,1
Mariela,Sosa,mariela.sosa.9803150@facebook.com,"11 de Junio",https://www.facebook.com/mariela.sosa.9803150,22,,"Ciudad Autónoma de Buenos Aires","Buenos Aires",Argentina,100004417532133,"Guille Rampo",https://www.facebook.com/guillermo.rampo,1
Chechu,Linda,chechuliitaa@facebook.com,"11 de Junio",https://www.facebook.com/Chechuliitaa,22,Constitución,"Ciudad Autónoma de Buenos Aires","Buenos Aires",Argentina,100001163164991,"Julian Pagana",,1
Matias,Carreira,mati.carreira@facebook.com,"11 de Junio",https://www.facebook.com/mati.carreira,,,"Ciudad Autónoma de Buenos Aires","Buenos Aires",Argentina,1232897743,"Florencia Pellegrino",,1
Azog,Aesir,emiliano.pepe.77@facebook.com,"11 de Junio",https://www.facebook.com/emiliano.pepe.77,,,"Ciudad Autónoma de Buenos Aires","Buenos Aires",Argentina,100007122630931,"Bomba Barassi",https://www.facebook.com/bomba.barassi,1
Valentina,Sosa,valentina.sosa.37819@facebook.com,"11 de Junio",https://www.facebook.com/valentina.sosa.37819,25,,"Ciudad Autónoma de Buenos Aires","Buenos Aires",Argentina,100000829977850,"Agustin Justin",https://www.facebook.com/Agustin.Justin,1
Bebe,Carlos,bebe.carlos.54@facebook.com,"11 de Junio",https://www.facebook.com/bebe.carlos.54,,,"Ciudad Autónoma de Buenos Aires","Buenos Aires",Argentina,100001737943740,"Aniita Canta",https://www.facebook.com/Aniita.Canta,1
Robertino,Molinari,robertino.molinari@facebook.com,"11 de Junio",https://www.facebook.com/robertino.molinari,28,,"Ciudad Autónoma de Buenos Aires","Buenos Aires",Argentina,100000763255850,"Clara Ryan",https://www.facebook.com/clariryaneventos,1
Mariela,Diaz,mariela.diaz.509@facebook.com,"11 de Junio",https://www.facebook.com/mariela.diaz.509,,,"Ciudad Autónoma de Buenos Aires","Buenos Aires",Argentina,100002082320501,"Maria Paula Toyos",,1
Johy,Falabela,johanna.falabela@facebook.com,"11 de Junio",https://www.facebook.com/johanna.falabela,21,,"Ciudad Autónoma de Buenos Aires","Buenos Aires",Argentina,100000353154997,"Sofu Maddonni",https://www.facebook.com/ssofiia,1
Juampa,Valencia,juampi.valencia@facebook.com,"11 de Junio",https://www.facebook.com/juampi.valencia,,,"Ciudad Autónoma de Buenos Aires","Buenos Aires",Argentina,1015765767,"Vanesa Macias",https://www.facebook.com/vanesa.macias1,1
"Manuel O.",Correa,manuelo.c2@facebook.com,"11 de Junio",https://www.facebook.com/manuelo.c2,27,,"Ciudad Autónoma de Buenos Aires","Buenos Aires",Argentina,100002435523322,"Silvia Fernandez",https://www.facebook.com/silviafernandezchivi,1
