Nombre,Apellido,"Email Facebook",Cumpleaños,"Usuario Facebook",Edad,Barrio,Ciudad,Provincia,Pais,"ID Facebook","Amigo De","Amigo De (Usuario)",rebound
Benja,Graf,benjagraf@facebook.com,"19 de Marzo",https://www.facebook.com/BenjaGraf,,,"Ciudad Autónoma de Buenos Aires","Buenos Aires",Argentina,100000377017453,"Ivan Lisz",,1
Levitar,Capacitaciones,levitar.pilates@facebook.com,"19 de Marzo",https://www.facebook.com/levitar.pilates,,,"Ciudad Autónoma de Buenos Aires","Buenos Aires",Argentina,1476066037,"Flor Scalise",https://www.facebook.com/flor.scalise,1
Fabiana,Rodriguez,fabyrodriguez19@facebook.com,"19 de Marzo",https://www.facebook.com/fabyrodriguez19,,Array,"Ciudad Autónoma de Buenos Aires","Buenos Aires",Argentina,1811003284,"Augusto Lios",0,1
Sebas,Mu,nicolas.musso.fox@facebook.com,"19 de Marzo",https://www.facebook.com/nicolas.musso.fox,29,,"Ciudad Autónoma de Buenos Aires","Buenos Aires",Argentina,1259166304,"Federico Piegas",https://www.facebook.com/FedericoPiegas,1
Pablo,Sebastián,pablo.zappino@facebook.com,"19 de Marzo",https://www.facebook.com/pablo.zappino,30,,"Ciudad Autónoma de Buenos Aires","Buenos Aires",Argentina,828720286,"Flor Vischi Cortés",https://www.facebook.com/flor.vischi,1
Pablo,Fossatti,pablo.fossatti@facebook.com,"19 de Marzo",https://www.facebook.com/pablo.fossatti,23,,"Ciudad Autónoma de Buenos Aires","Buenos Aires",Argentina,1067765588,"Cesar Berdullas",https://www.facebook.com/cesar.berdullas,1
Santi,Ostro,santiov@facebook.com,"19 de Marzo",https://www.facebook.com/santiov,,,"Ciudad Autónoma de Buenos Aires","Buenos Aires",Argentina,1407386837,"Alan Volper",https://www.facebook.com/alan.volper,1
Luli,Molina,lulii.kltz@facebook.com,"19 de Marzo",https://www.facebook.com/Lulii.Kltz,,,"Ciudad Autónoma de Buenos Aires","Buenos Aires",Argentina,100000546268120,"Aylu Macchi",,1
Victoria,Oudin,vickioudin@facebook.com,"19 de Marzo",https://www.facebook.com/vickioudin,,,"Ciudad Autónoma de Buenos Aires","Buenos Aires",Argentina,100000705955131,"Aylu Macchi",,1
Gi,Se,gise.alarcon.3@facebook.com,"19 de Marzo",https://www.facebook.com/gise.alarcon.3,29,,"Ciudad Autónoma de Buenos Aires","Buenos Aires",Argentina,1466919259,"Emiliano Cazanetz Dick",https://www.facebook.com/emiliano.cazanetzdick,1
Miranda,Medús,miruch97@facebook.com,"19 de Marzo",https://www.facebook.com/Miruch97,,,"Ciudad Autónoma de Buenos Aires","Buenos Aires",Argentina,1323451488,"Aniita Canta",https://www.facebook.com/Aniita.Canta,1
Nicolas,Cuevas,nicolas.cuevas.963@facebook.com,"19 de Marzo",https://www.facebook.com/nicolas.cuevas.963,24,,"Ciudad Autónoma de Buenos Aires","Buenos Aires",Argentina,100002337042482,"Juan Elias Catan",https://www.facebook.com/juan.724,1
Nicolas,Inchausti,nico.inchuasti@facebook.com,"19 de Marzo",https://www.facebook.com/nico.inchuasti,21,,"Ciudad Autónoma de Buenos Aires","Buenos Aires",Argentina,1024875999,"Marti Nevares",https://www.facebook.com/martii.nevares,1
Flavio,Mendoza,flavio.mendoza.39@facebook.com,"19 de Marzo",https://www.facebook.com/flavio.mendoza.39,,,"Ciudad Autónoma de Buenos Aires","Buenos Aires",Argentina,549413871,"Ignacio Lines Ceruti",https://www.facebook.com/ignacio.lines,1
"El Fantasma","del Descenso",elfantasmin@facebook.com,"19 de Marzo",https://www.facebook.com/elfantasmin,,,"Ciudad Autónoma de Buenos Aires","Buenos Aires",Argentina,100001501820366,"Anto D'Amato",https://www.facebook.com/anto.dama,1
Lalann,Mgmt,lalann.mgmt@facebook.com,"19 de Marzo",https://www.facebook.com/lalann.mgmt,27,,"Ciudad Autónoma de Buenos Aires","Buenos Aires",Argentina,100000680000442,"Tatiana Petroccelli",https://www.facebook.com/tanshanita,1
Tamara,Lola,tamaralola@facebook.com,"19 de Marzo",https://www.facebook.com/Tamaralola,,"Villa Del Parque","Ciudad Autónoma de Buenos Aires","Buenos Aires",Argentina,100002672072945,"Diego Binayan",https://www.facebook.com/diego.binayan,1
Romina,Kind,kindromina@facebook.com,"19 de Marzo",https://www.facebook.com/kindromina,23,,"Ciudad Autónoma de Buenos Aires","Buenos Aires",Argentina,570632963,"Noelia Sarquiz",https://www.facebook.com/noelia.sarquiz,1
Macarena,"Figueroa Betchakian",macarena.betchakian@facebook.com,"19 de Marzo",https://www.facebook.com/macarena.betchakian,21,"San Cristóbal","Ciudad Autónoma de Buenos Aires","Buenos Aires",Argentina,1354263393,"Aniita Canta",https://www.facebook.com/Aniita.Canta,1
Muflón,Prod,cuajomuflon@facebook.com,"19 de Marzo",https://www.facebook.com/CUAJOMUFLON,,,"Ciudad Autónoma de Buenos Aires","Buenos Aires",Argentina,100001870232318,"Maxi Aguirre Fernandez",,1
Amadeo,Pipino,amadeo.pipino@facebook.com,"19 de Marzo",https://www.facebook.com/amadeo.pipino,25,,"Ciudad Autónoma de Buenos Aires","Buenos Aires",Argentina,100004127442107,"Rocio Benitez",,1
Luuji,Montes,marialujanmontes@facebook.com,"19 de Marzo",https://www.facebook.com/marialujanmontes,,,"Ciudad Autónoma de Buenos Aires","Buenos Aires",Argentina,100000098297674,"Emiliano Pirolo",https://www.facebook.com/emi.pirolo,1
"Maria Belen","De Plate",mariabelen.rios.3@facebook.com,"19 de Marzo",https://www.facebook.com/mariabelen.rios.3,27,,"Ciudad Autónoma de Buenos Aires","Buenos Aires",Argentina,1062131172,"Tatiana Petroccelli",https://www.facebook.com/tanshanita,1
Damian,Toto,damian.toto.9@facebook.com,"19 de Marzo",https://www.facebook.com/damian.toto.9,24,,"Ciudad Autónoma de Buenos Aires","Buenos Aires",Argentina,1185551566,"Yanina Toto",https://www.facebook.com/yanina.toto,1
Nicolás,Marino,nicolas.marino.5@facebook.com,"19 de Marzo",https://www.facebook.com/nicolas.marino.5,29,,"Ciudad Autónoma de Buenos Aires","Buenos Aires",Argentina,100001086963139,"Camila Perelló",https://www.facebook.com/camiperello,1
Antonella,Ghiglione,antonella.m.ghiglione@facebook.com,"19 de Marzo",https://www.facebook.com/antonella.m.ghiglione,,"Villa Luro","Ciudad Autónoma de Buenos Aires","Buenos Aires",Argentina,100004016991169,"Fran L. Ocampo",https://www.facebook.com/franco,1
Barrio,Recoleta,barrio.recoleta.1@facebook.com,"19 de Marzo",https://www.facebook.com/barrio.recoleta.1,21,Recoleta,"Ciudad Autónoma de Buenos Aires","Buenos Aires",Argentina,100003757131668,"Tatiana Petroccelli",https://www.facebook.com/tanshanita,1
Joaco,Carcavallo,joaco.carcavallo@facebook.com,"19 de Marzo",https://www.facebook.com/joaco.carcavallo,,,"Ciudad Autónoma de Buenos Aires","Buenos Aires",Argentina,790435523,"Rochi Christensen",https://www.facebook.com/rochi.christensen,1
Gasparotto,Viajes,bairestour@facebook.com,"19 de Marzo",https://www.facebook.com/bairestour,24,,"Ciudad Autónoma de Buenos Aires","Buenos Aires",Argentina,100006188311377,"Carolina Ataides Sena Barcelos",https://www.facebook.com/kkbarcellos,1
Vudu,Child,vudu.child.1@facebook.com,"19 de Marzo",https://www.facebook.com/vudu.child.1,23,,"Ciudad Autónoma de Buenos Aires","Buenos Aires",Argentina,100000497654572,"Dani Escala",https://www.facebook.com/danielaescala,1
Lucas,Friedman,lucas.friedman1@facebook.com,"19 de Marzo",https://www.facebook.com/lucas.friedman1,,,"Ciudad Autónoma de Buenos Aires","Buenos Aires",Argentina,100000081462451,"Caro Juarez",https://www.facebook.com/carolinacjuarez,1
Natalia,Razetti,natalia.soledad7@facebook.com,"19 de Marzo",https://www.facebook.com/natalia.soledad7,24,"San Telmo","Ciudad Autónoma de Buenos Aires","Buenos Aires",Argentina,590579094,"Fede Martinez",https://www.facebook.com/fedemartinez17,1
"Fiestas Egresados","Privilege Ba",fiestas.privilegeba@facebook.com,"19 de Marzo",https://www.facebook.com/fiestas.privilegeba,26,,"Ciudad Autónoma de Buenos Aires","Buenos Aires",Argentina,100005542590624,"Cami Weng",,1
Claudio,Cortés,claudio.cortes.cid@facebook.com,"19 de Marzo",https://www.facebook.com/claudio.cortes.cid,28,Núñez,"Ciudad Autónoma de Buenos Aires","Buenos Aires",Argentina,587129480,"Lucas Alegre",,1
Daniel,Anile,daniel.anile.7@facebook.com,"19 de Marzo",https://www.facebook.com/daniel.anile.7,,,"Ciudad Autónoma de Buenos Aires","Buenos Aires",Argentina,100000903423624,"Miranda Toderi",https://www.facebook.com/miranda.toderi,1
"Vení Sentí",Bailá,venisentibaila14@facebook.com,"19 de Marzo",https://www.facebook.com/VeniSentiBaila14,,,"Ciudad Autónoma de Buenos Aires","Buenos Aires",Argentina,100000908300973,"Miranda Toderi",https://www.facebook.com/miranda.toderi,1
Agos,Ricchetti,agos.ricchetti@facebook.com,"19 de Marzo",https://www.facebook.com/agos.ricchetti,,,"Ciudad Autónoma de Buenos Aires","Buenos Aires",Argentina,1191981492,"Bernardo Cura Bonazzola",https://www.facebook.com/bernardocurabonazzola,1
Lencería,Dorita,lenceria.dorita@facebook.com,"19 de Marzo",https://www.facebook.com/lenceria.dorita,,,"Ciudad Autónoma de Buenos Aires","Buenos Aires",Argentina,100000089608297,"Alicia Kosem",https://www.facebook.com/alicia.kosem,1
Alexis,Mambo,alexis.mambo.5@facebook.com,"19 de Marzo",https://www.facebook.com/alexis.mambo.5,,,"Ciudad Autónoma de Buenos Aires","Buenos Aires",Argentina,100002069756378,"Evangelina Dinatale de Biglieri",https://www.facebook.com/evangelina.dinataledebigl,1
Veronica,Martinez,veronica.martinez.121772@facebook.com,"19 de Marzo",https://www.facebook.com/veronica.martinez.121772,,,"Ciudad Autónoma de Buenos Aires","Buenos Aires",Argentina,1070295438,"Andrea Merlo",,1
Juani,Vazquez,juanignacio.vazquez1@facebook.com,"19 de Marzo",https://www.facebook.com/juanignacio.vazquez1,,,"Ciudad Autónoma de Buenos Aires","Buenos Aires",Argentina,526313505,"Flor Vischi Cortés",https://www.facebook.com/flor.vischi,1
Daniela,Espinoza,daniela.alejandra.espinoza@facebook.com,"19 de Marzo",https://www.facebook.com/daniela.alejandra.espinoza,,,"Ciudad Autónoma de Buenos Aires","Buenos Aires",Argentina,1403881327,"Jobs Bar",https://www.facebook.com/jobsbar,1
Familia,"El Hampa",familia.elhampa@facebook.com,"19 de Marzo",https://www.facebook.com/familia.elhampa,,,"Ciudad Autónoma de Buenos Aires","Buenos Aires",Argentina,100001420022249,"Pamela Garrote",https://www.facebook.com/pamela.garrote,1
Ucasal,Baires,subsedebsas.ucasal@facebook.com,"19 de Marzo",https://www.facebook.com/SubsedeBsAs.UCASAL,22,,"Ciudad Autónoma de Buenos Aires","Buenos Aires",Argentina,100003135226747,"Fede Martino",,1
Paula,Guelfo,paulaguelfo@facebook.com,"19 de Marzo",https://www.facebook.com/paulaguelfo,,,"Ciudad Autónoma de Buenos Aires","Buenos Aires",Argentina,1107935637,"Gianfranco Ferrati",,1
Claudia,Frum,claudia.frum@facebook.com,"19 de Marzo",https://www.facebook.com/claudia.frum,,,"Ciudad Autónoma de Buenos Aires","Buenos Aires",Argentina,1071590851,"Marcelo Gustavo Salerno",https://www.facebook.com/marcelogustavo.salerno,1
Jesica,Gomez,shezii.gomez@facebook.com,"19 de Marzo",https://www.facebook.com/shezii.gomez,21,,"Ciudad Autónoma de Buenos Aires","Buenos Aires",Argentina,100002623914488,"Julio Roberto Cuevas",https://www.facebook.com/julioroberto.cuevas,1
Agustin,Masana,agus.masana@facebook.com,"19 de Marzo",https://www.facebook.com/agus.masana,22,,"Ciudad Autónoma de Buenos Aires","Buenos Aires",Argentina,1013093457,"Daiana Soledad Pintos",https://www.facebook.com/Sheena.is,1
"Se Linda Con",GleulaliaGlamour,gleulalia.glamour@facebook.com,"19 de Marzo",https://www.facebook.com/Gleulalia.Glamour,30,Recoleta,"Ciudad Autónoma de Buenos Aires","Buenos Aires",Argentina,100007576142988,"Natalia Tarelli",,1
Monica,Depaolini,monica.depaolini.9@facebook.com,"19 de Marzo",https://www.facebook.com/monica.depaolini.9,,,"Ciudad Autónoma de Buenos Aires","Buenos Aires",Argentina,100001865026917,"Paula Lara-Foti",https://www.facebook.com/paula.larafoti,1
Gabriel,Micheli,gabriel.micheli.77@facebook.com,"19 de Marzo",https://www.facebook.com/gabriel.micheli.77,22,,"Ciudad Autónoma de Buenos Aires","Buenos Aires",Argentina,100006954730521,"Matías Panero",,1
Hector,Melchi,hectormelchi@facebook.com,"19 de Marzo",https://www.facebook.com/hectormelchi,,,"Ciudad Autónoma de Buenos Aires","Buenos Aires",Argentina,768598852,"Mica Ledo",https://www.facebook.com/micaledo,1
Guilhermo,"Da Silva D'Amore",guilhermodasilvadamore@facebook.com,"19 de Marzo",https://www.facebook.com/guilhermodasilvadamore,,"Buenos Aires","Buenos Aires","Buenos Aires",Argentina,1265856483,"Patrick Fernando Kushner L",0,1
Prensa,FH,prensa.fh@facebook.com,"19 de Marzo",https://www.facebook.com/prensa.fh,29,,"Ciudad Autónoma de Buenos Aires","Buenos Aires",Argentina,100002917411881,"Pamela Garrote",https://www.facebook.com/pamela.garrote,1
Cristian,Larsen,cristian.larsen.77@facebook.com,"20 de Marzo",https://www.facebook.com/cristian.larsen.77,27,,"Ciudad Autónoma de Buenos Aires","Buenos Aires",Argentina,765484541,"Paula Martínez",,1
"Bs As","de Noche",bsas.denoche.9@facebook.com,"20 de Marzo",https://www.facebook.com/bsas.denoche.9,,,"Ciudad Autónoma de Buenos Aires","Buenos Aires",Argentina,1812808558,"Ro Cardoso",,1
Marcia,Fernandez,marcia.fernandez.18@facebook.com,"20 de Marzo",https://www.facebook.com/marcia.fernandez.18,25,,"Ciudad Autónoma de Buenos Aires","Buenos Aires",Argentina,1047091982,"Christian Kraemer",https://www.facebook.com/christian.kraemer,1
"Noche En Baires",Baires,bairesdesign2013@facebook.com,"20 de Marzo",https://www.facebook.com/BairesDesign2013,,,"Ciudad Autónoma de Buenos Aires","Buenos Aires",Argentina,100003543231031,"Soledad Sanchez",,1
María,"Del Cerro",maria.delcerro.56679@facebook.com,"20 de Marzo",https://www.facebook.com/maria.delcerro.56679,29,,"Ciudad Autónoma de Buenos Aires","Buenos Aires",Argentina,100006980111908,"Agustin Sujo",https://www.facebook.com/agustin.sujook,1
Luna,Cedeira,luna.cedeira@facebook.com,"20 de Marzo",https://www.facebook.com/luna.cedeira,,,"Ciudad Autónoma de Buenos Aires","Buenos Aires",Argentina,100000923844107,"Matias Daniel Pascual",,1
Mica,Lever,mica.lever@facebook.com,"20 de Marzo",https://www.facebook.com/mica.lever,22,,"Ciudad Autónoma de Buenos Aires","Buenos Aires",Argentina,100000818234136,"Sofu Maddonni",https://www.facebook.com/ssofiia,1
Labsaonline,"Diagnóstico Veterinario",labsaonline.diagnosticoveterinario@facebook.com,"20 de Marzo",https://www.facebook.com/labsaonline.diagnosticoveterinario,,,"Ciudad Autónoma de Buenos Aires","Buenos Aires",Argentina,100000925521519,"Matias Daniel Pascual",,1
Franco,Carp,franco.riverplate.9@facebook.com,"20 de Marzo",https://www.facebook.com/franco.riverplate.9,22,,"Ciudad Autónoma de Buenos Aires","Buenos Aires",Argentina,100002350518713,"Juan Elias Catan",https://www.facebook.com/juan.724,1
Maria,Delcerro,maria.delcerro.10441@facebook.com,"20 de Marzo",https://www.facebook.com/maria.delcerro.10441,29,,"Ciudad Autónoma de Buenos Aires","Buenos Aires",Argentina,100002608497624,"Agustin Sujo",https://www.facebook.com/agustin.sujook,1
Alexander,Zawadzki,alexander.zawadzki.5@facebook.com,"20 de Marzo",https://www.facebook.com/alexander.zawadzki.5,,,"Ciudad Autónoma de Buenos Aires","Buenos Aires",Argentina,678934277,"Alexia Garcia",https://www.facebook.com/garciaalexiia,1
Lucia,Gonzalez,lido.gomez.75@facebook.com,"20 de Marzo",https://www.facebook.com/lido.gomez.75,,,"Ciudad Autónoma de Buenos Aires","Buenos Aires",Argentina,100004076737337,"Mariana Pedroso",https://www.facebook.com/mariana.pedroso3,1
"A Pulmon",Formosa,apulmon.formosa@facebook.com,"20 de Marzo",https://www.facebook.com/apulmon.formosa,,,"Ciudad Autónoma de Buenos Aires","Buenos Aires",Argentina,100001258218379,"Verónica Sebben",https://www.facebook.com/veronica.sebben,1
"Kyong Woo",Im,kyongwoo.im@facebook.com,"20 de Marzo",https://www.facebook.com/kyongwoo.im,,,"Ciudad Autónoma de Buenos Aires","Buenos Aires",Argentina,100001261284890,"Verónica Sebben",https://www.facebook.com/veronica.sebben,1
Francisco,Mogni,mognee@facebook.com,"20 de Marzo",https://www.facebook.com/mognee,,"Buenos Aires","Buenos Aires","Buenos Aires",Argentina,1089772585,"Luciana Paione Oleszuk",0,1
"Paredes Buildings",Desarrollos,paredesbuildings.desarrollos@facebook.com,"20 de Marzo",https://www.facebook.com/paredesbuildings.desarrollos,,,"Ciudad Autónoma de Buenos Aires","Buenos Aires",Argentina,100001758042319,"Dany Kunowsky",https://www.facebook.com/daniel.kunowsky,1
Todo,Importado,todo.importado.5682@facebook.com,"20 de Marzo",https://www.facebook.com/todo.importado.5682,24,,"Ciudad Autónoma de Buenos Aires","Buenos Aires",Argentina,100001710409594,"Silvia Fernandez",https://www.facebook.com/silviafernandezchivi,1
Laura,Poch,lauri.poch@facebook.com,"20 de Marzo",https://www.facebook.com/lauri.poch,,,"Ciudad Autónoma de Buenos Aires","Buenos Aires",Argentina,697354233,"Jessica Bellomo",https://www.facebook.com/JessBellomo,1
Arbitraje,Uba,arbitraje.uba@facebook.com,"20 de Marzo",https://www.facebook.com/arbitraje.uba,24,,"Ciudad Autónoma de Buenos Aires","Buenos Aires",Argentina,100002851192012,"Nicolas Brea",https://www.facebook.com/Nicolas.Brea,1
Clari,González,clari.gonzalezz.12@facebook.com,"20 de Marzo",https://www.facebook.com/clari.gonzalezz.12,,,"Ciudad Autónoma de Buenos Aires","Buenos Aires",Argentina,1103037467,"Juli Sremac",https://www.facebook.com/juli.sremac,1
Gonzalo,"Garcia Ferrer",gonzalo.garciaferrer@facebook.com,"20 de Marzo",https://www.facebook.com/gonzalo.garciaferrer,23,,"Ciudad Autónoma de Buenos Aires","Buenos Aires",Argentina,1393282081,"Aniita Canta",https://www.facebook.com/Aniita.Canta,1
Endurance,Argentina,endurance.argentina@facebook.com,"20 de Marzo",https://www.facebook.com/endurance.argentina,29,,"Ciudad Autónoma de Buenos Aires","Buenos Aires",Argentina,100000318811912,"Marcela Hinckelmann",https://www.facebook.com/marcela.hinckelmann,1
Josefina,Almiron,josefina.almiron.391@facebook.com,"20 de Marzo",https://www.facebook.com/josefina.almiron.391,,,"Ciudad Autónoma de Buenos Aires","Buenos Aires",Argentina,100001262573761,"Belu Piacentino",https://www.facebook.com/belenpiacentino,1
Agustina,Granja,agustina.granja@facebook.com,"20 de Marzo",https://www.facebook.com/agustina.granja,25,,"Ciudad Autónoma de Buenos Aires","Buenos Aires",Argentina,677614520,"Gonzalo Bussetti",https://www.facebook.com/gonzalo.bussetti,1
Lucas,Oviedo,lucas.oviedo.73@facebook.com,"20 de Marzo",https://www.facebook.com/lucas.oviedo.73,25,,"Ciudad Autónoma de Buenos Aires","Buenos Aires",Argentina,1638503175,"Flori D'Al",,1
Leo,Ciampo,leo.ciampo@facebook.com,"20 de Marzo",https://www.facebook.com/leo.ciampo,24,,"Ciudad Autónoma de Buenos Aires","Buenos Aires",Argentina,1199454325,"Gustavo Pietrafesa",,1
Marian,Homeclub,marian.homeclub@facebook.com,"20 de Marzo",https://www.facebook.com/marian.homeclub,,"Buenos Aires","Buenos Aires","Buenos Aires",Argentina,100003521655719,"Gaston Vilalta",0,1
Fabi,Noguera,fabian.noguera@facebook.com,"20 de Marzo",https://www.facebook.com/fabian.noguera,,,"Ciudad Autónoma de Buenos Aires","Buenos Aires",Argentina,1519054879,"Julieta Abreu Frank",https://www.facebook.com/julieta.abreufrank,1
Daniel,Valenzuela,daniel.valenzuela.1829@facebook.com,"20 de Marzo",https://www.facebook.com/daniel.valenzuela.1829,,,"Ciudad Autónoma de Buenos Aires","Buenos Aires",Argentina,100003186367537,"Silvia Fernandez",https://www.facebook.com/silviafernandezchivi,1
Luciano,Salbe,luciano.salbe@facebook.com,"20 de Marzo",https://www.facebook.com/luciano.salbe,,,"Ciudad Autónoma de Buenos Aires","Buenos Aires",Argentina,1129712810,"Maria Belén",,1
Sebinight,"Montenegro Gente De Raza",sebitalo@facebook.com,"20 de Marzo",https://www.facebook.com/SebItalo,,,"Ciudad Autónoma de Buenos Aires","Buenos Aires",Argentina,100002262945654,"Tatiana Petroccelli",https://www.facebook.com/tanshanita,1
Tomas,Varela,tomas.b.varela.94@facebook.com,"20 de Marzo",https://www.facebook.com/tomas.b.varela.94,,,"Ciudad Autónoma de Buenos Aires","Buenos Aires",Argentina,1064181503,"Gimena Yamila Yerden Giaquinto",https://www.facebook.com/Gimetrance,1
Pola,Harlow,misscerezarossatti@facebook.com,"20 de Marzo",https://www.facebook.com/misscerezarossatti,,,"Ciudad Autónoma de Buenos Aires","Buenos Aires",Argentina,1598522658,"Barby Lanata",https://www.facebook.com/barby.lanata,1
Elterco,Rock,elterco.rock@facebook.com,"20 de Marzo",https://www.facebook.com/elterco.rock,,,"Ciudad Autónoma de Buenos Aires","Buenos Aires",Argentina,100001055351967,"La Rockeria",https://www.facebook.com/oveja1,1
Guido,Bronssilovsky,guido.bron@facebook.com,"20 de Marzo",https://www.facebook.com/guido.bron,,,"Ciudad Autónoma de Buenos Aires","Buenos Aires",Argentina,1127965753,"Bernardo Cura Bonazzola",https://www.facebook.com/bernardocurabonazzola,1
Santiago,Fajre,santiago.fajre@facebook.com,"20 de Marzo",https://www.facebook.com/santiago.fajre,,,"Ciudad Autónoma de Buenos Aires","Buenos Aires",Argentina,699170771,"Pia Bocchino",https://www.facebook.com/pia.bocchino,1
Analia,Rivas,analia.rivas1@facebook.com,"20 de Marzo",https://www.facebook.com/analia.rivas1,,,"Ciudad Autónoma de Buenos Aires","Buenos Aires",Argentina,1201182852,"Marcelo Rodriguez",,1
Karen,Muñoz,karencita.munoz.357@facebook.com,"20 de Marzo",https://www.facebook.com/karencita.munoz.357,24,,"Ciudad Autónoma de Buenos Aires","Buenos Aires",Argentina,100003728833654,"Pedro Lopezyfernandez",https://www.facebook.com/pedronahuel,1
Daniela,Claro,daniela.claro.58@facebook.com,"20 de Marzo",https://www.facebook.com/daniela.claro.58,22,,"Ciudad Autónoma de Buenos Aires","Buenos Aires",Argentina,100007090864020,"Martín Álvarez BA I",https://www.facebook.com/Woody.Blair,1
Mery,Lopez,mery.lopez.1650@facebook.com,"20 de Marzo",https://www.facebook.com/mery.lopez.1650,21,,"Ciudad Autónoma de Buenos Aires","Buenos Aires",Argentina,1110020668,"Belu Cepa Fraga",,1
Franco,Liotta,franco.liotta.1@facebook.com,"20 de Marzo",https://www.facebook.com/franco.liotta.1,,,"Ciudad Autónoma de Buenos Aires","Buenos Aires",Argentina,1022862140,"Juan Cruz Albornoz",,1
Carolina,Tedesco,carolina.tedesco.9@facebook.com,"20 de Marzo",https://www.facebook.com/carolina.tedesco.9,,,"Ciudad Autónoma de Buenos Aires","Buenos Aires",Argentina,1482560420,"David Zalasar",https://www.facebook.com/Davidcocktails,1
Gaston,Giraudo,reddd55@facebook.com,"20 de Marzo",https://www.facebook.com/Reddd55,25,,"Ciudad Autónoma de Buenos Aires","Buenos Aires",Argentina,1442574141,"Clara Ryan",https://www.facebook.com/clariryaneventos,1
Matias,Buzzelli,matias.buzzelli.1@facebook.com,"20 de Marzo",https://www.facebook.com/matias.buzzelli.1,27,,"Ciudad Autónoma de Buenos Aires","Buenos Aires",Argentina,605013436,"Aniita Canta",https://www.facebook.com/Aniita.Canta,1
Emilia,Attias,emiliaattias.988711@facebook.com,"20 de Marzo",https://www.facebook.com/Emiliaattias.988711,28,,"Ciudad Autónoma de Buenos Aires","Buenos Aires",Argentina,100005945190148,"Flor Scalise",https://www.facebook.com/flor.scalise,1
Luli,Flores,luciana.flores.12@facebook.com,"20 de Marzo",https://www.facebook.com/luciana.flores.12,,Colegiales,"Ciudad Autónoma de Buenos Aires","Distrito Federal",Argentina,1217086990,"Fátima Belén Zárate",,1
Marce,Rajadell,marce.rajadell@facebook.com,"20 de Marzo",https://www.facebook.com/marce.rajadell,,,"Ciudad Autónoma de Buenos Aires","Buenos Aires",Argentina,1626018539,"Emiliano Pirolo",https://www.facebook.com/emi.pirolo,1
DelTorito,Garcia,matias.garcia.77964@facebook.com,"20 de Marzo",https://www.facebook.com/matias.garcia.77964,22,,"Ciudad Autónoma de Buenos Aires","Buenos Aires",Argentina,1402194191,"Evelina Ferreira",,1
"Hernan Figueroa",Reyes,hernanfigueroa.reyes@facebook.com,"20 de Marzo",https://www.facebook.com/hernanfigueroa.reyes,24,,"Ciudad Autónoma de Buenos Aires","Buenos Aires",Argentina,100001471390281,"Alejandro Javier Espindola",https://www.facebook.com/alej.bastirly,1
"Xoana Romina",Lescano,xoanaromina.lescano@facebook.com,"20 de Marzo",https://www.facebook.com/xoanaromina.lescano,26,,"Ciudad Autónoma de Buenos Aires","Buenos Aires",Argentina,100001459208354,"Nicolas Baumann",https://www.facebook.com/redcarpetpalermo,1
Agustina,Canisa,agustina.canisa@facebook.com,"20 de Marzo",https://www.facebook.com/agustina.canisa,26,,"Ciudad Autónoma de Buenos Aires","Buenos Aires",Argentina,100002294886651,"La Rockeria",https://www.facebook.com/oveja1,1
Cuarto,"Apóstol Bar",elcuarto.apostol@facebook.com,"20 de Marzo",https://www.facebook.com/elcuarto.apostol,26,"San Telmo","Ciudad Autónoma de Buenos Aires","Buenos Aires",Argentina,100002301953026,"La Rockeria",https://www.facebook.com/oveja1,1
Benja,Mas,benja.mas.14@facebook.com,"20 de Marzo",https://www.facebook.com/benja.mas.14,26,,"Ciudad Autónoma de Buenos Aires","Buenos Aires",Argentina,100001459482338,"Agustin Justin",https://www.facebook.com/Agustin.Justin,1
Leonel,Cayol,cayol.leonel@facebook.com,"20 de Marzo",https://www.facebook.com/cayol.leonel,22,,"Ciudad Autónoma de Buenos Aires","Buenos Aires",Argentina,1291670229,"Jochuu Rodriguez Linck",https://www.facebook.com/jochuu.rodriguezlinck,1
Gaby,Figueroa,gaby.figueroa.1612@facebook.com,"20 de Marzo",https://www.facebook.com/gaby.figueroa.1612,30,,"Ciudad Autónoma de Buenos Aires","Buenos Aires",Argentina,100002267037442,"Natalia Oviedo",,1
Fran,"Martinez Alva",martinezalvarengafrancisco@facebook.com,"20 de Marzo",https://www.facebook.com/martinezalvarengafrancisco,,,"Ciudad Autónoma de Buenos Aires","Buenos Aires",Argentina,1480621408,"Evelina Ferreira",,1
Maria,"Del Cerro",maria.delcerro.33821@facebook.com,"20 de Marzo",https://www.facebook.com/maria.delcerro.33821,29,,"Ciudad Autónoma de Buenos Aires","Buenos Aires",Argentina,100001356617742,"Emanuel Gaston Perdigues",https://www.facebook.com/emaxpx,1
Aya,Chichi,aya.chichi@facebook.com,"20 de Marzo",https://www.facebook.com/aya.chichi,29,,"Ciudad Autónoma de Buenos Aires","Buenos Aires",Argentina,100001360674449,"Emanuel Gaston Perdigues",https://www.facebook.com/emaxpx,1
Adrián,Palermo,pablomarco.lacroix@facebook.com,"20 de Marzo",https://www.facebook.com/pablomarco.lacroix,,,"Ciudad Autónoma de Buenos Aires","Buenos Aires",Argentina,100001905197912,"Sil Cristiano ?ï?",https://www.facebook.com/Sivinita,1
Maga,Lee,matsuri.meiyo@facebook.com,"20 de Marzo",https://www.facebook.com/matsuri.meiyo,,,"Ciudad Autónoma de Buenos Aires","Buenos Aires",Argentina,100002530630646,"Pedro Lopezyfernandez",https://www.facebook.com/pedronahuel,1
Fly,Prodductions,fly.prodductions@facebook.com,"20 de Marzo",https://www.facebook.com/fly.prodductions,,,"Ciudad Autónoma de Buenos Aires","Buenos Aires",Argentina,100002259019036,"Franco Marcoccia",https://www.facebook.com/franco.marcoccia,1
Emi,Attias,emiattiasokoficial@facebook.com,"20 de Marzo",https://www.facebook.com/emiattiasokoficial,27,"Buenos Aires","Buenos Aires","Buenos Aires",Argentina,100003254198399,"Gabriella Rouiller",0,1
Dani,Rivera,dani.rivera.545@facebook.com,"20 de Marzo",https://www.facebook.com/dani.rivera.545,,,"Ciudad Autónoma de Buenos Aires","Buenos Aires",Argentina,1290565993,"Emiliano Pirolo",https://www.facebook.com/emi.pirolo,1
Sami,"Quiroga Artesi",saamiqa@facebook.com,"21 de Marzo",https://www.facebook.com/saamiqa,,,"Ciudad Autónoma de Buenos Aires","Buenos Aires",Argentina,1626076854,"Cami Weng",,1
Ariana,Delgado,ariana.delgado2@facebook.com,"21 de Marzo",https://www.facebook.com/ariana.delgado2,,,"Ciudad Autónoma de Buenos Aires","Buenos Aires",Argentina,1630003525,"Cami Weng",,1
Vanina,Tavernise,vanina.tavernisedesign@facebook.com,"21 de Marzo",https://www.facebook.com/vanina.tavernisedesign,,,"Ciudad Autónoma de Buenos Aires","Buenos Aires",Argentina,100003287050494,"Celeste Heli",https://www.facebook.com/celeste.heli,1
Evelyn,Giisele,evelyn.rrochitah@facebook.com,"21 de Marzo",https://www.facebook.com/evelyn.rrochitah,,,"Ciudad Autónoma de Buenos Aires","Buenos Aires",Argentina,100000211998150,"Alan Volper",https://www.facebook.com/alan.volper,1
Gustavo,"de Sancho",gdesancho@facebook.com,"21 de Marzo",https://www.facebook.com/gdesancho,,"Villa Del Parque","Ciudad Autónoma de Buenos Aires","Buenos Aires",Argentina,705164064,"Noelia Ferrari",https://www.facebook.com/noeliavf,1
Rocio,Mercuri,rociomercuri@facebook.com,"21 de Marzo",https://www.facebook.com/rociomercuri,,,"Ciudad Autónoma de Buenos Aires","Buenos Aires",Argentina,100000055344929,"Felipe Vidal",https://www.facebook.com/Feelipe.vp,1
Maite,Araya,maite.araya@facebook.com,"21 de Marzo",https://www.facebook.com/maite.araya,,,"Ciudad Autónoma de Buenos Aires","Buenos Aires",Argentina,1495366409,"Pablo Bravo",,1
"Fernandez Automotores","Gestoria Integral",costadeleste.argentina@facebook.com,"21 de Marzo",https://www.facebook.com/costadeleste.argentina,,,"Ciudad Autónoma de Buenos Aires","Buenos Aires",Argentina,100001169430870,"Tatiana Petroccelli",https://www.facebook.com/tanshanita,1
Natii,Spandri,riverynaaadamas@facebook.com,"21 de Marzo",https://www.facebook.com/RiverYNaaadaMas,,,"Ciudad Autónoma de Buenos Aires","Buenos Aires",Argentina,100000246018909,"Brian Cano",,1
Sheila,Newvintage,sheila.newvintage@facebook.com,"21 de Marzo",https://www.facebook.com/sheila.newvintage,21,,"Ciudad Autónoma de Buenos Aires","Buenos Aires",Argentina,100004382534596,"Ana Glinberg",https://www.facebook.com/ana.glinberg,1
Ani,Koval,ani.koval@facebook.com,"21 de Marzo",https://www.facebook.com/ani.koval,25,,"Ciudad Autónoma de Buenos Aires","Buenos Aires",Argentina,804740293,"Aldana Queirolo",https://www.facebook.com/aldana.queirolo,1
Dolores,"García Santillán",dolo.garciasantillan@facebook.com,"21 de Marzo",https://www.facebook.com/dolo.garciasantillan,23,,"Ciudad Autónoma de Buenos Aires","Buenos Aires",Argentina,702033415,"Antoine Cornudet",,1
Shaki,Ramos,shakita.ramos@facebook.com,"21 de Marzo",https://www.facebook.com/shakita.ramos,26,,"Ciudad Autónoma de Buenos Aires","Buenos Aires",Argentina,100001847619465,"Martín Álvarez BA I",https://www.facebook.com/Woody.Blair,1
Botineras,Time,botineras.time@facebook.com,"21 de Marzo",https://www.facebook.com/botineras.time,26,,"Ciudad Autónoma de Buenos Aires","Buenos Aires",Argentina,100001856342632,"Martín Álvarez BA I",https://www.facebook.com/Woody.Blair,1
Marcos,Copello,marcos.copello.5@facebook.com,"21 de Marzo",https://www.facebook.com/marcos.copello.5,,,"Ciudad Autónoma de Buenos Aires","Buenos Aires",Argentina,1531514948,"Francisco Klausner",https://www.facebook.com/francisco.klausner,1
Martina,Stoessel,matina.stoessel.568@facebook.com,"21 de Marzo",https://www.facebook.com/matina.stoessel.568,23,,"Ciudad Autónoma de Buenos Aires","Buenos Aires",Argentina,100006083683410,"Martín Álvarez BA I",https://www.facebook.com/Woody.Blair,1
Guido,Bruno,guidoobrunoo@facebook.com,"21 de Marzo",https://www.facebook.com/GuidooBrunoo,22,,"Ciudad Autónoma de Buenos Aires","Buenos Aires",Argentina,1317858118,"Ariel Martin",https://www.facebook.com/arielcabezon,1
Clau,Ariel,clauariel08@facebook.com,"21 de Marzo",https://www.facebook.com/clauariel08,,,"Ciudad Autónoma de Buenos Aires","Buenos Aires",Argentina,1564148938,"Michelle Fingeret",https://www.facebook.com/michelle.fingeret,1
Ro,Eugee,rociio.eugee@facebook.com,"21 de Marzo",https://www.facebook.com/rociio.eugee,,"Buenos Aires","Buenos Aires","Buenos Aires",Argentina,100003179373015,"Alan Yun",0,1
Gabriela,Vogel,gabytas@facebook.com,"21 de Marzo",https://www.facebook.com/gabytas,,Chacarita,"Ciudad Autónoma de Buenos Aires","Buenos Aires",Argentina,1361081364,"Emilia Namkoong",https://www.facebook.com/emilia.namkoong,1
Sergio,Villarreal,sergio.villarreal.12532@facebook.com,"21 de Marzo",https://www.facebook.com/sergio.villarreal.12532,24,,"Ciudad Autónoma de Buenos Aires","Buenos Aires",Argentina,100000276288088,"Ariel Villarreal",,1
Lince,Creativos,emeief.studio@facebook.com,"21 de Marzo",https://www.facebook.com/emeief.studio,24,,"Ciudad Autónoma de Buenos Aires","Buenos Aires",Argentina,100000278204887,"Ariel Villarreal",,1
Luli,Zasio,luciana.zasio@facebook.com,"21 de Marzo",https://www.facebook.com/luciana.zasio,25,,"Ciudad Autónoma de Buenos Aires","Buenos Aires",Argentina,834448674,"Ayelen Lopez",https://www.facebook.com/puchipockett,1
Flora,Coronel,eflorencia1@facebook.com,"21 de Marzo",https://www.facebook.com/eflorencia1,21,"Buenos Aires","Buenos Aires","Buenos Aires",Argentina,1318851750,"Peter GC",0,1
Santiago,Martínez,santino.martinez.5243@facebook.com,"21 de Marzo",https://www.facebook.com/santino.martinez.5243,24,"Buenos Aires","Buenos Aires","Buenos Aires",Argentina,100008152531543,"Rebe Gonzalez",0,1
Alan,Moura,aavantt@facebook.com,"21 de Marzo",https://www.facebook.com/aavantt,30,,"Ciudad Autónoma de Buenos Aires","Buenos Aires",Argentina,100000010531691,"Monica Trigila",https://www.facebook.com/monica.trigila,1
Margarita,Vasíliev,margarita.vasiliev@facebook.com,"21 de Marzo",https://www.facebook.com/margarita.vasiliev,26,,"Ciudad Autónoma de Buenos Aires","Buenos Aires",Argentina,1181202517,"Dany Kunowsky",https://www.facebook.com/daniel.kunowsky,1
Santiago,Menacho,santiago.menacho.7@facebook.com,"21 de Marzo",https://www.facebook.com/santiago.menacho.7,25,,"Ciudad Autónoma de Buenos Aires","Buenos Aires",Argentina,100000752583141,"Luli Torres",,1
Brenda,Tonellotto,brenda.s.tonellotto@facebook.com,"21 de Marzo",https://www.facebook.com/brenda.s.tonellotto,26,,"Ciudad Autónoma de Buenos Aires","Buenos Aires",Argentina,1131583236,"Flor Scalise",https://www.facebook.com/flor.scalise,1
Paula,Villaverde,paulavillaverde07@facebook.com,"21 de Marzo",https://www.facebook.com/PaulaVillaverde07,,,"Ciudad Autónoma de Buenos Aires","Buenos Aires",Argentina,100001082461110,"Joaquin Barraco",https://www.facebook.com/chino.barraco,1
Profesorado,Cima,profesoradocima@facebook.com,"21 de Marzo",https://www.facebook.com/profesoradocima,21,,"Ciudad Autónoma de Buenos Aires","Buenos Aires",Argentina,100000509588683,"Mia Miry Ponce",,1
Marcelo,Medina,marcelo.medina.1612@facebook.com,"21 de Marzo",https://www.facebook.com/marcelo.medina.1612,,,"Ciudad Autónoma de Buenos Aires","Buenos Aires",Argentina,100000977972204,"Nadia Soraya",https://www.facebook.com/nadia.soraya,1
Luján,Bazzano,lujan.bazzano@facebook.com,"21 de Marzo",https://www.facebook.com/lujan.bazzano,,,"Ciudad Autónoma de Buenos Aires","Buenos Aires",Argentina,724188778,"Jessica Bellomo",https://www.facebook.com/JessBellomo,1
La,France,goa.lafrance@facebook.com,"21 de Marzo",https://www.facebook.com/goa.lafrance,23,,"Ciudad Autónoma de Buenos Aires","Buenos Aires",Argentina,1340135563,"Fabio Ezequiel Farruggio",https://www.facebook.com/ffachurro,1
Eber,Olmedo,eber.olmedo@facebook.com,"21 de Marzo",https://www.facebook.com/eber.olmedo,,"Buenos Aires","Buenos Aires","Buenos Aires",Argentina,724541020,"Luciana Sismondi",0,1
Nicolas,"Bon Fernandez",bonnicolas02@facebook.com,"21 de Marzo",https://www.facebook.com/bonnicolas02,26,Barracas,"Ciudad Autónoma de Buenos Aires","Buenos Aires",Argentina,100001256875857,"Agus Sugus",https://www.facebook.com/asugus1,1
Santiago,"San Martin",santiago.sanmartin.14@facebook.com,"21 de Marzo",https://www.facebook.com/santiago.sanmartin.14,,"Barrio Norte","Ciudad Autónoma de Buenos Aires","Buenos Aires",Argentina,100001381967458,"Agustina Ortega",https://www.facebook.com/agustina.ortega3,1
Greta,"Di Luna Eventos",greta.dilunaeventos@facebook.com,"21 de Marzo",https://www.facebook.com/greta.dilunaeventos,,,"Ciudad Autónoma de Buenos Aires","Buenos Aires",Argentina,1387021479,"Irma Mercedes Palma",,1
Vistiendote,Ind,sc.indumentaria@facebook.com,"21 de Marzo",https://www.facebook.com/SC.Indumentaria,29,Congreso,"Ciudad Autónoma de Buenos Aires","Buenos Aires",Argentina,100003546003734,"Romina Dorza",https://www.facebook.com/rodorza,1
Adrian,Campisi,adrianduck.campisi@facebook.com,"21 de Marzo",https://www.facebook.com/adrianduck.campisi,28,,"Ciudad Autónoma de Buenos Aires","Buenos Aires",Argentina,1244324453,"Alejandra Ale Roldan",,1
Scharon,Alles,scharon.alles@facebook.com,"21 de Marzo",https://www.facebook.com/scharon.alles,,,"Ciudad Autónoma de Buenos Aires","Buenos Aires",Argentina,1298470078,"Piltra Toller",https://www.facebook.com/piltra,1
Day,Shoo,dpatito@facebook.com,"21 de Marzo",https://www.facebook.com/dpatito,28,,"Ciudad Autónoma de Buenos Aires","Buenos Aires",Argentina,100000775751411,"Pablo Dandrea",https://www.facebook.com/pablo.dandrea,1
Ananda,Pastas,ananda.pastas@facebook.com,"21 de Marzo",https://www.facebook.com/ananda.pastas,,"Villa Devoto","Ciudad Autónoma de Buenos Aires","Buenos Aires",Argentina,1730431950,"Vanesa Myrna Ojeda",,1
"Juan Segundo",Bruno,juansegundobrunoo@facebook.com,"21 de Marzo",https://www.facebook.com/juansegundobrunoo,,,"Ciudad Autónoma de Buenos Aires","Buenos Aires",Argentina,1018097521,"Maria Lucila Quarleri",https://www.facebook.com/maria.quarleri,1
Fernando,Lezcano,altezzafer@facebook.com,"21 de Marzo",https://www.facebook.com/altezzafer,29,,"Ciudad Autónoma de Buenos Aires","Buenos Aires",Argentina,1062246996,"Chelu Chavez",https://www.facebook.com/chelu.chavez,1
Viviana,Barrionuevo,viviana.barrionuevo.121@facebook.com,"21 de Marzo",https://www.facebook.com/viviana.barrionuevo.121,,,"Ciudad Autónoma de Buenos Aires","Buenos Aires",Argentina,100001072763987,"Paula Martínez",,1
Alejandraa,Prochaska,alejandramalena.prochaska@facebook.com,"21 de Marzo",https://www.facebook.com/alejandramalena.prochaska,22,,"Ciudad Autónoma de Buenos Aires","Buenos Aires",Argentina,100004130977852,"Piltra Toller",https://www.facebook.com/piltra,1
Ivan,Pereira,ivan.pereira.509@facebook.com,"21 de Marzo",https://www.facebook.com/ivan.pereira.509,25,,"Ciudad Autónoma de Buenos Aires","Buenos Aires",Argentina,1129894786,"Kar Elizabeth Avila",https://www.facebook.com/Kaari94,1
Joel,Gomelsky,joel.gomelsky@facebook.com,"21 de Marzo",https://www.facebook.com/joel.gomelsky,25,,"Ciudad Autónoma de Buenos Aires","Buenos Aires",Argentina,1130477517,"Kar Elizabeth Avila",https://www.facebook.com/Kaari94,1
Franco,Prana,francoprana@facebook.com,"21 de Marzo",https://www.facebook.com/francoprana,,,"Ciudad Autónoma de Buenos Aires","Buenos Aires",Argentina,1455814215,"Maria Belén",,1
Estefania,Garcia,estefania.garcia.90857901@facebook.com,"22 de Marzo",https://www.facebook.com/estefania.garcia.90857901,,,"Ciudad Autónoma de Buenos Aires","Buenos Aires",Argentina,100000051974074,"Anna Laura",https://www.facebook.com/Anna.Laucha,1
"Juan Ignacio",Fourcade,juanignacio.guarderes@facebook.com,"22 de Marzo",https://www.facebook.com/juanignacio.guarderes,26,,"Ciudad Autónoma de Buenos Aires","Buenos Aires",Argentina,100001985844977,"Victoria Cerdán",https://www.facebook.com/victoriaacerdan,1
Clara,Saenz,tarchisaenz@facebook.com,"22 de Marzo",https://www.facebook.com/tarchisaenz,23,,"Ciudad Autónoma de Buenos Aires","Buenos Aires",Argentina,695034384,"Manuel Saenz",,1
Consultora,Cenit,consultora.cenit@facebook.com,"22 de Marzo",https://www.facebook.com/consultora.cenit,28,,"Ciudad Autónoma de Buenos Aires","Buenos Aires",Argentina,100005997152037,"Ezequiel Sebastian Berardi",https://www.facebook.com/EzErAsTa,1
Cande,Alvarez,cande.alvarez.p@facebook.com,"22 de Marzo",https://www.facebook.com/cande.alvarez.p,,,"Ciudad Autónoma de Buenos Aires","Buenos Aires",Argentina,1846060628,"Joaquin Barraco",https://www.facebook.com/chino.barraco,1
Sol,Sulé,sol.sule22@facebook.com,"22 de Marzo",https://www.facebook.com/sol.sule22,,,"Ciudad Autónoma de Buenos Aires","Buenos Aires",Argentina,100002438832030,"Mili Mauro",https://www.facebook.com/milimauro,1
Huracan,"Inline Hockey Mujeres",mujeres.inlinehockeyhuracan@facebook.com,"22 de Marzo",https://www.facebook.com/mujeres.inlinehockeyhuracan,,,"Ciudad Autónoma de Buenos Aires","Buenos Aires",Argentina,100001349730250,"Daiana Solange Labat",https://www.facebook.com/Daichilandia,1
Pasajera,Trance,karen.d.baez@facebook.com,"22 de Marzo",https://www.facebook.com/karen.d.baez,23,,"Ciudad Autónoma de Buenos Aires","Buenos Aires",Argentina,1272643710,"Demián Gabriel",,1
"Barrabrava Wear",Argentina,barrabravawear@facebook.com,"22 de Marzo",https://www.facebook.com/barrabravawear,28,,"Ciudad Autónoma de Buenos Aires","Buenos Aires",Argentina,100000143495044,"Bomba Barassi",https://www.facebook.com/bomba.barassi,1
Matías,Vallejos,matias.vallejos.167@facebook.com,"22 de Marzo",https://www.facebook.com/matias.vallejos.167,25,"Villa Ortúzar","Ciudad Autónoma de Buenos Aires","Buenos Aires",Argentina,748785837,"Chechu Acea",,1
Williams,Wade,bosterodesdelacuna@facebook.com,"22 de Marzo",https://www.facebook.com/Bosterodesdelacuna,,"Buenos Aires","Buenos Aires","Buenos Aires",Argentina,1524311880,"Alan Yun",0,1
Sol,Fcbk,solsadmusicayfotos@facebook.com,"22 de Marzo",https://www.facebook.com/SolSadmusicayfotos,,,"Ciudad Autónoma de Buenos Aires","Buenos Aires",Argentina,100001233030334,"La Rockeria",https://www.facebook.com/oveja1,1
Aba,Peluquerias,aba.peluqueria@facebook.com,"22 de Marzo",https://www.facebook.com/aBa.peluqueria,,,"Ciudad Autónoma de Buenos Aires","Buenos Aires",Argentina,100001233968897,"La Rockeria",https://www.facebook.com/oveja1,1
Luli,Caranfa,nugett@facebook.com,"22 de Marzo",https://www.facebook.com/nugett,23,"Buenos Aires","Buenos Aires","Buenos Aires",Argentina,726747172,"Fett Maidana",0,1
Tamara,Julieta,tammyjulieta@facebook.com,"22 de Marzo",https://www.facebook.com/tammyjulieta,,,"Ciudad Autónoma de Buenos Aires","Buenos Aires",Argentina,712312471,"Divino Vestuario Salve",https://www.facebook.com/salvedivinovestuario,1
Manuel,Montaña,manuel.montana.9@facebook.com,"22 de Marzo",https://www.facebook.com/manuel.montana.9,23,,"Ciudad Autónoma de Buenos Aires","Buenos Aires",Argentina,1171674971,"Guido Moncayo",https://www.facebook.com/guido.moncayo,1
Criadero,Guapitos,dulceeabril@facebook.com,"22 de Marzo",https://www.facebook.com/dulceeabril,26,"Buenos Aires","Buenos Aires","Buenos Aires",Argentina,100003691322947,"Rebe Gonzalez",0,1
El,Entrecot,elentrecot@facebook.com,"22 de Marzo",https://www.facebook.com/elentrecot,25,,"Ciudad Autónoma de Buenos Aires","Buenos Aires",Argentina,100001606504798,"La Rockeria",https://www.facebook.com/oveja1,1
Karuu,Pérez,karuuperez@facebook.com,"22 de Marzo",https://www.facebook.com/karuuperez,24,,"Ciudad Autónoma de Buenos Aires","Buenos Aires",Argentina,785228179,"Nahu Millicay Pereyra",https://www.facebook.com/nahumilli,1
Jaqui,Mignoli,jmignoli@facebook.com,"22 de Marzo",https://www.facebook.com/jmignoli,,,"Ciudad Autónoma de Buenos Aires","Buenos Aires",Argentina,100000099645236,"Camila Perelló",https://www.facebook.com/camiperello,1
"Juan Agustín",Nesta,juanagustin.nesta@facebook.com,"22 de Marzo",https://www.facebook.com/juanagustin.nesta,,,"Ciudad Autónoma de Buenos Aires","Buenos Aires",Argentina,1164712811,"Miqui Berriòs",https://www.facebook.com/miqui.berrios,1
Fede,Dueñas,fede.duenas.5@facebook.com,"22 de Marzo",https://www.facebook.com/fede.duenas.5,,,"Ciudad Autónoma de Buenos Aires","Buenos Aires",Argentina,100000435263929,"Pia Bocchino",https://www.facebook.com/pia.bocchino,1
Camila,Coira,kmycoiracabj@facebook.com,"22 de Marzo",https://www.facebook.com/kmycoiraCabj,22,,"Ciudad Autónoma de Buenos Aires","Buenos Aires",Argentina,100001900954748,"Lucas Funes",https://www.facebook.com/SkriLef14,1
Manu,Vigliecca,emanuel.vigliecca@facebook.com,"22 de Marzo",https://www.facebook.com/emanuel.vigliecca,,,"Ciudad Autónoma de Buenos Aires","Buenos Aires",Argentina,1525862341,"Ingrid Sondergaard",https://www.facebook.com/ingridfash,1
Bárbara,Coria,barbara.coria.54@facebook.com,"22 de Marzo",https://www.facebook.com/barbara.coria.54,24,,"Ciudad Autónoma de Buenos Aires","Buenos Aires",Argentina,100002695179335,"Emanuel Gaston Perdigues",https://www.facebook.com/emaxpx,1
Agustina,Ferrari,agus.ferrari.399@facebook.com,"22 de Marzo",https://www.facebook.com/agus.ferrari.399,,,"Ciudad Autónoma de Buenos Aires","Buenos Aires",Argentina,691839570,"Martin Olmedo",,1
Natura,Ceci,natura.ceci@facebook.com,"22 de Marzo",https://www.facebook.com/natura.ceci,,,"Ciudad Autónoma de Buenos Aires","Buenos Aires",Argentina,100003932299387,"Natalia Vaccaro",,1
Gustavo,Benzaquen,gustavo.benzaquen@facebook.com,"22 de Marzo",https://www.facebook.com/gustavo.benzaquen,,,"Ciudad Autónoma de Buenos Aires","Buenos Aires",Argentina,712183841,"Vanesa Macias",https://www.facebook.com/vanesa.macias1,1
Sol,Sad,sol.sad.71@facebook.com,"22 de Marzo",https://www.facebook.com/sol.sad.71,,,"Ciudad Autónoma de Buenos Aires","Buenos Aires",Argentina,1616916511,"Marcelo Gustavo Salerno",https://www.facebook.com/marcelogustavo.salerno,1
Ariel,Albornoz,ariel.albornoz2@facebook.com,"22 de Marzo",https://www.facebook.com/ariel.albornoz2,,,"Ciudad Autónoma de Buenos Aires","Buenos Aires",Argentina,1620540148,"Marcelo Gustavo Salerno",https://www.facebook.com/marcelogustavo.salerno,1
Carmen,Herrera,herreracarmen@facebook.com,"22 de Marzo",https://www.facebook.com/HerreraCarmen,,"Parque Patricios","Ciudad Autónoma de Buenos Aires","Buenos Aires",Argentina,674185856,"Paula Medina",,1
Licenciada,"Nuria Nutricionista",nur.nusen@facebook.com,"22 de Marzo",https://www.facebook.com/nur.nusen,,,"Ciudad Autónoma de Buenos Aires","Buenos Aires",Argentina,1340936730,"Sabrina Fuchs",,1
Sergio,Filippini,sergio.filippini.12@facebook.com,"22 de Marzo",https://www.facebook.com/sergio.filippini.12,30,,"Ciudad Autónoma de Buenos Aires","Buenos Aires",Argentina,619377332,"Gimena Librio",https://www.facebook.com/gimelibrio,1
Tomás,Nierenberger,tomasnierenberger@facebook.com,"22 de Marzo",https://www.facebook.com/TomasNierenberger,,"La Boca","Ciudad Autónoma de Buenos Aires","Distrito Federal",Argentina,100001465625371,"Matías Panero",,1
Belen,Maidana,belen.maidana.50@facebook.com,"22 de Marzo",https://www.facebook.com/belen.maidana.50,,Recoleta,"Ciudad Autónoma de Buenos Aires","Buenos Aires",Argentina,583026655,"Tatiana Petroccelli",https://www.facebook.com/tanshanita,1
Esteban,Gallardo,esteban.gallardo.1610@facebook.com,"22 de Marzo",https://www.facebook.com/esteban.gallardo.1610,,,"Ciudad Autónoma de Buenos Aires","Buenos Aires",Argentina,100002532546506,"Sindy Elisa Szczucky",https://www.facebook.com/sindy.szczucky,1
Carola,Manzo,carola.manzo.7@facebook.com,"22 de Marzo",https://www.facebook.com/carola.manzo.7,,,"Ciudad Autónoma de Buenos Aires","Buenos Aires",Argentina,702007489,"Natascha Stern",https://www.facebook.com/natascha.stern,1
Deportivo,Todos,deportivo.todos@facebook.com,"22 de Marzo",https://www.facebook.com/deportivo.todos,25,,"Ciudad Autónoma de Buenos Aires","Buenos Aires",Argentina,100003659405951,"Anto D'Amato",https://www.facebook.com/anto.dama,1
Solanas,Accesorios,solanas.accesorios.3@facebook.com,"22 de Marzo",https://www.facebook.com/solanas.accesorios.3,25,,"Ciudad Autónoma de Buenos Aires","Buenos Aires",Argentina,100003665193489,"Anto D'Amato",https://www.facebook.com/anto.dama,1
Naty,Edelsztein,naty.edel@facebook.com,"22 de Marzo",https://www.facebook.com/naty.edel,,"Buenos Aires","Buenos Aires","Buenos Aires",Argentina,510908849,"Iael Rosemberg",0,1
Carolina,Ferace,carolina.ferace@facebook.com,"22 de Marzo",https://www.facebook.com/carolina.ferace,,,"Ciudad Autónoma de Buenos Aires","Buenos Aires",Argentina,813438815,"Guido Moncayo",https://www.facebook.com/guido.moncayo,1
Victoria,Gallardo,victoria.gallardo.14@facebook.com,"22 de Marzo",https://www.facebook.com/victoria.gallardo.14,28,,"Ciudad Autónoma de Buenos Aires","Buenos Aires",Argentina,100001614664910,"Nataly Cuerva",https://www.facebook.com/nataliagtrujillo,1
"Diego Martin Emanuel",Janis,diegomartinemanuel.janis@facebook.com,"22 de Marzo",https://www.facebook.com/diegomartinemanuel.janis,,,"Ciudad Autónoma de Buenos Aires","Buenos Aires",Argentina,605978370,"Germán LM",https://www.facebook.com/ghermanl,1
Julio,Martinez,julio.c.martinez.5@facebook.com,"22 de Marzo",https://www.facebook.com/julio.c.martinez.5,,,"Ciudad Autónoma de Buenos Aires","Buenos Aires",Argentina,1608631973,"Charly Ruez",https://www.facebook.com/charly.ruez,1
Verito,Alava,vazevallos@facebook.com,"22 de Marzo",https://www.facebook.com/vazevallos,21,,"Ciudad Autónoma de Buenos Aires","Buenos Aires",Argentina,556705313,"Facundo Bulacio",https://www.facebook.com/facundo.bulacio,1
Cinthya,Levy,cinthya.levy@facebook.com,"22 de Marzo",https://www.facebook.com/cinthya.levy,23,,"Ciudad Autónoma de Buenos Aires","Buenos Aires",Argentina,1190793913,"Axx Agustin",https://www.facebook.com/Ax.Agustin,1
Fer,Witte,fer.rodriguez.102361@facebook.com,"22 de Marzo",https://www.facebook.com/fer.rodriguez.102361,,,"Ciudad Autónoma de Buenos Aires","Buenos Aires",Argentina,1370785351,"Nahu Millicay Pereyra",https://www.facebook.com/nahumilli,1
Samanta,Rodriguez,sami.ailen@facebook.com,"22 de Marzo",https://www.facebook.com/sami.ailen,25,,"Ciudad Autónoma de Buenos Aires","Buenos Aires",Argentina,618225055,"Paula Lara-Foti",https://www.facebook.com/paula.larafoti,1
Mundo,Wines,mundowines@facebook.com,"22 de Marzo",https://www.facebook.com/mundowines,,,"Ciudad Autónoma de Buenos Aires","Buenos Aires",Argentina,1321466731,"Lupe Dávalos",https://www.facebook.com/guadinight,1
Maxi,Biancardi,maxi.biancardi@facebook.com,"22 de Marzo",https://www.facebook.com/maxi.biancardi,,,"Ciudad Autónoma de Buenos Aires","Buenos Aires",Argentina,100000687468260,"Victoria Cerdán",https://www.facebook.com/victoriaacerdan,1
Sol,Sad,solsadfcbk@facebook.com,"22 de Marzo",https://www.facebook.com/SolSadfcbk,,,"Ciudad Autónoma de Buenos Aires","Buenos Aires",Argentina,100001267785450,"Marcelo Gustavo Salerno",https://www.facebook.com/marcelogustavo.salerno,1
Danii,Barrios,daniiibarrios@facebook.com,"22 de Marzo",https://www.facebook.com/Daniiibarrios,25,,"Ciudad Autónoma de Buenos Aires","Buenos Aires",Argentina,1512246670,"Aniita Canta",https://www.facebook.com/Aniita.Canta,1
Joni,"El Negro",joni.elnegro@facebook.com,"22 de Marzo",https://www.facebook.com/joni.elnegro,22,Barracas,"Ciudad Autónoma de Buenos Aires","Buenos Aires",Argentina,1169124251,"Christian Douer Chuky",https://www.facebook.com/christian.chuky,1
Saikou,Japoneses,saikoushop@facebook.com,"22 de Marzo",https://www.facebook.com/SAIKOUSHOP,27,,"Ciudad Autónoma de Buenos Aires","Buenos Aires",Argentina,100002434029214,"Gisela Tesei",,1
Lupe,Acosta,palermolyon@facebook.com,"22 de Marzo",https://www.facebook.com/palermolyon,27,,"Ciudad Autónoma de Buenos Aires","Buenos Aires",Argentina,100002430731920,"Natalia Landa",,1
Pepe,Madero,pepemadero95@facebook.com,"22 de Marzo",https://www.facebook.com/pepemadero95,,"Buenos Aires","Buenos Aires","Buenos Aires",Argentina,100000175787251,"Peter GC",0,1
Octavio,Peralta,octavio.peralta.3@facebook.com,"22 de Marzo",https://www.facebook.com/octavio.peralta.3,,,"Ciudad Autónoma de Buenos Aires","Buenos Aires",Argentina,100001368233808,"Agustin Martinez Molinelli",https://www.facebook.com/agustin.martinezmolinelli,1
Pablo,Baez,pablo.baez.56808@facebook.com,"22 de Marzo",https://www.facebook.com/pablo.baez.56808,,,"Ciudad Autónoma de Buenos Aires","Buenos Aires",Argentina,1293395892,"Gisele Fratini",https://www.facebook.com/giakdmik,1
Vicky,Paula,vickydipaula@facebook.com,"22 de Marzo",https://www.facebook.com/vickydipaula,28,,"Ciudad Autónoma de Buenos Aires","Buenos Aires",Argentina,1365785817,"Celeste Cabral",,1
Marcela,Jacomelli,marcejacomelli@facebook.com,"22 de Marzo",https://www.facebook.com/marcejacomelli,,,"Ciudad Autónoma de Buenos Aires","Buenos Aires",Argentina,1076905112,"Maria Paula Toyos",,1
Salir,Feria,giselle.arcuri.1@facebook.com,"22 de Marzo",https://www.facebook.com/giselle.arcuri.1,24,,"Ciudad Autónoma de Buenos Aires","Buenos Aires",Argentina,100004143486670,"Sofu Maddonni",https://www.facebook.com/ssofiia,1
Effy,Herrera,ana.s.herrera@facebook.com,"22 de Marzo",https://www.facebook.com/ana.s.herrera,25,"Buenos Aires","Buenos Aires","Buenos Aires",Argentina,1390472503,"Charly Ruez",0,1
Jose,Imbrenda,jose.imbrenda@facebook.com,"22 de Marzo",https://www.facebook.com/jose.imbrenda,29,,"Ciudad Autónoma de Buenos Aires","Buenos Aires",Argentina,1062772129,"Chanchi Martinez",https://www.facebook.com/chanchi.martinez,1
Juli,Tassello,juli.tassello@facebook.com,"22 de Marzo",https://www.facebook.com/juli.tassello,,,"Ciudad Autónoma de Buenos Aires","Buenos Aires",Argentina,1431363593,"Maria Belén",,1
Daiu,Rojas,daiu.rojas@facebook.com,"22 de Marzo",https://www.facebook.com/daiu.rojas,23,,"Ciudad Autónoma de Buenos Aires","Buenos Aires",Argentina,100001050124579,"Guido Blarasin",https://www.facebook.com/guido.blarasin,1
Vanesa,"Rivero Di Fiorotto",vanesa.riverodifiorotto@facebook.com,"22 de Marzo",https://www.facebook.com/vanesa.riverodifiorotto,22,,"Ciudad Autónoma de Buenos Aires","Buenos Aires",Argentina,100000091839873,"Cecilia Weingardt",,1
Rama,"Fernandez Russo",ramiro.fernandezrusso@facebook.com,"22 de Marzo",https://www.facebook.com/ramiro.fernandezrusso,,,"Ciudad Autónoma de Buenos Aires","Buenos Aires",Argentina,1683242749,"Juan Cruz Albornoz",,1
Federico,Bauzá,fede.nirvana@facebook.com,"22 de Marzo",https://www.facebook.com/fede.nirvana,24,Núñez,"Ciudad Autónoma de Buenos Aires","Buenos Aires",Argentina,100000252030004,"Elias Saul",https://www.facebook.com/elias.saul,1
"Ivana Sol",Vigilante,ivanavigilante@facebook.com,"22 de Marzo",https://www.facebook.com/ivanavigilante,21,,"Ciudad Autónoma de Buenos Aires","Buenos Aires",Argentina,1102416386,"Florencia Pulicari",https://www.facebook.com/florencia.pulicari,1
Joni,Aramayo,joni.aramayo@facebook.com,"22 de Marzo",https://www.facebook.com/joni.aramayo,22,,"Ciudad Autónoma de Buenos Aires","Buenos Aires",Argentina,100006826354177,"Christian Douer Chuky",https://www.facebook.com/christian.chuky,1
Juanma,Rey,juanma.rey.96@facebook.com,"22 de Marzo",https://www.facebook.com/juanma.rey.96,,,"Ciudad Autónoma de Buenos Aires","Buenos Aires",Argentina,1263562856,"Joaquin Barraco",https://www.facebook.com/chino.barraco,1
"Flavia Torrisi","Instructora Canina II",flavia.torrisi@facebook.com,"22 de Marzo",https://www.facebook.com/flavia.torrisi,,,"Ciudad Autónoma de Buenos Aires","Buenos Aires",Argentina,708807280,"Luli Torres",,1
Balto,Bauer,balto.bauer@facebook.com,"23 de Marzo",https://www.facebook.com/balto.bauer,,,"Ciudad Autónoma de Buenos Aires","Buenos Aires",Argentina,100001085137774,"Srita Bauer",https://www.facebook.com/marina.vas,1
Candee,Zocco,candee.zocco@facebook.com,"23 de Marzo",https://www.facebook.com/candee.zocco,,,"Ciudad Autónoma de Buenos Aires","Buenos Aires",Argentina,1168395271,"Nicolás Marano",https://www.facebook.com/nicolasmarano10,1
Juan,"De Reatti Dimasi",dr.juanfranciscodereatti@facebook.com,"23 de Marzo",https://www.facebook.com/Dr.JuanFranciscoDeReatti,29,,"Ciudad Autónoma de Buenos Aires","Buenos Aires",Argentina,100003875390057,"Flor Vischi Cortés",https://www.facebook.com/flor.vischi,1
Lucia,Jara,asadfagadfsf@facebook.com,"23 de Marzo",https://www.facebook.com/asadfagadfsf,26,,"Ciudad Autónoma de Buenos Aires","Buenos Aires",Argentina,100002613511755,"Pedro Lopezyfernandez",https://www.facebook.com/pedronahuel,1
Gime,Sanz,ximmesanz@facebook.com,"23 de Marzo",https://www.facebook.com/ximmesanz,25,"Buenos Aires","Buenos Aires","Buenos Aires",Argentina,100005754162440,"Alan Yun",0,1
Sebastian,Leclerq,edenchase.net@facebook.com,"23 de Marzo",https://www.facebook.com/edenchase.net,,,"Ciudad Autónoma de Buenos Aires","Buenos Aires",Argentina,100000916507975,"Juan Antonio Papagni Meca",https://www.facebook.com/juanantoniopapagnimeca,1
Cristina,"de la Vega",cristina.delavega.5@facebook.com,"23 de Marzo",https://www.facebook.com/cristina.delavega.5,,,"Ciudad Autónoma de Buenos Aires","Buenos Aires",Argentina,1640932734,"Franco Marcoccia",https://www.facebook.com/franco.marcoccia,1
Fran,Cisco,fran.zamora199@facebook.com,"23 de Marzo",https://www.facebook.com/fran.zamora199,,,"Ciudad Autónoma de Buenos Aires","Buenos Aires",Argentina,1076126031,"Belen Uicich",https://www.facebook.com/belen.uicich,1
Erika,Alejo,erika.alejo@facebook.com,"23 de Marzo",https://www.facebook.com/erika.alejo,27,,"Ciudad Autónoma de Buenos Aires","Buenos Aires",Argentina,1431972114,"Jochuu Rodriguez Linck",https://www.facebook.com/jochuu.rodriguezlinck,1
Milagros,Sanchez,milu.sanchez2@facebook.com,"23 de Marzo",https://www.facebook.com/milu.sanchez2,,,"Ciudad Autónoma de Buenos Aires","Buenos Aires",Argentina,1322551758,"Estefania Rodriguez",,1
El,Ale,elale22@facebook.com,"23 de Marzo",https://www.facebook.com/elale22,,"Villa Del Parque","Ciudad Autónoma de Buenos Aires","Buenos Aires",Argentina,1140671808,"Gimena Yamila Yerden Giaquinto",https://www.facebook.com/Gimetrance,1
"Ricardo Alfonso",Carrasquet,rcarrasquet@facebook.com,"23 de Marzo",https://www.facebook.com/rcarrasquet,,,"Ciudad Autónoma de Buenos Aires","Buenos Aires",Argentina,1140577566,"Carlos Wilson",,1
Ayelen,Colombi,ayelen.colombi@facebook.com,"23 de Marzo",https://www.facebook.com/ayelen.colombi,24,,"Ciudad Autónoma de Buenos Aires","Buenos Aires",Argentina,1541214590,"Matias Duarte",,1
Fede,Camisetas,fede.camisetas@facebook.com,"23 de Marzo",https://www.facebook.com/fede.camisetas,,,"Ciudad Autónoma de Buenos Aires","Buenos Aires",Argentina,100003811698446,"Facu Denegri",,1
Ramiro,Nadal,recibimientosdebocajuniors.cabj@facebook.com,"23 de Marzo",https://www.facebook.com/recibimientosdebocajuniors.cabj,,"La Boca","Ciudad Autónoma de Buenos Aires","Distrito Federal",Argentina,100003839491995,"Facu Denegri",,1
Iara,Vazquez,iarabibosh@facebook.com,"23 de Marzo",https://www.facebook.com/iarabibosh,,,"Ciudad Autónoma de Buenos Aires","Buenos Aires",Argentina,1074049156,"Andrea Giarrocco",https://www.facebook.com/andrea.giarrocco,1
Magicas,Compañias,magicascompanias@facebook.com,"23 de Marzo",https://www.facebook.com/magicascompanias,26,,"Ciudad Autónoma de Buenos Aires","Buenos Aires",Argentina,1651062093,"Marcelo Gustavo Salerno",https://www.facebook.com/marcelogustavo.salerno,1
Tu,Estilo,tu.estilo.10@facebook.com,"23 de Marzo",https://www.facebook.com/tu.estilo.10,,,"Ciudad Autónoma de Buenos Aires","Buenos Aires",Argentina,100003701046959,"Juli Sremac",https://www.facebook.com/juli.sremac,1
Antonela,Ronconi,antonela.ronconi@facebook.com,"23 de Marzo",https://www.facebook.com/antonela.ronconi,,,"Ciudad Autónoma de Buenos Aires","Buenos Aires",Argentina,100003983350686,"Mia Miry Ponce",,1
Fly,"Natural Bar",flynaturalbar@facebook.com,"23 de Marzo",https://www.facebook.com/flynaturalbar,,,"Ciudad Autónoma de Buenos Aires","Buenos Aires",Argentina,100000929880907,"Mery Villar",https://www.facebook.com/mery.villar1,1
Angie,Anzorena,angie.anzorena93@facebook.com,"23 de Marzo",https://www.facebook.com/angie.anzorena93,,"Buenos Aires","Buenos Aires","Buenos Aires",Argentina,100008935998317,"Charly Ruez",0,1
Andres,Machin,andres.machin.10@facebook.com,"23 de Marzo",https://www.facebook.com/andres.machin.10,26,"Villa Devoto","Ciudad Autónoma de Buenos Aires","Buenos Aires",Argentina,646267594,"Caro Ros Jones",https://www.facebook.com/carorosjones,1
Mabel,Sumina,mabel.sumina@facebook.com,"23 de Marzo",https://www.facebook.com/mabel.sumina,,"Buenos Aires","Buenos Aires","Buenos Aires",Argentina,100001826622470,"Alan Yun",0,1
Logia,Ortiz,logiaortiz@facebook.com,"23 de Marzo",https://www.facebook.com/logiaortiz,22,,"Ciudad Autónoma de Buenos Aires","Buenos Aires",Argentina,1116673807,"Emiliano Pirolo",https://www.facebook.com/emi.pirolo,1
Theo,Esmoris,esmorist@facebook.com,"23 de Marzo",https://www.facebook.com/esmorist,,,"Ciudad Autónoma de Buenos Aires","Buenos Aires",Argentina,1567070389,"Juan Antonio Papagni Meca",https://www.facebook.com/juanantoniopapagnimeca,1
Xime,"de Anton",xime.de.vp@facebook.com,"23 de Marzo",https://www.facebook.com/xime.de.vp,,,"Ciudad Autónoma de Buenos Aires","Buenos Aires",Argentina,1543751316,"Brian Cano",,1
Daniel,Falcone,daniel.falcone.9@facebook.com,"23 de Marzo",https://www.facebook.com/daniel.falcone.9,,,"Ciudad Autónoma de Buenos Aires","Buenos Aires",Argentina,100000727041265,"Felicitas Ghigliotti",https://www.facebook.com/felicitas.ghigliotti,1
Elizabet,Alvez,elizabet.alvez@facebook.com,"23 de Marzo",https://www.facebook.com/elizabet.alvez,23,,"Ciudad Autónoma de Buenos Aires","Buenos Aires",Argentina,100002700379478,"Sindy Elisa Szczucky",https://www.facebook.com/sindy.szczucky,1
Facu,Castro,facundo.castro3@facebook.com,"23 de Marzo",https://www.facebook.com/facundo.castro3,,,"Ciudad Autónoma de Buenos Aires","Buenos Aires",Argentina,519262876,"Maria Belén",,1
Gabriel,Mas,gabriel.mas.14@facebook.com,"23 de Marzo",https://www.facebook.com/gabriel.mas.14,,"Villa Luro","Ciudad Autónoma de Buenos Aires","Distrito Federal",Argentina,1412523616,"Nazarena Sierra",,1
Natalia,Fariña,natalia.farina.357@facebook.com,"23 de Marzo",https://www.facebook.com/natalia.farina.357,,,"Ciudad Autónoma de Buenos Aires","Buenos Aires",Argentina,1131973926,"Martín Álvarez BA I",https://www.facebook.com/Woody.Blair,1
Pabbli,Garcia,pabbligarcia@facebook.com,"23 de Marzo",https://www.facebook.com/pabbligarcia,25,,"Ciudad Autónoma de Buenos Aires","Buenos Aires",Argentina,726868077,"Flor Rossi",,1
"Musicales Baires",Argentina,musicalesbaires.argentina@facebook.com,"23 de Marzo",https://www.facebook.com/musicalesbaires.argentina,,,"Ciudad Autónoma de Buenos Aires","Buenos Aires",Argentina,100003463715336,"Lucia Benavídez",,1
Francisco,Corbalan,francisone@facebook.com,"23 de Marzo",https://www.facebook.com/francisone,,,"Ciudad Autónoma de Buenos Aires","Buenos Aires",Argentina,1262484918,"Emiliano Pirolo",https://www.facebook.com/emi.pirolo,1
Paula,Riera,paula.riera1@facebook.com,"23 de Marzo",https://www.facebook.com/paula.riera1,28,,"Ciudad Autónoma de Buenos Aires","Buenos Aires",Argentina,670174925,"Charly Ruez",https://www.facebook.com/charly.ruez,1
Alejandro,Pegasano,pegasky@facebook.com,"23 de Marzo",https://www.facebook.com/pegasky,,,"Ciudad Autónoma de Buenos Aires","Buenos Aires",Argentina,1075238020,"Luli Torres",,1
Luli,Viegas,luliviegas@facebook.com,"23 de Marzo",https://www.facebook.com/luliviegas,26,,"Ciudad Autónoma de Buenos Aires","Buenos Aires",Argentina,759264783,"Tia Lu",https://www.facebook.com/vivardo.lucia,1
Fabian,"Caro Fraile",fabian.carofraile@facebook.com,"23 de Marzo",https://www.facebook.com/fabian.carofraile,22,,"Ciudad Autónoma de Buenos Aires","Buenos Aires",Argentina,100001837202633,"Fran Barbieri",https://www.facebook.com/powerpainting00,1
Gonzalo,Datolo,gonzalo.datolo@facebook.com,"23 de Marzo",https://www.facebook.com/gonzalo.datolo,30,,"Ciudad Autónoma de Buenos Aires","Buenos Aires",Argentina,100001046781992,"Tatiana Petroccelli",https://www.facebook.com/tanshanita,1
Thiago,Acevedo,thiago.a.acevedo@facebook.com,"23 de Marzo",https://www.facebook.com/thiago.a.acevedo,,,"Ciudad Autónoma de Buenos Aires","Buenos Aires",Argentina,100000909635986,"Gabi López",,1
"Aurora Batista",Bar,aurorabatista.bar@facebook.com,"23 de Marzo",https://www.facebook.com/aurorabatista.bar,30,,"Ciudad Autónoma de Buenos Aires","Buenos Aires",Argentina,100000974273436,"Ro Cardoso",,1
Sofia,Puente,sofiaaaaaaaa@facebook.com,"23 de Marzo",https://www.facebook.com/Sofiaaaaaaaa,,,"Ciudad Autónoma de Buenos Aires","Buenos Aires",Argentina,723957144,"Cesar Andree VL",,1
Eduardo,Sacco,ilcaposacco@facebook.com,"23 de Marzo",https://www.facebook.com/ilcaposacco,,,"Ciudad Autónoma de Buenos Aires","Buenos Aires",Argentina,836865314,"Flor Rossi",,1
El,"de Pilar",depilarcristian@facebook.com,"23 de Marzo",https://www.facebook.com/depilarcristian,,,"Ciudad Autónoma de Buenos Aires","Buenos Aires",Argentina,1118257426,"Cielito Perez",,1
Gonzalo,Etchegaray,gonzalo.etchegaray.71@facebook.com,"23 de Marzo",https://www.facebook.com/gonzalo.etchegaray.71,24,,"Ciudad Autónoma de Buenos Aires","Buenos Aires",Argentina,775767490,"Maria Quevedo",https://www.facebook.com/mery.quevedo3,1
Zulma,"Pastorino Levieux",zulma.pastorino.3@facebook.com,"23 de Marzo",https://www.facebook.com/zulma.pastorino.3,24,,"Ciudad Autónoma de Buenos Aires","Buenos Aires",Argentina,785794480,"Maria Quevedo",https://www.facebook.com/mery.quevedo3,1
Yael,Osuna,yaael.osunaa@facebook.com,"23 de Marzo",https://www.facebook.com/yaael.osunaa,,,"Ciudad Autónoma de Buenos Aires","Buenos Aires",Argentina,100002798223871,"Mika Escobar",https://www.facebook.com/mika.escobar1,1
Maru,Benitez,maru.beniteztraverso@facebook.com,"24 de Marzo",https://www.facebook.com/maru.beniteztraverso,,,"Ciudad Autónoma de Buenos Aires","Buenos Aires",Argentina,1427351903,"Flor Cantero",,1
Esteban,"del Sar",esteban.delsar@facebook.com,"24 de Marzo",https://www.facebook.com/esteban.delsar,29,,"Ciudad Autónoma de Buenos Aires","Buenos Aires",Argentina,540302841,"Daniel Arbol",https://www.facebook.com/darbol1,1
Tempero,Brasileiro,tempero.brasileiro.39@facebook.com,"24 de Marzo",https://www.facebook.com/tempero.brasileiro.39,,,"Ciudad Autónoma de Buenos Aires","Buenos Aires",Argentina,100008067934768,"Michelle Ribeiro",,1
Espacio,Quintana,espacio.quintana.5@facebook.com,"24 de Marzo",https://www.facebook.com/espacio.quintana.5,27,,"Ciudad Autónoma de Buenos Aires","Buenos Aires",Argentina,100002078382706,"Agus Terra Medina",https://www.facebook.com/kiki.terra,1
"Maria Ines",Radaelli,mariaines.radaelli@facebook.com,"24 de Marzo",https://www.facebook.com/mariaines.radaelli,,,"Ciudad Autónoma de Buenos Aires","Buenos Aires",Argentina,1040437159,"Jose Guevara",https://www.facebook.com/JoeGuevara81,1
Brian,Moreno,brian.moreno.3348@facebook.com,"24 de Marzo",https://www.facebook.com/brian.moreno.3348,21,,"Ciudad Autónoma de Buenos Aires","Buenos Aires",Argentina,1403605552,"Agustina Pelle Müller",,1
Laura,Testa,laura.testa.501@facebook.com,"24 de Marzo",https://www.facebook.com/laura.testa.501,,"Buenos Aires","Buenos Aires","Buenos Aires",Argentina,1076995161,"Clara Nosiglia",0,1
Angie,Contreras,la.angiedepompella@facebook.com,"24 de Marzo",https://www.facebook.com/La.angiedepompella,21,,"Ciudad Autónoma de Buenos Aires","Buenos Aires",Argentina,100001608259191,"Emilce Castro",,1
Justo,Marra,justo.marra@facebook.com,"24 de Marzo",https://www.facebook.com/justo.marra,,,"Ciudad Autónoma de Buenos Aires","Buenos Aires",Argentina,559476578,"Alexia Garcia",https://www.facebook.com/garciaalexiia,1
"Estudio Jurídico","Dnp Asociados",dnp.asociados@facebook.com,"24 de Marzo",https://www.facebook.com/dnp.asociados,22,,"Ciudad Autónoma de Buenos Aires","Buenos Aires",Argentina,100004020226143,"Flor Vischi Cortés",https://www.facebook.com/flor.vischi,1
Flor,More,flopii.morena@facebook.com,"24 de Marzo",https://www.facebook.com/flopii.morena,24,"Buenos Aires","Buenos Aires","Buenos Aires",Argentina,1108295292,"Luciana Paione Oleszuk",0,1
Manuel,Bez,manuel.bez.98@facebook.com,"24 de Marzo",https://www.facebook.com/manuel.bez.98,30,,"Ciudad Autónoma de Buenos Aires","Buenos Aires",Argentina,100004651662630,"Noelia G. Coviella",,1
Bel,Gallardo,belgallardo@facebook.com,"24 de Marzo",https://www.facebook.com/belgallardo,,"Barrio Norte","Ciudad Autónoma de Buenos Aires","Buenos Aires",Argentina,1000530201,"Natalia Garmaz Hilbert",https://www.facebook.com/natalia.garmazhilbert,1
Casandra,Antieco,casandra.antieco@facebook.com,"24 de Marzo",https://www.facebook.com/casandra.antieco,,Esquel,"Ciudad Autónoma de Buenos Aires","Distrito Federal",Argentina,100001825102935,"Pedro Lopezyfernandez",https://www.facebook.com/pedronahuel,1
Vane,Acuña,vane.acunia@facebook.com,"24 de Marzo",https://www.facebook.com/vane.acunia,,"Buenos Aires","Buenos Aires","Buenos Aires",Argentina,100002160144274,"Elias Prituluk",0,1
Campanopolis,Aldea,campanopolis@facebook.com,"24 de Marzo",https://www.facebook.com/campanopolis,23,,"Ciudad Autónoma de Buenos Aires","Buenos Aires",Argentina,100000501469125,"Mery Villar",https://www.facebook.com/mery.villar1,1
Gianluca,Goudelias,giangoude@facebook.com,"24 de Marzo",https://www.facebook.com/giangoude,,,"Ciudad Autónoma de Buenos Aires","Buenos Aires",Argentina,1483473504,"Gabi López",,1
"Pablo Esteban",Lopez,pabloesteban.lopez.1@facebook.com,"24 de Marzo",https://www.facebook.com/pabloesteban.lopez.1,27,"Buenos Aires","Buenos Aires","Buenos Aires",Argentina,1597705346,"Tiago Salvia",0,1
Memorias,"de Poetas",memorias.depoetas@facebook.com,"24 de Marzo",https://www.facebook.com/memorias.depoetas,24,,"Ciudad Autónoma de Buenos Aires","Buenos Aires",Argentina,100003751055035,"Anita Ghersinich",https://www.facebook.com/anita.ghersinich,1
Cami,Perez,camiladperez22@facebook.com,"24 de Marzo",https://www.facebook.com/camiladperez22,28,,"Ciudad Autónoma de Buenos Aires","Buenos Aires",Argentina,615454891,"Ariel D'Onofrio",https://www.facebook.com/arix.donofrio,1
Nicolás,Mirelman,nicolasmirelman@facebook.com,"24 de Marzo",https://www.facebook.com/nicolasmirelman,25,,"Ciudad Autónoma de Buenos Aires","Buenos Aires",Argentina,776944643,"Jose Guevara",https://www.facebook.com/JoeGuevara81,1
John,Agost,jhon.agost@facebook.com,"24 de Marzo",https://www.facebook.com/jhon.agost,22,,"Ciudad Autónoma de Buenos Aires","Buenos Aires",Argentina,1571991603,"Mauro Sebastian Villegas",,1
"Maria Fabiana",Eichhorst,mariafabiana.eichhorst@facebook.com,"24 de Marzo",https://www.facebook.com/mariafabiana.eichhorst,,,"Ciudad Autónoma de Buenos Aires","Buenos Aires",Argentina,1462283718,"Gabriela Santoro",https://www.facebook.com/vgs141,1
Laura,Lucia,laura.lucia2@facebook.com,"24 de Marzo",https://www.facebook.com/laura.lucia2,26,,"Ciudad Autónoma de Buenos Aires","Buenos Aires",Argentina,1517184337,"Silvia Fernandez",https://www.facebook.com/silviafernandezchivi,1
"El Germen",Fce-uba,el.germen.economicas.uba@facebook.com,"24 de Marzo",https://www.facebook.com/El.Germen.Economicas.UBA,,,"Ciudad Autónoma de Buenos Aires","Buenos Aires",Argentina,100000107066867,"Mery Spessa",https://www.facebook.com/Mery.Spessa,1
Constanza,Rn,coty.o.cony@facebook.com,"24 de Marzo",https://www.facebook.com/Coty.o.Cony,,,"Ciudad Autónoma de Buenos Aires","Buenos Aires",Argentina,692218993,"Christian Douer Chuky",https://www.facebook.com/christian.chuky,1
Mauricio,Marcoaldi,mauricio.marcoaldi@facebook.com,"24 de Marzo",https://www.facebook.com/mauricio.marcoaldi,,,"Ciudad Autónoma de Buenos Aires","Buenos Aires",Argentina,100001712133998,"Brenda Araceli Gonzalez",https://www.facebook.com/brendaaraceli.gonzalez,1
Augusto,Chiliotte,augusto.chiliotte@facebook.com,"24 de Marzo",https://www.facebook.com/augusto.chiliotte,,,"Ciudad Autónoma de Buenos Aires","Buenos Aires",Argentina,100001678983214,"Sol Bettoni",,1
Rocio,Alonso,rocio.alonso.1088@facebook.com,"24 de Marzo",https://www.facebook.com/rocio.alonso.1088,,,"Ciudad Autónoma de Buenos Aires","Buenos Aires",Argentina,1071505327,"Tamara Arias",,1
Verónica,Rue,veroruco@facebook.com,"24 de Marzo",https://www.facebook.com/veroruco,,,"Ciudad Autónoma de Buenos Aires","Buenos Aires",Argentina,1022692251,"Aldana Queirolo",https://www.facebook.com/aldana.queirolo,1
Masoka,Cine,masokacine@facebook.com,"24 de Marzo",https://www.facebook.com/masokacine,26,,"Ciudad Autónoma de Buenos Aires","Buenos Aires",Argentina,100000686228727,"Maria Lucila Quarleri",https://www.facebook.com/maria.quarleri,1
Celeste,Buzzi,celeste.buzzi@facebook.com,"24 de Marzo",https://www.facebook.com/celeste.buzzi,30,Boedo,"Ciudad Autónoma de Buenos Aires","Buenos Aires",Argentina,100001089352691,"Celeste Cabral",,1
Tobias,Pereyra,tobias.pereyra.777@facebook.com,"24 de Marzo",https://www.facebook.com/tobias.pereyra.777,22,,"Ciudad Autónoma de Buenos Aires","Buenos Aires",Argentina,1005656051,"Rochi Christensen",https://www.facebook.com/rochi.christensen,1
Delfi,Féraud,delfiferaud@facebook.com,"24 de Marzo",https://www.facebook.com/delfiferaud,,"Buenos Aires","Buenos Aires","Buenos Aires",Argentina,1654466012,"Luciana Paione Oleszuk",0,1
Natalia,Margarita,natalia.n.margarita@facebook.com,"24 de Marzo",https://www.facebook.com/natalia.n.margarita,24,,"Ciudad Autónoma de Buenos Aires","Buenos Aires",Argentina,626727362,"Jochuu Rodriguez Linck",https://www.facebook.com/jochuu.rodriguezlinck,1
Mike,O'Keefe,mickykushh@facebook.com,"24 de Marzo",https://www.facebook.com/mickykushh,24,,"Ciudad Autónoma de Buenos Aires","Buenos Aires",Argentina,598247959,"Stefi Chiarullo",https://www.facebook.com/stefi.chiarullo,1
Ruben,Rodriguez,ruben.rodriguez.752@facebook.com,"24 de Marzo",https://www.facebook.com/ruben.rodriguez.752,29,,"Ciudad Autónoma de Buenos Aires","Buenos Aires",Argentina,100002534664705,"Agustina Pelle Müller",,1
Mi,Septiembre,mi.septiembre@facebook.com,"24 de Marzo",https://www.facebook.com/mi.septiembre,,,"Ciudad Autónoma de Buenos Aires","Buenos Aires",Argentina,100000981049821,"Jochuu Rodriguez Linck",https://www.facebook.com/jochuu.rodriguezlinck,1
Guille,Saa,guille.saa@facebook.com,"24 de Marzo",https://www.facebook.com/guille.saa,22,,"Ciudad Autónoma de Buenos Aires","Buenos Aires",Argentina,749357956,"Vanesa Marinich",https://www.facebook.com/vanesa.marinich,1
Pedro,"Pusineri Loustau",pedropusineriloustau@facebook.com,"24 de Marzo",https://www.facebook.com/pedropusineriloustau,,,"Ciudad Autónoma de Buenos Aires","Buenos Aires",Argentina,574754716,"Noe. J. Enriz",,1
Florencia,Tachdjian,florencia.tachdjian@facebook.com,"24 de Marzo",https://www.facebook.com/florencia.tachdjian,30,,"Ciudad Autónoma de Buenos Aires","Buenos Aires",Argentina,1000910443,"Valeria Rodriguez",,1
Felipe,Gomez,felipe.gomez.338@facebook.com,"24 de Marzo",https://www.facebook.com/felipe.gomez.338,28,,"Ciudad Autónoma de Buenos Aires","Buenos Aires",Argentina,100001033304880,"Victoria Cerdán",https://www.facebook.com/victoriaacerdan,1
Lucila,Deimundo,lucila.deimundo@facebook.com,"24 de Marzo",https://www.facebook.com/lucila.deimundo,23,,"Ciudad Autónoma de Buenos Aires","Buenos Aires",Argentina,882745091,"Rodrigo Vega",,1
Laa,Moro,floorrrrrrrrrrrrrrrr@facebook.com,"24 de Marzo",https://www.facebook.com/floorrrrrrrrrrrrrrrr,,,"Ciudad Autónoma de Buenos Aires","Buenos Aires",Argentina,100002995898664,"Sebastian Daniel Riccardi",https://www.facebook.com/sebastian.riccardi,1
Anneta,Expande,annetafreedom@facebook.com,"24 de Marzo",https://www.facebook.com/AnnetaFreedom,,,"Ciudad Autónoma de Buenos Aires","Buenos Aires",Argentina,1010696028,"Juan Antonio Papagni Meca",https://www.facebook.com/juanantoniopapagnimeca,1
Zuecos,Artesanales,zuecos.artesanales@facebook.com,"24 de Marzo",https://www.facebook.com/zuecos.artesanales,24,,"Ciudad Autónoma de Buenos Aires","Buenos Aires",Argentina,100003346890067,"Florencia Pulicari",https://www.facebook.com/florencia.pulicari,1
Jesus,Recino,jesus.recino@facebook.com,"24 de Marzo",https://www.facebook.com/jesus.recino,26,,"Ciudad Autónoma de Buenos Aires","Buenos Aires",Argentina,100003528904850,"Gabriela Prietoo",,1
Mariano,Catalano,mmariobox@facebook.com,"24 de Marzo",https://www.facebook.com/mmariobox,,"Buenos Aires","Buenos Aires","Buenos Aires",Argentina,1240054071,"Patrick Fernando Kushner L",0,1
Shesyk,Çabrera,shesyk.cabrera@facebook.com,"24 de Marzo",https://www.facebook.com/shesyk.cabrera,21,,"Ciudad Autónoma de Buenos Aires","Buenos Aires",Argentina,1274327497,"Cecilia Morinigo",,1
Fiesta,Kiki,fiesta.kiki@facebook.com,"24 de Marzo",https://www.facebook.com/fiesta.kiki,,,"Ciudad Autónoma de Buenos Aires","Buenos Aires",Argentina,100005746083424,"Daiana Soledad Pintos",https://www.facebook.com/Sheena.is,1
Encontra,TuNegocio,encontra.tunegocio@facebook.com,"24 de Marzo",https://www.facebook.com/encontra.tunegocio,,,"Ciudad Autónoma de Buenos Aires","Buenos Aires",Argentina,100002149228630,"Emiliano Pirolo",https://www.facebook.com/emi.pirolo,1
Pedro,"Candia Rosso",pedro.candiarosso@facebook.com,"24 de Marzo",https://www.facebook.com/pedro.candiarosso,23,,"Ciudad Autónoma de Buenos Aires","Buenos Aires",Argentina,100006958260168,"Cristian Fernandez Villamor",https://www.facebook.com/cristian.fernandezvillamo,1
Gustavo,Kornelakis,gustavo.kornelakis@facebook.com,"24 de Marzo",https://www.facebook.com/gustavo.kornelakis,,Recoleta,"Ciudad Autónoma de Buenos Aires","Buenos Aires",Argentina,637097025,"Santiago Villanueva",https://www.facebook.com/santiago.villanueva,1
Cambiar,Aires,cambiar.aires@facebook.com,"24 de Marzo",https://www.facebook.com/cambiar.aires,,,"Ciudad Autónoma de Buenos Aires","Buenos Aires",Argentina,100001377263553,"Justin Temperley",https://www.facebook.com/justin.temperley,1
Abril,Cervetto,abi.carp@facebook.com,"24 de Marzo",https://www.facebook.com/Abi.carp,,"Villa Devoto","Ciudad Autónoma de Buenos Aires","Buenos Aires",Argentina,1555752987,"Nahu Millicay Pereyra",https://www.facebook.com/nahumilli,1
Adas,"Angeles De Animales Sin Techo",adas.angelesdeanimalessintecho@facebook.com,"24 de Marzo",https://www.facebook.com/adas.angelesdeanimalessintecho,,,"Ciudad Autónoma de Buenos Aires","Buenos Aires",Argentina,100003716360371,"Camy Falcón",https://www.facebook.com/Cammy.Falcon,1
"Macarena Belen",Dubauskas,macarenabelen.dubauskas@facebook.com,"24 de Marzo",https://www.facebook.com/macarenabelen.dubauskas,21,,"Ciudad Autónoma de Buenos Aires","Buenos Aires",Argentina,1108420226,"Nicolás García",https://www.facebook.com/Niccccccccco,1
Kawabbonga,"Improvisación Teatral",kawabbonga@facebook.com,"24 de Marzo",https://www.facebook.com/kawabbonga,,,"Ciudad Autónoma de Buenos Aires","Buenos Aires",Argentina,1566019712,"Brenda Fabregat",https://www.facebook.com/brenda.fabregat,1
Nadia,González,nadia.f.gonzalez@facebook.com,"25 de Marzo",https://www.facebook.com/nadia.f.gonzalez,,,"Ciudad Autónoma de Buenos Aires","Buenos Aires",Argentina,1061967207,"Maria Quevedo",https://www.facebook.com/mery.quevedo3,1
Brisa,Meraviglia,brisa.meravigliaa@facebook.com,"25 de Marzo",https://www.facebook.com/brisa.meravigliaa,,,"Ciudad Autónoma de Buenos Aires","Buenos Aires",Argentina,100001850828666,"Demián Gabriel",,1
Yolanda,Fernandez,yolanda.fernandez.142892@facebook.com,"25 de Marzo",https://www.facebook.com/yolanda.fernandez.142892,,,"Ciudad Autónoma de Buenos Aires","Buenos Aires",Argentina,100001856392124,"Demián Gabriel",,1
Majo,Gimenez,majo.gimenez.10@facebook.com,"25 de Marzo",https://www.facebook.com/majo.gimenez.10,,,"Ciudad Autónoma de Buenos Aires","Buenos Aires",Argentina,100000267757850,"Marina Castagnino",https://www.facebook.com/castagnino,1
Matias,Mobilia,matias.mobilia@facebook.com,"25 de Marzo",https://www.facebook.com/matias.mobilia,25,,"Ciudad Autónoma de Buenos Aires","Buenos Aires",Argentina,1014825190,"Ariel Rivera",,1
Motos,Yamaha,motosycuatris@facebook.com,"25 de Marzo",https://www.facebook.com/motosycuatris,29,,"Ciudad Autónoma de Buenos Aires","Buenos Aires",Argentina,100002333152898,"Leonel Russo",https://www.facebook.com/leonel.russo,1
Aldana,Lucia,aldana.lucia.52@facebook.com,"25 de Marzo",https://www.facebook.com/aldana.lucia.52,,,"Ciudad Autónoma de Buenos Aires","Buenos Aires",Argentina,1135632425,"Jorge Biamonte",https://www.facebook.com/georgebiamonteok,1
María,Casal,meicasal@facebook.com,"25 de Marzo",https://www.facebook.com/meicasal,27,"Buenos Aires","Buenos Aires","Buenos Aires",Argentina,729291213,"Boio Kreutzer",0,1
Myriam,Floriani,florian.accesorios@facebook.com,"25 de Marzo",https://www.facebook.com/florian.accesorios,,,"Ciudad Autónoma de Buenos Aires","Buenos Aires",Argentina,100001752415236,"Ana Glinberg",https://www.facebook.com/ana.glinberg,1
Flopy,Duc,flopy.duc@facebook.com,"25 de Marzo",https://www.facebook.com/flopy.duc,,,"Ciudad Autónoma de Buenos Aires","Buenos Aires",Argentina,1286788016,"Tamara Castillo",,1
Victoria,Vdp,ingrid.arena.108@facebook.com,"25 de Marzo",https://www.facebook.com/ingrid.arena.108,28,"Villa Del Parque","Ciudad Autónoma de Buenos Aires","Buenos Aires",Argentina,100005815626068,"Natalia Magali Guglielmo",https://www.facebook.com/nataliamagali.guglielmo,1
Alan,Palermo,alan.palermo.942@facebook.com,"25 de Marzo",https://www.facebook.com/alan.palermo.942,24,,"Ciudad Autónoma de Buenos Aires","Buenos Aires",Argentina,100007084569423,"Atilio Fernandez",,1
Ivan,Huang,capitoiv@facebook.com,"25 de Marzo",https://www.facebook.com/capitoiv,21,,"Ciudad Autónoma de Buenos Aires","Buenos Aires",Argentina,100002062460817,"Cami Weng",,1
Diego,Bufon,bufon.diegofitor@facebook.com,"25 de Marzo",https://www.facebook.com/bufon.diegofitor,,,"Ciudad Autónoma de Buenos Aires","Buenos Aires",Argentina,1038005919,"Tatiana Petroccelli",https://www.facebook.com/tanshanita,1
Vasquita,Prieto,maite2637@facebook.com,"25 de Marzo",https://www.facebook.com/maite2637,,,"Ciudad Autónoma de Buenos Aires","Buenos Aires",Argentina,100006514446030,"Agustin Martinez Molinelli",https://www.facebook.com/agustin.martinezmolinelli,1
Emilio,Ferreyra,emilio.ferreyra.50@facebook.com,"25 de Marzo",https://www.facebook.com/emilio.ferreyra.50,,,"Ciudad Autónoma de Buenos Aires","Buenos Aires",Argentina,100006562814061,"Felicitas Ghigliotti",https://www.facebook.com/felicitas.ghigliotti,1
Nuez,Bsas,adelganuez.delaindia@facebook.com,"25 de Marzo",https://www.facebook.com/adelganuez.delaindia,29,,"Ciudad Autónoma de Buenos Aires","Buenos Aires",Argentina,100001460316684,"Vanesa Myrna Ojeda",,1
Emma,Escobar,emma.escobar.73@facebook.com,"25 de Marzo",https://www.facebook.com/emma.escobar.73,22,"Villa Ortúzar","Ciudad Autónoma de Buenos Aires","Buenos Aires",Argentina,1429362372,"Anita Ghersinich",https://www.facebook.com/anita.ghersinich,1
Damaris,Lopez,betsabe.lopez3@facebook.com,"25 de Marzo",https://www.facebook.com/betsabe.lopez3,22,,"Ciudad Autónoma de Buenos Aires","Buenos Aires",Argentina,668272103,"Agustina Pelle Müller",,1
Daniel,Romero,daniel.romero.3760@facebook.com,"25 de Marzo",https://www.facebook.com/daniel.romero.3760,26,,"Ciudad Autónoma de Buenos Aires","Buenos Aires",Argentina,1581169108,"Flor Vischi Cortés",https://www.facebook.com/flor.vischi,1
Uces,Comunicacion,uces.comunicacion@facebook.com,"25 de Marzo",https://www.facebook.com/uces.comunicacion,26,,"Ciudad Autónoma de Buenos Aires","Buenos Aires",Argentina,1619064707,"Maria Lucila Quarleri",https://www.facebook.com/maria.quarleri,1
Mundo,Sport,mundo.sport.5@facebook.com,"25 de Marzo",https://www.facebook.com/mundo.sport.5,29,,"Ciudad Autónoma de Buenos Aires","Buenos Aires",Argentina,100000906321056,"Gisele Fratini",https://www.facebook.com/giakdmik,1
Caro,Torres,caro.torres.3517@facebook.com,"25 de Marzo",https://www.facebook.com/caro.torres.3517,,,"Ciudad Autónoma de Buenos Aires","Buenos Aires",Argentina,100004208350432,"Guido Moncayo",https://www.facebook.com/guido.moncayo,1
Ariel,Conde,arieliittoo@facebook.com,"25 de Marzo",https://www.facebook.com/arieliittoo,25,,"Ciudad Autónoma de Buenos Aires","Buenos Aires",Argentina,100000883356832,"Luciana Poeltra",https://www.facebook.com/luciana.poeltra,1
Malena,Cluzet,maalecluzet@facebook.com,"25 de Marzo",https://www.facebook.com/MaaleCluzet,,,"Ciudad Autónoma de Buenos Aires","Buenos Aires",Argentina,100000246156071,"Gianfranco Ferrati",,1
Eli,Colman,eli.colman.9@facebook.com,"25 de Marzo",https://www.facebook.com/eli.colman.9,24,,"Ciudad Autónoma de Buenos Aires","Buenos Aires",Argentina,1660195540,"Nahu Millicay Pereyra",https://www.facebook.com/nahumilli,1
Ayrton,Peralta,ayrtonperalta15@facebook.com,"25 de Marzo",https://www.facebook.com/AyrtonPeralta15,,"Villa Crespo","Ciudad Autónoma de Buenos Aires","Distrito Federal",Argentina,100001509386927,"Fiestas Baires",,1
Decorador,"Molina Campos",decoradordecasas@facebook.com,"25 de Marzo",https://www.facebook.com/decoradordecasas,,,"Ciudad Autónoma de Buenos Aires","Buenos Aires",Argentina,544819418,"Leandro Matias",,1
Mathias,Wut,mathias.woot@facebook.com,"25 de Marzo",https://www.facebook.com/mathias.woot,,,"Ciudad Autónoma de Buenos Aires","Buenos Aires",Argentina,1477163388,"Jessica Bellomo",https://www.facebook.com/JessBellomo,1
Cami,Silva,camilaflorencia.silva@facebook.com,"25 de Marzo",https://www.facebook.com/CamilaFlorencia.Silva,,,"Ciudad Autónoma de Buenos Aires","Buenos Aires",Argentina,100000171950868,"Lucas Funes",https://www.facebook.com/SkriLef14,1
Florencia,Navarro,florenciad.navarro@facebook.com,"25 de Marzo",https://www.facebook.com/florenciad.navarro,22,,"Ciudad Autónoma de Buenos Aires","Buenos Aires",Argentina,1178013396,"Axx Agustin",https://www.facebook.com/Ax.Agustin,1
Presumir,"O Presumir",presumir@facebook.com,"25 de Marzo",https://www.facebook.com/presumir,27,,"Ciudad Autónoma de Buenos Aires","Buenos Aires",Argentina,100002262202236,"Carla Ferro",https://www.facebook.com/carla.ferro,1
Antonella,Patriarca,antonella.patriarca.9@facebook.com,"25 de Marzo",https://www.facebook.com/antonella.patriarca.9,22,,"Ciudad Autónoma de Buenos Aires","Buenos Aires",Argentina,1267230609,"Flor Rossi",,1
Catalina,Galarraga,catalina.galarraga.3@facebook.com,"25 de Marzo",https://www.facebook.com/catalina.galarraga.3,30,,"Ciudad Autónoma de Buenos Aires","Buenos Aires",Argentina,740843433,"Candy Pinto Kramer",,1
Rose,Bar,matias.rosebar@facebook.com,"25 de Marzo",https://www.facebook.com/matias.rosebar,26,Array,"Ciudad Autónoma de Buenos Aires","Buenos Aires",Argentina,100005971474985,"Juan Pablo Aleman",0,1
Codigo,Profesional,codigo.profesional@facebook.com,"25 de Marzo",https://www.facebook.com/codigo.profesional,,,"Ciudad Autónoma de Buenos Aires","Buenos Aires",Argentina,100000673996919,"Carla Ferro",https://www.facebook.com/carla.ferro,1
"Se Vende","Zona Oeste",das.kamel.7@facebook.com,"25 de Marzo",https://www.facebook.com/das.kamel.7,29,,"Ciudad Autónoma de Buenos Aires","Buenos Aires",Argentina,100002543494746,"Julieta Belen",,1
Lorena,Bordon,lorein.bordon@facebook.com,"25 de Marzo",https://www.facebook.com/lorein.bordon,22,,"Ciudad Autónoma de Buenos Aires","Buenos Aires",Argentina,100004477143022,"Giuliana Minniti",https://www.facebook.com/giuliana.minniti,1
Iña,"Duran Costa",eliniacuervo@facebook.com,"25 de Marzo",https://www.facebook.com/ElIniaCuervo,23,,"Ciudad Autónoma de Buenos Aires","Buenos Aires",Argentina,678856228,"Gimena Yamila Yerden Giaquinto",https://www.facebook.com/Gimetrance,1
Edu,Fox,edu.fox1991@facebook.com,"25 de Marzo",https://www.facebook.com/edu.fox1991,,Recoleta,"Ciudad Autónoma de Buenos Aires","Buenos Aires",Argentina,100005472151095,"Jenny Barco",https://www.facebook.com/jenny.barco,1
Santiago,Gonzales,santigonzales@facebook.com,"25 de Marzo",https://www.facebook.com/santigonzales,30,,"Ciudad Autónoma de Buenos Aires","Buenos Aires",Argentina,1218777315,"Anto Congiu",,1
Tete,Tursi,tete.remamela@facebook.com,"25 de Marzo",https://www.facebook.com/tete.remamela,,,"Ciudad Autónoma de Buenos Aires","Buenos Aires",Argentina,100000699535543,"Ariel Martin",https://www.facebook.com/arielcabezon,1
Miriam,Correl,miriam.correl@facebook.com,"25 de Marzo",https://www.facebook.com/miriam.correl,22,,"Ciudad Autónoma de Buenos Aires","Buenos Aires",Argentina,100001035661504,"Giiu Minniti",https://www.facebook.com/giiu.minniti,1
Gabriela,Mallo,gabriela.mallo.3@facebook.com,"25 de Marzo",https://www.facebook.com/gabriela.mallo.3,27,,"Ciudad Autónoma de Buenos Aires","Buenos Aires",Argentina,776098816,"Maria Pia Perez Brea",,1
Fiveoclock,Desserts,fiveoclock.desserts@facebook.com,"25 de Marzo",https://www.facebook.com/fiveoclock.desserts,22,,"Ciudad Autónoma de Buenos Aires","Buenos Aires",Argentina,100007336724034,"Nazarena Sierra",,1
Cof,Argentina,cof.argentina@facebook.com,"25 de Marzo",https://www.facebook.com/cof.argentina,,,"Ciudad Autónoma de Buenos Aires","Buenos Aires",Argentina,100001499752190,"Flor Drinc",https://www.facebook.com/flor.drinc,1
Juan,Olivetti,juan.olivetti@facebook.com,"25 de Marzo",https://www.facebook.com/juan.olivetti,,,"Ciudad Autónoma de Buenos Aires","Buenos Aires",Argentina,100001712778637,"Ale Arias Mandarine Park",,1
Federico,Rhcp,fperata1@facebook.com,"25 de Marzo",https://www.facebook.com/fperata1,22,,"Ciudad Autónoma de Buenos Aires","Buenos Aires",Argentina,1546069867,"Gabi López",,1
Franko,Castro,franquito.castro94@facebook.com,"25 de Marzo",https://www.facebook.com/franquito.castro94,,,"Ciudad Autónoma de Buenos Aires","Buenos Aires",Argentina,621815689,"Maria Belén",,1
Marcelo,Torrez,torrezmarce@facebook.com,"25 de Marzo",https://www.facebook.com/torrezmarce,,,"Ciudad Autónoma de Buenos Aires","Buenos Aires",Argentina,628384612,"Marianela Irusta",,1
Lucila,Kunz,lucila.kunz@facebook.com,"25 de Marzo",https://www.facebook.com/lucila.kunz,,,"Ciudad Autónoma de Buenos Aires","Buenos Aires",Argentina,1678790617,"Ian Szejner",,1
Griselda,"De Matteus",griselda.matteu@facebook.com,"25 de Marzo",https://www.facebook.com/griselda.matteu,,,"Ciudad Autónoma de Buenos Aires","Buenos Aires",Argentina,100000483712825,"July Jaluff",https://www.facebook.com/july.jaluff,1
Jorge,Zanetti,jorge.zanetti.5@facebook.com,"25 de Marzo",https://www.facebook.com/jorge.zanetti.5,,"Villa Pueyrredón","Ciudad Autónoma de Buenos Aires","Buenos Aires",Argentina,1826268733,"Gisele Fratini",https://www.facebook.com/giakdmik,1
Gary,Yam,garymcdexvida@facebook.com,"25 de Marzo",https://www.facebook.com/garymcdexvida,22,"Buenos Aires","Buenos Aires","Buenos Aires",Argentina,100003778460112,"Alejandro Dixon",0,1
Gol,"de Morgan",goldemediacancha@facebook.com,"25 de Marzo",https://www.facebook.com/goldemediacancha,,,"Ciudad Autónoma de Buenos Aires","Buenos Aires",Argentina,100001745393433,"Gisele Fratini",https://www.facebook.com/giakdmik,1
Ove,Lopez,ove.lopez@facebook.com,"25 de Marzo",https://www.facebook.com/ove.lopez,,,"Ciudad Autónoma de Buenos Aires","Buenos Aires",Argentina,1190739991,"Vanesa Macias",https://www.facebook.com/vanesa.macias1,1
Maaru,Bulacio,merii25@facebook.com,"25 de Marzo",https://www.facebook.com/merii25,,"Buenos Aires","Buenos Aires","Buenos Aires",Argentina,1534626062,"Augusto Lios",0,1
Leandro,González,leandro.j.gonzalez.3@facebook.com,"25 de Marzo",https://www.facebook.com/leandro.j.gonzalez.3,21,,"Ciudad Autónoma de Buenos Aires","Buenos Aires",Argentina,1475595708,"Hector Falsone",https://www.facebook.com/hector.falsone,1
"Mery Sussy",Goldenberg,merysussy.goldenberg@facebook.com,"25 de Marzo",https://www.facebook.com/merysussy.goldenberg,,,"Ciudad Autónoma de Buenos Aires","Buenos Aires",Argentina,1484036528,"Maga Estevez",,1
Maru,Diseños,pintarte.rebelde@facebook.com,"25 de Marzo",https://www.facebook.com/pintarte.rebelde,30,,"Ciudad Autónoma de Buenos Aires","Buenos Aires",Argentina,100006606750753,"Miel Irisarri",https://www.facebook.com/miel.irisarri,1
Florencia,Chiaramoni,florencia.chiaramoni@facebook.com,"25 de Marzo",https://www.facebook.com/florencia.chiaramoni,,,"Ciudad Autónoma de Buenos Aires","Buenos Aires",Argentina,576256711,"Yanina Battiato",,1
Gasty,Rizzi,gastyrizzi@facebook.com,"25 de Marzo",https://www.facebook.com/GastyRizzi,27,,"Ciudad Autónoma de Buenos Aires","Buenos Aires",Argentina,100000823925193,"Clari Stagno",,1
"Beija Flor",Bijouterie,beijaflorbijou@facebook.com,"25 de Marzo",https://www.facebook.com/beijaflorbijou,,,"Ciudad Autónoma de Buenos Aires","Buenos Aires",Argentina,100002234677963,"Maanu C. Rebori",https://www.facebook.com/maanu,1
Espaciodospuntos,"Cursos Talleres",espaciodospuntos@facebook.com,"25 de Marzo",https://www.facebook.com/espaciodospuntos,29,,"Ciudad Autónoma de Buenos Aires","Buenos Aires",Argentina,1654693403,"Mabu Reinaud",https://www.facebook.com/mabu.reinaud,1
Luciano,Carranza,luciano.carranza.12@facebook.com,"25 de Marzo",https://www.facebook.com/luciano.carranza.12,23,,"Ciudad Autónoma de Buenos Aires","Buenos Aires",Argentina,516969815,"Christian Douer Chuky",https://www.facebook.com/christian.chuky,1
