Nombre,Apellido,"Email Facebook",Cumpleaños,"Usuario Facebook",Edad,Barrio,Ciudad,Provincia,Pais,"ID Facebook","Amigo De","Amigo De (Usuario)",rebound
"Romina Susana",Ainstein,rominasusana.ainstein@facebook.com,"06 de Marzo",https://www.facebook.com/rominasusana.ainstein,23,,"Ciudad Autónoma de Buenos Aires","Buenos Aires",Argentina,100000117205339,"Agustina Del Rosario Anzisi",https://www.facebook.com/AgustinadelRosario,1
"Leonardo M",Buonuomo,leonardom.buonuomo@facebook.com,"06 de Marzo",https://www.facebook.com/leonardom.buonuomo,23,,"Ciudad Autónoma de Buenos Aires","Buenos Aires",Argentina,1406391652,"Maria Lucila Quarleri",https://www.facebook.com/maria.quarleri,1
Matias,"Lozano II",matias.lozano1@facebook.com,"06 de Marzo",https://www.facebook.com/matias.lozano1,28,,"Ciudad Autónoma de Buenos Aires","Buenos Aires",Argentina,1374644138,"Ingrid Sondergaard",https://www.facebook.com/ingridfash,1
Luz,"Fernández Cervera",luz.fernandezcervera@facebook.com,"06 de Marzo",https://www.facebook.com/luz.fernandezcervera,,,"Ciudad Autónoma de Buenos Aires","Buenos Aires",Argentina,753042487,"Ago Benedettini",https://www.facebook.com/ago.benedettini,1
Yanina,Ruiz,yanina.ruiz@facebook.com,"06 de Marzo",https://www.facebook.com/yanina.ruiz,24,,"Ciudad Autónoma de Buenos Aires","Buenos Aires",Argentina,1322977156,"Amilcar Ferrari",,1
Jose,Fina,joseee.finaaaa@facebook.com,"06 de Marzo",https://www.facebook.com/joseee.finaaaa,,,"Ciudad Autónoma de Buenos Aires","Buenos Aires",Argentina,100001135931270,"Emilce Castro",,1
Lucía,Mendy,lucia.mendy@facebook.com,"06 de Marzo",https://www.facebook.com/lucia.mendy,24,,"Ciudad Autónoma de Buenos Aires","Buenos Aires",Argentina,706297525,"Agustina Del Rosario Anzisi",https://www.facebook.com/AgustinadelRosario,1
Natalia,Bo,natalia.bo.50@facebook.com,"06 de Marzo",https://www.facebook.com/natalia.bo.50,,,"Ciudad Autónoma de Buenos Aires","Buenos Aires",Argentina,789923601,"Aldana Queirolo",https://www.facebook.com/aldana.queirolo,1
Axel,Angerami,axel.angerami@facebook.com,"06 de Marzo",https://www.facebook.com/axel.angerami,28,,"Ciudad Autónoma de Buenos Aires","Buenos Aires",Argentina,540388711,"Lupe Etchart",https://www.facebook.com/lupe.etchart,1
Pao,"DE Ferreira",paola.lachina.3@facebook.com,"06 de Marzo",https://www.facebook.com/paola.lachina.3,,,"Ciudad Autónoma de Buenos Aires","Buenos Aires",Argentina,100000164326544,"Tatiana Petroccelli",https://www.facebook.com/tanshanita,1
Paula,"Fernandez Ruiz",paula.fernandezruiz@facebook.com,"06 de Marzo",https://www.facebook.com/paula.fernandezruiz,,,"Ciudad Autónoma de Buenos Aires","Buenos Aires",Argentina,1245540595,"Agustin Justin",https://www.facebook.com/Agustin.Justin,1
Adorhada,Guillermina,adorhada.guillermina@facebook.com,"06 de Marzo",https://www.facebook.com/adorhada.guillermina,,,"Ciudad Autónoma de Buenos Aires","Buenos Aires",Argentina,1191184979,"Alexia Garcia",https://www.facebook.com/garciaalexiia,1
Luciano,Ezequiel,lucianoezequieldj@facebook.com,"06 de Marzo",https://www.facebook.com/LucianoEzequielDJ,27,"Villa Pueyrredón","Ciudad Autónoma de Buenos Aires","Distrito Federal",Argentina,100003735426032,"Fátima Belén Zárate",,1
Sofia,Fiorio,sofi.fiorio@facebook.com,"06 de Marzo",https://www.facebook.com/sofi.fiorio,22,,"Ciudad Autónoma de Buenos Aires","Buenos Aires",Argentina,758477079,"Agustin De Pascali",https://www.facebook.com/agustin.depascali,1
Daniela,Burgos,danielaburgos93@facebook.com,"06 de Marzo",https://www.facebook.com/danielaburgos93,21,,"Ciudad Autónoma de Buenos Aires","Buenos Aires",Argentina,100000131920008,"Agustina Ortega",https://www.facebook.com/agustina.ortega3,1
Martin,Segura,mekaboy.1@facebook.com,"06 de Marzo",https://www.facebook.com/MekaBoy.1,,,"Ciudad Autónoma de Buenos Aires","Buenos Aires",Argentina,100003018136088,"Anna Laura",https://www.facebook.com/Anna.Laucha,1
Micaela,Karuzas,micaelakaya@facebook.com,"06 de Marzo",https://www.facebook.com/micaelakaya,,,"Ciudad Autónoma de Buenos Aires","Buenos Aires",Argentina,1551251965,"Amalia Mihaljevic",https://www.facebook.com/amalia.mihaljevic,1
Gonza,Miraglia,gonza.miraglia@facebook.com,"06 de Marzo",https://www.facebook.com/gonza.miraglia,,,"Ciudad Autónoma de Buenos Aires","Buenos Aires",Argentina,577117793,"Alexia Garcia",https://www.facebook.com/garciaalexiia,1
Deby,Baez,deby.baez.1@facebook.com,"06 de Marzo",https://www.facebook.com/deby.baez.1,24,,"Ciudad Autónoma de Buenos Aires","Buenos Aires",Argentina,1063703782,"Emilce Castro",,1
"Florencia Gabriela",Urbieta,florenciagabriela.urbieta@facebook.com,"06 de Marzo",https://www.facebook.com/florenciagabriela.urbieta,24,,"Ciudad Autónoma de Buenos Aires","Buenos Aires",Argentina,100000545066884,"Christian Douer Chuky",https://www.facebook.com/christian.chuky,1
Reni,Payaslian,reni.payaslian@facebook.com,"06 de Marzo",https://www.facebook.com/reni.payaslian,24,,"Ciudad Autónoma de Buenos Aires","Buenos Aires",Argentina,1019851934,"Aldana Queirolo",https://www.facebook.com/aldana.queirolo,1
Lorenitha,Poch,lorenitha.poch@facebook.com,"06 de Marzo",https://www.facebook.com/lorenitha.poch,,,"Ciudad Autónoma de Buenos Aires","Buenos Aires",Argentina,100003863031364,"Ayu Casanova",,1
Eduardo,Dominguez,eduardo.dominguez.161@facebook.com,"06 de Marzo",https://www.facebook.com/eduardo.dominguez.161,27,,"Ciudad Autónoma de Buenos Aires","Buenos Aires",Argentina,100003531875834,"Natalia Rougier",,1
Lucas,Ezequiel,lukitas.ezequiel.58@facebook.com,"06 de Marzo",https://www.facebook.com/lukitas.ezequiel.58,22,,"Ciudad Autónoma de Buenos Aires","Buenos Aires",Argentina,1369087979,"Cielito Perez",,1
Dolores,Lotero,doloreslotero@facebook.com,"06 de Marzo",https://www.facebook.com/doloreslotero,,,"Ciudad Autónoma de Buenos Aires","Buenos Aires",Argentina,592671098,"Alina Gálvez Lynch",https://www.facebook.com/alina.galvez,1
Sandra,Guzman,sandra.m.guzman.90@facebook.com,"06 de Marzo",https://www.facebook.com/sandra.m.guzman.90,,,"Ciudad Autónoma de Buenos Aires","Buenos Aires",Argentina,654542410,"Divino Vestuario Salve",https://www.facebook.com/salvedivinovestuario,1
Jorge,Muscia,jorge.muscia@facebook.com,"06 de Marzo",https://www.facebook.com/jorge.muscia,,,"Ciudad Autónoma de Buenos Aires","Buenos Aires",Argentina,1085080688,"Gabriela Rosito",https://www.facebook.com/gabriela.rosito,1
Leo,Martin,leo.martin.16547008@facebook.com,"06 de Marzo",https://www.facebook.com/leo.martin.16547008,28,,"Ciudad Autónoma de Buenos Aires","Buenos Aires",Argentina,100000977788284,"Tatiana Petroccelli",https://www.facebook.com/tanshanita,1
Nico,Martiarena,sofia.favorto@facebook.com,"06 de Marzo",https://www.facebook.com/sofia.favorto,,,"Ciudad Autónoma de Buenos Aires","Buenos Aires",Argentina,1319831477,"Facundo Bulacio",https://www.facebook.com/facundo.bulacio,1
Omar,Brandàn,omarbrandan@facebook.com,"06 de Marzo",https://www.facebook.com/omarbrandan,,,"Ciudad Autónoma de Buenos Aires","Buenos Aires",Argentina,779148919,"Vanesa Macias",https://www.facebook.com/vanesa.macias1,1
Malena,Neira,malena.neira.3@facebook.com,"06 de Marzo",https://www.facebook.com/malena.neira.3,25,,"Ciudad Autónoma de Buenos Aires","Buenos Aires",Argentina,1145887789,"Maria Laura Pendás",https://www.facebook.com/marialaura.pendas,1
Fernanda,Lopez,fernanda.lopez.5030927@facebook.com,"06 de Marzo",https://www.facebook.com/fernanda.lopez.5030927,,,"Ciudad Autónoma de Buenos Aires","Buenos Aires",Argentina,100003128195043,"Pedro Lopezyfernandez",https://www.facebook.com/pedronahuel,1
Javier,Tabares,javier.tabares.96@facebook.com,"06 de Marzo",https://www.facebook.com/javier.tabares.96,,,"Ciudad Autónoma de Buenos Aires","Buenos Aires",Argentina,682100745,"Anita Ghersinich",https://www.facebook.com/anita.ghersinich,1
Vaneshiitaa,Lb,vaneshiitaa.lb@facebook.com,"06 de Marzo",https://www.facebook.com/vaneshiitaa.lb,,"La Boca","Ciudad Autónoma de Buenos Aires","Buenos Aires",Argentina,100000959560338,"Christian Douer Chuky",https://www.facebook.com/christian.chuky,1
Kodai,Sugihara,kodai.sugihara@facebook.com,"06 de Marzo",https://www.facebook.com/kodai.sugihara,,"Buenos Aires","Buenos Aires","Buenos Aires",Argentina,100002330722450,"Alan Yun",0,1
Flor,Speroni,florencia.speroni@facebook.com,"06 de Marzo",https://www.facebook.com/florencia.speroni,,,"Ciudad Autónoma de Buenos Aires","Buenos Aires",Argentina,1016364736,"Evangelina Araoz",https://www.facebook.com/evangelina.araoz,1
Antonella,Irigoyen,antonella.irigoyen.1@facebook.com,"06 de Marzo",https://www.facebook.com/antonella.irigoyen.1,,Olivos,Olivos,"Buenos Aires",Argentina,1156005356,"Bren Gayol",,1
Eugenia,Santelli,euge.santelli@facebook.com,"06 de Marzo",https://www.facebook.com/euge.santelli,,,"Ciudad Autónoma de Buenos Aires","Buenos Aires",Argentina,100001471951118,"Juan Cruz Albornoz",,1
Shanne,Spanh,shanne.southside@facebook.com,"06 de Marzo",https://www.facebook.com/shanne.southside,24,"Buenos Aires","Buenos Aires","Buenos Aires",Argentina,1483661656,"Alan Yun",0,1
Julio,Baca,sonrisa.zimbawe@facebook.com,"06 de Marzo",https://www.facebook.com/sonrisa.zimbawe,24,Olivos,Olivos,"Buenos Aires",Argentina,766714829,"Aniita Canta",https://www.facebook.com/Aniita.Canta,1
Salvador,Macari,salvador.macari@facebook.com,"06 de Marzo",https://www.facebook.com/salvador.macari,,"San Telmo","Ciudad Autónoma de Buenos Aires","Distrito Federal",Argentina,1037709611,"Andrea García Sención",https://www.facebook.com/andreagarciasencion,1
Sebastian,Gallardo,sebastian.gallardo.96@facebook.com,"06 de Marzo",https://www.facebook.com/sebastian.gallardo.96,,,"Ciudad Autónoma de Buenos Aires","Buenos Aires",Argentina,1578940326,"Gabi López",,1
"Privilege Ba","Costa Salguero",privilegeba.costasalgueroii@facebook.com,"06 de Marzo",https://www.facebook.com/privilegeba.costasalgueroii,,,"Ciudad Autónoma de Buenos Aires","Buenos Aires",Argentina,100002939854495,"Natalia Oviedo",,1
Martyy,Capizzi,laamartuuu@facebook.com,"06 de Marzo",https://www.facebook.com/LaaMartuuu,,,"Ciudad Autónoma de Buenos Aires","Buenos Aires",Argentina,100001202352082,"Cristian Andres Romano",,1
Luly,Vinielles,luly.vinielles@facebook.com,"07 de Marzo",https://www.facebook.com/luly.vinielles,,,"Ciudad Autónoma de Buenos Aires","Buenos Aires",Argentina,1644164165,"Agustina Pelle Müller",,1
Todo,"Sobre la Corte",todoslc@facebook.com,"07 de Marzo",https://www.facebook.com/todoslc,26,,"Ciudad Autónoma de Buenos Aires","Buenos Aires",Argentina,555695046,"Carla Ferro",https://www.facebook.com/carla.ferro,1
Agustina,Freidzon,agustina.freidzon@facebook.com,"07 de Marzo",https://www.facebook.com/agustina.freidzon,,,"Ciudad Autónoma de Buenos Aires","Buenos Aires",Argentina,100000701543656,"Fiestas Baires",,1
LaMarrón,Clasista-Ate,la.marron.clasista.ate@facebook.com,"07 de Marzo",https://www.facebook.com/La.Marron.Clasista.ATE,26,,"Ciudad Autónoma de Buenos Aires","Buenos Aires",Argentina,1812130792,"Felicitas Ghigliotti",https://www.facebook.com/felicitas.ghigliotti,1
"Palermo Pit Deporte",Ppd,palermoppd@facebook.com,"07 de Marzo",https://www.facebook.com/PalermoPPD,21,,"Ciudad Autónoma de Buenos Aires","Buenos Aires",Argentina,100008268465462,"Maria DEL Mar",,1
Tati,"Paz Marinelli",tati.paz@facebook.com,"07 de Marzo",https://www.facebook.com/Tati.Paz,22,,"Ciudad Autónoma de Buenos Aires","Buenos Aires",Argentina,1384302661,"Belen Loccisano",https://www.facebook.com/belen.loccisano,1
"Juan Manuel",Appes,juanma.appes@facebook.com,"07 de Marzo",https://www.facebook.com/juanma.appes,,,"Ciudad Autónoma de Buenos Aires","Buenos Aires",Argentina,1466796820,"Marianela Irusta",,1
Lukas,Spinetta,lukas.spinetta@facebook.com,"07 de Marzo",https://www.facebook.com/lukas.spinetta,26,,"Ciudad Autónoma de Buenos Aires","Buenos Aires",Argentina,100001523621318,"Germán LM",https://www.facebook.com/ghermanl,1
"Maria Victoria",Ruiz,heyvickie@facebook.com,"07 de Marzo",https://www.facebook.com/heyvickie,,Recoleta,"Ciudad Autónoma de Buenos Aires","Buenos Aires",Argentina,100000026791851,"Martín Álvarez BA I",https://www.facebook.com/Woody.Blair,1
Gonzalo,Lazarte,gonzalo.lazarte.58@facebook.com,"07 de Marzo",https://www.facebook.com/gonzalo.lazarte.58,27,,"Ciudad Autónoma de Buenos Aires","Buenos Aires",Argentina,511029459,"Florencia Garré",https://www.facebook.com/florencia.garre,1
Tefi,Ventaglieri,tefiu@facebook.com,"07 de Marzo",https://www.facebook.com/tefiu,22,"Parque Patricios","Ciudad Autónoma de Buenos Aires","Buenos Aires",Argentina,1100600389,"Barby Suarez",https://www.facebook.com/barby1522,1
Lucrecia,Martinez,lucrecia.martinez@facebook.com,"07 de Marzo",https://www.facebook.com/lucrecia.martinez,27,,"Ciudad Autónoma de Buenos Aires","Buenos Aires",Argentina,1481660121,"Charly Ruez",https://www.facebook.com/charly.ruez,1
Bandera,Negra,banderanegra.bn@facebook.com,"07 de Marzo",https://www.facebook.com/BanderaNegra.BN,24,,"Ciudad Autónoma de Buenos Aires","Buenos Aires",Argentina,100003760495424,"Maria Soledad Villamil",https://www.facebook.com/mariasoledad.villamil,1
"Las Rojas",Sociales,lasrojas.sociales@facebook.com,"07 de Marzo",https://www.facebook.com/lasrojas.sociales,24,,"Ciudad Autónoma de Buenos Aires","Buenos Aires",Argentina,100003802355769,"Maria Soledad Villamil",https://www.facebook.com/mariasoledad.villamil,1
Barbara,"Vizoso Rubinsztein",barbara.vizosorubinsztein@facebook.com,"07 de Marzo",https://www.facebook.com/barbara.vizosorubinsztein,27,,"Ciudad Autónoma de Buenos Aires","Buenos Aires",Argentina,100004086013691,"Flor Scalise",https://www.facebook.com/flor.scalise,1
Karo,Vazquez,karo.vazquez.184@facebook.com,"07 de Marzo",https://www.facebook.com/karo.vazquez.184,,,"Ciudad Autónoma de Buenos Aires","Buenos Aires",Argentina,100004797278223,"Julian Pagana",,1
Alberto,Farre,alberto.farre.3@facebook.com,"07 de Marzo",https://www.facebook.com/alberto.farre.3,,,"Ciudad Autónoma de Buenos Aires","Buenos Aires",Argentina,1523327633,"Bian Tedesco",https://www.facebook.com/biaantedesco,1
Ari,"Rough de Coalova",arirough@facebook.com,"07 de Marzo",https://www.facebook.com/arirough,28,"Villa Pueyrredón","Ciudad Autónoma de Buenos Aires","Buenos Aires",Argentina,598213960,"Camila Romano",0,1
Lau,Cúneo,lau.cuneo@facebook.com,"07 de Marzo",https://www.facebook.com/lau.cuneo,26,,"Ciudad Autónoma de Buenos Aires","Buenos Aires",Argentina,774799346,"Cecilia Martinez Etchevers",https://www.facebook.com/ceciliaetc,1
Lu,Laserre,lulaserre@facebook.com,"07 de Marzo",https://www.facebook.com/lulaserre,,,"Ciudad Autónoma de Buenos Aires","Buenos Aires",Argentina,100000581523992,"Facu Denegri",,1
Cesar,Lonotre,cesar.lonotre@facebook.com,"07 de Marzo",https://www.facebook.com/cesar.lonotre,27,,"Ciudad Autónoma de Buenos Aires","Buenos Aires",Argentina,100000523164150,"Valeria Ayala",,1
Diego,Sebastian,diego.sebastian.927@facebook.com,"07 de Marzo",https://www.facebook.com/diego.sebastian.927,,,"Ciudad Autónoma de Buenos Aires","Buenos Aires",Argentina,100000885392422,"Ana María Mesones",https://www.facebook.com/ana.mesones,1
Dadá,Abalô,dadabr@facebook.com,"07 de Marzo",https://www.facebook.com/dadabr,,,"Ciudad Autónoma de Buenos Aires","Buenos Aires",Argentina,1255121721,"Chanchi Martinez",https://www.facebook.com/chanchi.martinez,1
Iván,Ibérico,ivan.ibericowc3@facebook.com,"07 de Marzo",https://www.facebook.com/ivan.ibericowc3,22,,"Ciudad Autónoma de Buenos Aires","Buenos Aires",Argentina,100006715864198,"Agustina Pelle Müller",,1
Andrea,Zurutuza,andrea.zurutuza@facebook.com,"07 de Marzo",https://www.facebook.com/andrea.zurutuza,24,Coghlan,"Ciudad Autónoma de Buenos Aires","Buenos Aires",Argentina,835134786,"Guido Blarasin",https://www.facebook.com/guido.blarasin,1
Bren,Martinez,brencho.martinez@facebook.com,"07 de Marzo",https://www.facebook.com/Brencho.Martinez,,,"Ciudad Autónoma de Buenos Aires","Buenos Aires",Argentina,1124225344,"Lucas Funes",https://www.facebook.com/SkriLef14,1
Gonzalo,Poeltra,gonzalo.poeltra@facebook.com,"07 de Marzo",https://www.facebook.com/gonzalo.poeltra,22,,"Ciudad Autónoma de Buenos Aires","Buenos Aires",Argentina,100001662090299,"Luciana Poeltra",https://www.facebook.com/luciana.poeltra,1
Hebe,Diez,hebe.diez@facebook.com,"07 de Marzo",https://www.facebook.com/hebe.diez,,,"Ciudad Autónoma de Buenos Aires","Buenos Aires",Argentina,1268947208,"Jessica Pacente",https://www.facebook.com/jessica.pacente,1
Sofia,Baroni,sofibaroni@facebook.com,"07 de Marzo",https://www.facebook.com/sofibaroni,,,"Ciudad Autónoma de Buenos Aires","Buenos Aires",Argentina,1143766541,"Facu Denegri",,1
Jessi,Cabj,jessi.lasacada.st@facebook.com,"07 de Marzo",https://www.facebook.com/jessi.lasacada.st,22,,"Ciudad Autónoma de Buenos Aires","Buenos Aires",Argentina,100001296871012,"David Zalasar",https://www.facebook.com/Davidcocktails,1
Aldana,"Olguin Ciancio",aldana.olguinciancio@facebook.com,"07 de Marzo",https://www.facebook.com/aldana.olguinciancio,23,"Buenos Aires","Buenos Aires","Buenos Aires",Argentina,100000476025404,"Tiago Salvia",0,1
JJ,"López Pereda",juanjolopezp@facebook.com,"07 de Marzo",https://www.facebook.com/juanjolopezp,,,"Ciudad Autónoma de Buenos Aires","Buenos Aires",Argentina,520077508,"Flor Vischi Cortés",https://www.facebook.com/flor.vischi,1
"El Perchero de",Gabus,elpercherode.gabus@facebook.com,"07 de Marzo",https://www.facebook.com/elpercherode.gabus,,,"Ciudad Autónoma de Buenos Aires","Buenos Aires",Argentina,100001856582018,"Mariana Diaz",https://www.facebook.com/maridiaz29,1
Mayra,Diaz,mayra.diaz.1614460@facebook.com,"07 de Marzo",https://www.facebook.com/mayra.diaz.1614460,,,"Ciudad Autónoma de Buenos Aires","Buenos Aires",Argentina,100002909067071,"Daniel Barach",,1
Beelary,Coronel,beel.coronel1@facebook.com,"07 de Marzo",https://www.facebook.com/beel.coronel1,,,"Ciudad Autónoma de Buenos Aires","Buenos Aires",Argentina,1058909093,"Matias Duarte",,1
Ale,Rainbow,ale.sabbath@facebook.com,"07 de Marzo",https://www.facebook.com/ale.sabbath,,,"Ciudad Autónoma de Buenos Aires","Buenos Aires",Argentina,100002521710161,"Brian Cano",,1
Jorgelina,Jaeger,pilu.jaeger@facebook.com,"07 de Marzo",https://www.facebook.com/pilu.jaeger,,,"Ciudad Autónoma de Buenos Aires","Buenos Aires",Argentina,1061821958,"Nico Mackinlay",,1
Lule,Ruggeri,lule.ruggeri@facebook.com,"07 de Marzo",https://www.facebook.com/lule.ruggeri,,,"Ciudad Autónoma de Buenos Aires","Buenos Aires",Argentina,100002525538826,"Brian Cano",,1
NicoleGreiner,Maquillaje,nicolegreiner.up@facebook.com,"07 de Marzo",https://www.facebook.com/nicolegreiner.up,28,,"Ciudad Autónoma de Buenos Aires","Buenos Aires",Argentina,100001824044444,"Gimena Librio",https://www.facebook.com/gimelibrio,1
Daiiana,Vaniina,daiianahh@facebook.com,"07 de Marzo",https://www.facebook.com/daiiaNahh,22,,"Ciudad Autónoma de Buenos Aires","Buenos Aires",Argentina,1053962092,"Sebastian Daniel Riccardi",https://www.facebook.com/sebastian.riccardi,1
"Amo A","Jony Gonzalez",amoa.jonygonzalez@facebook.com,"07 de Marzo",https://www.facebook.com/amoa.jonygonzalez,,,"Ciudad Autónoma de Buenos Aires","Buenos Aires",Argentina,100002354693801,"Alejandra Lopez",,1
Karina,Ximenez,karina.ximenez@facebook.com,"07 de Marzo",https://www.facebook.com/karina.ximenez,22,,"Ciudad Autónoma de Buenos Aires","Buenos Aires",Argentina,1619850223,"Giiu Minniti",https://www.facebook.com/giiu.minniti,1
China,Suarez,agusscherri@facebook.com,"07 de Marzo",https://www.facebook.com/Agusscherri,24,,"Ciudad Autónoma de Buenos Aires","Buenos Aires",Argentina,100007222296475,"Javier Potenza",,1
Vanesa,Jaunarena,van.jaunarena@facebook.com,"07 de Marzo",https://www.facebook.com/van.jaunarena,24,,"Ciudad Autónoma de Buenos Aires","Buenos Aires",Argentina,1146901976,"Guido Blarasin",https://www.facebook.com/guido.blarasin,1
Sebiita,Villa,sebiita.villa@facebook.com,"07 de Marzo",https://www.facebook.com/sebiita.villa,,,"Ciudad Autónoma de Buenos Aires","Buenos Aires",Argentina,100001864014181,"Facu Denegri",,1
Verónica,Torralba,veronica.torralba@facebook.com,"07 de Marzo",https://www.facebook.com/veronica.torralba,22,,"Ciudad Autónoma de Buenos Aires","Buenos Aires",Argentina,100001223224217,"Guido Moncayo",https://www.facebook.com/guido.moncayo,1
Daniel,Torren,daniel.torren@facebook.com,"08 de Marzo",https://www.facebook.com/daniel.torren,,,"Ciudad Autónoma de Buenos Aires","Buenos Aires",Argentina,100001939489013,"Adrian Tomassino",,1
"Luks Carp",Ayala,lukscarpayala@facebook.com,"08 de Marzo",https://www.facebook.com/lukscarpayala,,,"Ciudad Autónoma de Buenos Aires","Buenos Aires",Argentina,100001481392164,"Agustina Pelle Müller",,1
Lucas,Richmond,lucas.richmond.10@facebook.com,"08 de Marzo",https://www.facebook.com/lucas.richmond.10,,,"Ciudad Autónoma de Buenos Aires","Buenos Aires",Argentina,1357548600,"Anita Ghersinich",https://www.facebook.com/anita.ghersinich,1
Fernanda,"de Cires",fernanda.decires@facebook.com,"08 de Marzo",https://www.facebook.com/fernanda.decires,26,,"Ciudad Autónoma de Buenos Aires","Buenos Aires",Argentina,706089902,"Chivi Giler",https://www.facebook.com/chivigiler,1
Agus,Bergh,agus.bergh@facebook.com,"08 de Marzo",https://www.facebook.com/agus.bergh,,,"Ciudad Autónoma de Buenos Aires","Buenos Aires",Argentina,1276597376,"Gonza Gonzalez",,1
Leito,Beach,leito.beach.3@facebook.com,"08 de Marzo",https://www.facebook.com/leito.beach.3,,"Villa Devoto","Ciudad Autónoma de Buenos Aires","Buenos Aires",Argentina,670314686,"Mia Miry Ponce",,1
Daiana,Gomez,daiana.gomez.7927408@facebook.com,"08 de Marzo",https://www.facebook.com/daiana.gomez.7927408,22,,"Ciudad Autónoma de Buenos Aires","Buenos Aires",Argentina,100007532254402,"Rodrii Martinez",,1
Hugo,Benitez,hugo.benitez.1000@facebook.com,"08 de Marzo",https://www.facebook.com/hugo.benitez.1000,23,,"Ciudad Autónoma de Buenos Aires","Buenos Aires",Argentina,100007385468580,"Sindy Elisa Szczucky",https://www.facebook.com/sindy.szczucky,1
Brian,Madonis,brian.madonis@facebook.com,"08 de Marzo",https://www.facebook.com/brian.madonis,27,,"Ciudad Autónoma de Buenos Aires","Buenos Aires",Argentina,1366938146,"Giuliana Minniti",https://www.facebook.com/giuliana.minniti,1
Cami,Cabanillas,cami.caba.3@facebook.com,"08 de Marzo",https://www.facebook.com/cami.caba.3,,,"Ciudad Autónoma de Buenos Aires","Buenos Aires",Argentina,100002835338108,"Joaquin Barraco",https://www.facebook.com/chino.barraco,1
Maximiliano,"Taddeo Costa",maximiliano.taddeocosta.3@facebook.com,"08 de Marzo",https://www.facebook.com/maximiliano.taddeocosta.3,28,,"Ciudad Autónoma de Buenos Aires","Buenos Aires",Argentina,100008082306900,"Gimena Librio",https://www.facebook.com/gimelibrio,1
Pablo,Morata,pablo.morata.10@facebook.com,"08 de Marzo",https://www.facebook.com/pablo.morata.10,,,"Ciudad Autónoma de Buenos Aires","Buenos Aires",Argentina,100001744672994,"Ignacio Lines Ceruti",https://www.facebook.com/ignacio.lines,1
Haydeé,Lee,haydee.lee.7@facebook.com,"08 de Marzo",https://www.facebook.com/haydee.lee.7,22,"Buenos Aires","Buenos Aires","Buenos Aires",Argentina,675538146,"Alan Yun",0,1
"El Almacén","de Ropa",elalmacen.deropa@facebook.com,"08 de Marzo",https://www.facebook.com/elalmacen.deropa,21,,"Ciudad Autónoma de Buenos Aires","Buenos Aires",Argentina,100001566872864,"Rocío Martínez",https://www.facebook.com/rochi.belen,1
Daniela,Ojeda,daniela.y.ojeda.5@facebook.com,"08 de Marzo",https://www.facebook.com/daniela.y.ojeda.5,21,,"Ciudad Autónoma de Buenos Aires","Buenos Aires",Argentina,1379783991,"Ana Jasibe",https://www.facebook.com/ana.jasibe,1
Graduado,Thierer,ezequieljuant@facebook.com,"08 de Marzo",https://www.facebook.com/ezequieljuant,21,,"Ciudad Autónoma de Buenos Aires","Buenos Aires",Argentina,100003810522236,"Luli Torres",,1
Melina,Montenegro,melinav.montenegro@facebook.com,"08 de Marzo",https://www.facebook.com/melinav.montenegro,22,,"Ciudad Autónoma de Buenos Aires","Buenos Aires",Argentina,100001107225441,"Julian Marino",,1
Nicolas,Estevez,nicolas.estevez.18@facebook.com,"08 de Marzo",https://www.facebook.com/nicolas.estevez.18,25,,"Ciudad Autónoma de Buenos Aires","Buenos Aires",Argentina,1337297597,"Sebastian Daniel Riccardi",https://www.facebook.com/sebastian.riccardi,1
Yohana,Astorga,yohana.astorga@facebook.com,"08 de Marzo",https://www.facebook.com/yohana.astorga,25,"Villa Pueyrredón","Ciudad Autónoma de Buenos Aires","Buenos Aires",Argentina,100001582181718,"Christian Douer Chuky",https://www.facebook.com/christian.chuky,1
Abii,Melina,abiimelinas2@facebook.com,"08 de Marzo",https://www.facebook.com/AbiiMelinas2,,,"Ciudad Autónoma de Buenos Aires","Buenos Aires",Argentina,100001176725062,"Anna Laura",https://www.facebook.com/Anna.Laucha,1
Romy,Taboada,romy.taboada.9@facebook.com,"08 de Marzo",https://www.facebook.com/romy.taboada.9,21,,"Ciudad Autónoma de Buenos Aires","Buenos Aires",Argentina,100000980192666,"Eve Schiera",,1
Yoel,Ivan,yoelcitoo@facebook.com,"08 de Marzo",https://www.facebook.com/yoelcitoo,,,"Ciudad Autónoma de Buenos Aires","Buenos Aires",Argentina,100000044322426,"Carla Diaz",,1
Jesica,Villagra,jesica.villagra.562@facebook.com,"08 de Marzo",https://www.facebook.com/jesica.villagra.562,25,,"Ciudad Autónoma de Buenos Aires","Buenos Aires",Argentina,100004799071126,"Julian Pagana",,1
Deel,Fii,deeelfischell@facebook.com,"08 de Marzo",https://www.facebook.com/DeeelfiSchell,,,"Ciudad Autónoma de Buenos Aires","Buenos Aires",Argentina,100000334513377,"Gabi López",,1
"Guillermo Horacio",Lobo,guillermohoracio.lobo@facebook.com,"08 de Marzo",https://www.facebook.com/guillermohoracio.lobo,,,"Ciudad Autónoma de Buenos Aires","Buenos Aires",Argentina,100001720572130,"Micu Mc Hardy",https://www.facebook.com/micu.hardy,1
S-mode,"Maillots de Bain",smode.maillotsdebain@facebook.com,"08 de Marzo",https://www.facebook.com/smode.maillotsdebain,,,"Ciudad Autónoma de Buenos Aires","Buenos Aires",Argentina,100001838675849,"Micu Mc Hardy",https://www.facebook.com/micu.hardy,1
Mc,Accesorios,mc.accesorios.3@facebook.com,"08 de Marzo",https://www.facebook.com/mc.accesorios.3,,,"Ciudad Autónoma de Buenos Aires","Buenos Aires",Argentina,100001839707250,"Micu Mc Hardy",https://www.facebook.com/micu.hardy,1
Charlotte,Brontë,chbronte@facebook.com,"08 de Marzo",https://www.facebook.com/chbronte,,,"Ciudad Autónoma de Buenos Aires","Buenos Aires",Argentina,100001388285994,"Gabriela Competiello",,1
Tienda,Serrano,tienda.serrano@facebook.com,"08 de Marzo",https://www.facebook.com/tienda.serrano,25,,"Ciudad Autónoma de Buenos Aires","Buenos Aires",Argentina,100004458154770,"Alejandro Novoa",,1
Cl,Claders,mailu.fortes@facebook.com,"08 de Marzo",https://www.facebook.com/mailu.fortes,21,,"Ciudad Autónoma de Buenos Aires","Buenos Aires",Argentina,1680263178,"Ariel Rivera",,1
Martin,Prado,martinpradosuarez@facebook.com,"08 de Marzo",https://www.facebook.com/martinpradosuarez,,,"Ciudad Autónoma de Buenos Aires","Buenos Aires",Argentina,1156985086,"Gimena Yamila Yerden Giaquinto",https://www.facebook.com/Gimetrance,1
Carlyta,Maranzano,carlyta.maranzano@facebook.com,"08 de Marzo",https://www.facebook.com/carlyta.maranzano,25,,"Ciudad Autónoma de Buenos Aires","Buenos Aires",Argentina,100001585985708,"Julio Roberto Cuevas",https://www.facebook.com/julioroberto.cuevas,1
"Diego Hernan",Andrada,diegohernan.andrada@facebook.com,"08 de Marzo",https://www.facebook.com/diegohernan.andrada,21,,"Ciudad Autónoma de Buenos Aires","Buenos Aires",Argentina,100001049108831,"Juan Elias Catan",https://www.facebook.com/juan.724,1
La,Flak,la.flak.927@facebook.com,"08 de Marzo",https://www.facebook.com/la.flak.927,27,Recoleta,"Ciudad Autónoma de Buenos Aires","Buenos Aires",Argentina,1266438946,"Agustin Justin",https://www.facebook.com/Agustin.Justin,1
Jazz,Beit,jazz.beit@facebook.com,"08 de Marzo",https://www.facebook.com/jazz.beit,,,"Ciudad Autónoma de Buenos Aires","Buenos Aires",Argentina,100003572483385,"Nahu Millicay Pereyra",https://www.facebook.com/nahumilli,1
Floor,Akd,lachaiqo@facebook.com,"08 de Marzo",https://www.facebook.com/LaChaiqo,,"La Paternal","Ciudad Autónoma de Buenos Aires","Distrito Federal",Argentina,1187593681,"Brian Cano",,1
Melina,Campanella,melina.campanella.77@facebook.com,"08 de Marzo",https://www.facebook.com/melina.campanella.77,,,"Ciudad Autónoma de Buenos Aires","Buenos Aires",Argentina,683208756,"Valentino Fabre",https://www.facebook.com/valenfabre,1
Nahu,Flores,nahu.flores.98@facebook.com,"08 de Marzo",https://www.facebook.com/nahu.flores.98,26,Barracas,"Ciudad Autónoma de Buenos Aires","Buenos Aires",Argentina,100002551607416,"Christian Douer Chuky",https://www.facebook.com/christian.chuky,1
Hernan,Fernandez,herni.fernandez.35@facebook.com,"08 de Marzo",https://www.facebook.com/herni.fernandez.35,21,,"Ciudad Autónoma de Buenos Aires","Buenos Aires",Argentina,100001381368428,"Gabi López",,1
Heliana,Tourn,heliana.tourn@facebook.com,"08 de Marzo",https://www.facebook.com/heliana.tourn,26,,"Ciudad Autónoma de Buenos Aires","Buenos Aires",Argentina,1437919480,"Pablo Dandrea",https://www.facebook.com/pablo.dandrea,1
Joaquin,Ubeda,joaquin.ubeda.5@facebook.com,"08 de Marzo",https://www.facebook.com/joaquin.ubeda.5,25,,"Ciudad Autónoma de Buenos Aires","Buenos Aires",Argentina,100002448233401,"Piltra Toller",https://www.facebook.com/piltra,1
Guapas,Guapas,guapas.guapas.524@facebook.com,"08 de Marzo",https://www.facebook.com/guapas.guapas.524,27,,"Ciudad Autónoma de Buenos Aires","Buenos Aires",Argentina,100007978628240,"Agustina Del Rosario Anzisi",https://www.facebook.com/AgustinadelRosario,1
Sol,Maai,solmaaii@facebook.com,"08 de Marzo",https://www.facebook.com/solmaaii,22,,"Ciudad Autónoma de Buenos Aires","Buenos Aires",Argentina,100007174059622,"Fabio Ezequiel Farruggio",https://www.facebook.com/ffachurro,1
PcStudio,Computación,pcstudio.computacion@facebook.com,"08 de Marzo",https://www.facebook.com/pcstudio.computacion,27,"Buenos Aires","Buenos Aires","Buenos Aires",Argentina,100000850628643,"Rebe Gonzalez",0,1
Cetba,"Universidad del Tango",universidad.tango@facebook.com,"08 de Marzo",https://www.facebook.com/universidad.tango,23,,"Ciudad Autónoma de Buenos Aires","Buenos Aires",Argentina,100002970891411,"Li-ly Rojas",https://www.facebook.com/serena1968,1
Soli,Lopez,sooll.lopez@facebook.com,"08 de Marzo",https://www.facebook.com/sooll.lopez,,,"Ciudad Autónoma de Buenos Aires","Buenos Aires",Argentina,100002036082277,"Alan Volper",https://www.facebook.com/alan.volper,1
PO,NY,anitta.catan@facebook.com,"08 de Marzo",https://www.facebook.com/anitta.catan,27,,"Ciudad Autónoma de Buenos Aires","Buenos Aires",Argentina,100000762572969,"Demián Gabriel",,1
Gaston,Gentile,gaston.gentile.73@facebook.com,"08 de Marzo",https://www.facebook.com/gaston.gentile.73,25,,"Ciudad Autónoma de Buenos Aires","Buenos Aires",Argentina,570742671,"Jo Py Na",https://www.facebook.com/jopyna,1
Yani,Depaulo,yani.depaulo@facebook.com,"08 de Marzo",https://www.facebook.com/yani.depaulo,23,,"Ciudad Autónoma de Buenos Aires","Buenos Aires",Argentina,1138242426,"Fernando Olner Cupayolo",https://www.facebook.com/fernando.cupayolo,1
"Leonor M",Quintana,leonorm.quintana@facebook.com,"08 de Marzo",https://www.facebook.com/leonorm.quintana,,,"Ciudad Autónoma de Buenos Aires","Buenos Aires",Argentina,100004624212638,"Brenda Fabregat",https://www.facebook.com/brenda.fabregat,1
Luchi,Ferrari,luchi.ferrari.5@facebook.com,"08 de Marzo",https://www.facebook.com/luchi.ferrari.5,,,"Ciudad Autónoma de Buenos Aires","Buenos Aires",Argentina,100000640159991,"Lucas Funes",https://www.facebook.com/SkriLef14,1
Nico,"Del Real",nico.delreal.7@facebook.com,"08 de Marzo",https://www.facebook.com/nico.delreal.7,22,,"Ciudad Autónoma de Buenos Aires","Buenos Aires",Argentina,100001803172495,"Cielito Perez",,1
Atres,Diseño,atres.diseno@facebook.com,"08 de Marzo",https://www.facebook.com/atres.diseno,22,,"Ciudad Autónoma de Buenos Aires","Buenos Aires",Argentina,100001660653935,"Laly Sereda",https://www.facebook.com/lalisereda,1
Río,"Bar Bistro",rio.barbistro@facebook.com,"08 de Marzo",https://www.facebook.com/rio.barbistro,22,,"Ciudad Autónoma de Buenos Aires","Buenos Aires",Argentina,100001666046138,"Laly Sereda",https://www.facebook.com/lalisereda,1
Federico,Herrera,fedee.pchas@facebook.com,"08 de Marzo",https://www.facebook.com/fedee.pchas,,"Parque Chas","Ciudad Autónoma de Buenos Aires","Distrito Federal",Argentina,1686701061,"Facu Denegri",,1
Jorge,Torchiaro,jorge.torchiaro@facebook.com,"08 de Marzo",https://www.facebook.com/jorge.torchiaro,25,,"Ciudad Autónoma de Buenos Aires","Buenos Aires",Argentina,1103634469,"Luli Torres",,1
"Ana Gabina",Bellelli,anagabina.bellelli@facebook.com,"08 de Marzo",https://www.facebook.com/anagabina.bellelli,,,"Ciudad Autónoma de Buenos Aires","Buenos Aires",Argentina,801939920,"Andrea Badani",https://www.facebook.com/andrea.badani,1
Carla,Cruz,metalera.cruz@facebook.com,"08 de Marzo",https://www.facebook.com/metalera.cruz,28,,"Ciudad Autónoma de Buenos Aires","Buenos Aires",Argentina,100001389358534,"Jessica Bellomo",https://www.facebook.com/JessBellomo,1
Andres,Cristian,andres.cristian.96@facebook.com,"08 de Marzo",https://www.facebook.com/andres.cristian.96,23,,"Ciudad Autónoma de Buenos Aires","Buenos Aires",Argentina,1410939649,"Ariel Rivera",,1
Valeria,Tomasi,valeria.tomasi.5@facebook.com,"08 de Marzo",https://www.facebook.com/valeria.tomasi.5,,,"Ciudad Autónoma de Buenos Aires","Buenos Aires",Argentina,1215736403,"Dani Escala",https://www.facebook.com/danielaescala,1
Nico,Dimitri,nico.afteroffice@facebook.com,"08 de Marzo",https://www.facebook.com/Nico.Afteroffice,23,,"Ciudad Autónoma de Buenos Aires","Buenos Aires",Argentina,100005220366127,"Emiliano Pirolo",https://www.facebook.com/emi.pirolo,1
Melisaa,Gerbasi,melisaa.gerbasi@facebook.com,"09 de Marzo",https://www.facebook.com/melisaa.gerbasi,,,"Ciudad Autónoma de Buenos Aires","Buenos Aires",Argentina,100000318091423,"Alee Jandro",https://www.facebook.com/alejandropassadore,1
Jorge,Macias,jorgegonzaloandresmacias@facebook.com,"09 de Marzo",https://www.facebook.com/jorgegonzaloandresmacias,,,"Ciudad Autónoma de Buenos Aires","Buenos Aires",Argentina,1100260219,"Charly Ruez",https://www.facebook.com/charly.ruez,1
Proyectando,Rrhh,proyectandorrhh@facebook.com,"09 de Marzo",https://www.facebook.com/proyectandorrhh,28,,"Ciudad Autónoma de Buenos Aires","Buenos Aires",Argentina,100001349562427,"Maria Soledad Villamil",https://www.facebook.com/mariasoledad.villamil,1
La,Guarida,viejaguarida@facebook.com,"09 de Marzo",https://www.facebook.com/viejaguarida,28,,"Ciudad Autónoma de Buenos Aires","Buenos Aires",Argentina,100001432519528,"Maria Soledad Villamil",https://www.facebook.com/mariasoledad.villamil,1
Marcos,Kudrynski,marcos.kudrynski@facebook.com,"09 de Marzo",https://www.facebook.com/marcos.kudrynski,22,,"Ciudad Autónoma de Buenos Aires","Buenos Aires",Argentina,1439274789,"Alfonso Bron",https://www.facebook.com/bronalfonso,1
Hernan,"Herrera Albelo",hherreraalbelo@facebook.com,"09 de Marzo",https://www.facebook.com/hherreraalbelo,,"La Paternal","Ciudad Autónoma de Buenos Aires","Buenos Aires",Argentina,100000293492941,"Fabio Ezequiel Farruggio",https://www.facebook.com/ffachurro,1
Eugenia,Suarez,eugenia.suarez.7503@facebook.com,"09 de Marzo",https://www.facebook.com/eugenia.suarez.7503,22,,"Ciudad Autónoma de Buenos Aires","Buenos Aires",Argentina,100001418793211,"Lucas Funes",https://www.facebook.com/SkriLef14,1
Pet's,Vacances,pets.vacances@facebook.com,"09 de Marzo",https://www.facebook.com/Pets.vacances,,,"Ciudad Autónoma de Buenos Aires","Buenos Aires",Argentina,100000427063500,"Mery Noel Vidal ?ï?",,1
Joaquín,Bruno,joaquin.bruno.790@facebook.com,"09 de Marzo",https://www.facebook.com/joaquin.bruno.790,26,,"Ciudad Autónoma de Buenos Aires","Buenos Aires",Argentina,1165917629,"Valeria Ayala",,1
Pablo,Herrero,pablo.herrero.7@facebook.com,"09 de Marzo",https://www.facebook.com/pablo.herrero.7,27,,"Ciudad Autónoma de Buenos Aires","Buenos Aires",Argentina,100002134173972,"Cesar Berdullas",https://www.facebook.com/cesar.berdullas,1
Julieta,Leslie,julieta.leslie@facebook.com,"09 de Marzo",https://www.facebook.com/julieta.leslie,27,,"Ciudad Autónoma de Buenos Aires","Buenos Aires",Argentina,100002187162451,"Cesar Berdullas",https://www.facebook.com/cesar.berdullas,1
Julia,Sciaroni,julia.sciaroni@facebook.com,"09 de Marzo",https://www.facebook.com/julia.sciaroni,25,,"Ciudad Autónoma de Buenos Aires","Buenos Aires",Argentina,572587513,"Lucas Malaret",https://www.facebook.com/lmalaret,1
Maty,"Duart Breaking Barrierss",maty.duarte.7792@facebook.com,"09 de Marzo",https://www.facebook.com/maty.duarte.7792,,,"Ciudad Autónoma de Buenos Aires","Buenos Aires",Argentina,1054186348,"Clara Ryan",https://www.facebook.com/clariryaneventos,1
Chinu,Suárez,chinusuarezok@facebook.com,"09 de Marzo",https://www.facebook.com/chinusuarezok,22,,"Ciudad Autónoma de Buenos Aires","Buenos Aires",Argentina,100008092080077,"Rocio Mayo",https://www.facebook.com/marinirocio,1
Ema,Emitta,emanuel.corbalan@facebook.com,"09 de Marzo",https://www.facebook.com/emanuel.corbalan,24,,"Ciudad Autónoma de Buenos Aires","Buenos Aires",Argentina,100001135676207,"Agustina Pelle Müller",,1
Nico,Olmos,nico.olmos@facebook.com,"09 de Marzo",https://www.facebook.com/nico.olmos,,,"Ciudad Autónoma de Buenos Aires","Buenos Aires",Argentina,510778746,"Flor Freixas",https://www.facebook.com/freichus,1
Eliana,Pe,eliana.pe.5@facebook.com,"09 de Marzo",https://www.facebook.com/eliana.pe.5,,,"Ciudad Autónoma de Buenos Aires","Buenos Aires",Argentina,100003837744932,"Maria Garcia Neglia",https://www.facebook.com/maria.garcianeglia,1
Azzurra,"C Atering",azzurracatering@facebook.com,"09 de Marzo",https://www.facebook.com/azzurracatering,,,"Ciudad Autónoma de Buenos Aires","Buenos Aires",Argentina,100003881577394,"Maria Garcia Neglia",https://www.facebook.com/maria.garcianeglia,1
"Gaby Acqua","Home Boliches",acqua.puertomadero.12@facebook.com,"09 de Marzo",https://www.facebook.com/acqua.puertomadero.12,,,"Ciudad Autónoma de Buenos Aires","Buenos Aires",Argentina,100003950508975,"Maria Garcia Neglia",https://www.facebook.com/maria.garcianeglia,1
Euge,Suarez,eugesuaarez92@facebook.com,"09 de Marzo",https://www.facebook.com/eugesuaarez92,22,,"Ciudad Autónoma de Buenos Aires","Buenos Aires",Argentina,1429982325,"Emanuel Gaston Perdigues",https://www.facebook.com/emaxpx,1
Olivias,Bags,olivias.bags@facebook.com,"09 de Marzo",https://www.facebook.com/olivias.bags,,,"Ciudad Autónoma de Buenos Aires","Buenos Aires",Argentina,100000880901184,"Divino Vestuario Salve",https://www.facebook.com/salvedivinovestuario,1
Pame,Peralta,rominapamela1@facebook.com,"09 de Marzo",https://www.facebook.com/rominapamela1,28,,"Ciudad Autónoma de Buenos Aires","Buenos Aires",Argentina,1594274862,"Daniel Barach",,1
Suarez,Suarez,suarez.c.suarez@facebook.com,"09 de Marzo",https://www.facebook.com/suarez.c.suarez,22,,"Ciudad Autónoma de Buenos Aires","Buenos Aires",Argentina,1132814770,"Juli Sremac",https://www.facebook.com/juli.sremac,1
Daniel,Vieira,daniel.vieira.18062@facebook.com,"09 de Marzo",https://www.facebook.com/daniel.vieira.18062,,,"Ciudad Autónoma de Buenos Aires","Buenos Aires",Argentina,100000975453059,"Sindy Elisa Szczucky",https://www.facebook.com/sindy.szczucky,1
China,Perez,agus.kick.5@facebook.com,"09 de Marzo",https://www.facebook.com/agus.kick.5,,,"Ciudad Autónoma de Buenos Aires","Buenos Aires",Argentina,100002193446900,"Sergio Acosta",,1
Maximiliano,Martinez,maximiliano.martinez.313@facebook.com,"09 de Marzo",https://www.facebook.com/maximiliano.martinez.313,24,,"Ciudad Autónoma de Buenos Aires","Buenos Aires",Argentina,1526636090,"Juanita Lupetrone",https://www.facebook.com/jlupetrone,1
Caro,Ledesma,caro.ledesma.311@facebook.com,"09 de Marzo",https://www.facebook.com/caro.ledesma.311,,,"Ciudad Autónoma de Buenos Aires","Buenos Aires",Argentina,837423394,"Sebastian Diaz",https://www.facebook.com/sebastiantatudiaz,1
Fer,Sanhueza,feer.sanhueza@facebook.com,"09 de Marzo",https://www.facebook.com/feer.sanhueza,21,,"Ciudad Autónoma de Buenos Aires","Buenos Aires",Argentina,1384511222,"Jessica Bellomo",https://www.facebook.com/JessBellomo,1
Agush,Cerrudo,agush.cs@facebook.com,"09 de Marzo",https://www.facebook.com/agush.cs,,,"Ciudad Autónoma de Buenos Aires","Buenos Aires",Argentina,1613137920,"Federico Carrizo",https://www.facebook.com/federicoc,1
Eugenia,Suárez,meuge.s@facebook.com,"09 de Marzo",https://www.facebook.com/meuge.s,,,"Ciudad Autónoma de Buenos Aires","Buenos Aires",Argentina,1118258042,"Belu Alvarez",,1
Copenague,Grupo,copenaguegrupo@facebook.com,"09 de Marzo",https://www.facebook.com/copenaguegrupo,27,,"Ciudad Autónoma de Buenos Aires","Buenos Aires",Argentina,1429974897,"Macarena Alonso Dumón",https://www.facebook.com/macarenaad,1
Fenix,Chocolates,fenix.chocolates@facebook.com,"09 de Marzo",https://www.facebook.com/fenix.chocolates,24,,"Ciudad Autónoma de Buenos Aires","Buenos Aires",Argentina,100007855120336,"Susan Romano",,1
Gero,Allois,geronimo.allois@facebook.com,"09 de Marzo",https://www.facebook.com/geronimo.allois,,,"Ciudad Autónoma de Buenos Aires","Buenos Aires",Argentina,100001451379746,"Joaquin Barraco",https://www.facebook.com/chino.barraco,1
Juan,Camilli,jicamilli@facebook.com,"09 de Marzo",https://www.facebook.com/jicamilli,21,,"Ciudad Autónoma de Buenos Aires","Buenos Aires",Argentina,1102546531,"Geru Sznek",https://www.facebook.com/gsznek,1
Bell,Jcm,bell.jcm@facebook.com,"09 de Marzo",https://www.facebook.com/bell.jcm,26,,"Ciudad Autónoma de Buenos Aires","Buenos Aires",Argentina,100004833422937,"Fran L. Ocampo",https://www.facebook.com/franco,1
Enjoybandas,Emergente,enjoybandas@facebook.com,"09 de Marzo",https://www.facebook.com/enjoybandas,27,,"Ciudad Autónoma de Buenos Aires","Buenos Aires",Argentina,100001932711315,"Gabriela Rosito",https://www.facebook.com/gabriela.rosito,1
Pablo,Mouche,pablo.mouche.779@facebook.com,"09 de Marzo",https://www.facebook.com/pablo.mouche.779,22,,"Ciudad Autónoma de Buenos Aires","Buenos Aires",Argentina,1691933675,"Gisele Fratini",https://www.facebook.com/giakdmik,1
Sonrisa,Solidaria,sonrisasolidaria@facebook.com,"09 de Marzo",https://www.facebook.com/sonrisasolidaria,27,,"Ciudad Autónoma de Buenos Aires","Buenos Aires",Argentina,100002569335968,"Florencia Pulicari",https://www.facebook.com/florencia.pulicari,1
Victoria,Brizuela,vicki.brizuela.3@facebook.com,"09 de Marzo",https://www.facebook.com/vicki.brizuela.3,,,"Ciudad Autónoma de Buenos Aires","Buenos Aires",Argentina,100000674861847,"Belu Alvarez",,1
Valeria,Ayala,valeria.m.ayala@facebook.com,"09 de Marzo",https://www.facebook.com/valeria.m.ayala,,,"Ciudad Autónoma de Buenos Aires","Buenos Aires",Argentina,1097532548,"Pablo Dandrea",https://www.facebook.com/pablo.dandrea,1
Euge,Suarez,euge.suarez.545@facebook.com,"09 de Marzo",https://www.facebook.com/euge.suarez.545,22,,"Ciudad Autónoma de Buenos Aires","Buenos Aires",Argentina,100001652631692,"Flor Scalise",https://www.facebook.com/flor.scalise,1
Vestite,Juana,vestite.juana@facebook.com,"09 de Marzo",https://www.facebook.com/vestite.juana,,,"Ciudad Autónoma de Buenos Aires","Buenos Aires",Argentina,100002052892543,"Analia Petrocco",https://www.facebook.com/analia.petrocco,1
Ciicii,Alvarez,cici.alvarez.52@facebook.com,"09 de Marzo",https://www.facebook.com/cici.alvarez.52,27,,"Ciudad Autónoma de Buenos Aires","Buenos Aires",Argentina,100005016423800,"Demián Gabriel",,1
"Alan Sampero",Sampero,alansampero.sampero@facebook.com,"09 de Marzo",https://www.facebook.com/alansampero.sampero,,"Villa Pueyrredón","Ciudad Autónoma de Buenos Aires","Buenos Aires",Argentina,1549186269,"Gimena Yamila Yerden Giaquinto",https://www.facebook.com/Gimetrance,1
Eugenia,Suarez,eugenia.suarez.969300@facebook.com,"09 de Marzo",https://www.facebook.com/eugenia.suarez.969300,22,,"Ciudad Autónoma de Buenos Aires","Buenos Aires",Argentina,100006580808594,"Javier Potenza",,1
Oty,Gonzalez,octavio.gonzalez.902@facebook.com,"09 de Marzo",https://www.facebook.com/octavio.gonzalez.902,,,"Ciudad Autónoma de Buenos Aires","Buenos Aires",Argentina,100004025611675,"Anna Laura",https://www.facebook.com/Anna.Laucha,1
Tribuna,Gastronomica,maximo.gonzalez.378@facebook.com,"09 de Marzo",https://www.facebook.com/maximo.gonzalez.378,23,,"Ciudad Autónoma de Buenos Aires","Buenos Aires",Argentina,1404131628,"Susan Romano",,1
"Martin Garcia",Bodypainter,martingarcia.bodypainter@facebook.com,"09 de Marzo",https://www.facebook.com/martingarcia.bodypainter,,,"Ciudad Autónoma de Buenos Aires","Buenos Aires",Argentina,100001883787923,"Jessica Bellomo",https://www.facebook.com/JessBellomo,1
Luciano,Polizzi,luciano.polizzi@facebook.com,"09 de Marzo",https://www.facebook.com/luciano.polizzi,25,,"Ciudad Autónoma de Buenos Aires","Buenos Aires",Argentina,749022706,"Maria Belén",,1
Vanesa,"Estudio de Maquillaje",vanesaaragonestudio@facebook.com,"09 de Marzo",https://www.facebook.com/vanesaaragonestudio,26,,"Ciudad Autónoma de Buenos Aires","Buenos Aires",Argentina,100002807347215,"Yanina Battiato",,1
"José Octavio",Alabí,octa.alabi@facebook.com,"10 de Marzo",https://www.facebook.com/octa.alabi,21,,"Ciudad Autónoma de Buenos Aires","Buenos Aires",Argentina,1098432230,"Jobs Bar",https://www.facebook.com/jobsbar,1
"Indumentaria Accesorios",Importados,indumentariaaccesorios.importados@facebook.com,"10 de Marzo",https://www.facebook.com/indumentariaaccesorios.importados,26,,"Ciudad Autónoma de Buenos Aires","Buenos Aires",Argentina,100001574276680,"Mia Miry Ponce",,1
"Jimena Florencia",Miño,jimenaflorencia.mino@facebook.com,"10 de Marzo",https://www.facebook.com/jimenaflorencia.mino,24,,"Ciudad Autónoma de Buenos Aires","Buenos Aires",Argentina,100000103163388,"Nanys Rodriguez",,1
Reggae,Nonpalidece,reggae.nonpalidece@facebook.com,"10 de Marzo",https://www.facebook.com/reggae.nonpalidece,,,"Ciudad Autónoma de Buenos Aires","Buenos Aires",Argentina,1625974414,"Julio Roberto Cuevas",https://www.facebook.com/julioroberto.cuevas,1
Cecilia,Negri,mariacecilianegri@facebook.com,"10 de Marzo",https://www.facebook.com/mariacecilianegri,,,"Ciudad Autónoma de Buenos Aires","Buenos Aires",Argentina,1720942023,"Aniita Canta",https://www.facebook.com/Aniita.Canta,1
"Quinto Primera","LenguasVivas Dosmilonce",quintoprimera.lenguasvivasdosmilonce@facebook.com,"10 de Marzo",https://www.facebook.com/quintoprimera.lenguasvivasdosmilonce,27,,"Ciudad Autónoma de Buenos Aires","Buenos Aires",Argentina,100002162146214,"Aniita Canta",https://www.facebook.com/Aniita.Canta,1
Gonzalo,Garcia,gonzalo.garcia2@facebook.com,"10 de Marzo",https://www.facebook.com/gonzalo.garcia2,21,,"Ciudad Autónoma de Buenos Aires","Buenos Aires",Argentina,1153693239,"Celeste Heli",https://www.facebook.com/celeste.heli,1
Circa,Bar,circa.bar@facebook.com,"10 de Marzo",https://www.facebook.com/circa.bar,21,,"Ciudad Autónoma de Buenos Aires","Buenos Aires",Argentina,1155262369,"Celeste Heli",https://www.facebook.com/celeste.heli,1
Julián,Repetto,julian.repetto@facebook.com,"10 de Marzo",https://www.facebook.com/julian.repetto,,,"Ciudad Autónoma de Buenos Aires","Buenos Aires",Argentina,1518385427,"Daiana Soledad Pintos",https://www.facebook.com/Sheena.is,1
Jano,Sagrado,jano.sagrado@facebook.com,"10 de Marzo",https://www.facebook.com/jano.sagrado,27,,"Ciudad Autónoma de Buenos Aires","Buenos Aires",Argentina,100002932239571,"Yasu Higa",,1
Ana,Vicente,ana.vicente.9022@facebook.com,"10 de Marzo",https://www.facebook.com/ana.vicente.9022,,,"Ciudad Autónoma de Buenos Aires","Buenos Aires",Argentina,553015683,"Juan Clemente",,1
Martina,Olmos,martina.olmos@facebook.com,"10 de Marzo",https://www.facebook.com/martina.olmos,,,"Ciudad Autónoma de Buenos Aires","Buenos Aires",Argentina,1331263153,"Jobs Bar",https://www.facebook.com/jobsbar,1
Agustina,Costa,agustina.costa.5680@facebook.com,"10 de Marzo",https://www.facebook.com/agustina.costa.5680,,,"Ciudad Autónoma de Buenos Aires","Buenos Aires",Argentina,759132968,"Mery Villar",https://www.facebook.com/mery.villar1,1
Carr,Beet,carr.beet@facebook.com,"10 de Marzo",https://www.facebook.com/carr.beet,,,"Ciudad Autónoma de Buenos Aires","Buenos Aires",Argentina,100002996321345,"Valentin Abelardo",https://www.facebook.com/valentin.abelardo,1
Xoana,Vidal,xovidal@facebook.com,"10 de Marzo",https://www.facebook.com/xovidal,25,,"Ciudad Autónoma de Buenos Aires","Buenos Aires",Argentina,1164900363,"Pamela Gil",https://www.facebook.com/pamelagil,1
Milu,Dema,milagros.belen.142@facebook.com,"10 de Marzo",https://www.facebook.com/milagros.belen.142,21,,"Ciudad Autónoma de Buenos Aires","Buenos Aires",Argentina,100001702657609,"Tomás Eis",,1
Jonathan,Ezequiel,tanito.boedo@facebook.com,"10 de Marzo",https://www.facebook.com/tanito.boedo,23,Boedo,"Ciudad Autónoma de Buenos Aires","Buenos Aires",Argentina,1418301409,"Axx Agustin",https://www.facebook.com/Ax.Agustin,1
Alan,Tula,deejay.alan.paternal@facebook.com,"10 de Marzo",https://www.facebook.com/DeeJay.Alan.Paternal,21,"La Paternal","Ciudad Autónoma de Buenos Aires","Buenos Aires",Argentina,100000969075025,"Atilio Fernandez",,1
Celia,Rumi,celia.rumi.9@facebook.com,"10 de Marzo",https://www.facebook.com/celia.rumi.9,21,,"Ciudad Autónoma de Buenos Aires","Buenos Aires",Argentina,644158299,"Manuela Villa",,1
Andres,Ls,andres.laspina@facebook.com,"10 de Marzo",https://www.facebook.com/andres.laspina,26,,"Ciudad Autónoma de Buenos Aires","Buenos Aires",Argentina,1545733632,"Carlina Piedra",https://www.facebook.com/carlina.piedra,1
Maria,Badger,eugebandida.prensa@facebook.com,"10 de Marzo",https://www.facebook.com/EugeBandida.Prensa,23,,"Ciudad Autónoma de Buenos Aires","Buenos Aires",Argentina,1329662668,"Juan Manuel Fotografo",https://www.facebook.com/JuanmaJMFotoEstudio,1
Imperio,Argentina,revistaimperiog@facebook.com,"10 de Marzo",https://www.facebook.com/revistaimperioG,24,,"Ciudad Autónoma de Buenos Aires","Buenos Aires",Argentina,1618116195,"Ignacio Lines Ceruti",https://www.facebook.com/ignacio.lines,1
DvjCristian,Latorre,mveintiunocatan.musica@facebook.com,"10 de Marzo",https://www.facebook.com/mveintiunocatan.musica,27,,"Ciudad Autónoma de Buenos Aires","Buenos Aires",Argentina,100003669095892,"Julio Roberto Cuevas",https://www.facebook.com/julioroberto.cuevas,1
Gabinete,Sonoro,gabinete.djs@facebook.com,"10 de Marzo",https://www.facebook.com/gabinete.djs,,,"Ciudad Autónoma de Buenos Aires","Buenos Aires",Argentina,100002079219917,"Tatiana Petroccelli",https://www.facebook.com/tanshanita,1
Bremdi,Sanchez,bremdi.sanchez@facebook.com,"10 de Marzo",https://www.facebook.com/bremdi.sanchez,21,,"Ciudad Autónoma de Buenos Aires","Buenos Aires",Argentina,1138761468,"Fabio Ezequiel Farruggio",https://www.facebook.com/ffachurro,1
Cinty,Zavalza,cinty.zavalza@facebook.com,"10 de Marzo",https://www.facebook.com/cinty.zavalza,27,,"Ciudad Autónoma de Buenos Aires","Buenos Aires",Argentina,1613516960,"Tatiana Petroccelli",https://www.facebook.com/tanshanita,1
Yanina,Gastelumendi,yanina.gastelumendi@facebook.com,"10 de Marzo",https://www.facebook.com/yanina.gastelumendi,21,,"Ciudad Autónoma de Buenos Aires","Buenos Aires",Argentina,1152693665,"Jonathan Julian",,1
Damii,Vazquez,damian.vazquez.52@facebook.com,"10 de Marzo",https://www.facebook.com/damian.vazquez.52,21,"Buenos Aires","Buenos Aires","Buenos Aires",Argentina,100003538144812,"Alan Yun",0,1
Lula,Quaggiotto,lula.quaggiotto@facebook.com,"10 de Marzo",https://www.facebook.com/lula.quaggiotto,,,"Ciudad Autónoma de Buenos Aires","Buenos Aires",Argentina,1101865471,"Felipe Vidal",https://www.facebook.com/Feelipe.vp,1
Agustin,Julian,agustin.julianb@facebook.com,"10 de Marzo",https://www.facebook.com/agustin.julianb,22,"Buenos Aires","Buenos Aires","Buenos Aires",Argentina,1636286334,"Peter GC",0,1
Agus,Accesorios,agus.griffin.9@facebook.com,"10 de Marzo",https://www.facebook.com/agus.griffin.9,24,,"Ciudad Autónoma de Buenos Aires","Buenos Aires",Argentina,100002197006203,"Rochi Christensen",https://www.facebook.com/rochi.christensen,1
Cristian,Albaracin,cristian.j.diaz.566@facebook.com,"10 de Marzo",https://www.facebook.com/cristian.j.diaz.566,25,,"Ciudad Autónoma de Buenos Aires","Buenos Aires",Argentina,100000363385059,"Juli Castellano",https://www.facebook.com/Juliiiiiiy,1
Milagros,Yasmin,laa.beebu.3@facebook.com,"10 de Marzo",https://www.facebook.com/laa.beebu.3,,,"Ciudad Autónoma de Buenos Aires","Buenos Aires",Argentina,100000218150503,"Juanma Ramirez",,1
Abigail,Cabral,abigailcabral95@facebook.com,"10 de Marzo",https://www.facebook.com/abigailcabral95,,,"Ciudad Autónoma de Buenos Aires","Buenos Aires",Argentina,1124510469,"Facu Denegri",,1
Mia,Tuya,mia.sol.5203@facebook.com,"10 de Marzo",https://www.facebook.com/mia.sol.5203,21,,"Ciudad Autónoma de Buenos Aires","Buenos Aires",Argentina,100007847081477,"Cesar Berdullas",https://www.facebook.com/cesar.berdullas,1
Lucke,Matuk,lucke.matuk@facebook.com,"10 de Marzo",https://www.facebook.com/lucke.matuk,26,"Buenos Aires","Buenos Aires","Buenos Aires",Argentina,628514243,"Luciana Paione Oleszuk",0,1
Camila,Gomez,camilasoool@facebook.com,"10 de Marzo",https://www.facebook.com/Camilasoool,,,"Ciudad Autónoma de Buenos Aires","Buenos Aires",Argentina,1540065276,"Gabi López",,1
Lucas,Nobili,lucas.nobili.v8@facebook.com,"10 de Marzo",https://www.facebook.com/lucas.nobili.V8,,,"Ciudad Autónoma de Buenos Aires","Buenos Aires",Argentina,1279927491,"Agustin De Pascali",https://www.facebook.com/agustin.depascali,1
Flor,Mugnolo,flor.mugnolo@facebook.com,"10 de Marzo",https://www.facebook.com/flor.mugnolo,,,"Ciudad Autónoma de Buenos Aires","Buenos Aires",Argentina,1647092132,"Facu Denegri",,1
Bereissa,Alvarez,bereissa@facebook.com,"10 de Marzo",https://www.facebook.com/bereissa,25,"Buenos Aires","Buenos Aires","Buenos Aires",Argentina,501850053,"Leo LugÓn",0,1
Pato,Barletta,pato.barletta.5@facebook.com,"10 de Marzo",https://www.facebook.com/pato.barletta.5,27,,"Ciudad Autónoma de Buenos Aires","Buenos Aires",Argentina,699623996,"Seba Alvarez",https://www.facebook.com/lalvar22,1
Ornella,Prince,ornella.prince.7@facebook.com,"10 de Marzo",https://www.facebook.com/ornella.prince.7,,,"Ciudad Autónoma de Buenos Aires","Buenos Aires",Argentina,100000055365602,"Miqui Berriòs",https://www.facebook.com/miqui.berrios,1
Danielaa,Sosa,danielitah.sosa@facebook.com,"10 de Marzo",https://www.facebook.com/Danielitah.sosa,22,Boedo,"Ciudad Autónoma de Buenos Aires","Buenos Aires",Argentina,1556071006,"Barby Suarez",https://www.facebook.com/barby1522,1
Las,Condes,lascondes.11@facebook.com,"10 de Marzo",https://www.facebook.com/lascondes.11,,,"Ciudad Autónoma de Buenos Aires","Buenos Aires",Argentina,100000050043488,"Mechi Abud",https://www.facebook.com/mechi.abud,1
Aye,Lavergne,aye.lavergne@facebook.com,"10 de Marzo",https://www.facebook.com/aye.lavergne,23,,"Ciudad Autónoma de Buenos Aires","Buenos Aires",Argentina,1236073387,"Jimena Zaccardi",https://www.facebook.com/Jimediab,1
Martin,"Suarez Lastra",martin.suarezlastra@facebook.com,"10 de Marzo",https://www.facebook.com/martin.suarezlastra,,,"Ciudad Autónoma de Buenos Aires","Buenos Aires",Argentina,100002865326415,"Martin Menini",https://www.facebook.com/martin.menini,1
Anto,Dane,anto.dane@facebook.com,"10 de Marzo",https://www.facebook.com/anto.dane,,Boedo,"Ciudad Autónoma de Buenos Aires","Distrito Federal",Argentina,100000847843389,"Matias Duarte",,1
Axel,Cristian,axelcbc@facebook.com,"10 de Marzo",https://www.facebook.com/Axelcbc,27,,"Ciudad Autónoma de Buenos Aires","Buenos Aires",Argentina,100001119880722,"Claudio Arias",https://www.facebook.com/clautrance,1
Daian,Martinez,daian.gisel@facebook.com,"10 de Marzo",https://www.facebook.com/daian.gisel,,,"Ciudad Autónoma de Buenos Aires","Buenos Aires",Argentina,100001044304259,"Julian Pagana",,1
Luli,Fuentes,luli.fuentes.18@facebook.com,"10 de Marzo",https://www.facebook.com/luli.fuentes.18,24,,"Ciudad Autónoma de Buenos Aires","Buenos Aires",Argentina,100003657491832,"Daniel Barach",,1
Rainbow,Trendy,rainbow.trendy@facebook.com,"10 de Marzo",https://www.facebook.com/rainbow.trendy,25,,"Ciudad Autónoma de Buenos Aires","Buenos Aires",Argentina,100003127190063,"Amalia Gomes",,1
Agus,Cardona,aguus.cardona@facebook.com,"10 de Marzo",https://www.facebook.com/aguus.cardona,,,"Ciudad Autónoma de Buenos Aires","Buenos Aires",Argentina,100001878346856,"Facu Denegri",,1
Agustina,Lopez,bebotta1@facebook.com,"10 de Marzo",https://www.facebook.com/bebotta1,,,"Ciudad Autónoma de Buenos Aires","Buenos Aires",Argentina,100001899096453,"Facu Denegri",,1
Gus,Vanini,gus.vanini@facebook.com,"10 de Marzo",https://www.facebook.com/gus.vanini,,,"Ciudad Autónoma de Buenos Aires","Buenos Aires",Argentina,100000507387030,"Charly Ruez",https://www.facebook.com/charly.ruez,1
Mica,Mornaghi,mica.mornaghi@facebook.com,"10 de Marzo",https://www.facebook.com/mica.mornaghi,,,"Ciudad Autónoma de Buenos Aires","Buenos Aires",Argentina,899750064,"Caro Ros Jones",https://www.facebook.com/carorosjones,1
Martin,Navarro,martin.navarro.5243@facebook.com,"11 de Marzo",https://www.facebook.com/martin.navarro.5243,21,,"Ciudad Autónoma de Buenos Aires","Buenos Aires",Argentina,1693705614,"Kati Mosich",https://www.facebook.com/kati.mosich,1
Décontracté,Decoracion,decontracte.decoracion@facebook.com,"11 de Marzo",https://www.facebook.com/decontracte.decoracion,27,,"Ciudad Autónoma de Buenos Aires","Buenos Aires",Argentina,100003615103352,"Estefi Hilarza",https://www.facebook.com/estefi.hilarza,1
"Viste Que","te Visto",visteque.tevisto@facebook.com,"11 de Marzo",https://www.facebook.com/visteque.tevisto,,,"Ciudad Autónoma de Buenos Aires","Buenos Aires",Argentina,100003711817819,"July Jaluff",https://www.facebook.com/july.jaluff,1
Cintia,Crl,cintia.crl@facebook.com,"11 de Marzo",https://www.facebook.com/cintia.crl,21,,"Ciudad Autónoma de Buenos Aires","Buenos Aires",Argentina,1559535529,"Stefi Chiarullo",https://www.facebook.com/stefi.chiarullo,1
La,Ricotera,la.ricotera@facebook.com,"11 de Marzo",https://www.facebook.com/la.ricotera,22,,"Ciudad Autónoma de Buenos Aires","Buenos Aires",Argentina,1399424838,"Nano Vaquer",,1
Abrilita,Romero,abrilita.romero@facebook.com,"11 de Marzo",https://www.facebook.com/abrilita.romero,,,"Ciudad Autónoma de Buenos Aires","Buenos Aires",Argentina,100001050943320,"Ale Arias Mandarine Park",,1
Zaccaro,Usuario,zaccaroshoes@facebook.com,"11 de Marzo",https://www.facebook.com/zaccaroshoes,21,,"Ciudad Autónoma de Buenos Aires","Buenos Aires",Argentina,100001024129793,"Alicia Kosem",https://www.facebook.com/alicia.kosem,1
Meelÿ,Martinez,blu.e.efire@facebook.com,"11 de Marzo",https://www.facebook.com/blu.e.efire,,,"Ciudad Autónoma de Buenos Aires","Buenos Aires",Argentina,1560090868,"Demián Gabriel",,1
Paula,Gómez,paulita.g@facebook.com,"11 de Marzo",https://www.facebook.com/paulita.g,23,Barracas,"Ciudad Autónoma de Buenos Aires","Buenos Aires",Argentina,561980426,"Christian Douer Chuky",https://www.facebook.com/christian.chuky,1
Alberto,Coronel,albertocorone@facebook.com,"11 de Marzo",https://www.facebook.com/AlBeRtOcorone,21,,"Ciudad Autónoma de Buenos Aires","Buenos Aires",Argentina,100001518567823,"Brenda Araceli Gonzalez",https://www.facebook.com/brendaaraceli.gonzalez,1
Cata,Alba,cata.alba.16@facebook.com,"11 de Marzo",https://www.facebook.com/cata.alba.16,,,"Ciudad Autónoma de Buenos Aires","Buenos Aires",Argentina,100000843745264,"Marti Nevares",https://www.facebook.com/martii.nevares,1
Nanu,Lake,nanu.lagos@facebook.com,"11 de Marzo",https://www.facebook.com/nanu.lagos,,,"Ciudad Autónoma de Buenos Aires","Buenos Aires",Argentina,1368906118,"Santi Osterc",https://www.facebook.com/santiosterc,1
Skylabvip,Sanjusto,skylabvip@facebook.com,"11 de Marzo",https://www.facebook.com/skylabvip,26,,"Ciudad Autónoma de Buenos Aires","Buenos Aires",Argentina,100003747067453,"Julio Roberto Cuevas",https://www.facebook.com/julioroberto.cuevas,1
Oscar,Teatro,osky.gimenez.9@facebook.com,"11 de Marzo",https://www.facebook.com/osky.gimenez.9,,,"Ciudad Autónoma de Buenos Aires","Buenos Aires",Argentina,100001764919245,"Vale Piedra",https://www.facebook.com/Valepiedra,1
Julieta,Decoglobos,julieta.decoglobos@facebook.com,"11 de Marzo",https://www.facebook.com/julieta.decoglobos,26,,"Ciudad Autónoma de Buenos Aires","Buenos Aires",Argentina,100003748058204,"Julio Roberto Cuevas",https://www.facebook.com/julioroberto.cuevas,1
Nicolas,Policini,nicolas.policini@facebook.com,"11 de Marzo",https://www.facebook.com/nicolas.policini,26,,"Ciudad Autónoma de Buenos Aires","Buenos Aires",Argentina,1197382725,"Pablo Dandrea",https://www.facebook.com/pablo.dandrea,1
Mikaela,"Di Santo",mikaela.disanto@facebook.com,"11 de Marzo",https://www.facebook.com/mikaela.disanto,23,,"Ciudad Autónoma de Buenos Aires","Buenos Aires",Argentina,1132694768,"Mauro Sebastian Villegas",,1
Futboll,"La Base",labasefutbol@facebook.com,"11 de Marzo",https://www.facebook.com/labasefutbol,,,"Ciudad Autónoma de Buenos Aires","Buenos Aires",Argentina,100001009717279,"Fona Romeo",https://www.facebook.com/fona.romeo,1
Eugenia,Molinari,eugenia.molinari.96@facebook.com,"11 de Marzo",https://www.facebook.com/eugenia.molinari.96,27,,"Ciudad Autónoma de Buenos Aires","Buenos Aires",Argentina,758903643,"Mariano Montani",https://www.facebook.com/mariano.montani,1
Pablo,Rivera,pablonicolasrivera@facebook.com,"11 de Marzo",https://www.facebook.com/PabloNicolasRivera,27,,"Ciudad Autónoma de Buenos Aires","Buenos Aires",Argentina,1020113838,"Luciana Poeltra",https://www.facebook.com/luciana.poeltra,1
Luu,Thrasher,thrash.metal7@facebook.com,"11 de Marzo",https://www.facebook.com/thrash.metal7,24,,"Ciudad Autónoma de Buenos Aires","Buenos Aires",Argentina,1393501931,"La Rockeria",https://www.facebook.com/oveja1,1
Silvio,Moro,sil.moro.5@facebook.com,"11 de Marzo",https://www.facebook.com/sil.moro.5,27,,"Ciudad Autónoma de Buenos Aires","Buenos Aires",Argentina,100004664799554,"Pato Pagano",https://www.facebook.com/pato.p111,1
Fotografia,Profesional,deiriarte.fotos@facebook.com,"11 de Marzo",https://www.facebook.com/deiriarte.fotos,,,"Ciudad Autónoma de Buenos Aires","Buenos Aires",Argentina,100001682197296,"Jessica Bellomo",https://www.facebook.com/JessBellomo,1
Nacho,Riboldi,nachuli11@facebook.com,"11 de Marzo",https://www.facebook.com/Nachuli11,,,"Ciudad Autónoma de Buenos Aires","Buenos Aires",Argentina,1634776585,"Sol Bettoni",,1
Sebastian,Dominguez,sebastian.dominguez.376@facebook.com,"11 de Marzo",https://www.facebook.com/sebastian.dominguez.376,,,"Ciudad Autónoma de Buenos Aires","Buenos Aires",Argentina,1283820995,"Daiana Solange Labat",https://www.facebook.com/Daichilandia,1
"Lucas Ariel",Campana,lucas.ariel.12@facebook.com,"11 de Marzo",https://www.facebook.com/lucas.ariel.12,21,,"Ciudad Autónoma de Buenos Aires","Buenos Aires",Argentina,100002374502481,"Nataly Cuerva",https://www.facebook.com/nataliagtrujillo,1
Flowy,Leon,florencia.leon@facebook.com,"11 de Marzo",https://www.facebook.com/florencia.leon,22,Retiro,"Ciudad Autónoma de Buenos Aires","Buenos Aires",Argentina,1652078483,"Bë Döbiencita",https://www.facebook.com/be.dobiencita,1
Sabri,Manzi,sabrimanzi@facebook.com,"11 de Marzo",https://www.facebook.com/SabriManzi,26,,"Ciudad Autónoma de Buenos Aires","Buenos Aires",Argentina,738214299,"Michelle Fingeret",https://www.facebook.com/michelle.fingeret,1
Le?la,Da?ana,lamorocha.deviillegas@facebook.com,"11 de Marzo",https://www.facebook.com/lamorocha.deviillegas,24,,"Ciudad Autónoma de Buenos Aires","Buenos Aires",Argentina,100001266407189,"Juanma Ramirez",,1
You,Foto-video,you.fotovideo@facebook.com,"11 de Marzo",https://www.facebook.com/you.fotovideo,24,"Barrio Norte","Ciudad Autónoma de Buenos Aires","Buenos Aires",Argentina,100002915486891,"Nataly Cuerva",https://www.facebook.com/nataliagtrujillo,1
"Romina Soledad",Machado,rominasoledad.machado@facebook.com,"11 de Marzo",https://www.facebook.com/rominasoledad.machado,26,,"Ciudad Autónoma de Buenos Aires","Buenos Aires",Argentina,100001116276237,"Guille Rampo",https://www.facebook.com/guillermo.rampo,1
Margot,Chanca,margot.chanca@facebook.com,"11 de Marzo",https://www.facebook.com/margot.chanca,23,"Buenos Aires","Buenos Aires","Buenos Aires",Argentina,567183492,"Alan Yun",0,1
Joaquin,"De Titta",joaquin.detitta@facebook.com,"11 de Marzo",https://www.facebook.com/joaquin.detitta,,,"Ciudad Autónoma de Buenos Aires","Buenos Aires",Argentina,1422693163,"Cristian Pluis",,1
Vinilos,Decorativos,maquillaje.profesional.399@facebook.com,"11 de Marzo",https://www.facebook.com/maquillaje.profesional.399,28,,"Ciudad Autónoma de Buenos Aires","Buenos Aires",Argentina,100001382380453,"Yanina Battiato",,1
Belen,Rios,cecilia.belen.rios@facebook.com,"11 de Marzo",https://www.facebook.com/cecilia.belen.rios,23,,"Ciudad Autónoma de Buenos Aires","Buenos Aires",Argentina,1457134418,"Nadia Vannessa",https://www.facebook.com/nadiavannessa18,1
Maty,Olguin,maty.olguin.7@facebook.com,"11 de Marzo",https://www.facebook.com/maty.olguin.7,,,"Ciudad Autónoma de Buenos Aires","Buenos Aires",Argentina,100000548501037,"Fernando Velcic",https://www.facebook.com/fernando.velcic,1
Prensa,Ganimian,prensa.ganimian@facebook.com,"11 de Marzo",https://www.facebook.com/prensa.ganimian,,,"Ciudad Autónoma de Buenos Aires","Buenos Aires",Argentina,100001586266410,"Yanina Battiato",,1
Mara,Vitullo,mara.vitullo@facebook.com,"11 de Marzo",https://www.facebook.com/mara.vitullo,,,"Ciudad Autónoma de Buenos Aires","Buenos Aires",Argentina,100003785026222,"Charly Ruez",https://www.facebook.com/charly.ruez,1
Agus,Sanguinetti,agus.sanguinetti.5@facebook.com,"11 de Marzo",https://www.facebook.com/agus.sanguinetti.5,,,"Ciudad Autónoma de Buenos Aires","Buenos Aires",Argentina,100000785818711,"Geru Sznek",https://www.facebook.com/gsznek,1
Juan,Salvo,juan.salvo.942@facebook.com,"11 de Marzo",https://www.facebook.com/juan.salvo.942,22,,"Ciudad Autónoma de Buenos Aires","Buenos Aires",Argentina,1089414655,"Matias Blas",https://www.facebook.com/Matias.Blas,1
Jesica,Martinez,jesica.martinez.3975@facebook.com,"11 de Marzo",https://www.facebook.com/jesica.martinez.3975,24,,"Ciudad Autónoma de Buenos Aires","Buenos Aires",Argentina,1763935677,"Tomas Zocca",https://www.facebook.com/tomyzocca,1
Zapatillas,Artesanales,zapatillas.artesanales@facebook.com,"11 de Marzo",https://www.facebook.com/zapatillas.artesanales,28,,"Ciudad Autónoma de Buenos Aires","Buenos Aires",Argentina,100002290474802,"Catalina Plá Señorans",https://www.facebook.com/catalina.pla,1
Nicolas,Dippolito,hippoou@facebook.com,"11 de Marzo",https://www.facebook.com/hippoou,,"Villa Devoto","Ciudad Autónoma de Buenos Aires","Buenos Aires",Argentina,1136786920,"Carli Pellizzaro",https://www.facebook.com/Carlii,1
Agustin,Emmanuel,agustin.emmanuel.7@facebook.com,"11 de Marzo",https://www.facebook.com/agustin.emmanuel.7,22,,"Ciudad Autónoma de Buenos Aires","Buenos Aires",Argentina,1527031240,"Carlos Wilson",,1
Julia,Martinez,julia.martinez.564@facebook.com,"11 de Marzo",https://www.facebook.com/julia.martinez.564,22,,"Ciudad Autónoma de Buenos Aires","Buenos Aires",Argentina,100003581966929,"Fede Martinez",https://www.facebook.com/fedemartinez17,1
CamiLa,Rociio,camilarociio@facebook.com,"11 de Marzo",https://www.facebook.com/camiLarociio,24,"Villa Insuperable","Ciudad Autónoma de Buenos Aires","Distrito Federal",Argentina,100000957935853,"Anna Laura",https://www.facebook.com/Anna.Laucha,1
Romina,Loiacono,romina.loiacono.14@facebook.com,"12 de Marzo",https://www.facebook.com/romina.loiacono.14,28,"Villa Crespo","Ciudad Autónoma de Buenos Aires","Buenos Aires",Argentina,1035441525,"Anto D'Amato",https://www.facebook.com/anto.dama,1
Lovely,Rita,lovelyritaoficial@facebook.com,"12 de Marzo",https://www.facebook.com/lovelyritaoficial,25,,"Ciudad Autónoma de Buenos Aires","Buenos Aires",Argentina,100003604064421,"Guido De Marco",,1
Pechan,Díaz,pechan.diaz.3@facebook.com,"12 de Marzo",https://www.facebook.com/pechan.diaz.3,,Coghlan,"Ciudad Autónoma de Buenos Aires","Buenos Aires",Argentina,100000206734442,"Lucia Marti",https://www.facebook.com/luli.marti,1
Tiziano,Alvarez,tiziano.alvarez.31@facebook.com,"12 de Marzo",https://www.facebook.com/tiziano.alvarez.31,22,,"Ciudad Autónoma de Buenos Aires","Buenos Aires",Argentina,100004137968045,"Carolina Mandra",https://www.facebook.com/carolina.mandra,1
Eric,Alessi,eric.alessi.94@facebook.com,"12 de Marzo",https://www.facebook.com/eric.alessi.94,,,"Ciudad Autónoma de Buenos Aires","Buenos Aires",Argentina,1026293572,"Vanesa Myrna Ojeda",,1
Virginia,Rivero,positronicray@facebook.com,"12 de Marzo",https://www.facebook.com/POSITRONICray,,"San Telmo","Ciudad Autónoma de Buenos Aires","Buenos Aires",Argentina,655058729,"Romy Gutierrez Jaime",https://www.facebook.com/romygutierrezjaime,1
Rocko,Rainoldi,cocorainoldi@facebook.com,"12 de Marzo",https://www.facebook.com/cocorainoldi,,,"Ciudad Autónoma de Buenos Aires","Buenos Aires",Argentina,631514452,"Daiana Soledad Pintos",https://www.facebook.com/Sheena.is,1
Luiggi,Barchiesi,luiggi.barchiesi@facebook.com,"12 de Marzo",https://www.facebook.com/luiggi.barchiesi,,,"Ciudad Autónoma de Buenos Aires","Buenos Aires",Argentina,100000195564039,"La Rockeria",https://www.facebook.com/oveja1,1
"Monica Alejandra",Langone,importacionesmiami@facebook.com,"12 de Marzo",https://www.facebook.com/importacionesmiami,,"Villa Crespo","Ciudad Autónoma de Buenos Aires","Buenos Aires",Argentina,100000552202364,"Mery Noel Vidal ?ï?",,1
Tomi,Porrino,tomas.porrino@facebook.com,"12 de Marzo",https://www.facebook.com/tomas.porrino,24,,"Ciudad Autónoma de Buenos Aires","Buenos Aires",Argentina,1441736849,"Juan Cruz Albornoz",,1
Nadu,Greco,nadu.7@facebook.com,"12 de Marzo",https://www.facebook.com/nadu.7,23,,"Ciudad Autónoma de Buenos Aires","Buenos Aires",Argentina,1437798604,"Jochuu Rodriguez Linck",https://www.facebook.com/jochuu.rodriguezlinck,1
Asia,Negra,asia.negra.5@facebook.com,"12 de Marzo",https://www.facebook.com/asia.negra.5,26,,"Ciudad Autónoma de Buenos Aires","Buenos Aires",Argentina,100001844370185,"Juli Castellano",https://www.facebook.com/Juliiiiiiy,1
Gustavo,"Garcia Soldatos",vraie.bsas@facebook.com,"12 de Marzo",https://www.facebook.com/vraie.bsas,,,"Ciudad Autónoma de Buenos Aires","Buenos Aires",Argentina,100003714190234,"Claudio Arias",https://www.facebook.com/clautrance,1
Vero,Ferrer,veroferrerbsas@facebook.com,"12 de Marzo",https://www.facebook.com/veroferrerbsas,28,,"Ciudad Autónoma de Buenos Aires","Buenos Aires",Argentina,1025440417,"Miel Irisarri",https://www.facebook.com/miel.irisarri,1
Cesar,Ghe,cesarghe@facebook.com,"12 de Marzo",https://www.facebook.com/cesarghe,,,"Ciudad Autónoma de Buenos Aires","Buenos Aires",Argentina,100003538424088,"Gaby Pascuali",https://www.facebook.com/gabriela.pascuali,1
Daniela,Sanchez,daniela.picaronaa@facebook.com,"12 de Marzo",https://www.facebook.com/daniela.picaronaa,,,"Ciudad Autónoma de Buenos Aires","Buenos Aires",Argentina,100004369867618,"Amilcar Ferrari",,1
Maria,Toledo,maria.toledo.94@facebook.com,"12 de Marzo",https://www.facebook.com/maria.toledo.94,,,"Ciudad Autónoma de Buenos Aires","Buenos Aires",Argentina,100000411098454,"Juan Cruz Albornoz",,1
Gino,Belsito,gino.belsito@facebook.com,"12 de Marzo",https://www.facebook.com/gino.belsito,22,,"Ciudad Autónoma de Buenos Aires","Buenos Aires",Argentina,1071757112,"Agus Carranza",,1
Joaco,"Juliano Cerati",joaco.julianocerati@facebook.com,"12 de Marzo",https://www.facebook.com/joaco.julianocerati,22,,"Ciudad Autónoma de Buenos Aires","Buenos Aires",Argentina,100000538004371,"Joshua Oglio",,1
Dulce,Castro,dulcedaniela.castro@facebook.com,"12 de Marzo",https://www.facebook.com/dulcedaniela.castro,,,"Ciudad Autónoma de Buenos Aires","Buenos Aires",Argentina,1477023323,"Bë Döbiencita",https://www.facebook.com/be.dobiencita,1
Juli,Garcia,julietagarciajuli.garcia@facebook.com,"12 de Marzo",https://www.facebook.com/julietagarciajuli.garcia,22,,"Ciudad Autónoma de Buenos Aires","Buenos Aires",Argentina,100007244830223,"Flor Vischi Cortés",https://www.facebook.com/flor.vischi,1
La,China,la.china.750@facebook.com,"12 de Marzo",https://www.facebook.com/la.china.750,,,"Ciudad Autónoma de Buenos Aires","Buenos Aires",Argentina,1587878088,"Mauro Sebastian Villegas",,1
Juan,"la Quince",juan.nittida.7@facebook.com,"12 de Marzo",https://www.facebook.com/juan.nittida.7,28,,"Ciudad Autónoma de Buenos Aires","Buenos Aires",Argentina,100004606621697,"Pamela Garrote",https://www.facebook.com/pamela.garrote,1
Alexia,Micheltorena,alexiamicheltorena@facebook.com,"12 de Marzo",https://www.facebook.com/alexiamicheltorena,,"Villa Luro","Ciudad Autónoma de Buenos Aires","Distrito Federal",Argentina,100001616725385,"Aldana Queirolo",https://www.facebook.com/aldana.queirolo,1
"Maxi L.",Lopez,maxi.lo22@facebook.com,"12 de Marzo",https://www.facebook.com/maxi.lo22,27,,"Ciudad Autónoma de Buenos Aires","Buenos Aires",Argentina,1654577732,"Tatiana Petroccelli",https://www.facebook.com/tanshanita,1
Matusalena,Junior,margarita.hernandezgar@facebook.com,"12 de Marzo",https://www.facebook.com/margarita.hernandezgar,27,,"Ciudad Autónoma de Buenos Aires","Buenos Aires",Argentina,1655002512,"Tatiana Petroccelli",https://www.facebook.com/tanshanita,1
Alejandra,Mazotti,alejandra.mazotti@facebook.com,"12 de Marzo",https://www.facebook.com/alejandra.mazotti,,,"Ciudad Autónoma de Buenos Aires","Buenos Aires",Argentina,100000382630252,"La Rockeria",https://www.facebook.com/oveja1,1
Nani,Sanchez,daniela.picarona@facebook.com,"12 de Marzo",https://www.facebook.com/daniela.picarona,,,"Ciudad Autónoma de Buenos Aires","Buenos Aires",Argentina,1393452807,"Julian Pagana",,1
Ale,Lescano,umineo@facebook.com,"12 de Marzo",https://www.facebook.com/umineo,,,"Ciudad Autónoma de Buenos Aires","Buenos Aires",Argentina,1404335892,"Julian Pagana",,1
Rodrigo,Arciero,rodrigo.arciero@facebook.com,"12 de Marzo",https://www.facebook.com/rodrigo.arciero,21,,"Ciudad Autónoma de Buenos Aires","Buenos Aires",Argentina,1154646749,"Anto Trezza",https://www.facebook.com/anto.trezza,1
Gcb,Importaciones,gcb.store@facebook.com,"12 de Marzo",https://www.facebook.com/GCB.Store,,,"Ciudad Autónoma de Buenos Aires","Buenos Aires",Argentina,100006294273323,"Juan Manuel Fotografo",https://www.facebook.com/JuanmaJMFotoEstudio,1
Sele,Reyno,invadiendoelarea@facebook.com,"12 de Marzo",https://www.facebook.com/InvadiendoElArea,,"Villa Crespo","Ciudad Autónoma de Buenos Aires","Distrito Federal",Argentina,100004026721897,"Matías Panero",,1
Jair,Ruibal,jair.ruibal@facebook.com,"12 de Marzo",https://www.facebook.com/jair.ruibal,26,,"Ciudad Autónoma de Buenos Aires","Buenos Aires",Argentina,579563761,"Lucía Lopez Aleman",https://www.facebook.com/marialucialopezaleman,1
River,"Sos Mi Vida",rsosmivida@facebook.com,"12 de Marzo",https://www.facebook.com/rsosmivida,,,"Ciudad Autónoma de Buenos Aires","Buenos Aires",Argentina,100000312981130,"Helena Robledo",,1
Eventosnocturnos,Nocturnos,pin.olivos@facebook.com,"12 de Marzo",https://www.facebook.com/pin.olivos,,,"Ciudad Autónoma de Buenos Aires","Buenos Aires",Argentina,100003723101503,"David Zalasar",https://www.facebook.com/Davidcocktails,1
Natuu,Martinez,natichuulaa@facebook.com,"12 de Marzo",https://www.facebook.com/Natichuulaa,27,,"Ciudad Autónoma de Buenos Aires","Buenos Aires",Argentina,801597437,"Tatiana Petroccelli",https://www.facebook.com/tanshanita,1
Lutko,Roys,lutko.roys@facebook.com,"12 de Marzo",https://www.facebook.com/lutko.roys,27,,"Ciudad Autónoma de Buenos Aires","Buenos Aires",Argentina,802346892,"Tatiana Petroccelli",https://www.facebook.com/tanshanita,1
Nico,Gonnet,nico.gonnet.12@facebook.com,"12 de Marzo",https://www.facebook.com/nico.gonnet.12,21,,"Ciudad Autónoma de Buenos Aires","Buenos Aires",Argentina,1524681975,"Julieta Belen",,1
Eli,Romani,elii.r@facebook.com,"12 de Marzo",https://www.facebook.com/elii.r,,,"Ciudad Autónoma de Buenos Aires","Buenos Aires",Argentina,1146335154,"Srita Bauer",https://www.facebook.com/marina.vas,1
Cesar,"Lavadenz Choque",cesar.lavadenzchoque@facebook.com,"12 de Marzo",https://www.facebook.com/cesar.lavadenzchoque,23,,"Ciudad Autónoma de Buenos Aires","Buenos Aires",Argentina,100003891810282,"Carla Diaz",,1
Marisol,Rudaz,marisol.rudaz@facebook.com,"12 de Marzo",https://www.facebook.com/marisol.rudaz,,,"Ciudad Autónoma de Buenos Aires","Buenos Aires",Argentina,705159169,"Cynthia Tatiana Martinez Neves",https://www.facebook.com/cynthiatatiana.martinezne,1
