Nombre,Apellido,"Email Facebook",Cumpleaños,"Usuario Facebook",Edad,Barrio,Ciudad,Provincia,Pais,"ID Facebook","Amigo De","Amigo De (Usuario)",rebound
Bri,Funtowicz,brichun@facebook.com,"01 de Marzo",https://www.facebook.com/brichun,,,"Ciudad Autónoma de Buenos Aires","Buenos Aires",Argentina,700802670,"Ana Glinberg",https://www.facebook.com/ana.glinberg,1
Ayelen,Broglieri,ayelen.broglieri.9@facebook.com,"01 de Marzo",https://www.facebook.com/ayelen.broglieri.9,26,"San Telmo","Ciudad Autónoma de Buenos Aires","Buenos Aires",Argentina,1044407557,"Mauro Sebastian Villegas",,1
Pamela,Valenti,pamelavalentivip@facebook.com,"01 de Marzo",https://www.facebook.com/pamelavalentivip,28,,"Ciudad Autónoma de Buenos Aires","Buenos Aires",Argentina,100002962523836,"Julio Roberto Cuevas",https://www.facebook.com/julioroberto.cuevas,1
Nicolas,Troncoso,nicolas.troncoso.35@facebook.com,"01 de Marzo",https://www.facebook.com/nicolas.troncoso.35,,,"Ciudad Autónoma de Buenos Aires","Buenos Aires",Argentina,100002321230793,"Alejandro G Sierra",https://www.facebook.com/alejandrogsierra,1
Paul,Massuh,paul.mazzucco.7@facebook.com,"01 de Marzo",https://www.facebook.com/paul.mazzucco.7,,,"Ciudad Autónoma de Buenos Aires","Buenos Aires",Argentina,100002329492757,"Alejandro G Sierra",https://www.facebook.com/alejandrogsierra,1
Sofi,Polani,sofi.polani@facebook.com,"01 de Marzo",https://www.facebook.com/sofi.polani,,,"Ciudad Autónoma de Buenos Aires","Buenos Aires",Argentina,100001283475613,"Juan Manuel Fotografo",https://www.facebook.com/JuanmaJMFotoEstudio,1
Indumentaria,Melodia,indumentaria.melodia@facebook.com,"01 de Marzo",https://www.facebook.com/indumentaria.melodia,,,"Ciudad Autónoma de Buenos Aires","Buenos Aires",Argentina,100001867810596,"Carla Ferro",https://www.facebook.com/carla.ferro,1
"Artesanos Del",Reino,artesanosdel.reino@facebook.com,"01 de Marzo",https://www.facebook.com/artesanosdel.reino,,,"Ciudad Autónoma de Buenos Aires","Buenos Aires",Argentina,100001870400236,"Carla Ferro",https://www.facebook.com/carla.ferro,1
Kimmidoll,Argentina,kimmidoll.ba@facebook.com,"01 de Marzo",https://www.facebook.com/Kimmidoll.ba,,,"Ciudad Autónoma de Buenos Aires","Buenos Aires",Argentina,100000765060783,"Alejandro Chaizaz",https://www.facebook.com/alejandrochaizaz,1
Ruth,Ocampo,ruth.ocampo.92@facebook.com,"01 de Marzo",https://www.facebook.com/ruth.ocampo.92,24,,"Ciudad Autónoma de Buenos Aires","Buenos Aires",Argentina,100003841295713,"Fiestas Baires",,1
Naara,"Da Silva Ferreyra",naara.dasilvaferreyra@facebook.com,"01 de Marzo",https://www.facebook.com/naara.dasilvaferreyra,,,"Ciudad Autónoma de Buenos Aires","Buenos Aires",Argentina,100001328252931,"Alee Jandro",https://www.facebook.com/alejandropassadore,1
Debora,Alejandra,debora.terencio@facebook.com,"01 de Marzo",https://www.facebook.com/debora.terencio,,,"Ciudad Autónoma de Buenos Aires","Buenos Aires",Argentina,1112472071,"Alejandro Cocktila Acosta",https://www.facebook.com/alejandro.acosta,1
Franco,Ossola,franco.ossola@facebook.com,"01 de Marzo",https://www.facebook.com/franco.ossola,,,"Ciudad Autónoma de Buenos Aires","Buenos Aires",Argentina,100001060911689,"Martín Álvarez BA I",https://www.facebook.com/Woody.Blair,1
Keiki,"Mansilla Ruiz Díaz",keiki.noa@facebook.com,"01 de Marzo",https://www.facebook.com/keiki.noa,,,"Ciudad Autónoma de Buenos Aires","Buenos Aires",Argentina,100000290028217,"Juan Antonio Papagni Meca",https://www.facebook.com/juanantoniopapagnimeca,1
Caritas,"San Jose Obrero",caritas.sanjoseobrero@facebook.com,"01 de Marzo",https://www.facebook.com/caritas.sanjoseobrero,,,"Ciudad Autónoma de Buenos Aires","Buenos Aires",Argentina,100001918957384,"Jonathan Leonel",,1
Bastian,Rey,bastian.reyes.313@facebook.com,"01 de Marzo",https://www.facebook.com/bastian.reyes.313,30,,"Ciudad Autónoma de Buenos Aires","Buenos Aires",Argentina,100005361306823,"Juan Clemente",,1
Pamela,Hetfield,pem.thrash@facebook.com,"01 de Marzo",https://www.facebook.com/Pem.thrash,,"Villa Del Parque","Ciudad Autónoma de Buenos Aires","Buenos Aires",Argentina,1249045428,"La Rockeria",https://www.facebook.com/oveja1,1
Own,Light,own.light.33@facebook.com,"01 de Marzo",https://www.facebook.com/own.light.33,27,,"Ciudad Autónoma de Buenos Aires","Buenos Aires",Argentina,100003927813691,"Jessica Bellomo",https://www.facebook.com/JessBellomo,1
Pilar,Balboa,pilar.balboa@facebook.com,"01 de Marzo",https://www.facebook.com/pilar.balboa,,,"Ciudad Autónoma de Buenos Aires","Buenos Aires",Argentina,1455062549,"Isa Bensusan Millé",,1
Silvia,Malerba,silvia.malerba.73@facebook.com,"01 de Marzo",https://www.facebook.com/silvia.malerba.73,26,,"Ciudad Autónoma de Buenos Aires","Buenos Aires",Argentina,1498537031,"Aldana Queirolo",https://www.facebook.com/aldana.queirolo,1
Aghata,Fernandez,aghata.fernandez.509@facebook.com,"01 de Marzo",https://www.facebook.com/aghata.fernandez.509,21,,"Ciudad Autónoma de Buenos Aires","Buenos Aires",Argentina,100006636275552,"Nahu Millicay Pereyra",https://www.facebook.com/nahumilli,1
Maimo,Fest,maimo.fest@facebook.com,"01 de Marzo",https://www.facebook.com/maimo.fest,27,,"Ciudad Autónoma de Buenos Aires","Buenos Aires",Argentina,100002658363158,"Pamela Altamiranda",https://www.facebook.com/pamela.altamiranda1,1
Paloma,Importados,paloma.importados@facebook.com,"01 de Marzo",https://www.facebook.com/paloma.importados,29,,"Ciudad Autónoma de Buenos Aires","Buenos Aires",Argentina,100000853746255,"Silvana Garcia Marciafava",https://www.facebook.com/silvana.marciafava,1
Facu,Fernandez,facu.fernandez.3532@facebook.com,"01 de Marzo",https://www.facebook.com/facu.fernandez.3532,,,"Ciudad Autónoma de Buenos Aires","Buenos Aires",Argentina,1374687277,"Vicky Diaz",,1
Espacio,Importado,espacio.importado@facebook.com,"01 de Marzo",https://www.facebook.com/espacio.importado,23,,"Ciudad Autónoma de Buenos Aires","Buenos Aires",Argentina,100001964199484,"Rocío Martínez",https://www.facebook.com/rochi.belen,1
Giusto,Hombre,giusto.hombre@facebook.com,"01 de Marzo",https://www.facebook.com/giusto.hombre,,,"Ciudad Autónoma de Buenos Aires","Buenos Aires",Argentina,100004051101203,"Sabrina Fuchs",,1
Kathe,Mc,kathe.mc.56@facebook.com,"01 de Marzo",https://www.facebook.com/kathe.mc.56,,,"Ciudad Autónoma de Buenos Aires","Buenos Aires",Argentina,100001197324825,"Daiana Soledad Pintos",https://www.facebook.com/Sheena.is,1
Nicole,Sonsino,nicolesonsino@facebook.com,"01 de Marzo",https://www.facebook.com/nicolesonsino,,,"Ciudad Autónoma de Buenos Aires","Buenos Aires",Argentina,1163240880,"Agus Rodriguez",,1
Daniel,Gomez,albertodaniel.gomez.7@facebook.com,"01 de Marzo",https://www.facebook.com/albertodaniel.gomez.7,,,"Ciudad Autónoma de Buenos Aires","Buenos Aires",Argentina,100001279513006,"Nataly Cuerva",https://www.facebook.com/nataliagtrujillo,1
Mari,Yogi,mari.yogi@facebook.com,"01 de Marzo",https://www.facebook.com/mari.yogi,,"Buenos Aires","Buenos Aires","Buenos Aires",Argentina,791619999,"Alan Yun",0,1
Camilo,Campos,camilo.campos.9@facebook.com,"01 de Marzo",https://www.facebook.com/camilo.campos.9,,,"Ciudad Autónoma de Buenos Aires","Buenos Aires",Argentina,100001185424485,"Agustina Pelle Müller",,1
"Red De Ex-Alumnos",Glaux,reddeexalumnosglaux@facebook.com,"01 de Marzo",https://www.facebook.com/RedDeExAlumnosGlaux,25,"Buenos Aires","Buenos Aires","Buenos Aires",Argentina,100003078685682,"Agustina Rabioglio",0,1
Ayelen,Broglieri,abroglieri@facebook.com,"01 de Marzo",https://www.facebook.com/abroglieri,26,"San Telmo","Ciudad Autónoma de Buenos Aires","Buenos Aires",Argentina,100000393608115,"Christian Douer Chuky",https://www.facebook.com/christian.chuky,1
Stefani,Medina,tetelioness@facebook.com,"01 de Marzo",https://www.facebook.com/TeteLioness,25,,"Ciudad Autónoma de Buenos Aires","Buenos Aires",Argentina,1360333932,"David Zalasar",https://www.facebook.com/Davidcocktails,1
Mica,Esteban,mica.barullo@facebook.com,"01 de Marzo",https://www.facebook.com/mica.barullo,,"Villa Luro","Ciudad Autónoma de Buenos Aires","Distrito Federal",Argentina,1457174719,"Gabriela Competiello",,1
Paulo,Cuneo,poliperroloco@facebook.com,"01 de Marzo",https://www.facebook.com/poliperroloco,,,"Ciudad Autónoma de Buenos Aires","Buenos Aires",Argentina,1847034733,"Ana Costas",,1
Angela,Salcedo,angela.salcedo.505@facebook.com,"01 de Marzo",https://www.facebook.com/angela.salcedo.505,,,"Ciudad Autónoma de Buenos Aires","Buenos Aires",Argentina,100001370764029,"Tatiana Petroccelli",https://www.facebook.com/tanshanita,1
Lucia,Rey,lucia.v.rey@facebook.com,"01 de Marzo",https://www.facebook.com/lucia.v.rey,24,,"Ciudad Autónoma de Buenos Aires","Buenos Aires",Argentina,1042314041,"Ezequiel Sebastian Berardi",https://www.facebook.com/EzErAsTa,1
Generacion,Bpm,generacionbpm@facebook.com,"01 de Marzo",https://www.facebook.com/generacionbpm,,,"Ciudad Autónoma de Buenos Aires","Buenos Aires",Argentina,100001384240717,"Tatiana Petroccelli",https://www.facebook.com/tanshanita,1
Ruth,Benitez,tethiszetineb@facebook.com,"01 de Marzo",https://www.facebook.com/tethiszetineb,24,"Buenos Aires","Buenos Aires","Buenos Aires",Argentina,1619320001,"Alan Yun",0,1
Yanu,Zurita,yaninabelen.zurita@facebook.com,"01 de Marzo",https://www.facebook.com/yaninabelen.zurita,21,,"Ciudad Autónoma de Buenos Aires","Buenos Aires",Argentina,1601290889,"Sofu Maddonni",https://www.facebook.com/ssofiia,1
Gus,Hokama,gus.hokama@facebook.com,"01 de Marzo",https://www.facebook.com/gus.hokama,,"Buenos Aires","Buenos Aires","Buenos Aires",Argentina,619414693,"Alan Yun",0,1
Rogelio,Gimenez,rogeliogimenez@facebook.com,"01 de Marzo",https://www.facebook.com/rogeliogimenez,,,"Ciudad Autónoma de Buenos Aires","Buenos Aires",Argentina,1807140034,"Irma Mercedes Palma",,1
Las,Kellies,las.kellies@facebook.com,"01 de Marzo",https://www.facebook.com/las.kellies,26,,"Ciudad Autónoma de Buenos Aires","Buenos Aires",Argentina,1613025836,"Jessica Bellomo",https://www.facebook.com/JessBellomo,1
Furgang,Comunicaciones,furgang.comunicaciones@facebook.com,"01 de Marzo",https://www.facebook.com/furgang.comunicaciones,21,,"Ciudad Autónoma de Buenos Aires","Buenos Aires",Argentina,100000537744769,"Juan Antonio Papagni Meca",https://www.facebook.com/juanantoniopapagnimeca,1
Potenza,Xenon,potenzaxenoncardetail@facebook.com,"01 de Marzo",https://www.facebook.com/PotenzaXenonCarDetail,28,,"Ciudad Autónoma de Buenos Aires","Buenos Aires",Argentina,100005636321112,"Ramiro Prieto",,1
Marcos,Peres,marcosafroditateespero@facebook.com,"01 de Marzo",https://www.facebook.com/marcosafroditateespero,23,,"Ciudad Autónoma de Buenos Aires","Buenos Aires",Argentina,739253713,"Alexia Garcia",https://www.facebook.com/garciaalexiia,1
Candee,Lopez,candelita.lopez.3990@facebook.com,"01 de Marzo",https://www.facebook.com/candelita.lopez.3990,26,Recoleta,"Ciudad Autónoma de Buenos Aires","Buenos Aires",Argentina,100006120756395,"Juan Manuel Vilagut",https://www.facebook.com/jvilagut1,1
"St Brendans",Cuarenta,stbrendans.cuarenta@facebook.com,"01 de Marzo",https://www.facebook.com/stbrendans.cuarenta,21,,"Ciudad Autónoma de Buenos Aires","Buenos Aires",Argentina,100001740800678,"Emiliano Pirolo",https://www.facebook.com/emi.pirolo,1
Vanina,Gomez,vanina.gomez.9047@facebook.com,"01 de Marzo",https://www.facebook.com/vanina.gomez.9047,27,Boedo,"Ciudad Autónoma de Buenos Aires","Buenos Aires",Argentina,100003277256371,"La Rockeria",https://www.facebook.com/oveja1,1
"La Salle",Dosmilonce,lasalle.dosmilonce@facebook.com,"01 de Marzo",https://www.facebook.com/lasalle.dosmilonce,,,"Ciudad Autónoma de Buenos Aires","Buenos Aires",Argentina,100001040110580,"Aniita Canta",https://www.facebook.com/Aniita.Canta,1
Amelí,Accesorios,ameli.accesorios@facebook.com,"01 de Marzo",https://www.facebook.com/ameli.accesorios,29,,"Ciudad Autónoma de Buenos Aires","Buenos Aires",Argentina,100001494030759,"Aline Vilches",,1
Nicky,Olazar,nicky.olazar@facebook.com,"01 de Marzo",https://www.facebook.com/nicky.olazar,,,"Ciudad Autónoma de Buenos Aires","Buenos Aires",Argentina,100001793624395,"Celeste Heli",https://www.facebook.com/celeste.heli,1
Botas,Hunter,botas.hunter.1@facebook.com,"01 de Marzo",https://www.facebook.com/botas.hunter.1,29,,"Ciudad Autónoma de Buenos Aires","Buenos Aires",Argentina,100001566310211,"Aline Vilches",,1
Santi,Moreno,untal.dvc@facebook.com,"01 de Marzo",https://www.facebook.com/untal.dvc,,,"Ciudad Autónoma de Buenos Aires","Buenos Aires",Argentina,100000113966788,"Yasu Higa",,1
Camila,Premet,premeta@facebook.com,"01 de Marzo",https://www.facebook.com/Premeta,,,"Ciudad Autónoma de Buenos Aires","Buenos Aires",Argentina,541846543,"Alejandro G Sierra",https://www.facebook.com/alejandrogsierra,1
Ménage,Indumentaria,menage.indumentaria@facebook.com,"01 de Marzo",https://www.facebook.com/menage.indumentaria,24,,"Ciudad Autónoma de Buenos Aires","Buenos Aires",Argentina,100000917933890,"Laly Sereda",https://www.facebook.com/lalisereda,1
Lara,Tenenbaum,lara.tenen@facebook.com,"01 de Marzo",https://www.facebook.com/lara.tenen,,,"Ciudad Autónoma de Buenos Aires","Buenos Aires",Argentina,1484241616,"Ana Glinberg",https://www.facebook.com/ana.glinberg,1
Carli,Rempel,carli.rempel@facebook.com,"01 de Marzo",https://www.facebook.com/carli.rempel,,,"Ciudad Autónoma de Buenos Aires","Buenos Aires",Argentina,576151486,"Agustina Del Rosario Anzisi",https://www.facebook.com/AgustinadelRosario,1
Debby,Groove,debby.groove@facebook.com,"01 de Marzo",https://www.facebook.com/debby.groove,,,"Ciudad Autónoma de Buenos Aires","Buenos Aires",Argentina,100000941876276,"Alejandro Cocktila Acosta",https://www.facebook.com/alejandro.acosta,1
Submundo,Estudios,submundoestudios@facebook.com,"01 de Marzo",https://www.facebook.com/submundoestudios,,,"Ciudad Autónoma de Buenos Aires","Buenos Aires",Argentina,1550598500,"Miqui Berriòs",https://www.facebook.com/miqui.berrios,1
Adriana,Arias,adriana.arias.9465177@facebook.com,"01 de Marzo",https://www.facebook.com/adriana.arias.9465177,,,"Ciudad Autónoma de Buenos Aires","Buenos Aires",Argentina,1325570482,"Alejandro G Sierra",https://www.facebook.com/alejandrogsierra,1
Fermar,MartayFernando,fermar.martayfernando@facebook.com,"01 de Marzo",https://www.facebook.com/fermar.martayfernando,24,,"Ciudad Autónoma de Buenos Aires","Buenos Aires",Argentina,100001562936214,"Soledad Antunez",,1
Johana,Russo,johana.russo.9@facebook.com,"01 de Marzo",https://www.facebook.com/johana.russo.9,22,"Buenos Aires","Buenos Aires","Buenos Aires",Argentina,717571320,"Alan Yun",0,1
Enrique,Flores,enriqueflores620@facebook.com,"01 de Marzo",https://www.facebook.com/enriqueflores620,,,"Ciudad Autónoma de Buenos Aires","Buenos Aires",Argentina,1374298211,"Martín Álvarez BA I",https://www.facebook.com/Woody.Blair,1
Denise,Bugallo,denn.desu@facebook.com,"01 de Marzo",https://www.facebook.com/denn.desu,,"Buenos Aires","Buenos Aires","Buenos Aires",Argentina,719109879,"Alan Yun",0,1
Giime,Elena,gimena.elena.1@facebook.com,"01 de Marzo",https://www.facebook.com/gimena.elena.1,23,,"Ciudad Autónoma de Buenos Aires","Buenos Aires",Argentina,100004705783450,"M Agustina Ciarla Quintana",https://www.facebook.com/magustina.quintana,1
Juan,Lee,juan.lee.5203@facebook.com,"01 de Marzo",https://www.facebook.com/juan.lee.5203,27,"Buenos Aires","Buenos Aires","Buenos Aires",Argentina,1141254292,"Alan Yun",0,1
FansRata,Blanca,fanratablanca@facebook.com,"01 de Marzo",https://www.facebook.com/fanratablanca,23,,"Ciudad Autónoma de Buenos Aires","Buenos Aires",Argentina,100005134685759,"M Agustina Ciarla Quintana",https://www.facebook.com/magustina.quintana,1
Fabian,Lee,fabian.lee.121@facebook.com,"01 de Marzo",https://www.facebook.com/fabian.lee.121,30,"Buenos Aires","Buenos Aires","Buenos Aires",Argentina,723016336,"Alan Yun",0,1
Juli,Micucci,julieta.micucci@facebook.com,"01 de Marzo",https://www.facebook.com/julieta.micucci,,,"Ciudad Autónoma de Buenos Aires","Buenos Aires",Argentina,635790703,"Alexia Garcia",https://www.facebook.com/garciaalexiia,1
"Ona Saez",Lanus,onasaez.lanus@facebook.com,"01 de Marzo",https://www.facebook.com/onasaez.lanus,24,,"Ciudad Autónoma de Buenos Aires","Buenos Aires",Argentina,100003013515848,"Martín Álvarez BA I",https://www.facebook.com/Woody.Blair,1
Diegote,Cordero,diego.cordero.3110@facebook.com,"01 de Marzo",https://www.facebook.com/diego.cordero.3110,,,"Ciudad Autónoma de Buenos Aires","Buenos Aires",Argentina,100002443278953,"Cristian Fernandez Villamor",https://www.facebook.com/cristian.fernandezvillamo,1
Esteban,Delettieres,esteban.delettieres@facebook.com,"01 de Marzo",https://www.facebook.com/esteban.delettieres,,,"Ciudad Autónoma de Buenos Aires","Buenos Aires",Argentina,620040996,"Alejandro Novoa",,1
"Los Recuerdos",Restaurante,losrecuerdos.restaurante@facebook.com,"02 de Marzo",https://www.facebook.com/losrecuerdos.restaurante,24,,"Ciudad Autónoma de Buenos Aires","Buenos Aires",Argentina,100000547803397,"Noelia Juskiewicz",https://www.facebook.com/noelia.juskiewicz,1
Gonzalo,Ibañez,gonzalo.ibanez.104@facebook.com,"02 de Marzo",https://www.facebook.com/gonzalo.ibanez.104,27,,"Ciudad Autónoma de Buenos Aires","Buenos Aires",Argentina,1451431524,"Analia Utlo",https://www.facebook.com/ANY10,1
Nicolas,Cena,nicolas.cena.3@facebook.com,"02 de Marzo",https://www.facebook.com/nicolas.cena.3,,,"Ciudad Autónoma de Buenos Aires","Buenos Aires",Argentina,1632822338,"Julio Roberto Cuevas",https://www.facebook.com/julioroberto.cuevas,1
Ro,Cespedes,ro.cespedes.1@facebook.com,"02 de Marzo",https://www.facebook.com/ro.cespedes.1,29,,"Ciudad Autónoma de Buenos Aires","Buenos Aires",Argentina,1037388324,"Valeria Ayala",,1
Pamelita,Piciann,pamelita.piciann@facebook.com,"02 de Marzo",https://www.facebook.com/pamelita.piciann,23,,"Ciudad Autónoma de Buenos Aires","Buenos Aires",Argentina,100001043696679,"Gustavo Pietrafesa",,1
"Nora Andrea","Martínez Tesi",noraandrea.martineztesi@facebook.com,"02 de Marzo",https://www.facebook.com/noraandrea.martineztesi,,,"Ciudad Autónoma de Buenos Aires","Buenos Aires",Argentina,1152454137,"Divino Vestuario Salve",https://www.facebook.com/salvedivinovestuario,1
Federico,Sanchez,federico332@facebook.com,"02 de Marzo",https://www.facebook.com/federico332,22,,"Ciudad Autónoma de Buenos Aires","Buenos Aires",Argentina,1313945143,"Emiliano Pirolo",https://www.facebook.com/emi.pirolo,1
Erik,Bernardi,erik.bernardi.7@facebook.com,"02 de Marzo",https://www.facebook.com/erik.bernardi.7,27,,"Ciudad Autónoma de Buenos Aires","Buenos Aires",Argentina,100000491455881,"Nano Vaquer",,1
Pablo,Rojas,pablo.casla03@facebook.com,"02 de Marzo",https://www.facebook.com/Pablo.casla03,,"Villa Crespo","Ciudad Autónoma de Buenos Aires","Distrito Federal",Argentina,1132273822,"Alejandro Cocktila Acosta",https://www.facebook.com/alejandro.acosta,1
Franco,Vivian,franco.vivian.1@facebook.com,"02 de Marzo",https://www.facebook.com/franco.vivian.1,,,"Ciudad Autónoma de Buenos Aires","Buenos Aires",Argentina,639422127,"Sebastian Daniel Riccardi",https://www.facebook.com/sebastian.riccardi,1
Florencia,Lavalle,florencia.lavalle.3@facebook.com,"02 de Marzo",https://www.facebook.com/florencia.lavalle.3,21,,"Ciudad Autónoma de Buenos Aires","Buenos Aires",Argentina,100001262797041,"Maria Belén",,1
Vale,Maraviglia,vale.maraviglia@facebook.com,"02 de Marzo",https://www.facebook.com/vale.maraviglia,27,"Buenos Aires","Buenos Aires","Buenos Aires",Argentina,100001332833909,"Alejandro Dixon",0,1
Nicolas,Fernandez,nicolas.fernandez.50@facebook.com,"02 de Marzo",https://www.facebook.com/nicolas.fernandez.50,24,,"Ciudad Autónoma de Buenos Aires","Buenos Aires",Argentina,100001694444113,"Sofia Cantero",,1
Juanchy,Albarracin,juanjo.albarracin1@facebook.com,"02 de Marzo",https://www.facebook.com/juanjo.albarracin1,,,"Ciudad Autónoma de Buenos Aires","Buenos Aires",Argentina,100000672849694,"Celeste Heli",https://www.facebook.com/celeste.heli,1
Sebastian,"Lopez Isnardi",sebastian.lopezisnardi@facebook.com,"02 de Marzo",https://www.facebook.com/sebastian.lopezisnardi,,,"Ciudad Autónoma de Buenos Aires","Buenos Aires",Argentina,693091081,"Agus Garibaldi",https://www.facebook.com/agus.garibaldi,1
Vale,"Baron K",vale.baronk@facebook.com,"02 de Marzo",https://www.facebook.com/vale.baronk,,,"Ciudad Autónoma de Buenos Aires","Buenos Aires",Argentina,1388696288,"Ana Costas",,1
Cata,Nicolas,catalina.nicolas.3@facebook.com,"02 de Marzo",https://www.facebook.com/catalina.nicolas.3,,,"Ciudad Autónoma de Buenos Aires","Buenos Aires",Argentina,100001681386073,"Nicolás García",https://www.facebook.com/Niccccccccco,1
Adriàn,Saracho,adrian.saracho@facebook.com,"02 de Marzo",https://www.facebook.com/adrian.saracho,27,,"Ciudad Autónoma de Buenos Aires","Buenos Aires",Argentina,1260728781,"Annie Silva",https://www.facebook.com/AnnieGaleano,1
"O Careca",Diego,dh.mo.58@facebook.com,"02 de Marzo",https://www.facebook.com/dh.mo.58,,,"Ciudad Autónoma de Buenos Aires","Buenos Aires",Argentina,100005881110444,"Flor Cantero",,1
Fran,Mac,fma.kine.1@facebook.com,"02 de Marzo",https://www.facebook.com/fma.kine.1,,,"Ciudad Autónoma de Buenos Aires","Buenos Aires",Argentina,100006022650828,"Flor Cantero",,1
Dolores,Grimaldi,dolores.grimaldi.3@facebook.com,"02 de Marzo",https://www.facebook.com/dolores.grimaldi.3,,,"Ciudad Autónoma de Buenos Aires","Buenos Aires",Argentina,1212733380,"Javier Potenza",,1
"San Xavier Dosmilonce",Dosmilonce,sanxavierdosmilonce.dosmilonce@facebook.com,"02 de Marzo",https://www.facebook.com/sanxavierdosmilonce.dosmilonce,,,"Ciudad Autónoma de Buenos Aires","Buenos Aires",Argentina,100000946030795,"Rochi Christensen",https://www.facebook.com/rochi.christensen,1
Jazmin,Granada,kiryuuin@facebook.com,"02 de Marzo",https://www.facebook.com/kiryuuin,,"Buenos Aires","Buenos Aires","Buenos Aires",Argentina,1566309023,"Alan Yun",0,1
Vicky,Cambiaso,vicky.cambiaso@facebook.com,"02 de Marzo",https://www.facebook.com/vicky.cambiaso,,,"Ciudad Autónoma de Buenos Aires","Buenos Aires",Argentina,581985660,"Aline Vilches",,1
Carolina,Murray,caro.murray2@facebook.com,"02 de Marzo",https://www.facebook.com/caro.murray2,,,"Ciudad Autónoma de Buenos Aires","Buenos Aires",Argentina,1435453234,"Alexis Moyano",,1
Mariano,"Oliva Puebla",imarian1986@facebook.com,"02 de Marzo",https://www.facebook.com/imarian1986,,,"Ciudad Autónoma de Buenos Aires","Buenos Aires",Argentina,100006496206094,"Carla Ferro",https://www.facebook.com/carla.ferro,1
Paula,Lubnicki,paula.lubnicki@facebook.com,"02 de Marzo",https://www.facebook.com/paula.lubnicki,24,"Buenos Aires","Buenos Aires","Buenos Aires",Argentina,1089504497,"Alan Yun",0,1
Lautaro,Ojeda,lalo.ojeda.5@facebook.com,"02 de Marzo",https://www.facebook.com/lalo.ojeda.5,,,"Ciudad Autónoma de Buenos Aires","Buenos Aires",Argentina,100003210024578,"Romina Toller",,1
Milena,Beltram,milena.beltram.3@facebook.com,"02 de Marzo",https://www.facebook.com/milena.beltram.3,,,"Ciudad Autónoma de Buenos Aires","Buenos Aires",Argentina,100000531282372,"Calu Clau",https://www.facebook.com/AYLEN00,1
Jesica,Tortosa,jesica.tortosa@facebook.com,"02 de Marzo",https://www.facebook.com/jesica.tortosa,,,"Ciudad Autónoma de Buenos Aires","Buenos Aires",Argentina,100001277763793,"Christian Vadalá",https://www.facebook.com/christian.vadala,1
Carolina,Hyun,carolina.hyun.9@facebook.com,"02 de Marzo",https://www.facebook.com/carolina.hyun.9,30,"Buenos Aires","Buenos Aires","Buenos Aires",Argentina,554262774,"Alan Yun",0,1
Bobby,Honest,roberto.franco.9279@facebook.com,"02 de Marzo",https://www.facebook.com/roberto.franco.9279,,,"Ciudad Autónoma de Buenos Aires","Buenos Aires",Argentina,825704143,"Agos Costas",https://www.facebook.com/agoscostas,1
Naty,Marlene,naty.marlene@facebook.com,"02 de Marzo",https://www.facebook.com/naty.marlene,28,,"Ciudad Autónoma de Buenos Aires","Buenos Aires",Argentina,100006242612483,"Yasu Higa",,1
Michael,Feng,michael.feng.79@facebook.com,"02 de Marzo",https://www.facebook.com/michael.feng.79,24,"Buenos Aires","Buenos Aires","Buenos Aires",Argentina,100003692522627,"Alan Yun",0,1
"Rober Bope",Vera,roberbope.vera@facebook.com,"02 de Marzo",https://www.facebook.com/roberbope.vera,30,,"Ciudad Autónoma de Buenos Aires","Buenos Aires",Argentina,1310596728,"Natalia Tarelli",,1
Roo,Gallardo,ponycorniosrlz@facebook.com,"02 de Marzo",https://www.facebook.com/ponycorniosrlz,,,"Ciudad Autónoma de Buenos Aires","Buenos Aires",Argentina,100003402603705,"Cristian Andres Romano",,1
Maria,Bobillo,mariadbobillo@facebook.com,"02 de Marzo",https://www.facebook.com/mariadbobillo,,,"Ciudad Autónoma de Buenos Aires","Buenos Aires",Argentina,1323185052,"Victoria Casado",,1
Cyntux,SuperFancy,cyntuxkolor@facebook.com,"02 de Marzo",https://www.facebook.com/CyntuxKolor,,,"Ciudad Autónoma de Buenos Aires","Buenos Aires",Argentina,1175653424,"Ailin Majeras",https://www.facebook.com/ailin.majeras,1
Dina,Migliore,dina.migliore@facebook.com,"02 de Marzo",https://www.facebook.com/dina.migliore,22,,"Ciudad Autónoma de Buenos Aires","Buenos Aires",Argentina,1584033342,"Ailin Majeras",https://www.facebook.com/ailin.majeras,1
Fiamma,Restuccia,fiammaaaa@facebook.com,"02 de Marzo",https://www.facebook.com/Fiammaaaa,,,"Ciudad Autónoma de Buenos Aires","Buenos Aires",Argentina,1119218090,"Alee Jandro",https://www.facebook.com/alejandropassadore,1
Julieta,Zabalza,julieta.zabalza@facebook.com,"02 de Marzo",https://www.facebook.com/julieta.zabalza,,,"Ciudad Autónoma de Buenos Aires","Buenos Aires",Argentina,587871795,"Aldana Queirolo",https://www.facebook.com/aldana.queirolo,1
Franco,Bonavena,francobonavena@facebook.com,"02 de Marzo",https://www.facebook.com/francobonavena,,,"Ciudad Autónoma de Buenos Aires","Buenos Aires",Argentina,1547652801,"Aylu Macchi",,1
Nato,Romero,nato.romeromaggi@facebook.com,"02 de Marzo",https://www.facebook.com/nato.romeromaggi,,,"Ciudad Autónoma de Buenos Aires","Buenos Aires",Argentina,1013747606,"Chanchi Martinez",https://www.facebook.com/chanchi.martinez,1
GlamNight,BuenosAires,glamnight.buenosaires@facebook.com,"02 de Marzo",https://www.facebook.com/glamnight.buenosaires,29,"Puerto Madero","Ciudad Autónoma de Buenos Aires","Buenos Aires",Argentina,100006247235898,"Cristian Fernandez Villamor",https://www.facebook.com/cristian.fernandezvillamo,1
Nicolas,Guaia,nicolas.guaia@facebook.com,"02 de Marzo",https://www.facebook.com/nicolas.guaia,29,,"Ciudad Autónoma de Buenos Aires","Buenos Aires",Argentina,335600551,"Aline Vilches",,1
Luucia,Quemerita,luucia.qemerita@facebook.com,"02 de Marzo",https://www.facebook.com/luucia.qemerita,26,,"Ciudad Autónoma de Buenos Aires","Buenos Aires",Argentina,100003504483317,"Juanma Ramirez",,1
Rocio,Diaz,rocko.denogues@facebook.com,"02 de Marzo",https://www.facebook.com/rocko.denogues,,Olivos,Olivos,"Buenos Aires",Argentina,100001062739750,"Miguel Farroni",https://www.facebook.com/miguel.farroni,1
Ña,Bela,na.bela.7@facebook.com,"02 de Marzo",https://www.facebook.com/na.bela.7,29,,"Ciudad Autónoma de Buenos Aires","Buenos Aires",Argentina,100000111995255,"Juan Antonio Papagni Meca",https://www.facebook.com/juanantoniopapagnimeca,1
Lucia,Pinillos,pinillos.lu@facebook.com,"02 de Marzo",https://www.facebook.com/pinillos.lu,,,"Ciudad Autónoma de Buenos Aires","Buenos Aires",Argentina,596656976,"Agustina Del Rosario Anzisi",https://www.facebook.com/AgustinadelRosario,1
Claudia,Nadal,claudia.nadal.7@facebook.com,"02 de Marzo",https://www.facebook.com/claudia.nadal.7,25,,"Ciudad Autónoma de Buenos Aires","Buenos Aires",Argentina,1294086141,"Agustin Justin",https://www.facebook.com/Agustin.Justin,1
Arii,Acosta,ariadnadanielaacosta@facebook.com,"02 de Marzo",https://www.facebook.com/AriadnaDanielaAcosta,,,"Ciudad Autónoma de Buenos Aires","Buenos Aires",Argentina,1074321093,"Javier Potenza",,1
Arlene,Leiman,arlene.leiman@facebook.com,"02 de Marzo",https://www.facebook.com/arlene.leiman,29,,"Ciudad Autónoma de Buenos Aires","Buenos Aires",Argentina,503591104,"Aline Vilches",,1
Matias,Sani,matias.sani@facebook.com,"02 de Marzo",https://www.facebook.com/matias.sani,30,,"Ciudad Autónoma de Buenos Aires","Buenos Aires",Argentina,100001993913649,"Cecilia Morinigo",,1
Soru,Mariposa,solci85@facebook.com,"02 de Marzo",https://www.facebook.com/solci85,29,,"Ciudad Autónoma de Buenos Aires","Buenos Aires",Argentina,1116153345,"Ale Arias Mandarine Park",,1
Screp,Struw,marcia.olmedo.representante.comercial@facebook.com,"02 de Marzo",https://www.facebook.com/marcia.olmedo.representante.comercial,30,,"Ciudad Autónoma de Buenos Aires","Buenos Aires",Argentina,100002059855194,"Cecilia Morinigo",,1
Rocktails,Web,rocktails.ar.9@facebook.com,"02 de Marzo",https://www.facebook.com/rocktails.ar.9,27,,"Ciudad Autónoma de Buenos Aires","Buenos Aires",Argentina,100006765180065,"Daniel Arbol",https://www.facebook.com/darbol1,1
Jess,Valdez,jess.valdez.96@facebook.com,"02 de Marzo",https://www.facebook.com/jess.valdez.96,25,"Buenos Aires","Buenos Aires","Buenos Aires",Argentina,1306134482,"Alan Yun",0,1
Eliana,Fernandez,elisuelta@facebook.com,"02 de Marzo",https://www.facebook.com/elisuelta,22,,"Ciudad Autónoma de Buenos Aires","Buenos Aires",Argentina,572166544,"Nahu Millicay Pereyra",https://www.facebook.com/nahumilli,1
Nicolas,Ares,isniqo@facebook.com,"02 de Marzo",https://www.facebook.com/isniqo,,"Villa Del Parque","Ciudad Autónoma de Buenos Aires","Buenos Aires",Argentina,1346628550,"Fran L. Ocampo",https://www.facebook.com/franco,1
India,Urtubey,india.urtubey@facebook.com,"02 de Marzo",https://www.facebook.com/india.urtubey,23,,"Ciudad Autónoma de Buenos Aires","Buenos Aires",Argentina,1222723207,"Jessica Bellomo",https://www.facebook.com/JessBellomo,1
Euge,Russo,euge.russo.1@facebook.com,"02 de Marzo",https://www.facebook.com/euge.russo.1,,,"Ciudad Autónoma de Buenos Aires","Buenos Aires",Argentina,1577934853,"Vicky Diaz",,1
Nahuel,Videla,nahuelvidelatrance@facebook.com,"02 de Marzo",https://www.facebook.com/nahuelvidelatrance,25,,"Ciudad Autónoma de Buenos Aires","Buenos Aires",Argentina,1767805694,"Gimena Yamila Yerden Giaquinto",https://www.facebook.com/Gimetrance,1
Matias,Pittaluga,m.pita91@facebook.com,"02 de Marzo",https://www.facebook.com/m.pita91,23,"Buenos Aires","Buenos Aires","Buenos Aires",Argentina,1034238881,"Alan Yun",0,1
"Juan Ignacio","De Cicco",juanignacio.decicco@facebook.com,"03 de Marzo",https://www.facebook.com/juanignacio.decicco,28,,"Ciudad Autónoma de Buenos Aires","Buenos Aires",Argentina,100002541007263,"Vanesa Macias",https://www.facebook.com/vanesa.macias1,1
Valentina,Cuneo,valentinacuneo@facebook.com,"03 de Marzo",https://www.facebook.com/valentinacuneo,30,,"Ciudad Autónoma de Buenos Aires","Buenos Aires",Argentina,1486461653,"Aldana Giudice",https://www.facebook.com/Soy.Pinky,1
Gaspar,Gentili,gaspar.gentili@facebook.com,"03 de Marzo",https://www.facebook.com/gaspar.gentili,,,"Ciudad Autónoma de Buenos Aires","Buenos Aires",Argentina,1072040451,"Analia Torio",https://www.facebook.com/analia.torio1,1
Ancla,Snapbacks,dasein.snapbacks@facebook.com,"03 de Marzo",https://www.facebook.com/dasein.snapbacks,24,,"Ciudad Autónoma de Buenos Aires","Buenos Aires",Argentina,100007889173682,"Alan Volper",https://www.facebook.com/alan.volper,1
Mauro,Ferino,mauro.ferino@facebook.com,"03 de Marzo",https://www.facebook.com/mauro.ferino,29,,"Ciudad Autónoma de Buenos Aires","Buenos Aires",Argentina,1313966895,"Maia Ledo",https://www.facebook.com/maia.ledo,1
Emilse,Delfino,emilse.delfino@facebook.com,"03 de Marzo",https://www.facebook.com/emilse.delfino,26,,"Ciudad Autónoma de Buenos Aires","Buenos Aires",Argentina,1068637309,"Agos Ledo",https://www.facebook.com/agos.ledo,1
Cato,Barretto,cato03@facebook.com,"03 de Marzo",https://www.facebook.com/Cato03,,,"Ciudad Autónoma de Buenos Aires","Buenos Aires",Argentina,1365336404,"Ana María Mesones",https://www.facebook.com/ana.mesones,1
Francisco,Uriarte,furiarte2@facebook.com,"03 de Marzo",https://www.facebook.com/furiarte2,27,,"Ciudad Autónoma de Buenos Aires","Buenos Aires",Argentina,100000469487099,"Nataly Cuerva",https://www.facebook.com/nataliagtrujillo,1
Ivana,Buscaglia,ivibus@facebook.com,"03 de Marzo",https://www.facebook.com/Ivibus,,,"Ciudad Autónoma de Buenos Aires","Buenos Aires",Argentina,1461473168,"Charly Ruez",https://www.facebook.com/charly.ruez,1
Mati,EI,mati.h.shaila@facebook.com,"03 de Marzo",https://www.facebook.com/Mati.H.Shaila,23,,"Ciudad Autónoma de Buenos Aires","Buenos Aires",Argentina,709360022,"Fabio Ezequiel Farruggio",https://www.facebook.com/ffachurro,1
Bru,No,bru.no.77985741@facebook.com,"03 de Marzo",https://www.facebook.com/bru.no.77985741,,,"Ciudad Autónoma de Buenos Aires","Buenos Aires",Argentina,790225533,"Aldana Queirolo",https://www.facebook.com/aldana.queirolo,1
Julian,"Garcia Isaia",julian.garciaisaia@facebook.com,"03 de Marzo",https://www.facebook.com/julian.garciaisaia,21,,"Ciudad Autónoma de Buenos Aires","Buenos Aires",Argentina,684577667,"Julieta Belen",,1
Silvana,Aner,silvana.aner@facebook.com,"03 de Marzo",https://www.facebook.com/silvana.aner,,,"Ciudad Autónoma de Buenos Aires","Buenos Aires",Argentina,1315554373,"Juan Manuel Fotografo",https://www.facebook.com/JuanmaJMFotoEstudio,1
Emiliano,Leonel,emiliano.leonel@facebook.com,"03 de Marzo",https://www.facebook.com/emiliano.leonel,,Congreso,"Ciudad Autónoma de Buenos Aires","Distrito Federal",Argentina,555234818,"Alexia Garcia",https://www.facebook.com/garciaalexiia,1
Mayten,Delgadino,mayten.delgadino@facebook.com,"03 de Marzo",https://www.facebook.com/mayten.delgadino,27,,"Ciudad Autónoma de Buenos Aires","Buenos Aires",Argentina,1496190926,"Brian Cano",,1
Sofy,Go,sofy3382@facebook.com,"03 de Marzo",https://www.facebook.com/sofy3382,,"Buenos Aires","Buenos Aires","Buenos Aires",Argentina,1072871072,"Alan Yun",0,1
Elias,Saul,elias.saul@facebook.com,"03 de Marzo",https://www.facebook.com/elias.saul,22,,"Ciudad Autónoma de Buenos Aires","Buenos Aires",Argentina,1169905314,"Ale Ponzo",https://www.facebook.com/alee.ponzo,1
Jorge,Paucar,jorge.paucar.9@facebook.com,"03 de Marzo",https://www.facebook.com/jorge.paucar.9,,,"Ciudad Autónoma de Buenos Aires","Buenos Aires",Argentina,1685201899,"Brian Cano",,1
Maria,Ines,maria.ines.142@facebook.com,"03 de Marzo",https://www.facebook.com/maria.ines.142,,,"Ciudad Autónoma de Buenos Aires","Buenos Aires",Argentina,1599276770,"Dani Escala",https://www.facebook.com/danielaescala,1
Jochu,Zalazar,mariel.zalazar.90@facebook.com,"03 de Marzo",https://www.facebook.com/mariel.zalazar.90,,,"Ciudad Autónoma de Buenos Aires","Buenos Aires",Argentina,100003236173873,"Felipe Vidal",https://www.facebook.com/Feelipe.vp,1
Miirii,Wade,badandvicious@facebook.com,"03 de Marzo",https://www.facebook.com/BadandVicious,21,,"Ciudad Autónoma de Buenos Aires","Buenos Aires",Argentina,1843724432,"Jonathan Leonel",,1
Tomás,Caballero,tmcaballero@facebook.com,"03 de Marzo",https://www.facebook.com/tmcaballero,,,"Ciudad Autónoma de Buenos Aires","Buenos Aires",Argentina,788750710,"Agustina Del Rosario Anzisi",https://www.facebook.com/AgustinadelRosario,1
Pao,Dellagiovanna,pao.dellagiovanna@facebook.com,"03 de Marzo",https://www.facebook.com/pao.dellagiovanna,29,,"Ciudad Autónoma de Buenos Aires","Buenos Aires",Argentina,100000369446985,"Julio Roberto Cuevas",https://www.facebook.com/julioroberto.cuevas,1
Matias,Tangorra,matias.tangorra@facebook.com,"03 de Marzo",https://www.facebook.com/matias.tangorra,22,,"Ciudad Autónoma de Buenos Aires","Buenos Aires",Argentina,1189730845,"Agos D'Urbano",https://www.facebook.com/agostinnad,1
Facundo,Arce,facuarce07@facebook.com,"03 de Marzo",https://www.facebook.com/facuarce07,,,"Ciudad Autónoma de Buenos Aires","Buenos Aires",Argentina,1196556560,"Albana Ramognini",https://www.facebook.com/albana.ramognini,1
David,Chang,changgs@facebook.com,"03 de Marzo",https://www.facebook.com/CHANGGS,22,"Buenos Aires","Buenos Aires","Buenos Aires",Argentina,557910232,"Alan Yun",0,1
Cata,Schiliro,cata.schiliro@facebook.com,"03 de Marzo",https://www.facebook.com/cata.schiliro,,,"Ciudad Autónoma de Buenos Aires","Buenos Aires",Argentina,1538280419,"Alan Volper",https://www.facebook.com/alan.volper,1
Clari,Ceriani,clari.ceriani@facebook.com,"03 de Marzo",https://www.facebook.com/clari.ceriani,,,"Ciudad Autónoma de Buenos Aires","Buenos Aires",Argentina,1088794404,"Agustina Ortega",https://www.facebook.com/agustina.ortega3,1
Flor,Cattaneo,flor.cattaneo.58@facebook.com,"03 de Marzo",https://www.facebook.com/flor.cattaneo.58,26,,"Ciudad Autónoma de Buenos Aires","Buenos Aires",Argentina,100002052086952,"Charly Ruez",https://www.facebook.com/charly.ruez,1
Richyy,Cardozo,richyy.cardozo@facebook.com,"03 de Marzo",https://www.facebook.com/richyy.cardozo,22,,"Ciudad Autónoma de Buenos Aires","Buenos Aires",Argentina,100004085093988,"Emilce Castro",,1
Pili,Molina,molinapilar@facebook.com,"03 de Marzo",https://www.facebook.com/molinapilar,,,"Ciudad Autónoma de Buenos Aires","Buenos Aires",Argentina,1254046165,"Agus Rodriguez",,1
Juana,Rep,juana.repetti@facebook.com,"03 de Marzo",https://www.facebook.com/juana.repetti,24,,"Ciudad Autónoma de Buenos Aires","Buenos Aires",Argentina,504389100,"Agus Leoni",https://www.facebook.com/agustina.leoni,1
Delfi,Cousido,delfi.cousido@facebook.com,"03 de Marzo",https://www.facebook.com/delfi.cousido,,,"Ciudad Autónoma de Buenos Aires","Buenos Aires",Argentina,1007540810,"Juan Cruz Albornoz",,1
Meel,Plate,meel.plate@facebook.com,"03 de Marzo",https://www.facebook.com/meel.plate,,,"Ciudad Autónoma de Buenos Aires","Buenos Aires",Argentina,1769033562,"Franco Palermo",,1
Nuñez,Nuñez,bastadelobby@facebook.com,"03 de Marzo",https://www.facebook.com/Bastadelobby,,,"Ciudad Autónoma de Buenos Aires","Buenos Aires",Argentina,1472812024,"Franco Marcoccia",https://www.facebook.com/franco.marcoccia,1
Lucía,Avalos,avaaaaaalos@facebook.com,"03 de Marzo",https://www.facebook.com/avaaaaaalos,,Recoleta,"Ciudad Autónoma de Buenos Aires","Buenos Aires",Argentina,1116651066,"Agustina Ortega",https://www.facebook.com/agustina.ortega3,1
Maximiliano,Pinto,maximiliano.pinto.129@facebook.com,"03 de Marzo",https://www.facebook.com/maximiliano.pinto.129,,Boedo,"Ciudad Autónoma de Buenos Aires","Distrito Federal",Argentina,1116604954,"Álvarez Pablo",,1
Guille,"Romeo Estévez",guille.romeo.estevez@facebook.com,"03 de Marzo",https://www.facebook.com/guille.Romeo.Estevez,27,,"Ciudad Autónoma de Buenos Aires","Buenos Aires",Argentina,570710082,"Agustina Saenz",,1
Juan,Azcuy,jmazcuy@facebook.com,"03 de Marzo",https://www.facebook.com/jmazcuy,21,,"Ciudad Autónoma de Buenos Aires","Buenos Aires",Argentina,1396992500,"Agustina Del Rosario Anzisi",https://www.facebook.com/AgustinadelRosario,1
Walter,Busse,walter.busse@facebook.com,"03 de Marzo",https://www.facebook.com/walter.busse,27,,"Ciudad Autónoma de Buenos Aires","Buenos Aires",Argentina,100000680049826,"Natalia Oviedo",,1
"Loca Como","Tu Madre",locacomo.tumadre.988@facebook.com,"03 de Marzo",https://www.facebook.com/locacomo.tumadre.988,23,,"Ciudad Autónoma de Buenos Aires","Buenos Aires",Argentina,100003812568376,"Agustina Pelle Müller",,1
Daiana,Olmos,daio.bocajuniors@facebook.com,"03 de Marzo",https://www.facebook.com/daio.bocajuniors,,,"Ciudad Autónoma de Buenos Aires","Buenos Aires",Argentina,1009362269,"Bian Tedesco",https://www.facebook.com/biaantedesco,1
Marcela,Fernandez,marcela.fernandez.5059601@facebook.com,"03 de Marzo",https://www.facebook.com/marcela.fernandez.5059601,29,,"Ciudad Autónoma de Buenos Aires","Buenos Aires",Argentina,100000163674295,"Gimena Yamila Yerden Giaquinto",https://www.facebook.com/Gimetrance,1
Artistas,Arg,arg54artistas@facebook.com,"03 de Marzo",https://www.facebook.com/Arg54Artistas,,,"Ciudad Autónoma de Buenos Aires","Buenos Aires",Argentina,100007965139366,"Martín Álvarez BA I",https://www.facebook.com/Woody.Blair,1
Tomas,Trusso,tomas.trusso@facebook.com,"03 de Marzo",https://www.facebook.com/tomas.trusso,,,"Ciudad Autónoma de Buenos Aires","Buenos Aires",Argentina,693549517,"Rochi Christensen",https://www.facebook.com/rochi.christensen,1
Tobias,Leguizamon,tobias.leguizamon.10@facebook.com,"03 de Marzo",https://www.facebook.com/tobias.leguizamon.10,25,,"Ciudad Autónoma de Buenos Aires","Buenos Aires",Argentina,1121576742,"Gabriela Rosito",https://www.facebook.com/gabriela.rosito,1
Victoria,Devito,boludasas@facebook.com,"03 de Marzo",https://www.facebook.com/boludasas,25,,"Ciudad Autónoma de Buenos Aires","Buenos Aires",Argentina,100001795076288,"Joaquin Barraco",https://www.facebook.com/chino.barraco,1
Dumbo,Lee,dumbo.lee.5@facebook.com,"03 de Marzo",https://www.facebook.com/dumbo.lee.5,27,"Buenos Aires","Buenos Aires","Buenos Aires",Argentina,574228142,"Alan Yun",0,1
"Tina Mile",Rrpp,tinamile.rrpp@facebook.com,"03 de Marzo",https://www.facebook.com/tinamile.rrpp,24,,"Ciudad Autónoma de Buenos Aires","Buenos Aires",Argentina,100001161328515,"Ago Benedettini",https://www.facebook.com/ago.benedettini,1
Disturbia,Carteras,disturbiacarteras@facebook.com,"03 de Marzo",https://www.facebook.com/disturbiacarteras,24,,"Ciudad Autónoma de Buenos Aires","Buenos Aires",Argentina,100001165186786,"Ago Benedettini",https://www.facebook.com/ago.benedettini,1
DongSon,Lee,dongson.lee@facebook.com,"03 de Marzo",https://www.facebook.com/dongson.lee,27,"Buenos Aires","Buenos Aires","Buenos Aires",Argentina,575267861,"Alan Yun",0,1
Ivan,Sanchez,ivan.sanchez.336333@facebook.com,"03 de Marzo",https://www.facebook.com/ivan.sanchez.336333,,,"Ciudad Autónoma de Buenos Aires","Buenos Aires",Argentina,1500069613,"Jobs Bar",https://www.facebook.com/jobsbar,1
Soledad,Alberdi,soledad.alberdi.7@facebook.com,"03 de Marzo",https://www.facebook.com/soledad.alberdi.7,25,"San Telmo","Ciudad Autónoma de Buenos Aires","Buenos Aires",Argentina,533093443,"Ago Benedettini",https://www.facebook.com/ago.benedettini,1
Alo,"De Marco",alo.demarco@facebook.com,"03 de Marzo",https://www.facebook.com/alo.demarco,28,,"Ciudad Autónoma de Buenos Aires","Buenos Aires",Argentina,1062638127,"Agustina Del Rosario Anzisi",https://www.facebook.com/AgustinadelRosario,1
Punto,Fantasía,punto.fantasia@facebook.com,"03 de Marzo",https://www.facebook.com/punto.fantasia,,,"Ciudad Autónoma de Buenos Aires","Buenos Aires",Argentina,100002231755734,"Valentino Fabre",https://www.facebook.com/valenfabre,1
Valee,Fernandez,valeria.rodriguez.338@facebook.com,"03 de Marzo",https://www.facebook.com/valeria.rodriguez.338,,"Buenos Aires","Buenos Aires","Buenos Aires",Argentina,100001037713438,"Alan Yun",0,1
Angel,Alvarenga,angel.alvarenga.94@facebook.com,"03 de Marzo",https://www.facebook.com/angel.alvarenga.94,29,,"Ciudad Autónoma de Buenos Aires","Buenos Aires",Argentina,100002636110611,"Lo Lola",,1
Salón,Real,salonreal@facebook.com,"03 de Marzo",https://www.facebook.com/salonreal,,,"Ciudad Autónoma de Buenos Aires","Buenos Aires",Argentina,100000147990181,"Miqui Berriòs",https://www.facebook.com/miqui.berrios,1
Fabi,Caceres,fabi.caceres.18@facebook.com,"03 de Marzo",https://www.facebook.com/fabi.caceres.18,27,,"Ciudad Autónoma de Buenos Aires","Buenos Aires",Argentina,100000584458744,"Ale Arias Mandarine Park",,1
Diego,Naccarelli,dyelorean@facebook.com,"03 de Marzo",https://www.facebook.com/dyelorean,30,,"Ciudad Autónoma de Buenos Aires","Buenos Aires",Argentina,1159582027,"Maria Garcia Neglia",https://www.facebook.com/maria.garcianeglia,1
David,Heffel,davidheffel26@facebook.com,"03 de Marzo",https://www.facebook.com/davidheffel26,28,,"Ciudad Autónoma de Buenos Aires","Buenos Aires",Argentina,100003466047100,"Jobs Bar",https://www.facebook.com/jobsbar,1
Charlie,Macaluso,cdm03@facebook.com,"03 de Marzo",https://www.facebook.com/CDM03,30,,"Ciudad Autónoma de Buenos Aires","Buenos Aires",Argentina,898425437,"Analia Torio",https://www.facebook.com/analia.torio1,1
Rochi,Seguil,rochi.seguil@facebook.com,"04 de Marzo",https://www.facebook.com/rochi.seguil,,,"Ciudad Autónoma de Buenos Aires","Buenos Aires",Argentina,100000979983361,"Anna Laura",https://www.facebook.com/Anna.Laucha,1
Marcelo,Rearte,marcelo.rearte.9@facebook.com,"04 de Marzo",https://www.facebook.com/marcelo.rearte.9,,,"Ciudad Autónoma de Buenos Aires","Buenos Aires",Argentina,1249203731,"Ana Costas",,1
Ranchito,Bailable,ranchito.bailable@facebook.com,"04 de Marzo",https://www.facebook.com/ranchito.bailable,,,"Ciudad Autónoma de Buenos Aires","Buenos Aires",Argentina,100003576743514,"Nicolas Alejandro Fleischer",https://www.facebook.com/nicolasalejandro.fleische,1
Maximiliano,Claverie,maximiliano.claverie@facebook.com,"04 de Marzo",https://www.facebook.com/maximiliano.claverie,22,,"Ciudad Autónoma de Buenos Aires","Buenos Aires",Argentina,100001650282178,"Ignacio Lines Ceruti",https://www.facebook.com/ignacio.lines,1
Dominique,Pestaña,dominiquealejandra.pestanaroviresas@facebook.com,"04 de Marzo",https://www.facebook.com/dominiquealejandra.pestanaroviresas,,,"Ciudad Autónoma de Buenos Aires","Buenos Aires",Argentina,100005885702727,"Emiliano Pirolo",https://www.facebook.com/emi.pirolo,1
Andrea,Song,andrea.song@facebook.com,"04 de Marzo",https://www.facebook.com/andrea.song,26,"Buenos Aires","Buenos Aires","Buenos Aires",Argentina,747150368,"Alan Yun",0,1
"A L Acero",Quirurgico,alacero.quirurgico@facebook.com,"04 de Marzo",https://www.facebook.com/alacero.quirurgico,27,,"Ciudad Autónoma de Buenos Aires","Buenos Aires",Argentina,100001362016647,"Juan Manuel Fotografo",https://www.facebook.com/JuanmaJMFotoEstudio,1
Juani,Conde,condejuani@facebook.com,"04 de Marzo",https://www.facebook.com/condejuani,22,,"Ciudad Autónoma de Buenos Aires","Buenos Aires",Argentina,710199124,"Agustina Del Rosario Anzisi",https://www.facebook.com/AgustinadelRosario,1
Cristian,Cayita,ccayita@facebook.com,"04 de Marzo",https://www.facebook.com/ccayita,23,,"Ciudad Autónoma de Buenos Aires","Buenos Aires",Argentina,100000287142320,"Victoria Roldán",https://www.facebook.com/marievickyroldan,1
Fede,Roca,federico.roca3@facebook.com,"04 de Marzo",https://www.facebook.com/federico.roca3,,,"Ciudad Autónoma de Buenos Aires","Buenos Aires",Argentina,1673517051,"Evelina Ferreira",,1
Mabe,Mabi,mabe.mabi@facebook.com,"04 de Marzo",https://www.facebook.com/mabe.mabi,,,"Ciudad Autónoma de Buenos Aires","Buenos Aires",Argentina,1528693989,"Aldana Queirolo",https://www.facebook.com/aldana.queirolo,1
Juliana,Nicole,juliana.nicole.31@facebook.com,"04 de Marzo",https://www.facebook.com/juliana.nicole.31,22,,"Ciudad Autónoma de Buenos Aires","Buenos Aires",Argentina,100007613887700,"Mariano Calvagna",https://www.facebook.com/mariano.calvagna,1
Martina,Manzano,maarbieber@facebook.com,"04 de Marzo",https://www.facebook.com/maarbieber,,,"Ciudad Autónoma de Buenos Aires","Buenos Aires",Argentina,1352889627,"Brian Cano",,1
Vicky,Paiz,vicky.paiz.56@facebook.com,"04 de Marzo",https://www.facebook.com/vicky.paiz.56,,,"Ciudad Autónoma de Buenos Aires","Buenos Aires",Argentina,1017229324,"Ana Laura Pizzorno",https://www.facebook.com/alpizzorno,1
Agrupación,"Celeste Pecci",agrupacion.celestepecci@facebook.com,"04 de Marzo",https://www.facebook.com/agrupacion.celestepecci,,,"Ciudad Autónoma de Buenos Aires","Buenos Aires",Argentina,100000065014426,"Martín Álvarez BA I",https://www.facebook.com/Woody.Blair,1
Megatlon,Instituto,megatlon.instituto@facebook.com,"04 de Marzo",https://www.facebook.com/megatlon.instituto,,,"Ciudad Autónoma de Buenos Aires","Buenos Aires",Argentina,100001509003742,"Matias Blas",https://www.facebook.com/Matias.Blas,1
Day,Cordoba,daianasoledad.cordoba@facebook.com,"04 de Marzo",https://www.facebook.com/daianasoledad.cordoba,23,,"Ciudad Autónoma de Buenos Aires","Buenos Aires",Argentina,100002126050811,"Martín Álvarez BA I",https://www.facebook.com/Woody.Blair,1
Vicu,Zabala,vicu.zabala@facebook.com,"04 de Marzo",https://www.facebook.com/vicu.zabala,22,,"Ciudad Autónoma de Buenos Aires","Buenos Aires",Argentina,714269397,"Alexia Garcia",https://www.facebook.com/garciaalexiia,1
AnaVale,"Mira Mac Entyre",anavale.miramacentyre@facebook.com,"04 de Marzo",https://www.facebook.com/anavale.miramacentyre,30,,"Ciudad Autónoma de Buenos Aires","Buenos Aires",Argentina,100000506994319,"Divino Vestuario Salve",https://www.facebook.com/salvedivinovestuario,1
Marina,"Montiel Robledo",marina.montielrobledo@facebook.com,"04 de Marzo",https://www.facebook.com/marina.montielrobledo,,,"Ciudad Autónoma de Buenos Aires","Buenos Aires",Argentina,100000205058707,"Facundo Bulacio",https://www.facebook.com/facundo.bulacio,1
Asesoria,Inmobiliaria,asesoria.inmobiliaria.54@facebook.com,"04 de Marzo",https://www.facebook.com/asesoria.inmobiliaria.54,,,"Ciudad Autónoma de Buenos Aires","Buenos Aires",Argentina,100001363322071,"Romina Dorza",https://www.facebook.com/rodorza,1
Carlos,Folmann,carlosfolmann@facebook.com,"04 de Marzo",https://www.facebook.com/CarlosFolmann,25,,"Ciudad Autónoma de Buenos Aires","Buenos Aires",Argentina,569894088,"Aldana Queirolo",https://www.facebook.com/aldana.queirolo,1
Diego,Oxid,diego.oxid@facebook.com,"04 de Marzo",https://www.facebook.com/diego.oxid,,,"Ciudad Autónoma de Buenos Aires","Buenos Aires",Argentina,100005281473942,"Ruben Pacora",https://www.facebook.com/ruben.pacora,1
Fulanos,"de Nadie",fulanitosdenadie@facebook.com,"04 de Marzo",https://www.facebook.com/fulanitosdenadie,23,,"Ciudad Autónoma de Buenos Aires","Buenos Aires",Argentina,100004171330556,"Fran L. Ocampo",https://www.facebook.com/franco,1
Roó,Fernandez,roo.fernandez.1238@facebook.com,"04 de Marzo",https://www.facebook.com/roo.fernandez.1238,24,,"Ciudad Autónoma de Buenos Aires","Buenos Aires",Argentina,1085588904,"Jose Guevara",https://www.facebook.com/JoeGuevara81,1
Bee,Buu,bee.buu.5@facebook.com,"04 de Marzo",https://www.facebook.com/bee.buu.5,,,"Ciudad Autónoma de Buenos Aires","Buenos Aires",Argentina,100001422871602,"Tatiana Petroccelli",https://www.facebook.com/tanshanita,1
Flor,Sagardoy,florr.sagardoy@facebook.com,"04 de Marzo",https://www.facebook.com/florr.sagardoy,,,"Ciudad Autónoma de Buenos Aires","Buenos Aires",Argentina,1338447546,"Maria Pia Perez Brea",,1
Matias,Montes,matias.montes.372@facebook.com,"04 de Marzo",https://www.facebook.com/matias.montes.372,,,"Ciudad Autónoma de Buenos Aires","Buenos Aires",Argentina,100001280406206,"Fede Martino",,1
Peponida,Shivon,penelope.bentrovato@facebook.com,"04 de Marzo",https://www.facebook.com/penelope.bentrovato,,,"Ciudad Autónoma de Buenos Aires","Buenos Aires",Argentina,1531625809,"Ale Arias Mandarine Park",,1
Cami,Bogliacino,camii.zulma@facebook.com,"04 de Marzo",https://www.facebook.com/camii.zulma,,,"Ciudad Autónoma de Buenos Aires","Buenos Aires",Argentina,1578427543,"Agustina Pelle Müller",,1
Amelie,Indumentaria,amelie.indumentaria.77@facebook.com,"04 de Marzo",https://www.facebook.com/amelie.indumentaria.77,29,,"Ciudad Autónoma de Buenos Aires","Buenos Aires",Argentina,100001780060819,"Tomas Ini",,1
Yesii,Riivas,yessi.de.soldati@facebook.com,"04 de Marzo",https://www.facebook.com/Yessi.De.Soldati,,,"Ciudad Autónoma de Buenos Aires","Buenos Aires",Argentina,100003065925248,"Pedro Lopezyfernandez",https://www.facebook.com/pedronahuel,1
Walter,Heredia,walter.heredia.184@facebook.com,"04 de Marzo",https://www.facebook.com/walter.heredia.184,,,"Ciudad Autónoma de Buenos Aires","Buenos Aires",Argentina,100000969971561,"Brenda Fabregat",https://www.facebook.com/brenda.fabregat,1
Nicolas,Ariel,nicolasito2011@facebook.com,"04 de Marzo",https://www.facebook.com/nicolasito2011,,,"Ciudad Autónoma de Buenos Aires","Buenos Aires",Argentina,1808982723,"Analia Utlo",https://www.facebook.com/ANY10,1
Vanina,Maidana,vanina.maidana.3@facebook.com,"04 de Marzo",https://www.facebook.com/vanina.maidana.3,29,,"Ciudad Autónoma de Buenos Aires","Buenos Aires",Argentina,708293531,"Veronica Olery",https://www.facebook.com/Vero.OLery,1
Badomen,Thrash,badomen.thrash@facebook.com,"04 de Marzo",https://www.facebook.com/BadomeN.Thrash,22,,"Ciudad Autónoma de Buenos Aires","Buenos Aires",Argentina,100003366668952,"La Rockeria",https://www.facebook.com/oveja1,1
Agustina,Gerosi,agustina.gerosi@facebook.com,"04 de Marzo",https://www.facebook.com/agustina.gerosi,22,,"Ciudad Autónoma de Buenos Aires","Buenos Aires",Argentina,1029107102,"Agustina Pelle Müller",,1
Victoria,Perez,larussa.villaluro@facebook.com,"04 de Marzo",https://www.facebook.com/larussa.villaluro,,"Villa Luro","Ciudad Autónoma de Buenos Aires","Buenos Aires",Argentina,1336184299,"Miranda Toderi",https://www.facebook.com/miranda.toderi,1
Power,"And Shine",powerandshine@facebook.com,"04 de Marzo",https://www.facebook.com/powerandshine,29,"Parque Chas","Ciudad Autónoma de Buenos Aires","Buenos Aires",Argentina,100005580551697,"Pato Franco",,1
Lean,Vignale,lean.vignale@facebook.com,"04 de Marzo",https://www.facebook.com/lean.vignale,29,,"Ciudad Autónoma de Buenos Aires","Buenos Aires",Argentina,100005065784380,"Julio Roberto Cuevas",https://www.facebook.com/julioroberto.cuevas,1
Milagros,Zacaría,milagros.zacaria@facebook.com,"04 de Marzo",https://www.facebook.com/milagros.zacaria,21,,"Ciudad Autónoma de Buenos Aires","Buenos Aires",Argentina,1577359686,"Piltra Toller",https://www.facebook.com/piltra,1
Keeit,Ocampo,kei.hewer@facebook.com,"04 de Marzo",https://www.facebook.com/kei.hewer,,,"Ciudad Autónoma de Buenos Aires","Buenos Aires",Argentina,1289625132,"Alan Volper",https://www.facebook.com/alan.volper,1
Fernanda,Mar,fernanda.i.mar@facebook.com,"04 de Marzo",https://www.facebook.com/fernanda.i.mar,,,"Ciudad Autónoma de Buenos Aires","Buenos Aires",Argentina,1062859407,"Irma Mercedes Palma",,1
Federico,Gioiello,fgiogiello@facebook.com,"04 de Marzo",https://www.facebook.com/fgiogiello,,,"Ciudad Autónoma de Buenos Aires","Buenos Aires",Argentina,1364296661,"Belen Uicich",https://www.facebook.com/belen.uicich,1
Flia,Tutu,familiaparaelauto@facebook.com,"04 de Marzo",https://www.facebook.com/familiaparaelauto,29,,"Ciudad Autónoma de Buenos Aires","Buenos Aires",Argentina,100002942405059,"Susan Romano",,1
"Ex Novios","Ex Maridos",citasenlared@facebook.com,"04 de Marzo",https://www.facebook.com/citasenlared,28,,"Ciudad Autónoma de Buenos Aires","Buenos Aires",Argentina,100000833912563,"Eugenia Vega",https://www.facebook.com/eugenitavega,1
Junior,Damian,juni.vedia@facebook.com,"04 de Marzo",https://www.facebook.com/juni.vedia,,,"Ciudad Autónoma de Buenos Aires","Buenos Aires",Argentina,100000781951668,"Anna Laura",https://www.facebook.com/Anna.Laucha,1
Pablo,Gatti,pablo.c.gatti@facebook.com,"04 de Marzo",https://www.facebook.com/pablo.c.gatti,28,,"Ciudad Autónoma de Buenos Aires","Buenos Aires",Argentina,625964935,"Mery Villar",https://www.facebook.com/mery.villar1,1
Milagros,Martinez,milagros.martinez.908@facebook.com,"04 de Marzo",https://www.facebook.com/milagros.martinez.908,28,,"Ciudad Autónoma de Buenos Aires","Buenos Aires",Argentina,848844924,"Alejandra Ale Roldan",,1
Kevin,Gras,kevjng@facebook.com,"04 de Marzo",https://www.facebook.com/kevjng,,,"Ciudad Autónoma de Buenos Aires","Buenos Aires",Argentina,1203863385,"Aldana Queirolo",https://www.facebook.com/aldana.queirolo,1
Sasha,"Ashelem II",laashelemciitah@facebook.com,"04 de Marzo",https://www.facebook.com/LAASHELEMCIITAH,,,"Ciudad Autónoma de Buenos Aires","Buenos Aires",Argentina,100003304007070,"Nicolás García",https://www.facebook.com/Niccccccccco,1
Almacen,"Las Cañitas",almacen.lascanitas@facebook.com,"04 de Marzo",https://www.facebook.com/almacen.lascanitas,26,,"Ciudad Autónoma de Buenos Aires","Buenos Aires",Argentina,100000270064319,"Cristian Fernandez Villamor",https://www.facebook.com/cristian.fernandezvillamo,1
Sari,"Sammartino Nasjleti",sari.sammartino@facebook.com,"04 de Marzo",https://www.facebook.com/Sari.Sammartino,22,,"Ciudad Autónoma de Buenos Aires","Buenos Aires",Argentina,619768145,"Agustina Del Rosario Anzisi",https://www.facebook.com/AgustinadelRosario,1
Pao,"Parada Raña",pao.parada.8@facebook.com,"04 de Marzo",https://www.facebook.com/pao.parada.8,,,"Ciudad Autónoma de Buenos Aires","Buenos Aires",Argentina,658861108,"Leti Leticia",,1
Noe,Giudice,noecita.noe@facebook.com,"04 de Marzo",https://www.facebook.com/noecita.noe,,,"Ciudad Autónoma de Buenos Aires","Buenos Aires",Argentina,1093702664,"Aldana Giudice",https://www.facebook.com/Soy.Pinky,1
Fede,Giuliani,fede.giuliani.92@facebook.com,"04 de Marzo",https://www.facebook.com/fede.giuliani.92,,,"Ciudad Autónoma de Buenos Aires","Buenos Aires",Argentina,712128018,"Gabriel Sciutto",https://www.facebook.com/gabriel.sciutto,1
Nanu,"Dominguez Otero",nanu.dominguezotero@facebook.com,"04 de Marzo",https://www.facebook.com/nanu.dominguezotero,,,"Ciudad Autónoma de Buenos Aires","Buenos Aires",Argentina,1301650242,"Nano Vaquer",,1
Facundo,Comini,facundo.comini.3@facebook.com,"04 de Marzo",https://www.facebook.com/facundo.comini.3,28,Boedo,"Ciudad Autónoma de Buenos Aires","Buenos Aires",Argentina,1430719705,"Silvia Fernandez",https://www.facebook.com/silviafernandezchivi,1
Camila,Cruz,camila.cruz.1671@facebook.com,"04 de Marzo",https://www.facebook.com/camila.cruz.1671,25,,"Ciudad Autónoma de Buenos Aires","Buenos Aires",Argentina,1374105289,"Noelia Sarquiz",https://www.facebook.com/noelia.sarquiz,1
My-TBeats,Verdi,mytbeats@facebook.com,"04 de Marzo",https://www.facebook.com/MyTBeats,,,"Ciudad Autónoma de Buenos Aires","Buenos Aires",Argentina,727871840,"Gabriela Rosito",https://www.facebook.com/gabriela.rosito,1
Sebastián,Sartori,miadorada.bberry@facebook.com,"04 de Marzo",https://www.facebook.com/miadorada.bberry,23,,"Ciudad Autónoma de Buenos Aires","Buenos Aires",Argentina,100001568345770,"Alejandro G Sierra",https://www.facebook.com/alejandrogsierra,1
Nicolas,Patti,nicolas.patti@facebook.com,"04 de Marzo",https://www.facebook.com/nicolas.patti,,,"Ciudad Autónoma de Buenos Aires","Buenos Aires",Argentina,1161050918,"Belu Alvarez",,1
"Cortinas Alisados",Oeste,cortinasalisados.oeste@facebook.com,"04 de Marzo",https://www.facebook.com/cortinasalisados.oeste,,,"Ciudad Autónoma de Buenos Aires","Buenos Aires",Argentina,100001665200082,"Tatiana Petroccelli",https://www.facebook.com/tanshanita,1
Micol,Gomez,micol.gomez.9@facebook.com,"04 de Marzo",https://www.facebook.com/micol.gomez.9,,,"Ciudad Autónoma de Buenos Aires","Buenos Aires",Argentina,100003225826723,"Pedro Lopezyfernandez",https://www.facebook.com/pedronahuel,1
Pipy,Pihuquen,pihuquen@facebook.com,"04 de Marzo",https://www.facebook.com/Pihuquen,,,"Ciudad Autónoma de Buenos Aires","Buenos Aires",Argentina,100002643817487,"Yani Nefes",https://www.facebook.com/yani.nefes,1
Kevin,Sztajn,kevin.sztajn@facebook.com,"05 de Marzo",https://www.facebook.com/kevin.sztajn,21,"Villa Crespo","Ciudad Autónoma de Buenos Aires","Buenos Aires",Argentina,812914801,"Aniita Canta",https://www.facebook.com/Aniita.Canta,1
Alejandro,Angelini,alejo.angelini@facebook.com,"05 de Marzo",https://www.facebook.com/alejo.angelini,,,"Ciudad Autónoma de Buenos Aires","Buenos Aires",Argentina,1351453054,"Gabriel Gutierrez",,1
Ara,Vargas,araceli.vargas.775@facebook.com,"05 de Marzo",https://www.facebook.com/araceli.vargas.775,22,,"Ciudad Autónoma de Buenos Aires","Buenos Aires",Argentina,100004085265802,"Kati Mosich",https://www.facebook.com/kati.mosich,1
Jess,Krall,jess.krall@facebook.com,"05 de Marzo",https://www.facebook.com/jess.krall,,,"Ciudad Autónoma de Buenos Aires","Buenos Aires",Argentina,562006704,"Nazarena Sierra",,1
Lucila,Scacheri,lucila.scacheri@facebook.com,"05 de Marzo",https://www.facebook.com/lucila.scacheri,26,,"Ciudad Autónoma de Buenos Aires","Buenos Aires",Argentina,515988652,"Betsabé Baxter",https://www.facebook.com/betsabe.baxter,1
Alan,Grynberg,grinbu@facebook.com,"05 de Marzo",https://www.facebook.com/grinbu,26,"Villa Crespo","Ciudad Autónoma de Buenos Aires","Buenos Aires",Argentina,555034454,"Agustin De Pascali",https://www.facebook.com/agustin.depascali,1
Jorge,Scarcella,jorge.scarcella@facebook.com,"05 de Marzo",https://www.facebook.com/jorge.scarcella,24,Congreso,"Ciudad Autónoma de Buenos Aires","Buenos Aires",Argentina,1255441952,"Ana Jasibe",https://www.facebook.com/ana.jasibe,1
Guada,Sennheiser,guada.sennheiser@facebook.com,"05 de Marzo",https://www.facebook.com/guada.sennheiser,27,,"Ciudad Autónoma de Buenos Aires","Buenos Aires",Argentina,100000407181638,"Nicolas Brea",https://www.facebook.com/Nicolas.Brea,1
Carlos,Sucre,crangel.sucre@facebook.com,"05 de Marzo",https://www.facebook.com/crangel.sucre,,,"Ciudad Autónoma de Buenos Aires","Buenos Aires",Argentina,556017361,"Dani Escala",https://www.facebook.com/danielaescala,1
Gustavo,Cisneros,gustavo.cisneros.184@facebook.com,"05 de Marzo",https://www.facebook.com/gustavo.cisneros.184,27,,"Ciudad Autónoma de Buenos Aires","Buenos Aires",Argentina,100001048240780,"Agustina Pelle Müller",,1
Nathalia,Bonaudi,nathi.bonaudi@facebook.com,"05 de Marzo",https://www.facebook.com/nathi.bonaudi,,,"Ciudad Autónoma de Buenos Aires","Buenos Aires",Argentina,1143247348,"Maria Quevedo",https://www.facebook.com/mery.quevedo3,1
Aredhel,Telperiën,gisela.quiroga.167@facebook.com,"05 de Marzo",https://www.facebook.com/gisela.quiroga.167,,,"Ciudad Autónoma de Buenos Aires","Buenos Aires",Argentina,100003063454194,"Cecilia Morinigo",,1
Camila,Medina,camila.medina.1650@facebook.com,"05 de Marzo",https://www.facebook.com/camila.medina.1650,,,"Ciudad Autónoma de Buenos Aires","Buenos Aires",Argentina,1154977225,"Juan Cruz Albornoz",,1
Maqui,Tripodi,antonella.gomez.7771@facebook.com,"05 de Marzo",https://www.facebook.com/antonella.gomez.7771,25,,"Ciudad Autónoma de Buenos Aires","Buenos Aires",Argentina,100001729385164,"Pablo Dandrea",https://www.facebook.com/pablo.dandrea,1
Fernando,Cook,fernando.cook.1@facebook.com,"05 de Marzo",https://www.facebook.com/fernando.cook.1,,,"Ciudad Autónoma de Buenos Aires","Buenos Aires",Argentina,100000138356924,"Tatiana Petroccelli",https://www.facebook.com/tanshanita,1
Cynthia,Lazarte,cynthia.lazarte.77@facebook.com,"05 de Marzo",https://www.facebook.com/cynthia.lazarte.77,28,"Buenos Aires","Buenos Aires","Buenos Aires",Argentina,1532036080,"Alan Yun",0,1
Ima,Rodriguez,ima.rodriguez2@facebook.com,"05 de Marzo",https://www.facebook.com/ima.rodriguez2,,,"Ciudad Autónoma de Buenos Aires","Buenos Aires",Argentina,1137214909,"Agus Rodriguez",,1
Cehache,Respira,chrespira@facebook.com,"05 de Marzo",https://www.facebook.com/ChRespira,30,,"Ciudad Autónoma de Buenos Aires","Buenos Aires",Argentina,821860759,"Ariel Villarreal",,1
Alegra,Vestuario,alegra.vestuario@facebook.com,"05 de Marzo",https://www.facebook.com/alegra.vestuario,25,,"Ciudad Autónoma de Buenos Aires","Buenos Aires",Argentina,100005413957163,"Bren Gayol",,1
Maxi,Bort,maxi.bort@facebook.com,"05 de Marzo",https://www.facebook.com/maxi.bort,,,"Ciudad Autónoma de Buenos Aires","Buenos Aires",Argentina,1533247109,"Juan Antonio Papagni Meca",https://www.facebook.com/juanantoniopapagnimeca,1
Axel,Bande,axel.bande@facebook.com,"05 de Marzo",https://www.facebook.com/axel.bande,29,,"Ciudad Autónoma de Buenos Aires","Buenos Aires",Argentina,673050122,"Aldana Queirolo",https://www.facebook.com/aldana.queirolo,1
Ivan,"Blanco Luna",ivoblanqo@facebook.com,"05 de Marzo",https://www.facebook.com/ivoblanqo,,,"Ciudad Autónoma de Buenos Aires","Buenos Aires",Argentina,1064198956,"Maria Belén",,1
Anto,Barboza,antonbarboza@facebook.com,"05 de Marzo",https://www.facebook.com/antonbarboza,,,"Ciudad Autónoma de Buenos Aires","Buenos Aires",Argentina,100007586704225,"Ignacio Lines Ceruti",https://www.facebook.com/ignacio.lines,1
Malee,Scifo,malena.scifo@facebook.com,"05 de Marzo",https://www.facebook.com/malena.scifo,25,,"Ciudad Autónoma de Buenos Aires","Buenos Aires",Argentina,100003047124630,"Agustin Sujo",https://www.facebook.com/agustin.sujook,1
Camila,Feriol,camila.feriol.33@facebook.com,"05 de Marzo",https://www.facebook.com/camila.feriol.33,25,,"Ciudad Autónoma de Buenos Aires","Buenos Aires",Argentina,100003054555411,"Agustin Sujo",https://www.facebook.com/agustin.sujook,1
Nicolás,Bianco,nicobianco5@facebook.com,"05 de Marzo",https://www.facebook.com/nicobianco5,,Coghlan,"Ciudad Autónoma de Buenos Aires","Buenos Aires",Argentina,1002367142,"Agustina Gorrini",https://www.facebook.com/agustina.gorrini,1
Cecilia,Nstt,cecilia.nstt@facebook.com,"05 de Marzo",https://www.facebook.com/cecilia.nstt,29,,"Ciudad Autónoma de Buenos Aires","Buenos Aires",Argentina,636035039,"Florencia Garré",https://www.facebook.com/florencia.garre,1
Tere,Palacios,teresa.palacios.391@facebook.com,"05 de Marzo",https://www.facebook.com/teresa.palacios.391,30,,"Ciudad Autónoma de Buenos Aires","Buenos Aires",Argentina,683488931,"Agustín de Aramburu",https://www.facebook.com/agustin.dearamburu,1
Julian,Montes,julimon123@facebook.com,"05 de Marzo",https://www.facebook.com/Julimon123,23,"Buenos Aires","Buenos Aires","Buenos Aires",Argentina,1014134335,"Alejandro Dixon",0,1
Kliber,Velasquez,kliber.velasquez@facebook.com,"05 de Marzo",https://www.facebook.com/kliber.velasquez,,,"Ciudad Autónoma de Buenos Aires","Buenos Aires",Argentina,523170852,"Gabriela Prietoo",,1
Vicky,Matteucci,vicky.matteucci@facebook.com,"05 de Marzo",https://www.facebook.com/vicky.matteucci,,,"Ciudad Autónoma de Buenos Aires","Buenos Aires",Argentina,731087385,"Alfonso Bron",https://www.facebook.com/bronalfonso,1
Joel,"Valladares Vidal",joel.valladaresvidal@facebook.com,"05 de Marzo",https://www.facebook.com/joel.valladaresvidal,25,,"Ciudad Autónoma de Buenos Aires","Buenos Aires",Argentina,1454581237,"Florencia Pellegrino",,1
Flo,Giammatteo,flo.giammatteo@facebook.com,"05 de Marzo",https://www.facebook.com/flo.giammatteo,,,"Ciudad Autónoma de Buenos Aires","Buenos Aires",Argentina,570129040,"Santi Osterc",https://www.facebook.com/santiosterc,1
Vicky,Pertiné,vickypertine@facebook.com,"05 de Marzo",https://www.facebook.com/vickypertine,,,"Ciudad Autónoma de Buenos Aires","Buenos Aires",Argentina,1207939596,"Alina Gálvez Lynch",https://www.facebook.com/alina.galvez,1
Florencia,Roth,froth28@facebook.com,"05 de Marzo",https://www.facebook.com/froth28,,,"Ciudad Autónoma de Buenos Aires","Buenos Aires",Argentina,1212934833,"Alina Gálvez Lynch",https://www.facebook.com/alina.galvez,1
Faty,"Rolon Visone",faty.rolonvisone@facebook.com,"05 de Marzo",https://www.facebook.com/faty.rolonvisone,26,,"Ciudad Autónoma de Buenos Aires","Buenos Aires",Argentina,100001063645010,"Daniel Toro Lopez",,1
Santi,Nahuel,santi.cabj2@facebook.com,"05 de Marzo",https://www.facebook.com/santi.cabj2,,,"Ciudad Autónoma de Buenos Aires","Buenos Aires",Argentina,100000945403699,"Alejandra Lopez",,1
Tiempo,"De Reinas",tiempo.dereinas@facebook.com,"05 de Marzo",https://www.facebook.com/tiempo.dereinas,29,,"Ciudad Autónoma de Buenos Aires","Buenos Aires",Argentina,100003626297449,"Carla Ferro",https://www.facebook.com/carla.ferro,1
Martin,Fox,foxbaucia@facebook.com,"05 de Marzo",https://www.facebook.com/foxbaucia,30,,"Ciudad Autónoma de Buenos Aires","Buenos Aires",Argentina,629447146,"Ana Jasibe",https://www.facebook.com/ana.jasibe,1
Melina,Mamani,melinabelenmamani@facebook.com,"05 de Marzo",https://www.facebook.com/melinabelenmamani,30,,"Ciudad Autónoma de Buenos Aires","Buenos Aires",Argentina,592734597,"Tatiana Petroccelli",https://www.facebook.com/tanshanita,1
Lautaro,Perez,lautavdp@facebook.com,"05 de Marzo",https://www.facebook.com/LautaVdp,,,"Ciudad Autónoma de Buenos Aires","Buenos Aires",Argentina,1789553621,"Brian Cano",,1
"Matias Ariel",Niewenhuijze,matiasariel.niewenhuijze@facebook.com,"05 de Marzo",https://www.facebook.com/matiasariel.niewenhuijze,30,,"Ciudad Autónoma de Buenos Aires","Buenos Aires",Argentina,100000568300336,"Marcelo Di Salvo",,1
Mel,Lafis,melo.lafis@facebook.com,"05 de Marzo",https://www.facebook.com/melo.lafis,22,,"Ciudad Autónoma de Buenos Aires","Buenos Aires",Argentina,1036213908,"Emanuel Gaston Perdigues",https://www.facebook.com/emaxpx,1
Flor,Rodriguez,flopamfr@facebook.com,"05 de Marzo",https://www.facebook.com/flopamfr,,,"Ciudad Autónoma de Buenos Aires","Buenos Aires",Argentina,100000773883128,"Martín Álvarez BA I",https://www.facebook.com/Woody.Blair,1
Agus,Sanz,agus.sanz.14@facebook.com,"05 de Marzo",https://www.facebook.com/agus.sanz.14,24,,"Ciudad Autónoma de Buenos Aires","Buenos Aires",Argentina,688430186,"Valentino Fabre",https://www.facebook.com/valenfabre,1
Ian,Cuadrillero,iancuadrillero@facebook.com,"05 de Marzo",https://www.facebook.com/iancuadrillero,21,,"Ciudad Autónoma de Buenos Aires","Buenos Aires",Argentina,562614811,"Vicky Diaz",,1
Marco,Zarich,marco.zarich@facebook.com,"05 de Marzo",https://www.facebook.com/marco.zarich,24,,"Ciudad Autónoma de Buenos Aires","Buenos Aires",Argentina,100002169017751,"Miqui Berriòs",https://www.facebook.com/miqui.berrios,1
"Kids Are","All Right",kidsareallrightmusic@facebook.com,"05 de Marzo",https://www.facebook.com/kidsareallrightmusic,24,,"Ciudad Autónoma de Buenos Aires","Buenos Aires",Argentina,100002190086536,"Miqui Berriòs",https://www.facebook.com/miqui.berrios,1
Antonella,Aguirre,antonella.aguirre.58@facebook.com,"05 de Marzo",https://www.facebook.com/antonella.aguirre.58,22,,"Ciudad Autónoma de Buenos Aires","Buenos Aires",Argentina,1398848921,"Pato Franco",,1
Jacqueline,Midolo,midolojacky@facebook.com,"05 de Marzo",https://www.facebook.com/midolojacky,28,"Buenos Aires","Buenos Aires","Buenos Aires",Argentina,711729208,"Alan Yun",0,1
Maxi,Stone,maxi.palladinetti@facebook.com,"05 de Marzo",https://www.facebook.com/maxi.palladinetti,22,,"Ciudad Autónoma de Buenos Aires","Buenos Aires",Argentina,776885709,"Alejandra Ale Roldan",,1
Vibra,"Circuito Aerobico",circuitovibra@facebook.com,"05 de Marzo",https://www.facebook.com/circuitovibra,29,"Villa Del Parque","Ciudad Autónoma de Buenos Aires","Buenos Aires",Argentina,100003538398329,"Nadia Soraya",https://www.facebook.com/nadia.soraya,1
Libros,Juridicos,librosjuridicos.ydetraductorado@facebook.com,"05 de Marzo",https://www.facebook.com/librosjuridicos.ydetraductorado,,,"Ciudad Autónoma de Buenos Aires","Buenos Aires",Argentina,100003789718046,"Agustina Pelle Müller",,1
Marcelo,Watanabe,marcelo.watanabe.3950@facebook.com,"05 de Marzo",https://www.facebook.com/marcelo.watanabe.3950,,"Buenos Aires","Buenos Aires","Buenos Aires",Argentina,713033791,"Alan Yun",0,1
Rodrigo,"de Aramburu",rodrigo.dearamburu@facebook.com,"05 de Marzo",https://www.facebook.com/rodrigo.dearamburu,24,Recoleta,"Ciudad Autónoma de Buenos Aires","Buenos Aires",Argentina,856915173,"Agustín de Aramburu",https://www.facebook.com/agustin.dearamburu,1
Trinidad,García,trinidad.garcia.37@facebook.com,"05 de Marzo",https://www.facebook.com/trinidad.garcia.37,,,"Ciudad Autónoma de Buenos Aires","Buenos Aires",Argentina,1271444522,"Alan Volper",https://www.facebook.com/alan.volper,1
Julian,Carvajal,julian.carvajal.71@facebook.com,"05 de Marzo",https://www.facebook.com/julian.carvajal.71,27,,"Ciudad Autónoma de Buenos Aires","Buenos Aires",Argentina,100002288520590,"Ignacio Lines Ceruti",https://www.facebook.com/ignacio.lines,1
Aguzz,Loto,soleeteamo@facebook.com,"05 de Marzo",https://www.facebook.com/soleeteamo,23,,"Ciudad Autónoma de Buenos Aires","Buenos Aires",Argentina,100001613910918,"Joaquin Barraco",https://www.facebook.com/chino.barraco,1
Roca,Dosmiltrece,roca.dosmiltrece@facebook.com,"05 de Marzo",https://www.facebook.com/roca.dosmiltrece,21,,"Ciudad Autónoma de Buenos Aires","Buenos Aires",Argentina,100005831534319,"Gianfranco Ferrati",,1
Constanza,Cerone,constanza.cerone@facebook.com,"05 de Marzo",https://www.facebook.com/constanza.cerone,21,,"Ciudad Autónoma de Buenos Aires","Buenos Aires",Argentina,1271034915,"Agus Carranza",,1
"Maria Florencia",Nogueira,mariaflorencia.nogueira@facebook.com,"05 de Marzo",https://www.facebook.com/mariaflorencia.nogueira,,,"Ciudad Autónoma de Buenos Aires","Buenos Aires",Argentina,100000372519343,"Valeria Veronica Servetti",https://www.facebook.com/valeria.servetti,1
Angie,Patiño,angie.patino.1213@facebook.com,"05 de Marzo",https://www.facebook.com/angie.patino.1213,21,"Buenos Aires","Buenos Aires","Buenos Aires",Argentina,100002278878860,"Alan Yun",0,1
Juan,Lozano,juan.p.lozano@facebook.com,"05 de Marzo",https://www.facebook.com/juan.p.lozano,28,,"Ciudad Autónoma de Buenos Aires","Buenos Aires",Argentina,589367632,"Alfonso Bron",https://www.facebook.com/bronalfonso,1
Pelu,"Estética Unisex",pelu.esteticaunisex@facebook.com,"05 de Marzo",https://www.facebook.com/pelu.esteticaunisex,29,,"Ciudad Autónoma de Buenos Aires","Buenos Aires",Argentina,100006875708492,"Natalia Tarelli",,1
"Matias Agustin",Moreno,matiasagustin.moreno@facebook.com,"05 de Marzo",https://www.facebook.com/matiasagustin.moreno,28,"Buenos Aires","Buenos Aires","Buenos Aires",Argentina,1215537537,"Agustina Rabioglio",0,1
Volver,"La Vida",afrikawaltersoares@facebook.com,"05 de Marzo",https://www.facebook.com/afrikawaltersoares,,,"Ciudad Autónoma de Buenos Aires","Buenos Aires",Argentina,100001127160367,"Brenda Fabregat",https://www.facebook.com/brenda.fabregat,1
María,Méndez,maria.b.mendez.5@facebook.com,"05 de Marzo",https://www.facebook.com/maria.b.mendez.5,23,,"Ciudad Autónoma de Buenos Aires","Buenos Aires",Argentina,100001056305054,"Rocio Mayo",https://www.facebook.com/marinirocio,1
Facheritos,Modas,facheritos.modas@facebook.com,"05 de Marzo",https://www.facebook.com/facheritos.modas,,,"Ciudad Autónoma de Buenos Aires","Buenos Aires",Argentina,100005185272338,"Lin Min May",https://www.facebook.com/cata277,1
Loli,Gortari,loli.gortari.7@facebook.com,"05 de Marzo",https://www.facebook.com/loli.gortari.7,,,"Ciudad Autónoma de Buenos Aires","Buenos Aires",Argentina,100006585903973,"Agustin Sujo",https://www.facebook.com/agustin.sujook,1
Luciano,Abrego,luciano.abrego@facebook.com,"05 de Marzo",https://www.facebook.com/luciano.abrego,26,,"Ciudad Autónoma de Buenos Aires","Buenos Aires",Argentina,782663779,"Tomas Zocca",https://www.facebook.com/tomyzocca,1
Love,Sofia,philosophybsas@facebook.com,"05 de Marzo",https://www.facebook.com/philosophybsas,26,,"Ciudad Autónoma de Buenos Aires","Buenos Aires",Argentina,100002290277605,"Jazmin Jurevich",https://www.facebook.com/Jaz.Jurevich,1
