Nombre,Apellido,"Email Facebook",Cumpleaños,"Usuario Facebook",Edad,Barrio,Ciudad,Provincia,Pais,"ID Facebook","Amigo De","Amigo De (Usuario)",rebound
Nicolás,Fernández,nico.a.fernandez@facebook.com,"13 de Marzo",https://www.facebook.com/Nico.A.Fernandez,,Monserrat,"Ciudad Autónoma de Buenos Aires","Distrito Federal",Argentina,1020296120,"Aylu Macchi",,1
Micaela,Leocata,micky.tankian@facebook.com,"13 de Marzo",https://www.facebook.com/micky.tankian,,,"Ciudad Autónoma de Buenos Aires","Buenos Aires",Argentina,100000139834930,"Vanesa Myrna Ojeda",,1
"Todo Lo Que","Quieras I",todoloque.quierasi@facebook.com,"13 de Marzo",https://www.facebook.com/todoloque.quierasi,,Boedo,"Ciudad Autónoma de Buenos Aires","Buenos Aires",Argentina,100000141598635,"Vanesa Myrna Ojeda",,1
Gorrion,"Bolsas de Viaje",gorrion.bolsasdeviaje@facebook.com,"13 de Marzo",https://www.facebook.com/Gorrion.Bolsasdeviaje,,,"Ciudad Autónoma de Buenos Aires","Buenos Aires",Argentina,1788892748,"Agos Costas",https://www.facebook.com/agoscostas,1
Martiniano,Paque,martiniano.paque@facebook.com,"13 de Marzo",https://www.facebook.com/martiniano.paque,,,"Ciudad Autónoma de Buenos Aires","Buenos Aires",Argentina,100001578048661,"Micaela Parisi",https://www.facebook.com/parisimica,1
Emilio,Varela,emilio.b.varela@facebook.com,"13 de Marzo",https://www.facebook.com/emilio.b.varela,22,,"Ciudad Autónoma de Buenos Aires","Buenos Aires",Argentina,590013037,"Rochi Christensen",https://www.facebook.com/rochi.christensen,1
Bicicleteria,Santino,gisela.benitez.1042@facebook.com,"13 de Marzo",https://www.facebook.com/gisela.benitez.1042,25,,"Ciudad Autónoma de Buenos Aires","Buenos Aires",Argentina,100006716109318,"Ezequiel Sebastian Berardi",https://www.facebook.com/EzErAsTa,1
Vero,López,verolopezs@facebook.com,"13 de Marzo",https://www.facebook.com/verolopezs,,,"Ciudad Autónoma de Buenos Aires","Buenos Aires",Argentina,1359138279,"Facu Denegri",,1
Karen,Duenk,karen.duenk@facebook.com,"13 de Marzo",https://www.facebook.com/karen.duenk,,,"Ciudad Autónoma de Buenos Aires","Buenos Aires",Argentina,1781554091,"Nicolás García",https://www.facebook.com/Niccccccccco,1
Sofia,Rep,sofia.rep.3@facebook.com,"13 de Marzo",https://www.facebook.com/sofia.rep.3,25,,"Ciudad Autónoma de Buenos Aires","Buenos Aires",Argentina,100001317258055,"Federico Carrizo",https://www.facebook.com/federicoc,1
Negrito,Galarraga,luki.galarraga@facebook.com,"13 de Marzo",https://www.facebook.com/luki.galarraga,,,"Ciudad Autónoma de Buenos Aires","Buenos Aires",Argentina,1359524052,"Julieta Belen",,1
Jus,Almerighi,jus.almerighi@facebook.com,"13 de Marzo",https://www.facebook.com/jus.almerighi,,,"Ciudad Autónoma de Buenos Aires","Buenos Aires",Argentina,100000084060376,"Juan Cruz Albornoz",,1
Seba,Lopez,seba.lopez.942@facebook.com,"13 de Marzo",https://www.facebook.com/seba.lopez.942,21,,"Ciudad Autónoma de Buenos Aires","Buenos Aires",Argentina,519423414,"Rocío Martínez",https://www.facebook.com/rochi.belen,1
Gabo,Perez,gabo.perez.50@facebook.com,"13 de Marzo",https://www.facebook.com/gabo.perez.50,,,"Ciudad Autónoma de Buenos Aires","Buenos Aires",Argentina,1250375223,"Clari Stagno",,1
Diego,Diaz,diego.a.diaz.9047@facebook.com,"13 de Marzo",https://www.facebook.com/diego.a.diaz.9047,24,,"Ciudad Autónoma de Buenos Aires","Buenos Aires",Argentina,100000550850297,"Martín Álvarez BA I",https://www.facebook.com/Woody.Blair,1
Rêvent,Pieds,featherglam@facebook.com,"13 de Marzo",https://www.facebook.com/FeatherGLAM,,,"Ciudad Autónoma de Buenos Aires","Buenos Aires",Argentina,536528278,"Chanchi Martinez",https://www.facebook.com/chanchi.martinez,1
Ana,Naòn,ana.naon.7@facebook.com,"13 de Marzo",https://www.facebook.com/ana.naon.7,,,"Ciudad Autónoma de Buenos Aires","Buenos Aires",Argentina,593175294,"La Rockeria",https://www.facebook.com/oveja1,1
Griselda,Flecha,griiselditah.flecha@facebook.com,"13 de Marzo",https://www.facebook.com/griiselditah.flecha,23,,"Ciudad Autónoma de Buenos Aires","Buenos Aires",Argentina,100000934823719,"Gisele Galia",https://www.facebook.com/gisele.galia,1
Luchi,Raybaud,luchi.raybaud@facebook.com,"13 de Marzo",https://www.facebook.com/luchi.raybaud,,,"Ciudad Autónoma de Buenos Aires","Buenos Aires",Argentina,1094171208,"Martin Olmedo",,1
Matias,Gatti,matias.gatti.9026@facebook.com,"13 de Marzo",https://www.facebook.com/matias.gatti.9026,29,,"Ciudad Autónoma de Buenos Aires","Buenos Aires",Argentina,100000574278809,"Cynthia Tatiana Martinez Neves",https://www.facebook.com/cynthiatatiana.martinezne,1
Brenda,Belascoain,brenda.belascoain@facebook.com,"13 de Marzo",https://www.facebook.com/brenda.belascoain,21,"Villa Luro","Ciudad Autónoma de Buenos Aires","Buenos Aires",Argentina,1252385512,"Miranda Toderi",https://www.facebook.com/miranda.toderi,1
Lean,Grigolatto,lean.grigolatto@facebook.com,"13 de Marzo",https://www.facebook.com/lean.grigolatto,23,,"Ciudad Autónoma de Buenos Aires","Buenos Aires",Argentina,1347701592,"Jonathan Leonel",,1
Francisco,Clérico,franclerico@facebook.com,"13 de Marzo",https://www.facebook.com/franclerico,,,"Ciudad Autónoma de Buenos Aires","Buenos Aires",Argentina,1231258562,"Betsabé Baxter",https://www.facebook.com/betsabe.baxter,1
Corsarios,Rock,corsarios.rock@facebook.com,"13 de Marzo",https://www.facebook.com/corsarios.rock,,,"Ciudad Autónoma de Buenos Aires","Buenos Aires",Argentina,100000422436716,"Noe Guillén",https://www.facebook.com/noeguillen20,1
Crristian,Crristian,cristiandamiant@facebook.com,"13 de Marzo",https://www.facebook.com/cristiandamiant,30,,"Ciudad Autónoma de Buenos Aires","Buenos Aires",Argentina,100000117447122,"Jo Py Na",https://www.facebook.com/jopyna,1
Agustin,Donato,agustin.donato.9@facebook.com,"13 de Marzo",https://www.facebook.com/agustin.donato.9,29,,"Ciudad Autónoma de Buenos Aires","Buenos Aires",Argentina,724209794,"María Sofia Zunino",,1
Mariano,Moretti,mariano.borghetti.9@facebook.com,"13 de Marzo",https://www.facebook.com/mariano.borghetti.9,,Liniers,"Ciudad Autónoma de Buenos Aires","Buenos Aires",Argentina,1059500388,"Gabriela Bob",https://www.facebook.com/gabrielave,1
Cristal,"Avenida de Mayo",cristal.avenidademayo@facebook.com,"13 de Marzo",https://www.facebook.com/cristal.avenidademayo,21,,"Ciudad Autónoma de Buenos Aires","Buenos Aires",Argentina,100001774918871,"Miel Irisarri",https://www.facebook.com/miel.irisarri,1
Facundo,Carruega,facundo.carruega@facebook.com,"13 de Marzo",https://www.facebook.com/facundo.carruega,23,,"Ciudad Autónoma de Buenos Aires","Buenos Aires",Argentina,100000161230382,"Daiana Solange Labat",https://www.facebook.com/Daichilandia,1
Sofia,Iara,sofia.yacuzio@facebook.com,"13 de Marzo",https://www.facebook.com/sofia.yacuzio,23,,"Ciudad Autónoma de Buenos Aires","Buenos Aires",Argentina,1039357683,"Srita Bauer",https://www.facebook.com/marina.vas,1
Leonardo,Montiel,leonardo.montiel.98@facebook.com,"13 de Marzo",https://www.facebook.com/leonardo.montiel.98,,,"Ciudad Autónoma de Buenos Aires","Buenos Aires",Argentina,100003535763149,"Clara Ryan",https://www.facebook.com/clariryaneventos,1
Victoria,Esquivel,victoria.esquivel3@facebook.com,"13 de Marzo",https://www.facebook.com/victoria.esquivel3,,,"Ciudad Autónoma de Buenos Aires","Buenos Aires",Argentina,549029839,"Agustina Del Rosario Anzisi",https://www.facebook.com/AgustinadelRosario,1
Noe,Muñoz,noelia.v.munoz@facebook.com,"13 de Marzo",https://www.facebook.com/noelia.v.munoz,30,,"Ciudad Autónoma de Buenos Aires","Buenos Aires",Argentina,1347447191,"Diego Molina",https://www.facebook.com/molinadh,1
Lucia,Zanoni,lucia.zanoni@facebook.com,"13 de Marzo",https://www.facebook.com/lucia.zanoni,28,,"Ciudad Autónoma de Buenos Aires","Buenos Aires",Argentina,544502049,"Natalia Landa",,1
Juan,Colombo,juan.colombo.77@facebook.com,"13 de Marzo",https://www.facebook.com/juan.colombo.77,24,,"Ciudad Autónoma de Buenos Aires","Buenos Aires",Argentina,100000834207947,"Martín Álvarez BA I",https://www.facebook.com/Woody.Blair,1
Candela,Nieva,cande.nieva.9@facebook.com,"13 de Marzo",https://www.facebook.com/cande.nieva.9,,,"Ciudad Autónoma de Buenos Aires","Buenos Aires",Argentina,100001229472956,"Luli Torres",,1
Lean,Burzaco,lean.burzaco@facebook.com,"13 de Marzo",https://www.facebook.com/lean.burzaco,,,"Ciudad Autónoma de Buenos Aires","Buenos Aires",Argentina,1400678479,"Diandra Lesly",https://www.facebook.com/diandra.lesly,1
Jose,Coman,jose.coman.35@facebook.com,"13 de Marzo",https://www.facebook.com/jose.coman.35,,,"Ciudad Autónoma de Buenos Aires","Buenos Aires",Argentina,100000499038052,"Agustina Pelle Müller",,1
Josefina,"Rodriguez Linck",josefina.rodriguezlinck@facebook.com,"13 de Marzo",https://www.facebook.com/josefina.rodriguezlinck,23,,"Ciudad Autónoma de Buenos Aires","Buenos Aires",Argentina,100001495896750,"Jochuu Rodriguez Linck",https://www.facebook.com/jochuu.rodriguezlinck,1
Manoo,Tk,manootk@facebook.com,"13 de Marzo",https://www.facebook.com/ManooTk,,,"Ciudad Autónoma de Buenos Aires","Buenos Aires",Argentina,100000920144742,"Martín Álvarez BA I",https://www.facebook.com/Woody.Blair,1
Diego,Armanini,diego.armanini.1@facebook.com,"13 de Marzo",https://www.facebook.com/diego.armanini.1,25,,"Ciudad Autónoma de Buenos Aires","Buenos Aires",Argentina,100000561492633,"Ignacio Busquiazo",https://www.facebook.com/ignacio.busquiazo,1
"Nancy Elizabeth",Peña,nancyelizabeth.pena@facebook.com,"13 de Marzo",https://www.facebook.com/nancyelizabeth.pena,,,"Ciudad Autónoma de Buenos Aires","Buenos Aires",Argentina,100003514679156,"Alexia Garcia",https://www.facebook.com/garciaalexiia,1
"Juan Pablo",Digifico,juanpablo.digifico@facebook.com,"13 de Marzo",https://www.facebook.com/juanpablo.digifico,30,,"Ciudad Autónoma de Buenos Aires","Buenos Aires",Argentina,1114617806,"Sol Policastro",https://www.facebook.com/solangeforever,1
Meme,"Dos Santos",meme.dossantos.7@facebook.com,"13 de Marzo",https://www.facebook.com/meme.dossantos.7,,,"Ciudad Autónoma de Buenos Aires","Buenos Aires",Argentina,100002078871976,"Anna Laura",https://www.facebook.com/Anna.Laucha,1
Santiago,Zin,santiago.zin.35@facebook.com,"13 de Marzo",https://www.facebook.com/santiago.zin.35,24,,"Ciudad Autónoma de Buenos Aires","Buenos Aires",Argentina,624546709,"M Agustina Ciarla Quintana",https://www.facebook.com/magustina.quintana,1
Aldana,Rios,aldana.rios.332@facebook.com,"13 de Marzo",https://www.facebook.com/aldana.rios.332,,,"Ciudad Autónoma de Buenos Aires","Buenos Aires",Argentina,100000206974392,"Nahu Millicay Pereyra",https://www.facebook.com/nahumilli,1
Yani,Troncoso,yanii.sancheztroncoso@facebook.com,"13 de Marzo",https://www.facebook.com/yanii.sancheztroncoso,,,"Ciudad Autónoma de Buenos Aires","Buenos Aires",Argentina,100000034283558,"Anna Laura",https://www.facebook.com/Anna.Laucha,1
"Solo Rock","del País",solorockdelpais@facebook.com,"13 de Marzo",https://www.facebook.com/solorockdelpais,,,"Ciudad Autónoma de Buenos Aires","Buenos Aires",Argentina,1167130130,"Ariel Galinski",https://www.facebook.com/ariel.galinski,1
"Pera Nacho",Mannella,emannella@facebook.com,"14 de Marzo",https://www.facebook.com/emannella,21,,"Ciudad Autónoma de Buenos Aires","Buenos Aires",Argentina,100000931724951,"Elias Saul",https://www.facebook.com/elias.saul,1
"Gian Franco",Gomez,chandliberta.cabj@facebook.com,"14 de Marzo",https://www.facebook.com/chandliberta.cabj,22,,"Ciudad Autónoma de Buenos Aires","Buenos Aires",Argentina,100002032814294,"Aniita Canta",https://www.facebook.com/Aniita.Canta,1
Faacu,Destepa,faacucap@facebook.com,"14 de Marzo",https://www.facebook.com/FaacuCap,,,"Ciudad Autónoma de Buenos Aires","Buenos Aires",Argentina,1101649741,"Sofu Maddonni",https://www.facebook.com/ssofiia,1
Claudio,Herrera,herreraclaudio@facebook.com,"14 de Marzo",https://www.facebook.com/herreraclaudio,,,"Ciudad Autónoma de Buenos Aires","Buenos Aires",Argentina,1109544678,"July Jaluff",https://www.facebook.com/july.jaluff,1
Carla,Bruno,carlabruno.dnz@facebook.com,"14 de Marzo",https://www.facebook.com/carlabruno.dnz,,,"Ciudad Autónoma de Buenos Aires","Buenos Aires",Argentina,1660153988,"Agustin Justin",https://www.facebook.com/Agustin.Justin,1
Ali,Kriya,cordobesita1962@facebook.com,"14 de Marzo",https://www.facebook.com/cordobesita1962,,,"Ciudad Autónoma de Buenos Aires","Buenos Aires",Argentina,1092189509,"Andrea García Sención",https://www.facebook.com/andreagarciasencion,1
Rocco,Rocco,rocco.victor@facebook.com,"14 de Marzo",https://www.facebook.com/RoCCo.Victor,30,Flores,"Ciudad Autónoma de Buenos Aires","Buenos Aires",Argentina,1018039261,"Tatiana Petroccelli",https://www.facebook.com/tanshanita,1
"Vanesa Mariel Lucy",Manrique,vanesamariellucy.manrique@facebook.com,"14 de Marzo",https://www.facebook.com/vanesamariellucy.manrique,,,"Ciudad Autónoma de Buenos Aires","Buenos Aires",Argentina,100002675887061,"Facu Denegri",,1
Flor,Ubiña,floree.ubi@facebook.com,"14 de Marzo",https://www.facebook.com/floree.ubi,,,"Ciudad Autónoma de Buenos Aires","Buenos Aires",Argentina,100000306812900,"Franco Palermo",,1
Luca,Lucini,luca.lucini.12@facebook.com,"14 de Marzo",https://www.facebook.com/luca.lucini.12,,,"Ciudad Autónoma de Buenos Aires","Buenos Aires",Argentina,1151349675,"Silvia Grun",,1
Bauti,Maloneay,bauti.maloneay@facebook.com,"14 de Marzo",https://www.facebook.com/bauti.maloneay,,,"Ciudad Autónoma de Buenos Aires","Buenos Aires",Argentina,100000208412746,"Joaquin Barraco",https://www.facebook.com/chino.barraco,1
Maby,Cortes,maby.cortes@facebook.com,"14 de Marzo",https://www.facebook.com/maby.cortes,23,,"Ciudad Autónoma de Buenos Aires","Buenos Aires",Argentina,1497671555,"Stefi Chiarullo",https://www.facebook.com/stefi.chiarullo,1
Tatiana,Kaplan,tatiana.kaplan.37@facebook.com,"14 de Marzo",https://www.facebook.com/tatiana.kaplan.37,23,,"Ciudad Autónoma de Buenos Aires","Buenos Aires",Argentina,100007306512012,"Fede Martino",,1
"Leandro Martin",Landaburu,leandromartinlan@facebook.com,"14 de Marzo",https://www.facebook.com/leandromartinlan,26,,"Ciudad Autónoma de Buenos Aires","Buenos Aires",Argentina,1604481572,"Ignacio Lines Ceruti",https://www.facebook.com/ignacio.lines,1
Dyd,Informática,pablolorenzoinformatica@facebook.com,"14 de Marzo",https://www.facebook.com/pablolorenzoinformatica,,,"Ciudad Autónoma de Buenos Aires","Buenos Aires",Argentina,1530025177,"Franco Palermo",,1
Ignacio,Francos,ignacio.francos@facebook.com,"14 de Marzo",https://www.facebook.com/ignacio.francos,23,Boedo,"Ciudad Autónoma de Buenos Aires","Buenos Aires",Argentina,1635371427,"Cristian Andres Romano",,1
Elmakka,Makanakiz,elmakka.589@facebook.com,"14 de Marzo",https://www.facebook.com/ELMAKKA.589,29,,"Ciudad Autónoma de Buenos Aires","Buenos Aires",Argentina,100001813833003,"Flor Vischi Cortés",https://www.facebook.com/flor.vischi,1
Laura,Mestre,lauu.mestre@facebook.com,"14 de Marzo",https://www.facebook.com/lauu.mestre,27,"Buenos Aires","Buenos Aires","Buenos Aires",Argentina,791007828,"Gaston Vilalta",0,1
Alan,Miño,alancete.paravos@facebook.com,"14 de Marzo",https://www.facebook.com/alancete.paravos,,,"Ciudad Autónoma de Buenos Aires","Buenos Aires",Argentina,1523427470,"Cynthia Gianni",,1
Facundo,Alcala,facundoalcala@facebook.com,"14 de Marzo",https://www.facebook.com/facundoalcala,,,"Ciudad Autónoma de Buenos Aires","Buenos Aires",Argentina,1374298021,"Agustin Justin",https://www.facebook.com/Agustin.Justin,1
Mayra,"Perez Morales",mayra.perezmorales@facebook.com,"14 de Marzo",https://www.facebook.com/mayra.perezmorales,21,,"Ciudad Autónoma de Buenos Aires","Buenos Aires",Argentina,1075853261,"Nano Vaquer",,1
Braian,Guitard,braian11957@facebook.com,"14 de Marzo",https://www.facebook.com/braian11957,,,"Ciudad Autónoma de Buenos Aires","Buenos Aires",Argentina,100002625105516,"Guille Rampo",https://www.facebook.com/guillermo.rampo,1
Argentina,Promotoras,scoutingpromotoras@facebook.com,"14 de Marzo",https://www.facebook.com/scoutingpromotoras,29,,"Ciudad Autónoma de Buenos Aires","Buenos Aires",Argentina,100001881701540,"Noelia Juskiewicz",https://www.facebook.com/noelia.juskiewicz,1
Caro,Cascú,carolina.sayavedra.5@facebook.com,"14 de Marzo",https://www.facebook.com/carolina.sayavedra.5,,,"Ciudad Autónoma de Buenos Aires","Buenos Aires",Argentina,100003750896524,"Julio Roberto Cuevas",https://www.facebook.com/julioroberto.cuevas,1
Mechi,Cristiano,mechi.cristiano@facebook.com,"14 de Marzo",https://www.facebook.com/mechi.cristiano,29,,"Ciudad Autónoma de Buenos Aires","Buenos Aires",Argentina,627045112,"Marina Castagnino",https://www.facebook.com/castagnino,1
LuNi,Capano,luucapano@facebook.com,"14 de Marzo",https://www.facebook.com/LuuCapano,,,"Ciudad Autónoma de Buenos Aires","Buenos Aires",Argentina,1586177118,"Franco Palermo",,1
Vanesa,Veliz,vanesa.veliz.90@facebook.com,"14 de Marzo",https://www.facebook.com/vanesa.veliz.90,,,"Ciudad Autónoma de Buenos Aires","Buenos Aires",Argentina,834993076,"Marcelo Rodriguez",,1
Iris,Thuesen,irisjaaazmin@facebook.com,"14 de Marzo",https://www.facebook.com/irisjaaazmin,,,"Ciudad Autónoma de Buenos Aires","Buenos Aires",Argentina,558431222,"Nano Vaquer",,1
Ruben,Ciambrignoni,ruben.ciambrignoni@facebook.com,"14 de Marzo",https://www.facebook.com/ruben.ciambrignoni,23,,"Ciudad Autónoma de Buenos Aires","Buenos Aires",Argentina,1163610800,"Axx Agustin",https://www.facebook.com/Ax.Agustin,1
Urbana,Carteras,urbana.carteras@facebook.com,"14 de Marzo",https://www.facebook.com/urbana.carteras,,,"Ciudad Autónoma de Buenos Aires","Buenos Aires",Argentina,100001478496894,"Flor Scalise",https://www.facebook.com/flor.scalise,1
Moda,Lara,moda.lara.1@facebook.com,"14 de Marzo",https://www.facebook.com/moda.lara.1,,,"Ciudad Autónoma de Buenos Aires","Buenos Aires",Argentina,100001480756904,"Flor Scalise",https://www.facebook.com/flor.scalise,1
Kika,Friday,kika.friday.39@facebook.com,"14 de Marzo",https://www.facebook.com/kika.friday.39,28,,"Ciudad Autónoma de Buenos Aires","Buenos Aires",Argentina,100007799081447,"Agustin Sujo",https://www.facebook.com/agustin.sujook,1
Mario,Avallone,mario.avallone.399@facebook.com,"14 de Marzo",https://www.facebook.com/mario.avallone.399,,,"Ciudad Autónoma de Buenos Aires","Buenos Aires",Argentina,1551803946,"Susan Romano",,1
Casa,Sacchi,casa.sacchi@facebook.com,"14 de Marzo",https://www.facebook.com/casa.sacchi,,,"Ciudad Autónoma de Buenos Aires","Buenos Aires",Argentina,100001903368492,"Tia Lu",https://www.facebook.com/vivardo.lucia,1
Selket,Accesorios,selket.accesorios@facebook.com,"14 de Marzo",https://www.facebook.com/selket.accesorios,27,,"Ciudad Autónoma de Buenos Aires","Buenos Aires",Argentina,100001418658938,"Kati Mosich",https://www.facebook.com/kati.mosich,1
"Oscar Tomas",Monsegur,oscartomas.monsegur@facebook.com,"14 de Marzo",https://www.facebook.com/oscartomas.monsegur,,Recoleta,"Ciudad Autónoma de Buenos Aires","Buenos Aires",Argentina,1209901205,"Franco Marcoccia",https://www.facebook.com/franco.marcoccia,1
Gustavo,"Sito Alvarado",gustavo.sito@facebook.com,"14 de Marzo",https://www.facebook.com/gustavo.sito,,,"Ciudad Autónoma de Buenos Aires","Buenos Aires",Argentina,1030344260,"Matias Blas",https://www.facebook.com/Matias.Blas,1
Victoria,Bos,victoria.bos.9@facebook.com,"14 de Marzo",https://www.facebook.com/victoria.bos.9,24,,"Ciudad Autónoma de Buenos Aires","Buenos Aires",Argentina,100000313299621,"Lucia Benavídez",,1
Musicbox,Show,showmusicbox@facebook.com,"14 de Marzo",https://www.facebook.com/ShowMusicBox,,,"Ciudad Autónoma de Buenos Aires","Buenos Aires",Argentina,100002270733412,"Flor Scalise",https://www.facebook.com/flor.scalise,1
Ine,Alvarez,ine.alvarez.17@facebook.com,"14 de Marzo",https://www.facebook.com/ine.alvarez.17,23,,"Ciudad Autónoma de Buenos Aires","Buenos Aires",Argentina,835552339,"Bren Gayol",,1
Ingrid,Gardeazabal,ingrid.gardeazabal@facebook.com,"14 de Marzo",https://www.facebook.com/ingrid.gardeazabal,23,,"Ciudad Autónoma de Buenos Aires","Buenos Aires",Argentina,100000252122496,"Pamela Altamiranda",https://www.facebook.com/pamela.altamiranda1,1
Diego,Perrotta,diego.perrotta.52@facebook.com,"14 de Marzo",https://www.facebook.com/diego.perrotta.52,,,"Ciudad Autónoma de Buenos Aires","Buenos Aires",Argentina,1139005611,"Flor Scalise",https://www.facebook.com/flor.scalise,1
Patricia,Acevedo,patricia.acevedo.7545@facebook.com,"14 de Marzo",https://www.facebook.com/patricia.acevedo.7545,23,,"Ciudad Autónoma de Buenos Aires","Buenos Aires",Argentina,100000267098022,"Pamela Altamiranda",https://www.facebook.com/pamela.altamiranda1,1
Gabriela,Ciccone,gabriela.ciccone.75@facebook.com,"14 de Marzo",https://www.facebook.com/gabriela.ciccone.75,,,"Ciudad Autónoma de Buenos Aires","Buenos Aires",Argentina,1107043527,"Alejandro Amitrano",,1
Mediaciones,Privadas,mediaciones.privadas@facebook.com,"14 de Marzo",https://www.facebook.com/mediaciones.privadas,,,"Ciudad Autónoma de Buenos Aires","Buenos Aires",Argentina,100000906783812,"Sol Policastro",https://www.facebook.com/solangeforever,1
Sofi,Ricotta,sofi.ricotta@facebook.com,"14 de Marzo",https://www.facebook.com/sofi.ricotta,,,"Ciudad Autónoma de Buenos Aires","Buenos Aires",Argentina,1489490958,"Martín Álvarez BA I",https://www.facebook.com/Woody.Blair,1
Martincho,Fernandez,martin.mansilla.90834@facebook.com,"14 de Marzo",https://www.facebook.com/martin.mansilla.90834,23,Constitución,"Ciudad Autónoma de Buenos Aires","Buenos Aires",Argentina,100006508747508,"Cristian Fernandez Villamor",https://www.facebook.com/cristian.fernandezvillamo,1
Miili,Herrera,miili.herrera@facebook.com,"14 de Marzo",https://www.facebook.com/miili.herrera,25,"Buenos Aires","Buenos Aires","Buenos Aires",Argentina,100003493123527,"Juan Pablo Aleman",0,1
Juan,GL,greenl.juan@facebook.com,"14 de Marzo",https://www.facebook.com/greenl.juan,,,"Ciudad Autónoma de Buenos Aires","Buenos Aires",Argentina,1499246213,"Cristian Pluis",,1
Hartas,"De Ser Buenas",hartas.deserbuenas@facebook.com,"14 de Marzo",https://www.facebook.com/hartas.deserbuenas,29,"Villa Pueyrredón","Ciudad Autónoma de Buenos Aires","Buenos Aires",Argentina,100004157560818,"Florencia Ferrari",https://www.facebook.com/florenciaferrari.1403,1
Magalí,Miguel,maggie.mig@facebook.com,"14 de Marzo",https://www.facebook.com/maggie.mig,,,"Ciudad Autónoma de Buenos Aires","Buenos Aires",Argentina,1472947061,"Juan Antonio Papagni Meca",https://www.facebook.com/juanantoniopapagnimeca,1
Ulises,"Di Sandro",ulises.disandro@facebook.com,"14 de Marzo",https://www.facebook.com/ulises.disandro,22,,"Ciudad Autónoma de Buenos Aires","Buenos Aires",Argentina,1384154255,"Sofu Maddonni",https://www.facebook.com/ssofiia,1
Marianela,Virgona,mar.virgona@facebook.com,"14 de Marzo",https://www.facebook.com/mar.virgona,30,,"Ciudad Autónoma de Buenos Aires","Buenos Aires",Argentina,811050579,"Betsabé Baxter",https://www.facebook.com/betsabe.baxter,1
"Pez Enel",Agua,pezenel.agua.5@facebook.com,"14 de Marzo",https://www.facebook.com/pezenel.agua.5,28,,"Ciudad Autónoma de Buenos Aires","Buenos Aires",Argentina,100003613399590,"Gisela Tesei",,1
Karina,"Lusi Palombarini",karypalombarini@facebook.com,"14 de Marzo",https://www.facebook.com/karypalombarini,22,,"Ciudad Autónoma de Buenos Aires","Buenos Aires",Argentina,1519729346,"Fran L. Ocampo",https://www.facebook.com/franco,1
"Ooh Lala",Deco,oohlaladeco@facebook.com,"14 de Marzo",https://www.facebook.com/oohlaladeco,28,,"Ciudad Autónoma de Buenos Aires","Buenos Aires",Argentina,100003714788393,"Gisela Tesei",,1
Merino,Bar,merinobar1@facebook.com,"14 de Marzo",https://www.facebook.com/merinobar1,23,,"Ciudad Autónoma de Buenos Aires","Buenos Aires",Argentina,100007808136496,"Clara Ryan",https://www.facebook.com/clariryaneventos,1
Upcn,AccionSocial,upcnacsoc@facebook.com,"14 de Marzo",https://www.facebook.com/upcnacsoc,,,"Ciudad Autónoma de Buenos Aires","Buenos Aires",Argentina,100001970206605,"Sol Policastro",https://www.facebook.com/solangeforever,1
Ignacio,Palermo,ignacio.palermo@facebook.com,"14 de Marzo",https://www.facebook.com/ignacio.palermo,,,"Ciudad Autónoma de Buenos Aires","Buenos Aires",Argentina,715015630,"Brian Hettich",https://www.facebook.com/brianghettich,1
Rocker,Pedrá,rockersanpra@facebook.com,"14 de Marzo",https://www.facebook.com/rockersanpra,30,,"Ciudad Autónoma de Buenos Aires","Buenos Aires",Argentina,100006300998958,"Michelle Ribeiro",,1
Dario,Dominici,dario.dominici@facebook.com,"14 de Marzo",https://www.facebook.com/dario.dominici,,,"Ciudad Autónoma de Buenos Aires","Buenos Aires",Argentina,661343096,"Marcela Miracolo",https://www.facebook.com/marcela.miracolo,1
Isabella,Beltra,isabella.beltra.3@facebook.com,"15 de Marzo",https://www.facebook.com/isabella.beltra.3,30,,"Ciudad Autónoma de Buenos Aires","Buenos Aires",Argentina,100001626600906,"Martín Álvarez BA I",https://www.facebook.com/Woody.Blair,1
Juan,Basualdo,juan.basualdo@facebook.com,"15 de Marzo",https://www.facebook.com/juan.basualdo,,Versailles,"Ciudad Autónoma de Buenos Aires","Distrito Federal",Argentina,1182801887,"Facu Denegri",,1
Sergio,Minjolou,sminjolougray@facebook.com,"15 de Marzo",https://www.facebook.com/sminjolougray,27,,"Ciudad Autónoma de Buenos Aires","Buenos Aires",Argentina,1080084519,"Carlos Wilson",,1
"Alexis Sebastian",Buchet,alexissebastian.buchet@facebook.com,"15 de Marzo",https://www.facebook.com/alexissebastian.buchet,,,"Ciudad Autónoma de Buenos Aires","Buenos Aires",Argentina,100000294051833,"Gisele Fratini",https://www.facebook.com/giakdmik,1
Belén,Podestá,belen.podesta.14@facebook.com,"15 de Marzo",https://www.facebook.com/belen.podesta.14,23,,"Ciudad Autónoma de Buenos Aires","Buenos Aires",Argentina,579866140,"Ignacio Busquiazo",https://www.facebook.com/ignacio.busquiazo,1
Juliana,Cerritelli,juliana.cerritelli@facebook.com,"15 de Marzo",https://www.facebook.com/juliana.cerritelli,,,"Ciudad Autónoma de Buenos Aires","Buenos Aires",Argentina,1046161038,"Felicitas Ghigliotti",https://www.facebook.com/felicitas.ghigliotti,1
María,Florencia,florencia1502@facebook.com,"15 de Marzo",https://www.facebook.com/Florencia1502,29,,"Ciudad Autónoma de Buenos Aires","Buenos Aires",Argentina,770094429,"Dario Larreina",https://www.facebook.com/dariol80,1
Maximiliano,Alvarez,maximiliano.alvarez.54@facebook.com,"15 de Marzo",https://www.facebook.com/maximiliano.alvarez.54,21,,"Ciudad Autónoma de Buenos Aires","Buenos Aires",Argentina,100001307784718,"Julieta Belen",,1
Leandro,Lopez,leandro.lopez.96558@facebook.com,"15 de Marzo",https://www.facebook.com/leandro.lopez.96558,25,,"Ciudad Autónoma de Buenos Aires","Buenos Aires",Argentina,100000545500698,"Ignacio Lines Ceruti",https://www.facebook.com/ignacio.lines,1
Leonardo,Salinas,elmasmejorr@facebook.com,"15 de Marzo",https://www.facebook.com/elmasmejorr,25,,"Ciudad Autónoma de Buenos Aires","Buenos Aires",Argentina,1050516241,"Lucía Lopez Aleman",https://www.facebook.com/marialucialopezaleman,1
Luigi,Celentano,thingsmiami@facebook.com,"15 de Marzo",https://www.facebook.com/thingsmiami,27,,"Ciudad Autónoma de Buenos Aires","Buenos Aires",Argentina,678257906,"Lo Lola",,1
LondonGround,Ldg,londonground@facebook.com,"15 de Marzo",https://www.facebook.com/londonground,,,"Ciudad Autónoma de Buenos Aires","Buenos Aires",Argentina,100000668305753,"Vanesa Macias",https://www.facebook.com/vanesa.macias1,1
Eleonora,Garnica,eleonora.garnica@facebook.com,"15 de Marzo",https://www.facebook.com/eleonora.garnica,,Agronomía,"Ciudad Autónoma de Buenos Aires","Distrito Federal",Argentina,100000312934864,"Brian Cano",,1
Dani,Salerno,danisalern@facebook.com,"15 de Marzo",https://www.facebook.com/danisalern,21,,"Ciudad Autónoma de Buenos Aires","Buenos Aires",Argentina,1119080071,"Agustina Pelle Müller",,1
Brian,Estigarribia,minibrai@facebook.com,"15 de Marzo",https://www.facebook.com/minibrai,,,"Ciudad Autónoma de Buenos Aires","Buenos Aires",Argentina,100002595474094,"Juan Elias Catan",https://www.facebook.com/juan.724,1
Nory,Salvatierra,norysalvatierra@facebook.com,"15 de Marzo",https://www.facebook.com/norysalvatierra,,"Buenos Aires","Buenos Aires","Buenos Aires",Argentina,1360151238,"Roberto Hatti",0,1
Pamela,Calderón,pam.scv@facebook.com,"15 de Marzo",https://www.facebook.com/pam.scv,23,,"Ciudad Autónoma de Buenos Aires","Buenos Aires",Argentina,600446291,"La Rockeria",https://www.facebook.com/oveja1,1
Julieta,"Suarez Valente",astrologatarotista@facebook.com,"15 de Marzo",https://www.facebook.com/AstrologaTarotista,,,"Ciudad Autónoma de Buenos Aires","Buenos Aires",Argentina,100002525898451,"Cynthia Tatiana Martinez Neves",https://www.facebook.com/cynthiatatiana.martinezne,1
Camila,Coronel,camila.coronel.33@facebook.com,"15 de Marzo",https://www.facebook.com/camila.coronel.33,,,"Ciudad Autónoma de Buenos Aires","Buenos Aires",Argentina,100003494776344,"Fabian Robelek",https://www.facebook.com/robelek,1
Ricos,Regalitos,ricos.regalitos@facebook.com,"15 de Marzo",https://www.facebook.com/ricos.regalitos,,,"Ciudad Autónoma de Buenos Aires","Buenos Aires",Argentina,100002527474719,"Cynthia Tatiana Martinez Neves",https://www.facebook.com/cynthiatatiana.martinezne,1
Eduardo,Markarian,eduardo.markarian@facebook.com,"15 de Marzo",https://www.facebook.com/eduardo.markarian,,,"Ciudad Autónoma de Buenos Aires","Buenos Aires",Argentina,1274617472,"Mariana Fournier",https://www.facebook.com/mariana.fournier1,1
Santiago,Rinaldi,rinaldi.santi@facebook.com,"15 de Marzo",https://www.facebook.com/rinaldi.santi,,,"Ciudad Autónoma de Buenos Aires","Buenos Aires",Argentina,602577354,"Matias Duarte",,1
German,Tosonieri,german.tosonieri@facebook.com,"15 de Marzo",https://www.facebook.com/german.tosonieri,27,,"Ciudad Autónoma de Buenos Aires","Buenos Aires",Argentina,100002119065949,"La Rockeria",https://www.facebook.com/oveja1,1
Emergencias,Artisticas,emergencias.artisticas@facebook.com,"15 de Marzo",https://www.facebook.com/emergencias.artisticas,22,Barracas,"Ciudad Autónoma de Buenos Aires","Buenos Aires",Argentina,100001917073350,"Ariel Villarreal",,1
Maurice,Lloyd,maurice.c.lloyd@facebook.com,"15 de Marzo",https://www.facebook.com/maurice.c.lloyd,,"San Telmo","Ciudad Autónoma de Buenos Aires","Buenos Aires",Argentina,1669063617,"Marcelo Gustavo Salerno",https://www.facebook.com/marcelogustavo.salerno,1
Veronica,Kim,veronica.kim2@facebook.com,"15 de Marzo",https://www.facebook.com/veronica.kim2,,"Buenos Aires","Buenos Aires","Buenos Aires",Argentina,100000512566697,"Alan Yun",0,1
Luana,Solorzano,luanabeelen@facebook.com,"15 de Marzo",https://www.facebook.com/LuanaBeelen,,,"Ciudad Autónoma de Buenos Aires","Buenos Aires",Argentina,100000484701747,"Gabi López",,1
Bodega,"Cinco Tierras",bodega.cincotierras@facebook.com,"15 de Marzo",https://www.facebook.com/bodega.cincotierras,,,"Ciudad Autónoma de Buenos Aires","Buenos Aires",Argentina,100001628810514,"Lupe Dávalos",https://www.facebook.com/guadinight,1
Bunker,Dominicano,drinkdominicano.rinconcitocaribeno@facebook.com,"15 de Marzo",https://www.facebook.com/drinkdominicano.rinconcitocaribeno,29,,"Ciudad Autónoma de Buenos Aires","Buenos Aires",Argentina,100005587333041,"Alejandro Cocktila Acosta",https://www.facebook.com/alejandro.acosta,1
Matias,Ferraro,mati.tkb@facebook.com,"15 de Marzo",https://www.facebook.com/mati.tkb,,,"Ciudad Autónoma de Buenos Aires","Buenos Aires",Argentina,1051082333,"Tamara Arias",,1
Julian,Cai,julian.cai.5@facebook.com,"15 de Marzo",https://www.facebook.com/julian.cai.5,23,,"Ciudad Autónoma de Buenos Aires","Buenos Aires",Argentina,100000647787332,"Juan Cruz Albornoz",,1
Antonella,Uran,m.antonella.uran@facebook.com,"15 de Marzo",https://www.facebook.com/m.antonella.uran,,Recoleta,"Ciudad Autónoma de Buenos Aires","Buenos Aires",Argentina,1217265035,"Fran L. Ocampo",https://www.facebook.com/franco,1
"Paul Mateo",Vera,paulmateo.vera@facebook.com,"15 de Marzo",https://www.facebook.com/paulmateo.vera,,,"Ciudad Autónoma de Buenos Aires","Buenos Aires",Argentina,100000398121029,"Carlina Piedra",https://www.facebook.com/carlina.piedra,1
Dany,Dacar,danydacar@facebook.com,"15 de Marzo",https://www.facebook.com/DANYDACAR,,,"Ciudad Autónoma de Buenos Aires","Buenos Aires",Argentina,1348371663,"Nadia Vannessa",https://www.facebook.com/nadiavannessa18,1
Agustina,Machado,agustina.machado.359@facebook.com,"15 de Marzo",https://www.facebook.com/agustina.machado.359,,,"Ciudad Autónoma de Buenos Aires","Buenos Aires",Argentina,100004630142601,"Facu Denegri",,1
Animaciones,Pipina,animaciones.pipina@facebook.com,"15 de Marzo",https://www.facebook.com/animaciones.pipina,29,,"Ciudad Autónoma de Buenos Aires","Buenos Aires",Argentina,100003810069491,"Gisele Fratini",https://www.facebook.com/giakdmik,1
Nicolás,Raw,nicolas.damian.raw1@facebook.com,"15 de Marzo",https://www.facebook.com/nicolas.damian.raw1,29,,"Ciudad Autónoma de Buenos Aires","Buenos Aires",Argentina,1101740171,"Carlina Piedra",https://www.facebook.com/carlina.piedra,1
Andres,"Pino Alvares",andres.etcheverryrivas.7@facebook.com,"15 de Marzo",https://www.facebook.com/andres.etcheverryrivas.7,24,,"Ciudad Autónoma de Buenos Aires","Buenos Aires",Argentina,100004162717030,"Antonela Monachesi",https://www.facebook.com/anto.monachesi,1
Remeras,Recitales,remerecitales@facebook.com,"15 de Marzo",https://www.facebook.com/remerecitales,,,"Ciudad Autónoma de Buenos Aires","Buenos Aires",Argentina,100002637387816,"Karina Gianelli",https://www.facebook.com/karina.gianelli,1
MMia,Recoleta,jose.bermudez.906638@facebook.com,"15 de Marzo",https://www.facebook.com/jose.bermudez.906638,,,"Ciudad Autónoma de Buenos Aires","Buenos Aires",Argentina,100005304611680,"Romina Toller",,1
Domi,Arias,dominique.arias.94@facebook.com,"15 de Marzo",https://www.facebook.com/dominique.arias.94,,,"Ciudad Autónoma de Buenos Aires","Buenos Aires",Argentina,1286481537,"Sofu Maddonni",https://www.facebook.com/ssofiia,1
Flor,Wajolz,flopewajolz@facebook.com,"15 de Marzo",https://www.facebook.com/flopewajolz,,,"Ciudad Autónoma de Buenos Aires","Buenos Aires",Argentina,100000833501732,"Aluhe Morbidoni",,1
Gonza,Garcilazo,ggdiego@facebook.com,"15 de Marzo",https://www.facebook.com/ggdiego,21,,"Ciudad Autónoma de Buenos Aires","Buenos Aires",Argentina,766314961,"Joni Aires",https://www.facebook.com/joniaires,1
"Maria Eugenia",Ledesma,euge.ledesma.1@facebook.com,"15 de Marzo",https://www.facebook.com/euge.ledesma.1,21,,"Ciudad Autónoma de Buenos Aires","Buenos Aires",Argentina,1110726132,"Nano Vaquer",,1
Franco,Diaz,franqitoodess121@facebook.com,"15 de Marzo",https://www.facebook.com/franqitoodess121,,,"Ciudad Autónoma de Buenos Aires","Buenos Aires",Argentina,1578442743,"Juanma Ramirez",,1
Agus,Ponce,ponce.agustin@facebook.com,"15 de Marzo",https://www.facebook.com/ponce.agustin,,,"Ciudad Autónoma de Buenos Aires","Buenos Aires",Argentina,677849427,"Pamela Gil",https://www.facebook.com/pamelagil,1
Soledad,Rojas,soledad.rojas.750@facebook.com,"15 de Marzo",https://www.facebook.com/soledad.rojas.750,29,,"Ciudad Autónoma de Buenos Aires","Buenos Aires",Argentina,1098280281,"Ale Arias Mandarine Park",,1
Feer,II,feer.ii.7@facebook.com,"15 de Marzo",https://www.facebook.com/feer.ii.7,22,,"Ciudad Autónoma de Buenos Aires","Buenos Aires",Argentina,100002944622442,"Nicolás García",https://www.facebook.com/Niccccccccco,1
Melu,Sanchez,meligisesanchez@facebook.com,"15 de Marzo",https://www.facebook.com/meligisesanchez,,,"Ciudad Autónoma de Buenos Aires","Buenos Aires",Argentina,1560338712,"Gabriela Competiello",,1
Marcos,Sendra,marcos.sendra.3@facebook.com,"15 de Marzo",https://www.facebook.com/marcos.sendra.3,23,,"Ciudad Autónoma de Buenos Aires","Buenos Aires",Argentina,545387754,"Ariel Rivera",,1
"María Florencia",Sapia,mariaflorencia.sapia@facebook.com,"15 de Marzo",https://www.facebook.com/mariaflorencia.sapia,,,"Ciudad Autónoma de Buenos Aires","Buenos Aires",Argentina,100000804813785,"Diego Binayan",https://www.facebook.com/diego.binayan,1
Agustin,Saavedra,agusaavedra@facebook.com,"15 de Marzo",https://www.facebook.com/agusaavedra,,,"Ciudad Autónoma de Buenos Aires","Buenos Aires",Argentina,1548140709,"Ale Arias Mandarine Park",,1
Veronica,Zuberbuhler,veronica.zuberbuhler@facebook.com,"15 de Marzo",https://www.facebook.com/veronica.zuberbuhler,,,"Ciudad Autónoma de Buenos Aires","Buenos Aires",Argentina,1110047239,"Cristian Fernandez Villamor",https://www.facebook.com/cristian.fernandezvillamo,1
"Fernanda Maria",Blasco,fernandamaria.blasco@facebook.com,"15 de Marzo",https://www.facebook.com/fernandamaria.blasco,26,,"Ciudad Autónoma de Buenos Aires","Buenos Aires",Argentina,1020346058,"Mauro Napole",https://www.facebook.com/maurinapole,1
Laureano,Demarias,laureano.demarias@facebook.com,"15 de Marzo",https://www.facebook.com/laureano.demarias,29,,"Ciudad Autónoma de Buenos Aires","Buenos Aires",Argentina,100003152404744,"Gastón Alejandro Di Lella",https://www.facebook.com/gastondilella,1
Walter,Blaqvier,j.wcasas@facebook.com,"15 de Marzo",https://www.facebook.com/j.wcasas,23,,"Ciudad Autónoma de Buenos Aires","Buenos Aires",Argentina,1334668580,"Cristian Fernandez Villamor",https://www.facebook.com/cristian.fernandezvillamo,1
Wanaby,Produc,wanabyproducciones@facebook.com,"15 de Marzo",https://www.facebook.com/wanabyproducciones,,,"Ciudad Autónoma de Buenos Aires","Buenos Aires",Argentina,100001827697248,"Maria Lucila Quarleri",https://www.facebook.com/maria.quarleri,1
Javi,Villegas,javi.villegas.10@facebook.com,"15 de Marzo",https://www.facebook.com/javi.villegas.10,25,,"Ciudad Autónoma de Buenos Aires","Buenos Aires",Argentina,1618563834,"Agustina Pelle Müller",,1
Gaston,Vieyra,gaston.vieyra.3@facebook.com,"15 de Marzo",https://www.facebook.com/gaston.vieyra.3,22,,"Ciudad Autónoma de Buenos Aires","Buenos Aires",Argentina,100001089023105,"Matias Duarte",,1
Bernadette,Estilista,bernadette.maquillaje.peinado@facebook.com,"15 de Marzo",https://www.facebook.com/bernadette.maquillaje.peinado,25,,"Ciudad Autónoma de Buenos Aires","Buenos Aires",Argentina,758893649,"Juan Manuel Fotografo",https://www.facebook.com/JuanmaJMFotoEstudio,1
Ezequiel,Perón,ezeqieldc@facebook.com,"15 de Marzo",https://www.facebook.com/EzeqielDc,,,"Ciudad Autónoma de Buenos Aires","Buenos Aires",Argentina,100000351501678,"Juan Elias Catan",https://www.facebook.com/juan.724,1
Thiago,Matias,lucky7bsas@facebook.com,"15 de Marzo",https://www.facebook.com/lucky7bsas,,,"Ciudad Autónoma de Buenos Aires","Buenos Aires",Argentina,100000137698192,"Gisele Fratini",https://www.facebook.com/giakdmik,1
Gaston,Prada,nikodevillacelina@facebook.com,"15 de Marzo",https://www.facebook.com/Nikodevillacelina,21,,"Ciudad Autónoma de Buenos Aires","Buenos Aires",Argentina,100000414465049,"Pedro Lopezyfernandez",https://www.facebook.com/pedronahuel,1
Yessi,Ibañez,yessi.ibanez.9@facebook.com,"15 de Marzo",https://www.facebook.com/yessi.ibanez.9,21,,"Ciudad Autónoma de Buenos Aires","Buenos Aires",Argentina,1468934688,"Juan Elias Catan",https://www.facebook.com/juan.724,1
Lamorochaluzbelita,Magali,magali.sayago2@facebook.com,"15 de Marzo",https://www.facebook.com/magali.sayago2,30,,"Ciudad Autónoma de Buenos Aires","Buenos Aires",Argentina,100000693490570,"Ariel Galinski",https://www.facebook.com/ariel.galinski,1
Profesionales,Turismo,profesionales.i.turismo@facebook.com,"15 de Marzo",https://www.facebook.com/profesionales.i.turismo,,,"Ciudad Autónoma de Buenos Aires","Buenos Aires",Argentina,1417587761,"Riberas Del Parana",https://www.facebook.com/riberas.delparana,1
Adrian,Soria,adrian.soria.5@facebook.com,"16 de Marzo",https://www.facebook.com/adrian.soria.5,,,"Ciudad Autónoma de Buenos Aires","Buenos Aires",Argentina,100002477648487,"Silvia Fernandez",https://www.facebook.com/silviafernandezchivi,1
Luciano,Gamero,lgamero@facebook.com,"16 de Marzo",https://www.facebook.com/lgamero,,,"Ciudad Autónoma de Buenos Aires","Buenos Aires",Argentina,1255026755,"Miqui Berriòs",https://www.facebook.com/miqui.berrios,1
Sofi,Troc,sofi.troc.7@facebook.com,"16 de Marzo",https://www.facebook.com/sofi.troc.7,,,"Ciudad Autónoma de Buenos Aires","Buenos Aires",Argentina,1110336642,"Nati Tróccoli",https://www.facebook.com/nataliatt1,1
Fabi,Benitez,frog.quilmes@facebook.com,"16 de Marzo",https://www.facebook.com/Frog.Quilmes,,,"Ciudad Autónoma de Buenos Aires","Buenos Aires",Argentina,1646273659,"Agus Garibaldi",https://www.facebook.com/agus.garibaldi,1
Micaela,Paitz,miicaelah@facebook.com,"16 de Marzo",https://www.facebook.com/miicaelah,,,"Ciudad Autónoma de Buenos Aires","Buenos Aires",Argentina,100001575375412,"Tomás Eis",,1
Yoka,"Stand Up",lamanga.standup@facebook.com,"16 de Marzo",https://www.facebook.com/lamanga.standup,,,"Ciudad Autónoma de Buenos Aires","Buenos Aires",Argentina,100003965599936,"Flor Scalise",https://www.facebook.com/flor.scalise,1
Cata,Wakstein,cata.wakstein@facebook.com,"16 de Marzo",https://www.facebook.com/cata.wakstein,,,"Ciudad Autónoma de Buenos Aires","Buenos Aires",Argentina,100000183550321,"Alfonso Bron",https://www.facebook.com/bronalfonso,1
Adapt,AR,adapt.ar.5@facebook.com,"16 de Marzo",https://www.facebook.com/adapt.ar.5,29,,"Ciudad Autónoma de Buenos Aires","Buenos Aires",Argentina,100008019394596,"Gisela Tesei",,1
Renata,Troncoso,renutroncoso@facebook.com,"16 de Marzo",https://www.facebook.com/renutroncoso,,,"Ciudad Autónoma de Buenos Aires","Buenos Aires",Argentina,1095170355,"Alan Volper",https://www.facebook.com/alan.volper,1
Terrazas,Cumpleaños,terrazas.deleste.750@facebook.com,"16 de Marzo",https://www.facebook.com/terrazas.deleste.750,23,,"Ciudad Autónoma de Buenos Aires","Buenos Aires",Argentina,100007149161017,"Ago Benedettini",https://www.facebook.com/ago.benedettini,1
Gaston,Rosales,gastonrosalesccnv@facebook.com,"16 de Marzo",https://www.facebook.com/gastonrosalesccnv,,,"Ciudad Autónoma de Buenos Aires","Buenos Aires",Argentina,1206904416,"Natalia Tarelli",,1
Valeria,Espinola,valeria.espinola.7@facebook.com,"16 de Marzo",https://www.facebook.com/valeria.espinola.7,26,"Buenos Aires","Buenos Aires","Buenos Aires",Argentina,100001563711928,"Alan Yun",0,1
Elias,Gabriel,elias.cristino@facebook.com,"16 de Marzo",https://www.facebook.com/elias.cristino,,,"Ciudad Autónoma de Buenos Aires","Buenos Aires",Argentina,100001204078614,"Matías Panero",,1
Muny,Martinez,muny.martinez.7@facebook.com,"16 de Marzo",https://www.facebook.com/muny.martinez.7,,,"Ciudad Autónoma de Buenos Aires","Buenos Aires",Argentina,592370647,"Bian Tedesco",https://www.facebook.com/biaantedesco,1
Defensoría,"del Turista",defensoriadelturista@facebook.com,"16 de Marzo",https://www.facebook.com/defensoriadelturista,,,"Ciudad Autónoma de Buenos Aires","Buenos Aires",Argentina,100001181555148,"Ignacio Lines Ceruti",https://www.facebook.com/ignacio.lines,1
Santiago,Roncati,santironcati@facebook.com,"16 de Marzo",https://www.facebook.com/santironcati,,,"Ciudad Autónoma de Buenos Aires","Buenos Aires",Argentina,1052393992,"Ale Arias Mandarine Park",,1
Grupo,Meer,grupo.meer@facebook.com,"16 de Marzo",https://www.facebook.com/grupo.meer,,,"Ciudad Autónoma de Buenos Aires","Buenos Aires",Argentina,100001903074804,"Antonella La Torre",,1
Tomi,Caso,tomi.caso@facebook.com,"16 de Marzo",https://www.facebook.com/tomi.caso,24,,"Ciudad Autónoma de Buenos Aires","Buenos Aires",Argentina,100002323665138,"Manuel Saenz",,1
Belu,Quintana,kati.flor@facebook.com,"16 de Marzo",https://www.facebook.com/kati.flor,26,,"Ciudad Autónoma de Buenos Aires","Buenos Aires",Argentina,1636312003,"Jose Guevara",https://www.facebook.com/JoeGuevara81,1
Cateringcalle,Doce,cateringcalle12@facebook.com,"16 de Marzo",https://www.facebook.com/Cateringcalle12,,,"Ciudad Autónoma de Buenos Aires","Buenos Aires",Argentina,1365663934,"Juan Manuel Fotografo",https://www.facebook.com/JuanmaJMFotoEstudio,1
Gabriela,Otero,gaabriieliitaa@facebook.com,"16 de Marzo",https://www.facebook.com/Gaabriieliitaa,24,Array,"Ciudad Autónoma de Buenos Aires","Buenos Aires",Argentina,1339969565,"Peter GC",0,1
Gabriel,Rodriguez,gabrielhernan.rodriguez@facebook.com,"16 de Marzo",https://www.facebook.com/gabrielhernan.rodriguez,30,,"Ciudad Autónoma de Buenos Aires","Buenos Aires",Argentina,1197475040,"Diego Molina",https://www.facebook.com/molinadh,1
Marcos,Cirando,marcos.cirando@facebook.com,"16 de Marzo",https://www.facebook.com/marcos.cirando,27,,"Ciudad Autónoma de Buenos Aires","Buenos Aires",Argentina,100000373931358,"Agustina Pelle Müller",,1
"Micaela Ron","Make Up",micaelaron.makeup@facebook.com,"16 de Marzo",https://www.facebook.com/micaelaron.makeup,22,,"Ciudad Autónoma de Buenos Aires","Buenos Aires",Argentina,100002355799293,"Jessica Bellomo",https://www.facebook.com/JessBellomo,1
"Jose Hugo",Moyano,josehugo.moyano@facebook.com,"16 de Marzo",https://www.facebook.com/josehugo.moyano,30,"Buenos Aires","Buenos Aires","Buenos Aires",Argentina,100000510434399,"Leo LugÓn",0,1
Adriana,Adanchec,adriana.adanchec@facebook.com,"16 de Marzo",https://www.facebook.com/adriana.adanchec,,,"Ciudad Autónoma de Buenos Aires","Buenos Aires",Argentina,1503348297,"Nahu Millicay Pereyra",https://www.facebook.com/nahumilli,1
Hugo,RD,hugo.rd.5@facebook.com,"16 de Marzo",https://www.facebook.com/hugo.rd.5,,,"Ciudad Autónoma de Buenos Aires","Buenos Aires",Argentina,1622211615,"Emme Elle Russo",https://www.facebook.com/emme.shantiom,1
Flor,Fregosi,florencia.fregosi@facebook.com,"16 de Marzo",https://www.facebook.com/florencia.fregosi,21,,"Ciudad Autónoma de Buenos Aires","Buenos Aires",Argentina,1346319827,"Nazarena Sierra",,1
"Fan Susana",Gimenez,fansusana.gimenez@facebook.com,"16 de Marzo",https://www.facebook.com/fansusana.gimenez,,,"Ciudad Autónoma de Buenos Aires","Buenos Aires",Argentina,100000192157429,"Gabriel Gutierrez",,1
Balumba,"Escuela de Arte",balumba.escueladearte@facebook.com,"16 de Marzo",https://www.facebook.com/balumba.escueladearte,,,"Ciudad Autónoma de Buenos Aires","Buenos Aires",Argentina,100000735387915,"Flor Scalise",https://www.facebook.com/flor.scalise,1
Carito,Brizuela,carito.brizuela.5@facebook.com,"16 de Marzo",https://www.facebook.com/carito.brizuela.5,,,"Ciudad Autónoma de Buenos Aires","Buenos Aires",Argentina,1027244140,"Matias Daniel Pascual",,1
North,Side,north.side.144@facebook.com,"16 de Marzo",https://www.facebook.com/north.side.144,21,,"Ciudad Autónoma de Buenos Aires","Buenos Aires",Argentina,100002148568795,"Jorge Biamonte",https://www.facebook.com/georgebiamonteok,1
"Azul Rocio",Marin,azulrocio.marin@facebook.com,"16 de Marzo",https://www.facebook.com/azulrocio.marin,21,,"Ciudad Autónoma de Buenos Aires","Buenos Aires",Argentina,100001569321857,"Flor Scalise",https://www.facebook.com/flor.scalise,1
"Sala De Ensayo",Chacatown,saladeensayo.chacatown@facebook.com,"16 de Marzo",https://www.facebook.com/saladeensayo.chacatown,,,"Ciudad Autónoma de Buenos Aires","Buenos Aires",Argentina,100001585271749,"Flor Scalise",https://www.facebook.com/flor.scalise,1
BeTo,Fernandez,beto.fernandez.58726@facebook.com,"16 de Marzo",https://www.facebook.com/beto.fernandez.58726,27,,"Ciudad Autónoma de Buenos Aires","Buenos Aires",Argentina,1543780126,"Silvia Fernandez",https://www.facebook.com/silviafernandezchivi,1
Avi,Vero,avril.sosa.986@facebook.com,"16 de Marzo",https://www.facebook.com/avril.sosa.986,28,,"Ciudad Autónoma de Buenos Aires","Buenos Aires",Argentina,100008029021227,"Eve Schiera",,1
Agustin,Artemisi,suga.artemisi@facebook.com,"16 de Marzo",https://www.facebook.com/Suga.artemisi,,,"Ciudad Autónoma de Buenos Aires","Buenos Aires",Argentina,1368491945,"Agustina Del Rosario Anzisi",https://www.facebook.com/AgustinadelRosario,1
Deimoona,Vampiria,deimoona.vampiria@facebook.com,"16 de Marzo",https://www.facebook.com/deimoona.vampiria,29,,"Ciudad Autónoma de Buenos Aires","Buenos Aires",Argentina,1409346957,"La Rockeria",https://www.facebook.com/oveja1,1
Javi,Costas,javicostas@facebook.com,"16 de Marzo",https://www.facebook.com/javicostas,25,,"Ciudad Autónoma de Buenos Aires","Buenos Aires",Argentina,753007619,"Estefania Rodriguez",,1
Martin,Ezcurdia,martin.ezcurdia@facebook.com,"16 de Marzo",https://www.facebook.com/martin.ezcurdia,23,,"Ciudad Autónoma de Buenos Aires","Buenos Aires",Argentina,549678844,"Alfonso Bron",https://www.facebook.com/bronalfonso,1
Marina,MakeUup,maquillaje.milamarzi.3@facebook.com,"16 de Marzo",https://www.facebook.com/maquillaje.milamarzi.3,,Olivos,Olivos,"Buenos Aires",Argentina,100000888312953,"Analia Petrocco",https://www.facebook.com/analia.petrocco,1
Mili,Molina,mili.molina.501@facebook.com,"16 de Marzo",https://www.facebook.com/mili.molina.501,24,,"Ciudad Autónoma de Buenos Aires","Buenos Aires",Argentina,1616798825,"Roxana del Prado",,1
Luly,Avella,luly.avella1@facebook.com,"16 de Marzo",https://www.facebook.com/luly.avella1,25,,"Ciudad Autónoma de Buenos Aires","Buenos Aires",Argentina,100002079107844,"Brenda Araceli Gonzalez",https://www.facebook.com/brendaaraceli.gonzalez,1
Fernando,Moguilevsky,fernando.moguilevsky@facebook.com,"16 de Marzo",https://www.facebook.com/fernando.moguilevsky,24,,"Ciudad Autónoma de Buenos Aires","Buenos Aires",Argentina,1303326140,"Piltra Toller",https://www.facebook.com/piltra,1
Sonia,Wang,sonia.wang.180@facebook.com,"16 de Marzo",https://www.facebook.com/sonia.wang.180,22,"Buenos Aires","Buenos Aires","Buenos Aires",Argentina,634241992,"Alan Yun",0,1
Facu,Pizarro,facundo.pizarro.507@facebook.com,"16 de Marzo",https://www.facebook.com/facundo.pizarro.507,,,"Ciudad Autónoma de Buenos Aires","Buenos Aires",Argentina,100004357874298,"M Agustina Ciarla Quintana",https://www.facebook.com/magustina.quintana,1
Agu,Iturria,agustina.iturria@facebook.com,"16 de Marzo",https://www.facebook.com/agustina.iturria,,,"Ciudad Autónoma de Buenos Aires","Buenos Aires",Argentina,1270206422,"Emiliano Pirolo",https://www.facebook.com/emi.pirolo,1
Enrique,Quiroga,enrique.quiroga3@facebook.com,"16 de Marzo",https://www.facebook.com/enrique.quiroga3,30,,"Ciudad Autónoma de Buenos Aires","Buenos Aires",Argentina,1537591641,"Cristian Pluis",,1
Javier,Pelzmajer,javier.pelzmajer@facebook.com,"16 de Marzo",https://www.facebook.com/javier.pelzmajer,,,"Ciudad Autónoma de Buenos Aires","Buenos Aires",Argentina,1049258394,"Miqui Berriòs",https://www.facebook.com/miqui.berrios,1
Wanda,Biss,wanda.biss.165@facebook.com,"16 de Marzo",https://www.facebook.com/wanda.biss.165,22,,"Ciudad Autónoma de Buenos Aires","Buenos Aires",Argentina,100006623411994,"Daiana Soledad Pintos",https://www.facebook.com/Sheena.is,1
Wilson,Vega,wilson.vega3@facebook.com,"16 de Marzo",https://www.facebook.com/wilson.vega3,28,"Nueva Pompeya","Ciudad Autónoma de Buenos Aires","Buenos Aires",Argentina,100001535444744,"Lo Lola",,1
Leiito,Veron,suuscribitereyna@facebook.com,"16 de Marzo",https://www.facebook.com/Suuscribitereyna,,,"Ciudad Autónoma de Buenos Aires","Buenos Aires",Argentina,100003604098943,"Gabi López",,1
David,Gherardini,dgherardini@facebook.com,"16 de Marzo",https://www.facebook.com/dgherardini,25,,"Ciudad Autónoma de Buenos Aires","Buenos Aires",Argentina,1126111864,"Sergio Acosta",,1
Cristian,Nuñez,cristian.nunez.18294@facebook.com,"16 de Marzo",https://www.facebook.com/cristian.nunez.18294,23,,"Ciudad Autónoma de Buenos Aires","Buenos Aires",Argentina,1445575162,"Mariano Calvagna",https://www.facebook.com/mariano.calvagna,1
Angel,Mendoza,angel.mendoza.906@facebook.com,"16 de Marzo",https://www.facebook.com/angel.mendoza.906,,,"Ciudad Autónoma de Buenos Aires","Buenos Aires",Argentina,100000893893147,"Bë Döbiencita",https://www.facebook.com/be.dobiencita,1
Vicky,Cóspito,vicky.cospito@facebook.com,"16 de Marzo",https://www.facebook.com/vicky.cospito,,"Buenos Aires","Buenos Aires","Buenos Aires",Argentina,803528653,"Luciana Paione Oleszuk",0,1
Lupita,Zingale,guada.zingale.3@facebook.com,"16 de Marzo",https://www.facebook.com/guada.zingale.3,24,,"Ciudad Autónoma de Buenos Aires","Buenos Aires",Argentina,100006652898551,"Alejandra Diaz De Vivar",,1
Chiky,Ocampo,maxy.ocampo@facebook.com,"16 de Marzo",https://www.facebook.com/maxy.ocampo,24,"La Boca","Ciudad Autónoma de Buenos Aires","Buenos Aires",Argentina,100001290114720,"Sindy Elisa Szczucky",https://www.facebook.com/sindy.szczucky,1
Lucia,Kicker,lulakicker@facebook.com,"16 de Marzo",https://www.facebook.com/lulakicker,,,"Ciudad Autónoma de Buenos Aires","Buenos Aires",Argentina,100000678302204,"Emilce Castro",,1
Diego,Rojas,diego.rojas.125323@facebook.com,"16 de Marzo",https://www.facebook.com/diego.rojas.125323,,,"Ciudad Autónoma de Buenos Aires","Buenos Aires",Argentina,100003831785801,"Vanesa Marinich",https://www.facebook.com/vanesa.marinich,1
"Anima Blu",Indumentaria,animablu.indumentaria@facebook.com,"17 de Marzo",https://www.facebook.com/animablu.indumentaria,,,"Ciudad Autónoma de Buenos Aires","Buenos Aires",Argentina,1575905127,"Brenda Fabregat",https://www.facebook.com/brenda.fabregat,1
Sol,Layme,sol.layme1@facebook.com,"17 de Marzo",https://www.facebook.com/sol.layme1,,,"Ciudad Autónoma de Buenos Aires","Buenos Aires",Argentina,1469291233,"Natalia Tarelli",,1
Mechi,Fresco,mechi.fresco@facebook.com,"17 de Marzo",https://www.facebook.com/mechi.fresco,,,"Ciudad Autónoma de Buenos Aires","Buenos Aires",Argentina,721528094,"Rochi Christensen",https://www.facebook.com/rochi.christensen,1
Priscila,Dimango,prisciladimango@facebook.com,"17 de Marzo",https://www.facebook.com/prisciladimango,,,"Ciudad Autónoma de Buenos Aires","Buenos Aires",Argentina,1278056222,"Francisco Klausner",https://www.facebook.com/francisco.klausner,1
Fatima,Abraham,fatima.abraham3@facebook.com,"17 de Marzo",https://www.facebook.com/fatima.abraham3,,"Buenos Aires","Buenos Aires","Buenos Aires",Argentina,100001547817831,"Roberto Hatti",0,1
Caro,Zelada,caro.zelada1@facebook.com,"17 de Marzo",https://www.facebook.com/caro.zelada1,,,"Ciudad Autónoma de Buenos Aires","Buenos Aires",Argentina,1134074294,"Matias Blas",https://www.facebook.com/Matias.Blas,1
Aqui,Arte,aqui.arte@facebook.com,"17 de Marzo",https://www.facebook.com/aqui.arte,30,,"Ciudad Autónoma de Buenos Aires","Buenos Aires",Argentina,100002706447966,"Emiliano Pirolo",https://www.facebook.com/emi.pirolo,1
Jeff,Li,jeff.li.9250@facebook.com,"17 de Marzo",https://www.facebook.com/jeff.li.9250,21,,"Ciudad Autónoma de Buenos Aires","Buenos Aires",Argentina,711263008,"Ezequiel Sebastian Berardi",https://www.facebook.com/EzErAsTa,1
Gustiyy,Minniti,elturrodepp@facebook.com,"17 de Marzo",https://www.facebook.com/elturrodepp,24,,"Ciudad Autónoma de Buenos Aires","Buenos Aires",Argentina,100003470354473,"Giiu Minniti",https://www.facebook.com/giiu.minniti,1
Fermin,Carral,fermin.carral@facebook.com,"17 de Marzo",https://www.facebook.com/fermin.carral,21,,"Ciudad Autónoma de Buenos Aires","Buenos Aires",Argentina,100008116932828,"Julieta Belen",,1
Alberto,Cesoni,alberto.cesoni.3@facebook.com,"17 de Marzo",https://www.facebook.com/alberto.cesoni.3,,,"Ciudad Autónoma de Buenos Aires","Buenos Aires",Argentina,100002875509281,"Claudio Arias",https://www.facebook.com/clautrance,1
Bellas,Tentaciones,bellas.tentaciones@facebook.com,"17 de Marzo",https://www.facebook.com/bellas.tentaciones,29,,"Ciudad Autónoma de Buenos Aires","Buenos Aires",Argentina,100002458913422,"Barby Suarez",https://www.facebook.com/barby1522,1
Reina,Maína,reina.maina@facebook.com,"17 de Marzo",https://www.facebook.com/reina.maina,29,Liniers,"Ciudad Autónoma de Buenos Aires","Buenos Aires",Argentina,100002481016598,"Barby Suarez",https://www.facebook.com/barby1522,1
Lucas,Sacco,lucas.sacco.140@facebook.com,"17 de Marzo",https://www.facebook.com/lucas.sacco.140,28,,"Ciudad Autónoma de Buenos Aires","Buenos Aires",Argentina,100007867421095,"Guido Blarasin",https://www.facebook.com/guido.blarasin,1
Fiorella,Occhiato,fiorella.occhiato@facebook.com,"17 de Marzo",https://www.facebook.com/fiorella.occhiato,,,"Ciudad Autónoma de Buenos Aires","Buenos Aires",Argentina,1254309090,"Nicolás García",https://www.facebook.com/Niccccccccco,1
Brendiita,Suarez,laa.lamaskopada@facebook.com,"17 de Marzo",https://www.facebook.com/laa.lamaskopada,22,,"Ciudad Autónoma de Buenos Aires","Buenos Aires",Argentina,100001820928893,"Martín Álvarez BA I",https://www.facebook.com/Woody.Blair,1
Anabela,Castro,anabela.castro.142@facebook.com,"17 de Marzo",https://www.facebook.com/anabela.castro.142,21,,"Ciudad Autónoma de Buenos Aires","Buenos Aires",Argentina,100003258937472,"Ale Ponzo",https://www.facebook.com/alee.ponzo,1
Mili,Sabater,kituli@facebook.com,"17 de Marzo",https://www.facebook.com/kituli,27,,"Ciudad Autónoma de Buenos Aires","Buenos Aires",Argentina,1304345203,"Clari Stagno",,1
Catalina,Mateu,catalina.mateu@facebook.com,"17 de Marzo",https://www.facebook.com/catalina.mateu,,,"Ciudad Autónoma de Buenos Aires","Buenos Aires",Argentina,1046641077,"Juan Antonio Papagni Meca",https://www.facebook.com/juanantoniopapagnimeca,1
María,KurosKi,kuroskiaccesorios@facebook.com,"17 de Marzo",https://www.facebook.com/kuroskiaccesorios,25,,"Ciudad Autónoma de Buenos Aires","Buenos Aires",Argentina,100001805438962,"Anto D'Amato",https://www.facebook.com/anto.dama,1
El,Vdp,el.t.vdp@facebook.com,"17 de Marzo",https://www.facebook.com/el.t.vdp,21,"La Paternal","Ciudad Autónoma de Buenos Aires","Buenos Aires",Argentina,100001634921559,"Dafne Antonella Zas Amy",,1
Juan,Prost,juan.prost@facebook.com,"17 de Marzo",https://www.facebook.com/juan.prost,,,"Ciudad Autónoma de Buenos Aires","Buenos Aires",Argentina,1132672828,"Brian Cano",,1
Giselle,Natalia,blondine.gisellenatalia.cabj@facebook.com,"17 de Marzo",https://www.facebook.com/Blondine.GiselleNatalia.Cabj,,"Villa Luro","Ciudad Autónoma de Buenos Aires","Buenos Aires",Argentina,1436051021,"Jobs Bar",https://www.facebook.com/jobsbar,1
Rosario,Filliol,rosario.filliol@facebook.com,"17 de Marzo",https://www.facebook.com/rosario.filliol,25,,"Ciudad Autónoma de Buenos Aires","Buenos Aires",Argentina,100000785926489,"Ezequiel Sebastian Berardi",https://www.facebook.com/EzErAsTa,1
"Maria Lorena",Parolari,marialorena.parolari@facebook.com,"17 de Marzo",https://www.facebook.com/marialorena.parolari,,,"Ciudad Autónoma de Buenos Aires","Buenos Aires",Argentina,1097101235,"Cami Papiccio",https://www.facebook.com/cami.papiccio,1
Petit,Choux,petit.choux.92@facebook.com,"17 de Marzo",https://www.facebook.com/petit.choux.92,,,"Ciudad Autónoma de Buenos Aires","Buenos Aires",Argentina,100002199417379,"Agus Leoni",https://www.facebook.com/agustina.leoni,1
Alfonsina,Aciti,alfonsina.aciti@facebook.com,"17 de Marzo",https://www.facebook.com/alfonsina.aciti,,"Buenos Aires","Buenos Aires","Buenos Aires",Argentina,659047566,"Luciana Sismondi",0,1
Martin,Arias,martin.arias3@facebook.com,"17 de Marzo",https://www.facebook.com/martin.arias3,,,"Ciudad Autónoma de Buenos Aires","Buenos Aires",Argentina,1360600482,"Ale Arias Mandarine Park",,1
Calzados,"Ricky Sarkany",calzados.rickysarkany@facebook.com,"17 de Marzo",https://www.facebook.com/calzados.rickysarkany,,"Buenos Aires","Buenos Aires","Buenos Aires",Argentina,100001141246958,"Luciana Poeltra",0,1
Oferta,Viajes,oferta.viajes@facebook.com,"17 de Marzo",https://www.facebook.com/oferta.viajes,30,,"Ciudad Autónoma de Buenos Aires","Buenos Aires",Argentina,100001285360243,"Belu Piacentino",https://www.facebook.com/belenpiacentino,1
Estudio,Ares,estudio.ares@facebook.com,"17 de Marzo",https://www.facebook.com/estudio.ares,27,,"Ciudad Autónoma de Buenos Aires","Buenos Aires",Argentina,100003814190257,"Melo Dellarole",https://www.facebook.com/melodellarole,1
Tomas,Gomez,rrajadeaca@facebook.com,"17 de Marzo",https://www.facebook.com/rrajadeaca,,,"Ciudad Autónoma de Buenos Aires","Buenos Aires",Argentina,100000410573923,"Anna Laura",https://www.facebook.com/Anna.Laucha,1
Luy,Moreno,luuuy@facebook.com,"17 de Marzo",https://www.facebook.com/LUUUY,24,,"Ciudad Autónoma de Buenos Aires","Buenos Aires",Argentina,715638060,"Jessica Bellomo",https://www.facebook.com/JessBellomo,1
Mercedes,Lértora,mechilertora@facebook.com,"17 de Marzo",https://www.facebook.com/mechilertora,24,,"Ciudad Autónoma de Buenos Aires","Buenos Aires",Argentina,681387381,"Gustavo Pietrafesa",,1
Sofia,Echavarria,sofia.echavarria.1@facebook.com,"17 de Marzo",https://www.facebook.com/sofia.echavarria.1,,"Buenos Aires","Buenos Aires","Buenos Aires",Argentina,1662630972,"Luciana Paione Oleszuk",0,1
Nere,Fleitas,nere.fleitas1@facebook.com,"17 de Marzo",https://www.facebook.com/nere.fleitas1,,,"Ciudad Autónoma de Buenos Aires","Buenos Aires",Argentina,100000567713651,"Ian Szejner",,1
Juli,Magliano,zoey.jung@facebook.com,"17 de Marzo",https://www.facebook.com/Zoey.Jung,,"Buenos Aires","Buenos Aires","Buenos Aires",Argentina,1674636530,"Alan Yun",0,1
Juan,Kathrein,jkathrein@facebook.com,"17 de Marzo",https://www.facebook.com/jkathrein,25,"San Telmo","Ciudad Autónoma de Buenos Aires","Buenos Aires",Argentina,1245967824,"Antonella La Torre",,1
Nicolas,Calabressi,nicolas.calabressi@facebook.com,"17 de Marzo",https://www.facebook.com/nicolas.calabressi,,"Nueva Pompeya","Ciudad Autónoma de Buenos Aires","Buenos Aires",Argentina,1213557308,"Giiu Minniti",https://www.facebook.com/giiu.minniti,1
Melanie,Lauria,melanie.lauria@facebook.com,"17 de Marzo",https://www.facebook.com/melanie.lauria,,,"Ciudad Autónoma de Buenos Aires","Buenos Aires",Argentina,1453682969,"Facu Denegri",,1
"Etci Terapia","Cognitiva Infantojuvenil",etciterapia.cognitivainfantojuvenil@facebook.com,"17 de Marzo",https://www.facebook.com/etciterapia.cognitivainfantojuvenil,26,,"Ciudad Autónoma de Buenos Aires","Buenos Aires",Argentina,100000456895989,"July Jaluff",https://www.facebook.com/july.jaluff,1
Luu,Medranda,luu.medranda@facebook.com,"17 de Marzo",https://www.facebook.com/luu.medranda,,,"Ciudad Autónoma de Buenos Aires","Buenos Aires",Argentina,1192923004,"Lucas Funes",https://www.facebook.com/SkriLef14,1
Martin,Canosa,mcanosa@facebook.com,"17 de Marzo",https://www.facebook.com/mcanosa,24,,"Ciudad Autónoma de Buenos Aires","Buenos Aires",Argentina,542372382,"Daiana Soledad Pintos",https://www.facebook.com/Sheena.is,1
Ebony,Indumentaria,ebony.indumentaria@facebook.com,"17 de Marzo",https://www.facebook.com/ebony.indumentaria,,,"Ciudad Autónoma de Buenos Aires","Buenos Aires",Argentina,100001729815321,"Antonela Monachesi",https://www.facebook.com/anto.monachesi,1
Mikela,Lopez,mikela.lopez.104@facebook.com,"17 de Marzo",https://www.facebook.com/mikela.lopez.104,22,,"Ciudad Autónoma de Buenos Aires","Buenos Aires",Argentina,100002493951315,"Walter Gonzalez",,1
Alma,"De Diamante",almadediamante8@facebook.com,"17 de Marzo",https://www.facebook.com/almadediamante8,24,,"Ciudad Autónoma de Buenos Aires","Buenos Aires",Argentina,100006987186742,"Jose Guevara",https://www.facebook.com/JoeGuevara81,1
Memoria,Archivo,memoria.archivo@facebook.com,"17 de Marzo",https://www.facebook.com/memoria.archivo,27,,"Ciudad Autónoma de Buenos Aires","Buenos Aires",Argentina,100006465082744,"Bomba Barassi",https://www.facebook.com/bomba.barassi,1
Paseando,"Con Isidro",paseando.conisidro@facebook.com,"17 de Marzo",https://www.facebook.com/paseando.conisidro,30,,"Ciudad Autónoma de Buenos Aires","Buenos Aires",Argentina,1806831632,"Barby Suarez",https://www.facebook.com/barby1522,1
Bruzzoni,Promociones,bruzzoni.promociones@facebook.com,"17 de Marzo",https://www.facebook.com/bruzzoni.promociones,,,"Ciudad Autónoma de Buenos Aires","Buenos Aires",Argentina,100002967487847,"Vanesa Myrna Ojeda",,1
Perfumes,"Importados Bsas",perfumes.importadosbsas@facebook.com,"17 de Marzo",https://www.facebook.com/perfumes.importadosbsas,,,"Ciudad Autónoma de Buenos Aires","Buenos Aires",Argentina,100000174202407,"Cecilia Weingardt",,1
"Pau LinaLz",Gomez,paulina.gomez.52@facebook.com,"17 de Marzo",https://www.facebook.com/paulina.gomez.52,,,"Ciudad Autónoma de Buenos Aires","Buenos Aires",Argentina,100003076392645,"Sergio Acosta",,1
Gonzalo,Murta,gonzalomatias.murta@facebook.com,"18 de Marzo",https://www.facebook.com/gonzalomatias.murta,,,"Ciudad Autónoma de Buenos Aires","Buenos Aires",Argentina,100004601409275,"Daniel Barach",,1
Guido,Wertheimer,guido.wertheimer@facebook.com,"18 de Marzo",https://www.facebook.com/guido.wertheimer,,"Buenos Aires","Buenos Aires","Buenos Aires",Argentina,1343923860,"Martu Lehmann",0,1
"John Anibal","Garcia Zapata",johnanibal.garciazapata@facebook.com,"18 de Marzo",https://www.facebook.com/johnanibal.garciazapata,26,,"Ciudad Autónoma de Buenos Aires","Buenos Aires",Argentina,1847912915,"Maga Estevez",,1
Gastón,Gabiassi,gaston.gabiassi@facebook.com,"18 de Marzo",https://www.facebook.com/gaston.gabiassi,,Recoleta,"Ciudad Autónoma de Buenos Aires","Buenos Aires",Argentina,1075451379,"Victoria Cerdán",https://www.facebook.com/victoriaacerdan,1
Mariano,Chapa,chapasomostodos@facebook.com,"18 de Marzo",https://www.facebook.com/chapasomostodos,,,"Ciudad Autónoma de Buenos Aires","Buenos Aires",Argentina,1249935357,"Jessica Bellomo",https://www.facebook.com/JessBellomo,1
Gabbs,Martinez,gabbs.martinez@facebook.com,"18 de Marzo",https://www.facebook.com/gabbs.martinez,23,,"Ciudad Autónoma de Buenos Aires","Buenos Aires",Argentina,620072654,"Daiana Soledad Pintos",https://www.facebook.com/Sheena.is,1
TRío,Lucas,trio.lucas@facebook.com,"18 de Marzo",https://www.facebook.com/trio.lucas,28,,"Ciudad Autónoma de Buenos Aires","Buenos Aires",Argentina,100001841496271,"Cynthia Tatiana Martinez Neves",https://www.facebook.com/cynthiatatiana.martinezne,1
Nico,"San Martin",nico.sanmartin3@facebook.com,"18 de Marzo",https://www.facebook.com/nico.sanmartin3,,,"Ciudad Autónoma de Buenos Aires","Buenos Aires",Argentina,1021211052,"Pato Pagano",https://www.facebook.com/pato.p111,1
Graze,"De Luca",graze.deluca@facebook.com,"18 de Marzo",https://www.facebook.com/graze.deluca,,,"Ciudad Autónoma de Buenos Aires","Buenos Aires",Argentina,1141954514,"Nahu Millicay Pereyra",https://www.facebook.com/nahumilli,1
Todo,Importado,todo.importado.10@facebook.com,"18 de Marzo",https://www.facebook.com/todo.importado.10,,,"Ciudad Autónoma de Buenos Aires","Buenos Aires",Argentina,100000126433846,"Nadia Denise",,1
Diegomystick,Herrera,diegomystick@facebook.com,"18 de Marzo",https://www.facebook.com/DIEGOMYSTICK,,,"Ciudad Autónoma de Buenos Aires","Buenos Aires",Argentina,829790028,"Ale Arias Mandarine Park",,1
Nahuel,Martin,nahuel.martin3@facebook.com,"18 de Marzo",https://www.facebook.com/nahuel.martin3,,,"Ciudad Autónoma de Buenos Aires","Buenos Aires",Argentina,100000652568613,"Fiestas Baires",,1
Maria,Michaël,maria.michael.393@facebook.com,"18 de Marzo",https://www.facebook.com/maria.michael.393,27,"Buenos Aires","Buenos Aires","Buenos Aires",Argentina,731845495,"Boio Kreutzer",0,1
Mundo,Voley,mvoley1@facebook.com,"18 de Marzo",https://www.facebook.com/mvoley1,29,,"Ciudad Autónoma de Buenos Aires","Buenos Aires",Argentina,100001750009028,"Romi Flores",,1
Pablo,Pinto,pablo.pinto.73932@facebook.com,"18 de Marzo",https://www.facebook.com/pablo.pinto.73932,,,"Ciudad Autónoma de Buenos Aires","Buenos Aires",Argentina,1231935301,"Paula Medina",,1
"Maquillaje Peinados",Moluka,maquillajepeinados.moluka@facebook.com,"18 de Marzo",https://www.facebook.com/maquillajepeinados.moluka,28,,"Ciudad Autónoma de Buenos Aires","Buenos Aires",Argentina,100002197435124,"Juan Manuel Fotografo",https://www.facebook.com/JuanmaJMFotoEstudio,1
Alina,Alfonso,alina.alfonso.35@facebook.com,"18 de Marzo",https://www.facebook.com/alina.alfonso.35,23,,"Ciudad Autónoma de Buenos Aires","Buenos Aires",Argentina,100002228451284,"Romina Toller",,1
Go,Gym,go.gym.9@facebook.com,"18 de Marzo",https://www.facebook.com/go.gym.9,,,"Ciudad Autónoma de Buenos Aires","Buenos Aires",Argentina,1085946926,"Caro Juarez",https://www.facebook.com/carolinacjuarez,1
Guillermina,Troncoso,guille.troncoso@facebook.com,"18 de Marzo",https://www.facebook.com/guille.troncoso,,,"Ciudad Autónoma de Buenos Aires","Buenos Aires",Argentina,1193977431,"Nano Vaquer",,1
Red,Galería,redgaleria@facebook.com,"18 de Marzo",https://www.facebook.com/redgaleria,,,"Ciudad Autónoma de Buenos Aires","Buenos Aires",Argentina,1458816972,"Ariel Villarreal",,1
Agosto,Fcbk,agosto.fcbk@facebook.com,"18 de Marzo",https://www.facebook.com/agosto.fcbk,,,"Ciudad Autónoma de Buenos Aires","Buenos Aires",Argentina,100001290150500,"Daiana Soledad Pintos",https://www.facebook.com/Sheena.is,1
Belle,Rouz,belle.rouz@facebook.com,"18 de Marzo",https://www.facebook.com/belle.rouz,25,,"Ciudad Autónoma de Buenos Aires","Buenos Aires",Argentina,1581403851,"Tatiana Petroccelli",https://www.facebook.com/tanshanita,1
Jose,Rossi,rossijose@facebook.com,"18 de Marzo",https://www.facebook.com/RossiJose,,,"Ciudad Autónoma de Buenos Aires","Buenos Aires",Argentina,642057388,"Ro Cardoso",,1
Jessica,Cirio,cirio3@facebook.com,"18 de Marzo",https://www.facebook.com/cirio3,,,"Ciudad Autónoma de Buenos Aires","Buenos Aires",Argentina,100000611285113,"Vanesa Myrna Ojeda",,1
Laura,Esquivel,cristina.bella.1004@facebook.com,"18 de Marzo",https://www.facebook.com/cristina.bella.1004,27,,"Ciudad Autónoma de Buenos Aires","Buenos Aires",Argentina,100007500339082,"Nahu Millicay Pereyra",https://www.facebook.com/nahumilli,1
Milton,Alvarez,milton.alvarez.92@facebook.com,"18 de Marzo",https://www.facebook.com/milton.alvarez.92,29,,"Ciudad Autónoma de Buenos Aires","Buenos Aires",Argentina,692105379,"Natalia Tarelli",,1
Adam,Oblak,adam.oblak1@facebook.com,"18 de Marzo",https://www.facebook.com/adam.oblak1,,,"Ciudad Autónoma de Buenos Aires","Buenos Aires",Argentina,1226070498,"Marcelo Braun Menendez",,1
Yami,Torrado,yami.torrado@facebook.com,"18 de Marzo",https://www.facebook.com/yami.torrado,22,,"Ciudad Autónoma de Buenos Aires","Buenos Aires",Argentina,1115256242,"Elias Saul",https://www.facebook.com/elias.saul,1
"Francisco José","Pérez Nieves",fraancisco.perez@facebook.com,"18 de Marzo",https://www.facebook.com/fraancisco.perez,,"Buenos Aires","Buenos Aires","Buenos Aires",Argentina,100003583567203,"Martu Lehmann",0,1
Vero,"Dente Moda",veronica.dentemoda@facebook.com,"18 de Marzo",https://www.facebook.com/veronica.dentemoda,26,,"Ciudad Autónoma de Buenos Aires","Buenos Aires",Argentina,100000701731700,"Fran L. Ocampo",https://www.facebook.com/franco,1
Jesus,"Guerrero Ardila",pollohg@facebook.com,"18 de Marzo",https://www.facebook.com/pollohg,,,"Ciudad Autónoma de Buenos Aires","Buenos Aires",Argentina,1740280774,"Gabi López",,1
Gisela,Barrios,gisela.barrios.796@facebook.com,"18 de Marzo",https://www.facebook.com/gisela.barrios.796,30,,"Ciudad Autónoma de Buenos Aires","Buenos Aires",Argentina,100003711046348,"Franco Marcoccia",https://www.facebook.com/franco.marcoccia,1
Annie,Son,sueltateannie@facebook.com,"18 de Marzo",https://www.facebook.com/sueltateannie,,,"Ciudad Autónoma de Buenos Aires","Buenos Aires",Argentina,1099731064,"Jessica Bellomo",https://www.facebook.com/JessBellomo,1
Lolu,Menayed,lolumenayed@facebook.com,"18 de Marzo",https://www.facebook.com/lolumenayed,,,"Ciudad Autónoma de Buenos Aires","Buenos Aires",Argentina,1124786343,"Charly de la Iglesia",,1
"Ropa DeDiseño","Para Perros",indumentariabencan@facebook.com,"18 de Marzo",https://www.facebook.com/IndumentariaBenCan,29,,"Ciudad Autónoma de Buenos Aires","Buenos Aires",Argentina,100002531440663,"Mabu Reinaud",https://www.facebook.com/mabu.reinaud,1
Nico,Lopardo,nicolas.lopardo.7@facebook.com,"18 de Marzo",https://www.facebook.com/nicolas.lopardo.7,28,,"Ciudad Autónoma de Buenos Aires","Buenos Aires",Argentina,1068288199,"Cristian Fernandez Villamor",https://www.facebook.com/cristian.fernandezvillamo,1
"De la Paz",Milagrosa,delapaz.milagrosa.9@facebook.com,"18 de Marzo",https://www.facebook.com/delapaz.milagrosa.9,22,,"Ciudad Autónoma de Buenos Aires","Buenos Aires",Argentina,100008054886076,"Lucía Lopez Aleman",https://www.facebook.com/marialucialopezaleman,1
Pachu,"Comas Armoha",pachu.comasarmoha@facebook.com,"18 de Marzo",https://www.facebook.com/pachu.comasarmoha,,,"Ciudad Autónoma de Buenos Aires","Buenos Aires",Argentina,750199581,"Joni Aires",https://www.facebook.com/joniaires,1
Vanidosas,Feria,vanidosas.feria@facebook.com,"18 de Marzo",https://www.facebook.com/vanidosas.feria,26,,"Ciudad Autónoma de Buenos Aires","Buenos Aires",Argentina,100002319154229,"Gisela Tesei",,1
Jardin,Luminoso,jardinluminoso@facebook.com,"18 de Marzo",https://www.facebook.com/JardinLuminoso,,,"Ciudad Autónoma de Buenos Aires","Buenos Aires",Argentina,1082326096,"Ariel Villarreal",,1
Ramiro,Quiñones,ramiro.quinones.92@facebook.com,"18 de Marzo",https://www.facebook.com/ramiro.quinones.92,28,,"Ciudad Autónoma de Buenos Aires","Buenos Aires",Argentina,519207042,"Nicolás Marano",https://www.facebook.com/nicolasmarano10,1
Dario,Villalba,dario.villalba.12@facebook.com,"18 de Marzo",https://www.facebook.com/dario.villalba.12,,"Villa Luro","Ciudad Autónoma de Buenos Aires","Buenos Aires",Argentina,1846450099,"Nell Rosales",https://www.facebook.com/nell.rosales,1
Lucho,Schinca,lucho.schinca@facebook.com,"18 de Marzo",https://www.facebook.com/lucho.schinca,,,"Ciudad Autónoma de Buenos Aires","Buenos Aires",Argentina,620504830,"Belu Alvarez",,1
Marisa,Malvido,marisa.malvido@facebook.com,"18 de Marzo",https://www.facebook.com/marisa.malvido,,,"Ciudad Autónoma de Buenos Aires","Buenos Aires",Argentina,100000625063632,"Julio Roberto Cuevas",https://www.facebook.com/julioroberto.cuevas,1
Vane,"la Hermoza",vane.lahermoza@facebook.com,"18 de Marzo",https://www.facebook.com/vane.lahermoza,29,,"Ciudad Autónoma de Buenos Aires","Buenos Aires",Argentina,100002196467689,"Julio Roberto Cuevas",https://www.facebook.com/julioroberto.cuevas,1
Mon,"Romero Mon",pasionbrutal@facebook.com,"18 de Marzo",https://www.facebook.com/pasionbrutal,27,,"Ciudad Autónoma de Buenos Aires","Buenos Aires",Argentina,1219382526,"Micu Mc Hardy",https://www.facebook.com/micu.hardy,1
"Lari Nelly",Buc,nellyv2@facebook.com,"18 de Marzo",https://www.facebook.com/nellyv2,21,,"Ciudad Autónoma de Buenos Aires","Buenos Aires",Argentina,1226331176,"Natalia Walter",,1
Alan,Goldszier,alangol@facebook.com,"18 de Marzo",https://www.facebook.com/alangol,26,,"Ciudad Autónoma de Buenos Aires","Buenos Aires",Argentina,605156480,"Tomas Ini",,1
Tomás,Utillano,tomas.utillano@facebook.com,"18 de Marzo",https://www.facebook.com/tomas.utillano,30,,"Ciudad Autónoma de Buenos Aires","Buenos Aires",Argentina,100007826436261,"Juan Manuel Fotografo",https://www.facebook.com/JuanmaJMFotoEstudio,1
Meli,Castro,meli.castro.921@facebook.com,"18 de Marzo",https://www.facebook.com/meli.castro.921,25,,"Ciudad Autónoma de Buenos Aires","Buenos Aires",Argentina,1424775632,"Camila Perelló",https://www.facebook.com/camiperello,1
"Gustavo Romero",Cancionesparaescuelas,musicamaestro2013@facebook.com,"18 de Marzo",https://www.facebook.com/musicamaestro2013,,,"Ciudad Autónoma de Buenos Aires","Buenos Aires",Argentina,1821494317,"Anto Melgarejo",https://www.facebook.com/antho.melgarejo,1
Gonza,Paccanini,gonza.paccanini@facebook.com,"18 de Marzo",https://www.facebook.com/gonza.paccanini,,,"Ciudad Autónoma de Buenos Aires","Buenos Aires",Argentina,1485617934,"Tomás Eis",,1
YellowBe,Calzados,yellowbecalzados@facebook.com,"18 de Marzo",https://www.facebook.com/yellowbecalzados,28,,"Ciudad Autónoma de Buenos Aires","Buenos Aires",Argentina,100001804489901,"Flor Gonzalez",,1
Miyuki,Sato,mayumi.ono.528@facebook.com,"18 de Marzo",https://www.facebook.com/mayumi.ono.528,27,,"Ciudad Autónoma de Buenos Aires","Buenos Aires",Argentina,100000159726423,"Jessica Bellomo",https://www.facebook.com/JessBellomo,1
Alejandro,Villazanti,alejandro.villazanti@facebook.com,"18 de Marzo",https://www.facebook.com/alejandro.villazanti,,,"Ciudad Autónoma de Buenos Aires","Buenos Aires",Argentina,1270707880,"Polina Remkevich",https://www.facebook.com/polina.remkevich,1
Marlupita,Diseño,marlupita.diseno@facebook.com,"18 de Marzo",https://www.facebook.com/marlupita.diseno,26,,"Ciudad Autónoma de Buenos Aires","Buenos Aires",Argentina,100003548948913,"Silvina Cazzulino",https://www.facebook.com/silvina.cazzulino,1
Aurum,Kranking,aurum.kranking@facebook.com,"18 de Marzo",https://www.facebook.com/aurum.kranking,,"Villa Pueyrredón","Ciudad Autónoma de Buenos Aires","Buenos Aires",Argentina,100001601843160,"Sabrina Fuchs",,1
Principio,Activo,principio.activo.3@facebook.com,"18 de Marzo",https://www.facebook.com/principio.activo.3,,,"Ciudad Autónoma de Buenos Aires","Buenos Aires",Argentina,100001602605871,"Sabrina Fuchs",,1
Juliana,Salamone,juli.salamone@facebook.com,"18 de Marzo",https://www.facebook.com/Juli.Salamone,26,,"Ciudad Autónoma de Buenos Aires","Buenos Aires",Argentina,624940578,"Estefi Hilarza",https://www.facebook.com/estefi.hilarza,1
Flor,Simean,florencia.simean@facebook.com,"18 de Marzo",https://www.facebook.com/florencia.simean,27,,"Ciudad Autónoma de Buenos Aires","Buenos Aires",Argentina,702663581,"Cynthia Gianni",,1
Sofia,"Estevez Urien",sofia.estevezurien@facebook.com,"18 de Marzo",https://www.facebook.com/sofia.estevezurien,29,,"Ciudad Autónoma de Buenos Aires","Buenos Aires",Argentina,100000009485513,"Tatiana Petroccelli",https://www.facebook.com/tanshanita,1
Nicolás,Marotta,nicolas.marotta.3@facebook.com,"18 de Marzo",https://www.facebook.com/nicolas.marotta.3,,,"Ciudad Autónoma de Buenos Aires","Buenos Aires",Argentina,1274340351,"Aniita Canta",https://www.facebook.com/Aniita.Canta,1
Benja,Graf,benjagraf@facebook.com,"19 de Marzo",https://www.facebook.com/BenjaGraf,,,"Ciudad Autónoma de Buenos Aires","Buenos Aires",Argentina,100000377017453,"Ivan Lisz",,1
Levitar,Capacitaciones,levitar.pilates@facebook.com,"19 de Marzo",https://www.facebook.com/levitar.pilates,,,"Ciudad Autónoma de Buenos Aires","Buenos Aires",Argentina,1476066037,"Flor Scalise",https://www.facebook.com/flor.scalise,1
Fabiana,Rodriguez,fabyrodriguez19@facebook.com,"19 de Marzo",https://www.facebook.com/fabyrodriguez19,,Array,"Ciudad Autónoma de Buenos Aires","Buenos Aires",Argentina,1811003284,"Augusto Lios",0,1
Sebas,Mu,nicolas.musso.fox@facebook.com,"19 de Marzo",https://www.facebook.com/nicolas.musso.fox,29,,"Ciudad Autónoma de Buenos Aires","Buenos Aires",Argentina,1259166304,"Federico Piegas",https://www.facebook.com/FedericoPiegas,1
Pablo,Sebastián,pablo.zappino@facebook.com,"19 de Marzo",https://www.facebook.com/pablo.zappino,30,,"Ciudad Autónoma de Buenos Aires","Buenos Aires",Argentina,828720286,"Flor Vischi Cortés",https://www.facebook.com/flor.vischi,1
Pablo,Fossatti,pablo.fossatti@facebook.com,"19 de Marzo",https://www.facebook.com/pablo.fossatti,23,,"Ciudad Autónoma de Buenos Aires","Buenos Aires",Argentina,1067765588,"Cesar Berdullas",https://www.facebook.com/cesar.berdullas,1
Santi,Ostro,santiov@facebook.com,"19 de Marzo",https://www.facebook.com/santiov,,,"Ciudad Autónoma de Buenos Aires","Buenos Aires",Argentina,1407386837,"Alan Volper",https://www.facebook.com/alan.volper,1
Luli,Molina,lulii.kltz@facebook.com,"19 de Marzo",https://www.facebook.com/Lulii.Kltz,,,"Ciudad Autónoma de Buenos Aires","Buenos Aires",Argentina,100000546268120,"Aylu Macchi",,1
Victoria,Oudin,vickioudin@facebook.com,"19 de Marzo",https://www.facebook.com/vickioudin,,,"Ciudad Autónoma de Buenos Aires","Buenos Aires",Argentina,100000705955131,"Aylu Macchi",,1
Gi,Se,gise.alarcon.3@facebook.com,"19 de Marzo",https://www.facebook.com/gise.alarcon.3,29,,"Ciudad Autónoma de Buenos Aires","Buenos Aires",Argentina,1466919259,"Emiliano Cazanetz Dick",https://www.facebook.com/emiliano.cazanetzdick,1
Miranda,Medús,miruch97@facebook.com,"19 de Marzo",https://www.facebook.com/Miruch97,,,"Ciudad Autónoma de Buenos Aires","Buenos Aires",Argentina,1323451488,"Aniita Canta",https://www.facebook.com/Aniita.Canta,1
Nicolas,Cuevas,nicolas.cuevas.963@facebook.com,"19 de Marzo",https://www.facebook.com/nicolas.cuevas.963,24,,"Ciudad Autónoma de Buenos Aires","Buenos Aires",Argentina,100002337042482,"Juan Elias Catan",https://www.facebook.com/juan.724,1
Nicolas,Inchausti,nico.inchuasti@facebook.com,"19 de Marzo",https://www.facebook.com/nico.inchuasti,21,,"Ciudad Autónoma de Buenos Aires","Buenos Aires",Argentina,1024875999,"Marti Nevares",https://www.facebook.com/martii.nevares,1
Flavio,Mendoza,flavio.mendoza.39@facebook.com,"19 de Marzo",https://www.facebook.com/flavio.mendoza.39,,,"Ciudad Autónoma de Buenos Aires","Buenos Aires",Argentina,549413871,"Ignacio Lines Ceruti",https://www.facebook.com/ignacio.lines,1
"El Fantasma","del Descenso",elfantasmin@facebook.com,"19 de Marzo",https://www.facebook.com/elfantasmin,,,"Ciudad Autónoma de Buenos Aires","Buenos Aires",Argentina,100001501820366,"Anto D'Amato",https://www.facebook.com/anto.dama,1
Lalann,Mgmt,lalann.mgmt@facebook.com,"19 de Marzo",https://www.facebook.com/lalann.mgmt,27,,"Ciudad Autónoma de Buenos Aires","Buenos Aires",Argentina,100000680000442,"Tatiana Petroccelli",https://www.facebook.com/tanshanita,1
Tamara,Lola,tamaralola@facebook.com,"19 de Marzo",https://www.facebook.com/Tamaralola,,"Villa Del Parque","Ciudad Autónoma de Buenos Aires","Buenos Aires",Argentina,100002672072945,"Diego Binayan",https://www.facebook.com/diego.binayan,1
Romina,Kind,kindromina@facebook.com,"19 de Marzo",https://www.facebook.com/kindromina,23,,"Ciudad Autónoma de Buenos Aires","Buenos Aires",Argentina,570632963,"Noelia Sarquiz",https://www.facebook.com/noelia.sarquiz,1
Macarena,"Figueroa Betchakian",macarena.betchakian@facebook.com,"19 de Marzo",https://www.facebook.com/macarena.betchakian,21,"San Cristóbal","Ciudad Autónoma de Buenos Aires","Buenos Aires",Argentina,1354263393,"Aniita Canta",https://www.facebook.com/Aniita.Canta,1
Muflón,Prod,cuajomuflon@facebook.com,"19 de Marzo",https://www.facebook.com/CUAJOMUFLON,,,"Ciudad Autónoma de Buenos Aires","Buenos Aires",Argentina,100001870232318,"Maxi Aguirre Fernandez",,1
Amadeo,Pipino,amadeo.pipino@facebook.com,"19 de Marzo",https://www.facebook.com/amadeo.pipino,25,,"Ciudad Autónoma de Buenos Aires","Buenos Aires",Argentina,100004127442107,"Rocio Benitez",,1
Luuji,Montes,marialujanmontes@facebook.com,"19 de Marzo",https://www.facebook.com/marialujanmontes,,,"Ciudad Autónoma de Buenos Aires","Buenos Aires",Argentina,100000098297674,"Emiliano Pirolo",https://www.facebook.com/emi.pirolo,1
"Maria Belen","De Plate",mariabelen.rios.3@facebook.com,"19 de Marzo",https://www.facebook.com/mariabelen.rios.3,27,,"Ciudad Autónoma de Buenos Aires","Buenos Aires",Argentina,1062131172,"Tatiana Petroccelli",https://www.facebook.com/tanshanita,1
Damian,Toto,damian.toto.9@facebook.com,"19 de Marzo",https://www.facebook.com/damian.toto.9,24,,"Ciudad Autónoma de Buenos Aires","Buenos Aires",Argentina,1185551566,"Yanina Toto",https://www.facebook.com/yanina.toto,1
Nicolás,Marino,nicolas.marino.5@facebook.com,"19 de Marzo",https://www.facebook.com/nicolas.marino.5,29,,"Ciudad Autónoma de Buenos Aires","Buenos Aires",Argentina,100001086963139,"Camila Perelló",https://www.facebook.com/camiperello,1
Antonella,Ghiglione,antonella.m.ghiglione@facebook.com,"19 de Marzo",https://www.facebook.com/antonella.m.ghiglione,,"Villa Luro","Ciudad Autónoma de Buenos Aires","Buenos Aires",Argentina,100004016991169,"Fran L. Ocampo",https://www.facebook.com/franco,1
Barrio,Recoleta,barrio.recoleta.1@facebook.com,"19 de Marzo",https://www.facebook.com/barrio.recoleta.1,21,Recoleta,"Ciudad Autónoma de Buenos Aires","Buenos Aires",Argentina,100003757131668,"Tatiana Petroccelli",https://www.facebook.com/tanshanita,1
Joaco,Carcavallo,joaco.carcavallo@facebook.com,"19 de Marzo",https://www.facebook.com/joaco.carcavallo,,,"Ciudad Autónoma de Buenos Aires","Buenos Aires",Argentina,790435523,"Rochi Christensen",https://www.facebook.com/rochi.christensen,1
Gasparotto,Viajes,bairestour@facebook.com,"19 de Marzo",https://www.facebook.com/bairestour,24,,"Ciudad Autónoma de Buenos Aires","Buenos Aires",Argentina,100006188311377,"Carolina Ataides Sena Barcelos",https://www.facebook.com/kkbarcellos,1
Vudu,Child,vudu.child.1@facebook.com,"19 de Marzo",https://www.facebook.com/vudu.child.1,23,,"Ciudad Autónoma de Buenos Aires","Buenos Aires",Argentina,100000497654572,"Dani Escala",https://www.facebook.com/danielaescala,1
Lucas,Friedman,lucas.friedman1@facebook.com,"19 de Marzo",https://www.facebook.com/lucas.friedman1,,,"Ciudad Autónoma de Buenos Aires","Buenos Aires",Argentina,100000081462451,"Caro Juarez",https://www.facebook.com/carolinacjuarez,1
Natalia,Razetti,natalia.soledad7@facebook.com,"19 de Marzo",https://www.facebook.com/natalia.soledad7,24,"San Telmo","Ciudad Autónoma de Buenos Aires","Buenos Aires",Argentina,590579094,"Fede Martinez",https://www.facebook.com/fedemartinez17,1
"Fiestas Egresados","Privilege Ba",fiestas.privilegeba@facebook.com,"19 de Marzo",https://www.facebook.com/fiestas.privilegeba,26,,"Ciudad Autónoma de Buenos Aires","Buenos Aires",Argentina,100005542590624,"Cami Weng",,1
Claudio,Cortés,claudio.cortes.cid@facebook.com,"19 de Marzo",https://www.facebook.com/claudio.cortes.cid,28,Núñez,"Ciudad Autónoma de Buenos Aires","Buenos Aires",Argentina,587129480,"Lucas Alegre",,1
Daniel,Anile,daniel.anile.7@facebook.com,"19 de Marzo",https://www.facebook.com/daniel.anile.7,,,"Ciudad Autónoma de Buenos Aires","Buenos Aires",Argentina,100000903423624,"Miranda Toderi",https://www.facebook.com/miranda.toderi,1
"Vení Sentí",Bailá,venisentibaila14@facebook.com,"19 de Marzo",https://www.facebook.com/VeniSentiBaila14,,,"Ciudad Autónoma de Buenos Aires","Buenos Aires",Argentina,100000908300973,"Miranda Toderi",https://www.facebook.com/miranda.toderi,1
Agos,Ricchetti,agos.ricchetti@facebook.com,"19 de Marzo",https://www.facebook.com/agos.ricchetti,,,"Ciudad Autónoma de Buenos Aires","Buenos Aires",Argentina,1191981492,"Bernardo Cura Bonazzola",https://www.facebook.com/bernardocurabonazzola,1
Lencería,Dorita,lenceria.dorita@facebook.com,"19 de Marzo",https://www.facebook.com/lenceria.dorita,,,"Ciudad Autónoma de Buenos Aires","Buenos Aires",Argentina,100000089608297,"Alicia Kosem",https://www.facebook.com/alicia.kosem,1
Alexis,Mambo,alexis.mambo.5@facebook.com,"19 de Marzo",https://www.facebook.com/alexis.mambo.5,,,"Ciudad Autónoma de Buenos Aires","Buenos Aires",Argentina,100002069756378,"Evangelina Dinatale de Biglieri",https://www.facebook.com/evangelina.dinataledebigl,1
Veronica,Martinez,veronica.martinez.121772@facebook.com,"19 de Marzo",https://www.facebook.com/veronica.martinez.121772,,,"Ciudad Autónoma de Buenos Aires","Buenos Aires",Argentina,1070295438,"Andrea Merlo",,1
Juani,Vazquez,juanignacio.vazquez1@facebook.com,"19 de Marzo",https://www.facebook.com/juanignacio.vazquez1,,,"Ciudad Autónoma de Buenos Aires","Buenos Aires",Argentina,526313505,"Flor Vischi Cortés",https://www.facebook.com/flor.vischi,1
Daniela,Espinoza,daniela.alejandra.espinoza@facebook.com,"19 de Marzo",https://www.facebook.com/daniela.alejandra.espinoza,,,"Ciudad Autónoma de Buenos Aires","Buenos Aires",Argentina,1403881327,"Jobs Bar",https://www.facebook.com/jobsbar,1
Familia,"El Hampa",familia.elhampa@facebook.com,"19 de Marzo",https://www.facebook.com/familia.elhampa,,,"Ciudad Autónoma de Buenos Aires","Buenos Aires",Argentina,100001420022249,"Pamela Garrote",https://www.facebook.com/pamela.garrote,1
Ucasal,Baires,subsedebsas.ucasal@facebook.com,"19 de Marzo",https://www.facebook.com/SubsedeBsAs.UCASAL,22,,"Ciudad Autónoma de Buenos Aires","Buenos Aires",Argentina,100003135226747,"Fede Martino",,1
Paula,Guelfo,paulaguelfo@facebook.com,"19 de Marzo",https://www.facebook.com/paulaguelfo,,,"Ciudad Autónoma de Buenos Aires","Buenos Aires",Argentina,1107935637,"Gianfranco Ferrati",,1
Claudia,Frum,claudia.frum@facebook.com,"19 de Marzo",https://www.facebook.com/claudia.frum,,,"Ciudad Autónoma de Buenos Aires","Buenos Aires",Argentina,1071590851,"Marcelo Gustavo Salerno",https://www.facebook.com/marcelogustavo.salerno,1
Jesica,Gomez,shezii.gomez@facebook.com,"19 de Marzo",https://www.facebook.com/shezii.gomez,21,,"Ciudad Autónoma de Buenos Aires","Buenos Aires",Argentina,100002623914488,"Julio Roberto Cuevas",https://www.facebook.com/julioroberto.cuevas,1
Agustin,Masana,agus.masana@facebook.com,"19 de Marzo",https://www.facebook.com/agus.masana,22,,"Ciudad Autónoma de Buenos Aires","Buenos Aires",Argentina,1013093457,"Daiana Soledad Pintos",https://www.facebook.com/Sheena.is,1
"Se Linda Con",GleulaliaGlamour,gleulalia.glamour@facebook.com,"19 de Marzo",https://www.facebook.com/Gleulalia.Glamour,30,Recoleta,"Ciudad Autónoma de Buenos Aires","Buenos Aires",Argentina,100007576142988,"Natalia Tarelli",,1
Monica,Depaolini,monica.depaolini.9@facebook.com,"19 de Marzo",https://www.facebook.com/monica.depaolini.9,,,"Ciudad Autónoma de Buenos Aires","Buenos Aires",Argentina,100001865026917,"Paula Lara-Foti",https://www.facebook.com/paula.larafoti,1
Gabriel,Micheli,gabriel.micheli.77@facebook.com,"19 de Marzo",https://www.facebook.com/gabriel.micheli.77,22,,"Ciudad Autónoma de Buenos Aires","Buenos Aires",Argentina,100006954730521,"Matías Panero",,1
Hector,Melchi,hectormelchi@facebook.com,"19 de Marzo",https://www.facebook.com/hectormelchi,,,"Ciudad Autónoma de Buenos Aires","Buenos Aires",Argentina,768598852,"Mica Ledo",https://www.facebook.com/micaledo,1
Guilhermo,"Da Silva D'Amore",guilhermodasilvadamore@facebook.com,"19 de Marzo",https://www.facebook.com/guilhermodasilvadamore,,"Buenos Aires","Buenos Aires","Buenos Aires",Argentina,1265856483,"Patrick Fernando Kushner L",0,1
Prensa,FH,prensa.fh@facebook.com,"19 de Marzo",https://www.facebook.com/prensa.fh,29,,"Ciudad Autónoma de Buenos Aires","Buenos Aires",Argentina,100002917411881,"Pamela Garrote",https://www.facebook.com/pamela.garrote,1
