Nombre,Apellido,"Email Facebook",Cumpleaños,"Usuario Facebook",Edad,Barrio,Ciudad,Provincia,Pais,"ID Facebook","Amigo De","Amigo De (Usuario)",rebound
Pablo,Grinstein,pablo.grinstein@facebook.com,"08 de Mayo",https://www.facebook.com/pablo.grinstein,26,,"Ciudad Autónoma de Buenos Aires","Buenos Aires",Argentina,600256154,"Agos D'Urbano",https://www.facebook.com/agostinnad,
Mariano,Laurita,mariano.laurita@facebook.com,"08 de Mayo",https://www.facebook.com/mariano.laurita,23,,"Ciudad Autónoma de Buenos Aires","Buenos Aires",Argentina,100000952817933,"Agus Carranza",,
Matias,Lamarque,matias.lamarque@facebook.com,"07 de Mayo",https://www.facebook.com/matias.lamarque,28,,"Ciudad Autónoma de Buenos Aires","Buenos Aires",Argentina,711324135,"Agus Garibaldi",https://www.facebook.com/agus.garibaldi,
Maria,Palermo,maria.s.palermo@facebook.com,"08 de Mayo",https://www.facebook.com/maria.s.palermo,23,,"Ciudad Autónoma de Buenos Aires","Buenos Aires",Argentina,1127680599,"Agustin De Pascali",https://www.facebook.com/agustin.depascali,
Agustin,Roldan,agustin.roldan.96@facebook.com,"08 de Mayo",https://www.facebook.com/agustin.roldan.96,25,,"Ciudad Autónoma de Buenos Aires","Buenos Aires",Argentina,1196892967,"Agustin Justin",https://www.facebook.com/Agustin.Justin,
Lucas,"Di Conza",lucas.diconza.9@facebook.com,"08 de Mayo",https://www.facebook.com/lucas.diconza.9,25,,"Ciudad Autónoma de Buenos Aires","Buenos Aires",Argentina,1197407768,"Agustin Justin",https://www.facebook.com/Agustin.Justin,
Jorge,Mendez,ignacio.mendez@facebook.com,"07 de Mayo",https://www.facebook.com/ignacio.mendez,22,,"Ciudad Autónoma de Buenos Aires","Buenos Aires",Argentina,1064709046,"Agustina Del Rosario Anzisi",https://www.facebook.com/AgustinadelRosario,
"Natalia Sol",Lovito,nataliasol.lovito@facebook.com,"08 de Mayo",https://www.facebook.com/nataliasol.lovito,27,"Buenos Aires","Buenos Aires","Buenos Aires",Argentina,1304158425,"Agustina Liniers",0,
Yasmin,Schuster,yasmin.schuster@facebook.com,"07 de Mayo",https://www.facebook.com/yasmin.schuster,28,,"Ciudad Autónoma de Buenos Aires","Buenos Aires",Argentina,617280661,"Aldana Queirolo",https://www.facebook.com/aldana.queirolo,
Nahuel,Griffa,nahuegz@facebook.com,"08 de Mayo",https://www.facebook.com/nahuegz,22,Flores,"Ciudad Autónoma de Buenos Aires","Distrito Federal",Argentina,1388450752,"Ale Arias Mandarine Park",,
Nati,Uralde,nati.uralde@facebook.com,"08 de Mayo",https://www.facebook.com/nati.uralde,28,,"Ciudad Autónoma de Buenos Aires","Buenos Aires",Argentina,1159568583,"Alee Jandro",https://www.facebook.com/alejandropassadore,
Bechi,Migliavacca,bechi.migliavacca@facebook.com,"08 de Mayo",https://www.facebook.com/bechi.migliavacca,28,,"Ciudad Autónoma de Buenos Aires","Buenos Aires",Argentina,1174532461,"Alee Jandro",https://www.facebook.com/alejandropassadore,
Javier,"Espinoza Bory",javierespinozabory@facebook.com,"07 de Mayo",https://www.facebook.com/JAVIERESPINOZABORY,26,,"Ciudad Autónoma de Buenos Aires","Buenos Aires",Argentina,1033871063,"Alejandra Diaz De Vivar",,
Santiago,Duhart,santiago.duhart@facebook.com,"07 de Mayo",https://www.facebook.com/santiago.duhart,27,,"Ciudad Autónoma de Buenos Aires","Buenos Aires",Argentina,659238956,"Alexia Garcia",https://www.facebook.com/garciaalexiia,
Cristian,Massa,cristian.massa.75@facebook.com,"07 de Mayo",https://www.facebook.com/cristian.massa.75,25,,"Ciudad Autónoma de Buenos Aires","Buenos Aires",Argentina,695299851,"Alexia Garcia",https://www.facebook.com/garciaalexiia,
Facundo,Valenziano,facundo.valenziano@facebook.com,"08 de Mayo",https://www.facebook.com/facundo.valenziano,22,,"Ciudad Autónoma de Buenos Aires","Buenos Aires",Argentina,1184662108,"Anna Laura",https://www.facebook.com/Anna.Laucha,
Inv,Galeria,inv.galeria@facebook.com,"07 de Mayo",https://www.facebook.com/inv.galeria,28,,"Ciudad Autónoma de Buenos Aires","Buenos Aires",Argentina,100000042706397,"Ariel Villarreal",,
"Maria Ayelen",Pinasco,aye.pinasco@facebook.com,"08 de Mayo",https://www.facebook.com/aye.pinasco,21,,"Ciudad Autónoma de Buenos Aires","Buenos Aires",Argentina,1077447861,"Axx Agustin",https://www.facebook.com/Ax.Agustin,
Ezequiel,Iervasi,ezequiel.c.bj@facebook.com,"07 de Mayo",https://www.facebook.com/ezequiel.c.bj,22,,"Ciudad Autónoma de Buenos Aires","Buenos Aires",Argentina,100001044645561,"Axx Agustin",https://www.facebook.com/Ax.Agustin,
Trapacero,Rock,trapacero@facebook.com,"07 de Mayo",https://www.facebook.com/trapacero,22,,"Ciudad Autónoma de Buenos Aires","Buenos Aires",Argentina,100001096096537,"Axx Agustin",https://www.facebook.com/Ax.Agustin,
Nadia,Cusinato,nadia.cusinato.1@facebook.com,"08 de Mayo",https://www.facebook.com/nadia.cusinato.1,23,,"Ciudad Autónoma de Buenos Aires","Buenos Aires",Argentina,100003817758387,"Bë Döbiencita",https://www.facebook.com/be.dobiencita,
Sofía,Somoza,sofi.somoza@facebook.com,"08 de Mayo",https://www.facebook.com/sofi.somoza,24,,"Ciudad Autónoma de Buenos Aires","Buenos Aires",Argentina,758262511,"Barby Lanata",https://www.facebook.com/barby.lanata,
Juan,Capdevila,juan.f.capdevila@facebook.com,"07 de Mayo",https://www.facebook.com/juan.f.capdevila,27,,"Ciudad Autónoma de Buenos Aires","Buenos Aires",Argentina,580324297,"Barby Lanata",https://www.facebook.com/barby.lanata,
Celeste,Mackay,mceleste.mackay@facebook.com,"07 de Mayo",https://www.facebook.com/mceleste.mackay,27,,"Ciudad Autónoma de Buenos Aires","Buenos Aires",Argentina,626628596,"Belu Cepa Fraga",,
Karina,"Garcia Durman",karina.garciadurman@facebook.com,"08 de Mayo",https://www.facebook.com/karina.garciadurman,25,,"Ciudad Autónoma de Buenos Aires","Buenos Aires",Argentina,524885379,"Bernardo Cura Bonazzola",https://www.facebook.com/bernardocurabonazzola,
Alejandro,Abaca,alejandro.abaca@facebook.com,"07 de Mayo",https://www.facebook.com/alejandro.abaca,24,,"Ciudad Autónoma de Buenos Aires","Buenos Aires",Argentina,584405627,"Brian Hettich",https://www.facebook.com/brianghettich,
Analía,Mosquera,analia.mos@facebook.com,"08 de Mayo",https://www.facebook.com/analia.mos,26,"Villa Pueyrredón","Ciudad Autónoma de Buenos Aires","Buenos Aires",Argentina,848569308,"Camila Romano",0,
Maximiliano,Monaro,maximeex@facebook.com,"07 de Mayo",https://www.facebook.com/maximeex,27,"Buenos Aires","Buenos Aires","Buenos Aires",Argentina,1272484763,"Camila Romano",0,
Nato,Krawie,nato.krawie@facebook.com,"08 de Mayo",https://www.facebook.com/nato.krawie,22,,"Ciudad Autónoma de Buenos Aires","Buenos Aires",Argentina,1043726876,"Carla Ferro",https://www.facebook.com/carla.ferro,
Vicky,Chiesa,vicky.chiesa@facebook.com,"07 de Mayo",https://www.facebook.com/vicky.chiesa,23,,"Ciudad Autónoma de Buenos Aires","Buenos Aires",Argentina,1071217765,"Carli Pellizzaro",https://www.facebook.com/Carlii,
Camila,Gonzalez,@facebook.com,"08 de Mayo",https://www.facebook.com/profile.php?id=100000910180487,22,,"Ciudad Autónoma de Buenos Aires","Buenos Aires",Argentina,100000910180487,"Carlos Wilson",,
Mili,Buscaglia,mili.buscaglia@facebook.com,"08 de Mayo",https://www.facebook.com/mili.buscaglia,22,,"Ciudad Autónoma de Buenos Aires","Buenos Aires",Argentina,701503310,"Caro Ros Jones",https://www.facebook.com/carorosjones,
Paula,Toso,paula.toso.3@facebook.com,"07 de Mayo",https://www.facebook.com/paula.toso.3,28,,"Ciudad Autónoma de Buenos Aires","Buenos Aires",Argentina,543388011,"Caro Ros Jones",https://www.facebook.com/carorosjones,
Agus,Asseff,agus.asseff.9@facebook.com,"08 de Mayo",https://www.facebook.com/agus.asseff.9,24,,"Ciudad Autónoma de Buenos Aires","Buenos Aires",Argentina,1385089815,"Carolina Surace",,
Vicky,Fracalossi,vicky.fracalossi@facebook.com,"08 de Mayo",https://www.facebook.com/vicky.fracalossi,27,,"Ciudad Autónoma de Buenos Aires","Buenos Aires",Argentina,100000198451578,"Castro Marina",https://www.facebook.com/castro.marina,
"Trinidad Mitre","Residencia Terapia Intensiva",trinidadmitre.residenciaterapiaintensiva@facebook.,"07 de Mayo",https://www.facebook.com/trinidadmitre.residenciaterapiaintensiva,24,"Buenos Aires","Buenos Aires","Buenos Aires",Argentina,100005184180531,"Cecilia Crotti",0,
Sofia,Macias,sofia.macias.731@facebook.com,"07 de Mayo",https://www.facebook.com/sofia.macias.731,27,,"Ciudad Autónoma de Buenos Aires","Buenos Aires",Argentina,1102933304,"Cecilia Di Gaeta",https://www.facebook.com/cecilia.digaeta,
"Maria Eugenia",Crudo,maruchis0t7@facebook.com,"08 de Mayo",https://www.facebook.com/Maruchis0t7,25,,"Ciudad Autónoma de Buenos Aires","Buenos Aires",Argentina,1552287726,"Celeste Cabral",,
Guido,Beatriz,guido.beatriz@facebook.com,"08 de Mayo",https://www.facebook.com/guido.beatriz,27,,"Ciudad Autónoma de Buenos Aires","Buenos Aires",Argentina,565402994,"Ceu Seoane",https://www.facebook.com/ceciliaseoane,
Analia,Bordón,analia.bordon.75@facebook.com,"08 de Mayo",https://www.facebook.com/analia.bordon.75,28,,"Ciudad Autónoma de Buenos Aires","Buenos Aires",Argentina,100000554842342,"Charly Ruez",https://www.facebook.com/charly.ruez,
Juana,"Lopez Belran",juana.lopezbelran@facebook.com,"07 de Mayo",https://www.facebook.com/juana.lopezbelran,28,,"Ciudad Autónoma de Buenos Aires","Buenos Aires",Argentina,100000872242569,"Charly Ruez",https://www.facebook.com/charly.ruez,
Julie,Chipont,jchipont@facebook.com,"07 de Mayo",https://www.facebook.com/jchipont,25,,"Ciudad Autónoma de Buenos Aires","Buenos Aires",Argentina,733597447,"Charly Ruez",https://www.facebook.com/charly.ruez,
Sofia,Abajo,sofia.d.abajo@facebook.com,"08 de Mayo",https://www.facebook.com/sofia.d.abajo,28,,"Ciudad Autónoma de Buenos Aires","Buenos Aires",Argentina,699840007,"Chivi Giler",https://www.facebook.com/chivigiler,
Caro,Fernandez,carol.fernandez93@facebook.com,"07 de Mayo",https://www.facebook.com/carol.fernandez93,21,,"Ciudad Autónoma de Buenos Aires","Buenos Aires",Argentina,1266706020,"Christian Douer Chuky",https://www.facebook.com/christian.chuky,
Naty,Heffes,naty.heffes@facebook.com,"08 de Mayo",https://www.facebook.com/naty.heffes,24,,"Ciudad Autónoma de Buenos Aires","Buenos Aires",Argentina,724879321,"Cristian Pluis",,
Agustín,Benitez,agus.msk@facebook.com,"08 de Mayo",https://www.facebook.com/agus.msk,25,,"Ciudad Autónoma de Buenos Aires","Buenos Aires",Argentina,693354243,"Débora Piccirilli",https://www.facebook.com/debora.piccirilli1,
Juan,Morbidoni,juan.morbidoni@facebook.com,"08 de Mayo",https://www.facebook.com/juan.morbidoni,26,,"Ciudad Autónoma de Buenos Aires","Buenos Aires",Argentina,631869771,"Daniela Sevilla",,
Daii,Sicee,daii.sicee@facebook.com,"07 de Mayo",https://www.facebook.com/daii.sicee,22,Avellaneda,"Ciudad Autónoma de Buenos Aires","Buenos Aires",Argentina,1656303238,"David Zalasar",https://www.facebook.com/Davidcocktails,
Valeria,Vilca,valeria.vilca.73@facebook.com,"08 de Mayo",https://www.facebook.com/valeria.vilca.73,22,,"Ciudad Autónoma de Buenos Aires","Buenos Aires",Argentina,1336062424,"Diego Binayan",https://www.facebook.com/diego.binayan,
Celeste,Elorriaga,celeste.elorriaga@facebook.com,"08 de Mayo",https://www.facebook.com/celeste.elorriaga,21,,"Ciudad Autónoma de Buenos Aires","Buenos Aires",Argentina,1230834935,"Emanuel Gaston Perdigues",https://www.facebook.com/emaxpx,
Julieta,Richard,julieta.richard@facebook.com,"07 de Mayo",https://www.facebook.com/julieta.richard,26,,"Ciudad Autónoma de Buenos Aires","Buenos Aires",Argentina,1252904033,"Estefania Pascual Lerario",https://www.facebook.com/estefania.lerario,
Tommo,Gonzalez,tommo.gonzalez@facebook.com,"08 de Mayo",https://www.facebook.com/tommo.gonzalez,25,,"Ciudad Autónoma de Buenos Aires","Buenos Aires",Argentina,528883540,"Estefania Pascual Lerario",https://www.facebook.com/estefania.lerario,
Sepo,Gonzalez,elperro.sepo@facebook.com,"07 de Mayo",https://www.facebook.com/elperro.sepo,27,"Buenos Aires","Buenos Aires","Buenos Aires",Argentina,1183330826,"Fabi Cepeda",0,
Adonis,Maza,adonis.maza@facebook.com,"08 de Mayo",https://www.facebook.com/adonis.maza,21,,"Ciudad Autónoma de Buenos Aires","Buenos Aires",Argentina,538097091,"Facundo Bulacio",https://www.facebook.com/facundo.bulacio,
Federico,Perez,federico.perez.5454021@facebook.com,"07 de Mayo",https://www.facebook.com/federico.perez.5454021,23,"Villa Del Parque","Ciudad Autónoma de Buenos Aires","Buenos Aires",Argentina,100000554628158,"Federico Carrizo",https://www.facebook.com/federicoc,
Vene,Venecia,venecia.carrion@facebook.com,"08 de Mayo",https://www.facebook.com/venecia.carrion,26,,"Ciudad Autónoma de Buenos Aires","Buenos Aires",Argentina,541738397,"Felicitas Ghigliotti",https://www.facebook.com/felicitas.ghigliotti,
Alan,Guadalupe,alan.s.guadalupe@facebook.com,"08 de Mayo",https://www.facebook.com/alan.s.guadalupe,23,,"Ciudad Autónoma de Buenos Aires","Buenos Aires",Argentina,1125227619,"Felipe Cianciarulo",https://www.facebook.com/fcianciarulo,
Maria,Latour,maria.i.latour@facebook.com,"08 de Mayo",https://www.facebook.com/maria.i.latour,26,,"Ciudad Autónoma de Buenos Aires","Buenos Aires",Argentina,757664654,"Fernando Olner Cupayolo",https://www.facebook.com/fernando.cupayolo,
Flor,Storbo,flor.storbo@facebook.com,"08 de Mayo",https://www.facebook.com/flor.storbo,23,Núñez,"Ciudad Autónoma de Buenos Aires","Buenos Aires",Argentina,1408293472,"Fett Maidana",0,
Dani,Ras,daniras@facebook.com,"08 de Mayo",https://www.facebook.com/daniras,26,,"Ciudad Autónoma de Buenos Aires","Buenos Aires",Argentina,1051906259,"Flor Charró",https://www.facebook.com/florr.ch,
Barbara,Fuster,barbara.fuster.9@facebook.com,"07 de Mayo",https://www.facebook.com/barbara.fuster.9,28,,"Ciudad Autónoma de Buenos Aires","Buenos Aires",Argentina,1061887946,"Flor Gonzalez",,
Jack,Tilghman,jack.tilghman@facebook.com,"07 de Mayo",https://www.facebook.com/jack.tilghman,27,,"Ciudad Autónoma de Buenos Aires","Buenos Aires",Argentina,1222740097,"Flor Rossi",,
Meme,Etchegorry,meme.etchegorry@facebook.com,"08 de Mayo",https://www.facebook.com/meme.etchegorry,27,,"Ciudad Autónoma de Buenos Aires","Buenos Aires",Argentina,550669339,"Flor Scalise",https://www.facebook.com/flor.scalise,
Kevin,Bardi,kevin.bardi@facebook.com,"08 de Mayo",https://www.facebook.com/kevin.bardi,23,,"Ciudad Autónoma de Buenos Aires","Buenos Aires",Argentina,1176233849,"Florencia Cortés",https://www.facebook.com/cortes.florencia,
Fabian,Manoukian,fobii@facebook.com,"07 de Mayo",https://www.facebook.com/Fobii,24,,"Ciudad Autónoma de Buenos Aires","Buenos Aires",Argentina,1421311558,"Florencia Pellegrino",,
Gonzalo,Acosta,gonzalo.acosta.750@facebook.com,"07 de Mayo",https://www.facebook.com/gonzalo.acosta.750,21,,"Ciudad Autónoma de Buenos Aires","Buenos Aires",Argentina,100000620669183,"Gabi López",,
Martina,Dotti,martina.dotti.52@facebook.com,"07 de Mayo",https://www.facebook.com/martina.dotti.52,21,,"Ciudad Autónoma de Buenos Aires","Buenos Aires",Argentina,1255764725,"Gabriel Sciutto",https://www.facebook.com/gabriel.sciutto,
Roxana,Bailarina,roxana.aldeco@facebook.com,"07 de Mayo",https://www.facebook.com/roxana.aldeco,28,,"Ciudad Autónoma de Buenos Aires","Buenos Aires",Argentina,1066443049,"Gabriela Cardelino",https://www.facebook.com/gabriela.cardelino,
Maria,Diez,maria.m.diez.7@facebook.com,"07 de Mayo",https://www.facebook.com/maria.m.diez.7,26,,"Ciudad Autónoma de Buenos Aires","Buenos Aires",Argentina,550847409,"Gabriela Rosito",https://www.facebook.com/gabriela.rosito,
Flor,Thomas,fthomas8@facebook.com,"07 de Mayo",https://www.facebook.com/fthomas8,23,"Buenos Aires","Buenos Aires","Buenos Aires",Argentina,511201019,"Gabriella Rouiller",0,
Fausto,Spiga,fausto.spiga@facebook.com,"08 de Mayo",https://www.facebook.com/fausto.spiga,24,,"Ciudad Autónoma de Buenos Aires","Buenos Aires",Argentina,1124294242,"Geru Sznek",https://www.facebook.com/gsznek,
Emi,Giacone,emi.giacone@facebook.com,"07 de Mayo",https://www.facebook.com/emi.giacone,28,,"Ciudad Autónoma de Buenos Aires","Buenos Aires",Argentina,881880132,"Giovanna Castellino",https://www.facebook.com/giovanna.castellino,
Lucía,Leiro,lucia.l.leiro@facebook.com,"07 de Mayo",https://www.facebook.com/lucia.l.leiro,27,,"Ciudad Autónoma de Buenos Aires","Buenos Aires",Argentina,748874666,"Guido De Marco",,
Pablo,Vedovaldi,pablo.vedovaldi@facebook.com,"07 de Mayo",https://www.facebook.com/pablo.vedovaldi,22,,"Ciudad Autónoma de Buenos Aires","Buenos Aires",Argentina,569909752,"Guido Moncayo",https://www.facebook.com/guido.moncayo,
Mathias,"Gisondi Cormack",mathias.gisondicormack@facebook.com,"08 de Mayo",https://www.facebook.com/mathias.gisondicormack,23,,"Ciudad Autónoma de Buenos Aires","Buenos Aires",Argentina,1419661299,"Guido Moncayo",https://www.facebook.com/guido.moncayo,
Mey,Iglesias,mey.iglesias@facebook.com,"07 de Mayo",https://www.facebook.com/mey.iglesias,23,,"Ciudad Autónoma de Buenos Aires","Buenos Aires",Argentina,1384022563,"Ignacio Lines Ceruti",https://www.facebook.com/ignacio.lines,
Rodrigo,"Gómez Deck",rodrigoemmanuelgomezdeck@facebook.com,"07 de Mayo",https://www.facebook.com/rodrigoemmanuelgomezdeck,23,,"Ciudad Autónoma de Buenos Aires","Buenos Aires",Argentina,1384592223,"Ignacio Lines Ceruti",https://www.facebook.com/ignacio.lines,
CineCien,Mercosur,cinecien.mercosur@facebook.com,"07 de Mayo",https://www.facebook.com/cinecien.mercosur,23,,"Ciudad Autónoma de Buenos Aires","Buenos Aires",Argentina,100001224101455,"Ingrid Sondergaard",https://www.facebook.com/ingridfash,
Lautaro,Noguera,sai.akuto.988@facebook.com,"07 de Mayo",https://www.facebook.com/sai.akuto.988,21,,"Ciudad Autónoma de Buenos Aires","Buenos Aires",Argentina,100001685706895,"Joaquin Barraco",https://www.facebook.com/chino.barraco,
Belen,Ague,beluas@facebook.com,"07 de Mayo",https://www.facebook.com/beluas,23,,"Ciudad Autónoma de Buenos Aires","Buenos Aires",Argentina,1437823848,"Jobs Bar",https://www.facebook.com/jobsbar,
Rosana,Pereira,rosana.pereira.1654@facebook.com,"08 de Mayo",https://www.facebook.com/rosana.pereira.1654,27,,"Ciudad Autónoma de Buenos Aires","Buenos Aires",Argentina,100002820057887,"Jobs Bar",https://www.facebook.com/jobsbar,
Majdy,Nasser,majdy.zakaria@facebook.com,"08 de Mayo",https://www.facebook.com/majdy.zakaria,23,,"Ciudad Autónoma de Buenos Aires","Buenos Aires",Argentina,100001319934732,"Jobs Bar",https://www.facebook.com/jobsbar,
Agus,Fernandez,agus.fernandez.1213@facebook.com,"08 de Mayo",https://www.facebook.com/agus.fernandez.1213,26,,"Ciudad Autónoma de Buenos Aires","Buenos Aires",Argentina,645928595,"Jochuu Rodriguez Linck",https://www.facebook.com/jochuu.rodriguezlinck,
Tatiana,Divano,tatiana.divano@facebook.com,"08 de Mayo",https://www.facebook.com/tatiana.divano,23,,"Ciudad Autónoma de Buenos Aires","Buenos Aires",Argentina,1527542241,"Joni Aires",https://www.facebook.com/joniaires,
Leila,"Buzzone Duek",leilavictoria@facebook.com,"08 de Mayo",https://www.facebook.com/leilaVictoria,27,,"Ciudad Autónoma de Buenos Aires","Buenos Aires",Argentina,1003191829,"Jose Guevara",https://www.facebook.com/JoeGuevara81,
Roxana,"Gómez Davin",roxaniita@facebook.com,"08 de Mayo",https://www.facebook.com/roxaniita,23,"Barrio Norte","Ciudad Autónoma de Buenos Aires","Buenos Aires",Argentina,590724560,"Juan Antonio Papagni Meca",https://www.facebook.com/juanantoniopapagnimeca,
Brenda,Cadente,brenda.cadente@facebook.com,"08 de Mayo",https://www.facebook.com/brenda.cadente,27,,"Ciudad Autónoma de Buenos Aires","Buenos Aires",Argentina,1094588731,"Juani Koch",https://www.facebook.com/juani.koch,
Melody,Borrelli,melody.borrelli@facebook.com,"08 de Mayo",https://www.facebook.com/melody.borrelli,27,,"Ciudad Autónoma de Buenos Aires","Buenos Aires",Argentina,1336206539,"Julieta Abreu Frank",https://www.facebook.com/julieta.abreufrank,
Agustin,Nejamky,agustin.nejamky@facebook.com,"07 de Mayo",https://www.facebook.com/agustin.nejamky,24,,"Ciudad Autónoma de Buenos Aires","Buenos Aires",Argentina,587120278,"July Jaluff",https://www.facebook.com/july.jaluff,
Melanie,Imp,melanie.imp@facebook.com,"07 de Mayo",https://www.facebook.com/melanie.imp,24,,"Ciudad Autónoma de Buenos Aires","Buenos Aires",Argentina,100003283445799,"Justin Temperley",https://www.facebook.com/justin.temperley,
Ivi,Carp,ivan.j.garcia.73@facebook.com,"08 de Mayo",https://www.facebook.com/ivan.j.garcia.73,24,,"Ciudad Autónoma de Buenos Aires","Buenos Aires",Argentina,100001397684596,"Karina Gianelli",https://www.facebook.com/karina.gianelli,
Rodrigo,D'onofrio,rodrigo.donofrio@facebook.com,"08 de Mayo",https://www.facebook.com/rodrigo.donofrio,23,Array,"Ciudad Autónoma de Buenos Aires","Buenos Aires",Argentina,1024845872,"Leo LugÓn",0,
Facundo,Castillo,facundo.castillo.52@facebook.com,"07 de Mayo",https://www.facebook.com/facundo.castillo.52,28,,"Ciudad Autónoma de Buenos Aires","Buenos Aires",Argentina,1032996614,"Lo Lola",,
Gladys,Caballero,@facebook.com,"08 de Mayo",https://www.facebook.com/profile.php?id=100007558084898,27,,"Ciudad Autónoma de Buenos Aires","Buenos Aires",Argentina,100007558084898,"Lo Lola",,
Agustina,Dedyn,agustina.dedyn@facebook.com,"07 de Mayo",https://www.facebook.com/agustina.dedyn,23,,"Ciudad Autónoma de Buenos Aires","Buenos Aires",Argentina,758393126,"Lucía Lopez Aleman",https://www.facebook.com/marialucialopezaleman,
"Maria Victoria",Silva,mariavictoria.silva.7@facebook.com,"08 de Mayo",https://www.facebook.com/mariavictoria.silva.7,22,,"Ciudad Autónoma de Buenos Aires","Buenos Aires",Argentina,1152964277,"Lucrecia Martinez",https://www.facebook.com/lucrecia.martinez,
Niky,Sucari,nicolesucari@facebook.com,"08 de Mayo",https://www.facebook.com/nicolesucari,21,,"Ciudad Autónoma de Buenos Aires","Buenos Aires",Argentina,1016671447,"Luli Torres",,
Itaeb,Salud,itaebesteticasalud@facebook.com,"08 de Mayo",https://www.facebook.com/itaebesteticasalud,24,Flores,"Ciudad Autónoma de Buenos Aires","Buenos Aires",Argentina,100001067653806,"Mabu Reinaud",https://www.facebook.com/mabu.reinaud,
Jennifer,Diggs,jennifer.diggs.5@facebook.com,"08 de Mayo",https://www.facebook.com/jennifer.diggs.5,28,,"Ciudad Autónoma de Buenos Aires","Buenos Aires",Argentina,1369501953,"Majo López Tavani",https://www.facebook.com/lasplumas,
Barbi,White,barbiwh@facebook.com,"07 de Mayo",https://www.facebook.com/Barbiwh,22,,"Ciudad Autónoma de Buenos Aires","Buenos Aires",Argentina,673418850,"Manu Dadaglio",,
Silvana,Se,silvana.se.5@facebook.com,"08 de Mayo",https://www.facebook.com/silvana.se.5,25,,"Ciudad Autónoma de Buenos Aires","Buenos Aires",Argentina,1334451774,"Maria DEL Mar",,
Tomas,Alberio,tomas.alberio.7@facebook.com,"07 de Mayo",https://www.facebook.com/tomas.alberio.7,27,,"Ciudad Autónoma de Buenos Aires","Buenos Aires",Argentina,1285112484,"Maria Lucila Quarleri",https://www.facebook.com/maria.quarleri,
Mechi,Azzerboni,mechia@facebook.com,"08 de Mayo",https://www.facebook.com/mechia,26,,"Ciudad Autónoma de Buenos Aires","Buenos Aires",Argentina,712527530,"Maria Pia Perez Brea",,
Johanna,Besson,johanna.besson.5@facebook.com,"08 de Mayo",https://www.facebook.com/johanna.besson.5,25,,"Ciudad Autónoma de Buenos Aires","Buenos Aires",Argentina,1014889207,"Maria Pia Perez Brea",,
German,"Mirco Maschio",german.mircomaschio@facebook.com,"08 de Mayo",https://www.facebook.com/german.mircomaschio,27,,"Ciudad Autónoma de Buenos Aires","Buenos Aires",Argentina,1104883227,"Mariana Fazio",https://www.facebook.com/amanecerrosa,
Lu,Duque,lu.duque.92@facebook.com,"07 de Mayo",https://www.facebook.com/lu.duque.92,28,,"Ciudad Autónoma de Buenos Aires","Buenos Aires",Argentina,1460496132,"Marina Giordano",,
Martina,Leiva,martina.leiva.12@facebook.com,"07 de Mayo",https://www.facebook.com/martina.leiva.12,23,,"Ciudad Autónoma de Buenos Aires","Buenos Aires",Argentina,1219755945,"Martín Álvarez BA I",https://www.facebook.com/Woody.Blair,
Walter,Zelaya,walternahuel@facebook.com,"08 de Mayo",https://www.facebook.com/walternahuel,28,,"Ciudad Autónoma de Buenos Aires","Buenos Aires",Argentina,1276609079,"Mauro Napole",https://www.facebook.com/maurinapole,
Gustavo,"Morales Bravo",gustavo.moralesbravo@facebook.com,"08 de Mayo",https://www.facebook.com/gustavo.moralesbravo,21,,"Ciudad Autónoma de Buenos Aires","Buenos Aires",Argentina,1283843154,"Mauro Napole",https://www.facebook.com/maurinapole,
Fernando,Restelli,fernando.restelli.9@facebook.com,"08 de Mayo",https://www.facebook.com/fernando.restelli.9,26,,"Ciudad Autónoma de Buenos Aires","Buenos Aires",Argentina,734073160,"Mechi Abud",https://www.facebook.com/mechi.abud,
July,Donalisio,julidonalisio@facebook.com,"08 de Mayo",https://www.facebook.com/julidonalisio,25,,"Ciudad Autónoma de Buenos Aires","Buenos Aires",Argentina,1080648884,"Melina Piovano",https://www.facebook.com/melipiovano,
Rodrigo,Donofrio,rodrigo.donofrio.35@facebook.com,"08 de Mayo",https://www.facebook.com/rodrigo.donofrio.35,23,,"Ciudad Autónoma de Buenos Aires","Buenos Aires",Argentina,100004561331377,"Natalia Oviedo",,
Sofia,Zorzopulos,sofia.zorzopulos@facebook.com,"08 de Mayo",https://www.facebook.com/sofia.zorzopulos,28,,"Ciudad Autónoma de Buenos Aires","Buenos Aires",Argentina,665010535,"Natascha Stern",https://www.facebook.com/natascha.stern,
"Juan Martin",Beltran,juanmartin.beltran.1@facebook.com,"08 de Mayo",https://www.facebook.com/juanmartin.beltran.1,28,Barracas,"Ciudad Autónoma de Buenos Aires","Buenos Aires",Argentina,615009507,"Nicolas Bacich",https://www.facebook.com/nicolas.bacich,
Vanesa,Valenzuela,@facebook.com,"08 de Mayo",https://www.facebook.com/profile.php?id=1085089990,21,,"Ciudad Autónoma de Buenos Aires","Buenos Aires",Argentina,1085089990,"Noelia Sarquiz",https://www.facebook.com/noelia.sarquiz,
Luciano,Tranguera,luciano.tranguera@facebook.com,"08 de Mayo",https://www.facebook.com/luciano.tranguera,24,,"Ciudad Autónoma de Buenos Aires","Buenos Aires",Argentina,1136216675,"Ornela G Cirigliano",https://www.facebook.com/floweringashtree,
Gonzalo,Suarez,gonzalo.suarez.31@facebook.com,"07 de Mayo",https://www.facebook.com/gonzalo.suarez.31,23,,"Ciudad Autónoma de Buenos Aires","Buenos Aires",Argentina,100001564501952,"Pamela Garrote",https://www.facebook.com/pamela.garrote,
Dany,Montes,danii.montes.12@facebook.com,"07 de Mayo",https://www.facebook.com/danii.montes.12,26,,"Ciudad Autónoma de Buenos Aires","Buenos Aires",Argentina,1322537968,"Pato Patiton",https://www.facebook.com/patiton28,
Alejo,Ciliberto,alejodaniel.ciliberto@facebook.com,"08 de Mayo",https://www.facebook.com/alejodaniel.ciliberto,25,Barracas,"Ciudad Autónoma de Buenos Aires","Buenos Aires",Argentina,1248256806,"Pau Salas",https://www.facebook.com/pausalas88,
Maximo,Zunini,maximo.zunini@facebook.com,"07 de Mayo",https://www.facebook.com/maximo.zunini,27,,"Ciudad Autónoma de Buenos Aires","Buenos Aires",Argentina,1371550977,"Pau Salas",https://www.facebook.com/pausalas88,
Francisco,"Lopez Lecube",frankll88@facebook.com,"07 de Mayo",https://www.facebook.com/frankll88,26,,"Ciudad Autónoma de Buenos Aires","Buenos Aires",Argentina,519808746,"Paz Gonzalez",https://www.facebook.com/pachu.gonzalez,
Tai,Marino,tai.marino.9@facebook.com,"08 de Mayo",https://www.facebook.com/tai.marino.9,24,,"Ciudad Autónoma de Buenos Aires","Buenos Aires",Argentina,651744191,"Paz Gonzalez",https://www.facebook.com/pachu.gonzalez,
"Meme Floggercita",Sosa,comoqueconvoschapeasireglam@facebook.com,"07 de Mayo",https://www.facebook.com/comoqueconvoschapeasireglam,22,,"Ciudad Autónoma de Buenos Aires","Buenos Aires",Argentina,100000196577839,"Pedro Lopezyfernandez",https://www.facebook.com/pedronahuel,
Cocò,Matteo,carola.dimatteo@facebook.com,"08 de Mayo",https://www.facebook.com/carola.dimatteo,24,"Buenos Aires","Buenos Aires","Buenos Aires",Argentina,1082598820,"Peter GC",0,
Nu,Ap,nnnap@facebook.com,"08 de Mayo",https://www.facebook.com/nnnap,25,"Buenos Aires","Buenos Aires","Buenos Aires",Argentina,1128704003,"Peter GC",0,
Tati,"Spatola Rossi",tati.spatolarossi@facebook.com,"07 de Mayo",https://www.facebook.com/tati.spatolarossi,22,,"Ciudad Autónoma de Buenos Aires","Buenos Aires",Argentina,515862737,"Pia Bocchino",https://www.facebook.com/pia.bocchino,
"Freddy Guillermo",Yung,guillete@facebook.com,"07 de Mayo",https://www.facebook.com/guillete,24,,"Ciudad Autónoma de Buenos Aires","Buenos Aires",Argentina,1303929706,"Piltra Toller",https://www.facebook.com/piltra,
Agustina,Muñoz,agustina.munoz.108@facebook.com,"07 de Mayo",https://www.facebook.com/agustina.munoz.108,23,,"Ciudad Autónoma de Buenos Aires","Buenos Aires",Argentina,692710679,"Piltra Toller",https://www.facebook.com/piltra,
Andy,Ibarra,ibarraandy@facebook.com,"07 de Mayo",https://www.facebook.com/IbarraAndy,22,,"Ciudad Autónoma de Buenos Aires","Buenos Aires",Argentina,704194641,"Piltra Toller",https://www.facebook.com/piltra,
Sofi,Giudice,sofi.giudice@facebook.com,"08 de Mayo",https://www.facebook.com/sofi.giudice,23,"Buenos Aires","Buenos Aires","Buenos Aires",Argentina,1248732337,"Piru Lasta",0,
Ana,Garcia,anni.p.garcia@facebook.com,"08 de Mayo",https://www.facebook.com/anni.p.garcia,23,,"Ciudad Autónoma de Buenos Aires","Buenos Aires",Argentina,1310345121,"Rocío Martínez",https://www.facebook.com/rochi.belen,
Laureano,Suarez,laureano.suarez.3@facebook.com,"07 de Mayo",https://www.facebook.com/laureano.suarez.3,26,,"Ciudad Autónoma de Buenos Aires","Buenos Aires",Argentina,1329907368,"Rocío Martínez",https://www.facebook.com/rochi.belen,
Tuti,Rodoni,tuti.rodoni@facebook.com,"08 de Mayo",https://www.facebook.com/tuti.rodoni,21,,"Ciudad Autónoma de Buenos Aires","Buenos Aires",Argentina,1017137016,"Rocío Martínez",https://www.facebook.com/rochi.belen,
Maru,Packer,maru.packer@facebook.com,"07 de Mayo",https://www.facebook.com/maru.packer,28,,"Ciudad Autónoma de Buenos Aires","Buenos Aires",Argentina,514178448,"Rocio Marquez",,
Luz,Pastor,luz.pastor.372@facebook.com,"08 de Mayo",https://www.facebook.com/luz.pastor.372,25,,"Ciudad Autónoma de Buenos Aires","Buenos Aires",Argentina,650180449,"Rocio Mayo",https://www.facebook.com/marinirocio,
Hugo,Fozz,hugo.alderete.16@facebook.com,"07 de Mayo",https://www.facebook.com/hugo.alderete.16,23,,"Ciudad Autónoma de Buenos Aires","Buenos Aires",Argentina,1386488985,"Ruben Pacora",https://www.facebook.com/ruben.pacora,
Pía,Sanchez,pia.sanchez.5667@facebook.com,"08 de Mayo",https://www.facebook.com/pia.sanchez.5667,25,,"Ciudad Autónoma de Buenos Aires","Buenos Aires",Argentina,1396881626,"Santi Osterc",https://www.facebook.com/santiosterc,
Fran,Rossetto,r.fran@facebook.com,"08 de Mayo",https://www.facebook.com/r.fran,24,,"Ciudad Autónoma de Buenos Aires","Buenos Aires",Argentina,694952181,"Sebastian Diaz",https://www.facebook.com/sebastiantatudiaz,
Paola,Gonzalez,@facebook.com,"07 de Mayo",https://www.facebook.com/profile.php?id=1097582522,23,,"Ciudad Autónoma de Buenos Aires","Buenos Aires",Argentina,1097582522,"Sergio Acosta",,
Jesica,"Delle Sedie",jesica.dellesedie@facebook.com,"07 de Mayo",https://www.facebook.com/jesica.dellesedie,26,,"Ciudad Autónoma de Buenos Aires","Buenos Aires",Argentina,100000688558422,"Sil Cristiano ?ï?",https://www.facebook.com/Sivinita,
Dulce,Bellum,dulcebellum2012@facebook.com,"07 de Mayo",https://www.facebook.com/dulcebellum2012,23,,"Ciudad Autónoma de Buenos Aires","Buenos Aires",Argentina,100001607041923,"Sil Cristiano ?ï?",https://www.facebook.com/Sivinita,
Sabri,Pantaleon,sabrina.pantaleon@facebook.com,"07 de Mayo",https://www.facebook.com/sabrina.pantaleon,21,,"Ciudad Autónoma de Buenos Aires","Buenos Aires",Argentina,1392195992,"Silvana Garcia Marciafava",https://www.facebook.com/silvana.marciafava,
Tomás,Anchorena,tommy.anchorena@facebook.com,"08 de Mayo",https://www.facebook.com/tommy.anchorena,22,"Buenos Aires","Buenos Aires","Buenos Aires",Argentina,693033785,"Sofia Reinoso",0,
Mati,Zícari,mati.zicari@facebook.com,"08 de Mayo",https://www.facebook.com/mati.zicari,22,,"Ciudad Autónoma de Buenos Aires","Buenos Aires",Argentina,722472310,"Sol Bettoni",,
German,Bosano,german.bosano@facebook.com,"08 de Mayo",https://www.facebook.com/german.bosano,24,,"Ciudad Autónoma de Buenos Aires","Buenos Aires",Argentina,1150757490,"Srita Bauer",https://www.facebook.com/marina.vas,
Cande,Corpacci,candecorpacci@facebook.com,"07 de Mayo",https://www.facebook.com/CandeCorpacci,26,"Barrio Norte","Ciudad Autónoma de Buenos Aires","Buenos Aires",Argentina,597911726,"Tomi Rodriguez",,
Eddie,Bone,eddie.bone.92@facebook.com,"07 de Mayo",https://www.facebook.com/eddie.bone.92,26,,"Ciudad Autónoma de Buenos Aires","Buenos Aires",Argentina,600037805,"Tomi Rodriguez",,
Juan,Cook,juanaugustocook@facebook.com,"07 de Mayo",https://www.facebook.com/juanaugustocook,24,,"Ciudad Autónoma de Buenos Aires","Buenos Aires",Argentina,518540049,"Tomi Rodriguez",,
Mariano,Felchle,emefelchle@facebook.com,"08 de Mayo",https://www.facebook.com/emefelchle,25,,"Ciudad Autónoma de Buenos Aires","Buenos Aires",Argentina,579925767,"Valentin Abelardo",https://www.facebook.com/valentin.abelardo,
Vene,Venecia,vene.venecia.71@facebook.com,"08 de Mayo",https://www.facebook.com/vene.venecia.71,26,,"Ciudad Autónoma de Buenos Aires","Buenos Aires",Argentina,100007631912654,"Vanesa Macias",https://www.facebook.com/vanesa.macias1,
Matias,Lopez,matias.lopez.146@facebook.com,"07 de Mayo",https://www.facebook.com/matias.lopez.146,23,,"Ciudad Autónoma de Buenos Aires","Buenos Aires",Argentina,100001139058095,"Vanesa Marinich",https://www.facebook.com/vanesa.marinich,
"María José",Marcone,mariajose.marcone@facebook.com,"07 de Mayo",https://www.facebook.com/mariajose.marcone,24,,"Ciudad Autónoma de Buenos Aires","Buenos Aires",Argentina,659269987,"Vicky Blengini",https://www.facebook.com/vicky.blengini,
Val,Repetti,val.repetti@facebook.com,"07 de Mayo",https://www.facebook.com/val.repetti,24,,"Ciudad Autónoma de Buenos Aires","Buenos Aires",Argentina,1445705028,"Vicky Diaz",,
