Nombre,Apellido,"Email Facebook",Cumpleaños,"Usuario Facebook",Edad,Barrio,Ciudad,Provincia,Pais,"ID Facebook","Amigo De","Amigo De (Usuario)",rebound
Cya,Ropero,cya.ropero@facebook.com,"01 de Mayo",https://www.facebook.com/cya.ropero,,,"Ciudad Autónoma de Buenos Aires","Buenos Aires",Argentina,100002338154918,"Ago Benedettini",https://www.facebook.com/ago.benedettini,1
Cetae,Cursos,cetae.cursos@facebook.com,"01 de Mayo",https://www.facebook.com/cetae.cursos,,,"Ciudad Autónoma de Buenos Aires","Buenos Aires",Argentina,1823434761,"Ago Benedettini",https://www.facebook.com/ago.benedettini,1
"Color de Flor",Gri,colordeflor@facebook.com,"03 de Mayo",https://www.facebook.com/COLORDEFLOR,,Barracas,"Ciudad Autónoma de Buenos Aires","Distrito Federal",Argentina,1416941149,"Agos Costas",https://www.facebook.com/agoscostas,1
Ariel,Alberto,cokemans@facebook.com,"03 de Mayo",https://www.facebook.com/cokemans,,,"Ciudad Autónoma de Buenos Aires","Buenos Aires",Argentina,1252531480,"Agos D'Urbano",https://www.facebook.com/agostinnad,1
Loly,Cid,loly.cid@facebook.com,"01 de Mayo",https://www.facebook.com/loly.cid,,Recoleta,"Ciudad Autónoma de Buenos Aires","Buenos Aires",Argentina,1329977693,"Agustin De Pascali",https://www.facebook.com/agustin.depascali,1
Euge,Volpini,euge.volpini@facebook.com,"01 de Mayo",https://www.facebook.com/euge.volpini,,,"Ciudad Autónoma de Buenos Aires","Buenos Aires",Argentina,1419398150,"Agustin De Pascali",https://www.facebook.com/agustin.depascali,1
Walter,Gutierrez,wcrossgwm@facebook.com,"07 de Mayo",https://www.facebook.com/wcrossgwm,,,"Ciudad Autónoma de Buenos Aires","Buenos Aires",Argentina,533298488,"Agustin Justin",https://www.facebook.com/Agustin.Justin,1
Martin,Pinto,martin.pinto.9@facebook.com,"04 de Mayo",https://www.facebook.com/martin.pinto.9,23,,"Ciudad Autónoma de Buenos Aires","Buenos Aires",Argentina,1336763861,"Agustina Gorrini",https://www.facebook.com/agustina.gorrini,1
Bren,Ramirez,brenn.ramirez.7@facebook.com,"07 de Mayo",https://www.facebook.com/brenn.ramirez.7,22,,"Ciudad Autónoma de Buenos Aires","Buenos Aires",Argentina,1385096422,"Agustina Pelle Müller",,1
Fernando,Varela,fer.eze.varela@facebook.com,"06 de Mayo",https://www.facebook.com/fer.eze.varela,,,"Ciudad Autónoma de Buenos Aires","Buenos Aires",Argentina,100001295389634,"Agustina Saenz",,1
Alejandro,Waterhouse,water.ale@facebook.com,"07 de Mayo",https://www.facebook.com/water.ale,,,"Ciudad Autónoma de Buenos Aires","Buenos Aires",Argentina,1552094404,"Alan Volper",https://www.facebook.com/alan.volper,1
Agus,NonStop,agus.nonstop@facebook.com,"06 de Mayo",https://www.facebook.com/agus.nonstop,24,,"Ciudad Autónoma de Buenos Aires","Buenos Aires",Argentina,100002100790753,"Alan Volper",https://www.facebook.com/alan.volper,1
MOni,Sosa,monica.loverasosa@facebook.com,"07 de Mayo",https://www.facebook.com/monica.loverasosa,24,"Buenos Aires","Buenos Aires","Buenos Aires",Argentina,100005787902003,"Alan Yun",0,1
Cristina,Hsu,critinitaah@facebook.com,"06 de Mayo",https://www.facebook.com/critinitaah,,"Buenos Aires","Buenos Aires","Buenos Aires",Argentina,786494783,"Alan Yun",0,1
Monte,Kurama,monte.kurama@facebook.com,"05 de Mayo",https://www.facebook.com/monte.kurama,26,,"Ciudad Autónoma de Buenos Aires","Buenos Aires",Argentina,100001578335782,"Aldana Queirolo",https://www.facebook.com/aldana.queirolo,1
Nancy,Romero,nancy.r.servin@facebook.com,"04 de Mayo",https://www.facebook.com/nancy.r.servin,,,"Ciudad Autónoma de Buenos Aires","Buenos Aires",Argentina,100000757935438,"Ale Arias Mandarine Park",,1
Agustin,Rossi,leonardoagustin.espinoza@facebook.com,"01 de Mayo",https://www.facebook.com/leonardoagustin.espinoza,29,,"Ciudad Autónoma de Buenos Aires","Buenos Aires",Argentina,1649046090,"Ale Arias Mandarine Park",,1
Berenis,Gerbasi,berenis.gerbasi@facebook.com,"01 de Mayo",https://www.facebook.com/berenis.gerbasi,,,"Ciudad Autónoma de Buenos Aires","Buenos Aires",Argentina,1231643559,"Alee Jandro",https://www.facebook.com/alejandropassadore,1
Santiago,Bezruk,santiago.bezruk@facebook.com,"07 de Mayo",https://www.facebook.com/santiago.bezruk,,,"Ciudad Autónoma de Buenos Aires","Buenos Aires",Argentina,1552616322,"Alejandro Amitrano",,1
"La Yenni",Irazu,layenni.irazu@facebook.com,"05 de Mayo",https://www.facebook.com/layenni.irazu,24,"Comodoro Rivadavia","Ciudad Autónoma de Buenos Aires","Distrito Federal",Argentina,100003844999324,"Alejandro Chaizaz",https://www.facebook.com/alejandrochaizaz,1
Rafael,Sanchez,bigflow2011@facebook.com,"06 de Mayo",https://www.facebook.com/BIGFLOW2011,,,"Ciudad Autónoma de Buenos Aires","Buenos Aires",Argentina,666748314,"Alejandro Cocktila Acosta",https://www.facebook.com/alejandro.acosta,1
Albina,Veleizan,albina.veleizan@facebook.com,"01 de Mayo",https://www.facebook.com/albina.veleizan,,,"Ciudad Autónoma de Buenos Aires","Buenos Aires",Argentina,1141201849,"Alicia Kosem",https://www.facebook.com/alicia.kosem,1
Leonel,Vangioni,pirivangioni2@facebook.com,"05 de Mayo",https://www.facebook.com/pirivangioni2,27,,"Ciudad Autónoma de Buenos Aires","Buenos Aires",Argentina,100006806888818,"Alicia Kosem",https://www.facebook.com/alicia.kosem,1
Chypre,Zapatillas,chypre.zapatillas@facebook.com,"03 de Mayo",https://www.facebook.com/chypre.zapatillas,25,,"Ciudad Autónoma de Buenos Aires","Buenos Aires",Argentina,100000936707107,"Aline Vilches",,1
Emanuel,Muñoz,emanuel.munoz.3990@facebook.com,"01 de Mayo",https://www.facebook.com/emanuel.munoz.3990,27,,"Ciudad Autónoma de Buenos Aires","Buenos Aires",Argentina,100000934805561,"Ana Jasibe",https://www.facebook.com/ana.jasibe,1
Tu,Ttee,tu.ttee.1@facebook.com,"07 de Mayo",https://www.facebook.com/tu.ttee.1,,"San Telmo","Ciudad Autónoma de Buenos Aires","Buenos Aires",Argentina,100002174671082,"Aniita Canta",https://www.facebook.com/Aniita.Canta,1
Mauro,Rossi,mauro.rossi.351@facebook.com,"01 de Mayo",https://www.facebook.com/mauro.rossi.351,,,"Ciudad Autónoma de Buenos Aires","Buenos Aires",Argentina,1624505858,"Anna Laura",https://www.facebook.com/Anna.Laucha,1
"Sabia's Recoleta",Pilates,pilatesabias@facebook.com,"01 de Mayo",https://www.facebook.com/PilateSabias,,,"Ciudad Autónoma de Buenos Aires","Buenos Aires",Argentina,100001469926363,"Anoland Lorenzo",https://www.facebook.com/anoland.lorenzo,1
Mariana,Nasif,mariana.nasif@facebook.com,"04 de Mayo",https://www.facebook.com/mariana.nasif,24,,"Ciudad Autónoma de Buenos Aires","Buenos Aires",Argentina,1243465289,"Ariel Villarreal",,1
Tomi,Malatestinic,tomi.malatestinic@facebook.com,"02 de Mayo",https://www.facebook.com/tomi.malatestinic,22,,"Ciudad Autónoma de Buenos Aires","Buenos Aires",Argentina,1380409983,"Axx Agustin",https://www.facebook.com/Ax.Agustin,1
Maarii,Albrigi,maarii.df@facebook.com,"07 de Mayo",https://www.facebook.com/maarii.df,21,Flores,"Ciudad Autónoma de Buenos Aires","Buenos Aires",Argentina,1140624626,"Axx Agustin",https://www.facebook.com/Ax.Agustin,1
Daniel,Emiliano,daniiel.sam@facebook.com,"02 de Mayo",https://www.facebook.com/Daniiel.Sam,26,,"Ciudad Autónoma de Buenos Aires","Buenos Aires",Argentina,1408767397,"Ayelen Alumine Anahi",https://www.facebook.com/ashe.chabakana,1
Junior,Puf,elzurdo.n8@facebook.com,"06 de Mayo",https://www.facebook.com/elzurdo.n8,,,"Ciudad Autónoma de Buenos Aires","Buenos Aires",Argentina,1493556202,"Ayelen Alumine Anahi",https://www.facebook.com/ashe.chabakana,1
Ana,Ferfoglia,anne.fluffington@facebook.com,"07 de Mayo",https://www.facebook.com/anne.fluffington,,,"Ciudad Autónoma de Buenos Aires","Buenos Aires",Argentina,100006558278156,"Ayu Casanova",,1
Julito,"El Unico",julito.elunico@facebook.com,"07 de Mayo",https://www.facebook.com/julito.elunico,25,,"Ciudad Autónoma de Buenos Aires","Buenos Aires",Argentina,100002241552937,"Bë Döbiencita",https://www.facebook.com/be.dobiencita,1
Ye-nni,Roma,mari.romanelli@facebook.com,"06 de Mayo",https://www.facebook.com/mari.romanelli,23,,"Ciudad Autónoma de Buenos Aires","Buenos Aires",Argentina,1050779631,"Betsabé Baxter",https://www.facebook.com/betsabe.baxter,1
Josefina,Ciero,joseciero@facebook.com,"01 de Mayo",https://www.facebook.com/Joseciero,,,"Ciudad Autónoma de Buenos Aires","Buenos Aires",Argentina,1650241056,"Bren Gayol",,1
Alondra,Pallas,aloo.pallas@facebook.com,"07 de Mayo",https://www.facebook.com/aloo.pallas,,"Villa Del Parque","Ciudad Autónoma de Buenos Aires","Distrito Federal",Argentina,100000215245434,"Brian Cano",,1
Adriana,Gonzalez,adriana.a.gonzalez.98@facebook.com,"06 de Mayo",https://www.facebook.com/adriana.a.gonzalez.98,21,,"Ciudad Autónoma de Buenos Aires","Buenos Aires",Argentina,100001432292693,"Brian Cano",,1
Soffi,Vales,soffi.vales@facebook.com,"05 de Mayo",https://www.facebook.com/soffi.vales,,"Villa Del Parque","Ciudad Autónoma de Buenos Aires","Distrito Federal",Argentina,1573624462,"Brian Cano",,1
Nicolas,Biach,nicolas.biach@facebook.com,"07 de Mayo",https://www.facebook.com/nicolas.biach,,,"Ciudad Autónoma de Buenos Aires","Buenos Aires",Argentina,1047235894,"Brian Cano",,1
"Maria Soledad",Brusau,mariasoledad.brusau@facebook.com,"02 de Mayo",https://www.facebook.com/mariasoledad.brusau,,,"Ciudad Autónoma de Buenos Aires","Buenos Aires",Argentina,100000486679838,"Cami Maranessi",https://www.facebook.com/cami.maranessi,1
Tessa,Carteras,tessa.carteras.319@facebook.com,"04 de Mayo",https://www.facebook.com/tessa.carteras.319,22,Array,"Ciudad Autónoma de Buenos Aires","Buenos Aires",Argentina,100006222427762,"Camila Romano",0,1
"Beby De",Podesta,marceloalejandro.miranda.7@facebook.com,"01 de Mayo",https://www.facebook.com/marceloalejandro.miranda.7,24,,"Ciudad Autónoma de Buenos Aires","Buenos Aires",Argentina,100005693463891,"Carla Diaz",,1
Daann,Sandoval,andres.sandoval.507464@facebook.com,"02 de Mayo",https://www.facebook.com/andres.sandoval.507464,27,,"Ciudad Autónoma de Buenos Aires","Buenos Aires",Argentina,100002110022690,"Carla Ferro",https://www.facebook.com/carla.ferro,1
Nucleo,Urbano,nucleourbanobsaslate@facebook.com,"07 de Mayo",https://www.facebook.com/nucleourbanobsaslate,,,"Ciudad Autónoma de Buenos Aires","Buenos Aires",Argentina,100001365993136,"Carla Ferro",https://www.facebook.com/carla.ferro,1
Facundo,Ower,8facubanfield@facebook.com,"05 de Mayo",https://www.facebook.com/8facubanfield,,,"Ciudad Autónoma de Buenos Aires","Buenos Aires",Argentina,100003139774911,"Carli Pellizzaro",https://www.facebook.com/Carlii,1
Batuque,"Iribarren Crossfit Unidos",batuque.iribarren@facebook.com,"04 de Mayo",https://www.facebook.com/batuque.iribarren,27,,"Ciudad Autónoma de Buenos Aires","Buenos Aires",Argentina,100002203061084,"Carlina Piedra",https://www.facebook.com/carlina.piedra,1
Mati,"Premio Prado",mati.premioprado@facebook.com,"03 de Mayo",https://www.facebook.com/mati.premioprado,,,"Ciudad Autónoma de Buenos Aires","Buenos Aires",Argentina,1306163962,"Caro Remedi",https://www.facebook.com/carol.remedi,1
Alejo,Chaya,yayita.jrs@facebook.com,"04 de Mayo",https://www.facebook.com/yayita.jrs,,,"Ciudad Autónoma de Buenos Aires","Buenos Aires",Argentina,1455938756,"Carolina Damiano",https://www.facebook.com/carolina.damiano,1
Alfonso,Gallo,alfonso.r.gallo@facebook.com,"01 de Mayo",https://www.facebook.com/alfonso.r.gallo,,,"Ciudad Autónoma de Buenos Aires","Buenos Aires",Argentina,789504468,"Carolina Damiano",https://www.facebook.com/carolina.damiano,1
"Analia Celeste",Medina,analiaceleste.medina@facebook.com,"03 de Mayo",https://www.facebook.com/analiaceleste.medina,28,,"Ciudad Autónoma de Buenos Aires","Buenos Aires",Argentina,100002820257572,"Carolina Mandra",https://www.facebook.com/carolina.mandra,1
Morgan,Bar,morgan.bar.7@facebook.com,"03 de Mayo",https://www.facebook.com/morgan.bar.7,28,,"Ciudad Autónoma de Buenos Aires","Buenos Aires",Argentina,100002913990573,"Carolina Mandra",https://www.facebook.com/carolina.mandra,1
"Maria Candela",Martinez,mariacandela.martinez@facebook.com,"01 de Mayo",https://www.facebook.com/mariacandela.martinez,,,"Ciudad Autónoma de Buenos Aires","Buenos Aires",Argentina,100002076591878,"Carolina Mandra",https://www.facebook.com/carolina.mandra,1
"Rodrigo Martin",Ortiz,rodrigo.m.ortiz.73@facebook.com,"05 de Mayo",https://www.facebook.com/rodrigo.m.ortiz.73,,,"Ciudad Autónoma de Buenos Aires","Buenos Aires",Argentina,524739024,"Catalina Plá Señorans",https://www.facebook.com/catalina.pla,1
Sushicollege,Clases,facesushicollege@facebook.com,"04 de Mayo",https://www.facebook.com/facesushicollege,,,"Ciudad Autónoma de Buenos Aires","Buenos Aires",Argentina,100001236656184,"Cecilia Weingardt",,1
Sushibreak,SushiBreak,sushibreak@facebook.com,"04 de Mayo",https://www.facebook.com/sushibreak,,,"Ciudad Autónoma de Buenos Aires","Buenos Aires",Argentina,100001252881071,"Cecilia Weingardt",,1
Mimi,Maldonado,mimi.maldonado.5@facebook.com,"04 de Mayo",https://www.facebook.com/mimi.maldonado.5,,,"Ciudad Autónoma de Buenos Aires","Buenos Aires",Argentina,100002472235822,"Cecilia Weingardt",,1
Selem,Safar,selem.safar.7@facebook.com,"06 de Mayo",https://www.facebook.com/selem.safar.7,27,,"Ciudad Autónoma de Buenos Aires","Buenos Aires",Argentina,100002054129049,"Celeste Cabral",,1
"Brian Alejandro",Boyé,hadesimperios@facebook.com,"07 de Mayo",https://www.facebook.com/HaDeSImPeRiOS,22,"La Paternal","Ciudad Autónoma de Buenos Aires","Buenos Aires",Argentina,1096647388,"Celeste Heli",https://www.facebook.com/celeste.heli,1
Inkdisco,Discobar,inkdisco.discobar@facebook.com,"02 de Mayo",https://www.facebook.com/inkdisco.discobar,23,,"Ciudad Autónoma de Buenos Aires","Buenos Aires",Argentina,100000723490020,"Charly Rr.Pp",,1
Ivana,Medail,ivana.medail@facebook.com,"04 de Mayo",https://www.facebook.com/ivana.medail,,,"Ciudad Autónoma de Buenos Aires","Buenos Aires",Argentina,796190421,"Charly Rr.Pp",,1
Agustina,Manzini,agus.manzini90@facebook.com,"06 de Mayo",https://www.facebook.com/agus.manzini90,,"Buenos Aires","Buenos Aires","Buenos Aires",Argentina,100008954498670,"Charly Ruez",0,1
Tomas,Lanusse,tomas.lanusse.7@facebook.com,"04 de Mayo",https://www.facebook.com/tomas.lanusse.7,30,,"Ciudad Autónoma de Buenos Aires","Buenos Aires",Argentina,721341568,"Chivi Giler",https://www.facebook.com/chivigiler,1
Agustina,Garcia,agustina.garcia.5494@facebook.com,"07 de Mayo",https://www.facebook.com/agustina.garcia.5494,25,,"Ciudad Autónoma de Buenos Aires","Buenos Aires",Argentina,100000410383408,"Christian Douer Chuky",https://www.facebook.com/christian.chuky,1
Maripau,Gudiño,maripau.gudino@facebook.com,"02 de Mayo",https://www.facebook.com/maripau.gudino,,,"Ciudad Autónoma de Buenos Aires","Buenos Aires",Argentina,1165165855,"Christian Douer Chuky",https://www.facebook.com/christian.chuky,1
"Maria Florencia",Texido,mariaflorencia.texido.5@facebook.com,"07 de Mayo",https://www.facebook.com/mariaflorencia.texido.5,,,"Ciudad Autónoma de Buenos Aires","Buenos Aires",Argentina,721041989,"Christian Douer Chuky",https://www.facebook.com/christian.chuky,1
Mirage,Palermo,mirage.palermo@facebook.com,"04 de Mayo",https://www.facebook.com/mirage.palermo,,,"Ciudad Autónoma de Buenos Aires","Buenos Aires",Argentina,100005644242790,"Claudio Arias",https://www.facebook.com/clautrance,1
Joaquin,Ramirez,joaquin.ramirez14@facebook.com,"04 de Mayo",https://www.facebook.com/joaquin.ramirez14,,,"Ciudad Autónoma de Buenos Aires","Buenos Aires",Argentina,1203376743,"Cristian Andres Romano",,1
Carolina,Nove,carolina.nove@facebook.com,"01 de Mayo",https://www.facebook.com/carolina.nove,26,,"Ciudad Autónoma de Buenos Aires","Buenos Aires",Argentina,100000766063263,"Cristian Andres Romano",,1
Ricardo,Leite,ricardo.leite.9083477@facebook.com,"05 de Mayo",https://www.facebook.com/ricardo.leite.9083477,25,,"Ciudad Autónoma de Buenos Aires","Buenos Aires",Argentina,100007609241846,"Cristian Fernandez Villamor",https://www.facebook.com/cristian.fernandezvillamo,1
Todo,Us,tododeusa2014@facebook.com,"04 de Mayo",https://www.facebook.com/Tododeusa2014,24,,"Ciudad Autónoma de Buenos Aires","Buenos Aires",Argentina,100008315864981,"Cristian Fernandez Villamor",https://www.facebook.com/cristian.fernandezvillamo,1
JustRelax,Eventos,justrelax.eventos.5@facebook.com,"06 de Mayo",https://www.facebook.com/justrelax.eventos.5,27,,"Ciudad Autónoma de Buenos Aires","Buenos Aires",Argentina,100000189367591,"Cristian Fernandez Villamor",https://www.facebook.com/cristian.fernandezvillamo,1
Tati,Rubano,tati.rubano@facebook.com,"07 de Mayo",https://www.facebook.com/tati.rubano,22,,"Ciudad Autónoma de Buenos Aires","Buenos Aires",Argentina,100001193577105,"Cynthia Gianni",,1
Sebastián,Pirrone,sebastian.pirrone@facebook.com,"07 de Mayo",https://www.facebook.com/sebastian.pirrone,,,"Ciudad Autónoma de Buenos Aires","Buenos Aires",Argentina,1546110900,"Cynthia Gianni",,1
Feria,Artesanal,shabatika@facebook.com,"07 de Mayo",https://www.facebook.com/shabatika,28,,"Ciudad Autónoma de Buenos Aires","Buenos Aires",Argentina,100002964004297,"Cynthia Tatiana Martinez Neves",https://www.facebook.com/cynthiatatiana.martinezne,1
German,Martinez,german.martinez.739978@facebook.com,"01 de Mayo",https://www.facebook.com/german.martinez.739978,26,Flores,"Ciudad Autónoma de Buenos Aires","Buenos Aires",Argentina,100002054837627,"Daiana Solange Labat",https://www.facebook.com/Daichilandia,1
Faku,Lefashion,flefashion@facebook.com,"03 de Mayo",https://www.facebook.com/flefashion,24,,"Ciudad Autónoma de Buenos Aires","Buenos Aires",Argentina,1469231902,"Daiana Soledad Pintos",https://www.facebook.com/Sheena.is,1
Be-Nice,Nice,be.nice.clothes@facebook.com,"03 de Mayo",https://www.facebook.com/be.nice.clothes,28,,"Ciudad Autónoma de Buenos Aires","Buenos Aires",Argentina,100000864503051,"Dani Escala",https://www.facebook.com/danielaescala,1
Comunidad,Infoasia,infoasia@facebook.com,"01 de Mayo",https://www.facebook.com/infoasia,30,,"Ciudad Autónoma de Buenos Aires","Buenos Aires",Argentina,100001007667553,"Daniel Arbol",https://www.facebook.com/darbol1,1
Hernan,Hassan,hernan.hassan.1@facebook.com,"05 de Mayo",https://www.facebook.com/hernan.hassan.1,21,,"Ciudad Autónoma de Buenos Aires","Buenos Aires",Argentina,1654113225,"David Zalasar",https://www.facebook.com/Davidcocktails,1
Luciana,Rizzuti,luciana.rizzuti@facebook.com,"03 de Mayo",https://www.facebook.com/luciana.rizzuti,30,,"Ciudad Autónoma de Buenos Aires","Buenos Aires",Argentina,100000304266009,"Debora Malvestuto",https://www.facebook.com/dmalvestuto,1
Patricia,Borda,patricia.borda.988@facebook.com,"07 de Mayo",https://www.facebook.com/patricia.borda.988,,,"Ciudad Autónoma de Buenos Aires","Buenos Aires",Argentina,100001133621003,"Demián Gabriel",,1
Manitas,"Cosas Lindas",manitas.cosaslindas@facebook.com,"05 de Mayo",https://www.facebook.com/manitas.cosaslindas,,,"Ciudad Autónoma de Buenos Aires","Buenos Aires",Argentina,100001828861529,"Divino Vestuario Salve",https://www.facebook.com/salvedivinovestuario,1
Ivan,Zevallos,ivan.zevallosochoa@facebook.com,"04 de Mayo",https://www.facebook.com/ivan.zevallosochoa,,,"Ciudad Autónoma de Buenos Aires","Buenos Aires",Argentina,100000477671298,"Emanuel Gaston Perdigues",https://www.facebook.com/emaxpx,1
Shoa,Cuenca,shoa.cuenca@facebook.com,"03 de Mayo",https://www.facebook.com/shoa.cuenca,23,,"Ciudad Autónoma de Buenos Aires","Buenos Aires",Argentina,1111593042,"Emilce Castro",,1
"Pegados A La",Raya,pegadosala.raya@facebook.com,"04 de Mayo",https://www.facebook.com/pegadosala.raya,,Congreso,"Ciudad Autónoma de Buenos Aires","Buenos Aires",Argentina,100005757284152,"Emiliano Pirolo",https://www.facebook.com/emi.pirolo,1
Nati,Pisani,natipisani@facebook.com,"06 de Mayo",https://www.facebook.com/natipisani,22,,"Ciudad Autónoma de Buenos Aires","Buenos Aires",Argentina,723056397,"Emiliano Pirolo",https://www.facebook.com/emi.pirolo,1
Tercero,"Primera Enspa",tercero.primeraenspa@facebook.com,"05 de Mayo",https://www.facebook.com/tercero.primeraenspa,21,,"Ciudad Autónoma de Buenos Aires","Buenos Aires",Argentina,100001105230526,"Emiliano Pirolo",https://www.facebook.com/emi.pirolo,1
"Jorge Luis",Lazo,jorgeluis.lazo.37@facebook.com,"01 de Mayo",https://www.facebook.com/jorgeluis.lazo.37,27,,"Ciudad Autónoma de Buenos Aires","Buenos Aires",Argentina,100002913513041,"Estefania Pascual Lerario",https://www.facebook.com/estefania.lerario,1
Guido,Garber,guigarber@facebook.com,"03 de Mayo",https://www.facebook.com/GuiGarber,,,"Ciudad Autónoma de Buenos Aires","Buenos Aires",Argentina,1047936700,"Eve Schiera",,1
Agustina,Berini,agustina.berini@facebook.com,"04 de Mayo",https://www.facebook.com/agustina.berini,,,"Ciudad Autónoma de Buenos Aires","Buenos Aires",Argentina,1530909573,"Facu Denegri",,1
Meli,Martire,meli.martire.9@facebook.com,"05 de Mayo",https://www.facebook.com/meli.martire.9,,,"Ciudad Autónoma de Buenos Aires","Buenos Aires",Argentina,100001210314677,"Facu Denegri",,1
Juritza,Espinoza,juritza.espinoza@facebook.com,"07 de Mayo",https://www.facebook.com/juritza.espinoza,23,,"Ciudad Autónoma de Buenos Aires","Buenos Aires",Argentina,682908211,"Facundo Bulacio",https://www.facebook.com/facundo.bulacio,1
"Diego Martin",Rotela,diegomartin.rotela@facebook.com,"07 de Mayo",https://www.facebook.com/diegomartin.rotela,25,,"Ciudad Autónoma de Buenos Aires","Buenos Aires",Argentina,1003647272,"Federico Carrizo",https://www.facebook.com/federicoc,1
NoeLia,SoLedad,noeechacarita@facebook.com,"02 de Mayo",https://www.facebook.com/noeeChacarita,,Chacarita,"Ciudad Autónoma de Buenos Aires","Buenos Aires",Argentina,100001319791047,"Federico Dussol",,1
Hector,"Ac Tirto",tirtoo@facebook.com,"01 de Mayo",https://www.facebook.com/tirtoo,25,"Villa Luro","Ciudad Autónoma de Buenos Aires","Buenos Aires",Argentina,100000854242869,"Federico Mayntzhusen",https://www.facebook.com/fedemayntzhusen,1
Virginia,Tuma,virginia.tuma@facebook.com,"03 de Mayo",https://www.facebook.com/virginia.tuma,26,,"Ciudad Autónoma de Buenos Aires","Buenos Aires",Argentina,1260225065,"Federico Tonero",https://www.facebook.com/fedeton,1
Juana,Leon,juanilopezleon@facebook.com,"03 de Mayo",https://www.facebook.com/juanilopezleon,22,,"Ciudad Autónoma de Buenos Aires","Buenos Aires",Argentina,583532653,"Felipe Cianciarulo",https://www.facebook.com/fcianciarulo,1
Dorcas,Paniagua,dorcas.paniagua.5@facebook.com,"07 de Mayo",https://www.facebook.com/dorcas.paniagua.5,,,"Ciudad Autónoma de Buenos Aires","Buenos Aires",Argentina,100003163220309,"Fiestas Baires",,1
Carito,Machado,carito.machado.3@facebook.com,"02 de Mayo",https://www.facebook.com/carito.machado.3,23,Barracas,"Ciudad Autónoma de Buenos Aires","Distrito Federal",Argentina,100000413423741,"Fiestas Baires",,1
Loreley,Melgarejo,loreley36@facebook.com,"01 de Mayo",https://www.facebook.com/Loreley36,,"Villa Devoto","Ciudad Autónoma de Buenos Aires","Buenos Aires",Argentina,755409588,"Flor Gonzalez",,1
Amapola,Teatro,amapolalindisimaamapola@facebook.com,"01 de Mayo",https://www.facebook.com/amapolalindisimaamapola,,,"Ciudad Autónoma de Buenos Aires","Buenos Aires",Argentina,100000271884873,"Flor Scalise",https://www.facebook.com/flor.scalise,1
Lucrecia,Cermelo,lucrecia.cermelo@facebook.com,"05 de Mayo",https://www.facebook.com/lucrecia.cermelo,22,,"Ciudad Autónoma de Buenos Aires","Buenos Aires",Argentina,100000377920806,"Flor Scalise",https://www.facebook.com/flor.scalise,1
Pedro,Scarpinelli,pedro.scarpinelli@facebook.com,"02 de Mayo",https://www.facebook.com/pedro.scarpinelli,,,"Ciudad Autónoma de Buenos Aires","Buenos Aires",Argentina,563240925,"Flor Vischi Cortés",https://www.facebook.com/flor.vischi,1
Pablo,Fernández,pablo.m.fernandez.56@facebook.com,"06 de Mayo",https://www.facebook.com/pablo.m.fernandez.56,21,,"Ciudad Autónoma de Buenos Aires","Buenos Aires",Argentina,100003160534824,"Flor Vischi Cortés",https://www.facebook.com/flor.vischi,1
Valeria,Quiroga,valeria.quiroga.7140@facebook.com,"07 de Mayo",https://www.facebook.com/valeria.quiroga.7140,30,,"Ciudad Autónoma de Buenos Aires","Buenos Aires",Argentina,1775906069,"Florencia Ferrari",https://www.facebook.com/florenciaferrari.1403,1
Antonela,Nela,nela.a77@facebook.com,"02 de Mayo",https://www.facebook.com/Nela.A77,28,,"Ciudad Autónoma de Buenos Aires","Buenos Aires",Argentina,677138067,"Florencia Garré",https://www.facebook.com/florencia.garre,1
Pablo,Blaz,pabli.blaz@facebook.com,"02 de Mayo",https://www.facebook.com/pabli.blaz,,,"Ciudad Autónoma de Buenos Aires","Buenos Aires",Argentina,100001868126182,"Florencia Pellegrino",,1
Luis,Trama,luis.trama@facebook.com,"02 de Mayo",https://www.facebook.com/luis.trama,,,"Ciudad Autónoma de Buenos Aires","Buenos Aires",Argentina,1180901276,"Franco Marcoccia",https://www.facebook.com/franco.marcoccia,1
Belu,Gonzalez,belugonzalez0258@facebook.com,"01 de Mayo",https://www.facebook.com/belugonzalez0258,,,"Ciudad Autónoma de Buenos Aires","Buenos Aires",Argentina,100000567464330,"Franco Palermo",,1
TiTo,Almang,tito.almang@facebook.com,"04 de Mayo",https://www.facebook.com/tito.almang,,,"Ciudad Autónoma de Buenos Aires","Buenos Aires",Argentina,841589543,"Franco Palermo",,1
"Juan Manuel",Bergaglio,juanma997@facebook.com,"03 de Mayo",https://www.facebook.com/juanma997,22,,"Ciudad Autónoma de Buenos Aires","Buenos Aires",Argentina,1551895368,"Gabi López",,1
Xavier,Repp,xavier.repp@facebook.com,"05 de Mayo",https://www.facebook.com/xavier.repp,24,,"Ciudad Autónoma de Buenos Aires","Buenos Aires",Argentina,1593327584,"Gabriel Gutierrez",,1
Gina,Casaretto,gicasaretto@facebook.com,"01 de Mayo",https://www.facebook.com/gicasaretto,,,"Ciudad Autónoma de Buenos Aires","Buenos Aires",Argentina,100002392875301,"Gabriela Competiello",,1
Natalia,Passerini,nataliapasserini@facebook.com,"05 de Mayo",https://www.facebook.com/nataliapasserini,,,"Ciudad Autónoma de Buenos Aires","Buenos Aires",Argentina,764904858,"Gabriela Rosito",https://www.facebook.com/gabriela.rosito,1
Viva,"Las Chicas",vivalaschicasba@facebook.com,"01 de Mayo",https://www.facebook.com/vivalaschicasba,30,,"Ciudad Autónoma de Buenos Aires","Buenos Aires",Argentina,100002126054260,"Gabriela Rosito",https://www.facebook.com/gabriela.rosito,1
Yitzo,Jose,yitzo.jose@facebook.com,"02 de Mayo",https://www.facebook.com/yitzo.jose,,,"Ciudad Autónoma de Buenos Aires","Buenos Aires",Argentina,1483508025,"Gaby Pascuali",https://www.facebook.com/gabriela.pascuali,1
Alejandro,Muñoz,alejandromunioz@facebook.com,"02 de Mayo",https://www.facebook.com/alejandromunioz,,,"Ciudad Autónoma de Buenos Aires","Buenos Aires",Argentina,1538570394,"Gastón Alejandro Di Lella",https://www.facebook.com/gastondilella,1
Javier,Diaz,javoo.r.diaz@facebook.com,"06 de Mayo",https://www.facebook.com/javoo.r.diaz,,,"Ciudad Autónoma de Buenos Aires","Buenos Aires",Argentina,1026410817,"Geru Sznek",https://www.facebook.com/gsznek,1
Mica,Peña,mica.pena.37@facebook.com,"06 de Mayo",https://www.facebook.com/mica.pena.37,,,"Ciudad Autónoma de Buenos Aires","Buenos Aires",Argentina,100000168827498,"Gianfranco Ferrati",,1
Juli,Bianco,julian.bianco@facebook.com,"05 de Mayo",https://www.facebook.com/julian.bianco,,,"Ciudad Autónoma de Buenos Aires","Buenos Aires",Argentina,1411095382,"Giiu Minniti",https://www.facebook.com/giiu.minniti,1
Felipe,Miranda,felipe.x.miranda@facebook.com,"01 de Mayo",https://www.facebook.com/felipe.x.miranda,27,,"Ciudad Autónoma de Buenos Aires","Buenos Aires",Argentina,708229162,"Gimena Yamila Yerden Giaquinto",https://www.facebook.com/Gimetrance,1
Damian,"Fernandez Gomez",damian.fernandezgomez1@facebook.com,"02 de Mayo",https://www.facebook.com/damian.fernandezgomez1,24,"San Telmo","Ciudad Autónoma de Buenos Aires","Buenos Aires",Argentina,1127270382,"Gisela Tesei",,1
Marcos,Pascual,alejandropascualv@facebook.com,"01 de Mayo",https://www.facebook.com/AlejandroPascualV,25,,"Ciudad Autónoma de Buenos Aires","Buenos Aires",Argentina,503916051,"Gonzalo Bussetti",https://www.facebook.com/gonzalo.bussetti,1
Mora,"Perez Bacas",mora.perezbacas.5@facebook.com,"06 de Mayo",https://www.facebook.com/mora.perezbacas.5,23,,"Ciudad Autónoma de Buenos Aires","Buenos Aires",Argentina,100007328040882,"Guada Lozano",,1
Salva,Mammana,salva.mammana@facebook.com,"04 de Mayo",https://www.facebook.com/salva.mammana,,,"Ciudad Autónoma de Buenos Aires","Buenos Aires",Argentina,100000118260801,"Guada Lozano",,1
Carolina,Biondo,carolina.biondo@facebook.com,"07 de Mayo",https://www.facebook.com/carolina.biondo,28,,"Ciudad Autónoma de Buenos Aires","Buenos Aires",Argentina,617463456,"Guille Maciá",https://www.facebook.com/guillemacia,1
Benjamin,Quevedo,benjamin.quevedo.3@facebook.com,"03 de Mayo",https://www.facebook.com/benjamin.quevedo.3,,,"Ciudad Autónoma de Buenos Aires","Buenos Aires",Argentina,100000657936361,"Guille Maciá",https://www.facebook.com/guillemacia,1
Tamara,Grimberg,tamybostera@facebook.com,"02 de Mayo",https://www.facebook.com/tamybostera,,"Buenos Aires","Buenos Aires","Buenos Aires",Argentina,1272195327,"Hercilia Rs",0,1
Miguel,Bravo,miguel.bravo.311@facebook.com,"07 de Mayo",https://www.facebook.com/miguel.bravo.311,,"Buenos Aires","Buenos Aires","Buenos Aires",Argentina,100001430995044,"Iael Rosemberg",0,1
Zoe,Belmont,zoe.belmont.5@facebook.com,"06 de Mayo",https://www.facebook.com/zoe.belmont.5,22,,"Ciudad Autónoma de Buenos Aires","Buenos Aires",Argentina,100000540375320,"Ian Szejner",,1
Emma,Kasem,emma.kasem1@facebook.com,"02 de Mayo",https://www.facebook.com/emma.kasem1,,,"Ciudad Autónoma de Buenos Aires","Buenos Aires",Argentina,100000592552440,"Ignacio Lines Ceruti",https://www.facebook.com/ignacio.lines,1
"Cesar Javier",Paz,cesarjavier.paz@facebook.com,"03 de Mayo",https://www.facebook.com/cesarjavier.paz,25,,"Ciudad Autónoma de Buenos Aires","Buenos Aires",Argentina,100001888247663,"Ignacio Lines Ceruti",https://www.facebook.com/ignacio.lines,1
Damm,Cabrera,dammu.cabrera@facebook.com,"01 de Mayo",https://www.facebook.com/dammu.cabrera,,,"Ciudad Autónoma de Buenos Aires","Buenos Aires",Argentina,1623153938,"Ignacio Lines Ceruti",https://www.facebook.com/ignacio.lines,1
Vicki,Ruiz,vicki.ruiz.351@facebook.com,"02 de Mayo",https://www.facebook.com/vicki.ruiz.351,26,,"Ciudad Autónoma de Buenos Aires","Buenos Aires",Argentina,789766879,"Ingrid Sondergaard",https://www.facebook.com/ingridfash,1
Gabriela,Piraino,gabriela.piraino.5@facebook.com,"07 de Mayo",https://www.facebook.com/gabriela.piraino.5,,,"Ciudad Autónoma de Buenos Aires","Buenos Aires",Argentina,1642446122,"Irma Mercedes Palma",,1
Jesica,Travelrock,jesica.travelrock@facebook.com,"02 de Mayo",https://www.facebook.com/jesica.travelrock,,,"Ciudad Autónoma de Buenos Aires","Buenos Aires",Argentina,100003605700287,"Javier Potenza",,1
Vanesa,Martinez,vanesamartinezccap@facebook.com,"01 de Mayo",https://www.facebook.com/VanesamartinezCCAP,26,,"Ciudad Autónoma de Buenos Aires","Buenos Aires",Argentina,100008286330443,"Jenny Barco",https://www.facebook.com/jenny.barco,1
Aperkap,Rock,aperkap.rock@facebook.com,"01 de Mayo",https://www.facebook.com/aperkap.rock,28,,"Ciudad Autónoma de Buenos Aires","Buenos Aires",Argentina,100000594007433,"Jessica Bellomo",https://www.facebook.com/JessBellomo,1
Lógica,Moderna,logica.moderna@facebook.com,"01 de Mayo",https://www.facebook.com/logica.moderna,,,"Ciudad Autónoma de Buenos Aires","Buenos Aires",Argentina,100001510297500,"Jessica Bellomo",https://www.facebook.com/JessBellomo,1
Pollo,Martyr,pollo.martyrdoom@facebook.com,"04 de Mayo",https://www.facebook.com/pollo.martyrdoom,,,"Ciudad Autónoma de Buenos Aires","Buenos Aires",Argentina,1362760038,"Jessica Bellomo",https://www.facebook.com/JessBellomo,1
Imagen,Corporal,imagen.corporal.7@facebook.com,"05 de Mayo",https://www.facebook.com/imagen.corporal.7,25,,"Ciudad Autónoma de Buenos Aires","Buenos Aires",Argentina,1290656609,"Jessica Bellomo",https://www.facebook.com/JessBellomo,1
Maxi,Mignogna,maxi.mignogna@facebook.com,"06 de Mayo",https://www.facebook.com/maxi.mignogna,28,,"Ciudad Autónoma de Buenos Aires","Buenos Aires",Argentina,1217290663,"Jo Py Na",https://www.facebook.com/jopyna,1
Matias,Colosia,matias.colosia@facebook.com,"06 de Mayo",https://www.facebook.com/matias.colosia,24,,"Ciudad Autónoma de Buenos Aires","Buenos Aires",Argentina,100001543923897,"Jo Py Na",https://www.facebook.com/jopyna,1
Nicolas,Bausada,33sonmejoresss@facebook.com,"07 de Mayo",https://www.facebook.com/33sonmejoresss,21,,"Ciudad Autónoma de Buenos Aires","Buenos Aires",Argentina,100001701890076,"Joaquin Barraco",https://www.facebook.com/chino.barraco,1
Pichi,Ezc,gonza.ezcurra@facebook.com,"04 de Mayo",https://www.facebook.com/gonza.ezcurra,29,Recoleta,"Ciudad Autónoma de Buenos Aires","Buenos Aires",Argentina,753709068,"Joaquin Perez Flenche",,1
Vitto,Vittone,vitto.vittone@facebook.com,"02 de Mayo",https://www.facebook.com/vitto.vittone,,,"Ciudad Autónoma de Buenos Aires","Buenos Aires",Argentina,1098270693,"Joaquin Perez Flenche",,1
Albitaa,"Gonzalez Bogado",albitaa.gonzalezbogado@facebook.com,"07 de Mayo",https://www.facebook.com/albitaa.gonzalezbogado,21,,"Ciudad Autónoma de Buenos Aires","Buenos Aires",Argentina,100001479490017,"Jobs Bar",https://www.facebook.com/jobsbar,1
Flor,Laurito,flor.laurito1@facebook.com,"07 de Mayo",https://www.facebook.com/flor.laurito1,26,,"Ciudad Autónoma de Buenos Aires","Buenos Aires",Argentina,1385512377,"Jochuu Rodriguez Linck",https://www.facebook.com/jochuu.rodriguezlinck,1
Mechita,Diseños,mechita.disenos.1@facebook.com,"05 de Mayo",https://www.facebook.com/mechita.disenos.1,22,,"Ciudad Autónoma de Buenos Aires","Buenos Aires",Argentina,100004724803846,"Jochuu Rodriguez Linck",https://www.facebook.com/jochuu.rodriguezlinck,1
Fiestas,Privadas,fiestas.privadas.94@facebook.com,"06 de Mayo",https://www.facebook.com/fiestas.privadas.94,27,,"Ciudad Autónoma de Buenos Aires","Buenos Aires",Argentina,100000170552928,"Jochuu Rodriguez Linck",https://www.facebook.com/jochuu.rodriguezlinck,1
Matias,Sigg,matias.sigg@facebook.com,"01 de Mayo",https://www.facebook.com/matias.sigg,22,,"Ciudad Autónoma de Buenos Aires","Buenos Aires",Argentina,100000289873572,"Jonathan Leonel",,1
Sofi,Burgos,sofi.burgos.961@facebook.com,"03 de Mayo",https://www.facebook.com/sofi.burgos.961,25,,"Ciudad Autónoma de Buenos Aires","Buenos Aires",Argentina,100000410274433,"Joni Aires",https://www.facebook.com/joniaires,1
Agustina,Parra,agustina.parra@facebook.com,"06 de Mayo",https://www.facebook.com/agustina.parra,28,,"Ciudad Autónoma de Buenos Aires","Buenos Aires",Argentina,706011833,"Jose Guevara",https://www.facebook.com/JoeGuevara81,1
Ale,Blanco,musaframboise@facebook.com,"06 de Mayo",https://www.facebook.com/MusaFramboise,,,"Ciudad Autónoma de Buenos Aires","Buenos Aires",Argentina,100003149325902,"Juan Antonio Papagni Meca",https://www.facebook.com/juanantoniopapagnimeca,1
Gustavo,"Miguel Angel",duende.otavo@facebook.com,"01 de Mayo",https://www.facebook.com/duende.otavo,,,"Ciudad Autónoma de Buenos Aires","Buenos Aires",Argentina,1277168342,"Juan Antonio Papagni Meca",https://www.facebook.com/juanantoniopapagnimeca,1
Franco,Montenegro,franco.montenegro.14@facebook.com,"01 de Mayo",https://www.facebook.com/franco.montenegro.14,,,"Ciudad Autónoma de Buenos Aires","Buenos Aires",Argentina,719584721,"Juan Cruz Albornoz",,1
Gaspar,Gullo,gaspigullo@facebook.com,"04 de Mayo",https://www.facebook.com/gaspigullo,,,"Ciudad Autónoma de Buenos Aires","Buenos Aires",Argentina,1531031748,"Juan Cruz Albornoz",,1
Yoni,Gabriel,yyoni1@facebook.com,"03 de Mayo",https://www.facebook.com/yyoni1,22,,"Ciudad Autónoma de Buenos Aires","Buenos Aires",Argentina,1544867923,"Juan Cruz Albornoz",,1
Libertarian,Mag,libertarian.mag@facebook.com,"02 de Mayo",https://www.facebook.com/libertarian.mag,25,,"Ciudad Autónoma de Buenos Aires","Buenos Aires",Argentina,100000089510752,"Juan José Merino Cagnones",https://www.facebook.com/jmerinocagnones,1
Florencia,"Lacroze Fortabat",florencia.lacrozefortabat@facebook.com,"05 de Mayo",https://www.facebook.com/florencia.lacrozefortabat,,,"Ciudad Autónoma de Buenos Aires","Buenos Aires",Argentina,1580086594,"Juan José Merino Cagnones",https://www.facebook.com/jmerinocagnones,1
Bejukina,"Diseño Independiente",norapapini.disenioindependiente@facebook.com,"05 de Mayo",https://www.facebook.com/norapapini.disenioindependiente,24,,"Ciudad Autónoma de Buenos Aires","Buenos Aires",Argentina,100000669524138,"Juan Manuel Fotografo",https://www.facebook.com/JuanmaJMFotoEstudio,1
JustRelax,Eventos,justrelax.eventos.58@facebook.com,"06 de Mayo",https://www.facebook.com/justrelax.eventos.58,27,,"Ciudad Autónoma de Buenos Aires","Buenos Aires",Argentina,1685648339,"Juan Manuel Fotografo",https://www.facebook.com/JuanmaJMFotoEstudio,1
Sukustrule,Bruno,bruno.rover.96@facebook.com,"02 de Mayo",https://www.facebook.com/bruno.rover.96,,,"Ciudad Autónoma de Buenos Aires","Buenos Aires",Argentina,643272246,"Juan Manuel Vilagut",https://www.facebook.com/jvilagut1,1
"Nicolas Matias",Ulecia,matydv@facebook.com,"04 de Mayo",https://www.facebook.com/matydv,,Congreso,"Ciudad Autónoma de Buenos Aires","Buenos Aires",Argentina,1437069665,"Juan Manuel Vilagut",https://www.facebook.com/jvilagut1,1
Mili,Loupottea,999imasi@facebook.com,"03 de Mayo",https://www.facebook.com/999imasi,22,,"Ciudad Autónoma de Buenos Aires","Buenos Aires",Argentina,550764101,"Juan Martin Segre",https://www.facebook.com/juan.segre,1
Yanaina,Techera,shani.fernandez.35@facebook.com,"02 de Mayo",https://www.facebook.com/shani.fernandez.35,,"Buenos Aires","Buenos Aires","Buenos Aires",Argentina,100003379544915,"Juan Pablo Aleman",0,1
Diana,Prieto,diana.prieto.754@facebook.com,"02 de Mayo",https://www.facebook.com/diana.prieto.754,23,"Buenos Aires","Buenos Aires","Buenos Aires",Argentina,100002016909028,"Juan Pablo Aleman",0,1
Facu,Luchetta,facundo.m.luchetta@facebook.com,"03 de Mayo",https://www.facebook.com/facundo.m.luchetta,,,"Ciudad Autónoma de Buenos Aires","Buenos Aires",Argentina,1316875429,"Juli Sremac",https://www.facebook.com/juli.sremac,1
"Alisados Shock","D Keratina",mariela.arias.507@facebook.com,"04 de Mayo",https://www.facebook.com/mariela.arias.507,29,,"Ciudad Autónoma de Buenos Aires","Buenos Aires",Argentina,100007842163863,"Julian Pagana",,1
Sol,Melgarejo,solange.makarena.77@facebook.com,"07 de Mayo",https://www.facebook.com/solange.makarena.77,,,"Ciudad Autónoma de Buenos Aires","Buenos Aires",Argentina,100006488431810,"Julieta Vescio",https://www.facebook.com/JulietaVescio,1
Maria,Luque,luquemaria@facebook.com,"02 de Mayo",https://www.facebook.com/luquemaria,,,"Ciudad Autónoma de Buenos Aires","Buenos Aires",Argentina,1551575370,"Julieta Vescio",https://www.facebook.com/JulietaVescio,1
Yaquikita,Amarilla,yaquikita.amarilla@facebook.com,"07 de Mayo",https://www.facebook.com/yaquikita.amarilla,24,,"Ciudad Autónoma de Buenos Aires","Buenos Aires",Argentina,100000585598479,"Julio Roberto Cuevas",https://www.facebook.com/julioroberto.cuevas,1
JUa,Ni,loko.pro2@facebook.com,"06 de Mayo",https://www.facebook.com/loko.pro2,,,"Ciudad Autónoma de Buenos Aires","Buenos Aires",Argentina,1411793033,"Karen Vilariño",https://www.facebook.com/karen.vilarino,1
WakÔo,Daza,wakoo.daza@facebook.com,"01 de Mayo",https://www.facebook.com/wakoo.daza,21,,"Ciudad Autónoma de Buenos Aires","Buenos Aires",Argentina,1132165805,"Karen Vilariño",https://www.facebook.com/karen.vilarino,1
Nicolas,Ezzaoui,nico.ezzaoui@facebook.com,"04 de Mayo",https://www.facebook.com/nico.ezzaoui,,,"Ciudad Autónoma de Buenos Aires","Buenos Aires",Argentina,1060956963,"Kati Mosich",https://www.facebook.com/kati.mosich,1
Metalfox,Argentina,metalfox2@facebook.com,"06 de Mayo",https://www.facebook.com/metalfox2,,,"Ciudad Autónoma de Buenos Aires","Buenos Aires",Argentina,100002590006574,"La Rockeria",https://www.facebook.com/oveja1,1
"Pablo Javier",Miranda,pablojavier.miranda.9@facebook.com,"04 de Mayo",https://www.facebook.com/pablojavier.miranda.9,,,"Ciudad Autónoma de Buenos Aires","Buenos Aires",Argentina,810642781,"Leila Polonsky",https://www.facebook.com/leila.polonsky,1
Nadia,Ibañez,nadia.ibanez.127@facebook.com,"03 de Mayo",https://www.facebook.com/nadia.ibanez.127,26,,"Ciudad Autónoma de Buenos Aires","Buenos Aires",Argentina,1648341088,"Li-ly Rojas",https://www.facebook.com/serena1968,1
Cami,Duarte,cami.duarte.37@facebook.com,"06 de Mayo",https://www.facebook.com/cami.duarte.37,,,"Ciudad Autónoma de Buenos Aires","Buenos Aires",Argentina,1802866409,"Lo Lola",,1
Mati,Ison,maty.ison@facebook.com,"03 de Mayo",https://www.facebook.com/maty.ison,23,"Buenos Aires","Buenos Aires","Buenos Aires",Argentina,1620536905,"Luciana Paione Oleszuk",0,1
Lucia,Maldonado,lucia.maldonado.7186@facebook.com,"03 de Mayo",https://www.facebook.com/lucia.maldonado.7186,21,"Buenos Aires","Buenos Aires","Buenos Aires",Argentina,1364927935,"Luciana Sismondi",0,1
Iniyan,Sampath,ssiniyan@facebook.com,"06 de Mayo",https://www.facebook.com/ssiniyan,,,"Ciudad Autónoma de Buenos Aires","Buenos Aires",Argentina,100002944617144,"Majo López Tavani",https://www.facebook.com/lasplumas,1
Omar,Reta,omar.reta@facebook.com,"02 de Mayo",https://www.facebook.com/omar.reta,,"Villa Del Parque","Ciudad Autónoma de Buenos Aires","Buenos Aires",Argentina,678514129,"Majo López Tavani",https://www.facebook.com/lasplumas,1
Julii,Gonzalez,juulidg@facebook.com,"03 de Mayo",https://www.facebook.com/juulidg,,,"Ciudad Autónoma de Buenos Aires","Buenos Aires",Argentina,1060655309,"Manuela Villa",,1
Maru,Lain,marulain.st@facebook.com,"07 de Mayo",https://www.facebook.com/marulain.st,23,,"Ciudad Autónoma de Buenos Aires","Buenos Aires",Argentina,100000531716557,"Mar Marignac",https://www.facebook.com/marina.marignac,1
Santiago,Agote,santiago.agote.7@facebook.com,"07 de Mayo",https://www.facebook.com/santiago.agote.7,23,,"Ciudad Autónoma de Buenos Aires","Buenos Aires",Argentina,100002074454595,"Marcela Hinckelmann",https://www.facebook.com/marcela.hinckelmann,1
"Fer Chu",Card,fricar2@facebook.com,"02 de Mayo",https://www.facebook.com/fricar2,,,"Ciudad Autónoma de Buenos Aires","Buenos Aires",Argentina,100000798757873,"Marcela Hinckelmann",https://www.facebook.com/marcela.hinckelmann,1
Catalina,Manzorro,catalina.manzorro@facebook.com,"04 de Mayo",https://www.facebook.com/catalina.manzorro,,,"Ciudad Autónoma de Buenos Aires","Buenos Aires",Argentina,646280659,"Marcela Hinckelmann",https://www.facebook.com/marcela.hinckelmann,1
"Maria Cecilia",Bonelli,mariacecilia.bonelli.1@facebook.com,"01 de Mayo",https://www.facebook.com/mariacecilia.bonelli.1,29,,"Ciudad Autónoma de Buenos Aires","Buenos Aires",Argentina,100002937186905,"Marcela Hinckelmann",https://www.facebook.com/marcela.hinckelmann,1
Jp,Pini,jp.pini@facebook.com,"01 de Mayo",https://www.facebook.com/jp.pini,,,"Ciudad Autónoma de Buenos Aires","Buenos Aires",Argentina,1103565107,"Maria Belén",,1
Victoria,"Cossy Lenceria Corseteria",victoria.cossy.lenceriaycorseteria@facebook.com,"05 de Mayo",https://www.facebook.com/Victoria.Cossy.LenceriayCorseteria,,,"Ciudad Autónoma de Buenos Aires","Buenos Aires",Argentina,1390104886,"Maria Garcia Neglia",https://www.facebook.com/maria.garcianeglia,1
Emiliano,Etchebarne,emiliano.etchebarne@facebook.com,"06 de Mayo",https://www.facebook.com/emiliano.etchebarne,29,,"Ciudad Autónoma de Buenos Aires","Buenos Aires",Argentina,100001123147000,"Maria Laura Mortensen",,1
Vives,"Momentos Dulces",cakeliciousvmd@facebook.com,"04 de Mayo",https://www.facebook.com/CakeLiciousVMD,27,,"Ciudad Autónoma de Buenos Aires","Buenos Aires",Argentina,100002527936632,"Maria Lucila Quarleri",https://www.facebook.com/maria.quarleri,1
Germi,Gonzalez,germi.gonzalez.3@facebook.com,"03 de Mayo",https://www.facebook.com/germi.gonzalez.3,30,,"Ciudad Autónoma de Buenos Aires","Buenos Aires",Argentina,1016834343,"Maria Lucila Quarleri",https://www.facebook.com/maria.quarleri,1
Megatlon,Arg,megatlonargentina@facebook.com,"05 de Mayo",https://www.facebook.com/megatlonargentina,25,,"Ciudad Autónoma de Buenos Aires","Buenos Aires",Argentina,100008264448122,"Maria Paula Toyos",,1
Nicolas,Torres,nicolastorres2013@facebook.com,"05 de Mayo",https://www.facebook.com/nicolastorres2013,,,"Ciudad Autónoma de Buenos Aires","Buenos Aires",Argentina,100002454063323,"Maria Pia Perez Brea",,1
Lodemimí,Indumentaria,lodemimiindumentaria@facebook.com,"07 de Mayo",https://www.facebook.com/lodemimiindumentaria,,,"Ciudad Autónoma de Buenos Aires","Buenos Aires",Argentina,100003685921189,"Maria Pia Perez Brea",,1
Gustavo,Amelio,gustavo.amelio@facebook.com,"07 de Mayo",https://www.facebook.com/gustavo.amelio,,,"Ciudad Autónoma de Buenos Aires","Buenos Aires",Argentina,1580263976,"Maria Quevedo",https://www.facebook.com/mery.quevedo3,1
La,"Velada Dos",laveladados@facebook.com,"06 de Mayo",https://www.facebook.com/laveladados,21,,"Ciudad Autónoma de Buenos Aires","Buenos Aires",Argentina,100001056023031,"Maria Quevedo",https://www.facebook.com/mery.quevedo3,1
Silvy,Deck,silvy.deck@facebook.com,"06 de Mayo",https://www.facebook.com/silvy.deck,,,"Ciudad Autónoma de Buenos Aires","Buenos Aires",Argentina,1572258700,"Mariano Montani",https://www.facebook.com/mariano.montani,1
Walter,Hulk,walter.hulk.9@facebook.com,"07 de Mayo",https://www.facebook.com/walter.hulk.9,29,,"Ciudad Autónoma de Buenos Aires","Buenos Aires",Argentina,100001117597099,"Marina Castagnino",https://www.facebook.com/castagnino,1
Nancy,Pallero,nancy.pallero@facebook.com,"02 de Mayo",https://www.facebook.com/nancy.pallero,22,,"Ciudad Autónoma de Buenos Aires","Buenos Aires",Argentina,100000081886767,"Martín Álvarez BA I",https://www.facebook.com/Woody.Blair,1
Mer,Martinez,mer.martinez.735@facebook.com,"01 de Mayo",https://www.facebook.com/mer.martinez.735,,,"Ciudad Autónoma de Buenos Aires","Buenos Aires",Argentina,1204521729,"Martín Álvarez BA I",https://www.facebook.com/Woody.Blair,1
Florencia,Hernández,florencia.hernandez.315@facebook.com,"06 de Mayo",https://www.facebook.com/florencia.hernandez.315,,,"Ciudad Autónoma de Buenos Aires","Buenos Aires",Argentina,100000843031418,"Martín Álvarez BA I",https://www.facebook.com/Woody.Blair,1
"Nacho Saenz",Under,nachosaenz.eventplanner@facebook.com,"06 de Mayo",https://www.facebook.com/nachosaenz.eventplanner,22,,"Ciudad Autónoma de Buenos Aires","Buenos Aires",Argentina,100003690082133,"Martin Olmedo",,1
Vanina,"Sousa Gramuglia",vaninagramuglia@facebook.com,"05 de Mayo",https://www.facebook.com/VaninaGramuglia,,,"Ciudad Autónoma de Buenos Aires","Buenos Aires",Argentina,1127051269,"Matias Daniel Pascual",,1
"Viviana Patricia",Puyelli,vivianapatricia.puyelli@facebook.com,"02 de Mayo",https://www.facebook.com/vivianapatricia.puyelli,,,"Ciudad Autónoma de Buenos Aires","Buenos Aires",Argentina,100003485950054,"Mauro Napole",https://www.facebook.com/maurinapole,1
Leo,Braia,leo.braia.1@facebook.com,"06 de Mayo",https://www.facebook.com/leo.braia.1,27,,"Ciudad Autónoma de Buenos Aires","Buenos Aires",Argentina,849604639,"Mavi Manzano",https://www.facebook.com/mavi.manzano,1
Gonzalo,Bases,gonzalobases@facebook.com,"04 de Mayo",https://www.facebook.com/gonzalobases,,,"Ciudad Autónoma de Buenos Aires","Buenos Aires",Argentina,1071300263,"Melina Piovano",https://www.facebook.com/melipiovano,1
Juli,Ansaldi,juli.ansaldi@facebook.com,"07 de Mayo",https://www.facebook.com/juli.ansaldi,,,"Ciudad Autónoma de Buenos Aires","Buenos Aires",Argentina,1134247185,"Melo Dellarole",https://www.facebook.com/melodellarole,1
Laura,Animalista,laura.animalista.96@facebook.com,"01 de Mayo",https://www.facebook.com/laura.animalista.96,,,"Ciudad Autónoma de Buenos Aires","Buenos Aires",Argentina,100001165705969,"Mery Noel Vidal ?ï?",,1
"PorUna Sonrisa","Activemos Juntos",porunasonrisa.activemosjuntos@facebook.com,"07 de Mayo",https://www.facebook.com/porunasonrisa.activemosjuntos,27,,"Ciudad Autónoma de Buenos Aires","Buenos Aires",Argentina,100002430464948,"Mery Noel Vidal ?ï?",,1
Bellezza,"Indumentaria Canina",bellezza.indumentariacanina@facebook.com,"07 de Mayo",https://www.facebook.com/bellezza.indumentariacanina,27,,"Ciudad Autónoma de Buenos Aires","Buenos Aires",Argentina,100002439634477,"Mery Noel Vidal ?ï?",,1
Euge,Podestá,euge.podesta@facebook.com,"01 de Mayo",https://www.facebook.com/euge.podesta,29,,"Ciudad Autónoma de Buenos Aires","Buenos Aires",Argentina,1111317197,"Mery Spessa",https://www.facebook.com/Mery.Spessa,1
Augusto,Eventos,augusto.eventos.3@facebook.com,"03 de Mayo",https://www.facebook.com/augusto.eventos.3,,,"Ciudad Autónoma de Buenos Aires","Buenos Aires",Argentina,100002101847457,"Mia Miry Ponce",,1
Tobias,Buono,tobias.buono@facebook.com,"07 de Mayo",https://www.facebook.com/tobias.buono,25,,"Ciudad Autónoma de Buenos Aires","Buenos Aires",Argentina,1413565505,"Mia Miry Ponce",,1
Martin,Aulicino,martin.aulicino@facebook.com,"06 de Mayo",https://www.facebook.com/martin.aulicino,27,,"Ciudad Autónoma de Buenos Aires","Buenos Aires",Argentina,100001214482832,"Micaela Parisi",https://www.facebook.com/parisimica,1
Magui,Torne,magui.torne@facebook.com,"01 de Mayo",https://www.facebook.com/magui.torne,,,"Ciudad Autónoma de Buenos Aires","Buenos Aires",Argentina,1493560587,"Nadia Denise",,1
Vinilos,Desig,vinilosdecodesign14@facebook.com,"01 de Mayo",https://www.facebook.com/vinilosdecodesign14,,,"Ciudad Autónoma de Buenos Aires","Buenos Aires",Argentina,100005865279746,"Nadia Soraya",https://www.facebook.com/nadia.soraya,1
Euge,Bartoli,euge.bartoli@facebook.com,"02 de Mayo",https://www.facebook.com/euge.bartoli,29,,"Ciudad Autónoma de Buenos Aires","Buenos Aires",Argentina,1359403106,"Nano Vaquer",,1
Iña,Rodríguez,roodriguezzinakki@facebook.com,"02 de Mayo",https://www.facebook.com/roodriguezzinakki,,,"Ciudad Autónoma de Buenos Aires","Buenos Aires",Argentina,1505455800,"Natalia Garmaz Hilbert",https://www.facebook.com/natalia.garmazhilbert,1
"Salte Del",Closet,saltedel.closet.1@facebook.com,"02 de Mayo",https://www.facebook.com/saltedel.closet.1,,,"Ciudad Autónoma de Buenos Aires","Buenos Aires",Argentina,100000127109026,"Natalia Landa",,1
Hospedaje,Kapamadog,kapamadog@facebook.com,"05 de Mayo",https://www.facebook.com/kapamadog,28,,"Ciudad Autónoma de Buenos Aires","Buenos Aires",Argentina,100000460174324,"Natalia Landa",,1
Intibird,Artedigital,intibird.artedigital@facebook.com,"03 de Mayo",https://www.facebook.com/intibird.artedigital,,,"Ciudad Autónoma de Buenos Aires","Buenos Aires",Argentina,100002040187707,"Natalia Magali Guglielmo",https://www.facebook.com/nataliamagali.guglielmo,1
"Pablo L M",Guelfo,pablolm.guelfo@facebook.com,"05 de Mayo",https://www.facebook.com/pablolm.guelfo,,,"Ciudad Autónoma de Buenos Aires","Buenos Aires",Argentina,1435932419,"Natalia Oviedo",,1
Gabriel,Krikorian,gabriel.krikorian.7@facebook.com,"07 de Mayo",https://www.facebook.com/gabriel.krikorian.7,28,,"Ciudad Autónoma de Buenos Aires","Buenos Aires",Argentina,1102276014,"Natalia Tarelli",,1
Agustin,Helou,agustin.helou@facebook.com,"05 de Mayo",https://www.facebook.com/agustin.helou,,,"Ciudad Autónoma de Buenos Aires","Buenos Aires",Argentina,100000227702262,"Nico Mackinlay",,1
Gise,Mosquera,gisepeky@facebook.com,"06 de Mayo",https://www.facebook.com/GISEPEKY,22,"Villa Devoto","Ciudad Autónoma de Buenos Aires","Buenos Aires",Argentina,1134278145,"Pablo Dandrea",https://www.facebook.com/pablo.dandrea,1
Fernando,Cascino,fernandocascino@facebook.com,"02 de Mayo",https://www.facebook.com/fernandocascino,,"Villa Devoto","Ciudad Autónoma de Buenos Aires","Buenos Aires",Argentina,1362983410,"Pamela Garrote",https://www.facebook.com/pamela.garrote,1
Matias,Cubas,matias.cubas2@facebook.com,"04 de Mayo",https://www.facebook.com/matias.cubas2,25,,"Ciudad Autónoma de Buenos Aires","Buenos Aires",Argentina,1615924012,"Pato Pagano",https://www.facebook.com/pato.p111,1
Patricia,Martinez,patricia.martinez.779@facebook.com,"02 de Mayo",https://www.facebook.com/patricia.martinez.779,28,,"Ciudad Autónoma de Buenos Aires","Buenos Aires",Argentina,1079766866,"Pau Britez",https://www.facebook.com/pau.britez,1
Agustin,Pugliesse,agusese@facebook.com,"05 de Mayo",https://www.facebook.com/agusese,22,,"Ciudad Autónoma de Buenos Aires","Buenos Aires",Argentina,1395176353,"Pau Salas",https://www.facebook.com/pausalas88,1
El,Mundoesunpañuelo,el.mundoesunpanuelo.5@facebook.com,"01 de Mayo",https://www.facebook.com/el.mundoesunpanuelo.5,29,,"Ciudad Autónoma de Buenos Aires","Buenos Aires",Argentina,100001783130616,"Pau Salas",https://www.facebook.com/pausalas88,1
Antonia,Papini,antonia.papini.3@facebook.com,"03 de Mayo",https://www.facebook.com/antonia.papini.3,,"Parque Patricios","Ciudad Autónoma de Buenos Aires","Buenos Aires",Argentina,100000708674880,"Paula Martínez",,1
Martin,Costa,martin.costa.5496@facebook.com,"03 de Mayo",https://www.facebook.com/martin.costa.5496,,,"Ciudad Autónoma de Buenos Aires","Buenos Aires",Argentina,100002322964013,"Paula Otálvaro",https://www.facebook.com/paula.otalvaro,1
Sofia,Arbaizagoitia,sofia.arbaizagoitia@facebook.com,"04 de Mayo",https://www.facebook.com/sofia.arbaizagoitia,21,"Buenos Aires","Buenos Aires","Buenos Aires",Argentina,100003827911196,"Peter GC",0,1
Ari,?ileiko,arina.plg@facebook.com,"06 de Mayo",https://www.facebook.com/arina.plg,,,"Ciudad Autónoma de Buenos Aires","Buenos Aires",Argentina,1294208514,"Pia Bocchino",https://www.facebook.com/pia.bocchino,1
Lau,Parga,lau.parga@facebook.com,"07 de Mayo",https://www.facebook.com/lau.parga,26,,"Ciudad Autónoma de Buenos Aires","Buenos Aires",Argentina,721580256,"Ramiro Prieto",,1
Craig's,"Medieval Sword",craigs.medievalsword@facebook.com,"01 de Mayo",https://www.facebook.com/craigs.medievalsword,,"Villa Del Parque","Ciudad Autónoma de Buenos Aires","Buenos Aires",Argentina,100000888620330,"Ramiro Prieto",,1
Viviana,Rolon,wuirivivi.rolon@facebook.com,"03 de Mayo",https://www.facebook.com/wuirivivi.rolon,24,"Buenos Aires","Buenos Aires","Buenos Aires",Argentina,100004024731068,"Rebe Gonzalez",0,1
Carnavalia,Tienda,carnavalia.tienda@facebook.com,"03 de Mayo",https://www.facebook.com/carnavalia.tienda,,,"Ciudad Autónoma de Buenos Aires","Buenos Aires",Argentina,100001515901718,"Rocío Martínez",https://www.facebook.com/rochi.belen,1
José,Usandivaras,jzapatau@facebook.com,"06 de Mayo",https://www.facebook.com/jzapatau,22,,"Ciudad Autónoma de Buenos Aires","Buenos Aires",Argentina,822008583,"Rocío Martínez",https://www.facebook.com/rochi.belen,1
OmShoes,Footwear,omshoesfootwear@facebook.com,"04 de Mayo",https://www.facebook.com/omshoesfootwear,,,"Ciudad Autónoma de Buenos Aires","Buenos Aires",Argentina,100001276250747,"Rochi Christensen",https://www.facebook.com/rochi.christensen,1
Con,Encanto,con.encanto.9@facebook.com,"05 de Mayo",https://www.facebook.com/con.encanto.9,23,,"Ciudad Autónoma de Buenos Aires","Buenos Aires",Argentina,100005953202712,"Rochi Christensen",https://www.facebook.com/rochi.christensen,1
Mauricio,Ruffo,mauriruffo@facebook.com,"01 de Mayo",https://www.facebook.com/mauriruffo,,,"Ciudad Autónoma de Buenos Aires","Buenos Aires",Argentina,659577575,"Rocio Marquez",,1
Hugo,Pate,hugo.pate@facebook.com,"03 de Mayo",https://www.facebook.com/hugo.pate,,,"Ciudad Autónoma de Buenos Aires","Buenos Aires",Argentina,729660891,"Rodrigo Vega",,1
Marcelo,Garcia,marcelo.m.garcia.35@facebook.com,"06 de Mayo",https://www.facebook.com/marcelo.m.garcia.35,,,"Ciudad Autónoma de Buenos Aires","Buenos Aires",Argentina,1124712010,"Rodrii Martinez",,1
Floo,Galiano,floo.galiano@facebook.com,"06 de Mayo",https://www.facebook.com/floo.galiano,26,,"Ciudad Autónoma de Buenos Aires","Buenos Aires",Argentina,100001637476759,"Romi Flores",,1
Danu,Iaz,danu.iaz@facebook.com,"05 de Mayo",https://www.facebook.com/danu.iaz,,,"Ciudad Autónoma de Buenos Aires","Buenos Aires",Argentina,100001413243242,"Roxy Arana",,1
Punto,Corsa,punto.corsa@facebook.com,"02 de Mayo",https://www.facebook.com/punto.corsa,,Coghlan,"Ciudad Autónoma de Buenos Aires","Buenos Aires",Argentina,100001328998817,"Sebastian Daniel Riccardi",https://www.facebook.com/sebastian.riccardi,1
"Club Monaco",Sabados,clubmonaco.miercoles@facebook.com,"07 de Mayo",https://www.facebook.com/clubmonaco.miercoles,,,"Ciudad Autónoma de Buenos Aires","Buenos Aires",Argentina,100008240477814,"Silvia Fernandez",https://www.facebook.com/silviafernandezchivi,1
Facu,Luqui,faculuqui@facebook.com,"02 de Mayo",https://www.facebook.com/FacuLuqui,,,"Ciudad Autónoma de Buenos Aires","Buenos Aires",Argentina,1026745484,"Silvia Grun",,1
Flo,Rian,florian.a.tu@facebook.com,"05 de Mayo",https://www.facebook.com/Florian.A.Tu,22,,"Ciudad Autónoma de Buenos Aires","Buenos Aires",Argentina,1513537500,"Silvia Grun",,1
Carlos,"Villamayor-Arte Fotografia de Danza",carlos.villamayorartefotografiadedanza@facebook.co,"03 de Mayo",https://www.facebook.com/carlos.villamayorartefotografiadedanza,,,"Ciudad Autónoma de Buenos Aires","Buenos Aires",Argentina,1562171292,"Silvia Grun",,1
Lalii,Jadur,lalii.jadur@facebook.com,"03 de Mayo",https://www.facebook.com/lalii.jadur,,,"Ciudad Autónoma de Buenos Aires","Buenos Aires",Argentina,100000523152112,"Silvina Yanina Albornoz Garlepp",https://www.facebook.com/silvinayaninaalbornozgarl,1
Carla,Villalba,carla.villalba.5011@facebook.com,"07 de Mayo",https://www.facebook.com/carla.villalba.5011,23,,"Ciudad Autónoma de Buenos Aires","Buenos Aires",Argentina,100006761413026,"Sindy Elisa Szczucky",https://www.facebook.com/sindy.szczucky,1
Rodri,Surf,rodri.aliano@facebook.com,"02 de Mayo",https://www.facebook.com/RODRI.ALIANO,22,,"Ciudad Autónoma de Buenos Aires","Buenos Aires",Argentina,1466806397,"Sofu Maddonni",https://www.facebook.com/ssofiia,1
"Terrazas Del Este",Fabian,terrazasdeleste.fabian@facebook.com,"01 de Mayo",https://www.facebook.com/terrazasdeleste.fabian,,,"Ciudad Autónoma de Buenos Aires","Buenos Aires",Argentina,100001077679115,"Sol Policastro",https://www.facebook.com/solangeforever,1
Mariano,Zito,zitomariano@facebook.com,"01 de Mayo",https://www.facebook.com/ZitoMariano,,,"Ciudad Autónoma de Buenos Aires","Buenos Aires",Argentina,1306869844,"Sumatra Shows",https://www.facebook.com/sumatrashows,1
Brenda,Alati,brendalati@facebook.com,"05 de Mayo",https://www.facebook.com/brendalati,,,"Ciudad Autónoma de Buenos Aires","Buenos Aires",Argentina,1194491707,"Tatiana Petroccelli",https://www.facebook.com/tanshanita,1
Ariel,Nuñez,ariel.nunez.7334@facebook.com,"07 de Mayo",https://www.facebook.com/ariel.nunez.7334,26,Centro,"Ciudad Autónoma de Buenos Aires","Buenos Aires",Argentina,1197289718,"Tatiana Petroccelli",https://www.facebook.com/tanshanita,1
Nico,Natalicchio,nicoo.natalicchio@facebook.com,"02 de Mayo",https://www.facebook.com/nicoo.natalicchio,,,"Ciudad Autónoma de Buenos Aires","Buenos Aires",Argentina,1356640472,"Thomas Jensen",,1
Fernanda,Ambrosino,fernanda.ambrosino@facebook.com,"05 de Mayo",https://www.facebook.com/fernanda.ambrosino,27,"San Telmo","Ciudad Autónoma de Buenos Aires","Buenos Aires",Argentina,1719768780,"Tomas Zocca",https://www.facebook.com/tomyzocca,1
Agus,Donnini,agustina.donnini@facebook.com,"01 de Mayo",https://www.facebook.com/agustina.donnini,,,"Ciudad Autónoma de Buenos Aires","Buenos Aires",Argentina,100001457329499,"Tomi Rodriguez",,1
Melina,Osorio,melina.osorio.3@facebook.com,"01 de Mayo",https://www.facebook.com/melina.osorio.3,,,"Ciudad Autónoma de Buenos Aires","Buenos Aires",Argentina,1099271606,"Tuty Martinez",,1
Juan,Huertas,juansasiain@facebook.com,"07 de Mayo",https://www.facebook.com/juansasiain,,,"Ciudad Autónoma de Buenos Aires","Buenos Aires",Argentina,734521712,"Vale Piedra",https://www.facebook.com/Valepiedra,1
Rocio,"Benegas Lynch",rocio.benegas@facebook.com,"01 de Mayo",https://www.facebook.com/rocio.benegas,,,"Ciudad Autónoma de Buenos Aires","Buenos Aires",Argentina,666050189,"Valentin Abelardo",https://www.facebook.com/valentin.abelardo,1
Mauri,Federico,maurimauri.garcia@facebook.com,"07 de Mayo",https://www.facebook.com/maurimauri.garcia,25,,"Ciudad Autónoma de Buenos Aires","Buenos Aires",Argentina,100003835391932,"Vanesa Macias",https://www.facebook.com/vanesa.macias1,1
"Susana Delfina",Escobar,susanadelfina.escobar@facebook.com,"07 de Mayo",https://www.facebook.com/susanadelfina.escobar,,,"Ciudad Autónoma de Buenos Aires","Buenos Aires",Argentina,100001434782031,"Veronica Escobar",,1
Nico,Mazzaccara,nico.mazzaccara@facebook.com,"06 de Mayo",https://www.facebook.com/nico.mazzaccara,21,Recoleta,"Ciudad Autónoma de Buenos Aires","Buenos Aires",Argentina,1552813350,"Vicky Diaz",,1
Tomi,"Gutierrez Casares",tomy.guti.9@facebook.com,"01 de Mayo",https://www.facebook.com/tomy.guti.9,,,"Ciudad Autónoma de Buenos Aires","Buenos Aires",Argentina,1731560643,"Vicky Diaz",,1
Nacho,"Saenz Mandarine",nacho.saenzmandarine@facebook.com,"06 de Mayo",https://www.facebook.com/nacho.saenzmandarine,22,,"Ciudad Autónoma de Buenos Aires","Buenos Aires",Argentina,100002878664523,"Victoria Casado",,1
Nico,Astorino,nico.astorino.3@facebook.com,"04 de Mayo",https://www.facebook.com/nico.astorino.3,21,Liniers,"Ciudad Autónoma de Buenos Aires","Buenos Aires",Argentina,100006632137720,"Yanina Battiato",,1
Ariel,Lee,ariel.lee.3348@facebook.com,"03 de Mayo",https://www.facebook.com/ariel.lee.3348,21,,"Ciudad Autónoma de Buenos Aires","Buenos Aires",Argentina,100002858337787,"Yasu Higa",,1
Valentin,Rojas,valentin.rojas.90@facebook.com,"04 de Mayo",https://www.facebook.com/valentin.rojas.90,25,,"Ciudad Autónoma de Buenos Aires","Buenos Aires",Argentina,100001225541501,"Yasu Higa",,1
Uri,Corro,uriel.corro@facebook.com,"01 de Mayo",https://www.facebook.com/uriel.corro,,"Buenos Aires","Buenos Aires","Buenos Aires",Argentina,100000176097230,"Yesiquita Maldonadito",0,1
