Nombre,Apellido,"Email Facebook",Cumpleaños,"Usuario Facebook",Edad,Barrio,Ciudad,Provincia,Pais,"ID Facebook","Amigo De","Amigo De (Usuario)",rebound
Grupo,"Locos de Contento",grupo.locosdecontento@facebook.com,"22 de Mayo",https://www.facebook.com/grupo.locosdecontento,,,"Ciudad Autónoma de Buenos Aires","Buenos Aires",Argentina,744478366,"Flor Scalise",https://www.facebook.com/flor.scalise,1
TravelPlanet,Argentina,travelplanetarg@facebook.com,"22 de Mayo",https://www.facebook.com/travelplanetarg,23,,"Ciudad Autónoma de Buenos Aires","Buenos Aires",Argentina,1237123599,"Mariana Sparks",,1
Lovely,Deco,lovely.deco.35@facebook.com,"22 de Mayo",https://www.facebook.com/lovely.deco.35,,,"Ciudad Autónoma de Buenos Aires","Buenos Aires",Argentina,100003879198478,"Laly Sereda",https://www.facebook.com/lalisereda,1
Daniela,Aida,danititalinda@facebook.com,"22 de Mayo",https://www.facebook.com/danititalinda,27,,"Ciudad Autónoma de Buenos Aires","Buenos Aires",Argentina,843689773,"Agos Ledo",https://www.facebook.com/agos.ledo,1
Lucas,Ferrari,luqitasdb@facebook.com,"22 de Mayo",https://www.facebook.com/luqitasDb,,Barracas,"Ciudad Autónoma de Buenos Aires","Distrito Federal",Argentina,100000498964754,"Fiestas Baires",,1
"El Punky",Breaker,elpunky.breaker@facebook.com,"22 de Mayo",https://www.facebook.com/elpunky.breaker,22,,"Ciudad Autónoma de Buenos Aires","Buenos Aires",Argentina,1274776775,"Gonza Gonzalez",,1
"Jazmin Jsk",Guzman,jazminjsk.guzman@facebook.com,"22 de Mayo",https://www.facebook.com/jazminjsk.guzman,,Montserrat,"Ciudad Autónoma de Buenos Aires","Buenos Aires",Argentina,100001397097202,"Vale Piedra",https://www.facebook.com/Valepiedra,1
Kary,Prinsess,kary.prinsess.7@facebook.com,"22 de Mayo",https://www.facebook.com/kary.prinsess.7,,,"Ciudad Autónoma de Buenos Aires","Buenos Aires",Argentina,100005542384102,"Majo López Tavani",https://www.facebook.com/lasplumas,1
Cristian,Calvo,cristian.calvo.148@facebook.com,"22 de Mayo",https://www.facebook.com/cristian.calvo.148,,,"Ciudad Autónoma de Buenos Aires","Buenos Aires",Argentina,100001921003334,"Carla Diaz",,1
Micaela,Mallia,micaela.mallia@facebook.com,"22 de Mayo",https://www.facebook.com/micaela.mallia,21,,"Ciudad Autónoma de Buenos Aires","Buenos Aires",Argentina,1611364785,"Pablo Dandrea",https://www.facebook.com/pablo.dandrea,1
Agus,Mancuso,agus.mancuso@facebook.com,"22 de Mayo",https://www.facebook.com/agus.mancuso,,,"Ciudad Autónoma de Buenos Aires","Buenos Aires",Argentina,1320956050,"Gonza Gonzalez",,1
Yonatan,Aguirre,jonatan20013@facebook.com,"22 de Mayo",https://www.facebook.com/jonatan20013,25,,"Ciudad Autónoma de Buenos Aires","Buenos Aires",Argentina,100004367048451,"Ingrid Sondergaard",https://www.facebook.com/ingridfash,1
Patita,Vera,patita.vera.9@facebook.com,"22 de Mayo",https://www.facebook.com/patita.vera.9,29,Núñez,"Ciudad Autónoma de Buenos Aires","Buenos Aires",Argentina,100001969376968,"Natalia Amaya",https://www.facebook.com/natalia.amaya,1
Jojotopia,Colectivo,jojotopia@facebook.com,"22 de Mayo",https://www.facebook.com/jojotopia,25,,"Ciudad Autónoma de Buenos Aires","Buenos Aires",Argentina,1438995719,"Jessica Bellomo",https://www.facebook.com/JessBellomo,1
Alejandra,Rolon,alejandra.rolon.758@facebook.com,"22 de Mayo",https://www.facebook.com/alejandra.rolon.758,,,"Ciudad Autónoma de Buenos Aires","Buenos Aires",Argentina,1199393476,"Diego Vasquez",,1
Dieta,Cllub,dieta.cllub@facebook.com,"22 de Mayo",https://www.facebook.com/dieta.cllub,30,,"Ciudad Autónoma de Buenos Aires","Buenos Aires",Argentina,1213543989,"Susan Romano",,1
Ale,Ferruccio,ale.ferruccio@facebook.com,"22 de Mayo",https://www.facebook.com/ale.ferruccio,21,,"Ciudad Autónoma de Buenos Aires","Buenos Aires",Argentina,1503560932,"Matias Duarte",,1
Yissel,Roldan,yissel.roldan.1@facebook.com,"22 de Mayo",https://www.facebook.com/yissel.roldan.1,,,"Ciudad Autónoma de Buenos Aires","Buenos Aires",Argentina,100003523640973,"Julio Roberto Cuevas",https://www.facebook.com/julioroberto.cuevas,1
Jonatan,Fuentes,jonatan.fuentes.31@facebook.com,"22 de Mayo",https://www.facebook.com/jonatan.fuentes.31,21,,"Ciudad Autónoma de Buenos Aires","Buenos Aires",Argentina,1602747470,"Giuliana Minniti",https://www.facebook.com/giuliana.minniti,1
Leslie,Mandl,leslie.mandl@facebook.com,"22 de Mayo",https://www.facebook.com/leslie.mandl,,,"Ciudad Autónoma de Buenos Aires","Buenos Aires",Argentina,1305727163,"Nicolás García",https://www.facebook.com/Niccccccccco,1
Almendra,Cue,almendra.f.cue@facebook.com,"22 de Mayo",https://www.facebook.com/almendra.f.cue,,,"Ciudad Autónoma de Buenos Aires","Buenos Aires",Argentina,100000619934185,"Miel Irisarri",https://www.facebook.com/miel.irisarri,1
Charly,Osk,charlyoscaracosta@facebook.com,"22 de Mayo",https://www.facebook.com/charlyoscaracosta,,,"Ciudad Autónoma de Buenos Aires","Buenos Aires",Argentina,691024120,"Mariana Graña",,1
Elizabeth,Meoniz,elizabeth.meoniz@facebook.com,"22 de Mayo",https://www.facebook.com/elizabeth.meoniz,25,,"Ciudad Autónoma de Buenos Aires","Buenos Aires",Argentina,1052365921,"Noe Guillén",https://www.facebook.com/noeguillen20,1
Danielle,Guzel,danielita.leonciita@facebook.com,"22 de Mayo",https://www.facebook.com/Danielita.Leonciita,,,"Ciudad Autónoma de Buenos Aires","Buenos Aires",Argentina,1640318675,"Nahu Millicay Pereyra",https://www.facebook.com/nahumilli,1
Javier,Lopez,javierlopezcarou@facebook.com,"22 de Mayo",https://www.facebook.com/javierlopezcarou,,Liniers,"Ciudad Autónoma de Buenos Aires","Buenos Aires",Argentina,1152552718,"Nataly Cuerva",https://www.facebook.com/nataliagtrujillo,1
Bianca,Casal,holimundoloco@facebook.com,"22 de Mayo",https://www.facebook.com/HoliMundoLoco,,,"Ciudad Autónoma de Buenos Aires","Buenos Aires",Argentina,1478252409,"Gabi López",,1
"Almacen de Productos",Importados,almacendeproductos.importados@facebook.com,"22 de Mayo",https://www.facebook.com/almacendeproductos.importados,27,,"Ciudad Autónoma de Buenos Aires","Buenos Aires",Argentina,100005915113166,"Sabrina Fuchs",,1
Flor,Carlé,flor.carle@facebook.com,"22 de Mayo",https://www.facebook.com/flor.carle,,,"Ciudad Autónoma de Buenos Aires","Buenos Aires",Argentina,510568589,"Pablo Dandrea",https://www.facebook.com/pablo.dandrea,1
Agustina,Ginocchio,agustina.ginocchio@facebook.com,"22 de Mayo",https://www.facebook.com/agustina.ginocchio,,,"Ciudad Autónoma de Buenos Aires","Buenos Aires",Argentina,100000382587762,"Emiliano Pirolo",,1
Mariam,Diaz,mariam.diaz.31105@facebook.com,"22 de Mayo",https://www.facebook.com/mariam.diaz.31105,,,"Ciudad Autónoma de Buenos Aires","Buenos Aires",Argentina,100004259584843,"Cesar Berdullas",https://www.facebook.com/cesar.berdullas,1
Dante,Bigliano,daante.bigliano@facebook.com,"22 de Mayo",https://www.facebook.com/Daante.Bigliano,,"Villa Del Parque","Ciudad Autónoma de Buenos Aires","Distrito Federal",Argentina,1519971996,"Brian Cano",,1
Tincho,"de Sousa",tincho.porta@facebook.com,"22 de Mayo",https://www.facebook.com/tincho.porta,,,"Ciudad Autónoma de Buenos Aires","Buenos Aires",Argentina,1470884844,"Florencia Pellegrino",,1
Sara,Escudero,sara.escudero.9@facebook.com,"22 de Mayo",https://www.facebook.com/sara.escudero.9,,,"Ciudad Autónoma de Buenos Aires","Buenos Aires",Argentina,100001006338588,"Sabry Valenti",https://www.facebook.com/sabry.valenti,1
Carla,Denise,carladenise.z@facebook.com,"22 de Mayo",https://www.facebook.com/CarlaDenise.Z,21,,"Ciudad Autónoma de Buenos Aires","Buenos Aires",Argentina,1083124606,"Fiestas Baires",,1
Maxi,Russoniello,maximiliano.russoniello@facebook.com,"22 de Mayo",https://www.facebook.com/maximiliano.russoniello,,,"Ciudad Autónoma de Buenos Aires","Buenos Aires",Argentina,1038891871,"Gabriela Rosito",https://www.facebook.com/gabriela.rosito,1
Nacho,Paredes,nacho.paredes1@facebook.com,"22 de Mayo",https://www.facebook.com/nacho.paredes1,30,"La Boca","Ciudad Autónoma de Buenos Aires","Buenos Aires",Argentina,1547157623,"Eugenia Vega",https://www.facebook.com/eugenitavega,1
Fabi,Bareiro,fabi.bareiro.3@facebook.com,"22 de Mayo",https://www.facebook.com/fabi.bareiro.3,,,"Ciudad Autónoma de Buenos Aires","Buenos Aires",Argentina,100000476412604,"Christian Douer Chuky",https://www.facebook.com/christian.chuky,1
Palabra,Plena,palabra.plena.7@facebook.com,"22 de Mayo",https://www.facebook.com/palabra.plena.7,,,"Ciudad Autónoma de Buenos Aires","Buenos Aires",Argentina,100002620775842,"Noelia Juskiewicz",https://www.facebook.com/noelia.juskiewicz,1
Mauricio,Jara,mauricio.jara.1088@facebook.com,"22 de Mayo",https://www.facebook.com/mauricio.jara.1088,21,,"Ciudad Autónoma de Buenos Aires","Buenos Aires",Argentina,100000255376532,"Lucas Funes",https://www.facebook.com/SkriLef14,1
Pauli,Alvarez,pauli.alvarez.7@facebook.com,"22 de Mayo",https://www.facebook.com/pauli.alvarez.7,27,,"Ciudad Autónoma de Buenos Aires","Buenos Aires",Argentina,1318696145,"Evelina Ferreira",,1
Foxes,Fc,foxes.fc@facebook.com,"22 de Mayo",https://www.facebook.com/foxes.fc,,,"Ciudad Autónoma de Buenos Aires","Buenos Aires",Argentina,100001119010647,"Manu Dadaglio",,1
Tomy,"Marin Moreno",tomas.marin.357@facebook.com,"22 de Mayo",https://www.facebook.com/tomas.marin.357,30,,"Ciudad Autónoma de Buenos Aires","Buenos Aires",Argentina,100000247530866,"Caro Ros Jones",https://www.facebook.com/carorosjones,1
Sofia,Dubois,sofia.c.dubois@facebook.com,"22 de Mayo",https://www.facebook.com/sofia.c.dubois,28,,"Ciudad Autónoma de Buenos Aires","Buenos Aires",Argentina,689697681,"Juan Manuel Vilagut",https://www.facebook.com/jvilagut1,1
GAby,Menta,gabymenta@facebook.com,"22 de Mayo",https://www.facebook.com/gabymenta,,,"Ciudad Autónoma de Buenos Aires","Buenos Aires",Argentina,1099545644,"Natalia Magali Guglielmo",https://www.facebook.com/nataliamagali.guglielmo,1
Fabrizio,Leone,452415003f@facebook.com,"22 de Mayo",https://www.facebook.com/452415003f,28,,"Ciudad Autónoma de Buenos Aires","Buenos Aires",Argentina,1787311221,"Maria Belén",,1
Leo,Delorenzo,leo.delorenzo@facebook.com,"22 de Mayo",https://www.facebook.com/leo.delorenzo,,,"Ciudad Autónoma de Buenos Aires","Buenos Aires",Argentina,500778960,"Lucas Alegre",,1
Dana,Montana,dadandana1992@facebook.com,"22 de Mayo",https://www.facebook.com/dadandana1992,22,,"Ciudad Autónoma de Buenos Aires","Buenos Aires",Argentina,100006352452379,"Ayu Casanova",,1
Antonella,Perla,antonella.perla.9400@facebook.com,"22 de Mayo",https://www.facebook.com/antonella.perla.9400,,,"Ciudad Autónoma de Buenos Aires","Buenos Aires",Argentina,100004686819321,"Tomás Eis",,1
Cata,Fabbri,cata.fabbri.5@facebook.com,"22 de Mayo",https://www.facebook.com/cata.fabbri.5,24,,"Ciudad Autónoma de Buenos Aires","Buenos Aires",Argentina,863415223,"Flor Freixas",https://www.facebook.com/freichus,1
Joaquin,Echave,joaquin.echave@facebook.com,"22 de Mayo",https://www.facebook.com/joaquin.echave,,,"Ciudad Autónoma de Buenos Aires","Buenos Aires",Argentina,783482219,"Cami Maranessi",https://www.facebook.com/cami.maranessi,1
Ger,Emanuel,german.emanuel.5@facebook.com,"22 de Mayo",https://www.facebook.com/german.emanuel.5,27,,"Ciudad Autónoma de Buenos Aires","Buenos Aires",Argentina,1501219607,"Franco Marcoccia",https://www.facebook.com/franco.marcoccia,1
Memi,Bonorino,memi.bonorino@facebook.com,"22 de Mayo",https://www.facebook.com/memi.bonorino,,,"Ciudad Autónoma de Buenos Aires","Buenos Aires",Argentina,789264835,"Maria Pia Perez Brea",,1
Mariano,Cabrera,mariano.cabrera.9849@facebook.com,"22 de Mayo",https://www.facebook.com/mariano.cabrera.9849,30,,"Ciudad Autónoma de Buenos Aires","Buenos Aires",Argentina,811564366,"Analia Utlo",https://www.facebook.com/ANY10,1
Viviana,Daloi,viviana.daloi@facebook.com,"22 de Mayo",https://www.facebook.com/viviana.daloi,21,,"Ciudad Autónoma de Buenos Aires","Buenos Aires",Argentina,100002012015240,"Joshua Oglio",,1
Marcos,Albano,marcos.albano.33@facebook.com,"22 de Mayo",https://www.facebook.com/marcos.albano.33,24,,"Ciudad Autónoma de Buenos Aires","Buenos Aires",Argentina,550637310,"Daiana Soledad Pintos",https://www.facebook.com/Sheena.is,1
LadyNatt,Skywalkers,lady.natt@facebook.com,"22 de Mayo",https://www.facebook.com/Lady.Natt,,,"Ciudad Autónoma de Buenos Aires","Buenos Aires",Argentina,1290634795,"Jobs Bar",https://www.facebook.com/jobsbar,1
Sofia,Alvarez,soofii.alvarez.7@facebook.com,"22 de Mayo",https://www.facebook.com/soofii.alvarez.7,,,"Ciudad Autónoma de Buenos Aires","Buenos Aires",Argentina,100002119282111,"Rodrii Martinez",,1
Elda,Benitez,eldaalejandra.bentz@facebook.com,"22 de Mayo",https://www.facebook.com/eldaalejandra.bentz,,,"Ciudad Autónoma de Buenos Aires","Buenos Aires",Argentina,752939267,"Jobs Bar",https://www.facebook.com/jobsbar,1
Doux,Patisserie,doux.patisserie.96@facebook.com,"22 de Mayo",https://www.facebook.com/doux.patisserie.96,21,,"Ciudad Autónoma de Buenos Aires","Buenos Aires",Argentina,100005696676176,"Martin Gonzalez",,1
Esteban,Muñoz,esteban.munoz.5855@facebook.com,"22 de Mayo",https://www.facebook.com/esteban.munoz.5855,28,,"Ciudad Autónoma de Buenos Aires","Buenos Aires",Argentina,100001890661413,"Jochuu Rodriguez Linck",https://www.facebook.com/jochuu.rodriguezlinck,1
"Maria Mora","de Brito",mar.v.debrito@facebook.com,"22 de Mayo",https://www.facebook.com/mar.v.debrito,26,,"Ciudad Autónoma de Buenos Aires","Buenos Aires",Argentina,1007000986,"Giselle G Mas",https://www.facebook.com/ftw.73,1
Dario,Arellano,dario.arellano.9@facebook.com,"22 de Mayo",https://www.facebook.com/dario.arellano.9,,,"Ciudad Autónoma de Buenos Aires","Buenos Aires",Argentina,570224305,"Laura Gervasi",,1
Quillen,"Martinez Acebo",qmartinezacebo@facebook.com,"22 de Mayo",https://www.facebook.com/qmartinezacebo,21,,"Ciudad Autónoma de Buenos Aires","Buenos Aires",Argentina,1208708296,"Yani Nefes",https://www.facebook.com/yani.nefes,1
Carolina,"Buschiazzo Fotografía",carolinaphoto@facebook.com,"22 de Mayo",https://www.facebook.com/carolinaphoto,,,"Ciudad Autónoma de Buenos Aires","Buenos Aires",Argentina,100002738640901,"Yanina Battiato",,1
Federico,Manzione,federico.manzione.9@facebook.com,"22 de Mayo",https://www.facebook.com/federico.manzione.9,28,,"Ciudad Autónoma de Buenos Aires","Buenos Aires",Argentina,100000090242513,"Florencia Ferrari",https://www.facebook.com/florenciaferrari.1403,1
Lucas,Carrasco,luquithaz.cabj1@facebook.com,"22 de Mayo",https://www.facebook.com/luquithaz.cabj1,,"La Boca","Ciudad Autónoma de Buenos Aires","Buenos Aires",Argentina,100000126611355,"Silvia Fernandez",https://www.facebook.com/silviafernandezchivi,1
Noritah,Nicolao,noritah.nicolao@facebook.com,"23 de Mayo",https://www.facebook.com/noritah.nicolao,24,,"Ciudad Autónoma de Buenos Aires","Buenos Aires",Argentina,653836319,"Claudio Arias",https://www.facebook.com/clautrance,1
Ricardo,Sposo,ricardo.sposo@facebook.com,"23 de Mayo",https://www.facebook.com/ricardo.sposo,27,,"Ciudad Autónoma de Buenos Aires","Buenos Aires",Argentina,531785043,"Mariana Diaz",https://www.facebook.com/maridiaz29,1
Constanza,Florio,constanza.florio@facebook.com,"23 de Mayo",https://www.facebook.com/constanza.florio,,,"Ciudad Autónoma de Buenos Aires","Buenos Aires",Argentina,1409761479,"Guido Moncayo",https://www.facebook.com/guido.moncayo,1
Nicolás,Colfer,nicolas.colfer@facebook.com,"23 de Mayo",https://www.facebook.com/nicolas.colfer,,,"Ciudad Autónoma de Buenos Aires","Buenos Aires",Argentina,100001403512386,"Cristian Fernandez Villamor",https://www.facebook.com/cristian.fernandezvillamo,1
Andy,Welsh,andywelsh671@facebook.com,"23 de Mayo",https://www.facebook.com/andywelsh671,,,"Ciudad Autónoma de Buenos Aires","Buenos Aires",Argentina,1169449610,"Victoria Casado",,1
Ana,Navarro,ana.navarro.52687@facebook.com,"23 de Mayo",https://www.facebook.com/ana.navarro.52687,26,,"Ciudad Autónoma de Buenos Aires","Buenos Aires",Argentina,100000099880178,"Divino Vestuario Salve",https://www.facebook.com/salvedivinovestuario,1
Maria,Sofia,maria.sofia.549436@facebook.com,"23 de Mayo",https://www.facebook.com/maria.sofia.549436,23,,"Ciudad Autónoma de Buenos Aires","Buenos Aires",Argentina,100000441747426,"Cana Cilley",https://www.facebook.com/cana.cilley,1
Emanuel,Ry,emanuel.ry@facebook.com,"23 de Mayo",https://www.facebook.com/emanuel.ry,,,"Ciudad Autónoma de Buenos Aires","Buenos Aires",Argentina,100003717249859,"Pamela Garrote",https://www.facebook.com/pamela.garrote,1
Maria,Ceja,maria.ceja.9081@facebook.com,"23 de Mayo",https://www.facebook.com/maria.ceja.9081,29,,"Ciudad Autónoma de Buenos Aires","Buenos Aires",Argentina,100003617928941,"Julio Roberto Cuevas",https://www.facebook.com/julioroberto.cuevas,1
Aylu,Delgado,soiloqesoii@facebook.com,"23 de Mayo",https://www.facebook.com/soiloqesoii,,"Villa Pueyrredón","Ciudad Autónoma de Buenos Aires","Distrito Federal",Argentina,1542358070,"Maria Belén",,1
Solange,Sacchi,sol.sacchi@facebook.com,"23 de Mayo",https://www.facebook.com/sol.sacchi,,,"Ciudad Autónoma de Buenos Aires","Buenos Aires",Argentina,1090519615,"Cristian Pluis",,1
Nora,Saunders,nora.saunders.739@facebook.com,"23 de Mayo",https://www.facebook.com/nora.saunders.739,26,,"Ciudad Autónoma de Buenos Aires","Buenos Aires",Argentina,100001233919901,"Divino Vestuario Salve",https://www.facebook.com/salvedivinovestuario,1
Jes,Tecaziner,jessica.tecaziner@facebook.com,"23 de Mayo",https://www.facebook.com/jessica.tecaziner,23,,"Ciudad Autónoma de Buenos Aires","Buenos Aires",Argentina,1102406421,"Martín Álvarez BA I",https://www.facebook.com/Woody.Blair,1
Lucas,Prieto,lucas.prieto.94@facebook.com,"23 de Mayo",https://www.facebook.com/lucas.prieto.94,25,,"Ciudad Autónoma de Buenos Aires","Buenos Aires",Argentina,1404176496,"Anto Melgarejo",https://www.facebook.com/antho.melgarejo,1
Priscila,Weller,priscila.weller@facebook.com,"23 de Mayo",https://www.facebook.com/priscila.weller,,,"Ciudad Autónoma de Buenos Aires","Buenos Aires",Argentina,1250211501,"Paula Otálvaro",https://www.facebook.com/paula.otalvaro,1
Orfebres,Argentinos,orfebres.argentinos@facebook.com,"23 de Mayo",https://www.facebook.com/orfebres.argentinos,,,"Ciudad Autónoma de Buenos Aires","Buenos Aires",Argentina,100001024371680,"Chechu Acea",,1
Mime,Lessage,mimelessage@facebook.com,"23 de Mayo",https://www.facebook.com/MimeLessage,,"Buenos Aires","Buenos Aires","Buenos Aires",Argentina,1215594841,"David Ricardo Irusta",0,1
Silvia,Dionisio,silvia.dionisio.94@facebook.com,"23 de Mayo",https://www.facebook.com/silvia.dionisio.94,,,"Ciudad Autónoma de Buenos Aires","Buenos Aires",Argentina,1526087070,"Cristian Fernandez Villamor",https://www.facebook.com/cristian.fernandezvillamo,1
Mariano,Grillo,mariano.grillo.50@facebook.com,"23 de Mayo",https://www.facebook.com/mariano.grillo.50,28,,"Ciudad Autónoma de Buenos Aires","Buenos Aires",Argentina,1387273735,"Aldana Queirolo",https://www.facebook.com/aldana.queirolo,1
Jas,Escobar,jas.escobar.5@facebook.com,"23 de Mayo",https://www.facebook.com/jas.escobar.5,,,"Ciudad Autónoma de Buenos Aires","Buenos Aires",Argentina,100002375988667,"Malvi Ovando",https://www.facebook.com/malvi.ovando,1
Sofia,Remondini,sofia.remondini@facebook.com,"23 de Mayo",https://www.facebook.com/sofia.remondini,,,"Ciudad Autónoma de Buenos Aires","Buenos Aires",Argentina,1004191396,"Pato Franco",,1
Que,Tomamos,que.tomamos1@facebook.com,"23 de Mayo",https://www.facebook.com/que.tomamos1,,,"Ciudad Autónoma de Buenos Aires","Buenos Aires",Argentina,1506203940,"Silvina Yanina Albornoz Garlepp",https://www.facebook.com/silvinayaninaalbornozgarl,1
Paau,Dabe,paaudabe@facebook.com,"23 de Mayo",https://www.facebook.com/Paaudabe,,,"Ciudad Autónoma de Buenos Aires","Buenos Aires",Argentina,612341467,"Giselle G Mas",https://www.facebook.com/ftw.73,1
Jakie,Molina,jackitta.delamorita@facebook.com,"23 de Mayo",https://www.facebook.com/jackitta.delamorita,,Chacarita,"Ciudad Autónoma de Buenos Aires","Distrito Federal",Argentina,100003710896236,"Matías Panero",,1
Vic,Chang,vic.chang.9026@facebook.com,"23 de Mayo",https://www.facebook.com/vic.chang.9026,25,"Buenos Aires","Buenos Aires","Buenos Aires",Argentina,1294570934,"Alan Yun",0,1
Lali,Savant,lali.savant@facebook.com,"23 de Mayo",https://www.facebook.com/lali.savant,29,,"Ciudad Autónoma de Buenos Aires","Buenos Aires",Argentina,100000868716555,"Sheyla Gutierrez Aguirre",https://www.facebook.com/sheylamarilyn.gutierrezag,1
Tincho,Taboada,tincho.taboada@facebook.com,"23 de Mayo",https://www.facebook.com/tincho.taboada,,"Buenos Aires","Buenos Aires","Buenos Aires",Argentina,100003190699111,"Peter GC",0,1
Marithh,Améndola,marithhamendola@facebook.com,"23 de Mayo",https://www.facebook.com/marithhamendola,,,"Ciudad Autónoma de Buenos Aires","Buenos Aires",Argentina,1475622375,"Gaby Pascuali",https://www.facebook.com/gabriela.pascuali,1
Nahuel,Arce,nahuel.arce.9@facebook.com,"23 de Mayo",https://www.facebook.com/nahuel.arce.9,,,"Ciudad Autónoma de Buenos Aires","Buenos Aires",Argentina,100000691239314,"Julieta Belen",,1
Tomy,Burtton,tomy.burtton@facebook.com,"23 de Mayo",https://www.facebook.com/tomy.burtton,,,"Ciudad Autónoma de Buenos Aires","Buenos Aires",Argentina,100003192511177,"Mauro Sebastian Villegas",,1
Lucas,II,lucasgarofalofoto3@facebook.com,"23 de Mayo",https://www.facebook.com/lucasgarofalofoto3,30,,"Ciudad Autónoma de Buenos Aires","Buenos Aires",Argentina,100006855072119,"Lupe Dávalos",https://www.facebook.com/guadinight,1
Julia,Porta,julia.porta@facebook.com,"23 de Mayo",https://www.facebook.com/julia.porta,24,,"Ciudad Autónoma de Buenos Aires","Buenos Aires",Argentina,552360771,"Maria Pia Perez Brea",,1
"Taller De",Nobles,maricel.tke@facebook.com,"23 de Mayo",https://www.facebook.com/maricel.tke,24,,"Ciudad Autónoma de Buenos Aires","Buenos Aires",Argentina,1742727744,"Majo López Tavani",https://www.facebook.com/lasplumas,1
Dani,Fel,dani.fel.5@facebook.com,"23 de Mayo",https://www.facebook.com/dani.fel.5,,,"Ciudad Autónoma de Buenos Aires","Buenos Aires",Argentina,639567106,"Tatiana Petroccelli",https://www.facebook.com/tanshanita,1
Sol,Brunt,sol.brunt@facebook.com,"23 de Mayo",https://www.facebook.com/sol.brunt,,"Buenos Aires","Buenos Aires","Buenos Aires",Argentina,1004433322,"Juan Pablo Aleman",0,1
Luciano,Brandone,luchito.brandone@facebook.com,"23 de Mayo",https://www.facebook.com/luchito.brandone,,,"Ciudad Autónoma de Buenos Aires","Buenos Aires",Argentina,1389127498,"Agustina Gorrini",https://www.facebook.com/agustina.gorrini,1
Jessica,Tecaziner,jessica.tecaziner.1@facebook.com,"23 de Mayo",https://www.facebook.com/jessica.tecaziner.1,23,,"Ciudad Autónoma de Buenos Aires","Buenos Aires",Argentina,100000975746541,"Martín Álvarez BA I",https://www.facebook.com/Woody.Blair,1
Carolina,"De Urquiza",carolina.deurquiza@facebook.com,"23 de Mayo",https://www.facebook.com/carolina.deurquiza,,,"Ciudad Autónoma de Buenos Aires","Buenos Aires",Argentina,1060442334,"Mabu Reinaud",https://www.facebook.com/mabu.reinaud,1
Lucas,Batalla,lucas.batalla.5@facebook.com,"23 de Mayo",https://www.facebook.com/lucas.batalla.5,,,"Ciudad Autónoma de Buenos Aires","Buenos Aires",Argentina,100002851314824,"Flor Vischi Cortés",https://www.facebook.com/flor.vischi,1
Palermo,Okkixar,okkixarbuenosaires@facebook.com,"23 de Mayo",https://www.facebook.com/okkixarbuenosaires,24,,"Ciudad Autónoma de Buenos Aires","Buenos Aires",Argentina,100001339115092,"Susan Romano",,1
Vali,Barbero,vali.barbero@facebook.com,"23 de Mayo",https://www.facebook.com/vali.barbero,,,"Ciudad Autónoma de Buenos Aires","Buenos Aires",Argentina,646649076,"Valentino Fabre",https://www.facebook.com/valenfabre,1
Claudina,Luperne,claudina.luperne@facebook.com,"23 de Mayo",https://www.facebook.com/claudina.luperne,,"Buenos Aires","Buenos Aires","Buenos Aires",Argentina,1009478896,"Juan Pablo Aleman",0,1
Carlitos,Arzamendia,carzamendia1@facebook.com,"23 de Mayo",https://www.facebook.com/carzamendia1,28,,"Ciudad Autónoma de Buenos Aires","Buenos Aires",Argentina,100002178455507,"Flor Gonzalez",,1
Luly,Maggi,luly.maggi.7@facebook.com,"23 de Mayo",https://www.facebook.com/luly.maggi.7,,,"Ciudad Autónoma de Buenos Aires","Buenos Aires",Argentina,1181224767,"Facu Denegri",,1
Camila,Marin,camiimarin@facebook.com,"24 de Mayo",https://www.facebook.com/camiimarin,23,,"Ciudad Autónoma de Buenos Aires","Buenos Aires",Argentina,1359507225,"Piltra Toller",https://www.facebook.com/piltra,1
Cristian,German,crisgerman@facebook.com,"24 de Mayo",https://www.facebook.com/crisgerman,,,"Ciudad Autónoma de Buenos Aires","Buenos Aires",Argentina,1393268297,"Jonathan Julian",,1
Santiago,Pastorino,spastorino1@facebook.com,"24 de Mayo",https://www.facebook.com/spastorino1,,,"Ciudad Autónoma de Buenos Aires","Buenos Aires",Argentina,783734824,"Ignacio Busquiazo",https://www.facebook.com/ignacio.busquiazo,1
"Todos Los",Perfumes,todoslos.perfumes@facebook.com,"24 de Mayo",https://www.facebook.com/todoslos.perfumes,28,,"Ciudad Autónoma de Buenos Aires","Buenos Aires",Argentina,100001631946440,"Ana Glinberg",https://www.facebook.com/ana.glinberg,1
Toto,Hayet,toto.hayet@facebook.com,"24 de Mayo",https://www.facebook.com/toto.hayet,,,"Ciudad Autónoma de Buenos Aires","Buenos Aires",Argentina,1054777813,"Emiliano Pirolo",https://www.facebook.com/emi.pirolo,1
Valentina,Lezana,valentina.lezana.5@facebook.com,"24 de Mayo",https://www.facebook.com/valentina.lezana.5,,,"Ciudad Autónoma de Buenos Aires","Buenos Aires",Argentina,1374019196,"Piltra Toller",https://www.facebook.com/piltra,1
"Nico Iacc",Villalba,niico.villalbaa@facebook.com,"24 de Mayo",https://www.facebook.com/niico.villalbaa,,"La Boca","Ciudad Autónoma de Buenos Aires","Buenos Aires",Argentina,1052254162,"Aniita Canta",https://www.facebook.com/Aniita.Canta,1
Ceci,Varani,cecilia.varani@facebook.com,"24 de Mayo",https://www.facebook.com/cecilia.varani,,,"Ciudad Autónoma de Buenos Aires","Buenos Aires",Argentina,1040335055,"Tomas Zocca",https://www.facebook.com/tomyzocca,1
"Paula Libros",Vorro,paula.vorro@facebook.com,"24 de Mayo",https://www.facebook.com/paula.vorro,26,,"Ciudad Autónoma de Buenos Aires","Buenos Aires",Argentina,100006282451290,"Roxana del Prado",,1
Francisco,Olech,franciscoolech@facebook.com,"24 de Mayo",https://www.facebook.com/FranciscoOlech,,,"Ciudad Autónoma de Buenos Aires","Buenos Aires",Argentina,100000097260329,"Gianfranco Ferrati",,1
Romina,Godoy,nenitaa19origin@facebook.com,"24 de Mayo",https://www.facebook.com/nenitaa19origin,26,,"Ciudad Autónoma de Buenos Aires","Buenos Aires",Argentina,100006112129278,"Julian Pagana",,1
Estudio,"Urbano II",estudio.urbanoii@facebook.com,"24 de Mayo",https://www.facebook.com/estudio.urbanoii,27,"Parque Chacabuco","Ciudad Autónoma de Buenos Aires","Buenos Aires",Argentina,100003068716568,"Noelia Sarquiz",https://www.facebook.com/noelia.sarquiz,1
Fedee,Barbella,fede.barbella@facebook.com,"24 de Mayo",https://www.facebook.com/fede.barbella,,,"Ciudad Autónoma de Buenos Aires","Buenos Aires",Argentina,1189480909,"Sofu Maddonni",https://www.facebook.com/ssofiia,1
Martin,Pochi,martin.pochi@facebook.com,"24 de Mayo",https://www.facebook.com/martin.pochi,,,"Ciudad Autónoma de Buenos Aires","Buenos Aires",Argentina,1300433322,"Pamela Garrote",https://www.facebook.com/pamela.garrote,1
Maximiliano,Palestini,maximiliano.palestini@facebook.com,"24 de Mayo",https://www.facebook.com/maximiliano.palestini,24,,"Ciudad Autónoma de Buenos Aires","Buenos Aires",Argentina,100001029218790,"Alejandra Diaz De Vivar",,1
Ariadna,Aldunate,ariadna.aldunate@facebook.com,"24 de Mayo",https://www.facebook.com/ariadna.aldunate,25,,"Ciudad Autónoma de Buenos Aires","Buenos Aires",Argentina,100001282545000,"Agus Carranza",,1
Cosas,Importadas,cosas.importadas.92@facebook.com,"24 de Mayo",https://www.facebook.com/cosas.importadas.92,25,,"Ciudad Autónoma de Buenos Aires","Buenos Aires",Argentina,100001379804081,"Agus Carranza",,1
Fotorun,Fotos,fotorun.fotos@facebook.com,"24 de Mayo",https://www.facebook.com/fotorun.fotos,28,,"Ciudad Autónoma de Buenos Aires","Buenos Aires",Argentina,100003338216381,"Mia Miry Ponce",,1
Tommy,Juncos,tommy.juncos@facebook.com,"24 de Mayo",https://www.facebook.com/tommy.juncos,,,"Ciudad Autónoma de Buenos Aires","Buenos Aires",Argentina,548182879,"Rocío Martínez",https://www.facebook.com/rochi.belen,1
Estudio,Urbano,estudiourbanogcba1@facebook.com,"24 de Mayo",https://www.facebook.com/estudiourbanogcba1,27,,"Ciudad Autónoma de Buenos Aires","Buenos Aires",Argentina,1332261097,"Lix Infinito",https://www.facebook.com/lix.infinito,1
"Maria Laura",Esparraguera,marialaura.esparraguera@facebook.com,"24 de Mayo",https://www.facebook.com/marialaura.esparraguera,21,,"Ciudad Autónoma de Buenos Aires","Buenos Aires",Argentina,100005018640743,"Miranda Toderi",https://www.facebook.com/miranda.toderi,1
"Danzas Alejandra",Bressi,danzasalejandra.bressi@facebook.com,"24 de Mayo",https://www.facebook.com/danzasalejandra.bressi,28,Liniers,"Ciudad Autónoma de Buenos Aires","Buenos Aires",Argentina,100002193418113,"Flor Scalise",https://www.facebook.com/flor.scalise,1
Cami,Bernardini,bernardini.cami@facebook.com,"24 de Mayo",https://www.facebook.com/Bernardini.Cami,,"La Paternal","Ciudad Autónoma de Buenos Aires","Distrito Federal",Argentina,1179048030,"Brian Cano",,1
Lautaro,Rodrigo,lauttaro.rodriigo@facebook.com,"24 de Mayo",https://www.facebook.com/lauttaro.rodriigo,,"Nueva Pompeya","Ciudad Autónoma de Buenos Aires","Distrito Federal",Argentina,1482151498,"Gabriela Competiello",,1
Belu,Cattania,belu.cattania@facebook.com,"24 de Mayo",https://www.facebook.com/belu.cattania,22,,"Ciudad Autónoma de Buenos Aires","Buenos Aires",Argentina,1051419066,"Nahu Millicay Pereyra",https://www.facebook.com/nahumilli,1
Lucas,Pepe,lucas.pepe@facebook.com,"24 de Mayo",https://www.facebook.com/lucas.pepe,22,,"Ciudad Autónoma de Buenos Aires","Buenos Aires",Argentina,1517490368,"Ale Arias Mandarine Park",,1
Feria,Voguee,feria.voguee@facebook.com,"24 de Mayo",https://www.facebook.com/feria.voguee,,,"Ciudad Autónoma de Buenos Aires","Buenos Aires",Argentina,100001168772545,"Aline Vilches",,1
Leila,Badaracco,leila.badaracco@facebook.com,"24 de Mayo",https://www.facebook.com/leila.badaracco,23,,"Ciudad Autónoma de Buenos Aires","Buenos Aires",Argentina,100002252424335,"Flor Scalise",https://www.facebook.com/flor.scalise,1
Lucila,Muñoz,lucila.munoz.12@facebook.com,"24 de Mayo",https://www.facebook.com/lucila.munoz.12,,,"Ciudad Autónoma de Buenos Aires","Buenos Aires",Argentina,1141585203,"Marti Nevares",https://www.facebook.com/martii.nevares,1
Fernando,Garay,fernando.garay.93@facebook.com,"24 de Mayo",https://www.facebook.com/fernando.garay.93,21,Núñez,"Ciudad Autónoma de Buenos Aires","Distrito Federal",Argentina,696181787,"Matías Panero",,1
Eze,"Belen Rrpp",eze.belenrrpp@facebook.com,"24 de Mayo",https://www.facebook.com/eze.belenrrpp,,,"Ciudad Autónoma de Buenos Aires","Buenos Aires",Argentina,100000837313279,"Jochuu Rodriguez Linck",https://www.facebook.com/jochuu.rodriguezlinck,1
Alexis,Bogado,alexis.bogado.98@facebook.com,"24 de Mayo",https://www.facebook.com/alexis.bogado.98,21,,"Ciudad Autónoma de Buenos Aires","Buenos Aires",Argentina,100001545874063,"Hector Falsone",https://www.facebook.com/hector.falsone,1
El,Negro,emilianorodrigo.erusalimsky@facebook.com,"24 de Mayo",https://www.facebook.com/emilianorodrigo.erusalimsky,26,,"Ciudad Autónoma de Buenos Aires","Buenos Aires",Argentina,100003043843792,"Nataly Cuerva",https://www.facebook.com/nataliagtrujillo,1
Nico,Reynolds,nico.reynolds.9@facebook.com,"24 de Mayo",https://www.facebook.com/nico.reynolds.9,,,"Ciudad Autónoma de Buenos Aires","Buenos Aires",Argentina,662417527,"Carlina Piedra",https://www.facebook.com/carlina.piedra,1
Emma,Costoya,emma.costoya@facebook.com,"24 de Mayo",https://www.facebook.com/emma.costoya,,,"Ciudad Autónoma de Buenos Aires","Buenos Aires",Argentina,100002164882289,"Ayelen Alumine Anahi",https://www.facebook.com/ashe.chabakana,1
Julian,Tab,julian.tab@facebook.com,"24 de Mayo",https://www.facebook.com/julian.tab,,,"Ciudad Autónoma de Buenos Aires","Buenos Aires",Argentina,100000117212534,"Carolina Ribeiro",,1
Gloriaa,Lee,gloriaa.lee.56@facebook.com,"24 de Mayo",https://www.facebook.com/gloriaa.lee.56,25,,"Ciudad Autónoma de Buenos Aires","Buenos Aires",Argentina,100004710902801,"Emilia Namkoong",https://www.facebook.com/emilia.namkoong,1
Sofia,"Alvear Lozada",sofia.alvearlozada@facebook.com,"24 de Mayo",https://www.facebook.com/sofia.alvearlozada,28,,"Ciudad Autónoma de Buenos Aires","Buenos Aires",Argentina,1402506791,"Belen Uicich",https://www.facebook.com/belen.uicich,1
"Cuatro Capochas",Eventos,cuatrocapochas.eventos@facebook.com,"24 de Mayo",https://www.facebook.com/cuatrocapochas.eventos,26,,"Ciudad Autónoma de Buenos Aires","Buenos Aires",Argentina,100002591169971,"Alexia Garcia",https://www.facebook.com/garciaalexiia,1
Tatana,Ruiz,tatana.ruiz.1@facebook.com,"24 de Mayo",https://www.facebook.com/tatana.ruiz.1,,,"Ciudad Autónoma de Buenos Aires","Buenos Aires",Argentina,100000214312418,"Jose Guevara",https://www.facebook.com/JoeGuevara81,1
Matias,Campagna,campagnamatias@facebook.com,"24 de Mayo",https://www.facebook.com/campagnamatias,26,,"Ciudad Autónoma de Buenos Aires","Buenos Aires",Argentina,100002130819716,"Estefi Hilarza",https://www.facebook.com/estefi.hilarza,1
Jime,Barón,jime.baron.718@facebook.com,"24 de Mayo",https://www.facebook.com/jime.baron.718,27,,"Ciudad Autónoma de Buenos Aires","Buenos Aires",Argentina,100002508141106,"Flor Scalise",https://www.facebook.com/flor.scalise,1
Grupo,Bantú,marycarmenmaure@facebook.com,"25 de Mayo",https://www.facebook.com/marycarmenmaure,,,"Ciudad Autónoma de Buenos Aires","Buenos Aires",Argentina,1720807312,"Noelia Sarquiz",https://www.facebook.com/noelia.sarquiz,1
"Juan Carlos",Velazquez,juancarlos.velazquez.336@facebook.com,"25 de Mayo",https://www.facebook.com/juancarlos.velazquez.336,,,"Ciudad Autónoma de Buenos Aires","Buenos Aires",Argentina,100003499795045,"Juan Manuel Fotografo",https://www.facebook.com/JuanmaJMFotoEstudio,1
Mahira,Cocich,mayru.cocich@facebook.com,"25 de Mayo",https://www.facebook.com/mayru.cocich,29,,"Ciudad Autónoma de Buenos Aires","Buenos Aires",Argentina,100002016072441,"Gabi López",,1
Adriana,Scarnati,adriana.scarnati@facebook.com,"25 de Mayo",https://www.facebook.com/adriana.scarnati,,,"Ciudad Autónoma de Buenos Aires","Buenos Aires",Argentina,1519880836,"Luciana Grisolia",https://www.facebook.com/lulagri,1
Gerard,Kim,kimgerard84@facebook.com,"25 de Mayo",https://www.facebook.com/kimgerard84,30,"Buenos Aires","Buenos Aires","Buenos Aires",Argentina,1366419240,"Alan Yun",0,1
Monica,Lumila,monicalumila@facebook.com,"25 de Mayo",https://www.facebook.com/monicalumila,,,"Ciudad Autónoma de Buenos Aires","Buenos Aires",Argentina,1397702287,"Paz Maldonado",,1
Gabriel,Salvagni,gabriel.salvagni@facebook.com,"25 de Mayo",https://www.facebook.com/gabriel.salvagni,,,"Ciudad Autónoma de Buenos Aires","Buenos Aires",Argentina,565237085,"Andrés Bonavera Rendo",https://www.facebook.com/andybonavera,1
Monii,Boka,monii.boka@facebook.com,"25 de Mayo",https://www.facebook.com/monii.boka,29,,"Ciudad Autónoma de Buenos Aires","Buenos Aires",Argentina,100001527827642,"Walter Gonzalez",,1
Gera,Sassaroli,sassa.elchino@facebook.com,"25 de Mayo",https://www.facebook.com/sassa.elchino,29,,"Ciudad Autónoma de Buenos Aires","Buenos Aires",Argentina,751223764,"Valeria Ayala",,1
Cata,Ronnow,cata.ronnow@facebook.com,"25 de Mayo",https://www.facebook.com/cata.ronnow,,,"Ciudad Autónoma de Buenos Aires","Buenos Aires",Argentina,100002141991467,"Alfonso Bron",https://www.facebook.com/bronalfonso,1
Maxi,Aguilar,maximilianoaguilarjoaquin@facebook.com,"25 de Mayo",https://www.facebook.com/maximilianoaguilarjoaquin,23,,"Ciudad Autónoma de Buenos Aires","Buenos Aires",Argentina,100000257488860,"Agustina Pelle Müller",,1
Jhonny,Li,jhonny.lisbel.7@facebook.com,"25 de Mayo",https://www.facebook.com/jhonny.lisbel.7,23,,"Ciudad Autónoma de Buenos Aires","Buenos Aires",Argentina,100007003381855,"Tatiana Petroccelli",https://www.facebook.com/tanshanita,1
Hugo,Schcolnik,schcolnik.hugo@facebook.com,"25 de Mayo",https://www.facebook.com/schcolnik.hugo,,,"Ciudad Autónoma de Buenos Aires","Buenos Aires",Argentina,100000709016771,"Melo Dellarole",https://www.facebook.com/melodellarole,1
Pablo,Schiaffino,pablo.schiaffino@facebook.com,"25 de Mayo",https://www.facebook.com/pablo.schiaffino,25,,"Ciudad Autónoma de Buenos Aires","Buenos Aires",Argentina,1151148465,"Carla Ferro",https://www.facebook.com/carla.ferro,1
Marlene,"San Martin",marlene262013@facebook.com,"25 de Mayo",https://www.facebook.com/marlene262013,,,"Ciudad Autónoma de Buenos Aires","Buenos Aires",Argentina,1066446759,"Pablo Gilmartin",https://www.facebook.com/pablo.gilmartin,1
"Gloria Lane",Reales,glorialane.reales@facebook.com,"25 de Mayo",https://www.facebook.com/glorialane.reales,27,,"Ciudad Autónoma de Buenos Aires","Buenos Aires",Argentina,100000055826268,"Florencia Pulicari",https://www.facebook.com/florencia.pulicari,1
River,"Luego Existo",cariverplate2011@facebook.com,"25 de Mayo",https://www.facebook.com/cariverplate2011,,,"Ciudad Autónoma de Buenos Aires","Buenos Aires",Argentina,100002601694285,"Julian Yankeliovich Barassi",,1
Emanuel,Charpentier,emagutierrez@facebook.com,"25 de Mayo",https://www.facebook.com/emagutierrez,,,"Ciudad Autónoma de Buenos Aires","Buenos Aires",Argentina,1354572094,"Nadia Vannessa",https://www.facebook.com/nadiavannessa18,1
"River Plate","Pasion Pura",riverplate.pasionpura.7@facebook.com,"25 de Mayo",https://www.facebook.com/riverplate.pasionpura.7,,,"Ciudad Autónoma de Buenos Aires","Buenos Aires",Argentina,100000375526641,"Jero Salsamendi",https://www.facebook.com/jero.salsamendi,1
Elclub,Socios,riverpolitico@facebook.com,"25 de Mayo",https://www.facebook.com/RiverPolitico,,Núñez,"Ciudad Autónoma de Buenos Aires","Buenos Aires",Argentina,100000380025424,"Jero Salsamendi",https://www.facebook.com/jero.salsamendi,1
Tomas,Fegan,tomifegan@facebook.com,"25 de Mayo",https://www.facebook.com/tomifegan,,,"Ciudad Autónoma de Buenos Aires","Buenos Aires",Argentina,1300073405,"Juan Cruz Albornoz",,1
Sol,Fandiño,sol.fandino@facebook.com,"25 de Mayo",https://www.facebook.com/sol.fandino,,,"Ciudad Autónoma de Buenos Aires","Buenos Aires",Argentina,100000646369931,"Jero Salsamendi",https://www.facebook.com/jero.salsamendi,1
Antonela,Obando,anto.obando@facebook.com,"25 de Mayo",https://www.facebook.com/Anto.obando,,,"Ciudad Autónoma de Buenos Aires","Buenos Aires",Argentina,1632981316,"Martín Álvarez BA I",https://www.facebook.com/Woody.Blair,1
Ca,Rp,ca.rp.167@facebook.com,"25 de Mayo",https://www.facebook.com/ca.rp.167,,,"Ciudad Autónoma de Buenos Aires","Buenos Aires",Argentina,100001981706050,"Julian Yankeliovich Barassi",,1
"Octi Maria",SB,octavia.saenzburuaga@facebook.com,"25 de Mayo",https://www.facebook.com/octavia.saenzburuaga,,,"Ciudad Autónoma de Buenos Aires","Buenos Aires",Argentina,100001677654850,"Marcela Hinckelmann",https://www.facebook.com/marcela.hinckelmann,1
Brian,Esposito,brian.esposito3@facebook.com,"25 de Mayo",https://www.facebook.com/brian.esposito3,24,Barracas,"Ciudad Autónoma de Buenos Aires","Buenos Aires",Argentina,1345209217,"Christian Douer Chuky",https://www.facebook.com/christian.chuky,1
Tita,Lopez,tita.lopez.1654@facebook.com,"25 de Mayo",https://www.facebook.com/tita.lopez.1654,,,"Ciudad Autónoma de Buenos Aires","Buenos Aires",Argentina,100001425461977,"Laly Sereda",https://www.facebook.com/lalisereda,1
Macarena,Melo,macarena.melo@facebook.com,"25 de Mayo",https://www.facebook.com/macarena.melo,,"La Boca","Ciudad Autónoma de Buenos Aires","Buenos Aires",Argentina,1278199040,"Nahu Millicay Pereyra",https://www.facebook.com/nahumilli,1
Marienbad,Cine,revistamarienbad@facebook.com,"25 de Mayo",https://www.facebook.com/revistamarienbad,,,"Ciudad Autónoma de Buenos Aires","Buenos Aires",Argentina,100000721986493,"Barby Lanata",https://www.facebook.com/barby.lanata,1
Gabriel,Sayos,andrea.solis.1428@facebook.com,"25 de Mayo",https://www.facebook.com/andrea.solis.1428,,,"Ciudad Autónoma de Buenos Aires","Buenos Aires",Argentina,100002381627952,"Silvia Fernandez",https://www.facebook.com/silviafernandezchivi,1
River,Plate,river.plate.969300@facebook.com,"25 de Mayo",https://www.facebook.com/river.plate.969300,,Núñez,"Ciudad Autónoma de Buenos Aires","Distrito Federal",Argentina,100003033448046,"Julian Yankeliovich Barassi",,1
River,Plate,river.plate.1297@facebook.com,"25 de Mayo",https://www.facebook.com/river.plate.1297,,Núñez,"Ciudad Autónoma de Buenos Aires","Distrito Federal",Argentina,100003041778330,"Julian Yankeliovich Barassi",,1
Max,Cejas,max.cejas@facebook.com,"25 de Mayo",https://www.facebook.com/max.cejas,28,,"Ciudad Autónoma de Buenos Aires","Buenos Aires",Argentina,100003656678899,"Fede Martino",,1
"Abrí Los Ojos",Talleres,abrilosojosfoto@facebook.com,"25 de Mayo",https://www.facebook.com/abrilosojosfoto,,,"Ciudad Autónoma de Buenos Aires","Buenos Aires",Argentina,100001920432239,"Jessica Bellomo",https://www.facebook.com/JessBellomo,1
Leonardo,Montiel,leo.cabj.568@facebook.com,"25 de Mayo",https://www.facebook.com/leo.cabj.568,,,"Ciudad Autónoma de Buenos Aires","Buenos Aires",Argentina,1088993046,"Agustina Pelle Müller",,1
Dulce,Simona,dulce.simona.908@facebook.com,"25 de Mayo",https://www.facebook.com/dulce.simona.908,29,,"Ciudad Autónoma de Buenos Aires","Buenos Aires",Argentina,100006045043023,"Emme Elle Russo",https://www.facebook.com/emme.shantiom,1
Macarena,Silva,macarena.silva.771@facebook.com,"25 de Mayo",https://www.facebook.com/macarena.silva.771,,,"Ciudad Autónoma de Buenos Aires","Buenos Aires",Argentina,100000990026494,"Julio Roberto Cuevas",https://www.facebook.com/julioroberto.cuevas,1
"Gus Leonel",Lopez,gustavo.lopez.33865854@facebook.com,"26 de Mayo",https://www.facebook.com/gustavo.lopez.33865854,27,,"Ciudad Autónoma de Buenos Aires","Buenos Aires",Argentina,100002876035627,"Mika Escobar",https://www.facebook.com/mika.escobar1,1
Antonella,Cortez,tone.cortez@facebook.com,"26 de Mayo",https://www.facebook.com/tone.cortez,21,,"Ciudad Autónoma de Buenos Aires","Buenos Aires",Argentina,100001273402286,"Nicolás García",https://www.facebook.com/Niccccccccco,1
Seth,Cohen,seth.love.much@facebook.com,"26 de Mayo",https://www.facebook.com/seth.love.much,,,"Ciudad Autónoma de Buenos Aires","Buenos Aires",Argentina,100001786318599,"Gabriel Gutierrez",,1
"Las Plagas","Parque Vida",lasplagas.parquevida@facebook.com,"26 de Mayo",https://www.facebook.com/lasplagas.parquevida,,,"Ciudad Autónoma de Buenos Aires","Buenos Aires",Argentina,100000150203343,"Natalia Tarelli",,1
Julian,"Pena Mendez",juliangogeta@facebook.com,"26 de Mayo",https://www.facebook.com/juliangogeta,,,"Ciudad Autónoma de Buenos Aires","Buenos Aires",Argentina,1605181555,"Vicky Diaz",,1
Brian,Escobar,brian.escobar.319@facebook.com,"26 de Mayo",https://www.facebook.com/brian.escobar.319,21,,"Ciudad Autónoma de Buenos Aires","Buenos Aires",Argentina,100001528623442,"Agustina Pelle Müller",,1
Larita,Olivera,larittah.olivera@facebook.com,"26 de Mayo",https://www.facebook.com/larittah.olivera,,,"Ciudad Autónoma de Buenos Aires","Buenos Aires",Argentina,100000608011230,"Atilio Fernandez",,1
Laden,Delapelufa,laden.delapelufa@facebook.com,"26 de Mayo",https://www.facebook.com/laden.delapelufa,,Recoleta,"Ciudad Autónoma de Buenos Aires","Buenos Aires",Argentina,1663992081,"Franco Marcoccia",https://www.facebook.com/franco.marcoccia,1
Dani,Espindola,dani.espindola.37@facebook.com,"26 de Mayo",https://www.facebook.com/dani.espindola.37,,,"Ciudad Autónoma de Buenos Aires","Buenos Aires",Argentina,100000323404723,"Brian Cano",,1
Lau,Sosa,lau.sosa.18@facebook.com,"26 de Mayo",https://www.facebook.com/lau.sosa.18,28,,"Ciudad Autónoma de Buenos Aires","Buenos Aires",Argentina,1829290407,"Agos D'Urbano",https://www.facebook.com/agostinnad,1
Gere,Nuñez,gere.grillo@facebook.com,"26 de Mayo",https://www.facebook.com/gere.grillo,,,"Ciudad Autónoma de Buenos Aires","Buenos Aires",Argentina,100002075641285,"Andrea Giarrocco",https://www.facebook.com/andrea.giarrocco,1
Fernanda,Humpalumpa,suenioteamo@facebook.com,"26 de Mayo",https://www.facebook.com/suenioteamo,24,Coghlan,"Ciudad Autónoma de Buenos Aires","Buenos Aires",Argentina,635414897,"Noelia Sarquiz",https://www.facebook.com/noelia.sarquiz,1
Mika,Sanabria,mika.sanabria.5@facebook.com,"26 de Mayo",https://www.facebook.com/mika.sanabria.5,,,"Ciudad Autónoma de Buenos Aires","Buenos Aires",Argentina,100001028508268,"Juanma Ramirez",,1
Julieta,Mayo,natalia.ortiz.142687@facebook.com,"26 de Mayo",https://www.facebook.com/natalia.ortiz.142687,29,,"Ciudad Autónoma de Buenos Aires","Buenos Aires",Argentina,100001402278448,"Gaby Pascuali",https://www.facebook.com/gabriela.pascuali,1
Nahuel,Melul,nahuelmelul@facebook.com,"26 de Mayo",https://www.facebook.com/nahuelmelul,21,,"Ciudad Autónoma de Buenos Aires","Buenos Aires",Argentina,100002910175673,"Yanel Block",https://www.facebook.com/yanel.bllock,1
"Jean François",Casanovas,jeanfrancois.casanovas.9@facebook.com,"26 de Mayo",https://www.facebook.com/jeanfrancois.casanovas.9,,,"Ciudad Autónoma de Buenos Aires","Buenos Aires",Argentina,100001355539599,"Natalia Magali Guglielmo",https://www.facebook.com/nataliamagali.guglielmo,1
Viku,Albornoz,viku.ash.albornoz@facebook.com,"26 de Mayo",https://www.facebook.com/viku.ash.albornoz,,"Buenos Aires","Buenos Aires","Buenos Aires",Argentina,100005598421620,"Luciana Paione Oleszuk",0,1
Emisarios,"Del Rock'nroll",emisariosdelrockandroll@facebook.com,"26 de Mayo",https://www.facebook.com/emisariosdelrockandroll,,,"Ciudad Autónoma de Buenos Aires","Buenos Aires",Argentina,100001705915162,"Pablo Bravo",,1
Tamara,"Herran Rosenvasser",tamara.herran@facebook.com,"26 de Mayo",https://www.facebook.com/tamara.herran,,Array,"Ciudad Autónoma de Buenos Aires","Buenos Aires",Argentina,1458371833,"Cecilia Crotti",0,1
Sebastián,Gonzalez,sebastian1577@facebook.com,"26 de Mayo",https://www.facebook.com/sebastian1577,,Array,"Ciudad Autónoma de Buenos Aires","Buenos Aires",Argentina,1128863398,"Rebe Gonzalez",0,1
Clari,Loguzzo,clari.loguzzo@facebook.com,"26 de Mayo",https://www.facebook.com/clari.loguzzo,,,"Ciudad Autónoma de Buenos Aires","Buenos Aires",Argentina,100000736514604,"Felicitas Ghigliotti",https://www.facebook.com/felicitas.ghigliotti,1
Nicontigo,Nisinti,nicontigo.nisinti.7@facebook.com,"26 de Mayo",https://www.facebook.com/nicontigo.nisinti.7,,,"Ciudad Autónoma de Buenos Aires","Buenos Aires",Argentina,100000970955751,"Divino Vestuario Salve",https://www.facebook.com/salvedivinovestuario,1
"Las Lilas",Accesorios,laslilas.accesorios.7@facebook.com,"26 de Mayo",https://www.facebook.com/laslilas.accesorios.7,25,,"Ciudad Autónoma de Buenos Aires","Buenos Aires",Argentina,100001267453955,"Yani Nefes",https://www.facebook.com/yani.nefes,1
Leo,Campi,leocampi1@facebook.com,"26 de Mayo",https://www.facebook.com/leocampi1,22,,"Ciudad Autónoma de Buenos Aires","Buenos Aires",Argentina,100001035034770,"Alejandra Lopez",,1
Clara,Echegoyen,clarechegoyen@facebook.com,"26 de Mayo",https://www.facebook.com/ClarEchegoyen,27,,"Ciudad Autónoma de Buenos Aires","Buenos Aires",Argentina,100002282754623,"La Rockeria",https://www.facebook.com/oveja1,1
"El Busca",Profe,elbusca.profe@facebook.com,"26 de Mayo",https://www.facebook.com/elbusca.profe,,,"Ciudad Autónoma de Buenos Aires","Buenos Aires",Argentina,100001115559277,"Maria Paula Toyos",,1
Vlf,"Estudio Fotografico",vlf.estudio@facebook.com,"26 de Mayo",https://www.facebook.com/VLF.ESTUDIO,25,,"Ciudad Autónoma de Buenos Aires","Buenos Aires",Argentina,100003628927788,"Sofi Donantueno",https://www.facebook.com/sofi.donantueno,1
Peque,Meza,pequedelucchi@facebook.com,"26 de Mayo",https://www.facebook.com/pequedelucchi,,,"Ciudad Autónoma de Buenos Aires","Buenos Aires",Argentina,100005028428045,"Brenda Araceli Gonzalez",https://www.facebook.com/brendaaraceli.gonzalez,1
Fabian,Marcom,fabian.marcom@facebook.com,"26 de Mayo",https://www.facebook.com/fabian.marcom,29,,"Ciudad Autónoma de Buenos Aires","Buenos Aires",Argentina,100007918231755,"Anita Ghersinich",https://www.facebook.com/anita.ghersinich,1
Lucila,Peña,lucyliulucila@facebook.com,"26 de Mayo",https://www.facebook.com/lucyliulucila,,,"Ciudad Autónoma de Buenos Aires","Buenos Aires",Argentina,100005480051619,"Sindy Elisa Szczucky",https://www.facebook.com/sindy.szczucky,1
Diego,"Paz Molina",jaquesgogo@facebook.com,"26 de Mayo",https://www.facebook.com/JaquesGogo,,,"Ciudad Autónoma de Buenos Aires","Buenos Aires",Argentina,1095894916,"Aldana Giudice",https://www.facebook.com/Soy.Pinky,1
Analia,Martinez,analia.martinez.777701@facebook.com,"26 de Mayo",https://www.facebook.com/analia.martinez.777701,26,,"Ciudad Autónoma de Buenos Aires","Buenos Aires",Argentina,100006072043180,"Ale Arias Mandarine Park",,1
Jessitaa,Lee,jeessiitaa@facebook.com,"26 de Mayo",https://www.facebook.com/Jeessiitaa,21,,"Ciudad Autónoma de Buenos Aires","Buenos Aires",Argentina,100001594532222,"Martín Álvarez BA I",https://www.facebook.com/Woody.Blair,1
Luca,"Moyano Cjs",lucas.wachen@facebook.com,"26 de Mayo",https://www.facebook.com/lucas.wachen,21,,"Ciudad Autónoma de Buenos Aires","Buenos Aires",Argentina,100000532130775,"Emilce Castro",,1
Andres,Alcon,andresalcon99@facebook.com,"26 de Mayo",https://www.facebook.com/andresalcon99,,,"Ciudad Autónoma de Buenos Aires","Buenos Aires",Argentina,1110534252,"Sofía Barreira",https://www.facebook.com/sofia.barreiram,1
"Beba La Birra",Delivery,bebalabirra.delivery@facebook.com,"27 de Mayo",https://www.facebook.com/bebalabirra.delivery,24,,"Ciudad Autónoma de Buenos Aires","Buenos Aires",Argentina,100001132642357,"Tatiana Petroccelli",https://www.facebook.com/tanshanita,1
Uriel,Ferrari,uriel.minniti@facebook.com,"27 de Mayo",https://www.facebook.com/uriel.minniti,,,"Ciudad Autónoma de Buenos Aires","Buenos Aires",Argentina,100002578147610,"Giiu Minniti",https://www.facebook.com/giiu.minniti,1
Gi,Gisele,holisss@facebook.com,"27 de Mayo",https://www.facebook.com/holisss,27,,"Ciudad Autónoma de Buenos Aires","Buenos Aires",Argentina,1272685745,"Demián Gabriel",,1
Cata,Aliza,cata.aliza@facebook.com,"27 de Mayo",https://www.facebook.com/cata.aliza,27,,"Ciudad Autónoma de Buenos Aires","Buenos Aires",Argentina,100000865964909,"Daiana Soledad Pintos",https://www.facebook.com/Sheena.is,1
Sergio,Santacruz,sergioluis.santacruz@facebook.com,"27 de Mayo",https://www.facebook.com/sergioluis.santacruz,,,"Ciudad Autónoma de Buenos Aires","Buenos Aires",Argentina,100001813981723,"Lo Lola",,1
Ivi,Belen,ivannabelen.garcia@facebook.com,"27 de Mayo",https://www.facebook.com/ivannabelen.garcia,29,,"Ciudad Autónoma de Buenos Aires","Buenos Aires",Argentina,1209380132,"Maria DEL Mar",,1
Lucha,Laino,lucha.laino@facebook.com,"27 de Mayo",https://www.facebook.com/lucha.laino,,,"Ciudad Autónoma de Buenos Aires","Buenos Aires",Argentina,600317955,"SanTiago Peralta",https://www.facebook.com/peralta.santiago,1
Bauti,Lattes,bauutii.lattes@facebook.com,"27 de Mayo",https://www.facebook.com/bauutii.lattes,,,"Ciudad Autónoma de Buenos Aires","Buenos Aires",Argentina,100000195158225,"Juan Cruz Albornoz",,1
Ari,Garay,arii.ford@facebook.com,"27 de Mayo",https://www.facebook.com/arii.ford,,"Parque Chacabuco","Ciudad Autónoma de Buenos Aires","Distrito Federal",Argentina,1264898377,"Ivan Lisz",,1
Santiago,Volpini,santiago.volpini@facebook.com,"27 de Mayo",https://www.facebook.com/santiago.volpini,,Flores,"Ciudad Autónoma de Buenos Aires","Buenos Aires",Argentina,1425803002,"Tatiana Petroccelli",https://www.facebook.com/tanshanita,1
Nancy,Bessnalian,nancy.bessnalian@facebook.com,"27 de Mayo",https://www.facebook.com/nancy.bessnalian,,,"Ciudad Autónoma de Buenos Aires","Buenos Aires",Argentina,100000760354998,"Marcela Miracolo",https://www.facebook.com/marcela.miracolo,1
Owin,Moon,losturros.minniti@facebook.com,"27 de Mayo",https://www.facebook.com/losturros.minniti,28,,"Ciudad Autónoma de Buenos Aires","Buenos Aires",Argentina,100006956915985,"Giiu Minniti",https://www.facebook.com/giiu.minniti,1
Caamii,Ørtega,tiburoncinn@facebook.com,"27 de Mayo",https://www.facebook.com/Tiburoncinn,,,"Ciudad Autónoma de Buenos Aires","Buenos Aires",Argentina,100001019527240,"Atilio Fernandez",,1
Postres,Caseros,caseros.180@facebook.com,"27 de Mayo",https://www.facebook.com/caseros.180,25,,"Ciudad Autónoma de Buenos Aires","Buenos Aires",Argentina,1373307029,"Julieta Abreu Frank",https://www.facebook.com/julieta.abreufrank,1
Maria,Olivares,maria.j.olivaresjara@facebook.com,"27 de Mayo",https://www.facebook.com/maria.j.olivaresjara,,,"Ciudad Autónoma de Buenos Aires","Buenos Aires",Argentina,100000976414895,"Luciana Poeltra",https://www.facebook.com/luciana.poeltra,1
"Micaela Angie",Bravo,micaelaangie.bravo@facebook.com,"27 de Mayo",https://www.facebook.com/micaelaangie.bravo,,,"Ciudad Autónoma de Buenos Aires","Buenos Aires",Argentina,100003192940001,"Nahu Millicay Pereyra",https://www.facebook.com/nahumilli,1
Leo,Nel,leo.nel.904@facebook.com,"27 de Mayo",https://www.facebook.com/leo.nel.904,22,,"Ciudad Autónoma de Buenos Aires","Buenos Aires",Argentina,100002392583838,"Agustina Pelle Müller",,1
David,Yorio,david.yorio.7@facebook.com,"27 de Mayo",https://www.facebook.com/david.yorio.7,,,"Ciudad Autónoma de Buenos Aires","Buenos Aires",Argentina,1467593207,"Carli Pellizzaro",https://www.facebook.com/Carlii,1
Esteban,Moreyra,esteban.moreyra.3@facebook.com,"27 de Mayo",https://www.facebook.com/esteban.moreyra.3,23,,"Ciudad Autónoma de Buenos Aires","Buenos Aires",Argentina,100000576480007,"Giiu Minniti",https://www.facebook.com/giiu.minniti,1
Carlita,Pietra,carlita.pietra@facebook.com,"27 de Mayo",https://www.facebook.com/carlita.pietra,29,,"Ciudad Autónoma de Buenos Aires","Buenos Aires",Argentina,100002097256077,"Maria DEL Mar",,1
"Johanna Patricia",Bazán,johannapatricia.bazan1@facebook.com,"27 de Mayo",https://www.facebook.com/johannapatricia.bazan1,28,,"Ciudad Autónoma de Buenos Aires","Buenos Aires",Argentina,100000159681671,"Martín Álvarez BA I",https://www.facebook.com/Woody.Blair,1
Nicolas,Rey,nicolas.rey.1420354@facebook.com,"27 de Mayo",https://www.facebook.com/nicolas.rey.1420354,22,"Parque Chas","Ciudad Autónoma de Buenos Aires","Buenos Aires",Argentina,1169408978,"Melo Dellarole",https://www.facebook.com/melodellarole,1
"Ili la Loca",Perez,ililalokita@facebook.com,"27 de Mayo",https://www.facebook.com/Ililalokita,21,,"Ciudad Autónoma de Buenos Aires","Buenos Aires",Argentina,100002383428660,"Pedro Lopezyfernandez",https://www.facebook.com/pedronahuel,1
Sergio,"Perez Rojas",sergio.perez.33449@facebook.com,"27 de Mayo",https://www.facebook.com/sergio.perez.33449,,,"Ciudad Autónoma de Buenos Aires","Buenos Aires",Argentina,1072461108,"Srita Bauer",https://www.facebook.com/marina.vas,1
Iani,Cekauskas,iani.cekauskas@facebook.com,"27 de Mayo",https://www.facebook.com/iani.cekauskas,,,"Ciudad Autónoma de Buenos Aires","Buenos Aires",Argentina,100000619903237,"Micaela Parisi",https://www.facebook.com/parisimica,1
Ruth,Gasañol,ruth.gasanol@facebook.com,"27 de Mayo",https://www.facebook.com/ruth.gasanol,22,,"Ciudad Autónoma de Buenos Aires","Buenos Aires",Argentina,100001028626937,"Ianina Daniela Castillo",https://www.facebook.com/ianina.castillo,1
Fabito,Fernandez,fabi.to.731@facebook.com,"27 de Mayo",https://www.facebook.com/fabi.to.731,22,,"Ciudad Autónoma de Buenos Aires","Buenos Aires",Argentina,100003713006446,"Sofu Maddonni",https://www.facebook.com/ssofiia,1
Santiago,"Montes de Oca",santiago.montesdeoca1@facebook.com,"27 de Mayo",https://www.facebook.com/santiago.montesdeoca1,,,"Ciudad Autónoma de Buenos Aires","Buenos Aires",Argentina,1268083827,"Alan Volper",https://www.facebook.com/alan.volper,1
Tu,Flopy,tu.flopy.5@facebook.com,"27 de Mayo",https://www.facebook.com/tu.flopy.5,21,,"Ciudad Autónoma de Buenos Aires","Buenos Aires",Argentina,100001907926873,"Rodrii Martinez",,1
Maria,"Barenghi Perez",mrperez3@facebook.com,"27 de Mayo",https://www.facebook.com/mrperez3,24,,"Ciudad Autónoma de Buenos Aires","Buenos Aires",Argentina,1347128842,"Christian Douer Chuky",https://www.facebook.com/christian.chuky,1
Agustina,Prati,agustinaaprati@facebook.com,"27 de Mayo",https://www.facebook.com/agustinaaprati,,,"Ciudad Autónoma de Buenos Aires","Buenos Aires",Argentina,1053534158,"Juan Cruz Albornoz",,1
Silvia,Porcile,sporcile@facebook.com,"27 de Mayo",https://www.facebook.com/sporcile,,,"Ciudad Autónoma de Buenos Aires","Buenos Aires",Argentina,1382860206,"Cali Corsi",https://www.facebook.com/cali.corsi,1
Micaela,Saieg,micasaieg@facebook.com,"27 de Mayo",https://www.facebook.com/micasaieg,21,,"Ciudad Autónoma de Buenos Aires","Buenos Aires",Argentina,100000077235121,"Juani Luciani",https://www.facebook.com/ayjuancito83,1
Maira,Agustína,maira.agustina@facebook.com,"27 de Mayo",https://www.facebook.com/maira.agustina,23,,"Ciudad Autónoma de Buenos Aires","Buenos Aires",Argentina,100003616681599,"Gabi López",,1
Camila,Cruz,camila.cruz.9066@facebook.com,"27 de Mayo",https://www.facebook.com/camila.cruz.9066,28,,"Ciudad Autónoma de Buenos Aires","Buenos Aires",Argentina,682272427,"Cami Papiccio",https://www.facebook.com/cami.papiccio,1
Lucia,Fernandez,limonada.indumentaria@facebook.com,"27 de Mayo",https://www.facebook.com/limonada.indumentaria,27,,"Ciudad Autónoma de Buenos Aires","Buenos Aires",Argentina,100002017079087,"Flor Gonzalez",,1
Responder,Encuestas,responder.encuestas@facebook.com,"27 de Mayo",https://www.facebook.com/responder.encuestas,,,"Ciudad Autónoma de Buenos Aires","Buenos Aires",Argentina,100003595524431,"Fede Martino",,1
Martin,Zonca,zoncami@facebook.com,"28 de Mayo",https://www.facebook.com/zoncami,,,"Ciudad Autónoma de Buenos Aires","Buenos Aires",Argentina,534396249,"Aline Vilches",,1
Yony,Ocampo,yhonathan.ocampos@facebook.com,"28 de Mayo",https://www.facebook.com/yhonathan.ocampos,22,,"Ciudad Autónoma de Buenos Aires","Buenos Aires",Argentina,1086168796,"Maria Quevedo",https://www.facebook.com/mery.quevedo3,1
Fede,Gustich,fgustich@facebook.com,"28 de Mayo",https://www.facebook.com/fgustich,,,"Ciudad Autónoma de Buenos Aires","Buenos Aires",Argentina,1301821016,"Santiago Gutierrez",,1
Dashur,Gym,dashur.gym@facebook.com,"28 de Mayo",https://www.facebook.com/dashur.gym,,,"Ciudad Autónoma de Buenos Aires","Buenos Aires",Argentina,100001318315072,"Vanesa Myrna Ojeda",,1
Nicolas,Sanemeterio,nicolas.sanemeterio@facebook.com,"28 de Mayo",https://www.facebook.com/nicolas.sanemeterio,23,,"Ciudad Autónoma de Buenos Aires","Buenos Aires",Argentina,1839762770,"David Zalasar",https://www.facebook.com/Davidcocktails,1
Cecilia,Fantin,vibra.poositiva@facebook.com,"28 de Mayo",https://www.facebook.com/vibra.poositiva,,,"Ciudad Autónoma de Buenos Aires","Buenos Aires",Argentina,100001763300316,"Martín Álvarez BA I",https://www.facebook.com/Woody.Blair,1
Diego,"Di Giacomo",diego.digiacomo.9@facebook.com,"28 de Mayo",https://www.facebook.com/diego.digiacomo.9,,,"Ciudad Autónoma de Buenos Aires","Buenos Aires",Argentina,100000552259302,"Gabriela Competiello",,1
"Banca Pueblo","Programa Radial",banca.pueblo@facebook.com,"28 de Mayo",https://www.facebook.com/banca.pueblo,,,"Ciudad Autónoma de Buenos Aires","Buenos Aires",Argentina,100002495430221,"Elias Saul",https://www.facebook.com/elias.saul,1
Catyy,Godoy,catygodoy50@facebook.com,"28 de Mayo",https://www.facebook.com/Catygodoy50,23,,"Ciudad Autónoma de Buenos Aires","Buenos Aires",Argentina,100004504623156,"Álvarez Pablo",,1
Esmeralda,"Mendez Casariego",emendezcasariego@facebook.com,"28 de Mayo",https://www.facebook.com/emendezcasariego,,,"Ciudad Autónoma de Buenos Aires","Buenos Aires",Argentina,1806162016,"Anto Trezza",https://www.facebook.com/anto.trezza,1
Feedeerico,Ezeequieel,feedeerico.ezeequieel@facebook.com,"28 de Mayo",https://www.facebook.com/feedeerico.ezeequieel,,,"Ciudad Autónoma de Buenos Aires","Buenos Aires",Argentina,1158898327,"Tomás Eis",,1
Facu,Roller,facu.roller@facebook.com,"28 de Mayo",https://www.facebook.com/facu.roller,,,"Ciudad Autónoma de Buenos Aires","Buenos Aires",Argentina,100007644606094,"Daiana Solange Labat",https://www.facebook.com/Daichilandia,1
Federico,Barba,fmbarba@facebook.com,"28 de Mayo",https://www.facebook.com/fmbarba,27,,"Ciudad Autónoma de Buenos Aires","Buenos Aires",Argentina,740068224,"Carolina Mandra",https://www.facebook.com/carolina.mandra,1
Rosicler,Dufur,rosicler.dufur@facebook.com,"28 de Mayo",https://www.facebook.com/rosicler.dufur,,,"Ciudad Autónoma de Buenos Aires","Buenos Aires",Argentina,100000632150273,"Susan Romano",,1
Stephanic,Urso,stephy.tefy@facebook.com,"28 de Mayo",https://www.facebook.com/stephy.tefy,25,"Villa Soldati","Ciudad Autónoma de Buenos Aires","Distrito Federal",Argentina,534042974,"Ale Arias Mandarine Park",,1
Valeria,Olive,beautymodels@facebook.com,"28 de Mayo",https://www.facebook.com/beautymodels,,,"Ciudad Autónoma de Buenos Aires","Buenos Aires",Argentina,1457655729,"Valentin Abelardo",https://www.facebook.com/valentin.abelardo,1
"Centro De","Práctica Judicial",centrode.practicajudicial@facebook.com,"28 de Mayo",https://www.facebook.com/centrode.practicajudicial,26,,"Ciudad Autónoma de Buenos Aires","Buenos Aires",Argentina,100000509226091,"Ramiro Prieto",,1
"El Viejo",Trailer,elviejotrailer@facebook.com,"28 de Mayo",https://www.facebook.com/elviejotrailer,,,"Ciudad Autónoma de Buenos Aires","Buenos Aires",Argentina,1802032876,"La Rockeria",https://www.facebook.com/oveja1,1
Vic,Rebecchini,vicrebecchini@facebook.com,"28 de Mayo",https://www.facebook.com/vicrebecchini,30,,"Ciudad Autónoma de Buenos Aires","Buenos Aires",Argentina,100007047372507,"Ingrid Sondergaard",https://www.facebook.com/ingridfash,1
Flor,Mariani,flor.mariani.9@facebook.com,"28 de Mayo",https://www.facebook.com/flor.mariani.9,,,"Ciudad Autónoma de Buenos Aires","Buenos Aires",Argentina,1114560942,"Alan Volper",https://www.facebook.com/alan.volper,1
Fran,Maldonado,franko.maldonado@facebook.com,"28 de Mayo",https://www.facebook.com/franko.maldonado,,,"Ciudad Autónoma de Buenos Aires","Buenos Aires",Argentina,1665065886,"Sele Raimundo",https://www.facebook.com/sele.raimundo,1
Jorge,Torres,jatorsa@facebook.com,"28 de Mayo",https://www.facebook.com/jatorsa,,,"Ciudad Autónoma de Buenos Aires","Buenos Aires",Argentina,1111388644,"Silvia Fernandez",https://www.facebook.com/silviafernandezchivi,1
Paula,Diaz,pulidiaz1@facebook.com,"28 de Mayo",https://www.facebook.com/Pulidiaz1,,,"Ciudad Autónoma de Buenos Aires","Buenos Aires",Argentina,1481892371,"Nahu Millicay Pereyra",https://www.facebook.com/nahumilli,1
Sabrina,Aguirre,sabrina.aguirre17@facebook.com,"28 de Mayo",https://www.facebook.com/sabrina.aguirre17,,,"Ciudad Autónoma de Buenos Aires","Buenos Aires",Argentina,100003764378010,"Ale Arias Mandarine Park",,1
Crystal,Eventos,crystaleventos@facebook.com,"28 de Mayo",https://www.facebook.com/CrystalEventos,,,"Ciudad Autónoma de Buenos Aires","Buenos Aires",Argentina,100000249101843,"Juan Manuel Fotografo",https://www.facebook.com/JuanmaJMFotoEstudio,1
Ariel,Amaro,arielo.amaro@facebook.com,"28 de Mayo",https://www.facebook.com/arielo.amaro,,,"Ciudad Autónoma de Buenos Aires","Buenos Aires",Argentina,100001812555380,"Juan Antonio Papagni Meca",https://www.facebook.com/juanantoniopapagnimeca,1
"Natalia Rodriguez",Fotografia,nataliarodriguez.fotografia@facebook.com,"28 de Mayo",https://www.facebook.com/nataliarodriguez.fotografia,23,,"Ciudad Autónoma de Buenos Aires","Buenos Aires",Argentina,100002599087881,"Jonathan Julian",,1
Florencia,Garcia,florencia.garcia.718@facebook.com,"28 de Mayo",https://www.facebook.com/florencia.garcia.718,,"Buenos Aires","Buenos Aires","Buenos Aires",Argentina,1059945756,"Erica Volpi Werkmann",0,1
Julia,Mauas,julia.mauas@facebook.com,"28 de Mayo",https://www.facebook.com/julia.mauas,,,"Ciudad Autónoma de Buenos Aires","Buenos Aires",Argentina,1004546878,"Débora Piccirilli",https://www.facebook.com/debora.piccirilli1,1
Mitsuki,Koyama,mitsuki.koyama.336@facebook.com,"28 de Mayo",https://www.facebook.com/mitsuki.koyama.336,,,"Ciudad Autónoma de Buenos Aires","Buenos Aires",Argentina,100001015783109,"Braii Venieri",https://www.facebook.com/BraianVenieri,1
Ezequiel,Tiseira,demiamorlore@facebook.com,"28 de Mayo",https://www.facebook.com/DemiamorLore,,,"Ciudad Autónoma de Buenos Aires","Buenos Aires",Argentina,1612330296,"Anna Laura",https://www.facebook.com/Anna.Laucha,1
Mencho,Correa,menchoo.sl@facebook.com,"28 de Mayo",https://www.facebook.com/Menchoo.sl,,,"Ciudad Autónoma de Buenos Aires","Buenos Aires",Argentina,1429808000,"Mariano Gonzalez",,1
Rodo,Getner,rodo.getner@facebook.com,"28 de Mayo",https://www.facebook.com/rodo.getner,,,"Ciudad Autónoma de Buenos Aires","Buenos Aires",Argentina,100001032406992,"Gimena Yamila Yerden Giaquinto",https://www.facebook.com/Gimetrance,1
Vic,Rebecchini,rebecchinivic@facebook.com,"28 de Mayo",https://www.facebook.com/rebecchinivic,30,,"Ciudad Autónoma de Buenos Aires","Buenos Aires",Argentina,690877276,"Evangelina Dinatale de Biglieri",https://www.facebook.com/evangelina.dinataledebigl,1
Nadia,Carrascal,nnadiadealtos@facebook.com,"28 de Mayo",https://www.facebook.com/nnadiadealtos,,,"Ciudad Autónoma de Buenos Aires","Buenos Aires",Argentina,100001047128439,"Alejandra Lopez",,1
Yoel,Campusano,yoel.campusano.7@facebook.com,"28 de Mayo",https://www.facebook.com/yoel.campusano.7,29,,"Ciudad Autónoma de Buenos Aires","Buenos Aires",Argentina,100000619580403,"Yasu Higa",,1
Bendita,Mia,bendita.mia@facebook.com,"28 de Mayo",https://www.facebook.com/bendita.mia,,"Villa Devoto","Ciudad Autónoma de Buenos Aires","Buenos Aires",Argentina,100003944331703,"Chechu Acea",,1
Ariel,Funes,ariel.funes.9@facebook.com,"28 de Mayo",https://www.facebook.com/ariel.funes.9,,,"Ciudad Autónoma de Buenos Aires","Buenos Aires",Argentina,1093680364,"Brenda Fabregat",https://www.facebook.com/brenda.fabregat,1
Madii,Acevedo,madii.acevedo@facebook.com,"28 de Mayo",https://www.facebook.com/madii.acevedo,,,"Ciudad Autónoma de Buenos Aires","Buenos Aires",Argentina,1686193142,"Facu Denegri",,1
Sol,Cjs,sol.cjs.16@facebook.com,"28 de Mayo",https://www.facebook.com/sol.cjs.16,24,,"Ciudad Autónoma de Buenos Aires","Buenos Aires",Argentina,1082606463,"Bë Döbiencita",https://www.facebook.com/be.dobiencita,1
Camila,Castagna,camicastagna@facebook.com,"28 de Mayo",https://www.facebook.com/camicastagna,,,"Ciudad Autónoma de Buenos Aires","Buenos Aires",Argentina,1243878564,"Aniita Canta",https://www.facebook.com/Aniita.Canta,1
Colprim,Viajes,colprimviajes@facebook.com,"28 de Mayo",https://www.facebook.com/colprimviajes,,,"Ciudad Autónoma de Buenos Aires","Buenos Aires",Argentina,100000890820992,"Ayelen Lopez",https://www.facebook.com/puchipockett,1
Julian,Pascual,julianpascual@facebook.com,"28 de Mayo",https://www.facebook.com/julianpascual,,,"Ciudad Autónoma de Buenos Aires","Buenos Aires",Argentina,1258543442,"Nicolas Alejandro Fleischer",https://www.facebook.com/nicolasalejandro.fleische,1
"Cintia Coronel","Consultora Mary Kay",conocemk@facebook.com,"28 de Mayo",https://www.facebook.com/ConoceMK,26,,"Ciudad Autónoma de Buenos Aires","Buenos Aires",Argentina,100007856827434,"Sergio Acosta",,1
Fer,Argentina,fer.argentina.1@facebook.com,"28 de Mayo",https://www.facebook.com/fer.argentina.1,,,"Ciudad Autónoma de Buenos Aires","Buenos Aires",Argentina,100000672016201,"Gimena Yamila Yerden Giaquinto",https://www.facebook.com/Gimetrance,1
