Nombre,Apellido,"Email Facebook",Cumpleaños,"Usuario Facebook",Edad,Barrio,Ciudad,Provincia,Pais,"ID Facebook","Amigo De","Amigo De (Usuario)",rebound
Tomas,Paolo,tomasdp@facebook.com,"08 de Mayo",https://www.facebook.com/tomasdp,30,,"Ciudad Autónoma de Buenos Aires","Buenos Aires",Argentina,599942829,"Luli Santos Neves",,1
Lucas,Ferreras,lucas.ferreras@facebook.com,"08 de Mayo",https://www.facebook.com/lucas.ferreras,21,"Villa Ortúzar","Ciudad Autónoma de Buenos Aires","Distrito Federal",Argentina,100000046503445,"Facu Denegri",,1
Pamee,Higuain,pamee.higuain1@facebook.com,"08 de Mayo",https://www.facebook.com/pamee.higuain1,21,,"Ciudad Autónoma de Buenos Aires","Buenos Aires",Argentina,1469775611,"Pedro Lopezyfernandez",https://www.facebook.com/pedronahuel,1
Danna,Rojas,dhanna.rojas@facebook.com,"08 de Mayo",https://www.facebook.com/dhanna.rojas,,,"Ciudad Autónoma de Buenos Aires","Buenos Aires",Argentina,1386197258,"Agustina Pelle Müller",,1
Lili,"Ibarra Martinez",lili.ibarramartinez.9@facebook.com,"08 de Mayo",https://www.facebook.com/lili.ibarramartinez.9,27,,"Ciudad Autónoma de Buenos Aires","Buenos Aires",Argentina,100003886072061,"Sebastian Daniel Riccardi",https://www.facebook.com/sebastian.riccardi,1
"Juan Facundo",Cincunegui,facundocincunegui@facebook.com,"08 de Mayo",https://www.facebook.com/facundocincunegui,,"Buenos Aires","Buenos Aires","Buenos Aires",Argentina,679207112,"Juan Pablo Aleman",0,1
Nadia,Zarate,nadia.zarate.35@facebook.com,"08 de Mayo",https://www.facebook.com/nadia.zarate.35,27,"Buenos Aires","Buenos Aires","Buenos Aires",Argentina,100000655733120,"Fett Maidana",0,1
"Sofia Drummer",Zorzopulos,sofiadrummer.zorzopulos@facebook.com,"08 de Mayo",https://www.facebook.com/sofiadrummer.zorzopulos,28,,"Ciudad Autónoma de Buenos Aires","Buenos Aires",Argentina,100001143182030,"Daiana Soledad Pintos",https://www.facebook.com/Sheena.is,1
Edgardo,Sanpaolesse,edgardo.sanpaolesse@facebook.com,"08 de Mayo",https://www.facebook.com/edgardo.sanpaolesse,,,"Ciudad Autónoma de Buenos Aires","Buenos Aires",Argentina,100001374126818,"Brenda Fabregat",https://www.facebook.com/brenda.fabregat,1
Maximiliano,Menendez,hola.menendez@facebook.com,"08 de Mayo",https://www.facebook.com/hola.menendez,,,"Ciudad Autónoma de Buenos Aires","Buenos Aires",Argentina,100000072078948,"Karina Gianelli",https://www.facebook.com/karina.gianelli,1
Sasha,Gingis,sasha.gingins@facebook.com,"08 de Mayo",https://www.facebook.com/sasha.gingins,,Epuyén,"Ciudad Autónoma de Buenos Aires","Distrito Federal",Argentina,100000679781633,"Pedro Lopezyfernandez",https://www.facebook.com/pedronahuel,1
Daniela,Cabrera,danielalujan.cabrera@facebook.com,"08 de Mayo",https://www.facebook.com/danielalujan.cabrera,24,,"Ciudad Autónoma de Buenos Aires","Buenos Aires",Argentina,1483904872,"Geru Sznek",https://www.facebook.com/gsznek,1
Amancay,"Vlzqz Fracaro",velazquez.amancay@facebook.com,"08 de Mayo",https://www.facebook.com/velazquez.amancay,23,,"Ciudad Autónoma de Buenos Aires","Buenos Aires",Argentina,100000727563423,"Emiliano Cazanetz Dick",https://www.facebook.com/emiliano.cazanetzdick,1
Compulsiva,Arosymas,compulsiva.accesoriosymas@facebook.com,"08 de Mayo",https://www.facebook.com/compulsiva.accesoriosymas,29,,"Ciudad Autónoma de Buenos Aires","Buenos Aires",Argentina,100001393973992,"Ayelen Alumine Anahi",https://www.facebook.com/ashe.chabakana,1
Nacho,Bottan,nacho.bottan@facebook.com,"08 de Mayo",https://www.facebook.com/nacho.bottan,29,,"Ciudad Autónoma de Buenos Aires","Buenos Aires",Argentina,554662550,"Brenda Fabregat",https://www.facebook.com/brenda.fabregat,1
Dionisio,Heiderscheid,dionosioheiderscheid@facebook.com,"08 de Mayo",https://www.facebook.com/DIONOSIOHEIDERSCHEID,,,"Ciudad Autónoma de Buenos Aires","Buenos Aires",Argentina,525621441,"Franco Marcoccia",https://www.facebook.com/franco.marcoccia,1
Marcos,Sibbald,marcos.sibbald@facebook.com,"08 de Mayo",https://www.facebook.com/marcos.sibbald,24,,"Ciudad Autónoma de Buenos Aires","Buenos Aires",Argentina,100004372782309,"Ivan Achaval",https://www.facebook.com/ivancho.achaval,1
Poli,Cesarini,poli.cesarini@facebook.com,"08 de Mayo",https://www.facebook.com/poli.cesarini,21,,"Ciudad Autónoma de Buenos Aires","Buenos Aires",Argentina,1004501431,"Nazarena Sierra",,1
Fer,Peyla,fpeyla@facebook.com,"08 de Mayo",https://www.facebook.com/fpeyla,25,,"Ciudad Autónoma de Buenos Aires","Buenos Aires",Argentina,100000982124715,"Karen Vilariño",https://www.facebook.com/karen.vilarino,1
Carolina,Veron,carolina.veron.376@facebook.com,"08 de Mayo",https://www.facebook.com/carolina.veron.376,24,,"Ciudad Autónoma de Buenos Aires","Buenos Aires",Argentina,100003399970513,"La Rockeria",https://www.facebook.com/oveja1,1
"Juan Carlos",Abelanz,juancarlos.abelanz@facebook.com,"08 de Mayo",https://www.facebook.com/juancarlos.abelanz,30,,"Ciudad Autónoma de Buenos Aires","Buenos Aires",Argentina,100002150675554,"Nadia Vannessa",https://www.facebook.com/nadiavannessa18,1
Jessica,Carabajal,jessica.carabajal.1297@facebook.com,"08 de Mayo",https://www.facebook.com/jessica.carabajal.1297,25,,"Ciudad Autónoma de Buenos Aires","Buenos Aires",Argentina,100004161601040,"Ezequiel Sebastian Berardi",https://www.facebook.com/EzErAsTa,1
Smart,House,todo.nikee@facebook.com,"08 de Mayo",https://www.facebook.com/todo.nikee,30,,"Ciudad Autónoma de Buenos Aires","Buenos Aires",Argentina,100002911885549,"Franco Palermo",,1
Lauty,Ledezma,lauti.ledezmaa@facebook.com,"08 de Mayo",https://www.facebook.com/lauti.ledezmaa,,,"Ciudad Autónoma de Buenos Aires","Buenos Aires",Argentina,1418273890,"Maanu C. Rebori",https://www.facebook.com/maanu,1
Liliana,Exclusiva,lenceriaexclusiva.quilmes@facebook.com,"08 de Mayo",https://www.facebook.com/lenceriaexclusiva.quilmes,26,,"Ciudad Autónoma de Buenos Aires","Buenos Aires",Argentina,100004247165993,"Carla Ferro",https://www.facebook.com/carla.ferro,1
Santi,Pioli,santi.pioli@facebook.com,"08 de Mayo",https://www.facebook.com/santi.pioli,30,,"Ciudad Autónoma de Buenos Aires","Buenos Aires",Argentina,637703424,"Alexia Garcia",https://www.facebook.com/garciaalexiia,1
Espacio,Interactiva,espacio.interactiva@facebook.com,"08 de Mayo",https://www.facebook.com/espacio.interactiva,23,,"Ciudad Autónoma de Buenos Aires","Buenos Aires",Argentina,1444771861,"Daiana Soledad Pintos",https://www.facebook.com/Sheena.is,1
"Pablo Nicolas",Estevez,pablito.estevez@facebook.com,"08 de Mayo",https://www.facebook.com/pablito.estevez,,,"Ciudad Autónoma de Buenos Aires","Buenos Aires",Argentina,1179272755,"Lucía Lopez Aleman",https://www.facebook.com/marialucialopezaleman,1
Maxi,Sahonero,gabrielmaximiliano.sahonero@facebook.com,"08 de Mayo",https://www.facebook.com/gabrielmaximiliano.sahonero,,,"Ciudad Autónoma de Buenos Aires","Buenos Aires",Argentina,1179625320,"Lucía Lopez Aleman",https://www.facebook.com/marialucialopezaleman,1
Patricia,"Negreiros Añazco",patricia.negreirosanazco@facebook.com,"09 de Mayo",https://www.facebook.com/patricia.negreirosanazco,,,"Ciudad Autónoma de Buenos Aires","Buenos Aires",Argentina,100002120919203,"Melo Dellarole",https://www.facebook.com/melodellarole,1
Ayelen,"Maldonado Germanotta",ayelen.maldonado.18@facebook.com,"09 de Mayo",https://www.facebook.com/ayelen.maldonado.18,22,,"Ciudad Autónoma de Buenos Aires","Buenos Aires",Argentina,100001039394683,"Julio Roberto Cuevas",https://www.facebook.com/julioroberto.cuevas,1
Nico,Radicci,nicolasradicci@facebook.com,"09 de Mayo",https://www.facebook.com/nicolasradicci,27,"San Cristóbal","Ciudad Autónoma de Buenos Aires","Distrito Federal",Argentina,100001120449418,"Cynthia Gianni",,1
Zaide,Bejarano,zaide.bejarano@facebook.com,"09 de Mayo",https://www.facebook.com/zaide.bejarano,,,"Ciudad Autónoma de Buenos Aires","Buenos Aires",Argentina,100000909040523,"Diandra Lesly",https://www.facebook.com/diandra.lesly,1
Melisa,Carla,melisacarla@facebook.com,"09 de Mayo",https://www.facebook.com/melisacarla,23,,"Ciudad Autónoma de Buenos Aires","Buenos Aires",Argentina,842229833,"Ale Arias Mandarine Park",,1
Debora,Bello,debora.bello3@facebook.com,"09 de Mayo",https://www.facebook.com/debora.bello3,21,,"Ciudad Autónoma de Buenos Aires","Buenos Aires",Argentina,1310507347,"Charly Rr.Pp",,1
??,?,djawotlr@facebook.com,"09 de Mayo",https://www.facebook.com/djawotlr,29,"Buenos Aires","Buenos Aires","Buenos Aires",Argentina,100003006949895,"Alan Yun",0,1
Aldana,Daniela,mejorchitah@facebook.com,"09 de Mayo",https://www.facebook.com/Mejorchitah,,,"Ciudad Autónoma de Buenos Aires","Buenos Aires",Argentina,100001741450159,"Clari Stagno",,1
Ruth,Lopez,rutt.lopezz@facebook.com,"09 de Mayo",https://www.facebook.com/rutt.lopezz,24,,"Ciudad Autónoma de Buenos Aires","Buenos Aires",Argentina,100004518467202,"Piturro Espindola",https://www.facebook.com/cesaromar.espindola,1
Juan,Steverlynck,juan.steverlynck@facebook.com,"09 de Mayo",https://www.facebook.com/juan.steverlynck,,,"Ciudad Autónoma de Buenos Aires","Buenos Aires",Argentina,100002433961839,"Cristian Andres Romano",,1
Martin,Estorino,martin.estorino1@facebook.com,"09 de Mayo",https://www.facebook.com/martin.estorino1,25,,"Ciudad Autónoma de Buenos Aires","Buenos Aires",Argentina,100000131915404,"Evelina Ferreira",,1
Cynthia,Natali,ahquecarajo@facebook.com,"09 de Mayo",https://www.facebook.com/ahquecarajo,,,"Ciudad Autónoma de Buenos Aires","Buenos Aires",Argentina,1639262855,"Tomás Eis",,1
Ximena,Falcone,ximena.falcone@facebook.com,"09 de Mayo",https://www.facebook.com/ximena.falcone,28,"Buenos Aires","Buenos Aires","Buenos Aires",Argentina,1314628108,"Gaston Vilalta",0,1
Trance,Mission,prix.egresados@facebook.com,"09 de Mayo",https://www.facebook.com/Prix.egresados,,,"Ciudad Autónoma de Buenos Aires","Buenos Aires",Argentina,100000330109502,"Claudio Arias",https://www.facebook.com/clautrance,1
Gonzalo,Coceres,gonzalo.coceres.9@facebook.com,"09 de Mayo",https://www.facebook.com/gonzalo.coceres.9,,,"Ciudad Autónoma de Buenos Aires","Buenos Aires",Argentina,1609654075,"Jessica Bellomo",https://www.facebook.com/JessBellomo,1
Santiago,Romano,saanromano@facebook.com,"09 de Mayo",https://www.facebook.com/Saanromano,,,"Ciudad Autónoma de Buenos Aires","Buenos Aires",Argentina,1310739717,"Carolina Damiano",https://www.facebook.com/carolina.damiano,1
Reina,Mareco,reina.mareco@facebook.com,"09 de Mayo",https://www.facebook.com/reina.mareco,24,,"Ciudad Autónoma de Buenos Aires","Buenos Aires",Argentina,1467527777,"Cynthia Tatiana Martinez Neves",https://www.facebook.com/cynthiatatiana.martinezne,1
Marina,Odonto,marina.odonto.14@facebook.com,"09 de Mayo",https://www.facebook.com/marina.odonto.14,,,"Ciudad Autónoma de Buenos Aires","Buenos Aires",Argentina,100005519500910,"Anto D'Amato",https://www.facebook.com/anto.dama,1
Cristian,Garavaglia,criss.garavaglia84@facebook.com,"09 de Mayo",https://www.facebook.com/criss.garavaglia84,30,,"Ciudad Autónoma de Buenos Aires","Buenos Aires",Argentina,100003120274931,"Daiana Solange Labat",https://www.facebook.com/Daichilandia,1
Pavlína,Trnka,pavlinatrnka@facebook.com,"09 de Mayo",https://www.facebook.com/pavlinatrnka,25,,"Ciudad Autónoma de Buenos Aires","Buenos Aires",Argentina,1295218545,"Jessica Bellomo",https://www.facebook.com/JessBellomo,1
Afratra,Amar,afratra@facebook.com,"09 de Mayo",https://www.facebook.com/afratra,27,,"Ciudad Autónoma de Buenos Aires","Buenos Aires",Argentina,1339118867,"Alejandro Cocktila Acosta",https://www.facebook.com/alejandro.acosta,1
Santhiago,Diaz,santi.diazarakaki@facebook.com,"09 de Mayo",https://www.facebook.com/santi.diazarakaki,,"Buenos Aires","Buenos Aires","Buenos Aires",Argentina,1141253389,"Boio Kreutzer",0,1
Cata,Roig,cata.roig1@facebook.com,"09 de Mayo",https://www.facebook.com/cata.roig1,,,"Ciudad Autónoma de Buenos Aires","Buenos Aires",Argentina,1400523233,"Fiestas Baires",,1
Maga,Li,sonrisadeangelrisadedemonio87@facebook.com,"09 de Mayo",https://www.facebook.com/SonrisadeAngelRisadeDemonio87,26,,"Ciudad Autónoma de Buenos Aires","Buenos Aires",Argentina,100006674675783,"Karina Gianelli",https://www.facebook.com/karina.gianelli,1
Luciano,Ivan,luciano.ivan.1@facebook.com,"09 de Mayo",https://www.facebook.com/luciano.ivan.1,,,"Ciudad Autónoma de Buenos Aires","Buenos Aires",Argentina,1408717838,"Maria Belén",,1
Pedro,Moreyra,pedro.moreyra.50@facebook.com,"09 de Mayo",https://www.facebook.com/pedro.moreyra.50,29,,"Ciudad Autónoma de Buenos Aires","Buenos Aires",Argentina,100001687131893,"Manu Dadaglio",,1
Agustin,Ametller,agustin.ametller@facebook.com,"09 de Mayo",https://www.facebook.com/agustin.ametller,,,"Ciudad Autónoma de Buenos Aires","Buenos Aires",Argentina,1366561657,"Jenny Barco",https://www.facebook.com/jenny.barco,1
"Ruben Dario",Yturri,rubendario.yturri@facebook.com,"09 de Mayo",https://www.facebook.com/rubendario.yturri,,,"Ciudad Autónoma de Buenos Aires","Buenos Aires",Argentina,100000547640548,"Mabel Gomez",,1
Santiago,Diaz,santiago.diaz.77964201@facebook.com,"09 de Mayo",https://www.facebook.com/santiago.diaz.77964201,,"Buenos Aires","Buenos Aires","Buenos Aires",Argentina,100003568193826,"Peter GC",0,1
Mariano,Ramirez,mariano.ramirez.121@facebook.com,"09 de Mayo",https://www.facebook.com/mariano.ramirez.121,27,,"Ciudad Autónoma de Buenos Aires","Buenos Aires",Argentina,100001243147846,"Mili Mauro",https://www.facebook.com/milimauro,1
Latitud,Mac,latitud.mac.9@facebook.com,"09 de Mayo",https://www.facebook.com/latitud.mac.9,27,,"Ciudad Autónoma de Buenos Aires","Buenos Aires",Argentina,100001252051351,"Mili Mauro",https://www.facebook.com/milimauro,1
Leean,Rodriguez,leeeeannnn@facebook.com,"09 de Mayo",https://www.facebook.com/Leeeeannnn,25,,"Ciudad Autónoma de Buenos Aires","Buenos Aires",Argentina,100000177548058,"Sofu Maddonni",https://www.facebook.com/ssofiia,1
Jazz,Blues,solcissssol@facebook.com,"09 de Mayo",https://www.facebook.com/solcissssol,25,,"Ciudad Autónoma de Buenos Aires","Buenos Aires",Argentina,1379738166,"Cynthia Gianni",,1
"Ana Carina",Marzelli,anacarina.marzelli@facebook.com,"09 de Mayo",https://www.facebook.com/anacarina.marzelli,,,"Ciudad Autónoma de Buenos Aires","Buenos Aires",Argentina,100000842298216,"Flor Scalise",https://www.facebook.com/flor.scalise,1
"Nuevo Huesito","Nuevo Huesito",nuevohuesito.nuevohuesito@facebook.com,"09 de Mayo",https://www.facebook.com/nuevohuesito.nuevohuesito,30,,"Ciudad Autónoma de Buenos Aires","Buenos Aires",Argentina,100003909121915,"Lupe Dávalos",https://www.facebook.com/guadinight,1
Lucas,Cano,solodeaye.m@facebook.com,"09 de Mayo",https://www.facebook.com/SoloDeAye.M,,,"Ciudad Autónoma de Buenos Aires","Buenos Aires",Argentina,100001423126670,"Agustina Pelle Müller",,1
Johnny,Correa,johnny.correa.33@facebook.com,"09 de Mayo",https://www.facebook.com/johnny.correa.33,,,"Ciudad Autónoma de Buenos Aires","Buenos Aires",Argentina,100001237865253,"Flor Vischi Cortés",https://www.facebook.com/flor.vischi,1
Lucila,Juárez,gueishaproductora@facebook.com,"09 de Mayo",https://www.facebook.com/gueishaPRODUCTORA,,Saavedra,"Ciudad Autónoma de Buenos Aires","Buenos Aires",Argentina,100007919687469,"Nicolas Baumann",https://www.facebook.com/redcarpetpalermo,1
Tomas,"Insua Ortiz",tomas.insuaortiz@facebook.com,"10 de Mayo",https://www.facebook.com/tomas.insuaortiz,25,,"Ciudad Autónoma de Buenos Aires","Buenos Aires",Argentina,100000248095043,"Agustina Del Rosario Anzisi",https://www.facebook.com/AgustinadelRosario,1
Antonella,Forcinitto,antonella.forcinitto.79@facebook.com,"10 de Mayo",https://www.facebook.com/antonella.forcinitto.79,21,,"Ciudad Autónoma de Buenos Aires","Buenos Aires",Argentina,100005757104081,"Paz Maldonado",,1
Joohee,Nehiel,johanna.labersuit@facebook.com,"10 de Mayo",https://www.facebook.com/johanna.labersuit,26,,"Ciudad Autónoma de Buenos Aires","Buenos Aires",Argentina,1131226103,"Julio Roberto Cuevas",https://www.facebook.com/julioroberto.cuevas,1
Modena,After,after.modena@facebook.com,"10 de Mayo",https://www.facebook.com/After.Modena,24,Recoleta,"Ciudad Autónoma de Buenos Aires","Buenos Aires",Argentina,100006247788502,"Emiliano Pirolo",https://www.facebook.com/emi.pirolo,1
Hebe,Miranda,hebe.miranda.9@facebook.com,"10 de Mayo",https://www.facebook.com/hebe.miranda.9,,,"Ciudad Autónoma de Buenos Aires","Buenos Aires",Argentina,100001406776441,"Tamara Pereyra",,1
Chica,Urbana,chica.urbana.1@facebook.com,"10 de Mayo",https://www.facebook.com/chica.urbana.1,30,,"Ciudad Autónoma de Buenos Aires","Buenos Aires",Argentina,100001163670724,"Caro Radaelli",https://www.facebook.com/carola.rdll,1
Welovebuddha,Bijou,welovebuddha.bijou@facebook.com,"10 de Mayo",https://www.facebook.com/welovebuddha.bijou,,,"Ciudad Autónoma de Buenos Aires","Buenos Aires",Argentina,100003789848158,"Sil Cristiano ?ï?",https://www.facebook.com/Sivinita,1
Fede,Pesce,fede.pesce.75@facebook.com,"10 de Mayo",https://www.facebook.com/fede.pesce.75,,"Villa Del Parque","Ciudad Autónoma de Buenos Aires","Buenos Aires",Argentina,645142576,"Tamara Arias",,1
Laura,Scheffer,labsaccesorios@facebook.com,"10 de Mayo",https://www.facebook.com/LaBsaccesorios,28,,"Ciudad Autónoma de Buenos Aires","Buenos Aires",Argentina,100002411142779,"Marcelo Rodriguez",,1
Ariel,Caballero,el.df.7@facebook.com,"10 de Mayo",https://www.facebook.com/el.df.7,,Flores,"Ciudad Autónoma de Buenos Aires","Buenos Aires",Argentina,100001559811583,"Dafne Antonella Zas Amy",,1
Day,Wolf,dainasol.wolf@facebook.com,"10 de Mayo",https://www.facebook.com/dainasol.wolf,,,"Ciudad Autónoma de Buenos Aires","Buenos Aires",Argentina,100002367738899,"Cristian Pluis",,1
Alcorta,"AfterOffice Fotos",alcorta.fotos@facebook.com,"10 de Mayo",https://www.facebook.com/ALCORTA.FOTOS,24,Recoleta,"Ciudad Autónoma de Buenos Aires","Buenos Aires",Argentina,100006982395705,"Ana Glinberg",https://www.facebook.com/ana.glinberg,1
"Tramma Carteras Bolsos",Tramma,trammacarterasbolsos.tramma@facebook.com,"10 de Mayo",https://www.facebook.com/trammacarterasbolsos.tramma,,,"Ciudad Autónoma de Buenos Aires","Buenos Aires",Argentina,100001316976933,"Cecilia Weingardt",,1
Casa,"de los Naranjos",lacasadelosnaranjos@facebook.com,"10 de Mayo",https://www.facebook.com/LaCasadeLosNaranjos,24,,"Ciudad Autónoma de Buenos Aires","Buenos Aires",Argentina,100002608512721,"Felicitas Ghigliotti",https://www.facebook.com/felicitas.ghigliotti,1
Jimena,Falcao,jimena.falcao@facebook.com,"10 de Mayo",https://www.facebook.com/jimena.falcao,29,,"Ciudad Autónoma de Buenos Aires","Buenos Aires",Argentina,1207920072,"Christian Marconi",https://www.facebook.com/gmarconi.turismo,1
Qmedical,Argentina,qmedical@facebook.com,"10 de Mayo",https://www.facebook.com/Qmedical,24,,"Ciudad Autónoma de Buenos Aires","Buenos Aires",Argentina,100002329071862,"Juan Manuel Fotografo",https://www.facebook.com/JuanmaJMFotoEstudio,1
Annadagio,Leather,annadagio.leather@facebook.com,"10 de Mayo",https://www.facebook.com/annadagio.leather,30,,"Ciudad Autónoma de Buenos Aires","Buenos Aires",Argentina,100006508476807,"Maria Paula Toyos",,1
Mine,Casero,mine.casero@facebook.com,"10 de Mayo",https://www.facebook.com/mine.casero,,,"Ciudad Autónoma de Buenos Aires","Buenos Aires",Argentina,1451723526,"Yasu Higa",,1
Sebastian,Rossi,sebastian.rossi.393@facebook.com,"10 de Mayo",https://www.facebook.com/sebastian.rossi.393,,,"Ciudad Autónoma de Buenos Aires","Buenos Aires",Argentina,100000036974692,"Romina Toller",,1
Blosoms,Love,blosoms.love@facebook.com,"10 de Mayo",https://www.facebook.com/blosoms.love,26,,"Ciudad Autónoma de Buenos Aires","Buenos Aires",Argentina,100004279154158,"Gabriela Rosito",https://www.facebook.com/gabriela.rosito,1
Jair,Sanchez,nahuel.lara@facebook.com,"10 de Mayo",https://www.facebook.com/nahuel.lara,,,"Ciudad Autónoma de Buenos Aires","Buenos Aires",Argentina,100000517299724,"Agustin Justin",https://www.facebook.com/Agustin.Justin,1
Tatu,Patry,tatu.patry@facebook.com,"10 de Mayo",https://www.facebook.com/tatu.patry,,,"Ciudad Autónoma de Buenos Aires","Buenos Aires",Argentina,1380177198,"La Rockeria",https://www.facebook.com/oveja1,1
"La Sastreria",Arreglos,lasastreria.lasastreria.12@facebook.com,"10 de Mayo",https://www.facebook.com/lasastreria.lasastreria.12,30,,"Ciudad Autónoma de Buenos Aires","Buenos Aires",Argentina,100005468764374,"Cristian Fernandez Villamor",https://www.facebook.com/cristian.fernandezvillamo,1
Rama,Vivanco,rama.vg.99@facebook.com,"10 de Mayo",https://www.facebook.com/rama.vg.99,,,"Ciudad Autónoma de Buenos Aires","Buenos Aires",Argentina,100000238924357,"Cami Weng",,1
Eushii,Cappuccio,eusheniaa@facebook.com,"10 de Mayo",https://www.facebook.com/eusheniaa,29,,"Ciudad Autónoma de Buenos Aires","Buenos Aires",Argentina,100001454162912,"Camila Perelló",https://www.facebook.com/camiperello,1
Violeta,Pro,violeta.pro@facebook.com,"10 de Mayo",https://www.facebook.com/violeta.pro,24,Agronomía,"Ciudad Autónoma de Buenos Aires","Distrito Federal",Argentina,1224158554,"Ale Arias Mandarine Park",,1
Lara,Cotarelo,laara.cotareelo@facebook.com,"10 de Mayo",https://www.facebook.com/laara.cotareelo,,,"Ciudad Autónoma de Buenos Aires","Buenos Aires",Argentina,1432455730,"Nicolás García",https://www.facebook.com/Niccccccccco,1
Lukitaz,Gramajo,lukitaz.gramajo@facebook.com,"10 de Mayo",https://www.facebook.com/lukitaz.gramajo,23,,"Ciudad Autónoma de Buenos Aires","Buenos Aires",Argentina,1413907650,"Ignacio Lines Ceruti",https://www.facebook.com/ignacio.lines,1
Gisele,Cano,gisele.cano@facebook.com,"10 de Mayo",https://www.facebook.com/gisele.cano,26,,"Ciudad Autónoma de Buenos Aires","Buenos Aires",Argentina,1218314439,"Tatiana Petroccelli",https://www.facebook.com/tanshanita,1
Juan,Atapuerca,juan.atapuerca@facebook.com,"10 de Mayo",https://www.facebook.com/juan.atapuerca,,,"Ciudad Autónoma de Buenos Aires","Buenos Aires",Argentina,1061358028,"Jobs Bar",https://www.facebook.com/jobsbar,1
Rhamón,Barboza,rhamonidas@facebook.com,"10 de Mayo",https://www.facebook.com/rhamonidas,28,,"Ciudad Autónoma de Buenos Aires","Buenos Aires",Argentina,100004326458183,"Tatiana Petroccelli",https://www.facebook.com/tanshanita,1
LuLys,Love,ftvcguvvvviyvhbkjbjbj@facebook.com,"10 de Mayo",https://www.facebook.com/ftvcguvvvviyvhbkjbjbj,,,"Ciudad Autónoma de Buenos Aires","Buenos Aires",Argentina,100002244875032,"Julio Roberto Cuevas",https://www.facebook.com/julioroberto.cuevas,1
Andrew,Alori,andrew.alori@facebook.com,"10 de Mayo",https://www.facebook.com/andrew.alori,,,"Ciudad Autónoma de Buenos Aires","Buenos Aires",Argentina,706374523,"Gabriela Rosito",https://www.facebook.com/gabriela.rosito,1
Nay,Bulens,nay.bulens@facebook.com,"10 de Mayo",https://www.facebook.com/nay.bulens,,"La Boca","Ciudad Autónoma de Buenos Aires","Buenos Aires",Argentina,1410753619,"Sumatra Shows",https://www.facebook.com/sumatrashows,1
Rodrigo,Julian,juliannmainardii@facebook.com,"10 de Mayo",https://www.facebook.com/juliannmainardii,29,,"Ciudad Autónoma de Buenos Aires","Buenos Aires",Argentina,100006340808724,"Agustin Sujo",https://www.facebook.com/agustin.sujook,1
Zoe,Arce,zoe.arce.16@facebook.com,"10 de Mayo",https://www.facebook.com/zoe.arce.16,,Array,"Ciudad Autónoma de Buenos Aires","Buenos Aires",Argentina,100000139176852,"Luciana Paione Oleszuk",0,1
Daniela,Roncagliolo,dana.muttini@facebook.com,"10 de Mayo",https://www.facebook.com/dana.muttini,,,"Ciudad Autónoma de Buenos Aires","Buenos Aires",Argentina,1096101988,"Juan Antonio Papagni Meca",https://www.facebook.com/juanantoniopapagnimeca,1
Andree,Golla,andree.golla@facebook.com,"10 de Mayo",https://www.facebook.com/andree.golla,,,"Ciudad Autónoma de Buenos Aires","Buenos Aires",Argentina,511319838,"Jose Guevara",https://www.facebook.com/JoeGuevara81,1
GayTravel,Map,gaytravelmaplatino@facebook.com,"10 de Mayo",https://www.facebook.com/gaytravelmaplatino,,,"Ciudad Autónoma de Buenos Aires","Buenos Aires",Argentina,100001423436975,"Alejandro G Sierra",https://www.facebook.com/alejandrogsierra,1
Tatuajes,Instinto,tatuajes.instinto@facebook.com,"10 de Mayo",https://www.facebook.com/tatuajes.instinto,,,"Ciudad Autónoma de Buenos Aires","Buenos Aires",Argentina,100001436773504,"Alejandro G Sierra",https://www.facebook.com/alejandrogsierra,1
Deelfii,Ceballos,deelfii.ceballos@facebook.com,"10 de Mayo",https://www.facebook.com/deelfii.ceballos,24,,"Ciudad Autónoma de Buenos Aires","Buenos Aires",Argentina,100002967590067,"Alan Volper",https://www.facebook.com/alan.volper,1
Lucas,Ferrando,pablomatias.ferrando@facebook.com,"10 de Mayo",https://www.facebook.com/pablomatias.ferrando,23,,"Ciudad Autónoma de Buenos Aires","Buenos Aires",Argentina,100000188922310,"Gustavo Pietrafesa",,1
Angel,Báez,miguelangel.baez.5492@facebook.com,"10 de Mayo",https://www.facebook.com/miguelangel.baez.5492,21,Recoleta,"Ciudad Autónoma de Buenos Aires","Buenos Aires",Argentina,100005661733958,"Pablo Iuva",https://www.facebook.com/pablo021179,1
Martu,Izurieta,martu.izurieta@facebook.com,"11 de Mayo",https://www.facebook.com/martu.izurieta,,,"Ciudad Autónoma de Buenos Aires","Buenos Aires",Argentina,100000275336659,"Flor Rossi",,1
Chapi,Karen,chapi.karen@facebook.com,"11 de Mayo",https://www.facebook.com/chapi.karen,,,"Ciudad Autónoma de Buenos Aires","Buenos Aires",Argentina,1819305263,"Sebastian Daniel Riccardi",https://www.facebook.com/sebastian.riccardi,1
Ailin,Ameghino,ailin.ameghino@facebook.com,"11 de Mayo",https://www.facebook.com/ailin.ameghino,22,,"Ciudad Autónoma de Buenos Aires","Buenos Aires",Argentina,1113723630,"Maria Emilia Lopez Fonseca",,1
Lukas,Melazo,lucas.melazo.9@facebook.com,"11 de Mayo",https://www.facebook.com/lucas.melazo.9,22,,"Ciudad Autónoma de Buenos Aires","Buenos Aires",Argentina,100003563854378,"Joaquin Barraco",https://www.facebook.com/chino.barraco,1
Gas,Tón,gastonanselmo@facebook.com,"11 de Mayo",https://www.facebook.com/GASTONANSELMO,,Avellaneda,"Ciudad Autónoma de Buenos Aires","Buenos Aires",Argentina,100000211062684,"Gastón Alejandro Di Lella",https://www.facebook.com/gastondilella,1
Maricel,Ramirez,maricel.ramirez.58@facebook.com,"11 de Mayo",https://www.facebook.com/maricel.ramirez.58,,"Buenos Aires","Buenos Aires","Buenos Aires",Argentina,100003050134976,"Alan Yun",0,1
Valeria,Albarado,valeria.albarado@facebook.com,"11 de Mayo",https://www.facebook.com/valeria.albarado,,,"Ciudad Autónoma de Buenos Aires","Buenos Aires",Argentina,814844482,"Carlina Piedra",https://www.facebook.com/carlina.piedra,1
Loly,Machado,loly.machado.9@facebook.com,"11 de Mayo",https://www.facebook.com/loly.machado.9,,,"Ciudad Autónoma de Buenos Aires","Buenos Aires",Argentina,100003012424923,"Brenda Araceli Gonzalez",https://www.facebook.com/brendaaraceli.gonzalez,1
Ezequiel,Chiacchio,ezequiel.chiacchio@facebook.com,"11 de Mayo",https://www.facebook.com/ezequiel.chiacchio,23,Array,"Ciudad Autónoma de Buenos Aires","Buenos Aires",Argentina,1336575961,"Rebe Gonzalez",0,1
Pablo,Asin,pablo.asin@facebook.com,"11 de Mayo",https://www.facebook.com/pablo.asin,,,"Ciudad Autónoma de Buenos Aires","Buenos Aires",Argentina,1227406272,"Jose Guevara",https://www.facebook.com/JoeGuevara81,1
Celeste,Mercado,celeste.mercado.56@facebook.com,"11 de Mayo",https://www.facebook.com/celeste.mercado.56,,,"Ciudad Autónoma de Buenos Aires","Buenos Aires",Argentina,1249519002,"Sergio Acosta",,1
Juan,Bence,manubence2007@facebook.com,"11 de Mayo",https://www.facebook.com/manubence2007,,,"Ciudad Autónoma de Buenos Aires","Buenos Aires",Argentina,1474211805,"Juan Cruz Albornoz",,1
Luz,Cardozo,luz.cardozo.940@facebook.com,"11 de Mayo",https://www.facebook.com/luz.cardozo.940,,,"Ciudad Autónoma de Buenos Aires","Buenos Aires",Argentina,100001045639271,"Juanma Ramirez",,1
Maria,Luzardi,maria.luzardi@facebook.com,"11 de Mayo",https://www.facebook.com/maria.luzardi,,,"Ciudad Autónoma de Buenos Aires","Buenos Aires",Argentina,690319489,"Candelaria Sires Barrantes",,1
Lilian,"Ramirez Maturano",lilian.ramirezmaturano@facebook.com,"11 de Mayo",https://www.facebook.com/lilian.ramirezmaturano,22,,"Ciudad Autónoma de Buenos Aires","Buenos Aires",Argentina,1359272276,"Nahu Millicay Pereyra",https://www.facebook.com/nahumilli,1
Pilar,Celiento,pilar.celiento@facebook.com,"11 de Mayo",https://www.facebook.com/pilar.celiento,,,"Ciudad Autónoma de Buenos Aires","Buenos Aires",Argentina,100000656083742,"Juan Cruz Albornoz",,1
Luli,"De La Cruz",luli.delacruz@facebook.com,"11 de Mayo",https://www.facebook.com/luli.delacruz,,,"Ciudad Autónoma de Buenos Aires","Buenos Aires",Argentina,647793799,"Flor Rossi",,1
Hernan,Casla,hernan.candioti@facebook.com,"11 de Mayo",https://www.facebook.com/hernan.candioti,24,,"Ciudad Autónoma de Buenos Aires","Buenos Aires",Argentina,100001870967835,"Vanesa Macias",https://www.facebook.com/vanesa.macias1,1
Daniel,Bareiro,daniel.bareiro.73@facebook.com,"11 de Mayo",https://www.facebook.com/daniel.bareiro.73,,,"Ciudad Autónoma de Buenos Aires","Buenos Aires",Argentina,1601737326,"Facu Denegri",,1
Fede,Saladino,fede.saladino.3@facebook.com,"11 de Mayo",https://www.facebook.com/fede.saladino.3,,,"Ciudad Autónoma de Buenos Aires","Buenos Aires",Argentina,1828926057,"Guido Moncayo",https://www.facebook.com/guido.moncayo,1
Claps,Eventos,claps.eventos@facebook.com,"11 de Mayo",https://www.facebook.com/claps.eventos,27,,"Ciudad Autónoma de Buenos Aires","Buenos Aires",Argentina,100000484680999,"Fernando Olner Cupayolo",https://www.facebook.com/fernando.cupayolo,1
WennSey,Kubik,wennseykubik@facebook.com,"11 de Mayo",https://www.facebook.com/wennseykubik,24,,"Ciudad Autónoma de Buenos Aires","Buenos Aires",Argentina,100000785835846,"Brian Cano",,1
Pato,Pritzker,pato.pritzker@facebook.com,"11 de Mayo",https://www.facebook.com/pato.pritzker,,,"Ciudad Autónoma de Buenos Aires","Buenos Aires",Argentina,1114984605,"Jose Guevara",https://www.facebook.com/JoeGuevara81,1
Nazarena,Carrizo,nazarena.carrizo.5@facebook.com,"11 de Mayo",https://www.facebook.com/nazarena.carrizo.5,,"Monte Castro","Ciudad Autónoma de Buenos Aires","Distrito Federal",Argentina,1215560822,"Brian Cano",,1
"Las Chicas","Del Portico",laschicas.delportico@facebook.com,"11 de Mayo",https://www.facebook.com/laschicas.delportico,,,"Ciudad Autónoma de Buenos Aires","Buenos Aires",Argentina,100001634996693,"Leti Leticia",,1
Cintia,Natalia,cinasol@facebook.com,"11 de Mayo",https://www.facebook.com/cinasol,,,"Ciudad Autónoma de Buenos Aires","Buenos Aires",Argentina,100000893327727,"Silvia Fernandez",https://www.facebook.com/silviafernandezchivi,1
Cori,Masch,cori.masch@facebook.com,"11 de Mayo",https://www.facebook.com/cori.masch,,,"Ciudad Autónoma de Buenos Aires","Buenos Aires",Argentina,1553266285,"Ivan Lisz",,1
Nahuel,Beldrio,elnahue.beldrio@facebook.com,"11 de Mayo",https://www.facebook.com/elnahue.beldrio,,,"Ciudad Autónoma de Buenos Aires","Buenos Aires",Argentina,100001055661488,"Giiu Minniti",https://www.facebook.com/giiu.minniti,1
Martina,Conte,mar.conte.7@facebook.com,"11 de Mayo",https://www.facebook.com/mar.conte.7,,,"Ciudad Autónoma de Buenos Aires","Buenos Aires",Argentina,100004872785859,"Fran L. Ocampo",https://www.facebook.com/franco,1
Guille,Pravaz,guillermina.pravaz.3@facebook.com,"11 de Mayo",https://www.facebook.com/guillermina.pravaz.3,26,,"Ciudad Autónoma de Buenos Aires","Buenos Aires",Argentina,100006436708961,"Cristian Andres Romano",,1
Mato,Latronico,mato.latronico@facebook.com,"11 de Mayo",https://www.facebook.com/mato.latronico,24,"Buenos Aires","Buenos Aires","Buenos Aires",Argentina,675462635,"Patrick Fernando Kushner L",0,1
Chamu,Cai,jeriitt0@facebook.com,"11 de Mayo",https://www.facebook.com/jeriitt0,,"Villa Del Parque","Ciudad Autónoma de Buenos Aires","Distrito Federal",Argentina,660774398,"Facu Denegri",,1
Mika,More,mika.more@facebook.com,"11 de Mayo",https://www.facebook.com/mika.more,,,"Ciudad Autónoma de Buenos Aires","Buenos Aires",Argentina,100000085488793,"Gabi López",,1
Manu,Puga,manu.puga.2@facebook.com,"11 de Mayo",https://www.facebook.com/manu.puga.2,,,"Ciudad Autónoma de Buenos Aires","Buenos Aires",Argentina,1300539899,"Nano Vaquer",,1
Ana,Meltrozo,dai.bebu@facebook.com,"11 de Mayo",https://www.facebook.com/DAI.BEBU,,,"Ciudad Autónoma de Buenos Aires","Buenos Aires",Argentina,1691632046,"Elias Saul",https://www.facebook.com/elias.saul,1
Lucía,Muñoz,lucia.munoz.9469545@facebook.com,"11 de Mayo",https://www.facebook.com/lucia.munoz.9469545,26,"Buenos Aires","Buenos Aires","Buenos Aires",Argentina,100003118955025,"Gabriella Rouiller",0,1
Anabella,Chen,anabella.chen@facebook.com,"11 de Mayo",https://www.facebook.com/anabella.chen,,,"Ciudad Autónoma de Buenos Aires","Buenos Aires",Argentina,1560591596,"Cami Weng",,1
Daira,Romanini,daira.romanini@facebook.com,"11 de Mayo",https://www.facebook.com/daira.romanini,,,"Ciudad Autónoma de Buenos Aires","Buenos Aires",Argentina,1560851234,"Cami Weng",,1
Carmelitas,Calzadas,carmelitas.calzadas.1@facebook.com,"11 de Mayo",https://www.facebook.com/carmelitas.calzadas.1,27,,"Ciudad Autónoma de Buenos Aires","Buenos Aires",Argentina,100003817167826,"Analia Petrocco",https://www.facebook.com/analia.petrocco,1
Jorge,Bope,jorge.asprella@facebook.com,"11 de Mayo",https://www.facebook.com/jorge.asprella,24,,"Ciudad Autónoma de Buenos Aires","Buenos Aires",Argentina,551648087,"Sebastian Daniel Riccardi",https://www.facebook.com/sebastian.riccardi,1
Diego,Iglesias,diego.iglesias.3726@facebook.com,"11 de Mayo",https://www.facebook.com/diego.iglesias.3726,,,"Ciudad Autónoma de Buenos Aires","Buenos Aires",Argentina,671752521,"Ignacio Lines Ceruti",https://www.facebook.com/ignacio.lines,1
Johana,Alva,johana.g.alva@facebook.com,"11 de Mayo",https://www.facebook.com/johana.g.alva,,,"Ciudad Autónoma de Buenos Aires","Buenos Aires",Argentina,1113398442,"Mauro Napole",https://www.facebook.com/maurinapole,1
Sabor,YarteCatering,sabor.yartecatering.3@facebook.com,"12 de Mayo",https://www.facebook.com/sabor.yartecatering.3,,,"Ciudad Autónoma de Buenos Aires","Buenos Aires",Argentina,100002412979483,"Ariel Rivera",,1
"Bis Age",Eventos,bisage.eventos@facebook.com,"12 de Mayo",https://www.facebook.com/bisage.eventos,,,"Ciudad Autónoma de Buenos Aires","Buenos Aires",Argentina,1270033003,"Juan Manuel Fotografo",https://www.facebook.com/JuanmaJMFotoEstudio,1
MixTechnology,Mix,mixtechnology@facebook.com,"12 de Mayo",https://www.facebook.com/mixtechnology,,,"Ciudad Autónoma de Buenos Aires","Buenos Aires",Argentina,1378698568,"Flor Scalise",https://www.facebook.com/flor.scalise,1
Luxx,Casaza,luxx.casaza@facebook.com,"12 de Mayo",https://www.facebook.com/luxx.casaza,29,"Buenos Aires","Buenos Aires","Buenos Aires",Argentina,1310652763,"Fett Maidana",0,1
Mayra,"Santa Maria",mayra.santamaria.16@facebook.com,"12 de Mayo",https://www.facebook.com/mayra.santamaria.16,,,"Ciudad Autónoma de Buenos Aires","Buenos Aires",Argentina,1273182186,"Federico Carrizo",https://www.facebook.com/federicoc,1
Valen,Rubano,valentina.rubanofusco@facebook.com,"12 de Mayo",https://www.facebook.com/valentina.rubanofusco,27,,"Ciudad Autónoma de Buenos Aires","Buenos Aires",Argentina,100007476517189,"Daniel Barach",,1
Giulii,Diaz,shulii.diaz.jb@facebook.com,"12 de Mayo",https://www.facebook.com/Shulii.Diaz.Jb,,,"Ciudad Autónoma de Buenos Aires","Buenos Aires",Argentina,100002648867592,"Ian Szejner",,1
Gonzalo,Grosse,gonzalogg@facebook.com,"12 de Mayo",https://www.facebook.com/gonzalogg,26,,"Ciudad Autónoma de Buenos Aires","Buenos Aires",Argentina,528105942,"Victoria Cerdán",https://www.facebook.com/victoriaacerdan,1
Florcita,Rod,florcita.rod.52@facebook.com,"12 de Mayo",https://www.facebook.com/florcita.rod.52,25,,"Ciudad Autónoma de Buenos Aires","Buenos Aires",Argentina,100007173614461,"Yani Nefes",https://www.facebook.com/yani.nefes,1
Agus,Mirandaa,ignacio.agustin.miranda@facebook.com,"12 de Mayo",https://www.facebook.com/Ignacio.Agustin.Miranda,23,,"Ciudad Autónoma de Buenos Aires","Buenos Aires",Argentina,100001606867428,"Franco Palermo",,1
Caro,Oca,carolina.ocampo.56232@facebook.com,"12 de Mayo",https://www.facebook.com/carolina.ocampo.56232,,,"Ciudad Autónoma de Buenos Aires","Buenos Aires",Argentina,100002339686880,"Natalia Tarelli",,1
Claudia,Guerra,claudia.guerra.125760@facebook.com,"12 de Mayo",https://www.facebook.com/claudia.guerra.125760,,,"Ciudad Autónoma de Buenos Aires","Buenos Aires",Argentina,100000159492793,"Brenda Fabregat",https://www.facebook.com/brenda.fabregat,1
Elena,Su,elena.su.31@facebook.com,"12 de Mayo",https://www.facebook.com/elena.su.31,,,"Ciudad Autónoma de Buenos Aires","Buenos Aires",Argentina,820564685,"Fernando Velcic",https://www.facebook.com/fernando.velcic,1
Pablo,Lugano,lagaleriaradio1@facebook.com,"12 de Mayo",https://www.facebook.com/Lagaleriaradio1,,,"Ciudad Autónoma de Buenos Aires","Buenos Aires",Argentina,100002321992597,"Mauro Napole",https://www.facebook.com/maurinapole,1
Patricio,Brest,patitobrests2@facebook.com,"12 de Mayo",https://www.facebook.com/patitoBrests2,,,"Ciudad Autónoma de Buenos Aires","Buenos Aires",Argentina,100000930670165,"Rodrii Martinez",,1
Christian,Sawicz,christian.l.sawicz@facebook.com,"12 de Mayo",https://www.facebook.com/christian.l.sawicz,,,"Ciudad Autónoma de Buenos Aires","Buenos Aires",Argentina,1447728415,"Mica Ledo",https://www.facebook.com/micaledo,1
Maga,Kunert,magakunert@facebook.com,"12 de Mayo",https://www.facebook.com/magakunert,,,"Ciudad Autónoma de Buenos Aires","Buenos Aires",Argentina,100005323957919,"Guido Moncayo",https://www.facebook.com/guido.moncayo,1
Ruthy,Muchenick,ruthy.muchenick@facebook.com,"12 de Mayo",https://www.facebook.com/ruthy.muchenick,,,"Ciudad Autónoma de Buenos Aires","Buenos Aires",Argentina,100003666589989,"Dany Kunowsky",https://www.facebook.com/daniel.kunowsky,1
Paula,Castro,paulaemilcecastro@facebook.com,"12 de Mayo",https://www.facebook.com/paulaemilcecastro,,,"Ciudad Autónoma de Buenos Aires","Buenos Aires",Argentina,100003569166808,"Ale Arias Mandarine Park",,1
Juan,Pineda,juan.pineda.75470@facebook.com,"12 de Mayo",https://www.facebook.com/juan.pineda.75470,,,"Ciudad Autónoma de Buenos Aires","Buenos Aires",Argentina,607268263,"Maureen Burton",,1
Sa,Sa,sabrina.basiniani@facebook.com,"12 de Mayo",https://www.facebook.com/sabrina.basiniani,26,Recoleta,"Ciudad Autónoma de Buenos Aires","Buenos Aires",Argentina,1338453080,"Marilina Lagomarsino",https://www.facebook.com/marilina.lagomarsino,1
Mili,Parnakian,miliparnakian@facebook.com,"12 de Mayo",https://www.facebook.com/miliparnakian,,,"Ciudad Autónoma de Buenos Aires","Buenos Aires",Argentina,656998637,"Ignacio Busquiazo",https://www.facebook.com/ignacio.busquiazo,1
Claudia,Talarico,claudia.talarico2@facebook.com,"12 de Mayo",https://www.facebook.com/claudia.talarico2,,,"Ciudad Autónoma de Buenos Aires","Buenos Aires",Argentina,1083159071,"Marcelo Rodriguez",,1
Diego,Ferrando,diego.ferrando.18@facebook.com,"12 de Mayo",https://www.facebook.com/diego.ferrando.18,,,"Ciudad Autónoma de Buenos Aires","Buenos Aires",Argentina,100003071548859,"Flor Scalise",https://www.facebook.com/flor.scalise,1
Gi,She,gi.bouso@facebook.com,"12 de Mayo",https://www.facebook.com/gi.bouso,,,"Ciudad Autónoma de Buenos Aires","Buenos Aires",Argentina,725868319,"Michelle Fingeret",https://www.facebook.com/michelle.fingeret,1
Cyntia,Pamela,pame.alterna@facebook.com,"12 de Mayo",https://www.facebook.com/pame.alterna,,,"Ciudad Autónoma de Buenos Aires","Buenos Aires",Argentina,100001928002786,"Nataly Cuerva",https://www.facebook.com/nataliagtrujillo,1
Animagenconsultora,Consultora,animagenconsultora.consultora@facebook.com,"12 de Mayo",https://www.facebook.com/animagenconsultora.consultora,22,,"Ciudad Autónoma de Buenos Aires","Buenos Aires",Argentina,100002582865345,"Julieta Belen",,1
Rocio,Herrero,rocio.herrero1@facebook.com,"12 de Mayo",https://www.facebook.com/rocio.herrero1,27,,"Ciudad Autónoma de Buenos Aires","Buenos Aires",Argentina,1317071529,"Christian Douer Chuky",https://www.facebook.com/christian.chuky,1
Daniel,Lee,daniemnes@facebook.com,"12 de Mayo",https://www.facebook.com/daniemnes,,,"Ciudad Autónoma de Buenos Aires","Buenos Aires",Argentina,708910889,"Ana Costas",,1
JuLiam,Morteo,juliam.bianconero@facebook.com,"12 de Mayo",https://www.facebook.com/juliam.bianconero,,Saavedra,"Ciudad Autónoma de Buenos Aires","Buenos Aires",Argentina,1343138370,"Lucia Marti",https://www.facebook.com/luli.marti,1
Dam,Mag,hechiz2@facebook.com,"12 de Mayo",https://www.facebook.com/Hechiz2,27,,"Ciudad Autónoma de Buenos Aires","Buenos Aires",Argentina,1500203852,"Ezequiel Sebastian Berardi",https://www.facebook.com/EzErAsTa,1
Veronica,Gonzalez,veronica.gonzalez.353803@facebook.com,"12 de Mayo",https://www.facebook.com/veronica.gonzalez.353803,25,,"Ciudad Autónoma de Buenos Aires","Buenos Aires",Argentina,100001940017699,"Alicia Kosem",https://www.facebook.com/alicia.kosem,1
Agus,Alvarado,ese.loco.soy.yo.cx@facebook.com,"12 de Mayo",https://www.facebook.com/Ese.loco.soy.yo.cx,23,"San Telmo","Ciudad Autónoma de Buenos Aires","Buenos Aires",Argentina,100003732458796,"Ignacio Lines Ceruti",https://www.facebook.com/ignacio.lines,1
Nahu,"Di Marco",nahueldimarco.bocajuniors@facebook.com,"12 de Mayo",https://www.facebook.com/nahueldimarco.bocajuniors,29,,"Ciudad Autónoma de Buenos Aires","Buenos Aires",Argentina,100002403932056,"Brian Cano",,1
Catalina,Esposito,catalina.esposito@facebook.com,"12 de Mayo",https://www.facebook.com/catalina.esposito,,,"Ciudad Autónoma de Buenos Aires","Buenos Aires",Argentina,764192441,"Santiago Gutierrez",,1
Mati,Capobianco,mati.capobianco@facebook.com,"12 de Mayo",https://www.facebook.com/mati.capobianco,26,,"Ciudad Autónoma de Buenos Aires","Buenos Aires",Argentina,569311796,"Michelle Fingeret",https://www.facebook.com/michelle.fingeret,1
Nico,Tiscornia,nico.tiscornia.1@facebook.com,"12 de Mayo",https://www.facebook.com/nico.tiscornia.1,,,"Ciudad Autónoma de Buenos Aires","Buenos Aires",Argentina,1407671127,"Jenny Barco",https://www.facebook.com/jenny.barco,1
Meli,Quinteros,meliiiquinteros@facebook.com,"12 de Mayo",https://www.facebook.com/meliiiquinteros,,,"Ciudad Autónoma de Buenos Aires","Buenos Aires",Argentina,1361957745,"Juan Cruz Albornoz",,1
Hija,Sol,agustina.sosa.509@facebook.com,"12 de Mayo",https://www.facebook.com/agustina.sosa.509,,,"Ciudad Autónoma de Buenos Aires","Buenos Aires",Argentina,600593372,"Polina Remkevich",https://www.facebook.com/polina.remkevich,1
Daniel,"Mendizábal Dos",daniel.mendizabaldos@facebook.com,"12 de Mayo",https://www.facebook.com/daniel.mendizabaldos,24,"Puerto Madero","Ciudad Autónoma de Buenos Aires","Distrito Federal",Argentina,100003622438827,"Julieta Belen",,1
Agu,"Sanchez Ranea",agu.sanchezranea@facebook.com,"12 de Mayo",https://www.facebook.com/agu.sanchezranea,22,,"Ciudad Autónoma de Buenos Aires","Buenos Aires",Argentina,1280600182,"Emiliano Pirolo",https://www.facebook.com/emi.pirolo,1
Javier,Yaccuzzi,javierpablo@facebook.com,"12 de Mayo",https://www.facebook.com/javierpablo,28,"Buenos Aires","Buenos Aires","Buenos Aires",Argentina,574616027,"Boio Kreutzer",0,1
Sebastian,Paz,sebapazmusic@facebook.com,"13 de Mayo",https://www.facebook.com/sebapazmusic,29,,"Ciudad Autónoma de Buenos Aires","Buenos Aires",Argentina,100005508577384,"Babi Linares",https://www.facebook.com/babi.linares,1
Yamila,Trautman,yamila.trautman@facebook.com,"13 de Mayo",https://www.facebook.com/yamila.trautman,29,"Villa Crespo","Ciudad Autónoma de Buenos Aires","Buenos Aires",Argentina,613655748,"Daiana Soledad Pintos",https://www.facebook.com/Sheena.is,1
Luciana,Sofía,luucianasofia@facebook.com,"13 de Mayo",https://www.facebook.com/luucianasofia,,"Villa Pueyrredón","Ciudad Autónoma de Buenos Aires","Buenos Aires",Argentina,614800319,"Yanina Battiato",,1
"Sergio Nino",Labi,sergionino.labi@facebook.com,"13 de Mayo",https://www.facebook.com/sergionino.labi,,,"Ciudad Autónoma de Buenos Aires","Buenos Aires",Argentina,1003506699,"Brenda Fabregat",https://www.facebook.com/brenda.fabregat,1
Eloisa,Torres,eloisa.torres@facebook.com,"13 de Mayo",https://www.facebook.com/eloisa.torres,26,,"Ciudad Autónoma de Buenos Aires","Buenos Aires",Argentina,1532992504,"Jobs Bar",https://www.facebook.com/jobsbar,1
Alan,Berra,alan.berra@facebook.com,"13 de Mayo",https://www.facebook.com/alan.berra,22,,"Ciudad Autónoma de Buenos Aires","Buenos Aires",Argentina,100001052254585,"Agustina Pelle Müller",,1
Andres,Andy,andresncaf1@facebook.com,"13 de Mayo",https://www.facebook.com/andresncaf1,,,"Ciudad Autónoma de Buenos Aires","Buenos Aires",Argentina,1803834889,"Romi Flores",,1
Teiton,Basso,teiton.basso@facebook.com,"13 de Mayo",https://www.facebook.com/teiton.basso,22,"Buenos Aires","Buenos Aires","Buenos Aires",Argentina,1134804592,"Piru Lasta",0,1
Freeride,Snow,alasabiertas@facebook.com,"13 de Mayo",https://www.facebook.com/alasabiertas,26,,"Ciudad Autónoma de Buenos Aires","Buenos Aires",Argentina,1266955744,"Gabriela Prietoo",,1
Payasos,Limbicos,payasos.limbicos@facebook.com,"13 de Mayo",https://www.facebook.com/payasos.limbicos,,,"Ciudad Autónoma de Buenos Aires","Buenos Aires",Argentina,100002149236923,"Flor Cantero",,1
Felipe,Colaço,felipe.fernandes.397948@facebook.com,"13 de Mayo",https://www.facebook.com/felipe.fernandes.397948,,,"Ciudad Autónoma de Buenos Aires","Buenos Aires",Argentina,100000063800404,"Emiliano Pirolo",https://www.facebook.com/emi.pirolo,1
Keila,Benetton,keila.benetton.3@facebook.com,"13 de Mayo",https://www.facebook.com/keila.benetton.3,22,,"Ciudad Autónoma de Buenos Aires","Buenos Aires",Argentina,100007003535810,"Charly de la Iglesia",,1
Ojo,"de Tijera",ojo.detijera@facebook.com,"13 de Mayo",https://www.facebook.com/ojo.detijera,,,"Ciudad Autónoma de Buenos Aires","Buenos Aires",Argentina,1449171070,"Polina Remkevich",https://www.facebook.com/polina.remkevich,1
Silvana,"García Iturraspe",silvana.iturraspe@facebook.com,"13 de Mayo",https://www.facebook.com/silvana.iturraspe,28,,"Ciudad Autónoma de Buenos Aires","Buenos Aires",Argentina,100001252421185,"Marcela Miracolo",https://www.facebook.com/marcela.miracolo,1
Orutra,"Zenit-Ram AnNavac",cj.tury2@facebook.com,"13 de Mayo",https://www.facebook.com/cj.tury2,23,,"Ciudad Autónoma de Buenos Aires","Buenos Aires",Argentina,811004353,"Mili Mauro",https://www.facebook.com/milimauro,1
Sofya,Reyes,sofya.reyes.902@facebook.com,"13 de Mayo",https://www.facebook.com/sofya.reyes.902,22,"Buenos Aires","Buenos Aires","Buenos Aires",Argentina,100007231024434,"Alan Yun",0,1
Flores,Sebas,sebas.rene@facebook.com,"13 de Mayo",https://www.facebook.com/sebas.rene,,"Buenos Aires","Buenos Aires","Buenos Aires",Argentina,100001521255287,"Augusto Lios",0,1
Ludmila,Bar,ludmila.bar@facebook.com,"13 de Mayo",https://www.facebook.com/ludmila.bar,,"Buenos Aires","Buenos Aires","Buenos Aires",Argentina,1126568427,"Peter GC",0,1
Valentina,Montan,valentina.montan@facebook.com,"13 de Mayo",https://www.facebook.com/valentina.montan,,,"Ciudad Autónoma de Buenos Aires","Buenos Aires",Argentina,1102544020,"Marti Nevares",https://www.facebook.com/martii.nevares,1
Felicitas,Plos,mariafelicitas.plos@facebook.com,"13 de Mayo",https://www.facebook.com/mariafelicitas.plos,24,,"Ciudad Autónoma de Buenos Aires","Buenos Aires",Argentina,1129357764,"Maria Lucila Quarleri",https://www.facebook.com/maria.quarleri,1
Denise,Murz,dmurz@facebook.com,"13 de Mayo",https://www.facebook.com/dmurz,,,"Ciudad Autónoma de Buenos Aires","Buenos Aires",Argentina,1146914916,"Juan Antonio Papagni Meca",https://www.facebook.com/juanantoniopapagnimeca,1
Palacio,Balcarce,palacio.balcarce.3@facebook.com,"13 de Mayo",https://www.facebook.com/palacio.balcarce.3,,Recoleta,"Ciudad Autónoma de Buenos Aires","Buenos Aires",Argentina,100001570310405,"Juan Manuel Fotografo",https://www.facebook.com/JuanmaJMFotoEstudio,1
Lulii,Lopez,lulitasuperstar@facebook.com,"13 de Mayo",https://www.facebook.com/lulitasuperstar,,"Villa Del Parque","Ciudad Autónoma de Buenos Aires","Buenos Aires",Argentina,1047182325,"Gabriela Bob",https://www.facebook.com/gabrielave,1
ElOjo,Blindado,elojo.blindado.98@facebook.com,"13 de Mayo",https://www.facebook.com/elojo.blindado.98,22,,"Ciudad Autónoma de Buenos Aires","Buenos Aires",Argentina,100003943541822,"Eve Schiera",,1
Marcelo,Martinez,marcelo.martinez.77582@facebook.com,"13 de Mayo",https://www.facebook.com/marcelo.martinez.77582,,,"Ciudad Autónoma de Buenos Aires","Buenos Aires",Argentina,1627117648,"Julio Bittancourt",https://www.facebook.com/jbittancourt,1
Sebastian,Benoit,chezbenoit@facebook.com,"13 de Mayo",https://www.facebook.com/chezbenoit,,,"Ciudad Autónoma de Buenos Aires","Buenos Aires",Argentina,641805350,"Felicitas Ghigliotti",https://www.facebook.com/felicitas.ghigliotti,1
Yaa,Nii,yanina.gutierrez.184@facebook.com,"13 de Mayo",https://www.facebook.com/yanina.gutierrez.184,,,"Ciudad Autónoma de Buenos Aires","Buenos Aires",Argentina,1472223824,"Tatiana Petroccelli",https://www.facebook.com/tanshanita,1
Marisa,Romero,marisa.romero.16@facebook.com,"13 de Mayo",https://www.facebook.com/marisa.romero.16,,,"Ciudad Autónoma de Buenos Aires","Buenos Aires",Argentina,1046652376,"Charly Ruez",https://www.facebook.com/charly.ruez,1
Fedee,Aguero,fedee.aguero.9@facebook.com,"13 de Mayo",https://www.facebook.com/fedee.aguero.9,,,"Ciudad Autónoma de Buenos Aires","Buenos Aires",Argentina,100001177800822,"Vanesa Marinich",https://www.facebook.com/vanesa.marinich,1
Agustin,Cinirella,agustin.cinirella@facebook.com,"13 de Mayo",https://www.facebook.com/agustin.cinirella,26,,"Ciudad Autónoma de Buenos Aires","Buenos Aires",Argentina,1314558990,"Sele Raimundo",https://www.facebook.com/sele.raimundo,1
Gaspar,Mauviel,gasmauviel@facebook.com,"13 de Mayo",https://www.facebook.com/gasmauviel,,Colegiales,"Ciudad Autónoma de Buenos Aires","Distrito Federal",Argentina,779455036,"Ivan Lisz",,1
Sirenia,Indumentaria,sirenia.indumentaria@facebook.com,"13 de Mayo",https://www.facebook.com/sirenia.indumentaria,29,,"Ciudad Autónoma de Buenos Aires","Buenos Aires",Argentina,100002415872979,"Vanesa Myrna Ojeda",,1
Juan,Pedro,juan.pedro.395@facebook.com,"13 de Mayo",https://www.facebook.com/juan.pedro.395,,,"Ciudad Autónoma de Buenos Aires","Buenos Aires",Argentina,1279944847,"Nano Vaquer",,1
Claudia,Pandolfo,claudia.pandolfo.9@facebook.com,"13 de Mayo",https://www.facebook.com/claudia.pandolfo.9,,,"Ciudad Autónoma de Buenos Aires","Buenos Aires",Argentina,1182469245,"Vanesa Macias",https://www.facebook.com/vanesa.macias1,1
Mijal,Szpolski,mszpolski@facebook.com,"13 de Mayo",https://www.facebook.com/mszpolski,,,"Ciudad Autónoma de Buenos Aires","Buenos Aires",Argentina,1061155056,"Ivan Lisz",,1
Johnn,Love,jonathan.elsugus@facebook.com,"13 de Mayo",https://www.facebook.com/jonathan.elsugus,,,"Ciudad Autónoma de Buenos Aires","Buenos Aires",Argentina,100000147533317,"Brian Cano",,1
La,Pochocleta,lapochocleta@facebook.com,"14 de Mayo",https://www.facebook.com/lapochocleta,,,"Ciudad Autónoma de Buenos Aires","Buenos Aires",Argentina,1747944445,"Lo Lola",,1
Luna,Mar,linamar009@facebook.com,"14 de Mayo",https://www.facebook.com/linamar009,,,"Ciudad Autónoma de Buenos Aires","Buenos Aires",Argentina,643897959,"Mechi Abud",https://www.facebook.com/mechi.abud,1
Lola,"Ponce Argentina",lolaponceargentina.oficial@facebook.com,"14 de Mayo",https://www.facebook.com/lolaponceargentina.oficial,28,,"Ciudad Autónoma de Buenos Aires","Buenos Aires",Argentina,100001054973695,"Silvia Fernandez",https://www.facebook.com/silviafernandezchivi,1
Eric,Hiergbenghklinch,eric.balbi@facebook.com,"14 de Mayo",https://www.facebook.com/eric.balbi,,,"Ciudad Autónoma de Buenos Aires","Buenos Aires",Argentina,1463401463,"Gabriela Rosito",https://www.facebook.com/gabriela.rosito,1
Dario,"Sierra-Fans BsAs",dario.sierrafansbsas@facebook.com,"14 de Mayo",https://www.facebook.com/dario.sierrafansbsas,28,,"Ciudad Autónoma de Buenos Aires","Buenos Aires",Argentina,100001056736842,"Silvia Fernandez",https://www.facebook.com/silviafernandezchivi,1
Euge,Yiu,eugee.yiu@facebook.com,"14 de Mayo",https://www.facebook.com/Eugee.Yiu,,,"Ciudad Autónoma de Buenos Aires","Buenos Aires",Argentina,1788006735,"Cami Weng",,1
Martin,Antucci,fridays.asiadecuba@facebook.com,"14 de Mayo",https://www.facebook.com/fridays.asiadecuba,,,"Ciudad Autónoma de Buenos Aires","Buenos Aires",Argentina,100000007504356,"Vanesa Macias",https://www.facebook.com/vanesa.macias1,1
Martin,Arias,martin.arias.3323@facebook.com,"14 de Mayo",https://www.facebook.com/martin.arias.3323,,,"Ciudad Autónoma de Buenos Aires","Buenos Aires",Argentina,1596156587,"Gimena Yamila Yerden Giaquinto",https://www.facebook.com/Gimetrance,1
Vero,Roldan,vroldan@facebook.com,"14 de Mayo",https://www.facebook.com/vroldan,,,"Ciudad Autónoma de Buenos Aires","Buenos Aires",Argentina,1516749400,"Mauro Sebastian Villegas",,1
Celeste,Barboza,celes.barboza@facebook.com,"14 de Mayo",https://www.facebook.com/celes.barboza,22,,"Ciudad Autónoma de Buenos Aires","Buenos Aires",Argentina,100000997142776,"Flor Vischi Cortés",https://www.facebook.com/flor.vischi,1
Lily,Malone,lily.malone.56@facebook.com,"14 de Mayo",https://www.facebook.com/lily.malone.56,23,,"Ciudad Autónoma de Buenos Aires","Buenos Aires",Argentina,100000133934631,"Christian Douer Chuky",https://www.facebook.com/christian.chuky,1
Nicole,Ivanoff,soynicolemiamor@facebook.com,"14 de Mayo",https://www.facebook.com/soynicolemiamor,,,"Ciudad Autónoma de Buenos Aires","Buenos Aires",Argentina,100007028175900,"Nahu Millicay Pereyra",https://www.facebook.com/nahumilli,1
"Comunidad De Proyectos E Innovación",Telefónica,pmomovistar@facebook.com,"14 de Mayo",https://www.facebook.com/pmomovistar,,,"Ciudad Autónoma de Buenos Aires","Buenos Aires",Argentina,100002303029093,"Ezequiel H. Almada Alcorta",,1
Lucila,Miró,lucila.miro@facebook.com,"14 de Mayo",https://www.facebook.com/lucila.miro,,,"Ciudad Autónoma de Buenos Aires","Buenos Aires",Argentina,100002685438480,"Jose Guevara",https://www.facebook.com/JoeGuevara81,1
Cantando,Canto,cantando.canto@facebook.com,"14 de Mayo",https://www.facebook.com/cantando.canto,,,"Ciudad Autónoma de Buenos Aires","Buenos Aires",Argentina,100000188759234,"Pamela Garrote",https://www.facebook.com/pamela.garrote,1
Margareta,Rearmate,margareta.rearmate@facebook.com,"14 de Mayo",https://www.facebook.com/margareta.rearmate,,,"Ciudad Autónoma de Buenos Aires","Buenos Aires",Argentina,100002737977866,"Jose Guevara",https://www.facebook.com/JoeGuevara81,1
Casita,"de Totoral",casita.detotoral@facebook.com,"14 de Mayo",https://www.facebook.com/casita.detotoral,27,Boedo,"Ciudad Autónoma de Buenos Aires","Buenos Aires",Argentina,100004877013412,"Luli Torres",,1
Corona,Corvus,viejo.marfil@facebook.com,"14 de Mayo",https://www.facebook.com/Viejo.marfil,,,"Ciudad Autónoma de Buenos Aires","Buenos Aires",Argentina,1209278583,"Nano Vaquer",,1
Barbara,Bustamante,barbara.bustamante.16503@facebook.com,"14 de Mayo",https://www.facebook.com/barbara.bustamante.16503,22,,"Ciudad Autónoma de Buenos Aires","Buenos Aires",Argentina,100006931894998,"Tatiana Petroccelli",https://www.facebook.com/tanshanita,1
Ricos,Placeres,ricos.placeres@facebook.com,"14 de Mayo",https://www.facebook.com/ricos.placeres,,,"Ciudad Autónoma de Buenos Aires","Buenos Aires",Argentina,100003140914772,"Clara Ryan",https://www.facebook.com/clariryaneventos,1
"Ghi Cai",Kuncita,ghise.cai@facebook.com,"14 de Mayo",https://www.facebook.com/ghise.cai,,Avellaneda,"Ciudad Autónoma de Buenos Aires","Buenos Aires",Argentina,1161431068,"Claudio Arias",https://www.facebook.com/clautrance,1
Agustina,Quintairos,agustina.quintairos@facebook.com,"14 de Mayo",https://www.facebook.com/Agustina.Quintairos,,,"Ciudad Autónoma de Buenos Aires","Buenos Aires",Argentina,1771220778,"Miranda Toderi",https://www.facebook.com/miranda.toderi,1
Faku,Teseira,fteseira@facebook.com,"14 de Mayo",https://www.facebook.com/fteseira,,,"Ciudad Autónoma de Buenos Aires","Buenos Aires",Argentina,100001021596671,"Manu Dadaglio",,1
Abadia,BuenosAires,vraviadisco@facebook.com,"14 de Mayo",https://www.facebook.com/vraviadisco,,,"Ciudad Autónoma de Buenos Aires","Buenos Aires",Argentina,1133719416,"Maria Belén",,1
"Cintia Micaela",Benitez,cintiamicaelab@facebook.com,"14 de Mayo",https://www.facebook.com/cintiamicaelab,23,,"Ciudad Autónoma de Buenos Aires","Buenos Aires",Argentina,1849414803,"Matias Duarte",,1
Maby,Valiente,maby.valiente.1@facebook.com,"14 de Mayo",https://www.facebook.com/maby.valiente.1,,,"Ciudad Autónoma de Buenos Aires","Buenos Aires",Argentina,100001870910600,"Julio Roberto Cuevas",https://www.facebook.com/julioroberto.cuevas,1
Ayeraik,Burna,ayeraik@facebook.com,"14 de Mayo",https://www.facebook.com/ayeraik,25,,"Ciudad Autónoma de Buenos Aires","Buenos Aires",Argentina,1070948129,"Piltra Toller",https://www.facebook.com/piltra,1
Florencia,Mendoza,florencia.mendoza.92798@facebook.com,"14 de Mayo",https://www.facebook.com/florencia.mendoza.92798,27,"Buenos Aires","Buenos Aires","Buenos Aires",Argentina,100006918248518,"Roberto Hatti",0,1
Valeria,Actis,vale.actis@facebook.com,"14 de Mayo",https://www.facebook.com/vale.actis,,,"Ciudad Autónoma de Buenos Aires","Buenos Aires",Argentina,558250956,"Maria Lucila Quarleri",https://www.facebook.com/maria.quarleri,1
Instituto,Megatlon,instituto.megatlon@facebook.com,"14 de Mayo",https://www.facebook.com/instituto.megatlon,22,,"Ciudad Autónoma de Buenos Aires","Buenos Aires",Argentina,100001050410241,"Agustin Martinez Molinelli",https://www.facebook.com/agustin.martinezmolinelli,1
Pancho,"S Oliveira",elias.suszoliveira@facebook.com,"14 de Mayo",https://www.facebook.com/elias.suszoliveira,,,"Ciudad Autónoma de Buenos Aires","Buenos Aires",Argentina,100000564079732,"Gimena Yamila Yerden Giaquinto",https://www.facebook.com/Gimetrance,1
Intrigo,Eventos,tematika.eventos.90@facebook.com,"14 de Mayo",https://www.facebook.com/tematika.eventos.90,,,"Ciudad Autónoma de Buenos Aires","Buenos Aires",Argentina,100004034215697,"Vanesa Macias",https://www.facebook.com/vanesa.macias1,1
Mili,García,garciamili@facebook.com,"14 de Mayo",https://www.facebook.com/garciamili,,,"Ciudad Autónoma de Buenos Aires","Buenos Aires",Argentina,1276222460,"Nano Vaquer",,1
Franco,Coraggio,franco.coraggio@facebook.com,"14 de Mayo",https://www.facebook.com/franco.coraggio,,,"Ciudad Autónoma de Buenos Aires","Buenos Aires",Argentina,1568198666,"Joaquin Barraco",https://www.facebook.com/chino.barraco,1
Milee,Ceballos,miilena.ceballos@facebook.com,"14 de Mayo",https://www.facebook.com/Miilena.Ceballos,,,"Ciudad Autónoma de Buenos Aires","Buenos Aires",Argentina,1538797231,"Nicolás García",https://www.facebook.com/Niccccccccco,1
Federico,Zarza,fedes.fz@facebook.com,"14 de Mayo",https://www.facebook.com/fedes.fz,,,"Ciudad Autónoma de Buenos Aires","Buenos Aires",Argentina,100002613212510,"Agustina Pelle Müller",,1
Guadalupe,Serravalle,guadalupe.serravalle@facebook.com,"14 de Mayo",https://www.facebook.com/guadalupe.serravalle,,,"Ciudad Autónoma de Buenos Aires","Buenos Aires",Argentina,1770930466,"Sol Bettoni",,1
Flia,Capital,flia.capital@facebook.com,"14 de Mayo",https://www.facebook.com/flia.capital,,,"Ciudad Autónoma de Buenos Aires","Buenos Aires",Argentina,100002304144087,"Majo López Tavani",https://www.facebook.com/lasplumas,1
Libros,Tahiel,libros.digitales.3@facebook.com,"14 de Mayo",https://www.facebook.com/libros.digitales.3,,,"Ciudad Autónoma de Buenos Aires","Buenos Aires",Argentina,100002311736114,"Majo López Tavani",https://www.facebook.com/lasplumas,1
Nancy,Wang,nancy.wang.1800@facebook.com,"14 de Mayo",https://www.facebook.com/nancy.wang.1800,,,"Ciudad Autónoma de Buenos Aires","Buenos Aires",Argentina,100000901096596,"Yasu Higa",,1
Nicolas,Padros,nicolas.padros@facebook.com,"14 de Mayo",https://www.facebook.com/nicolas.padros,,,"Ciudad Autónoma de Buenos Aires","Buenos Aires",Argentina,1587580585,"Alejandra Lopez",,1
Jonyto,Arguilea,jonathan.arguilea@facebook.com,"14 de Mayo",https://www.facebook.com/jonathan.arguilea,24,,"Ciudad Autónoma de Buenos Aires","Buenos Aires",Argentina,1468741788,"Cielito Perez",,1
Alexis,Corán,alexis.coran.7@facebook.com,"14 de Mayo",https://www.facebook.com/alexis.coran.7,,,"Ciudad Autónoma de Buenos Aires","Buenos Aires",Argentina,100002354092686,"Juanma Ramirez",,1
Fiestronika,Electroniksound,fiestronika.electroniksound@facebook.com,"14 de Mayo",https://www.facebook.com/fiestronika.electroniksound,,,"Ciudad Autónoma de Buenos Aires","Buenos Aires",Argentina,100002699745547,"Tatiana Petroccelli",https://www.facebook.com/tanshanita,1
"Soy Una",Diva,soyuna.diva@facebook.com,"14 de Mayo",https://www.facebook.com/soyuna.diva,,,"Ciudad Autónoma de Buenos Aires","Buenos Aires",Argentina,100002716668493,"Tatiana Petroccelli",https://www.facebook.com/tanshanita,1
Fpv,Sport,fpv14sportt@facebook.com,"14 de Mayo",https://www.facebook.com/FPV14Sportt,23,"Villa Del Parque","Ciudad Autónoma de Buenos Aires","Buenos Aires",Argentina,1633721807,"Nadia Denise",,1
