Nombre,Apellido,"Email Facebook",Cumpleaños,"Usuario Facebook",Edad,Barrio,Ciudad,Provincia,Pais,"ID Facebook","Amigo De","Amigo De (Usuario)",rebound
Agus,Rojas,agustina.rojas.370@facebook.com,"06 de Mayo",https://www.facebook.com/agustina.rojas.370,29,,"Ciudad Autónoma de Buenos Aires","Buenos Aires",Argentina,550656156,"Adriana Grillo",,
Lucho,Ferreyro,luucchiitooo@facebook.com,"06 de Mayo",https://www.facebook.com/luucchiitooo,26,,"Ciudad Autónoma de Buenos Aires","Buenos Aires",Argentina,1523626412,"Ago Benedettini",https://www.facebook.com/ago.benedettini,
Ignacio,Mora,ignacio.mora@facebook.com,"06 de Mayo",https://www.facebook.com/ignacio.mora,,,"Ciudad Autónoma de Buenos Aires","Buenos Aires",Argentina,650136541,"Agos Costas",https://www.facebook.com/agoscostas,
Mauricio,Capponi,mauricio.capponi@facebook.com,"06 de Mayo",https://www.facebook.com/mauricio.capponi,30,,"Ciudad Autónoma de Buenos Aires","Buenos Aires",Argentina,100001534486679,"Agus Leoni",https://www.facebook.com/agustina.leoni,
Poppy,Perez,poppy.perez@facebook.com,"06 de Mayo",https://www.facebook.com/poppy.perez,,,"Ciudad Autónoma de Buenos Aires","Buenos Aires",Argentina,1207312266,"Agustina Del Rosario Anzisi",https://www.facebook.com/AgustinadelRosario,
Agustin,"Martinez Galante",@facebook.com,"06 de Mayo",https://www.facebook.com/profile.php?id=100008151608770,23,,"Ciudad Autónoma de Buenos Aires","Buenos Aires",Argentina,100008151608770,"Agustina Pelle Müller",,
JaVi,Domenichini,javi.domenichini@facebook.com,"06 de Mayo",https://www.facebook.com/javi.domenichini,28,,"Ciudad Autónoma de Buenos Aires","Buenos Aires",Argentina,1437281085,"Ailen Evangelista",https://www.facebook.com/ailu.evangelista,
?,?,,"06 de Mayo",https://www.facebook.com/profile.php?id=100007932814211,24,"Buenos Aires","Buenos Aires","Buenos Aires",Argentina,100007932814211,"Alan Yun",0,
Yamila,Guillermo,yamila.guillermo@facebook.com,"06 de Mayo",https://www.facebook.com/yamila.guillermo,29,,"Ciudad Autónoma de Buenos Aires","Buenos Aires",Argentina,1072770269,"Aldana Queirolo",https://www.facebook.com/aldana.queirolo,
Benjamin,Russo,benjamin.russo.7@facebook.com,"06 de Mayo",https://www.facebook.com/benjamin.russo.7,22,,"Ciudad Autónoma de Buenos Aires","Buenos Aires",Argentina,100000401001032,"Ale Arias Mandarine Park",,
Keei,Wajcman,keeiw@facebook.com,"06 de Mayo",https://www.facebook.com/keeiw,,,"Ciudad Autónoma de Buenos Aires","Buenos Aires",Argentina,1421793028,"Ale Arias Mandarine Park",,
Jorge,Granados,jorge.granados.5855@facebook.com,"06 de Mayo",https://www.facebook.com/jorge.granados.5855,,,"Ciudad Autónoma de Buenos Aires","Buenos Aires",Argentina,100000593247944,"Alee Jandro",https://www.facebook.com/alejandropassadore,
Fede,Pikholc,fede.pikholc@facebook.com,"06 de Mayo",https://www.facebook.com/fede.pikholc,,,"Ciudad Autónoma de Buenos Aires","Buenos Aires",Argentina,666559964,"Alejandro Cocktila Acosta",https://www.facebook.com/alejandro.acosta,
Cami,"Mennitte Pereyra",cami.mennitte@facebook.com,"06 de Mayo",https://www.facebook.com/cami.mennitte,,"Buenos Aires","Buenos Aires","Buenos Aires",Argentina,1178187244,"Alejandro Dixon",0,
Pia,"Rojo Crespo",pia.rojocrespo@facebook.com,"06 de Mayo",https://www.facebook.com/pia.rojocrespo,27,,"Ciudad Autónoma de Buenos Aires","Buenos Aires",Argentina,527633537,"Alina Gálvez Lynch",https://www.facebook.com/alina.galvez,
Bechi,Fleischer,bechi.fleischer@facebook.com,"06 de Mayo",https://www.facebook.com/bechi.fleischer,,,"Ciudad Autónoma de Buenos Aires","Buenos Aires",Argentina,828723221,"Ana Glinberg",https://www.facebook.com/ana.glinberg,
Luciana,Romano,luciana.romano.353@facebook.com,"06 de Mayo",https://www.facebook.com/luciana.romano.353,,,"Ciudad Autónoma de Buenos Aires","Buenos Aires",Argentina,638441392,"Ana Glinberg",https://www.facebook.com/ana.glinberg,
Daniela,Miranda,@facebook.com,"06 de Mayo",https://www.facebook.com/profile.php?id=100007837720963,27,,"Ciudad Autónoma de Buenos Aires","Buenos Aires",Argentina,100007837720963,"Andrés Bonavera Rendo",https://www.facebook.com/andybonavera,
Danila,Labonia,danila.labonia@facebook.com,"06 de Mayo",https://www.facebook.com/danila.labonia,30,,"Ciudad Autónoma de Buenos Aires","Buenos Aires",Argentina,1243325391,"Andrea Badani",https://www.facebook.com/andrea.badani,
Urquiza,Motos,urquiza.motos.srl@facebook.com,"06 de Mayo",https://www.facebook.com/urquiza.motos.srl,29,,"Ciudad Autónoma de Buenos Aires","Buenos Aires",Argentina,100002958803757,"Andres Melis",https://www.facebook.com/andres.melis,
Jan,Howie,ianhowied@facebook.com,"06 de Mayo",https://www.facebook.com/ianhowied,22,,"Ciudad Autónoma de Buenos Aires","Buenos Aires",Argentina,788858310,"Aniita Canta",https://www.facebook.com/Aniita.Canta,
Barbarin,"De Undurraga",barbarin.deundurraga@facebook.com,"06 de Mayo",https://www.facebook.com/barbarin.deundurraga,27,,"Ciudad Autónoma de Buenos Aires","Buenos Aires",Argentina,713687529,"Antoine Cornudet",,
Rodrigo,Gonzalez,rho77@facebook.com,"06 de Mayo",https://www.facebook.com/rho77,21,"Villa General Mitre","Ciudad Autónoma de Buenos Aires","Buenos Aires",Argentina,1434293441,"Antoine Cornudet",,
Mario,Caputo,mariuscaputo@facebook.com,"06 de Mayo",https://www.facebook.com/mariuscaputo,,Colegiales,"Ciudad Autónoma de Buenos Aires","Buenos Aires",Argentina,777919434,"Ariel Villarreal",,
Ian,Bether,ian.bether@facebook.com,"06 de Mayo",https://www.facebook.com/ian.bether,26,,"Ciudad Autónoma de Buenos Aires","Buenos Aires",Argentina,1359094633,"Ayelen Lopez",https://www.facebook.com/puchipockett,
Nacho,Saenz,saenznacho@facebook.com,"06 de Mayo",https://www.facebook.com/saenznacho,22,,"Ciudad Autónoma de Buenos Aires","Buenos Aires",Argentina,1169881633,"Aylu Macchi",,
Franco,Scagnetti,franko.ezequiell@facebook.com,"06 de Mayo",https://www.facebook.com/franko.ezequiell,,,"Ciudad Autónoma de Buenos Aires","Buenos Aires",Argentina,621988894,"Aylu Macchi",,
Diego,Fernandez,difercu@facebook.com,"06 de Mayo",https://www.facebook.com/difercu,,,"Ciudad Autónoma de Buenos Aires","Buenos Aires",Argentina,1397049974,"Ayu Casanova",,
Marixa,Finarolli,marixa.finarolli@facebook.com,"06 de Mayo",https://www.facebook.com/marixa.finarolli,30,Flores,"Ciudad Autónoma de Buenos Aires","Buenos Aires",Argentina,1015873759,"Ayu Casanova",,
Pili,Rebecchi,pili.rebecchi@facebook.com,"06 de Mayo",https://www.facebook.com/pili.rebecchi,,,"Ciudad Autónoma de Buenos Aires","Buenos Aires",Argentina,1122221250,"Belu Alvarez",,
Kinesiologia,"Garcia Blanco",kinesiologia.garciablancotavid.5@facebook.com,"06 de Mayo",https://www.facebook.com/kinesiologia.garciablancotavid.5,29,,"Ciudad Autónoma de Buenos Aires","Buenos Aires",Argentina,100005878718752,"Belu Cepa Fraga",,
Francisco,Macedo,francisco.macedo@facebook.com,"06 de Mayo",https://www.facebook.com/francisco.macedo,,,"Ciudad Autónoma de Buenos Aires","Buenos Aires",Argentina,765973709,"Belu Cepa Fraga",,
Lis,Martinez,lis.fernandez@facebook.com,"06 de Mayo",https://www.facebook.com/lis.fernandez,26,Barracas,"Ciudad Autónoma de Buenos Aires","Buenos Aires",Argentina,1327994166,"Belu Piacentino",https://www.facebook.com/belenpiacentino,
Juli,Costagliola,juli.costagliola@facebook.com,"06 de Mayo",https://www.facebook.com/juli.costagliola,23,,"Ciudad Autónoma de Buenos Aires","Buenos Aires",Argentina,688795876,"Bernardo Cura Bonazzola",https://www.facebook.com/bernardocurabonazzola,
Romina,Alasia,romi.alasia@facebook.com,"06 de Mayo",https://www.facebook.com/romi.alasia,26,,"Ciudad Autónoma de Buenos Aires","Buenos Aires",Argentina,683352475,"Betsabé Baxter",https://www.facebook.com/betsabe.baxter,
Teatro,Humor,teatroconhumor@facebook.com,"06 de Mayo",https://www.facebook.com/TeatroconHumor,,,"Ciudad Autónoma de Buenos Aires","Buenos Aires",Argentina,100002348943970,"Brenda Fabregat",https://www.facebook.com/brenda.fabregat,
"Una Noche","En-El Castillo",unanoche.enelcastillo@facebook.com,"06 de Mayo",https://www.facebook.com/unanoche.enelcastillo,,,"Ciudad Autónoma de Buenos Aires","Buenos Aires",Argentina,100002353808019,"Brenda Fabregat",https://www.facebook.com/brenda.fabregat,
Neem,"Pisando Fuerte",neem07@facebook.com,"06 de Mayo",https://www.facebook.com/neem07,,,"Ciudad Autónoma de Buenos Aires","Buenos Aires",Argentina,1508544227,"Brenda Fabregat",https://www.facebook.com/brenda.fabregat,
Matias,Clavin,matias.clavin@facebook.com,"06 de Mayo",https://www.facebook.com/matias.clavin,,,"Ciudad Autónoma de Buenos Aires","Buenos Aires",Argentina,1152814749,"Cami Maranessi",https://www.facebook.com/cami.maranessi,
Juan,Montero,juanse.montero@facebook.com,"06 de Mayo",https://www.facebook.com/juanse.montero,,,"Ciudad Autónoma de Buenos Aires","Buenos Aires",Argentina,100002282911073,"Camy Falcón",https://www.facebook.com/Cammy.Falcon,
Maitu,Breccia,maitub@facebook.com,"06 de Mayo",https://www.facebook.com/maitub,,,"Ciudad Autónoma de Buenos Aires","Buenos Aires",Argentina,1126843823,"Candy Pinto Kramer",,
Mailen,Fulqueris,mafulque@facebook.com,"06 de Mayo",https://www.facebook.com/mafulque,,,"Ciudad Autónoma de Buenos Aires","Buenos Aires",Argentina,535161099,"Carli Pellizzaro",https://www.facebook.com/Carlii,
Nadia,Vera,nani.pamela@facebook.com,"06 de Mayo",https://www.facebook.com/nani.pamela,,,"Ciudad Autónoma de Buenos Aires","Buenos Aires",Argentina,717271844,"Carlina Piedra",https://www.facebook.com/carlina.piedra,
Bruno,"Yacono Alarcon",bruno.yaconoalarcon@facebook.com,"06 de Mayo",https://www.facebook.com/bruno.yaconoalarcon,22,,"Ciudad Autónoma de Buenos Aires","Buenos Aires",Argentina,537521831,"Carlos Wilson",,
Belén,Cará,belubellbellbelu@facebook.com,"06 de Mayo",https://www.facebook.com/BeluBellBellBelu,22,,"Ciudad Autónoma de Buenos Aires","Buenos Aires",Argentina,1190807412,"Carolina Mandra",https://www.facebook.com/carolina.mandra,
Sofi,Galmarini,sofi.galmarini@facebook.com,"06 de Mayo",https://www.facebook.com/sofi.galmarini,22,,"Ciudad Autónoma de Buenos Aires","Buenos Aires",Argentina,695274329,"Catalina Plá Señorans",https://www.facebook.com/catalina.pla,
Coty,Manresa,coty.manresa@facebook.com,"06 de Mayo",https://www.facebook.com/coty.manresa,22,,"Ciudad Autónoma de Buenos Aires","Buenos Aires",Argentina,1048135590,"Catalina Plá Señorans",https://www.facebook.com/catalina.pla,
Juan,Chavanne,juan.chavanne.18@facebook.com,"06 de Mayo",https://www.facebook.com/juan.chavanne.18,25,,"Ciudad Autónoma de Buenos Aires","Buenos Aires",Argentina,100001614686225,"Catalina Plá Señorans",https://www.facebook.com/catalina.pla,
Claudia,"Clavero Moreno",claudia.claveromoreno@facebook.com,"06 de Mayo",https://www.facebook.com/claudia.claveromoreno,,Recoleta,"Ciudad Autónoma de Buenos Aires","Buenos Aires",Argentina,1636850959,"Celeste Cabral",,
Mica,Kasperski,micaela.kasperski@facebook.com,"06 de Mayo",https://www.facebook.com/micaela.kasperski,22,,"Ciudad Autónoma de Buenos Aires","Buenos Aires",Argentina,1096503206,"Charly Ruez",https://www.facebook.com/charly.ruez,
Sophie,"Etchegoyhen Brancher",sophie.etchegoyhenbrancher@facebook.com,"06 de Mayo",https://www.facebook.com/sophie.etchegoyhenbrancher,,,"Ciudad Autónoma de Buenos Aires","Buenos Aires",Argentina,636708538,"Charly Ruez",https://www.facebook.com/charly.ruez,
Pablo,Iuva,pablo021179@facebook.com,"06 de Mayo",https://www.facebook.com/pablo021179,22,,"Ciudad Autónoma de Buenos Aires","Buenos Aires",Argentina,1212844701,"Charly Ruez",https://www.facebook.com/charly.ruez,
Berenice,Ponti,berenice.ponti@facebook.com,"06 de Mayo",https://www.facebook.com/berenice.ponti,22,,"Ciudad Autónoma de Buenos Aires","Buenos Aires",Argentina,1453441345,"Chelu Chavez",https://www.facebook.com/chelu.chavez,
Flor,Romiti,flor.romiti@facebook.com,"06 de Mayo",https://www.facebook.com/flor.romiti,,,"Ciudad Autónoma de Buenos Aires","Buenos Aires",Argentina,701290589,"Chivi Giler",https://www.facebook.com/chivigiler,
Martin,Trombetta,tin.trombetta@facebook.com,"06 de Mayo",https://www.facebook.com/tin.trombetta,25,,"Ciudad Autónoma de Buenos Aires","Buenos Aires",Argentina,1000831595,"Christian Douer Chuky",https://www.facebook.com/christian.chuky,
Ludmila,Gomez,lulytagv@facebook.com,"06 de Mayo",https://www.facebook.com/lulytagv,28,,"Ciudad Autónoma de Buenos Aires","Buenos Aires",Argentina,1040374827,"Clara Costas",,
Franco,Ponassi,chukyponassi@facebook.com,"06 de Mayo",https://www.facebook.com/chukyponassi,,,"Ciudad Autónoma de Buenos Aires","Buenos Aires",Argentina,1173763735,"Clara Ryan",https://www.facebook.com/clariryaneventos,
Sofi,Moreno,sofi.moreno12@facebook.com,"06 de Mayo",https://www.facebook.com/sofi.moreno12,,Núñez,"Ciudad Autónoma de Buenos Aires","Buenos Aires",Argentina,1639501519,"Cristian Andres Romano",,
RIc,Dur,ricardo.duranti.9@facebook.com,"06 de Mayo",https://www.facebook.com/ricardo.duranti.9,,,"Ciudad Autónoma de Buenos Aires","Buenos Aires",Argentina,1028884359,"Cristian Fernandez Villamor",https://www.facebook.com/cristian.fernandezvillamo,
Camila,Farina,camilala.f@facebook.com,"06 de Mayo",https://www.facebook.com/camilala.f,,,"Ciudad Autónoma de Buenos Aires","Buenos Aires",Argentina,1249766104,"Cynthia Gianni",,
"La Herreria",Jazz,laherreria.jazz@facebook.com,"06 de Mayo",https://www.facebook.com/laherreria.jazz,,,"Ciudad Autónoma de Buenos Aires","Buenos Aires",Argentina,100001563489682,"Cynthia Tatiana Martinez Neves",https://www.facebook.com/cynthiatatiana.martinezne,
Lau,Aranda,lau.parranda@facebook.com,"06 de Mayo",https://www.facebook.com/lau.parranda,23,,"Ciudad Autónoma de Buenos Aires","Buenos Aires",Argentina,1382345481,"Daniel Barach",,
Bran,Dy,bran.dy.5876@facebook.com,"06 de Mayo",https://www.facebook.com/bran.dy.5876,,,"Ciudad Autónoma de Buenos Aires","Buenos Aires",Argentina,100001942888774,"Daniel Barach",,
Damian,Gotbeter,damian.gotbeter@facebook.com,"06 de Mayo",https://www.facebook.com/damian.gotbeter,28,,"Ciudad Autónoma de Buenos Aires","Buenos Aires",Argentina,624827188,"Daniela Ghilarducci",,
Máximo,Carreño,maximo.a.carreno@facebook.com,"06 de Mayo",https://www.facebook.com/maximo.a.carreno,,,"Ciudad Autónoma de Buenos Aires","Buenos Aires",Argentina,613535883,"Dario Larreina",https://www.facebook.com/dariol80,
Marta,Gordo,marta.gordo@facebook.com,"06 de Mayo",https://www.facebook.com/marta.gordo,,,"Ciudad Autónoma de Buenos Aires","Buenos Aires",Argentina,1489058249,"Ezequiel H. Almada Alcorta",,
"Bruno Marco",Salotti,brunomarco.salotti@facebook.com,"06 de Mayo",https://www.facebook.com/brunomarco.salotti,27,,"Ciudad Autónoma de Buenos Aires","Buenos Aires",Argentina,1014970941,"Ezequiel Sebastian Berardi",https://www.facebook.com/EzErAsTa,
Andrés,Vera,andreyiev@facebook.com,"06 de Mayo",https://www.facebook.com/andreyiev,,,"Ciudad Autónoma de Buenos Aires","Buenos Aires",Argentina,1436832682,"Fátima Belén Zárate",,
Lulu,Zaits,luciazaits@facebook.com,"06 de Mayo",https://www.facebook.com/LuciaZaits,,,"Ciudad Autónoma de Buenos Aires","Buenos Aires",Argentina,1285494331,"Fátima Belén Zárate",,
Emilia,Carrizo,memicarrizo@facebook.com,"06 de Mayo",https://www.facebook.com/memicarrizo,23,,"Ciudad Autónoma de Buenos Aires","Buenos Aires",Argentina,1121945565,"Facundo Bulacio",https://www.facebook.com/facundo.bulacio,
Alejandro,Casen,acasen@facebook.com,"06 de Mayo",https://www.facebook.com/acasen,24,Once,"Ciudad Autónoma de Buenos Aires","Buenos Aires",Argentina,787349232,"Facundo Bulacio",https://www.facebook.com/facundo.bulacio,
Sofia,Lazzari,sofia.lazzari@facebook.com,"06 de Mayo",https://www.facebook.com/sofia.lazzari,23,,"Ciudad Autónoma de Buenos Aires","Buenos Aires",Argentina,520973244,"Facundo Bulacio",https://www.facebook.com/facundo.bulacio,
Juan,Meglio,juan.meglio@facebook.com,"06 de Mayo",https://www.facebook.com/juan.meglio,28,"Villa Pueyrredón","Ciudad Autónoma de Buenos Aires","Buenos Aires",Argentina,100002988188149,"Fede Martino",,
Lucila,Carla,lucila.carla@facebook.com,"06 de Mayo",https://www.facebook.com/lucila.carla,21,,"Ciudad Autónoma de Buenos Aires","Buenos Aires",Argentina,100002661231587,"Federico Carrizo",https://www.facebook.com/federicoc,
Alejandro,Iramain,alejandro.iramain.5@facebook.com,"06 de Mayo",https://www.facebook.com/alejandro.iramain.5,,,"Ciudad Autónoma de Buenos Aires","Buenos Aires",Argentina,566016625,"Felicitas Ghigliotti",https://www.facebook.com/felicitas.ghigliotti,
"María Esther",Goytía,mariaesther.goytia@facebook.com,"06 de Mayo",https://www.facebook.com/mariaesther.goytia,,,"Ciudad Autónoma de Buenos Aires","Buenos Aires",Argentina,100002284685244,"Felix Barassi",https://www.facebook.com/felix.barassi,
Ale,Suarez,ale.suarez.106@facebook.com,"06 de Mayo",https://www.facebook.com/ale.suarez.106,30,,"Ciudad Autónoma de Buenos Aires","Buenos Aires",Argentina,705403323,"Fer Ferrari",https://www.facebook.com/FERRARIFERNANDO22,
Guadi,Salesses,guadi.salesses@facebook.com,"06 de Mayo",https://www.facebook.com/guadi.salesses,21,,"Ciudad Autónoma de Buenos Aires","Buenos Aires",Argentina,1306680255,"Fernando Velcic",https://www.facebook.com/fernando.velcic,
Catalina,Boero,catalina.boero.9@facebook.com,"06 de Mayo",https://www.facebook.com/catalina.boero.9,22,,"Ciudad Autónoma de Buenos Aires","Buenos Aires",Argentina,1274556834,"Fiestas Baires",,
Refugio,El,elrefugioespaciodearte@facebook.com,"06 de Mayo",https://www.facebook.com/elrefugioespaciodearte,25,,"Ciudad Autónoma de Buenos Aires","Buenos Aires",Argentina,100000677468468,"Flor Scalise",https://www.facebook.com/flor.scalise,
Francisco,Fernandez,fraaan.ft@facebook.com,"06 de Mayo",https://www.facebook.com/fraaan.ft,,,"Ciudad Autónoma de Buenos Aires","Buenos Aires",Argentina,1276352382,"Flor Vischi Cortés",https://www.facebook.com/flor.vischi,
Camila,Galvan,camila.galvan.9@facebook.com,"06 de Mayo",https://www.facebook.com/camila.galvan.9,,"Villa Devoto","Ciudad Autónoma de Buenos Aires","Buenos Aires",Argentina,1091835222,"Francisco Klausner",https://www.facebook.com/francisco.klausner,
"Petite Famme",Dc,petitefamme.dc@facebook.com,"06 de Mayo",https://www.facebook.com/petitefamme.dc,29,,"Ciudad Autónoma de Buenos Aires","Buenos Aires",Argentina,100006913290487,"Gabriel Bertagnolli",,
Melisa,Gualini,mgualini@facebook.com,"06 de Mayo",https://www.facebook.com/mgualini,,,"Ciudad Autónoma de Buenos Aires","Buenos Aires",Argentina,596401764,"Gaby Pascuali",https://www.facebook.com/gabriela.pascuali,
Catalina,Marino,catalina.marino@facebook.com,"06 de Mayo",https://www.facebook.com/catalina.marino,25,,"Ciudad Autónoma de Buenos Aires","Buenos Aires",Argentina,1358492606,"Geru Sznek",https://www.facebook.com/gsznek,
Julián,"Rodríguez Hortal",julian.rodriguezhortal@facebook.com,"06 de Mayo",https://www.facebook.com/julian.rodriguezhortal,25,,"Ciudad Autónoma de Buenos Aires","Buenos Aires",Argentina,1360836617,"Geru Sznek",https://www.facebook.com/gsznek,
"Walquiria Itati",DAmato,walquiriaitati.damato@facebook.com,"06 de Mayo",https://www.facebook.com/walquiriaitati.damato,30,,"Ciudad Autónoma de Buenos Aires","Buenos Aires",Argentina,100003979495064,"Giiu Minniti",https://www.facebook.com/giiu.minniti,
Caro,Ibarra,caro.paris.568@facebook.com,"06 de Mayo",https://www.facebook.com/caro.paris.568,,,"Ciudad Autónoma de Buenos Aires","Buenos Aires",Argentina,100004225561623,"Gonzalo Bussetti",https://www.facebook.com/gonzalo.bussetti,
Luciana,Brugal,luciana.brugal@facebook.com,"06 de Mayo",https://www.facebook.com/luciana.brugal,28,,"Ciudad Autónoma de Buenos Aires","Buenos Aires",Argentina,542754545,"Gonzalo Bussetti",https://www.facebook.com/gonzalo.bussetti,
Gonzalo,Veltri,gonzalo.veltri.9@facebook.com,"06 de Mayo",https://www.facebook.com/gonzalo.veltri.9,30,,"Ciudad Autónoma de Buenos Aires","Buenos Aires",Argentina,1044260746,"Guido Moncayo",https://www.facebook.com/guido.moncayo,
Walquiria,DAmato,itatidamato@facebook.com,"06 de Mayo",https://www.facebook.com/itatidamato,30,,"Ciudad Autónoma de Buenos Aires","Buenos Aires",Argentina,726862949,"Guille Maciá",https://www.facebook.com/guillemacia,
Regina,Abramovsky,regina.abramovsky@facebook.com,"06 de Mayo",https://www.facebook.com/regina.abramovsky,,,"Ciudad Autónoma de Buenos Aires","Buenos Aires",Argentina,100000819194148,"Gustavo Pietrafesa",,
Elisa,Pozzer,pozzerelisa@facebook.com,"06 de Mayo",https://www.facebook.com/pozzerelisa,,,"Ciudad Autónoma de Buenos Aires","Buenos Aires",Argentina,1385863100,"Gustavo Pietrafesa",,
Walesca,Baccay,walesca.baccay@facebook.com,"06 de Mayo",https://www.facebook.com/walesca.baccay,27,Recoleta,"Ciudad Autónoma de Buenos Aires","Buenos Aires",Argentina,827033115,"Hector Falsone",https://www.facebook.com/hector.falsone,
Laura,Gomez,laura.gomez.182@facebook.com,"06 de Mayo",https://www.facebook.com/laura.gomez.182,24,"Buenos Aires","Buenos Aires","Buenos Aires",Argentina,100007512319025,"Hercilia Rs",0,
Guillermo,Calz,guillermo.calz@facebook.com,"06 de Mayo",https://www.facebook.com/guillermo.calz,,,"Ciudad Autónoma de Buenos Aires","Buenos Aires",Argentina,1160263435,"Ignacio Lines Ceruti",https://www.facebook.com/ignacio.lines,
"Juan Manuel",Vidal,juanmanuelvidal1979@facebook.com,"06 de Mayo",https://www.facebook.com/juanmanuelvidal1979,,Recoleta,"Ciudad Autónoma de Buenos Aires","Buenos Aires",Argentina,100001360113173,"Ignacio Lines Ceruti",https://www.facebook.com/ignacio.lines,
Juana,Siutti,juana.siutti@facebook.com,"06 de Mayo",https://www.facebook.com/juana.siutti,22,,"Ciudad Autónoma de Buenos Aires","Buenos Aires",Argentina,531737785,"Ivan Achaval",https://www.facebook.com/ivancho.achaval,
Miranda,Doberti,mirudoberti@facebook.com,"06 de Mayo",https://www.facebook.com/mirudoberti,25,,"Ciudad Autónoma de Buenos Aires","Buenos Aires",Argentina,1154678197,"Ivan Lisz",,
Manuel,Alvarez,manuchoalvarez@facebook.com,"06 de Mayo",https://www.facebook.com/manuchoalvarez,,"Villa Crespo","Ciudad Autónoma de Buenos Aires","Buenos Aires",Argentina,590575572,"Jazmin Jurevich",https://www.facebook.com/Jaz.Jurevich,
Ives,Carciofi,ives.carciofi@facebook.com,"06 de Mayo",https://www.facebook.com/ives.carciofi,25,,"Ciudad Autónoma de Buenos Aires","Buenos Aires",Argentina,648425801,"Jazmin Jurevich",https://www.facebook.com/Jaz.Jurevich,
Maxi,Orozco,orozco.maximiliano@facebook.com,"06 de Mayo",https://www.facebook.com/orozco.maximiliano,27,,"Ciudad Autónoma de Buenos Aires","Buenos Aires",Argentina,501491411,"Jessica Bellomo",https://www.facebook.com/JessBellomo,
Marce,Fox,marcelo.fox.58@facebook.com,"06 de Mayo",https://www.facebook.com/marcelo.fox.58,25,,"Ciudad Autónoma de Buenos Aires","Buenos Aires",Argentina,727089034,"Joaco Alvarez Amuchástegui",,
Ro,Ferreiro,rocio.ferreiro@facebook.com,"06 de Mayo",https://www.facebook.com/rocio.ferreiro,25,,"Ciudad Autónoma de Buenos Aires","Buenos Aires",Argentina,1412517721,"Jobs Bar",https://www.facebook.com/jobsbar,
Carlita,Mauro,carlita.mauro@facebook.com,"06 de Mayo",https://www.facebook.com/carlita.mauro,,Coghlan,"Ciudad Autónoma de Buenos Aires","Buenos Aires",Argentina,562332634,"Jochuu Rodriguez Linck",https://www.facebook.com/jochuu.rodriguezlinck,
María,Elisa,eli.puta@facebook.com,"06 de Mayo",https://www.facebook.com/eli.puta,21,,"Ciudad Autónoma de Buenos Aires","Buenos Aires",Argentina,562806543,"Joni Aires",https://www.facebook.com/joniaires,
Pia,Cacciatore,pia.cacciatore.9@facebook.com,"06 de Mayo",https://www.facebook.com/pia.cacciatore.9,,,"Ciudad Autónoma de Buenos Aires","Buenos Aires",Argentina,1059112932,"Joni Aires",https://www.facebook.com/joniaires,
Luciano,Garcia,lucianopg@facebook.com,"06 de Mayo",https://www.facebook.com/lucianopg,,,"Ciudad Autónoma de Buenos Aires","Buenos Aires",Argentina,1270005881,"Jorge Biamonte",https://www.facebook.com/georgebiamonteok,
Jossie,Castro,jossie.fecari@facebook.com,"06 de Mayo",https://www.facebook.com/jossie.fecari,26,,"Ciudad Autónoma de Buenos Aires","Buenos Aires",Argentina,709843004,"Juan Antonio Papagni Meca",https://www.facebook.com/juanantoniopapagnimeca,
Pilar,Brito,pilar.brito.9@facebook.com,"06 de Mayo",https://www.facebook.com/pilar.brito.9,29,,"Ciudad Autónoma de Buenos Aires","Buenos Aires",Argentina,561792746,"Juani Luciani",https://www.facebook.com/ayjuancito83,
Ana,Novello,ana.novello@facebook.com,"06 de Mayo",https://www.facebook.com/ana.novello,,,"Ciudad Autónoma de Buenos Aires","Buenos Aires",Argentina,1020595308,"Juanita Lupetrone",https://www.facebook.com/jlupetrone,
Nati,Poliak,nati.poliak@facebook.com,"06 de Mayo",https://www.facebook.com/nati.poliak,27,,"Ciudad Autónoma de Buenos Aires","Buenos Aires",Argentina,1056657205,"Julian Argiz",https://www.facebook.com/julian.argiz,
Gabriela,Mergen,gabriela.mergen.7@facebook.com,"06 de Mayo",https://www.facebook.com/gabriela.mergen.7,29,,"Ciudad Autónoma de Buenos Aires","Buenos Aires",Argentina,1102450525,"Julian Argiz",https://www.facebook.com/julian.argiz,
Agustin,Meza,agustinvalverdemeza@facebook.com,"06 de Mayo",https://www.facebook.com/agustinvalverdemeza,22,Flores,"Ciudad Autónoma de Buenos Aires","Buenos Aires",Argentina,1219959923,"Julian Pagana",,
"Andrea Paola",Marzitelli,andreapaola.marzitelli@facebook.com,"06 de Mayo",https://www.facebook.com/andreapaola.marzitelli,25,,"Ciudad Autónoma de Buenos Aires","Buenos Aires",Argentina,1157685357,"Julio Bittancourt",https://www.facebook.com/jbittancourt,
Araceli,"González Dayer",arii.91@facebook.com,"06 de Mayo",https://www.facebook.com/arii.91,23,,"Ciudad Autónoma de Buenos Aires","Buenos Aires",Argentina,1300129949,"Julio Roberto Cuevas",https://www.facebook.com/julioroberto.cuevas,
Iona,Madrid,iona.madrid@facebook.com,"06 de Mayo",https://www.facebook.com/iona.madrid,23,,"Ciudad Autónoma de Buenos Aires","Buenos Aires",Argentina,1303077800,"Karen Vilariño",https://www.facebook.com/karen.vilarino,
"Avril Giuliana",Estoup,avrilgiuliana.estoup@facebook.com,"06 de Mayo",https://www.facebook.com/avrilgiuliana.estoup,22,,"Ciudad Autónoma de Buenos Aires","Buenos Aires",Argentina,100001415251494,"Karina Alejandra Barral",https://www.facebook.com/karina.barral,
Metalfox,Argentina,metalfox.argentina@facebook.com,"06 de Mayo",https://www.facebook.com/MetalFox.Argentina,,,"Ciudad Autónoma de Buenos Aires","Buenos Aires",Argentina,661712292,"La Rockeria",https://www.facebook.com/oveja1,
"Plug N","Play Prod",plugandplayshows@facebook.com,"06 de Mayo",https://www.facebook.com/plugandplayshows,30,,"Ciudad Autónoma de Buenos Aires","Buenos Aires",Argentina,100005895007095,"La Rockeria",https://www.facebook.com/oveja1,
Daniel,"de la Cuore",ddelacoure@facebook.com,"06 de Mayo",https://www.facebook.com/ddelacoure,,,"Ciudad Autónoma de Buenos Aires","Buenos Aires",Argentina,1751419471,"Laly Sereda",https://www.facebook.com/lalisereda,
Agustin,Capurro,agustin.capurro.750@facebook.com,"06 de Mayo",https://www.facebook.com/agustin.capurro.750,,,"Ciudad Autónoma de Buenos Aires","Buenos Aires",Argentina,672090534,"Laly Sereda",https://www.facebook.com/lalisereda,
Mel,Seser,melisaseser@facebook.com,"06 de Mayo",https://www.facebook.com/melisaseser,,"Buenos Aires","Buenos Aires","Buenos Aires",Argentina,1269913794,"Leo LugÓn",0,
Sandra,Mateo,ssmateo@facebook.com,"06 de Mayo",https://www.facebook.com/ssmateo,,,"Ciudad Autónoma de Buenos Aires","Buenos Aires",Argentina,1661987331,"Li-ly Rojas",https://www.facebook.com/serena1968,
Carolina,Signorelli,carolina.signorelli1@facebook.com,"06 de Mayo",https://www.facebook.com/carolina.signorelli1,,"Villa Devoto","Ciudad Autónoma de Buenos Aires","Buenos Aires",Argentina,1663044070,"Li-ly Rojas",https://www.facebook.com/serena1968,
Tiina,Colase,tiina.colase@facebook.com,"06 de Mayo",https://www.facebook.com/tiina.colase,,,"Ciudad Autónoma de Buenos Aires","Buenos Aires",Argentina,1350601540,"Lucas Funes",https://www.facebook.com/SkriLef14,
Ayelen,Barchetta,@facebook.com,"06 de Mayo",https://www.facebook.com/profile.php?id=661345137,23,,"Ciudad Autónoma de Buenos Aires","Buenos Aires",Argentina,661345137,"Lucia Benavídez",,
Melisa,Dahlgren,melisa.dahlgren@facebook.com,"06 de Mayo",https://www.facebook.com/melisa.dahlgren,23,Saavedra,"Ciudad Autónoma de Buenos Aires","Buenos Aires",Argentina,789916456,"Lucia Marti",https://www.facebook.com/luli.marti,
Mery,Aguilar,mery.aguilar@facebook.com,"06 de Mayo",https://www.facebook.com/mery.aguilar,29,,"Ciudad Autónoma de Buenos Aires","Buenos Aires",Argentina,692720897,"Luciana Antrilli",https://www.facebook.com/luciana.antrilli,
Nicole,Leyton,niqi.leyton@facebook.com,"06 de Mayo",https://www.facebook.com/niqi.leyton,,"Buenos Aires","Buenos Aires","Buenos Aires",Argentina,1356191217,"Luciana Paione Oleszuk",0,
Manuel,Repetto,manuel.repetto.50@facebook.com,"06 de Mayo",https://www.facebook.com/manuel.repetto.50,,"Buenos Aires","Buenos Aires","Buenos Aires",Argentina,100003085990225,"Luciana Paione Oleszuk",0,
"Jacinto Bilbao","Calzado de Autor",jacintobilbao.calzadodeautor@facebook.com,"06 de Mayo",https://www.facebook.com/jacintobilbao.calzadodeautor,,,"Ciudad Autónoma de Buenos Aires","Buenos Aires",Argentina,100004518451316,"Lupe Dávalos",https://www.facebook.com/guadinight,
Candelaria,"Aparicio Martínez",candelaria.am@facebook.com,"06 de Mayo",https://www.facebook.com/candelaria.am,,,"Ciudad Autónoma de Buenos Aires","Buenos Aires",Argentina,1317515444,"M Agustina Ciarla Quintana",https://www.facebook.com/magustina.quintana,
Laura,Galarza,laura.galarza.5@facebook.com,"06 de Mayo",https://www.facebook.com/laura.galarza.5,,,"Ciudad Autónoma de Buenos Aires","Buenos Aires",Argentina,100003958025395,"Majo López Tavani",https://www.facebook.com/lasplumas,
Cosmetica,Nex,cosmetica.nex@facebook.com,"06 de Mayo",https://www.facebook.com/cosmetica.nex,,,"Ciudad Autónoma de Buenos Aires","Buenos Aires",Argentina,100002324771437,"Malvi Ovando",https://www.facebook.com/malvi.ovando,
Facundo,Rolandria,facundo.rolandria@facebook.com,"06 de Mayo",https://www.facebook.com/facundo.rolandria,27,Liniers,"Ciudad Autónoma de Buenos Aires","Distrito Federal",Argentina,1077428056,"Mar Marignac",https://www.facebook.com/marina.marignac,
Nico,Gancedo,nico.gancedo3@facebook.com,"06 de Mayo",https://www.facebook.com/nico.gancedo3,,,"Ciudad Autónoma de Buenos Aires","Buenos Aires",Argentina,1271788836,"Marcelo Braun Menendez",,
Lu,Helu,luhelu@facebook.com,"06 de Mayo",https://www.facebook.com/LuHelu,,,"Ciudad Autónoma de Buenos Aires","Buenos Aires",Argentina,1247275965,"Maria DEL Mar",,
Tomas,Maceda,tomasero@facebook.com,"06 de Mayo",https://www.facebook.com/Tomasero,26,,"Ciudad Autónoma de Buenos Aires","Buenos Aires",Argentina,571014820,"Maria Lucila Quarleri",https://www.facebook.com/maria.quarleri,
Hermandad,McKenzie,hermandadmckenzie@facebook.com,"06 de Mayo",https://www.facebook.com/hermandadmckenzie,26,,"Ciudad Autónoma de Buenos Aires","Buenos Aires",Argentina,571246148,"Maria Lucila Quarleri",https://www.facebook.com/maria.quarleri,
María,Bordoni,jimena.bordoni@facebook.com,"06 de Mayo",https://www.facebook.com/jimena.bordoni,29,,"Ciudad Autónoma de Buenos Aires","Buenos Aires",Argentina,1107176159,"Maria Pia Perez Brea",,
Lucho,Arlandis,lucho.arlandis@facebook.com,"06 de Mayo",https://www.facebook.com/lucho.arlandis,21,,"Ciudad Autónoma de Buenos Aires","Buenos Aires",Argentina,100001038521281,"Maria Quevedo",https://www.facebook.com/mery.quevedo3,
Lucas,"Di Leo Lira",lucas.dileolira@facebook.com,"06 de Mayo",https://www.facebook.com/lucas.dileolira,,,"Ciudad Autónoma de Buenos Aires","Buenos Aires",Argentina,1017718777,"Mariana Fournier",https://www.facebook.com/mariana.fournier1,
Paula,Luberchi,paula.luberchi@facebook.com,"06 de Mayo",https://www.facebook.com/paula.luberchi,,,"Ciudad Autónoma de Buenos Aires","Buenos Aires",Argentina,1471257819,"Mariana Fournier",https://www.facebook.com/mariana.fournier1,
Stefania,Crescente,stefania.crescente.9@facebook.com,"06 de Mayo",https://www.facebook.com/stefania.crescente.9,22,,"Ciudad Autónoma de Buenos Aires","Buenos Aires",Argentina,634014395,"Mariano Montani",https://www.facebook.com/mariano.montani,
Yesica,"Di Meo",yesica.dimeo@facebook.com,"06 de Mayo",https://www.facebook.com/yesica.dimeo,27,,"Ciudad Autónoma de Buenos Aires","Buenos Aires",Argentina,100000170043605,"Mariela Alonso",,
Carolina,Castrovinci,caro.velez.90@facebook.com,"06 de Mayo",https://www.facebook.com/caro.velez.90,23,Liniers,"Ciudad Autónoma de Buenos Aires","Buenos Aires",Argentina,1134016739,"Martín Álvarez BA I",https://www.facebook.com/Woody.Blair,
Marianela,Wunsche,marianela.wunsche@facebook.com,"06 de Mayo",https://www.facebook.com/marianela.wunsche,21,,"Ciudad Autónoma de Buenos Aires","Buenos Aires",Argentina,1385499699,"Martín Álvarez BA I",https://www.facebook.com/Woody.Blair,
Nicolás,Inuggi,nicolas.inuggi@facebook.com,"06 de Mayo",https://www.facebook.com/nicolas.inuggi,23,,"Ciudad Autónoma de Buenos Aires","Buenos Aires",Argentina,100000026819278,"Marti Nevares",https://www.facebook.com/martii.nevares,
Nicolás,Siciliani,nicosici@facebook.com,"06 de Mayo",https://www.facebook.com/nicosici,,"Buenos Aires","Buenos Aires","Buenos Aires",Argentina,789755105,"Martu Lehmann",0,
Soledad,Lorenzo,soledad.lorenzo@facebook.com,"06 de Mayo",https://www.facebook.com/soledad.lorenzo,28,,"Ciudad Autónoma de Buenos Aires","Buenos Aires",Argentina,1185664455,"Matias Daniel Pascual",,
Ariel,Pokard,ariel.pokard@facebook.com,"06 de Mayo",https://www.facebook.com/ariel.pokard,,,"Ciudad Autónoma de Buenos Aires","Buenos Aires",Argentina,769624048,"Matias Daniel Pascual",,
Luciano,Glielmi,luciano.glielmi@facebook.com,"06 de Mayo",https://www.facebook.com/luciano.glielmi,,"Villa Luro","Ciudad Autónoma de Buenos Aires","Distrito Federal",Argentina,1491147133,"Matias Duarte",,
Victoria,Gazzo,victoria.gazzo.31@facebook.com,"06 de Mayo",https://www.facebook.com/victoria.gazzo.31,29,,"Ciudad Autónoma de Buenos Aires","Buenos Aires",Argentina,648195864,"Mauro Napole",https://www.facebook.com/maurinapole,
Yami,Chereminiano,yami.chereminiano@facebook.com,"06 de Mayo",https://www.facebook.com/yami.chereminiano,26,,"Ciudad Autónoma de Buenos Aires","Buenos Aires",Argentina,1337551283,"Mavi Manzano",https://www.facebook.com/mavi.manzano,
Bruno,Levin,bruno.levin.3@facebook.com,"06 de Mayo",https://www.facebook.com/bruno.levin.3,26,,"Ciudad Autónoma de Buenos Aires","Buenos Aires",Argentina,592239780,"Melanie Azar",,
Javier,Plavnick,javier.plavnick@facebook.com,"06 de Mayo",https://www.facebook.com/javier.plavnick,26,,"Ciudad Autónoma de Buenos Aires","Buenos Aires",Argentina,592246876,"Melanie Azar",,
Chelo,Gurruchaga,chelo.gurruchaga@facebook.com,"06 de Mayo",https://www.facebook.com/chelo.gurruchaga,,Paternal,"Ciudad Autónoma de Buenos Aires","Buenos Aires",Argentina,1132173076,"Melo Dellarole",https://www.facebook.com/melodellarole,
Isabel,Caldararo,isabel.caldararo@facebook.com,"06 de Mayo",https://www.facebook.com/isabel.caldararo,29,,"Ciudad Autónoma de Buenos Aires","Buenos Aires",Argentina,726242734,"Melo Dellarole",https://www.facebook.com/melodellarole,
Carla,Pozzi,carlad.pozzi@facebook.com,"06 de Mayo",https://www.facebook.com/carlad.pozzi,23,,"Ciudad Autónoma de Buenos Aires","Buenos Aires",Argentina,1258339011,"Mercedes Cataldi",https://www.facebook.com/mercedes.cataldi,
Flor,Salviccio,flor.salviccio@facebook.com,"06 de Mayo",https://www.facebook.com/flor.salviccio,,,"Ciudad Autónoma de Buenos Aires","Buenos Aires",Argentina,1270325600,"Micaa Villa",https://www.facebook.com/MicaaElaVilla,
Maria,Sevillano,maria.v.sevillano@facebook.com,"06 de Mayo",https://www.facebook.com/maria.v.sevillano,,,"Ciudad Autónoma de Buenos Aires","Buenos Aires",Argentina,647982661,"Natalia Garmaz Hilbert",https://www.facebook.com/natalia.garmazhilbert,
Brian,Jalkh,negro.jalkh@facebook.com,"06 de Mayo",https://www.facebook.com/Negro.jalkh,26,,"Ciudad Autónoma de Buenos Aires","Buenos Aires",Argentina,628720450,"Natalia Landa",,
López,Abogados,lopezcanfora@facebook.com,"06 de Mayo",https://www.facebook.com/lopezcanfora,,,"Ciudad Autónoma de Buenos Aires","Buenos Aires",Argentina,100002191881595,"Natalia Magali Guglielmo",https://www.facebook.com/nataliamagali.guglielmo,
"Griselda Andrea",Iglesias,griseliglesias@facebook.com,"06 de Mayo",https://www.facebook.com/griseliglesias,,,"Ciudad Autónoma de Buenos Aires","Buenos Aires",Argentina,1082918591,"Natalia Tarelli",,
Nicole,Rambert,nicole.rambert@facebook.com,"06 de Mayo",https://www.facebook.com/nicole.rambert,23,,"Ciudad Autónoma de Buenos Aires","Buenos Aires",Argentina,1034850362,"Nicolas Baumann",https://www.facebook.com/redcarpetpalermo,
Florencia,Santillan,florencia.santillan.507@facebook.com,"06 de Mayo",https://www.facebook.com/florencia.santillan.507,29,Recoleta,"Ciudad Autónoma de Buenos Aires","Buenos Aires",Argentina,714591144,"Nicolas Supital",https://www.facebook.com/nicosupi,
Leila,Fonzo,leila.fonzo@facebook.com,"06 de Mayo",https://www.facebook.com/leila.fonzo,27,,"Ciudad Autónoma de Buenos Aires","Buenos Aires",Argentina,1041233953,"Pablo Gilmartin",https://www.facebook.com/pablo.gilmartin,
Azu,Leali,azu.leali@facebook.com,"06 de Mayo",https://www.facebook.com/azu.leali,21,,"Ciudad Autónoma de Buenos Aires","Buenos Aires",Argentina,100002231635685,"Pamela Garrote",https://www.facebook.com/pamela.garrote,
Leonardo,"Adrian Bermudez",leonardo.bermudez2@facebook.com,"06 de Mayo",https://www.facebook.com/leonardo.bermudez2,23,,"Ciudad Autónoma de Buenos Aires","Buenos Aires",Argentina,1157223837,"Pamela Garrote",https://www.facebook.com/pamela.garrote,
Máximo,"De Zavalía",mdezavalia@facebook.com,"06 de Mayo",https://www.facebook.com/mdezavalia,23,"Buenos Aires","Buenos Aires","Buenos Aires",Argentina,801837350,"Patrick Fernando Kushner L",0,
Gonzalo,Boyne,gonzalo.boyne@facebook.com,"06 de Mayo",https://www.facebook.com/gonzalo.boyne,30,,"Ciudad Autónoma de Buenos Aires","Buenos Aires",Argentina,706737935,"Pau Britez",https://www.facebook.com/pau.britez,
Rodri,Santinon,rodri.santinon@facebook.com,"06 de Mayo",https://www.facebook.com/rodri.santinon,25,Array,"Ciudad Autónoma de Buenos Aires","Buenos Aires",Argentina,1182184262,"Peter GC",0,
Malu,Rocca,malu.rocca@facebook.com,"06 de Mayo",https://www.facebook.com/malu.rocca,,,"Ciudad Autónoma de Buenos Aires","Buenos Aires",Argentina,1043988765,"Piltra Toller",https://www.facebook.com/piltra,
Lucas,Alcalá,memolestaquemerompanlasbolas@facebook.com,"06 de Mayo",https://www.facebook.com/memolestaquemerompanlasbolas,,,"Ciudad Autónoma de Buenos Aires","Buenos Aires",Argentina,1656968328,"Piltra Toller",https://www.facebook.com/piltra,
Maru,"Di Marco",marudimarco@facebook.com,"06 de Mayo",https://www.facebook.com/MaruDiMarco,24,,"Ciudad Autónoma de Buenos Aires","Buenos Aires",Argentina,1027076963,"Rocío Martínez",https://www.facebook.com/rochi.belen,
Luciano,Ardissone,luciano.ardissone@facebook.com,"06 de Mayo",https://www.facebook.com/luciano.ardissone,24,,"Ciudad Autónoma de Buenos Aires","Buenos Aires",Argentina,100000023630123,"Rocío Martínez",https://www.facebook.com/rochi.belen,
Santiago,Peuriot,santiago.peuriot@facebook.com,"06 de Mayo",https://www.facebook.com/santiago.peuriot,,,"Ciudad Autónoma de Buenos Aires","Buenos Aires",Argentina,749544579,"Rocío Martínez",https://www.facebook.com/rochi.belen,
Joan,Muñoz,joan.munoz.923@facebook.com,"06 de Mayo",https://www.facebook.com/joan.munoz.923,22,,"Ciudad Autónoma de Buenos Aires","Buenos Aires",Argentina,1360670221,"Rochi Christensen",https://www.facebook.com/rochi.christensen,
Mech,Comesaña,mech.comesana@facebook.com,"06 de Mayo",https://www.facebook.com/mech.comesana,26,,"Ciudad Autónoma de Buenos Aires","Buenos Aires",Argentina,759368535,"Rocio Marquez",,
Lucas,Sicardi,lucas.sicardi.7@facebook.com,"06 de Mayo",https://www.facebook.com/lucas.sicardi.7,22,,"Ciudad Autónoma de Buenos Aires","Buenos Aires",Argentina,1038783698,"Romina Toller",,
K.o.,Partie,hippartie@facebook.com,"06 de Mayo",https://www.facebook.com/HIPpartie,26,,"Ciudad Autónoma de Buenos Aires","Buenos Aires",Argentina,100000949845514,"Romy Gutierrez Jaime",https://www.facebook.com/romygutierrezjaime,
"Juan Ignacio",Fariña,juanignacio.farina@facebook.com,"06 de Mayo",https://www.facebook.com/juanignacio.farina,27,,"Ciudad Autónoma de Buenos Aires","Buenos Aires",Argentina,757277942,"Roxana Cecilia Moyano",https://www.facebook.com/roxana.moyano,
Luciana,Rodriguez,luciana.rodriguez.3386@facebook.com,"06 de Mayo",https://www.facebook.com/luciana.rodriguez.3386,,,"Ciudad Autónoma de Buenos Aires","Buenos Aires",Argentina,643229586,"Roxy Arana",,
Marcelo,Rivas,marcelo.esteban.rivas@facebook.com,"06 de Mayo",https://www.facebook.com/Marcelo.Esteban.Rivas,,,"Ciudad Autónoma de Buenos Aires","Buenos Aires",Argentina,638266885,"Sabri Bértolo",,
Dani,Marche,dani.marche@facebook.com,"06 de Mayo",https://www.facebook.com/dani.marche,24,,"Ciudad Autónoma de Buenos Aires","Buenos Aires",Argentina,767109093,"SanTiago Peralta",https://www.facebook.com/peralta.santiago,
Nicolas,Cotignola,nicocotignola@facebook.com,"06 de Mayo",https://www.facebook.com/nicocotignola,25,Avellaneda,"Ciudad Autónoma de Buenos Aires","Buenos Aires",Argentina,1127771958,"Sebastian Daniel Riccardi",https://www.facebook.com/sebastian.riccardi,
Mechi,Peyon,mechi.peyon@facebook.com,"06 de Mayo",https://www.facebook.com/mechi.peyon,,,"Ciudad Autónoma de Buenos Aires","Buenos Aires",Argentina,623371314,"Sebastian Zarate",,
Juan,Sanchez,juan.m.sanchez.39501@facebook.com,"06 de Mayo",https://www.facebook.com/juan.m.sanchez.39501,24,,"Ciudad Autónoma de Buenos Aires","Buenos Aires",Argentina,662975650,"Sele Raimundo",https://www.facebook.com/sele.raimundo,
Carlos,Suarez,carlos.suarez2k9@facebook.com,"06 de Mayo",https://www.facebook.com/carlos.suarez2k9,,,"Ciudad Autónoma de Buenos Aires","Buenos Aires",Argentina,1438092127,"Sergio Acosta",,
Franco,Pecoraro,franco.pecoraro.1@facebook.com,"06 de Mayo",https://www.facebook.com/franco.pecoraro.1,,,"Ciudad Autónoma de Buenos Aires","Buenos Aires",Argentina,506023359,"Sergio Acosta",,
Beverage,Delivery,@facebook.com,"06 de Mayo",https://www.facebook.com/profile.php?id=100008272425823,26,,"Ciudad Autónoma de Buenos Aires","Buenos Aires",Argentina,100008272425823,"Silvia Fernandez",https://www.facebook.com/silviafernandezchivi,
Santiago,"Rua Peña",santirua12@facebook.com,"06 de Mayo",https://www.facebook.com/santirua12,,"La Boca","Ciudad Autónoma de Buenos Aires","Buenos Aires",Argentina,1104374874,"Silvia Fernandez",https://www.facebook.com/silviafernandezchivi,
Pato,Martinez,patmartin13@facebook.com,"06 de Mayo",https://www.facebook.com/PatMartin13,,,"Ciudad Autónoma de Buenos Aires","Buenos Aires",Argentina,676230409,"Sofía Barreira",https://www.facebook.com/sofia.barreiram,
Agus,Catto,agljsscatto@facebook.com,"06 de Mayo",https://www.facebook.com/AgLJssCatto,,,"Ciudad Autónoma de Buenos Aires","Buenos Aires",Argentina,1130443959,"Sol Bettoni",,
Guido,Santillan,guido.santillan.94@facebook.com,"06 de Mayo",https://www.facebook.com/guido.santillan.94,23,,"Ciudad Autónoma de Buenos Aires","Buenos Aires",Argentina,810659687,"Srita Bauer",https://www.facebook.com/marina.vas,
Matias,Musitani,mdmusitani@facebook.com,"06 de Mayo",https://www.facebook.com/mdmusitani,27,,"Ciudad Autónoma de Buenos Aires","Buenos Aires",Argentina,554016718,"Tatiana Petroccelli",https://www.facebook.com/tanshanita,
Sebas,"Petrarca CF",sebastian.petrarca@facebook.com,"06 de Mayo",https://www.facebook.com/sebastian.petrarca,,"Villa Del Parque","Ciudad Autónoma de Buenos Aires","Buenos Aires",Argentina,1155827845,"Tia Lu",https://www.facebook.com/vivardo.lucia,
Christian,Pintos,christian.pintos.1@facebook.com,"06 de Mayo",https://www.facebook.com/christian.pintos.1,,,"Ciudad Autónoma de Buenos Aires","Buenos Aires",Argentina,1119331598,"Vale Piedra",https://www.facebook.com/Valepiedra,
Guido,Guelman,guido.guelman@facebook.com,"06 de Mayo",https://www.facebook.com/guido.guelman,,,"Ciudad Autónoma de Buenos Aires","Buenos Aires",Argentina,1124329498,"Valentino Fabre",https://www.facebook.com/valenfabre,
Dario,Calafati,dario.calafati.31@facebook.com,"06 de Mayo",https://www.facebook.com/dario.calafati.31,,,"Ciudad Autónoma de Buenos Aires","Buenos Aires",Argentina,1285428560,"Valeria Ayala",,
Joaquin,Alvarez,joaquin.alvarez.925@facebook.com,"06 de Mayo",https://www.facebook.com/joaquin.alvarez.925,,,"Ciudad Autónoma de Buenos Aires","Buenos Aires",Argentina,607191941,"Vanesa Macias",https://www.facebook.com/vanesa.macias1,
Eli,"del Castillo",eli.delcastillo.7@facebook.com,"06 de Mayo",https://www.facebook.com/eli.delcastillo.7,,,"Ciudad Autónoma de Buenos Aires","Buenos Aires",Argentina,1396921219,"Veronica Escobar",,
Agustin,Aparicio,agustin.aparicio.12@facebook.com,"06 de Mayo",https://www.facebook.com/agustin.aparicio.12,24,,"Ciudad Autónoma de Buenos Aires","Buenos Aires",Argentina,100001012375234,"Vicky Blengini",https://www.facebook.com/vicky.blengini,
Mati,Chianelli,matias.chianelli.5@facebook.com,"06 de Mayo",https://www.facebook.com/matias.chianelli.5,29,,"Ciudad Autónoma de Buenos Aires","Buenos Aires",Argentina,100002898485096,"Yanina Toto",https://www.facebook.com/yanina.toto,
