Nombre,Apellido,"Email Facebook",Cumpleaños,"Usuario Facebook",Edad,Barrio,Ciudad,Provincia,Pais,"ID Facebook","Amigo De","Amigo De (Usuario)",rebound
Romina,Plate,romina.r.plate@facebook.com,"15 de Mayo",https://www.facebook.com/romina.r.plate,,,"Ciudad Autónoma de Buenos Aires","Buenos Aires",Argentina,1126703047,"Pedro Lopezyfernandez",https://www.facebook.com/pedronahuel,1
Aguus,Garda,aguustitaa@facebook.com,"15 de Mayo",https://www.facebook.com/Aguustitaa,,,"Ciudad Autónoma de Buenos Aires","Buenos Aires",Argentina,100000182003340,"Brian Cano",,1
María,Morel,malutranki@facebook.com,"15 de Mayo",https://www.facebook.com/malutranki,,,"Ciudad Autónoma de Buenos Aires","Buenos Aires",Argentina,1110607794,"Lucia Benavídez",,1
Lucía,Cora,luciabcora@facebook.com,"15 de Mayo",https://www.facebook.com/LuciaBCora,,,"Ciudad Autónoma de Buenos Aires","Buenos Aires",Argentina,1288121128,"Pala Falguera",,1
Sol,Abal,kimagure.shirooy@facebook.com,"15 de Mayo",https://www.facebook.com/Kimagure.Shirooy,,"Buenos Aires","Buenos Aires","Buenos Aires",Argentina,100002725371374,"Alan Yun",0,1
Martin,Anchorena,martin.anchorena.161@facebook.com,"15 de Mayo",https://www.facebook.com/martin.anchorena.161,29,,"Ciudad Autónoma de Buenos Aires","Buenos Aires",Argentina,100002107629464,"Felipe Vidal",https://www.facebook.com/Feelipe.vp,1
Jonathan,Kok,jonathan.kok.90@facebook.com,"15 de Mayo",https://www.facebook.com/jonathan.kok.90,27,,"Ciudad Autónoma de Buenos Aires","Buenos Aires",Argentina,100002096957778,"Nell Rosales",https://www.facebook.com/nell.rosales,1
Romina,Urreaga,romina.urreaga@facebook.com,"15 de Mayo",https://www.facebook.com/romina.urreaga,29,,"Ciudad Autónoma de Buenos Aires","Buenos Aires",Argentina,1249489409,"Daniel Toro Lopez",,1
Romina,Frachetti,romina.frachetti@facebook.com,"15 de Mayo",https://www.facebook.com/romina.frachetti,24,,"Ciudad Autónoma de Buenos Aires","Buenos Aires",Argentina,1347289844,"Ezequiel Perez",,1
Cristian,Palacios,cristian.palacios.9212@facebook.com,"15 de Mayo",https://www.facebook.com/cristian.palacios.9212,,,"Ciudad Autónoma de Buenos Aires","Buenos Aires",Argentina,1274263928,"Mauro Sebastian Villegas",,1
Daii,"Medina Hilarrachea",daii.medinahilarrachea@facebook.com,"15 de Mayo",https://www.facebook.com/daii.medinahilarrachea,,,"Ciudad Autónoma de Buenos Aires","Buenos Aires",Argentina,1418983924,"Martín Álvarez BA I",https://www.facebook.com/Woody.Blair,1
Marta,Teatro,marta.teatro@facebook.com,"15 de Mayo",https://www.facebook.com/marta.teatro,,,"Ciudad Autónoma de Buenos Aires","Buenos Aires",Argentina,100001566883470,"Ariel Villarreal",,1
Belén,"Baldomar Prada",belen.baldomarprada@facebook.com,"15 de Mayo",https://www.facebook.com/belen.baldomarprada,23,,"Ciudad Autónoma de Buenos Aires","Buenos Aires",Argentina,1051135330,"Jero Salsamendi",https://www.facebook.com/jero.salsamendi,1
Maximiliano,Argenio,maximoagenio@facebook.com,"15 de Mayo",https://www.facebook.com/maximoagenio,23,,"Ciudad Autónoma de Buenos Aires","Buenos Aires",Argentina,1222704580,"Sofía Barreira",https://www.facebook.com/sofia.barreiram,1
Lucila,Ayelen,lucillll@facebook.com,"15 de Mayo",https://www.facebook.com/Lucillll,,,"Ciudad Autónoma de Buenos Aires","Buenos Aires",Argentina,100006095910155,"Emiliano Pirolo",,1
Onfire,Drinks,academiabarman@facebook.com,"15 de Mayo",https://www.facebook.com/academiabarman,28,,"Ciudad Autónoma de Buenos Aires","Buenos Aires",Argentina,100006254895679,"David Zalasar",https://www.facebook.com/Davidcocktails,1
Alexis,Pascal,alexis.pascal.18@facebook.com,"15 de Mayo",https://www.facebook.com/alexis.pascal.18,26,,"Ciudad Autónoma de Buenos Aires","Buenos Aires",Argentina,1149187971,"Lucia Marti",https://www.facebook.com/luli.marti,1
Locas,"de Remate",locas.deremate.77@facebook.com,"15 de Mayo",https://www.facebook.com/locas.deremate.77,29,,"Ciudad Autónoma de Buenos Aires","Buenos Aires",Argentina,100003922752953,"Victoria Roldán",https://www.facebook.com/marievickyroldan,1
Fatima,Gonzalez,fatima.gonzalez.39750@facebook.com,"15 de Mayo",https://www.facebook.com/fatima.gonzalez.39750,,,"Ciudad Autónoma de Buenos Aires","Buenos Aires",Argentina,1552268751,"Emiliano Pirolo",https://www.facebook.com/emi.pirolo,1
Retro,Yalgomás,retro.yalgomas@facebook.com,"15 de Mayo",https://www.facebook.com/retro.yalgomas,27,,"Ciudad Autónoma de Buenos Aires","Buenos Aires",Argentina,100001961957640,"Flor Vischi Cortés",https://www.facebook.com/flor.vischi,1
Tao,Plante,tao.plante@facebook.com,"15 de Mayo",https://www.facebook.com/tao.plante,22,,"Ciudad Autónoma de Buenos Aires","Buenos Aires",Argentina,1002953460,"Luli Torres",,1
Míkítááh,Bm,mikitaah.rodriguez.9@facebook.com,"15 de Mayo",https://www.facebook.com/Mikitaah.Rodriguez.9,,,"Ciudad Autónoma de Buenos Aires","Buenos Aires",Argentina,100003464658902,"Demián Gabriel",,1
Camila,Carral,camila.carral@facebook.com,"15 de Mayo",https://www.facebook.com/camila.carral,,,"Ciudad Autónoma de Buenos Aires","Buenos Aires",Argentina,1477054554,"Christian Douer Chuky",https://www.facebook.com/christian.chuky,1
Isidro,Reyes,isidro.reyes.58@facebook.com,"15 de Mayo",https://www.facebook.com/isidro.reyes.58,24,,"Ciudad Autónoma de Buenos Aires","Buenos Aires",Argentina,100002972945462,"Christian Vadalá",https://www.facebook.com/christian.vadala,1
Marcelo,Salazar,marcelo.salazar.378@facebook.com,"15 de Mayo",https://www.facebook.com/marcelo.salazar.378,28,,"Ciudad Autónoma de Buenos Aires","Buenos Aires",Argentina,100002863994235,"Leandro Matias",,1
Manuel,Conte,manoloconte@facebook.com,"15 de Mayo",https://www.facebook.com/manoloconte,,"Buenos Aires","Buenos Aires","Buenos Aires",Argentina,1606110490,"Luciana Paione Oleszuk",0,1
"Los Dandys","de Olivos",losdandys.deolivos.7@facebook.com,"15 de Mayo",https://www.facebook.com/losdandys.deolivos.7,22,,"Ciudad Autónoma de Buenos Aires","Buenos Aires",Argentina,100007830372904,"Nadia Vannessa",https://www.facebook.com/nadiavannessa18,1
Todo,"Sobre Mí",todo.sobremi.5@facebook.com,"15 de Mayo",https://www.facebook.com/todo.sobremi.5,,,"Ciudad Autónoma de Buenos Aires","Buenos Aires",Argentina,100001642861535,"Juan Manuel Fotografo",https://www.facebook.com/JuanmaJMFotoEstudio,1
Natalia,Wedd,nat.wedd.1@facebook.com,"15 de Mayo",https://www.facebook.com/nat.wedd.1,,,"Ciudad Autónoma de Buenos Aires","Buenos Aires",Argentina,100004828201931,"Jose Guevara",https://www.facebook.com/JoeGuevara81,1
Camu,Vicente,camu.vicente@facebook.com,"15 de Mayo",https://www.facebook.com/camu.vicente,,Barracas,"Ciudad Autónoma de Buenos Aires","Buenos Aires",Argentina,1134003821,"Emiliano Pirolo",https://www.facebook.com/emi.pirolo,1
Adry,Fernandez,adriana.fernandez.7758235@facebook.com,"15 de Mayo",https://www.facebook.com/adriana.fernandez.7758235,,,"Ciudad Autónoma de Buenos Aires","Buenos Aires",Argentina,1618246816,"Emiliano Pirolo",https://www.facebook.com/emi.pirolo,1
La,Caleta,lacaletaonline@facebook.com,"15 de Mayo",https://www.facebook.com/lacaletaonline,26,,"Ciudad Autónoma de Buenos Aires","Buenos Aires",Argentina,100001116656859,"Alexia Garcia",https://www.facebook.com/garciaalexiia,1
ClubOne,Sundays,mariano.mascardi.94@facebook.com,"15 de Mayo",https://www.facebook.com/mariano.mascardi.94,28,Recoleta,"Ciudad Autónoma de Buenos Aires","Buenos Aires",Argentina,100006392774050,"Chanchi Martinez",https://www.facebook.com/chanchi.martinez,1
Micaela,Robles,micaela.robles.731@facebook.com,"15 de Mayo",https://www.facebook.com/micaela.robles.731,22,,"Ciudad Autónoma de Buenos Aires","Buenos Aires",Argentina,100000142886818,"Juan Elias Catan",https://www.facebook.com/juan.724,1
Julieta,Abed,julieta.abed@facebook.com,"15 de Mayo",https://www.facebook.com/Julieta.Abed,,,"Ciudad Autónoma de Buenos Aires","Buenos Aires",Argentina,100000059569392,"Jonathan Julian",,1
Sol,Bustamante,sol.bustamante1@facebook.com,"15 de Mayo",https://www.facebook.com/sol.bustamante1,,,"Ciudad Autónoma de Buenos Aires","Buenos Aires",Argentina,1448617125,"Clara Ryan",https://www.facebook.com/clariryaneventos,1
CeeCy,Fuentes,cee.fuentes@facebook.com,"15 de Mayo",https://www.facebook.com/cee.fuentes,,,"Ciudad Autónoma de Buenos Aires","Buenos Aires",Argentina,1582671676,"Florencia Pellegrino",,1
Julián,Agustín,juulidevp@facebook.com,"15 de Mayo",https://www.facebook.com/JuuliDeVp,,"Villa Pueyrredón","Ciudad Autónoma de Buenos Aires","Distrito Federal",Argentina,665457556,"Maria Belén",,1
Vivi,Salas,vivi.salas.50@facebook.com,"15 de Mayo",https://www.facebook.com/vivi.salas.50,,,"Ciudad Autónoma de Buenos Aires","Buenos Aires",Argentina,100001220961996,"Susan Romano",,1
Isabella,Ve,isabella.vellu@facebook.com,"15 de Mayo",https://www.facebook.com/isabella.vellu,,,"Ciudad Autónoma de Buenos Aires","Buenos Aires",Argentina,100002251127569,"Silvina Yanina Albornoz Garlepp",https://www.facebook.com/silvinayaninaalbornozgarl,1
Anabella,Antoniw,anabellaantoniw@facebook.com,"15 de Mayo",https://www.facebook.com/anabellaantoniw,,"Buenos Aires","Buenos Aires","Buenos Aires",Argentina,1386758682,"Patrick Fernando Kushner L",0,1
Annie,Teves,annie.teves.3@facebook.com,"15 de Mayo",https://www.facebook.com/annie.teves.3,24,,"Ciudad Autónoma de Buenos Aires","Buenos Aires",Argentina,100004911123452,"Martín Álvarez BA I",https://www.facebook.com/Woody.Blair,1
Facu,Garcia,facu.garcia.9275@facebook.com,"15 de Mayo",https://www.facebook.com/facu.garcia.9275,,,"Ciudad Autónoma de Buenos Aires","Buenos Aires",Argentina,1358077019,"Eugenia Vega",https://www.facebook.com/eugenitavega,1
"El Grito","del Loro",elgrito.delloro@facebook.com,"15 de Mayo",https://www.facebook.com/elgrito.delloro,,,"Ciudad Autónoma de Buenos Aires","Buenos Aires",Argentina,100001983207217,"Alina Gálvez Lynch",https://www.facebook.com/alina.galvez,1
"Ideas En",Imágenes,photo.ideas.en.imagenes@facebook.com,"15 de Mayo",https://www.facebook.com/PHOTO.Ideas.en.Imagenes,,,"Ciudad Autónoma de Buenos Aires","Buenos Aires",Argentina,100002039238815,"Alina Gálvez Lynch",https://www.facebook.com/alina.galvez,1
Lucas,Gensemin,lucas.gensemin@facebook.com,"15 de Mayo",https://www.facebook.com/lucas.gensemin,,,"Ciudad Autónoma de Buenos Aires","Buenos Aires",Argentina,100002183376664,"Sindy Elisa Szczucky",https://www.facebook.com/sindy.szczucky,1
Cami,Garcia,cami.garcia.12576@facebook.com,"16 de Mayo",https://www.facebook.com/cami.garcia.12576,24,,"Ciudad Autónoma de Buenos Aires","Buenos Aires",Argentina,100000179678789,"Agustina Del Rosario Anzisi",https://www.facebook.com/AgustinadelRosario,1
Maria,"De Simone",maria.c.desimone@facebook.com,"16 de Mayo",https://www.facebook.com/maria.c.desimone,24,Boedo,"Ciudad Autónoma de Buenos Aires","Buenos Aires",Argentina,1016279922,"Romi Flores",,1
Serena,"Abritta Peña",serenabrittap@facebook.com,"16 de Mayo",https://www.facebook.com/serenabrittap,,,"Ciudad Autónoma de Buenos Aires","Buenos Aires",Argentina,1118685708,"Miranda Toderi",https://www.facebook.com/miranda.toderi,1
Nicolas,Carmo,nicocarmo@facebook.com,"16 de Mayo",https://www.facebook.com/nicocarmo,25,,"Ciudad Autónoma de Buenos Aires","Buenos Aires",Argentina,1109708279,"Jobs Bar",https://www.facebook.com/jobsbar,1
Belu,Fatuzzo,bfatuzzo@facebook.com,"16 de Mayo",https://www.facebook.com/bfatuzzo,,,"Ciudad Autónoma de Buenos Aires","Buenos Aires",Argentina,1128473796,"Agustina Del Rosario Anzisi",https://www.facebook.com/AgustinadelRosario,1
Sool,Angelillo,solchus.de.ciudadela.norte@facebook.com,"16 de Mayo",https://www.facebook.com/Solchus.de.Ciudadela.Norte,,,"Ciudad Autónoma de Buenos Aires","Buenos Aires",Argentina,100000300290125,"Franco Palermo",,1
Enzo,Rodas,enzo.rodas.10@facebook.com,"16 de Mayo",https://www.facebook.com/enzo.rodas.10,24,,"Ciudad Autónoma de Buenos Aires","Buenos Aires",Argentina,100005103427292,"Camy Falcón",https://www.facebook.com/Cammy.Falcon,1
Arüü,Alonso,aruualonso@facebook.com,"16 de Mayo",https://www.facebook.com/AruuAlonso,29,,"Ciudad Autónoma de Buenos Aires","Buenos Aires",Argentina,100000653832103,"Mariela Alonso",,1
Martina,Trach,rita.pintada@facebook.com,"16 de Mayo",https://www.facebook.com/rita.pintada,26,,"Ciudad Autónoma de Buenos Aires","Buenos Aires",Argentina,100003254300491,"Gabriela Rosito",https://www.facebook.com/gabriela.rosito,1
Francisco,Cicconi,fran.cicconi@facebook.com,"16 de Mayo",https://www.facebook.com/fran.cicconi,,,"Ciudad Autónoma de Buenos Aires","Buenos Aires",Argentina,1061211483,"Ariel Rivera",,1
Benjamín,"Litre Martínez",benjamin.litremartinez@facebook.com,"16 de Mayo",https://www.facebook.com/benjamin.litremartinez,24,,"Ciudad Autónoma de Buenos Aires","Buenos Aires",Argentina,617531505,"Tamara Arias",,1
Yamila,Lujan,yammiilalujan@facebook.com,"16 de Mayo",https://www.facebook.com/YammiiLaLujan,,"Villa Pueyrredón","Ciudad Autónoma de Buenos Aires","Distrito Federal",Argentina,100003191110531,"Facu Denegri",,1
Jonatan,Klein,jonatan.klein@facebook.com,"16 de Mayo",https://www.facebook.com/jonatan.klein,26,,"Ciudad Autónoma de Buenos Aires","Buenos Aires",Argentina,100000341868986,"Poh Ly",https://www.facebook.com/pohoreyco,1
Samuel,Yoon,samuel.a.yoon@facebook.com,"16 de Mayo",https://www.facebook.com/samuel.a.yoon,,"Buenos Aires","Buenos Aires","Buenos Aires",Argentina,1375956240,"Alan Yun",0,1
Juan,Boggini,juan.boggini@facebook.com,"16 de Mayo",https://www.facebook.com/juan.boggini,,,"Ciudad Autónoma de Buenos Aires","Buenos Aires",Argentina,1034405823,"Cristian Andres Romano",,1
Adriana,Adre,adriana.adre1@facebook.com,"16 de Mayo",https://www.facebook.com/adriana.adre1,,,"Ciudad Autónoma de Buenos Aires","Buenos Aires",Argentina,1679889984,"Marcela Hinckelmann",https://www.facebook.com/marcela.hinckelmann,1
"Damian Dario",Malandra,damiandario.malandra@facebook.com,"16 de Mayo",https://www.facebook.com/damiandario.malandra,29,,"Ciudad Autónoma de Buenos Aires","Buenos Aires",Argentina,100000512926461,"Flor Vischi Cortés",https://www.facebook.com/flor.vischi,1
Gisela,Bernal,gisela.bernal.948@facebook.com,"16 de Mayo",https://www.facebook.com/gisela.bernal.948,28,,"Ciudad Autónoma de Buenos Aires","Buenos Aires",Argentina,693572819,"Aldana Queirolo",https://www.facebook.com/aldana.queirolo,1
Juli,Galli,jujoo.gallii@facebook.com,"16 de Mayo",https://www.facebook.com/jujoo.gallii,,,"Ciudad Autónoma de Buenos Aires","Buenos Aires",Argentina,1488754045,"Juan Cruz Albornoz",,1
Rocío,Milaagros,rochhadepatternal@facebook.com,"16 de Mayo",https://www.facebook.com/RochhadepatternaL,,"La Paternal","Ciudad Autónoma de Buenos Aires","Distrito Federal",Argentina,1703376254,"Brian Cano",,1
Florencia,Devia,florencia.devia@facebook.com,"16 de Mayo",https://www.facebook.com/florencia.devia,22,,"Ciudad Autónoma de Buenos Aires","Buenos Aires",Argentina,1237541209,"Miranda Toderi",https://www.facebook.com/miranda.toderi,1
Franco,Bellantonio,fbellantonio@facebook.com,"16 de Mayo",https://www.facebook.com/fbellantonio,22,"Parque Chacabuco","Ciudad Autónoma de Buenos Aires","Distrito Federal",Argentina,1485044017,"Gustavo Pietrafesa",,1
Ailu,Stremel,ailueslamejor@facebook.com,"16 de Mayo",https://www.facebook.com/AiluEsLaMejor,23,,"Ciudad Autónoma de Buenos Aires","Buenos Aires",Argentina,1733455833,"Ariel Rivera",,1
Lucas,Cuenca,lucas.cuenca.37@facebook.com,"16 de Mayo",https://www.facebook.com/lucas.cuenca.37,24,,"Ciudad Autónoma de Buenos Aires","Buenos Aires",Argentina,1421164332,"Florencia Ferrari",https://www.facebook.com/florenciaferrari.1403,1
Hey,Mgmt,heymgmt@facebook.com,"16 de Mayo",https://www.facebook.com/heymgmt,,,"Ciudad Autónoma de Buenos Aires","Buenos Aires",Argentina,100002402503472,"Romy Gutierrez Jaime",https://www.facebook.com/romygutierrezjaime,1
Bianca,Ginabreda,bianca.ginabreda@facebook.com,"16 de Mayo",https://www.facebook.com/bianca.ginabreda,,,"Ciudad Autónoma de Buenos Aires","Buenos Aires",Argentina,1226089019,"Nano Vaquer",,1
Resumenes,"Psicologia Uba",resumenespsicouba@facebook.com,"16 de Mayo",https://www.facebook.com/resumenespsicouba,,,"Ciudad Autónoma de Buenos Aires","Buenos Aires",Argentina,100001106474001,"Agos Ledo",https://www.facebook.com/agos.ledo,1
Cotillón,Lapkurz,cotillonluminoso@facebook.com,"16 de Mayo",https://www.facebook.com/cotillonluminoso,,,"Ciudad Autónoma de Buenos Aires","Buenos Aires",Argentina,100000817954122,"Vanesa Myrna Ojeda",,1
Lautaro,Martino,lautaro.martino.3@facebook.com,"16 de Mayo",https://www.facebook.com/lautaro.martino.3,,,"Ciudad Autónoma de Buenos Aires","Buenos Aires",Argentina,100001910280187,"Sofu Maddonni",https://www.facebook.com/ssofiia,1
Gay,Planners,gay.planners@facebook.com,"16 de Mayo",https://www.facebook.com/gay.planners,,,"Ciudad Autónoma de Buenos Aires","Buenos Aires",Argentina,100000245112090,"Nadia Vannessa",https://www.facebook.com/nadiavannessa18,1
Diego,Brizuela,sanisidro.ropaimportada@facebook.com,"16 de Mayo",https://www.facebook.com/sanisidro.ropaimportada,27,,"Ciudad Autónoma de Buenos Aires","Buenos Aires",Argentina,100002363373196,"Nadia Denise",,1
Gerardo,"Ulloa Moyano",gerardo.ulloa.169@facebook.com,"16 de Mayo",https://www.facebook.com/gerardo.ulloa.169,,,"Ciudad Autónoma de Buenos Aires","Buenos Aires",Argentina,1453323875,"Ruben Pacora",https://www.facebook.com/ruben.pacora,1
Flavio,Glennen,flavio.glennen@facebook.com,"16 de Mayo",https://www.facebook.com/flavio.glennen,28,,"Ciudad Autónoma de Buenos Aires","Buenos Aires",Argentina,1350660549,"Pamela Garrote",https://www.facebook.com/pamela.garrote,1
Mauro,Vinticola,mauro.vinticola@facebook.com,"16 de Mayo",https://www.facebook.com/mauro.vinticola,22,,"Ciudad Autónoma de Buenos Aires","Buenos Aires",Argentina,100002527831992,"Camy Falcón",https://www.facebook.com/Cammy.Falcon,1
Fragancias,Millanel,fragancias.a.millanel@facebook.com,"16 de Mayo",https://www.facebook.com/fragancias.a.millanel,29,,"Ciudad Autónoma de Buenos Aires","Buenos Aires",Argentina,100001564631673,"Ayelen Alumine Anahi",https://www.facebook.com/ashe.chabakana,1
Revis,Tiendote,revis.tiendote@facebook.com,"16 de Mayo",https://www.facebook.com/revis.tiendote,,"Villa Del Parque","Ciudad Autónoma de Buenos Aires","Buenos Aires",Argentina,100003841703076,"Mery Spessa",https://www.facebook.com/Mery.Spessa,1
Eugenia,Buadas,eugenia.buadas@facebook.com,"16 de Mayo",https://www.facebook.com/eugenia.buadas,,,"Ciudad Autónoma de Buenos Aires","Buenos Aires",Argentina,1054086153,"Agus Garibaldi",https://www.facebook.com/agus.garibaldi,1
Pietras,"Local Palermo",pietras.zapatos@facebook.com,"16 de Mayo",https://www.facebook.com/pietras.zapatos,,,"Ciudad Autónoma de Buenos Aires","Buenos Aires",Argentina,1760315411,"Charly Ruez",https://www.facebook.com/charly.ruez,1
Pipi,Rivero,noelitariver@facebook.com,"16 de Mayo",https://www.facebook.com/noelitariver,,,"Ciudad Autónoma de Buenos Aires","Buenos Aires",Argentina,1760941267,"Charly Ruez",https://www.facebook.com/charly.ruez,1
Roxana,Morasso,roxana.morasso@facebook.com,"16 de Mayo",https://www.facebook.com/roxana.morasso,,,"Ciudad Autónoma de Buenos Aires","Buenos Aires",Argentina,1007823412,"Maria Paula Toyos",,1
Vap,Edicion,vap.edicion@facebook.com,"16 de Mayo",https://www.facebook.com/vap.edicion,26,Avellaneda,"Ciudad Autónoma de Buenos Aires","Buenos Aires",Argentina,100000231440980,"Divino Vestuario Salve",https://www.facebook.com/salvedivinovestuario,1
Jose,Pezzarini,jose.pezzarini.1@facebook.com,"16 de Mayo",https://www.facebook.com/jose.pezzarini.1,,,"Ciudad Autónoma de Buenos Aires","Buenos Aires",Argentina,706162951,"Pablo Martène",https://www.facebook.com/pablomartene,1
Círculo,Italiano,circuloitalianobuenosaires@facebook.com,"16 de Mayo",https://www.facebook.com/circuloitalianobuenosaires,,,"Ciudad Autónoma de Buenos Aires","Buenos Aires",Argentina,100005706014075,"Daniel Arbol",https://www.facebook.com/darbol1,1
Rafael,Sciarra,rafasciarra@facebook.com,"16 de Mayo",https://www.facebook.com/rafasciarra,,,"Ciudad Autónoma de Buenos Aires","Buenos Aires",Argentina,100000166783476,"Carolina Del Campo",https://www.facebook.com/carolina.delcampo2,1
Agus,D'onofrio,esperandoalindicaddo@facebook.com,"16 de Mayo",https://www.facebook.com/ESPERANDOALINDICADDO,,,"Ciudad Autónoma de Buenos Aires","Buenos Aires",Argentina,100000517957827,"Tomás Eis",,1
Maaca,Delcam,maaqadepalermo@facebook.com,"16 de Mayo",https://www.facebook.com/Maaqadepalermo,,,"Ciudad Autónoma de Buenos Aires","Buenos Aires",Argentina,100000905222679,"Cami Weng",,1
"Cordon Bleu",Tour,cordonbleu.tour@facebook.com,"16 de Mayo",https://www.facebook.com/cordonbleu.tour,28,,"Ciudad Autónoma de Buenos Aires","Buenos Aires",Argentina,100001563543885,"Caro Ros Jones",https://www.facebook.com/carorosjones,1
Facu,Saravia,facu.saravia.54@facebook.com,"16 de Mayo",https://www.facebook.com/facu.saravia.54,24,,"Ciudad Autónoma de Buenos Aires","Buenos Aires",Argentina,737223382,"Maria Quevedo",https://www.facebook.com/mery.quevedo3,1
Artimañas,"Objetos de Diseño",artimanas.objetosdediseno@facebook.com,"16 de Mayo",https://www.facebook.com/artimanas.objetosdediseno,28,,"Ciudad Autónoma de Buenos Aires","Buenos Aires",Argentina,100001520535801,"Monica Trigila",https://www.facebook.com/monica.trigila,1
"Juan Manuel",Sosa,juanmanuel.sosa.167@facebook.com,"16 de Mayo",https://www.facebook.com/juanmanuel.sosa.167,,,"Ciudad Autónoma de Buenos Aires","Buenos Aires",Argentina,1494964536,"Cristian Andres Romano",,1
Luciana,Lu,luciana.perales@facebook.com,"16 de Mayo",https://www.facebook.com/luciana.perales,,,"Ciudad Autónoma de Buenos Aires","Buenos Aires",Argentina,1076580457,"Gabriel Bertagnolli",,1
Jhan,Carlos,jhan.carlos3@facebook.com,"16 de Mayo",https://www.facebook.com/jhan.carlos3,,,"Ciudad Autónoma de Buenos Aires","Buenos Aires",Argentina,100001032715236,"Nicolas Alejandro Fleischer",https://www.facebook.com/nicolasalejandro.fleische,1
"Boca Juniors","Los Dueños de la Historia",bocajuniors.losduenosdelahistoria@facebook.com,"17 de Mayo",https://www.facebook.com/bocajuniors.losduenosdelahistoria,23,,"Ciudad Autónoma de Buenos Aires","Buenos Aires",Argentina,100002446017967,"Silvia Fernandez",https://www.facebook.com/silviafernandezchivi,1
Artistas,"DEL Abasto",artistas.delabasto@facebook.com,"17 de Mayo",https://www.facebook.com/artistas.delabasto,,,"Ciudad Autónoma de Buenos Aires","Buenos Aires",Argentina,100003853034761,"Ariel Villarreal",,1
"Nawar- Rita","Di Giovanni",nawarrita.digiovanni@facebook.com,"17 de Mayo",https://www.facebook.com/nawarrita.digiovanni,,,"Ciudad Autónoma de Buenos Aires","Buenos Aires",Argentina,681298336,"Matias Daniel Pascual",,1
Too,Top,too.top.1@facebook.com,"17 de Mayo",https://www.facebook.com/too.top.1,,,"Ciudad Autónoma de Buenos Aires","Buenos Aires",Argentina,100003431885186,"Candelaria Sires Barrantes",,1
Flor,Castillo,floor.caastillo@facebook.com,"17 de Mayo",https://www.facebook.com/floor.caastillo,,,"Ciudad Autónoma de Buenos Aires","Buenos Aires",Argentina,1417848593,"Belu Alvarez",,1
"Aceite De Oliva",Mythos,kattie.ferro@facebook.com,"17 de Mayo",https://www.facebook.com/kattie.ferro,,,"Ciudad Autónoma de Buenos Aires","Buenos Aires",Argentina,1378681949,"Marina Castagnino",https://www.facebook.com/castagnino,1
Guillermo,"Rivadeneira II",grivadeneira@facebook.com,"17 de Mayo",https://www.facebook.com/grivadeneira,,,"Ciudad Autónoma de Buenos Aires","Buenos Aires",Argentina,100000899629475,"Charly Ruez",https://www.facebook.com/charly.ruez,1
Nick,Pinedo,nickdp1@facebook.com,"17 de Mayo",https://www.facebook.com/nickdp1,23,,"Ciudad Autónoma de Buenos Aires","Buenos Aires",Argentina,100001609119904,"Silvia Fernandez",https://www.facebook.com/silviafernandezchivi,1
Mika,Blv,mika.blv@facebook.com,"17 de Mayo",https://www.facebook.com/mika.blv,21,"Buenos Aires","Buenos Aires","Buenos Aires",Argentina,100000541115118,"Augusto Lios",0,1
Delfina,Rey,delfina.rey.39@facebook.com,"17 de Mayo",https://www.facebook.com/delfina.rey.39,,,"Ciudad Autónoma de Buenos Aires","Buenos Aires",Argentina,1428001472,"Guido Moncayo",https://www.facebook.com/guido.moncayo,1
Leandro,Genijovich,leandro.genijovich@facebook.com,"17 de Mayo",https://www.facebook.com/leandro.genijovich,,"Villa Crespo","Ciudad Autónoma de Buenos Aires","Buenos Aires",Argentina,1018884865,"Belu Alvarez",,1
"Taller de",Cine,tallerde.cine.10@facebook.com,"17 de Mayo",https://www.facebook.com/tallerde.cine.10,22,,"Ciudad Autónoma de Buenos Aires","Buenos Aires",Argentina,100002897691387,"Elias Saul",https://www.facebook.com/elias.saul,1
Exequiel,Prete,exequiel.prete@facebook.com,"17 de Mayo",https://www.facebook.com/exequiel.prete,28,,"Ciudad Autónoma de Buenos Aires","Buenos Aires",Argentina,651181005,"Gimena Yamila Yerden Giaquinto",https://www.facebook.com/Gimetrance,1
Veronica,Resotti,veronica.resotti@facebook.com,"17 de Mayo",https://www.facebook.com/veronica.resotti,,,"Ciudad Autónoma de Buenos Aires","Buenos Aires",Argentina,100002202114455,"Cesar Berdullas",https://www.facebook.com/cesar.berdullas,1
Luz,Alegre,luz.alegre1@facebook.com,"17 de Mayo",https://www.facebook.com/luz.alegre1,24,"Buenos Aires","Buenos Aires","Buenos Aires",Argentina,100002187950540,"Sofia Reinoso",0,1
Nora,Zarza,elizabeth.zarza.940@facebook.com,"17 de Mayo",https://www.facebook.com/elizabeth.zarza.940,22,,"Ciudad Autónoma de Buenos Aires","Buenos Aires",Argentina,100002065187691,"La Rockeria",https://www.facebook.com/oveja1,1
Facundo,Grandio,fgrandio@facebook.com,"17 de Mayo",https://www.facebook.com/fgrandio,,,"Ciudad Autónoma de Buenos Aires","Buenos Aires",Argentina,1604362238,"Francisco Klausner",https://www.facebook.com/francisco.klausner,1
"Familia Kapanga",Kpg,familiakapanga@facebook.com,"17 de Mayo",https://www.facebook.com/familiakapanga,,,"Ciudad Autónoma de Buenos Aires","Buenos Aires",Argentina,1529043620,"Cynthia Gianni",,1
Jimena,Dance,shasira.bellydance@facebook.com,"17 de Mayo",https://www.facebook.com/shasira.bellydance,29,,"Ciudad Autónoma de Buenos Aires","Buenos Aires",Argentina,100003179035608,"Mariela Alonso",,1
Tonny,Montana,norberto.fiorini@facebook.com,"17 de Mayo",https://www.facebook.com/norberto.fiorini,28,"Villa Crespo","Ciudad Autónoma de Buenos Aires","Buenos Aires",Argentina,100003892962006,"Mariano Montani",https://www.facebook.com/mariano.montani,1
Faakuu,Manzanelli,facu.manzanelli1@facebook.com,"17 de Mayo",https://www.facebook.com/facu.manzanelli1,,,"Ciudad Autónoma de Buenos Aires","Buenos Aires",Argentina,100000503829754,"David Zalasar",https://www.facebook.com/Davidcocktails,1
Anto,Macchi,antonella.macchi@facebook.com,"17 de Mayo",https://www.facebook.com/antonella.macchi,,,"Ciudad Autónoma de Buenos Aires","Buenos Aires",Argentina,100004330265769,"Sofía Barreira",https://www.facebook.com/sofia.barreiram,1
Fiestas,"Depeche Mode",fiestas.depechemode@facebook.com,"17 de Mayo",https://www.facebook.com/fiestas.depechemode,,,"Ciudad Autónoma de Buenos Aires","Buenos Aires",Argentina,100001032918389,"Natascha Stern",https://www.facebook.com/natascha.stern,1
MudasyCaracoles,Mudasycaracoles,mudasycaracoles@facebook.com,"17 de Mayo",https://www.facebook.com/mudasycaracoles,,,"Ciudad Autónoma de Buenos Aires","Buenos Aires",Argentina,100001048654058,"Natascha Stern",https://www.facebook.com/natascha.stern,1
Edgardo,Romero,edgardo.romero.1272@facebook.com,"17 de Mayo",https://www.facebook.com/edgardo.romero.1272,21,,"Ciudad Autónoma de Buenos Aires","Buenos Aires",Argentina,100005787242765,"Flor Vischi Cortés",https://www.facebook.com/flor.vischi,1
Adriana,Geller,adri.geller@facebook.com,"17 de Mayo",https://www.facebook.com/adri.geller,,,"Ciudad Autónoma de Buenos Aires","Buenos Aires",Argentina,100000131075163,"Federico Piegas",https://www.facebook.com/FedericoPiegas,1
Ceci,Graff,ceci.graff@facebook.com,"17 de Mayo",https://www.facebook.com/ceci.graff,,,"Ciudad Autónoma de Buenos Aires","Buenos Aires",Argentina,1129125852,"Vicky Diaz",,1
Sershi,Monllor,sergio.monllor@facebook.com,"17 de Mayo",https://www.facebook.com/sergio.monllor,,Recoleta,"Ciudad Autónoma de Buenos Aires","Buenos Aires",Argentina,814218983,"Maria Garcia Neglia",https://www.facebook.com/maria.garcianeglia,1
Sofii,Quintana,cache.carp@facebook.com,"17 de Mayo",https://www.facebook.com/Cache.CaRp,,,"Ciudad Autónoma de Buenos Aires","Buenos Aires",Argentina,100000538305807,"Brenda Araceli Gonzalez",https://www.facebook.com/brendaaraceli.gonzalez,1
Gabriel,Ledesma,gabriel.ledesma.31@facebook.com,"17 de Mayo",https://www.facebook.com/gabriel.ledesma.31,27,,"Ciudad Autónoma de Buenos Aires","Buenos Aires",Argentina,100000870186871,"Vale Piedra",https://www.facebook.com/Valepiedra,1
Cinebuho,Guia,cinebuho.guia@facebook.com,"17 de Mayo",https://www.facebook.com/cinebuho.guia,27,,"Ciudad Autónoma de Buenos Aires","Buenos Aires",Argentina,100000875341782,"Vale Piedra",https://www.facebook.com/Valepiedra,1
Franco,Aranda,franco.aranda.77312@facebook.com,"17 de Mayo",https://www.facebook.com/franco.aranda.77312,22,"Villa Luro","Ciudad Autónoma de Buenos Aires","Distrito Federal",Argentina,100004123692459,"Ale Arias Mandarine Park",,1
"N C","Regalos Grabados",nc.regalosgrabados@facebook.com,"17 de Mayo",https://www.facebook.com/nc.regalosgrabados,29,,"Ciudad Autónoma de Buenos Aires","Buenos Aires",Argentina,100002638805588,"Carla Hermann",,1
Matias,"Ferreira Tango",matias.ferreira.9041@facebook.com,"17 de Mayo",https://www.facebook.com/matias.ferreira.9041,24,,"Ciudad Autónoma de Buenos Aires","Buenos Aires",Argentina,1194866046,"Li-ly Rojas",https://www.facebook.com/serena1968,1
Bartolo,Sabado,bartolosabado@facebook.com,"17 de Mayo",https://www.facebook.com/bartolosabado,25,,"Ciudad Autónoma de Buenos Aires","Buenos Aires",Argentina,100002366871315,"Michelle Fingeret",https://www.facebook.com/michelle.fingeret,1
Luli,Zunino,luli.zunino.96@facebook.com,"17 de Mayo",https://www.facebook.com/luli.zunino.96,,,"Ciudad Autónoma de Buenos Aires","Buenos Aires",Argentina,803067444,"Antoine Cornudet",,1
Lautaro,Bravo,lauti.bravo@facebook.com,"17 de Mayo",https://www.facebook.com/Lauti.Bravo,,,"Ciudad Autónoma de Buenos Aires","Buenos Aires",Argentina,1659424897,"Flor Vischi Cortés",https://www.facebook.com/flor.vischi,1
Aldana,Castro,aldanaabigailc@facebook.com,"17 de Mayo",https://www.facebook.com/aldanaabigailc,,,"Ciudad Autónoma de Buenos Aires","Buenos Aires",Argentina,100000895461441,"Brian Cano",,1
"Jennifer Agustina",Aref,jenniferagustina.aref@facebook.com,"17 de Mayo",https://www.facebook.com/jenniferagustina.aref,,"Buenos Aires","Buenos Aires","Buenos Aires",Argentina,100004203010401,"Alan Yun",0,1
Deborah,Cabrera,deborahcabreraa@facebook.com,"17 de Mayo",https://www.facebook.com/deborahcabreraa,24,,"Ciudad Autónoma de Buenos Aires","Buenos Aires",Argentina,100000274663781,"Martín Álvarez BA I",https://www.facebook.com/Woody.Blair,1
Mar,"Eiserne Jungfrau",mar.pecetto@facebook.com,"17 de Mayo",https://www.facebook.com/mar.pecetto,,Barracas,"Ciudad Autónoma de Buenos Aires","Buenos Aires",Argentina,1393926718,"Jobs Bar",https://www.facebook.com/jobsbar,1
Suriel,Selene,suuuri@facebook.com,"17 de Mayo",https://www.facebook.com/Suuuri,,,"Ciudad Autónoma de Buenos Aires","Buenos Aires",Argentina,1424628592,"Fiestas Baires",,1
Ignacio,Ferrero,iferrero.1986@facebook.com,"17 de Mayo",https://www.facebook.com/iferrero.1986,28,Array,"Ciudad Autónoma de Buenos Aires","Buenos Aires",Argentina,1027797142,"Debora Lopez Sosa",0,1
Facundo,Darwin,facundo.darwin@facebook.com,"17 de Mayo",https://www.facebook.com/facundo.darwin,25,,"Ciudad Autónoma de Buenos Aires","Buenos Aires",Argentina,100004365342767,"Ezequiel Sebastian Berardi",https://www.facebook.com/EzErAsTa,1
Samanta,Bertera,samanta.bertera@facebook.com,"17 de Mayo",https://www.facebook.com/samanta.bertera,,,"Ciudad Autónoma de Buenos Aires","Buenos Aires",Argentina,843117421,"Ruben Pacora",https://www.facebook.com/ruben.pacora,1
Melisa,Echegaray,melcostaechegaray@facebook.com,"17 de Mayo",https://www.facebook.com/melcostaechegaray,24,,"Ciudad Autónoma de Buenos Aires","Buenos Aires",Argentina,1307124805,"Anto Trezza",https://www.facebook.com/anto.trezza,1
Cumbia,Nena,cumbia.nena.94@facebook.com,"17 de Mayo",https://www.facebook.com/cumbia.nena.94,,,"Ciudad Autónoma de Buenos Aires","Buenos Aires",Argentina,100001454673776,"Estefi Willis",https://www.facebook.com/estefi.willis,1
Anabella,Franco,anabella.franco.967@facebook.com,"17 de Mayo",https://www.facebook.com/anabella.franco.967,23,,"Ciudad Autónoma de Buenos Aires","Buenos Aires",Argentina,100003696702626,"Pablo Bravo",,1
Brandon,Gayday,brandon.gayday@facebook.com,"17 de Mayo",https://www.facebook.com/brandon.gayday,,,"Ciudad Autónoma de Buenos Aires","Buenos Aires",Argentina,1249753116,"Tatiana Petroccelli",https://www.facebook.com/tanshanita,1
Nicolás,Sidders,nicolas.sidders@facebook.com,"17 de Mayo",https://www.facebook.com/nicolas.sidders,,"San Cristóbal","Ciudad Autónoma de Buenos Aires","Buenos Aires",Argentina,1693971953,"Martín Álvarez BA I",https://www.facebook.com/Woody.Blair,1
Iara,Russo,iaruu.russo@facebook.com,"17 de Mayo",https://www.facebook.com/iaruu.russo,,,"Ciudad Autónoma de Buenos Aires","Buenos Aires",Argentina,100000084004307,"Sol Bettoni",,1
Tomás,Giampietro,tomas.giampietro@facebook.com,"17 de Mayo",https://www.facebook.com/tomas.giampietro,,,"Ciudad Autónoma de Buenos Aires","Buenos Aires",Argentina,654346449,"Gabriela Prietoo",,1
Lorenzo,Pereira,lorenzo.pereira.12@facebook.com,"17 de Mayo",https://www.facebook.com/lorenzo.pereira.12,,,"Ciudad Autónoma de Buenos Aires","Buenos Aires",Argentina,1053162871,"Riberas Del Parana",https://www.facebook.com/riberas.delparana,1
Rochii,Vietri,rochii.vietri.7@facebook.com,"17 de Mayo",https://www.facebook.com/rochii.vietri.7,21,,"Ciudad Autónoma de Buenos Aires","Buenos Aires",Argentina,100007431129653,"Pato Patiton",https://www.facebook.com/patiton28,1
Vicky,Tartaglia,soy.victoriaa@facebook.com,"17 de Mayo",https://www.facebook.com/soy.victoriaa,24,,"Ciudad Autónoma de Buenos Aires","Buenos Aires",Argentina,1321766296,"Braii Venieri",https://www.facebook.com/BraianVenieri,1
Diego,Veron,diego.veron.948@facebook.com,"17 de Mayo",https://www.facebook.com/diego.veron.948,,,"Ciudad Autónoma de Buenos Aires","Buenos Aires",Argentina,100001624428799,"Natalia Tarelli",,1
Milu,Nassivera,milu.nassivera@facebook.com,"17 de Mayo",https://www.facebook.com/milu.nassivera,,,"Ciudad Autónoma de Buenos Aires","Buenos Aires",Argentina,515462464,"Mechi Abud",https://www.facebook.com/mechi.abud,1
Alan,Tobal,alan.tobal.5@facebook.com,"17 de Mayo",https://www.facebook.com/alan.tobal.5,,,"Ciudad Autónoma de Buenos Aires","Buenos Aires",Argentina,778593599,"Natalia Oviedo",,1
Rocio,Cele,ro.cele.9@facebook.com,"17 de Mayo",https://www.facebook.com/ro.cele.9,24,,"Ciudad Autónoma de Buenos Aires","Buenos Aires",Argentina,100006264301806,"Ale Arias Mandarine Park",,1
Yesica,Campos,yesica.campos.33@facebook.com,"17 de Mayo",https://www.facebook.com/yesica.campos.33,23,,"Ciudad Autónoma de Buenos Aires","Buenos Aires",Argentina,100002442210653,"Silvia Fernandez",https://www.facebook.com/silviafernandezchivi,1
FlightCity,"Matine Tres",flightcity.matinecinco@facebook.com,"18 de Mayo",https://www.facebook.com/flightcity.matinecinco,24,,"Ciudad Autónoma de Buenos Aires","Buenos Aires",Argentina,100002473105771,"Juanma Ramirez",,1
Lu,Echegaray,lu.echegaray@facebook.com,"18 de Mayo",https://www.facebook.com/lu.echegaray,,,"Ciudad Autónoma de Buenos Aires","Buenos Aires",Argentina,1284004893,"Tomas Zocca",https://www.facebook.com/tomyzocca,1
"Gloria Olga",Aparcana,gloriaolga.aparcana@facebook.com,"18 de Mayo",https://www.facebook.com/gloriaolga.aparcana,21,"Buenos Aires","Buenos Aires","Buenos Aires",Argentina,100001027371431,"Peter GC",0,1
Ariadna,Rojas,ariadna.rojas.7@facebook.com,"18 de Mayo",https://www.facebook.com/ariadna.rojas.7,,,"Ciudad Autónoma de Buenos Aires","Buenos Aires",Argentina,1095154385,"Ayu Casanova",,1
Juventud,Racinguista,microsracing.vdp@facebook.com,"18 de Mayo",https://www.facebook.com/microsracing.vdp,28,,"Ciudad Autónoma de Buenos Aires","Buenos Aires",Argentina,100000582803731,"Gisele Fratini",https://www.facebook.com/giakdmik,1
Malena,Tasso,malena.tasso@facebook.com,"18 de Mayo",https://www.facebook.com/malena.tasso,,,"Ciudad Autónoma de Buenos Aires","Buenos Aires",Argentina,100002284531945,"Juan Cruz Albornoz",,1
Fede,Bois,fede.bois@facebook.com,"18 de Mayo",https://www.facebook.com/fede.bois,25,,"Ciudad Autónoma de Buenos Aires","Buenos Aires",Argentina,100002626275881,"María Sofia Zunino",,1
Rodrigo,Bustamante,rodrigo.b.bustamante@facebook.com,"18 de Mayo",https://www.facebook.com/rodrigo.b.bustamante,25,,"Ciudad Autónoma de Buenos Aires","Buenos Aires",Argentina,100000755074822,"Anita Ghersinich",https://www.facebook.com/anita.ghersinich,1
Selyn,Wu,selyn.wu@facebook.com,"18 de Mayo",https://www.facebook.com/selyn.wu,29,"Buenos Aires","Buenos Aires","Buenos Aires",Argentina,100006500316963,"Alan Yun",0,1
Meri,Iglesias,lolitoyflorumandan@facebook.com,"18 de Mayo",https://www.facebook.com/LolitoYfloruMandan,,,"Ciudad Autónoma de Buenos Aires","Buenos Aires",Argentina,100003345499502,"Martin Olmedo",,1
Lucia,"Lomio Jurina",lucia.lomiojurina@facebook.com,"18 de Mayo",https://www.facebook.com/lucia.lomiojurina,,,"Ciudad Autónoma de Buenos Aires","Buenos Aires",Argentina,100002538510685,"Cynthia Gianni",,1
Vicky,Hanashiro,vicky.hanashiro@facebook.com,"18 de Mayo",https://www.facebook.com/vicky.hanashiro,,,"Ciudad Autónoma de Buenos Aires","Buenos Aires",Argentina,1071972095,"Yasu Higa",,1
Pablo,Ganame,pablo.ganame@facebook.com,"18 de Mayo",https://www.facebook.com/pablo.ganame,23,"Buenos Aires","Buenos Aires","Buenos Aires",Argentina,100002631758804,"Clara Nosiglia",0,1
Otpr,Otpr,dani.allegri@facebook.com,"18 de Mayo",https://www.facebook.com/dani.allegri,22,"Puerto Madero","Ciudad Autónoma de Buenos Aires","Buenos Aires",Argentina,1162103093,"Pablo Martène",https://www.facebook.com/pablomartene,1
Sin,Filtro,sin.filtro.756@facebook.com,"18 de Mayo",https://www.facebook.com/sin.filtro.756,,,"Ciudad Autónoma de Buenos Aires","Buenos Aires",Argentina,100001722911692,"Romy Gutierrez Jaime",https://www.facebook.com/romygutierrezjaime,1
Oriiana,Castro,orii.castro.9@facebook.com,"18 de Mayo",https://www.facebook.com/orii.castro.9,,"Nueva Pompeya","Ciudad Autónoma de Buenos Aires","Buenos Aires",Argentina,1700239693,"Giuliana Minniti",https://www.facebook.com/giuliana.minniti,1
Ignacio,Ancarola,ignacio.ancarola.7@facebook.com,"18 de Mayo",https://www.facebook.com/ignacio.ancarola.7,,,"Ciudad Autónoma de Buenos Aires","Buenos Aires",Argentina,1679707442,"Karen Vilariño",https://www.facebook.com/karen.vilarino,1
Acep,Nacional,acep.nacional@facebook.com,"18 de Mayo",https://www.facebook.com/acep.nacional,,"Buenos Aires","Buenos Aires","Buenos Aires",Argentina,100001038919747,"Elias Prituluk",0,1
Mora,Baldo,mora.baldo.12@facebook.com,"18 de Mayo",https://www.facebook.com/mora.baldo.12,,,"Ciudad Autónoma de Buenos Aires","Buenos Aires",Argentina,100005835542841,"Valentin Abelardo",https://www.facebook.com/valentin.abelardo,1
Amaya,Peluqueria,amaya.argentina@facebook.com,"18 de Mayo",https://www.facebook.com/amaya.argentina,,,"Ciudad Autónoma de Buenos Aires","Buenos Aires",Argentina,702347681,"Alejandro Amitrano",,1
Mateo,Ugarte,mateo.ugarte@facebook.com,"18 de Mayo",https://www.facebook.com/mateo.ugarte,26,,"Ciudad Autónoma de Buenos Aires","Buenos Aires",Argentina,100001376452735,"Ivan Achaval",https://www.facebook.com/ivancho.achaval,1
Gimenita,Casla,gimenita.casla@facebook.com,"18 de Mayo",https://www.facebook.com/gimenita.casla,26,"Villa Pueyrredón","Ciudad Autónoma de Buenos Aires","Buenos Aires",Argentina,792657509,"Ramiro Prieto",,1
Lu,Nita,lu.nita.148@facebook.com,"18 de Mayo",https://www.facebook.com/lu.nita.148,,Liniers,"Ciudad Autónoma de Buenos Aires","Buenos Aires",Argentina,100002493696050,"Pablo Dandrea",https://www.facebook.com/pablo.dandrea,1
Stfy,Solange,sty.s.sol@facebook.com,"18 de Mayo",https://www.facebook.com/sty.s.sol,,,"Ciudad Autónoma de Buenos Aires","Buenos Aires",Argentina,100002502097914,"Pablo Dandrea",https://www.facebook.com/pablo.dandrea,1
Delfi,Duek,delfi.duek@facebook.com,"18 de Mayo",https://www.facebook.com/delfi.duek,,,"Ciudad Autónoma de Buenos Aires","Buenos Aires",Argentina,1330151123,"Christian Kraemer",https://www.facebook.com/christian.kraemer,1
Juanito,Bojanich,juanito.bojanich@facebook.com,"18 de Mayo",https://www.facebook.com/juanito.bojanich,,,"Ciudad Autónoma de Buenos Aires","Buenos Aires",Argentina,1160198840,"Guille Maciá",https://www.facebook.com/guillemacia,1
Ezequiel,Sanz,ezequiel.sanz.14@facebook.com,"18 de Mayo",https://www.facebook.com/ezequiel.sanz.14,,,"Ciudad Autónoma de Buenos Aires","Buenos Aires",Argentina,1452499436,"Barby Lanata",https://www.facebook.com/barby.lanata,1
Nathalie,Galfrascoli,nathy.galfrascoli@facebook.com,"18 de Mayo",https://www.facebook.com/nathy.galfrascoli,,,"Ciudad Autónoma de Buenos Aires","Buenos Aires",Argentina,748139476,"Francisco Klausner",https://www.facebook.com/francisco.klausner,1
Nicolas,Vega,nicolas.vega.79@facebook.com,"18 de Mayo",https://www.facebook.com/nicolas.vega.79,,"La Paternal","Ciudad Autónoma de Buenos Aires","Buenos Aires",Argentina,1454341020,"Tatiana Petroccelli",https://www.facebook.com/tanshanita,1
Flor,Diaz,flor.diaz.1481@facebook.com,"18 de Mayo",https://www.facebook.com/flor.diaz.1481,22,,"Ciudad Autónoma de Buenos Aires","Buenos Aires",Argentina,1306057219,"Christian Douer Chuky",https://www.facebook.com/christian.chuky,1
"La Qk","del Quia",laqk.delquia@facebook.com,"18 de Mayo",https://www.facebook.com/laqk.delquia,24,,"Ciudad Autónoma de Buenos Aires","Buenos Aires",Argentina,100000015756418,"Micaela Parisi",https://www.facebook.com/parisimica,1
Tup,Moda,tup.moda@facebook.com,"18 de Mayo",https://www.facebook.com/tup.moda,24,,"Ciudad Autónoma de Buenos Aires","Buenos Aires",Argentina,100000031661081,"Micaela Parisi",https://www.facebook.com/parisimica,1
Celeste,Diaz,ceeles.diaz@facebook.com,"18 de Mayo",https://www.facebook.com/ceeles.diaz,,,"Ciudad Autónoma de Buenos Aires","Buenos Aires",Argentina,100003247540865,"Gabriela Competiello",,1
Claudia,Maciel,claudiaawb@facebook.com,"18 de Mayo",https://www.facebook.com/claudiaawb,29,,"Ciudad Autónoma de Buenos Aires","Buenos Aires",Argentina,100004518430801,"Carla Giovana",,1
Nadia,Orosco,nadia.orosco.9@facebook.com,"18 de Mayo",https://www.facebook.com/nadia.orosco.9,26,,"Ciudad Autónoma de Buenos Aires","Buenos Aires",Argentina,100000343864823,"Estefania Pascual Lerario",https://www.facebook.com/estefania.lerario,1
Florencia,Burgos,floppy.098@facebook.com,"18 de Mayo",https://www.facebook.com/floppy.098,,,"Ciudad Autónoma de Buenos Aires","Buenos Aires",Argentina,100000024419208,"Juan Elias Catan",https://www.facebook.com/juan.724,1
Claudia,Maciel,claudia.maciel.12764874@facebook.com,"18 de Mayo",https://www.facebook.com/claudia.maciel.12764874,29,,"Ciudad Autónoma de Buenos Aires","Buenos Aires",Argentina,100005808039802,"Carla Giovana",,1
Moca,Tortas,mocatortas@facebook.com,"18 de Mayo",https://www.facebook.com/mocatortas,22,,"Ciudad Autónoma de Buenos Aires","Buenos Aires",Argentina,100002739877247,"Mariana Sparks",,1
Camila,Diaz,laqadii@facebook.com,"18 de Mayo",https://www.facebook.com/LaQadii,,,"Ciudad Autónoma de Buenos Aires","Buenos Aires",Argentina,100003648763732,"Rodrii Martinez",,1
Juan,Minieri,juan.minieri@facebook.com,"18 de Mayo",https://www.facebook.com/juan.minieri,26,,"Ciudad Autónoma de Buenos Aires","Buenos Aires",Argentina,614360119,"Rodrigo Vega",,1
Bee,Friday,ku.matinee13@facebook.com,"18 de Mayo",https://www.facebook.com/ku.matinee13,22,,"Ciudad Autónoma de Buenos Aires","Buenos Aires",Argentina,100004166552903,"Cristian Andres Romano",,1
Claudia,Maciel,claudia.maciel.5070276@facebook.com,"18 de Mayo",https://www.facebook.com/claudia.maciel.5070276,29,,"Ciudad Autónoma de Buenos Aires","Buenos Aires",Argentina,100007095395453,"Carla Giovana",,1
Lulii,Boedo,lulii.boedo@facebook.com,"18 de Mayo",https://www.facebook.com/lulii.boedo,,,"Ciudad Autónoma de Buenos Aires","Buenos Aires",Argentina,100003315377585,"David Zalasar",https://www.facebook.com/Davidcocktails,1
Belen,Gimenez,belen.gimenez.752@facebook.com,"18 de Mayo",https://www.facebook.com/belen.gimenez.752,,,"Ciudad Autónoma de Buenos Aires","Buenos Aires",Argentina,1441577781,"Fede Martinez",https://www.facebook.com/fedemartinez17,1
Evelyn,Abaurrea,evelyn.abaurrea@facebook.com,"18 de Mayo",https://www.facebook.com/evelyn.abaurrea,29,,"Ciudad Autónoma de Buenos Aires","Buenos Aires",Argentina,100001426662924,"Agustin Sujo",https://www.facebook.com/agustin.sujook,1
Masi,Rodriguez,masi.rodriguez.98@facebook.com,"18 de Mayo",https://www.facebook.com/masi.rodriguez.98,25,,"Ciudad Autónoma de Buenos Aires","Buenos Aires",Argentina,100000636911585,"Manuela Casella Vecchi",https://www.facebook.com/manu.casve,1
Matias,Cali,matias.cali.71@facebook.com,"18 de Mayo",https://www.facebook.com/matias.cali.71,25,,"Ciudad Autónoma de Buenos Aires","Buenos Aires",Argentina,592082858,"Valeria Ayala",,1
Flopy,"Vello Alvez",flopy.velloalvez@facebook.com,"18 de Mayo",https://www.facebook.com/flopy.velloalvez,,,"Ciudad Autónoma de Buenos Aires","Buenos Aires",Argentina,100000607149777,"Belu Alvarez",,1
Tienda,Porteña,tiendaportena@facebook.com,"18 de Mayo",https://www.facebook.com/tiendaportena,,,"Ciudad Autónoma de Buenos Aires","Buenos Aires",Argentina,100001365468059,"Laly Sereda",https://www.facebook.com/lalisereda,1
"Sergio Demonio",Pistarelli,sergiodemonio.pistarelli@facebook.com,"18 de Mayo",https://www.facebook.com/sergiodemonio.pistarelli,,,"Ciudad Autónoma de Buenos Aires","Buenos Aires",Argentina,100001724132894,"Amalia Gomes",,1
Celeste,Madera,celeste.madera.9@facebook.com,"18 de Mayo",https://www.facebook.com/celeste.madera.9,,,"Ciudad Autónoma de Buenos Aires","Buenos Aires",Argentina,1094351403,"Gianfranco Ferrati",,1
Ignacio,Mendizabal,mendaaa@facebook.com,"18 de Mayo",https://www.facebook.com/Mendaaa,,,"Ciudad Autónoma de Buenos Aires","Buenos Aires",Argentina,1362608130,"Agus Rodriguez",,1
Miel,Batista,mielcitamiel@facebook.com,"18 de Mayo",https://www.facebook.com/MielcitaMiel,24,,"Ciudad Autónoma de Buenos Aires","Buenos Aires",Argentina,769347387,"Franco Palermo",,1
Anita,Manfrin,anita.manfrin@facebook.com,"18 de Mayo",https://www.facebook.com/anita.manfrin,,,"Ciudad Autónoma de Buenos Aires","Buenos Aires",Argentina,1516707598,"Emiliano Pirolo",,1
Darya,Shara,infinitovertical@facebook.com,"18 de Mayo",https://www.facebook.com/infinitovertical,,,"Ciudad Autónoma de Buenos Aires","Buenos Aires",Argentina,1225395169,"Aldana Queirolo",https://www.facebook.com/aldana.queirolo,1
Heaven,OrHell,heavenorhellclothes@facebook.com,"18 de Mayo",https://www.facebook.com/heavenorhellclothes,,,"Ciudad Autónoma de Buenos Aires","Buenos Aires",Argentina,100002453834162,"Yanina Battiato",,1
Voy,LatinoAmerica,voya.latinoamerica@facebook.com,"18 de Mayo",https://www.facebook.com/voya.latinoamerica,,,"Ciudad Autónoma de Buenos Aires","Buenos Aires",Argentina,100005337722346,"Michelle Ribeiro",,1
Emmanuel,Panky,emmanuel.panky@facebook.com,"18 de Mayo",https://www.facebook.com/emmanuel.panky,25,,"Ciudad Autónoma de Buenos Aires","Buenos Aires",Argentina,648416385,"Pamela Garrote",https://www.facebook.com/pamela.garrote,1
Carolina,"Nakaya Viera",carolina.n.viera@facebook.com,"18 de Mayo",https://www.facebook.com/carolina.n.viera,,,"Ciudad Autónoma de Buenos Aires","Buenos Aires",Argentina,697278277,"Sumatra Shows",https://www.facebook.com/sumatrashows,1
Leandro,Emanuel,leean.turro@facebook.com,"19 de Mayo",https://www.facebook.com/leean.turro,,,"Ciudad Autónoma de Buenos Aires","Buenos Aires",Argentina,1283491432,"Aniita Canta",https://www.facebook.com/Aniita.Canta,1
Mica,"Pierani Méndez",micapieranimendez@facebook.com,"19 de Mayo",https://www.facebook.com/micapieranimendez,27,,"Ciudad Autónoma de Buenos Aires","Buenos Aires",Argentina,762984950,"Aldana Queirolo",https://www.facebook.com/aldana.queirolo,1
Mariana,"Gonzalez Muggeri",mariana.gonzalez.muggeri@facebook.com,"19 de Mayo",https://www.facebook.com/mariana.gonzalez.muggeri,,,"Ciudad Autónoma de Buenos Aires","Buenos Aires",Argentina,1399312415,"Ariel Villarreal",,1
Micaela,Cáceres,micaelaacaceres@facebook.com,"19 de Mayo",https://www.facebook.com/MicaelaaCaceres,,,"Ciudad Autónoma de Buenos Aires","Buenos Aires",Argentina,1278753737,"Martín Álvarez BA I",https://www.facebook.com/Woody.Blair,1
"Juan Dario",Silva,juandario.silva.3@facebook.com,"19 de Mayo",https://www.facebook.com/juandario.silva.3,23,,"Ciudad Autónoma de Buenos Aires","Buenos Aires",Argentina,100000471641316,"Fiestas Baires",,1
Natalia,Pratti,nat.pratti@facebook.com,"19 de Mayo",https://www.facebook.com/nat.pratti,,,"Ciudad Autónoma de Buenos Aires","Buenos Aires",Argentina,1604196084,"Divino Vestuario Salve",https://www.facebook.com/salvedivinovestuario,1
Matthias,Martinez,matthias.it@facebook.com,"19 de Mayo",https://www.facebook.com/Matthias.IT,23,,"Ciudad Autónoma de Buenos Aires","Buenos Aires",Argentina,100004941212092,"Carla Ferro",https://www.facebook.com/carla.ferro,1
Maria,Gorof,mariagorof@facebook.com,"19 de Mayo",https://www.facebook.com/mariagorof,,,"Ciudad Autónoma de Buenos Aires","Buenos Aires",Argentina,1085752119,"Maria Florencia Lioni Tarsitano",https://www.facebook.com/mariaflorencia.lionitarsi,1
Kami,Torales,flayante.com.ammor@facebook.com,"19 de Mayo",https://www.facebook.com/flayante.com.ammor,,Flores,"Ciudad Autónoma de Buenos Aires","Buenos Aires",Argentina,100001429058999,"Nicolás García",https://www.facebook.com/Niccccccccco,1
Mauricio,Firbo,mauricio.firbo.5@facebook.com,"19 de Mayo",https://www.facebook.com/mauricio.firbo.5,27,,"Ciudad Autónoma de Buenos Aires","Buenos Aires",Argentina,100006685840663,"Ale Arias Mandarine Park",,1
Jose,Edinson,llnaiker.masznah.9@facebook.com,"19 de Mayo",https://www.facebook.com/llnaiker.masznah.9,27,,"Ciudad Autónoma de Buenos Aires","Buenos Aires",Argentina,100006703233354,"Ale Arias Mandarine Park",,1
Carol,Hishitaka,chishitaka@facebook.com,"19 de Mayo",https://www.facebook.com/chishitaka,29,,"Ciudad Autónoma de Buenos Aires","Buenos Aires",Argentina,1100700341,"Pablo Martène",https://www.facebook.com/pablomartene,1
Nicole,Liao,nicole.yaell@facebook.com,"19 de Mayo",https://www.facebook.com/nicole.yaell,27,,"Ciudad Autónoma de Buenos Aires","Buenos Aires",Argentina,100006710053449,"Ale Arias Mandarine Park",,1
Mundo,Nala,mundonala@facebook.com,"19 de Mayo",https://www.facebook.com/MundoNala,27,,"Ciudad Autónoma de Buenos Aires","Buenos Aires",Argentina,100000519581845,"Cristian Fernandez Villamor",https://www.facebook.com/cristian.fernandezvillamo,1
Daiana,D'Agostino,daiana.dagostino@facebook.com,"19 de Mayo",https://www.facebook.com/daiana.dagostino,25,,"Ciudad Autónoma de Buenos Aires","Buenos Aires",Argentina,1301634257,"Juan Antonio Papagni Meca",https://www.facebook.com/juanantoniopapagnimeca,1
Ale,Pradón,ale.pradon@facebook.com,"19 de Mayo",https://www.facebook.com/ale.pradon,,,"Ciudad Autónoma de Buenos Aires","Buenos Aires",Argentina,631150304,"Sebastian Daniel Riccardi",https://www.facebook.com/sebastian.riccardi,1
Lu,Florio,luli.florio@facebook.com,"19 de Mayo",https://www.facebook.com/Luli.florio,,"Buenos Aires","Buenos Aires","Buenos Aires",Argentina,100001648429667,"Luciana Paione Oleszuk",0,1
Romi,Foss,romi.foss@facebook.com,"19 de Mayo",https://www.facebook.com/romi.foss,,,"Ciudad Autónoma de Buenos Aires","Buenos Aires",Argentina,1204578280,"Juan Antonio Papagni Meca",https://www.facebook.com/juanantoniopapagnimeca,1
Alejandro,Rodriguez,alejandrodaniel.rodriguezepifanio@facebook.com,"19 de Mayo",https://www.facebook.com/alejandrodaniel.rodriguezepifanio,26,,"Ciudad Autónoma de Buenos Aires","Buenos Aires",Argentina,784353627,"Ayelen Alumine Anahi",https://www.facebook.com/ashe.chabakana,1
"María Belén",Nuñez,bel.nunez@facebook.com,"19 de Mayo",https://www.facebook.com/bel.nunez,23,,"Ciudad Autónoma de Buenos Aires","Buenos Aires",Argentina,1219404185,"Jobs Bar",https://www.facebook.com/jobsbar,1
Augusto,Carrero,augusto.carrero@facebook.com,"19 de Mayo",https://www.facebook.com/augusto.carrero,,,"Ciudad Autónoma de Buenos Aires","Buenos Aires",Argentina,1271770480,"Ivan Lisz",,1
Antonela,Rocca,antonela.rocca.1@facebook.com,"19 de Mayo",https://www.facebook.com/antonela.rocca.1,26,"Villa Devoto","Ciudad Autónoma de Buenos Aires","Buenos Aires",Argentina,643671842,"Mariano Montani",https://www.facebook.com/mariano.montani,1
Mariano,Sanyo,mariano.sanyo@facebook.com,"19 de Mayo",https://www.facebook.com/mariano.sanyo,,,"Ciudad Autónoma de Buenos Aires","Buenos Aires",Argentina,1274245785,"Ivan Lisz",,1
"Musica Para","Tus Fiestas",musicaparatusfiestasarg@facebook.com,"19 de Mayo",https://www.facebook.com/musicaparatusfiestasarg,28,,"Ciudad Autónoma de Buenos Aires","Buenos Aires",Argentina,100005901911888,"Vale Piedra",https://www.facebook.com/Valepiedra,1
Tomas,"del Prado",tomas.delprado@facebook.com,"19 de Mayo",https://www.facebook.com/tomas.delprado,25,,"Ciudad Autónoma de Buenos Aires","Buenos Aires",Argentina,1639463119,"Fernando Olner Cupayolo",https://www.facebook.com/fernando.cupayolo,1
Pablo,Zancocchia,zpablo18@facebook.com,"19 de Mayo",https://www.facebook.com/zpablo18,,,"Ciudad Autónoma de Buenos Aires","Buenos Aires",Argentina,100003492422364,"Flor Cantero",,1
Lali,Pignolo,lali.pignolo@facebook.com,"19 de Mayo",https://www.facebook.com/lali.pignolo,,Recoleta,"Ciudad Autónoma de Buenos Aires","Buenos Aires",Argentina,100003885519736,"Tavo M-p",,1
Gato,Edelsztein,gato.edelsztein@facebook.com,"19 de Mayo",https://www.facebook.com/gato.edelsztein,22,,"Ciudad Autónoma de Buenos Aires","Buenos Aires",Argentina,593419885,"Ana Glinberg",https://www.facebook.com/ana.glinberg,1
Noryan,Props,noryan.props@facebook.com,"19 de Mayo",https://www.facebook.com/noryan.props,,"Buenos Aires","Buenos Aires","Buenos Aires",Argentina,100003546622300,"Fett Maidana",0,1
Vestite,"A Tu Manera",vestiteatumanera@facebook.com,"19 de Mayo",https://www.facebook.com/vestiteatumanera,,,"Ciudad Autónoma de Buenos Aires","Buenos Aires",Argentina,100002455005299,"Romi Flores",,1
Benja,Dimontilio,benja.dimontilio@facebook.com,"19 de Mayo",https://www.facebook.com/benja.dimontilio,23,"Buenos Aires","Buenos Aires","Buenos Aires",Argentina,100002872580258,"Martu Lehmann",0,1
Chiara,Assanelli,chiaraassa@facebook.com,"19 de Mayo",https://www.facebook.com/chiaraassa,,"Buenos Aires","Buenos Aires","Buenos Aires",Argentina,1519675611,"Martu Lehmann",0,1
Jessica,Maidana,jessica.maidana1@facebook.com,"19 de Mayo",https://www.facebook.com/jessica.maidana1,,,"Ciudad Autónoma de Buenos Aires","Buenos Aires",Argentina,1321306571,"Flor Vischi Cortés",https://www.facebook.com/flor.vischi,1
"Noelia Soledad","Rodriguez Forcelledo",noeliasoledad.rodriguez@facebook.com,"19 de Mayo",https://www.facebook.com/noeliasoledad.rodriguez,26,,"Ciudad Autónoma de Buenos Aires","Buenos Aires",Argentina,789565521,"Noelia Juskiewicz",https://www.facebook.com/noelia.juskiewicz,1
Maximilian,Pattane,maximiliano.pata@facebook.com,"19 de Mayo",https://www.facebook.com/maximiliano.pata,,,"Ciudad Autónoma de Buenos Aires","Buenos Aires",Argentina,1160880910,"Franco Marcoccia",https://www.facebook.com/franco.marcoccia,1
Gonzalo,Rubio,psy.gox@facebook.com,"19 de Mayo",https://www.facebook.com/psy.gox,26,"Villa Devoto","Ciudad Autónoma de Buenos Aires","Buenos Aires",Argentina,812510030,"Yanina Battiato",,1
Agustin,Ramirez,agustin.reynaga.1@facebook.com,"19 de Mayo",https://www.facebook.com/agustin.reynaga.1,,,"Ciudad Autónoma de Buenos Aires","Buenos Aires",Argentina,100000477520084,"Juan Cruz Albornoz",,1
Imagenes,Graciosas,viajesfelices.latablada.1@facebook.com,"19 de Mayo",https://www.facebook.com/viajesfelices.latablada.1,21,,"Ciudad Autónoma de Buenos Aires","Buenos Aires",Argentina,100007371967532,"Julio Roberto Cuevas",https://www.facebook.com/julioroberto.cuevas,1
Fede,"Stokes Andres",fede.stokes@facebook.com,"19 de Mayo",https://www.facebook.com/fede.stokes,,,"Ciudad Autónoma de Buenos Aires","Buenos Aires",Argentina,1140848747,"Agustina Pelle Müller",,1
Yazmin,Santillan,yazmin.santillanmartinez@facebook.com,"19 de Mayo",https://www.facebook.com/yazmin.santillanmartinez,21,,"Ciudad Autónoma de Buenos Aires","Buenos Aires",Argentina,100002449679094,"Carla Diaz",,1
Max,Rodrigo,maaxi.santillan@facebook.com,"19 de Mayo",https://www.facebook.com/maaxi.santillan,,,"Ciudad Autónoma de Buenos Aires","Buenos Aires",Argentina,100002372104160,"Agustina Pelle Müller",,1
May,Albarracin,mayravanina.albarracin@facebook.com,"19 de Mayo",https://www.facebook.com/mayravanina.albarracin,,,"Ciudad Autónoma de Buenos Aires","Buenos Aires",Argentina,1682153110,"Juan Elias Catan",https://www.facebook.com/juan.724,1
Paoo,Cande,paoo.cande1@facebook.com,"19 de Mayo",https://www.facebook.com/paoo.cande1,,,"Ciudad Autónoma de Buenos Aires","Buenos Aires",Argentina,1216285779,"Nahu Millicay Pereyra",https://www.facebook.com/nahumilli,1
Melisa,Lee,melisa.lee.7568@facebook.com,"19 de Mayo",https://www.facebook.com/melisa.lee.7568,28,"Buenos Aires","Buenos Aires","Buenos Aires",Argentina,1618607030,"Alan Yun",0,1
Mafalda,"Marca Tu Estilo",mafalda.marcatuestilo@facebook.com,"19 de Mayo",https://www.facebook.com/mafalda.marcatuestilo,,,"Ciudad Autónoma de Buenos Aires","Buenos Aires",Argentina,100002667517262,"Carina Viernickel",,1
Pedro,Delvalle,pedro.delvalle.3597@facebook.com,"19 de Mayo",https://www.facebook.com/pedro.delvalle.3597,22,,"Ciudad Autónoma de Buenos Aires","Buenos Aires",Argentina,100006419020590,"Agustina Pelle Müller",,1
Abru,Teglia,abii.teglia@facebook.com,"19 de Mayo",https://www.facebook.com/Abii.Teglia,,,"Ciudad Autónoma de Buenos Aires","Buenos Aires",Argentina,100000099232311,"Cristian Andres Romano",,1
Karen,Jorgensen,karen.jorgensen1@facebook.com,"19 de Mayo",https://www.facebook.com/karen.jorgensen1,,,"Ciudad Autónoma de Buenos Aires","Buenos Aires",Argentina,1780472241,"Chivi Giler",https://www.facebook.com/chivigiler,1
Angelo,Fornabaio,angelo.fornabaio@facebook.com,"19 de Mayo",https://www.facebook.com/angelo.fornabaio,,,"Ciudad Autónoma de Buenos Aires","Buenos Aires",Argentina,782963291,"Clara Ryan",https://www.facebook.com/clariryaneventos,1
Luis,Torres,titi.carp@facebook.com,"19 de Mayo",https://www.facebook.com/TITI.CARP,,Paternal,"Ciudad Autónoma de Buenos Aires","Distrito Federal",Argentina,1539942682,"Brian Cano",,1
Cruce,"De Lomas",crucedelomas@facebook.com,"19 de Mayo",https://www.facebook.com/crucedelomas,,,"Ciudad Autónoma de Buenos Aires","Buenos Aires",Argentina,100001309348242,"Martín Álvarez BA I",https://www.facebook.com/Woody.Blair,1
Leandro,Illia,leandro.illia@facebook.com,"19 de Mayo",https://www.facebook.com/leandro.illia,,,"Ciudad Autónoma de Buenos Aires","Buenos Aires",Argentina,100002623494849,"Laurita Menichetti",https://www.facebook.com/laurita.menichetti,1
Aldana,"Cachorros En Adopción",aldana.cachorrosenadopcion@facebook.com,"19 de Mayo",https://www.facebook.com/aldana.cachorrosenadopcion,21,,"Ciudad Autónoma de Buenos Aires","Buenos Aires",Argentina,1035459366,"Luli Torres",,1
Hernan,Antequeda,hernan.antequeda@facebook.com,"19 de Mayo",https://www.facebook.com/hernan.antequeda,,,"Ciudad Autónoma de Buenos Aires","Buenos Aires",Argentina,1036956635,"David Zalasar",https://www.facebook.com/Davidcocktails,1
Tu,Pilates,tupilates@facebook.com,"19 de Mayo",https://www.facebook.com/tupilates,,Liniers,"Ciudad Autónoma de Buenos Aires","Buenos Aires",Argentina,100000597461847,"Miranda Toderi",https://www.facebook.com/miranda.toderi,1
Damian,Viera,damian.viera.9@facebook.com,"19 de Mayo",https://www.facebook.com/damian.viera.9,,,"Ciudad Autónoma de Buenos Aires","Buenos Aires",Argentina,1449361109,"Elias Saul",https://www.facebook.com/elias.saul,1
Belemciitah,"Paz II",miangelmatiasguerrero@facebook.com,"19 de Mayo",https://www.facebook.com/miangelmatiasguerrero,,,"Ciudad Autónoma de Buenos Aires","Buenos Aires",Argentina,100002546311870,"Martín Álvarez BA I",https://www.facebook.com/Woody.Blair,1
Fari,Carp,fari.carp@facebook.com,"19 de Mayo",https://www.facebook.com/fari.carp,23,,"Ciudad Autónoma de Buenos Aires","Buenos Aires",Argentina,100000049354131,"Agustina Pelle Müller",,1
Pablitoo,"Emiliano II",pablitooh.carp.1@facebook.com,"19 de Mayo",https://www.facebook.com/pablitooh.carp.1,21,,"Ciudad Autónoma de Buenos Aires","Buenos Aires",Argentina,100002958921824,"Julieta Vescio",https://www.facebook.com/JulietaVescio,1
Luciano,Nicolás,lucianonrod@facebook.com,"19 de Mayo",https://www.facebook.com/lucianonrod,,,"Ciudad Autónoma de Buenos Aires","Buenos Aires",Argentina,100001550801543,"Caro Juarez",https://www.facebook.com/carolinacjuarez,1
"Amigas Pisando Fuerte","Maison Palou",maisonpalou@facebook.com,"19 de Mayo",https://www.facebook.com/maisonpalou,,,"Ciudad Autónoma de Buenos Aires","Buenos Aires",Argentina,100001680002706,"Caro Juarez",https://www.facebook.com/carolinacjuarez,1
Sil,Myers,sil.miers@facebook.com,"19 de Mayo",https://www.facebook.com/sil.miers,,,"Ciudad Autónoma de Buenos Aires","Buenos Aires",Argentina,1630369970,"La Rockeria",https://www.facebook.com/oveja1,1
Eri,Silva,erii.silva@facebook.com,"19 de Mayo",https://www.facebook.com/erii.silva,,,"Ciudad Autónoma de Buenos Aires","Buenos Aires",Argentina,100000450526814,"Juanma Ramirez",,1
Camila,Furquet,camifurquet@facebook.com,"19 de Mayo",https://www.facebook.com/Camifurquet,,,"Ciudad Autónoma de Buenos Aires","Buenos Aires",Argentina,1426843946,"Brian Cano",,1
Victoria,"Pérez Bega",victoria.cae@facebook.com,"19 de Mayo",https://www.facebook.com/Victoria.CAE,,Colegiales,"Ciudad Autónoma de Buenos Aires","Buenos Aires",Argentina,624941698,"Evelin Barzabal",https://www.facebook.com/evelin.barzabal,1
Daro,Zens,darozens@facebook.com,"19 de Mayo",https://www.facebook.com/darozens,,,"Ciudad Autónoma de Buenos Aires","Buenos Aires",Argentina,831973325,"July Jaluff",https://www.facebook.com/july.jaluff,1
Gaby,Coronel,gabbe.xd@facebook.com,"19 de Mayo",https://www.facebook.com/gabbe.xd,24,,"Ciudad Autónoma de Buenos Aires","Buenos Aires",Argentina,1497720373,"Jobs Bar",https://www.facebook.com/jobsbar,1
"Paula Maria","Gonzalez Tenorio",paulamaria.gonzaleztenorio@facebook.com,"19 de Mayo",https://www.facebook.com/paulamaria.gonzaleztenorio,,"Buenos Aires","Buenos Aires","Buenos Aires",Argentina,100000430610418,"Alejandro Dixon",0,1
Diego,Ros,diego.ros@facebook.com,"19 de Mayo",https://www.facebook.com/diego.ros,,,"Ciudad Autónoma de Buenos Aires","Buenos Aires",Argentina,544295543,"Yanina Battiato",,1
Gasti,Bardelli,gasti.bardelli@facebook.com,"19 de Mayo",https://www.facebook.com/gasti.bardelli,22,,"Ciudad Autónoma de Buenos Aires","Buenos Aires",Argentina,100002271273283,"Agustin Blanco",,1
Luli,Berard,luli.berard@facebook.com,"19 de Mayo",https://www.facebook.com/luli.berard,,,"Ciudad Autónoma de Buenos Aires","Buenos Aires",Argentina,1098560564,"Juan Cruz Albornoz",,1
Kamila,Magali,kami.teflayeaunrato@facebook.com,"19 de Mayo",https://www.facebook.com/Kami.TeFlayeaUnRato,,Flores,"Ciudad Autónoma de Buenos Aires","Buenos Aires",Argentina,100004150385604,"Nicolás García",https://www.facebook.com/Niccccccccco,1
Bartolo,Verano,bartoloverano@facebook.com,"19 de Mayo",https://www.facebook.com/bartoloverano,,,"Ciudad Autónoma de Buenos Aires","Buenos Aires",Argentina,100003690805147,"Débora Piccirilli",https://www.facebook.com/debora.piccirilli1,1
Flavia,Trotta,flavia.trotta.3@facebook.com,"20 de Mayo",https://www.facebook.com/flavia.trotta.3,27,,"Ciudad Autónoma de Buenos Aires","Buenos Aires",Argentina,100002632776456,"Diego Urlacher",,1
Pupi,"Zangerl Djensonn",ingriddjen@facebook.com,"20 de Mayo",https://www.facebook.com/IngridDjen,,,"Ciudad Autónoma de Buenos Aires","Buenos Aires",Argentina,698504237,"Chanchi Martinez",https://www.facebook.com/chanchi.martinez,1
Poppins,PrensayDifusón,poppins.prensaydifuson@facebook.com,"20 de Mayo",https://www.facebook.com/poppins.prensaydifuson,,,"Ciudad Autónoma de Buenos Aires","Buenos Aires",Argentina,100001134545665,"Srita Bauer",https://www.facebook.com/marina.vas,1
"El Labo","Laboratorio Fotografico",ellabo.laboratoriofotografico@facebook.com,"20 de Mayo",https://www.facebook.com/ellabo.laboratoriofotografico,,,"Ciudad Autónoma de Buenos Aires","Buenos Aires",Argentina,702969728,"Laura Gervasi",,1
Leonardo,Escobar,leonardo.a.escobar@facebook.com,"20 de Mayo",https://www.facebook.com/leonardo.a.escobar,28,,"Ciudad Autónoma de Buenos Aires","Buenos Aires",Argentina,100000808122462,"Cristian Pluis",,1
Marmoles,"Granitos Silestone",marmoles.granitossilestone@facebook.com,"20 de Mayo",https://www.facebook.com/marmoles.granitossilestone,27,,"Ciudad Autónoma de Buenos Aires","Buenos Aires",Argentina,100001228115456,"Maria Garcia Neglia",https://www.facebook.com/maria.garcianeglia,1
Matias,"El Mas Turro",matias.edicionlimitada@facebook.com,"20 de Mayo",https://www.facebook.com/matias.edicionlimitada,21,,"Ciudad Autónoma de Buenos Aires","Buenos Aires",Argentina,100002428145928,"Aniita Canta",https://www.facebook.com/Aniita.Canta,1
Federico,Robert,feeeh@facebook.com,"20 de Mayo",https://www.facebook.com/feeeh,28,,"Ciudad Autónoma de Buenos Aires","Buenos Aires",Argentina,1210621270,"Flor Gonzalez",,1
Naty,Lazzo,naty.lazzo@facebook.com,"20 de Mayo",https://www.facebook.com/naty.lazzo,29,,"Ciudad Autónoma de Buenos Aires","Buenos Aires",Argentina,1232839095,"Gonzalo Bussetti",https://www.facebook.com/gonzalo.bussetti,1
Solci,Nuñez,solcimn@facebook.com,"20 de Mayo",https://www.facebook.com/solcimn,,"Villa Pueyrredón","Ciudad Autónoma de Buenos Aires","Distrito Federal",Argentina,100003063844221,"Facu Denegri",,1
Bata,Alves,batavp@facebook.com,"20 de Mayo",https://www.facebook.com/batavp,,"Villa Pueyrredón","Ciudad Autónoma de Buenos Aires","Distrito Federal",Argentina,1047133928,"Maria Belén",,1
Andy,Göttert,andrea.gottert@facebook.com,"20 de Mayo",https://www.facebook.com/andrea.gottert,,,"Ciudad Autónoma de Buenos Aires","Buenos Aires",Argentina,1265948733,"Jessica Bellomo",https://www.facebook.com/JessBellomo,1
Lucas,Melana,lucas.melana.9@facebook.com,"20 de Mayo",https://www.facebook.com/lucas.melana.9,,"Villa Del Parque","Ciudad Autónoma de Buenos Aires","Buenos Aires",Argentina,1405039757,"Giiu Minniti",https://www.facebook.com/giiu.minniti,1
Glam,Estudio,glammakeupbsasiii@facebook.com,"20 de Mayo",https://www.facebook.com/GlamMakeUpBsAsIII,,,"Ciudad Autónoma de Buenos Aires","Buenos Aires",Argentina,100000279690788,"Jessica Bellomo",https://www.facebook.com/JessBellomo,1
Tienda,"Perfil Lleno",tiendawho@facebook.com,"20 de Mayo",https://www.facebook.com/TiendaWHO,,,"Ciudad Autónoma de Buenos Aires","Buenos Aires",Argentina,100000994719530,"Catalina Plá Señorans",https://www.facebook.com/catalina.pla,1
Aurelio,Dellepiane,aurelio.dellepiane@facebook.com,"20 de Mayo",https://www.facebook.com/aurelio.dellepiane,,,"Ciudad Autónoma de Buenos Aires","Buenos Aires",Argentina,1533106430,"Alan Volper",https://www.facebook.com/alan.volper,1
Christian,"Frias II",elarabechris@facebook.com,"20 de Mayo",https://www.facebook.com/Elarabechris,26,Flores,"Ciudad Autónoma de Buenos Aires","Buenos Aires",Argentina,1261318905,"Cristian Fernandez Villamor",https://www.facebook.com/cristian.fernandezvillamo,1
Nicolas,Malone,dandimalone@facebook.com,"20 de Mayo",https://www.facebook.com/dandimalone,,,"Ciudad Autónoma de Buenos Aires","Buenos Aires",Argentina,592659137,"Emiliano Pirolo",https://www.facebook.com/emi.pirolo,1
Jaqueline,Dutra,jaqueline.dutra.9@facebook.com,"20 de Mayo",https://www.facebook.com/jaqueline.dutra.9,,,"Ciudad Autónoma de Buenos Aires","Buenos Aires",Argentina,100000920017588,"Joshua Oglio",,1
Love,Janeiro,juliana.trevino.142@facebook.com,"20 de Mayo",https://www.facebook.com/juliana.trevino.142,29,,"Ciudad Autónoma de Buenos Aires","Buenos Aires",Argentina,100004047582406,"Antonela Monachesi",https://www.facebook.com/anto.monachesi,1
Juliana,"Lopez Crozz",juliana.lopezcrozz@facebook.com,"20 de Mayo",https://www.facebook.com/juliana.lopezcrozz,,,"Ciudad Autónoma de Buenos Aires","Buenos Aires",Argentina,100002784842485,"Irma Mercedes Palma",,1
Alan,Gastón,alan.gaston.944@facebook.com,"20 de Mayo",https://www.facebook.com/alan.gaston.944,,"La Paternal","Ciudad Autónoma de Buenos Aires","Distrito Federal",Argentina,100004157018364,"Ale Arias Mandarine Park",,1
Tomas,Ordoñez,tomi.ordo10@facebook.com,"20 de Mayo",https://www.facebook.com/tomi.ordo10,,,"Ciudad Autónoma de Buenos Aires","Buenos Aires",Argentina,1485190814,"Ivan Lisz",,1
Laurent,"de Roissart",laurent.deroissart.94@facebook.com,"20 de Mayo",https://www.facebook.com/laurent.deroissart.94,,,"Ciudad Autónoma de Buenos Aires","Buenos Aires",Argentina,752987221,"Candy Pinto Kramer",,1
Poralgosera,Indumentaria,poralgosera.indumentaria@facebook.com,"20 de Mayo",https://www.facebook.com/poralgosera.indumentaria,25,,"Ciudad Autónoma de Buenos Aires","Buenos Aires",Argentina,100001198456757,"Flor Botana",,1
Eugenia,Arce,eugenia.arce.75@facebook.com,"20 de Mayo",https://www.facebook.com/eugenia.arce.75,24,,"Ciudad Autónoma de Buenos Aires","Buenos Aires",Argentina,1650861508,"Pedro Lopezyfernandez",https://www.facebook.com/pedronahuel,1
Kamaria,Tribal,kamaria.tribal.argentina@facebook.com,"20 de Mayo",https://www.facebook.com/kamaria.tribal.argentina,,,"Ciudad Autónoma de Buenos Aires","Buenos Aires",Argentina,100002917147247,"Maria DEL Mar",,1
Cele,Diseño,cldiseno@facebook.com,"20 de Mayo",https://www.facebook.com/cldiseno,,,"Ciudad Autónoma de Buenos Aires","Buenos Aires",Argentina,100001739748194,"Jessica Bellomo",https://www.facebook.com/JessBellomo,1
Gala,Galuxka,galagaluxka@facebook.com,"20 de Mayo",https://www.facebook.com/galagaluxka,33,,"Ciudad Autónoma de Buenos Aires","Buenos Aires",Argentina,1269666707,"Bomba Barassi",https://www.facebook.com/bomba.barassi,1
Martu,Obstfeld,martu.obstfeld@facebook.com,"20 de Mayo",https://www.facebook.com/martu.obstfeld,,,"Ciudad Autónoma de Buenos Aires","Buenos Aires",Argentina,1509900905,"Cami Weng",,1
Jessi,Jess,jessi.jess.56@facebook.com,"20 de Mayo",https://www.facebook.com/jessi.jess.56,26,,"Ciudad Autónoma de Buenos Aires","Buenos Aires",Argentina,1231712134,"Victoria Roldán",https://www.facebook.com/marievickyroldan,1
Alan,FL,facundopriestt@facebook.com,"20 de Mayo",https://www.facebook.com/facundopriestt,22,,"Ciudad Autónoma de Buenos Aires","Buenos Aires",Argentina,100005004786974,"Diego Vasquez",,1
Giuliana,Antonella,giuliana.antonella.22@facebook.com,"20 de Mayo",https://www.facebook.com/giuliana.antonella.22,22,,"Ciudad Autónoma de Buenos Aires","Buenos Aires",Argentina,1040986335,"Brian Cano",,1
Nick,Delatorre,nick.delatorre.75@facebook.com,"20 de Mayo",https://www.facebook.com/nick.delatorre.75,24,,"Ciudad Autónoma de Buenos Aires","Buenos Aires",Argentina,100001437853877,"Jero Salsamendi",https://www.facebook.com/jero.salsamendi,1
Bampyros,Hard-Rock,bampyros@facebook.com,"20 de Mayo",https://www.facebook.com/bampyros,,,"Ciudad Autónoma de Buenos Aires","Buenos Aires",Argentina,100006795279020,"La Rockeria",https://www.facebook.com/oveja1,1
"Clases De",Piano-Musica,clasesde.pianomusica.3@facebook.com,"20 de Mayo",https://www.facebook.com/clasesde.pianomusica.3,29,,"Ciudad Autónoma de Buenos Aires","Buenos Aires",Argentina,100001872671086,"Jessica Bellomo",https://www.facebook.com/JessBellomo,1
Adrian,Garay,adrian.garay.395@facebook.com,"20 de Mayo",https://www.facebook.com/adrian.garay.395,28,,"Ciudad Autónoma de Buenos Aires","Buenos Aires",Argentina,100003069508680,"Juan Manuel Fotografo",https://www.facebook.com/JuanmaJMFotoEstudio,1
Wanita,Tienda,wanita.accesorios@facebook.com,"20 de Mayo",https://www.facebook.com/wanita.accesorios,29,,"Ciudad Autónoma de Buenos Aires","Buenos Aires",Argentina,100001875492582,"Jessica Bellomo",https://www.facebook.com/JessBellomo,1
Matias,Contratenor,matias.contratenor@facebook.com,"20 de Mayo",https://www.facebook.com/matias.contratenor,27,,"Ciudad Autónoma de Buenos Aires","Buenos Aires",Argentina,100001202503356,"Flor Scalise",https://www.facebook.com/flor.scalise,1
Ayelén,Villafañes,gotik.hijadesatan@facebook.com,"20 de Mayo",https://www.facebook.com/gotik.hijadesatan,32,,"Ciudad Autónoma de Buenos Aires","Buenos Aires",Argentina,100003773116229,"La Rockeria",https://www.facebook.com/oveja1,1
Laura,Marquese,laura.marquese@facebook.com,"20 de Mayo",https://www.facebook.com/laura.marquese,,,"Ciudad Autónoma de Buenos Aires","Buenos Aires",Argentina,100002038369356,"Nahu Millicay Pereyra",https://www.facebook.com/nahumilli,1
Sol,Vazquez,sol.vazquez.19@facebook.com,"20 de Mayo",https://www.facebook.com/sol.vazquez.19,24,,"Ciudad Autónoma de Buenos Aires","Buenos Aires",Argentina,1122713123,"Estefania Rodriguez",,1
Gifts,Ideas,gifts.ideas.92@facebook.com,"20 de Mayo",https://www.facebook.com/gifts.ideas.92,32,,"Ciudad Autónoma de Buenos Aires","Buenos Aires",Argentina,100004644883749,"Felicitas Ghigliotti",https://www.facebook.com/felicitas.ghigliotti,1
Bel,Bozzo,belgarciabozzo@facebook.com,"20 de Mayo",https://www.facebook.com/belgarciabozzo,,,"Ciudad Autónoma de Buenos Aires","Buenos Aires",Argentina,1743193037,"Juan Cruz Albornoz",,1
Jose,"Paz Madariaga",jose.pazmadariaga@facebook.com,"20 de Mayo",https://www.facebook.com/jose.pazmadariaga,,,"Ciudad Autónoma de Buenos Aires","Buenos Aires",Argentina,100000539013789,"Marilina Lagomarsino",https://www.facebook.com/marilina.lagomarsino,1
Sin,Palabras,sinpalabras.radio@facebook.com,"21 de Mayo",https://www.facebook.com/sinpalabras.radio,31,,"Ciudad Autónoma de Buenos Aires","Buenos Aires",Argentina,100001019628785,"Cynthia Gianni",,1
Melissa,Marsilli,melissa.marsilli@facebook.com,"21 de Mayo",https://www.facebook.com/melissa.marsilli,27,,"Ciudad Autónoma de Buenos Aires","Buenos Aires",Argentina,562236891,"Rocio Benitez",,1
Ornella,Timpano,ornelita.timpano@facebook.com,"21 de Mayo",https://www.facebook.com/ornelita.timpano,26,,"Ciudad Autónoma de Buenos Aires","Buenos Aires",Argentina,1520794887,"Tamara Arias",,1
Espacio,"San Fernando",espacio.salguero@facebook.com,"21 de Mayo",https://www.facebook.com/espacio.salguero,29,,"Ciudad Autónoma de Buenos Aires","Buenos Aires",Argentina,100001113854777,"Majo López Tavani",https://www.facebook.com/lasplumas,1
Camila,Safigueroa,camilitaaaa@facebook.com,"21 de Mayo",https://www.facebook.com/CAMILITAAAA,26,,"Ciudad Autónoma de Buenos Aires","Buenos Aires",Argentina,1525094286,"Mia Miry Ponce",,1
Yessy,Servin,yessica.servin.1@facebook.com,"21 de Mayo",https://www.facebook.com/yessica.servin.1,,,"Ciudad Autónoma de Buenos Aires","Buenos Aires",Argentina,100003397086666,"Sindy Elisa Szczucky",https://www.facebook.com/sindy.szczucky,1
Fabrizio,Dalia,entrastealmurodefabri@facebook.com,"21 de Mayo",https://www.facebook.com/entrastealmurodefabri,,"Villa Pueyrredón","Ciudad Autónoma de Buenos Aires","Distrito Federal",Argentina,1634333557,"Brian Cano",,1
Obligado,Buenosaires,obli.ba@facebook.com,"21 de Mayo",https://www.facebook.com/obli.ba,,,"Ciudad Autónoma de Buenos Aires","Buenos Aires",Argentina,100000225153987,"Antonella La Torre",,1
Cami,Heredia,qaamiheredia@facebook.com,"21 de Mayo",https://www.facebook.com/qaamiheredia,,,"Ciudad Autónoma de Buenos Aires","Buenos Aires",Argentina,1157274345,"Juan Cruz Albornoz",,1
Anto,"Di Paola",anto.dipaola.37@facebook.com,"21 de Mayo",https://www.facebook.com/anto.dipaola.37,23,,"Ciudad Autónoma de Buenos Aires","Buenos Aires",Argentina,100005963045685,"Ariel Martin",https://www.facebook.com/arielcabezon,1
Debora,Ramdan,debora.ramdan@facebook.com,"21 de Mayo",https://www.facebook.com/debora.ramdan,29,,"Ciudad Autónoma de Buenos Aires","Buenos Aires",Argentina,100001423494440,"Yanel Block",https://www.facebook.com/yanel.bllock,1
Sergio,Siniga,sergio.siniga@facebook.com,"21 de Mayo",https://www.facebook.com/sergio.siniga,29,,"Ciudad Autónoma de Buenos Aires","Buenos Aires",Argentina,1556477769,"Tatiana Petroccelli",https://www.facebook.com/tanshanita,1
Loli,Cuore,loli.cuore@facebook.com,"21 de Mayo",https://www.facebook.com/loli.cuore,31,,"Ciudad Autónoma de Buenos Aires","Buenos Aires",Argentina,100001223116044,"Tatiana Petroccelli",https://www.facebook.com/tanshanita,1
Carlitos,Quintana,carlitos.quintana@facebook.com,"21 de Mayo",https://www.facebook.com/carlitos.quintana,,,"Ciudad Autónoma de Buenos Aires","Buenos Aires",Argentina,100001864393810,"Camy Falcón",https://www.facebook.com/Cammy.Falcon,1
Ana,Buchovsky,ana.buchovsky@facebook.com,"21 de Mayo",https://www.facebook.com/ana.buchovsky,27,,"Ciudad Autónoma de Buenos Aires","Buenos Aires",Argentina,1078966200,"Agostina Magali Aguirre Alvarez",,1
Luli,Britez,hermmosshaa@facebook.com,"21 de Mayo",https://www.facebook.com/hermmosshaa,24,,"Ciudad Autónoma de Buenos Aires","Buenos Aires",Argentina,100001418045304,"Pedro Lopezyfernandez",https://www.facebook.com/pedronahuel,1
Solo,River,solo.river.7@facebook.com,"21 de Mayo",https://www.facebook.com/solo.river.7,26,,"Ciudad Autónoma de Buenos Aires","Buenos Aires",Argentina,100001633444408,"Julian Yankeliovich Barassi",,1
Natalia,Vago,natalia.vago.94@facebook.com,"21 de Mayo",https://www.facebook.com/natalia.vago.94,,,"Ciudad Autónoma de Buenos Aires","Buenos Aires",Argentina,1081478059,"Pau Britez",https://www.facebook.com/pau.britez,1
"AutoPremium Car",Detailing,autopremium@facebook.com,"21 de Mayo",https://www.facebook.com/autopremium,24,,"Ciudad Autónoma de Buenos Aires","Buenos Aires",Argentina,100002144453569,"Sebastian Daniel Riccardi",https://www.facebook.com/sebastian.riccardi,1
Martina,Guanziroli,haymasdeloqueven@facebook.com,"21 de Mayo",https://www.facebook.com/haymasdeloqueven,,,"Ciudad Autónoma de Buenos Aires","Buenos Aires",Argentina,100000212473499,"Ian Szejner",,1
Cami,Maggi,camimaggii@facebook.com,"21 de Mayo",https://www.facebook.com/camimaggii,,,"Ciudad Autónoma de Buenos Aires","Buenos Aires",Argentina,1287469820,"Mariano Gonzalez",,1
Lucas,Ivan,luu.ruppi@facebook.com,"21 de Mayo",https://www.facebook.com/Luu.Ruppi,,,"Ciudad Autónoma de Buenos Aires","Buenos Aires",Argentina,1461371455,"Nahu Millicay Pereyra",https://www.facebook.com/nahumilli,1
Karen,Reichardt,karen.reichardt.58@facebook.com,"21 de Mayo",https://www.facebook.com/karen.reichardt.58,,,"Ciudad Autónoma de Buenos Aires","Buenos Aires",Argentina,1386160385,"Juan José Merino Cagnones",https://www.facebook.com/jmerinocagnones,1
Sofia,"Raveti Escudero",sopitaraveti@facebook.com,"21 de Mayo",https://www.facebook.com/sopitaraveti,33,"Puerto Madero","Ciudad Autónoma de Buenos Aires","Buenos Aires",Argentina,835108264,"Juani Koch",https://www.facebook.com/juani.koch,1
Ale,Gluoo,ell.emaa1@facebook.com,"21 de Mayo",https://www.facebook.com/ell.emaa1,,Esquel,"Ciudad Autónoma de Buenos Aires","Distrito Federal",Argentina,100000106974703,"Pedro Lopezyfernandez",https://www.facebook.com/pedronahuel,1
Fabricio,Arrieta,fabricio.arrieta.7@facebook.com,"21 de Mayo",https://www.facebook.com/fabricio.arrieta.7,,,"Ciudad Autónoma de Buenos Aires","Buenos Aires",Argentina,689099448,"Romi Flores",,1
Fabricio,Paoletta,fabricio.paoletta@facebook.com,"21 de Mayo",https://www.facebook.com/fabricio.paoletta,,,"Ciudad Autónoma de Buenos Aires","Buenos Aires",Argentina,1422004801,"Vanesa Myrna Ojeda",,1
Julixx,Basstard,julybasstard@facebook.com,"21 de Mayo",https://www.facebook.com/JULYBASSTARD,,"Parque Chacabuco","Ciudad Autónoma de Buenos Aires","Buenos Aires",Argentina,100002516886973,"La Rockeria",https://www.facebook.com/oveja1,1
Mart,Die,mdiel@facebook.com,"21 de Mayo",https://www.facebook.com/Mdiel,29,,"Ciudad Autónoma de Buenos Aires","Buenos Aires",Argentina,1589112028,"La Rockeria",https://www.facebook.com/oveja1,1
Agustina,Guiranna,agustina.guiranna@facebook.com,"21 de Mayo",https://www.facebook.com/agustina.guiranna,21,"Buenos Aires","Buenos Aires","Buenos Aires",Argentina,1400971579,"Juan Pablo Aleman",0,1
Pablim,Peralez,pablim.allboys@facebook.com,"21 de Mayo",https://www.facebook.com/pablim.allboys,24,"Monte Castro","Ciudad Autónoma de Buenos Aires","Buenos Aires",Argentina,1312976442,"Maureen Burton",,1
Bauti,Allende,bauti.allende@facebook.com,"21 de Mayo",https://www.facebook.com/bauti.allende,,,"Ciudad Autónoma de Buenos Aires","Buenos Aires",Argentina,1499573639,"Martin Olmedo",,1
Diego,"De Paternal",diegodepaternal@facebook.com,"21 de Mayo",https://www.facebook.com/diegodepaternal,,"La Paternal","Ciudad Autónoma de Buenos Aires","Buenos Aires",Argentina,100001311398603,"Atilio Fernandez",,1
Carolina,Vazquez,carolina.vazquez.963@facebook.com,"21 de Mayo",https://www.facebook.com/carolina.vazquez.963,33,,"Ciudad Autónoma de Buenos Aires","Buenos Aires",Argentina,1177630590,"Silvina Cazzulino",https://www.facebook.com/silvina.cazzulino,1
Micaela,Rosales,micaela.rosales.9@facebook.com,"21 de Mayo",https://www.facebook.com/micaela.rosales.9,32,,"Ciudad Autónoma de Buenos Aires","Buenos Aires",Argentina,100001208105425,"Miel Irisarri",https://www.facebook.com/miel.irisarri,1
"Lange Ley",Dosmilonce,langeley.dosmilonce@facebook.com,"21 de Mayo",https://www.facebook.com/langeley.dosmilonce,,,"Ciudad Autónoma de Buenos Aires","Buenos Aires",Argentina,100001581285320,"Nano Vaquer",,1
Formación,Videodanzaba,formacion.videodanzaba@facebook.com,"21 de Mayo",https://www.facebook.com/formacion.videodanzaba,,,"Ciudad Autónoma de Buenos Aires","Buenos Aires",Argentina,100001035337135,"Flor Scalise",https://www.facebook.com/flor.scalise,1
HealthStudio,Pilates,healthstudio.pilates@facebook.com,"21 de Mayo",https://www.facebook.com/healthstudio.pilates,,,"Ciudad Autónoma de Buenos Aires","Buenos Aires",Argentina,100001036671238,"Flor Scalise",https://www.facebook.com/flor.scalise,1
Franco,Sinisi,sinisi.franco@facebook.com,"21 de Mayo",https://www.facebook.com/sinisi.franco,24,Versailles,"Ciudad Autónoma de Buenos Aires","Buenos Aires",Argentina,1026805967,"Camila Romano",0,1
Fractura,Expuesta,fracturaradio@facebook.com,"21 de Mayo",https://www.facebook.com/fracturaradio,,,"Ciudad Autónoma de Buenos Aires","Buenos Aires",Argentina,1059319323,"Brenda Fabregat",https://www.facebook.com/brenda.fabregat,1
Agustin,Biasutti,agustin.biasutti@facebook.com,"21 de Mayo",https://www.facebook.com/agustin.biasutti,24,,"Ciudad Autónoma de Buenos Aires","Buenos Aires",Argentina,100000870321126,"Carolina Damiano",https://www.facebook.com/carolina.damiano,1
Kings,Town,kings.town.92@facebook.com,"21 de Mayo",https://www.facebook.com/kings.town.92,,,"Ciudad Autónoma de Buenos Aires","Buenos Aires",Argentina,100000094030877,"Gabriel Gutierrez",,1
Magali,Biandratti,maga.aguirre@facebook.com,"21 de Mayo",https://www.facebook.com/MAGA.AGUIRRE,31,,"Ciudad Autónoma de Buenos Aires","Buenos Aires",Argentina,1036023394,"Maxi Aguirre Fernandez",,1
Mei,Alaniz,mei.alaniz@facebook.com,"21 de Mayo",https://www.facebook.com/mei.alaniz,21,,"Ciudad Autónoma de Buenos Aires","Buenos Aires",Argentina,1216896320,"Cristian Pluis",,1
Mariano,"San Pedro",nitoh.sanpedro@facebook.com,"21 de Mayo",https://www.facebook.com/nitoh.sanpedro,,,"Ciudad Autónoma de Buenos Aires","Buenos Aires",Argentina,1403465533,"Ayu Casanova",,1
Gaby,Chettino,gaby.chettino@facebook.com,"21 de Mayo",https://www.facebook.com/gaby.chettino,21,,"Ciudad Autónoma de Buenos Aires","Buenos Aires",Argentina,100001345864114,"Anita Ghersinich",https://www.facebook.com/anita.ghersinich,1
Amadeo,Javier,delfin.b@facebook.com,"21 de Mayo",https://www.facebook.com/Delfin.B,,,"Ciudad Autónoma de Buenos Aires","Buenos Aires",Argentina,1632753753,"Lix Infinito",https://www.facebook.com/lix.infinito,1
Tuba,Turismo,tuba.turismo@facebook.com,"21 de Mayo",https://www.facebook.com/tuba.turismo,,,"Ciudad Autónoma de Buenos Aires","Buenos Aires",Argentina,100000538326160,"Maria Florencia Lioni Tarsitano",https://www.facebook.com/mariaflorencia.lionitarsi,1
Polo,YmasPolo,pymaspolo@facebook.com,"21 de Mayo",https://www.facebook.com/pymaspolo,27,,"Ciudad Autónoma de Buenos Aires","Buenos Aires",Argentina,100001535546163,"Marilina Lagomarsino",https://www.facebook.com/marilina.lagomarsino,1
Golf,Nocturno,golf.nocturno@facebook.com,"21 de Mayo",https://www.facebook.com/golf.nocturno,27,,"Ciudad Autónoma de Buenos Aires","Buenos Aires",Argentina,100001538562514,"Marilina Lagomarsino",https://www.facebook.com/marilina.lagomarsino,1
Lari,Morales,lari.morales21@facebook.com,"21 de Mayo",https://www.facebook.com/lari.morales21,,,"Ciudad Autónoma de Buenos Aires","Buenos Aires",Argentina,100003040592992,"Romina Dorza",https://www.facebook.com/rodorza,1
Betty,Budini,betty.budini@facebook.com,"21 de Mayo",https://www.facebook.com/betty.budini,,"Buenos Aires","Buenos Aires","Buenos Aires",Argentina,1360540652,"David Ricardo Irusta",0,1
"Cual Es","Tu Gracia",cualestugraciaperfil@facebook.com,"21 de Mayo",https://www.facebook.com/cualestugraciaperfil,29,,"Ciudad Autónoma de Buenos Aires","Buenos Aires",Argentina,100002366160377,"Flor Scalise",https://www.facebook.com/flor.scalise,1
Resacados,Pettinato,resacados.pettinato@facebook.com,"21 de Mayo",https://www.facebook.com/resacados.pettinato,23,,"Ciudad Autónoma de Buenos Aires","Buenos Aires",Argentina,1328192160,"Cami Maranessi",https://www.facebook.com/cami.maranessi,1
Javier,"Lopez Ceschel",javier.lopezceschel@facebook.com,"21 de Mayo",https://www.facebook.com/javier.lopezceschel,27,,"Ciudad Autónoma de Buenos Aires","Buenos Aires",Argentina,760996161,"Paula Otálvaro",https://www.facebook.com/paula.otalvaro,1
Marcelo,Orieta,marcelo.orieta.3@facebook.com,"21 de Mayo",https://www.facebook.com/marcelo.orieta.3,,,"Ciudad Autónoma de Buenos Aires","Buenos Aires",Argentina,100002386652232,"Natalia Neme",https://www.facebook.com/nataliagneme,1
Carla,Rondina,carla.rondina@facebook.com,"21 de Mayo",https://www.facebook.com/carla.rondina,,,"Ciudad Autónoma de Buenos Aires","Buenos Aires",Argentina,1183482849,"Christian Douer Chuky",https://www.facebook.com/christian.chuky,1
Julieta,Canicoba,problemasverdes@facebook.com,"21 de Mayo",https://www.facebook.com/problemasverdes,27,,"Ciudad Autónoma de Buenos Aires","Buenos Aires",Argentina,617743774,"Pablo Iuva",https://www.facebook.com/pablo021179,1
Urbe,Hair,urbe.hair@facebook.com,"21 de Mayo",https://www.facebook.com/urbe.hair,22,,"Ciudad Autónoma de Buenos Aires","Buenos Aires",Argentina,100001583623706,"Agustin Martinez Molinelli",https://www.facebook.com/agustin.martinezmolinelli,1
Matias,Mago,mmago.21@facebook.com,"21 de Mayo",https://www.facebook.com/mmago.21,,,"Ciudad Autónoma de Buenos Aires","Buenos Aires",Argentina,1174413386,"Daiana Soledad Pintos",https://www.facebook.com/Sheena.is,1
Laura,Levy,laura.levy.12@facebook.com,"21 de Mayo",https://www.facebook.com/laura.levy.12,,,"Ciudad Autónoma de Buenos Aires","Buenos Aires",Argentina,100000118748144,"Gustavo Pietrafesa",,1
Juan,Bustos,meskline@facebook.com,"21 de Mayo",https://www.facebook.com/MesKline,,,"Ciudad Autónoma de Buenos Aires","Buenos Aires",Argentina,1098411314,"Gimena Yamila Yerden Giaquinto",https://www.facebook.com/Gimetrance,1
Ricardo,Cine,ricardo.cine.7@facebook.com,"21 de Mayo",https://www.facebook.com/ricardo.cine.7,,,"Ciudad Autónoma de Buenos Aires","Buenos Aires",Argentina,100002580020984,"Joshua Oglio",,1
Carolina,Masci,carolina.masci.5@facebook.com,"21 de Mayo",https://www.facebook.com/carolina.masci.5,21,,"Ciudad Autónoma de Buenos Aires","Buenos Aires",Argentina,100001058298672,"Jonathan Leonel",,1
Estetica,Cirene,esteticacirene@facebook.com,"21 de Mayo",https://www.facebook.com/esteticacirene,,,"Ciudad Autónoma de Buenos Aires","Buenos Aires",Argentina,100001064725298,"Miriam Larrosa",https://www.facebook.com/MeryLarrosa,1
Fantasia,Realidad,fantasiayrealidad.eventos@facebook.com,"21 de Mayo",https://www.facebook.com/fantasiayrealidad.eventos,26,Flores,"Ciudad Autónoma de Buenos Aires","Buenos Aires",Argentina,100005278535572,"Fernando Olner Cupayolo",https://www.facebook.com/fernando.cupayolo,1
Audiovisuales,Argentina,audiovisuales.argentina@facebook.com,"21 de Mayo",https://www.facebook.com/audiovisuales.argentina,21,,"Ciudad Autónoma de Buenos Aires","Buenos Aires",Argentina,1234141206,"Jessica Bellomo",https://www.facebook.com/JessBellomo,1
Esperanto,Palermo,esperanto.palermo@facebook.com,"21 de Mayo",https://www.facebook.com/esperanto.palermo,,,"Ciudad Autónoma de Buenos Aires","Buenos Aires",Argentina,100001163049026,"Emme Elle Russo",https://www.facebook.com/emme.shantiom,1
Nekeva,Mujer,nekeva.indumentaria@facebook.com,"21 de Mayo",https://www.facebook.com/nekeva.indumentaria,,,"Ciudad Autónoma de Buenos Aires","Buenos Aires",Argentina,100004087974953,"Silvina Cazzulino",https://www.facebook.com/silvina.cazzulino,1
Gaabbi,Perez,gabrielperezcortez@facebook.com,"21 de Mayo",https://www.facebook.com/GabrielPerezCortez,,,"Ciudad Autónoma de Buenos Aires","Buenos Aires",Argentina,1567159961,"Brenda Fabregat",https://www.facebook.com/brenda.fabregat,1
