Nombre,Apellido,"Email Facebook",Cumpleaños,"Usuario Facebook",Edad,Barrio,Ciudad,Provincia,Pais,"ID Facebook","Amigo De","Amigo De (Usuario)",rebound
Agustina,"Garcia Vega",agustinagarciavega@facebook.com,"06 de Noviembre",https://www.facebook.com/agustinagarciavega,,,"Ciudad Autónoma de Buenos Aires","Buenos Aires",Argentina,1575720259,"Baires Boliches",,1
Romina,Notario,romina.notario@facebook.com,"06 de Noviembre",https://www.facebook.com/romina.notario,30,,"Ciudad Autónoma de Buenos Aires","Buenos Aires",Argentina,1187622360,"Sabri Bértolo",,1
Leticia,Carbajal,leticia.carbajal2@facebook.com,"06 de Noviembre",https://www.facebook.com/leticia.carbajal2,,,"Ciudad Autónoma de Buenos Aires","Buenos Aires",Argentina,100000092935883,"Laura Gervasi",,1
Danisa,Rodriguez,danisa.rodriguez.33@facebook.com,"06 de Noviembre",https://www.facebook.com/danisa.rodriguez.33,,,"Ciudad Autónoma de Buenos Aires","Buenos Aires",Argentina,100001212050882,"Julio Roberto Cuevas",https://www.facebook.com/julioroberto.cuevas,1
Mariana,Antoniale,lolyantolove@facebook.com,"06 de Noviembre",https://www.facebook.com/lolyantolove,26,,"Ciudad Autónoma de Buenos Aires","Buenos Aires",Argentina,100006107140558,"Ariel Martin",https://www.facebook.com/arielcabezon,1
Vanesa,Cimato,vanesa.cimato@facebook.com,"06 de Noviembre",https://www.facebook.com/vanesa.cimato,27,,"Ciudad Autónoma de Buenos Aires","Buenos Aires",Argentina,870510117,"Melanie Azar",,1
Alexis,Sosa,alexis.sosa.773124@facebook.com,"06 de Noviembre",https://www.facebook.com/alexis.sosa.773124,28,,"Ciudad Autónoma de Buenos Aires","Buenos Aires",Argentina,100004689103661,"Cristian Fernandez Villamor",https://www.facebook.com/cristian.fernandezvillamo,1
Vanesa,Labordeta,vanesa.labordeta@facebook.com,"06 de Noviembre",https://www.facebook.com/vanesa.labordeta,,,"Ciudad Autónoma de Buenos Aires","Buenos Aires",Argentina,1198839286,"Natalia Tarelli",,1
Dana,Denise,dana.denise.g@facebook.com,"06 de Noviembre",https://www.facebook.com/Dana.Denise.G,,,"Ciudad Autónoma de Buenos Aires","Buenos Aires",Argentina,100001745361859,"Juanma Ramirez",,1
Pau,Astorga,pau.astorga1@facebook.com,"06 de Noviembre",https://www.facebook.com/pau.astorga1,,,"Ciudad Autónoma de Buenos Aires","Buenos Aires",Argentina,100000267745686,"Felipe Vidal",https://www.facebook.com/Feelipe.vp,1
Cande,Tinelli,cande.tinelli5@facebook.com,"06 de Noviembre",https://www.facebook.com/cande.tinelli5,,,"Ciudad Autónoma de Buenos Aires","Buenos Aires",Argentina,100005039171569,"Ivan Lisz",,1
Claudia,Lin,claudia.linhuang@facebook.com,"06 de Noviembre",https://www.facebook.com/claudia.linhuang,,,"Ciudad Autónoma de Buenos Aires","Buenos Aires",Argentina,100000337764449,"Gianfranco Ferrati",,1
Faustino,Osterc,faustioc@facebook.com,"06 de Noviembre",https://www.facebook.com/faustioc,,,"Ciudad Autónoma de Buenos Aires","Buenos Aires",Argentina,1580329744,"Santi Osterc",https://www.facebook.com/santiosterc,1
Grace,Filippini,grace.filippini@facebook.com,"06 de Noviembre",https://www.facebook.com/grace.filippini,,,"Ciudad Autónoma de Buenos Aires","Buenos Aires",Argentina,1276874656,"Ariel Villarreal",,1
"Viviana Alejandra",Rios,vivianaalejandra.rios@facebook.com,"06 de Noviembre",https://www.facebook.com/vivianaalejandra.rios,30,,"Ciudad Autónoma de Buenos Aires","Buenos Aires",Argentina,100000002268595,"Julieta Olmedo Cortese",https://www.facebook.com/poshipo,1
Ines,Gurmendi,gurmendiines@facebook.com,"06 de Noviembre",https://www.facebook.com/gurmendiines,24,,"Ciudad Autónoma de Buenos Aires","Buenos Aires",Argentina,100000314537618,"Antoine Cornudet",,1
Sofía,Laurenz,sofia.laurenz.5@facebook.com,"06 de Noviembre",https://www.facebook.com/sofia.laurenz.5,26,,"Ciudad Autónoma de Buenos Aires","Buenos Aires",Argentina,100004470577177,"Ayu Casanova",,1
Tomas,Arakaki,tomas.arakaki.7@facebook.com,"06 de Noviembre",https://www.facebook.com/tomas.arakaki.7,25,,"Ciudad Autónoma de Buenos Aires","Buenos Aires",Argentina,100000545975259,"Yasu Higa",,1
Gilberto,"Suarez Torres",gilberto.suareztorres@facebook.com,"06 de Noviembre",https://www.facebook.com/gilberto.suareztorres,,,"Ciudad Autónoma de Buenos Aires","Buenos Aires",Argentina,100000435557320,"Nicolás Marano",https://www.facebook.com/nicolasmarano10,1
Lilyleo,Briones,teamohijitajuntasporsiempre@facebook.com,"06 de Noviembre",https://www.facebook.com/teamohijitajuntasporsiempre,,,"Ciudad Autónoma de Buenos Aires","Buenos Aires",Argentina,100001178739727,"Mauro Sebastian Villegas",,1
Melissa,Stig,melissa.stig@facebook.com,"06 de Noviembre",https://www.facebook.com/melissa.stig,25,,"Ciudad Autónoma de Buenos Aires","Buenos Aires",Argentina,1134797665,"Piltra Toller",https://www.facebook.com/piltra,1
Tomas,Napoleone,tomas.napoleone.3@facebook.com,"06 de Noviembre",https://www.facebook.com/tomas.napoleone.3,25,,"Ciudad Autónoma de Buenos Aires","Buenos Aires",Argentina,1470005117,"Julieta Vescio",https://www.facebook.com/JulietaVescio,1
Leandro,"De Pace",leandro.depace@facebook.com,"07 de Noviembre",https://www.facebook.com/leandro.depace,24,,"Ciudad Autónoma de Buenos Aires","Buenos Aires",Argentina,1133923783,"Guido Moncayo",https://www.facebook.com/guido.moncayo,1
Gustavo,Cenizo,gusano.cenizo@facebook.com,"07 de Noviembre",https://www.facebook.com/gusano.cenizo,27,,"Ciudad Autónoma de Buenos Aires","Buenos Aires",Argentina,553832146,"Ana Glinberg",https://www.facebook.com/ana.glinberg,1
Rocio,Figueroa,rocio.figueroa2@facebook.com,"07 de Noviembre",https://www.facebook.com/rocio.figueroa2,,,"Ciudad Autónoma de Buenos Aires","Buenos Aires",Argentina,1077921000,"Gustavo Pietrafesa",,1
Agustin,Micheo,agustin.micheo@facebook.com,"07 de Noviembre",https://www.facebook.com/agustin.micheo,,,"Ciudad Autónoma de Buenos Aires","Buenos Aires",Argentina,100001429388023,"Fernando Olner Cupayolo",https://www.facebook.com/fernando.cupayolo,1
Yas,Yasmin,yasmin.u.haberkorn@facebook.com,"07 de Noviembre",https://www.facebook.com/Yasmin.U.Haberkorn,,,"Ciudad Autónoma de Buenos Aires","Buenos Aires",Argentina,100001313334107,"Brenda Araceli Gonzalez",https://www.facebook.com/brendaaraceli.gonzalez,1
Martin,Santesso,martin.santesso.7@facebook.com,"07 de Noviembre",https://www.facebook.com/martin.santesso.7,30,"Villa Devoto","Ciudad Autónoma de Buenos Aires","Buenos Aires",Argentina,100003631247710,"Sindy Elisa Szczucky",https://www.facebook.com/sindy.szczucky,1
Ivanna,Cabrera,ivi.cabrera.3@facebook.com,"07 de Noviembre",https://www.facebook.com/ivi.cabrera.3,,,"Ciudad Autónoma de Buenos Aires","Buenos Aires",Argentina,100000006554361,"Jobs Bar",https://www.facebook.com/jobsbar,1
Iaru,Ceballos,iaruliita@facebook.com,"07 de Noviembre",https://www.facebook.com/Iaruliita,,,"Ciudad Autónoma de Buenos Aires","Buenos Aires",Argentina,1656951990,"Brian Cano",,1
Romi,Lencina,romi.lenci@facebook.com,"07 de Noviembre",https://www.facebook.com/Romi.Lenci,,"La Boca","Ciudad Autónoma de Buenos Aires","Buenos Aires",Argentina,1312982375,"Luz Adamo",https://www.facebook.com/luz.adamo,1
Tomas,Pieres,tomas.pieres.3@facebook.com,"07 de Noviembre",https://www.facebook.com/tomas.pieres.3,24,,"Ciudad Autónoma de Buenos Aires","Buenos Aires",Argentina,100001459560930,"Sol Bettoni",,1
Cristian,Arias,cristian.arias.75491@facebook.com,"07 de Noviembre",https://www.facebook.com/cristian.arias.75491,,,"Ciudad Autónoma de Buenos Aires","Buenos Aires",Argentina,100002393964118,"Nadia Denise",,1
Jonathan,Saldaña,jonkii@facebook.com,"07 de Noviembre",https://www.facebook.com/jonkii,,,"Ciudad Autónoma de Buenos Aires","Buenos Aires",Argentina,1532803188,"Ale Arias Mandarine Park",,1
Mel,Denisse,mel.dgf@facebook.com,"07 de Noviembre",https://www.facebook.com/Mel.dgf,,,"Ciudad Autónoma de Buenos Aires","Buenos Aires",Argentina,1536561175,"Ale Arias Mandarine Park",,1
Florencia,Sivori,florencia.sivori.52@facebook.com,"07 de Noviembre",https://www.facebook.com/florencia.sivori.52,,,"Ciudad Autónoma de Buenos Aires","Buenos Aires",Argentina,1450778629,"Micaa Villa",https://www.facebook.com/MicaaElaVilla,1
Ana,"Bolena Accesorios",anabolenaweb@facebook.com,"07 de Noviembre",https://www.facebook.com/anabolenaweb,,,"Ciudad Autónoma de Buenos Aires","Buenos Aires",Argentina,100001744010713,"Brenda Fabregat",https://www.facebook.com/brenda.fabregat,1
Meli,Lezcano,melinalezcano@facebook.com,"07 de Noviembre",https://www.facebook.com/melinalezcano,24,,"Ciudad Autónoma de Buenos Aires","Buenos Aires",Argentina,100002435183710,"Esteban Sanchez",,1
Javier,Ruda,javier.ruda@facebook.com,"07 de Noviembre",https://www.facebook.com/javier.ruda,,,"Ciudad Autónoma de Buenos Aires","Buenos Aires",Argentina,100002315563997,"Joaco Alvarez Amuchástegui",,1
Ignacio,Soffiantini,i.soffiantini@facebook.com,"07 de Noviembre",https://www.facebook.com/i.soffiantini,23,"San Cristóbal","Ciudad Autónoma de Buenos Aires","Buenos Aires",Argentina,1153881995,"Agustin Justin",https://www.facebook.com/Agustin.Justin,1
Tomi,Hutte,tomi.hutte@facebook.com,"07 de Noviembre",https://www.facebook.com/Tomi.Hutte,,Núñez,"Ciudad Autónoma de Buenos Aires","Buenos Aires",Argentina,1457229499,"Cristian Andres Romano",,1
Flor,Carrizo,florcarri7@facebook.com,"07 de Noviembre",https://www.facebook.com/fLoRcArRi7,,,"Ciudad Autónoma de Buenos Aires","Buenos Aires",Argentina,1272278539,"Fátima Belén Zárate",,1
Vanesa,Tecilla,vanesa.tecilla@facebook.com,"07 de Noviembre",https://www.facebook.com/vanesa.tecilla,29,,"Ciudad Autónoma de Buenos Aires","Buenos Aires",Argentina,100003922045541,"Nataly Cuerva",https://www.facebook.com/nataliagtrujillo,1
Laura,Vissignano,vissignano@facebook.com,"07 de Noviembre",https://www.facebook.com/vissignano,,,"Ciudad Autónoma de Buenos Aires","Buenos Aires",Argentina,1506942012,"Mariela Alonso",,1
Partyman,Prixpower,partyman.prixpower@facebook.com,"07 de Noviembre",https://www.facebook.com/partyman.prixpower,,,"Ciudad Autónoma de Buenos Aires","Buenos Aires",Argentina,1816575184,"Juli Castellano",https://www.facebook.com/Juliiiiiiy,1
LasmaslindasdeBoca,Deboca,lasmaslindasdeboca.deboca@facebook.com,"07 de Noviembre",https://www.facebook.com/lasmaslindasdeboca.deboca,,,"Ciudad Autónoma de Buenos Aires","Buenos Aires",Argentina,100002688511852,"Valeria Ayala",,1
Santiago,Baez,santiago.baez.5015@facebook.com,"07 de Noviembre",https://www.facebook.com/santiago.baez.5015,,,"Ciudad Autónoma de Buenos Aires","Buenos Aires",Argentina,100004214228983,"Paz Maldonado",,1
Juli,Gutnisky,juligutnisky@facebook.com,"07 de Noviembre",https://www.facebook.com/JuliGutnisky,,,"Ciudad Autónoma de Buenos Aires","Buenos Aires",Argentina,1367610558,"Alan Volper",https://www.facebook.com/alan.volper,1
Miguel,Rafa,miguel.rafa.7@facebook.com,"07 de Noviembre",https://www.facebook.com/miguel.rafa.7,,,"Ciudad Autónoma de Buenos Aires","Buenos Aires",Argentina,100001028700767,"Carla Ferro",https://www.facebook.com/carla.ferro,1
Paloma,Espósito,paluesposito@facebook.com,"08 de Noviembre",https://www.facebook.com/paluesposito,,,"Ciudad Autónoma de Buenos Aires","Buenos Aires",Argentina,100001051957479,"Clari Stagno",,1
Saalmi,Gallegos,salmigallegos@facebook.com,"08 de Noviembre",https://www.facebook.com/SalmiGallegos,,,"Ciudad Autónoma de Buenos Aires","Buenos Aires",Argentina,1159784502,"Manuel Saenz",,1
Julian,Hilale,julian.hilale@facebook.com,"08 de Noviembre",https://www.facebook.com/julian.hilale,,,"Ciudad Autónoma de Buenos Aires","Buenos Aires",Argentina,724673725,"Eve Schiera",,1
Maru,Gomez,marmediterraneoo@facebook.com,"08 de Noviembre",https://www.facebook.com/marmediterraneoo,,Saavedra,"Ciudad Autónoma de Buenos Aires","Buenos Aires",Argentina,1614099795,"Cristian Andres Romano",,1
Atelier,Atenea,atelier.atenea@facebook.com,"08 de Noviembre",https://www.facebook.com/atelier.atenea,27,,"Ciudad Autónoma de Buenos Aires","Buenos Aires",Argentina,100001850211954,"Agustin Justin",https://www.facebook.com/Agustin.Justin,1
Catalina,Gastal,cata.gastal@facebook.com,"08 de Noviembre",https://www.facebook.com/Cata.Gastal,,,"Ciudad Autónoma de Buenos Aires","Buenos Aires",Argentina,1393942060,"Thomas Jensen",,1
Angie,Zimmer,angie.zimmer.9@facebook.com,"08 de Noviembre",https://www.facebook.com/angie.zimmer.9,,,"Ciudad Autónoma de Buenos Aires","Buenos Aires",Argentina,100000973833199,"La Rockeria",https://www.facebook.com/oveja1,1
"Lapii Tuu",Bajoflores,lapiituu.bajoflores@facebook.com,"08 de Noviembre",https://www.facebook.com/lapiituu.bajoflores,25,,"Ciudad Autónoma de Buenos Aires","Buenos Aires",Argentina,100004110124958,"Brian Cano",,1
Euge,Valenzuela,natashy067@facebook.com,"08 de Noviembre",https://www.facebook.com/Natashy067,,,"Ciudad Autónoma de Buenos Aires","Buenos Aires",Argentina,100005094244129,"Ale Ponzo",https://www.facebook.com/alee.ponzo,1
Luks,Olarte,pertrechado@facebook.com,"08 de Noviembre",https://www.facebook.com/pertrechado,23,Flores,"Ciudad Autónoma de Buenos Aires","Distrito Federal",Argentina,1486354549,"Aylu Macchi",,1
Sofi,Ortega,sofi.ortega.75@facebook.com,"08 de Noviembre",https://www.facebook.com/sofi.ortega.75,,,"Ciudad Autónoma de Buenos Aires","Buenos Aires",Argentina,1108911490,"Martin Olmedo",,1
Sofia,"Martinez Subiria",sofia.martinezsubiria@facebook.com,"08 de Noviembre",https://www.facebook.com/sofia.martinezsubiria,30,,"Ciudad Autónoma de Buenos Aires","Buenos Aires",Argentina,100000891308040,"Joaco Alvarez Amuchástegui",,1
Jordan,Cano,jordan.cano@facebook.com,"08 de Noviembre",https://www.facebook.com/jordan.cano,,,"Ciudad Autónoma de Buenos Aires","Buenos Aires",Argentina,1633428053,"Fiestas Baires",,1
Rociio,"Cardozo II",laarociio.dsm@facebook.com,"08 de Noviembre",https://www.facebook.com/laarociio.dsm,,,"Ciudad Autónoma de Buenos Aires","Buenos Aires",Argentina,100003614355607,"Rodrii Martinez",,1
Lulú,Robledo,lulu.robledo.71@facebook.com,"08 de Noviembre",https://www.facebook.com/lulu.robledo.71,26,,"Ciudad Autónoma de Buenos Aires","Buenos Aires",Argentina,1350699914,"Charly Ruez",https://www.facebook.com/charly.ruez,1
Ailin,Goggi,ailin.goggi@facebook.com,"08 de Noviembre",https://www.facebook.com/ailin.goggi,23,,"Ciudad Autónoma de Buenos Aires","Buenos Aires",Argentina,1160800069,"Jobs Bar",https://www.facebook.com/jobsbar,1
Matias,Garcia,matias.garcia.1460@facebook.com,"08 de Noviembre",https://www.facebook.com/matias.garcia.1460,,,"Ciudad Autónoma de Buenos Aires","Buenos Aires",Argentina,1509784809,"David Zalasar",https://www.facebook.com/Davidcocktails,1
Migue,Goyeneche,migue.goyeneche@facebook.com,"08 de Noviembre",https://www.facebook.com/migue.goyeneche,,,"Ciudad Autónoma de Buenos Aires","Buenos Aires",Argentina,1487031223,"Jobs Bar",https://www.facebook.com/jobsbar,1
Jhonny,Llanos,jhonny.llanosmamani@facebook.com,"08 de Noviembre",https://www.facebook.com/jhonny.llanosmamani,23,,"Ciudad Autónoma de Buenos Aires","Buenos Aires",Argentina,100005003049511,"Marcela Hinckelmann",https://www.facebook.com/marcela.hinckelmann,1
Flor,Giannattasio,flor.giannattasio@facebook.com,"08 de Noviembre",https://www.facebook.com/flor.giannattasio,,,"Ciudad Autónoma de Buenos Aires","Buenos Aires",Argentina,100000902567034,"Julieta Vescio",https://www.facebook.com/JulietaVescio,1
Micaela,Belen,mikittaah16@facebook.com,"08 de Noviembre",https://www.facebook.com/mikittaah16,,Núñez,"Ciudad Autónoma de Buenos Aires","Buenos Aires",Argentina,100004185511424,"China Barreiro",,1
Johy,"Machado Perez",johy.machadoperez@facebook.com,"08 de Noviembre",https://www.facebook.com/johy.machadoperez,24,"La Boca","Ciudad Autónoma de Buenos Aires","Buenos Aires",Argentina,100001164264690,"Christian Douer Chuky",https://www.facebook.com/christian.chuky,1
Ted,Liv,ted.calixto@facebook.com,"09 de Noviembre",https://www.facebook.com/ted.calixto,24,"Buenos Aires","Buenos Aires","Buenos Aires",Argentina,100004554372412,"Gabriella Rouiller",0,1
Rococo,Tortas,rococo.tortas@facebook.com,"09 de Noviembre",https://www.facebook.com/rococo.tortas,23,,"Ciudad Autónoma de Buenos Aires","Buenos Aires",Argentina,100006018723179,"Joaco Alvarez Amuchástegui",,1
Daniela,Diseniaria,daniela.diseniaria@facebook.com,"09 de Noviembre",https://www.facebook.com/daniela.diseniaria,,,"Ciudad Autónoma de Buenos Aires","Buenos Aires",Argentina,100004656486942,"Leila Polonsky",https://www.facebook.com/leila.polonsky,1
Axel,Ramos,axel.ramos.7798@facebook.com,"09 de Noviembre",https://www.facebook.com/axel.ramos.7798,25,,"Ciudad Autónoma de Buenos Aires","Buenos Aires",Argentina,1145337263,"Evelina Ferreira",,1
Lucas,Kennedy,paaaaaatto@facebook.com,"09 de Noviembre",https://www.facebook.com/Paaaaaatto,,,"Ciudad Autónoma de Buenos Aires","Buenos Aires",Argentina,100002369682948,"Guido Moncayo",https://www.facebook.com/guido.moncayo,1
Sebastián,Marcó,sebastian.marco.7@facebook.com,"09 de Noviembre",https://www.facebook.com/sebastian.marco.7,,,"Ciudad Autónoma de Buenos Aires","Buenos Aires",Argentina,504915346,"Rocio Marquez",,1
Vieji,Piola,vieji.piola@facebook.com,"09 de Noviembre",https://www.facebook.com/vieji.piola,,,"Ciudad Autónoma de Buenos Aires","Buenos Aires",Argentina,100002642059868,"Claudia Gonzalez",,1
Juanpi,Euler,juanpi.euler@facebook.com,"09 de Noviembre",https://www.facebook.com/juanpi.euler,,,"Ciudad Autónoma de Buenos Aires","Buenos Aires",Argentina,100002146843311,"Tamara Pereyra",,1
Federico,Bascerano,federico.bascerano@facebook.com,"09 de Noviembre",https://www.facebook.com/federico.bascerano,,,"Ciudad Autónoma de Buenos Aires","Buenos Aires",Argentina,714631827,"Maureen Burton",,1
Pablo,Sioux,pablo.sioux.1@facebook.com,"09 de Noviembre",https://www.facebook.com/pablo.sioux.1,,,"Ciudad Autónoma de Buenos Aires","Buenos Aires",Argentina,1354550210,"Silvia Fernandez",https://www.facebook.com/silviafernandezchivi,1
Caixtito,Cenerei,caixtito@facebook.com,"09 de Noviembre",https://www.facebook.com/caixtito,,,"Ciudad Autónoma de Buenos Aires","Buenos Aires",Argentina,100001228532896,"Tatiana Petroccelli",https://www.facebook.com/tanshanita,1
Julieta,Grimaldo,julieta.antonella.31@facebook.com,"09 de Noviembre",https://www.facebook.com/julieta.antonella.31,,,"Ciudad Autónoma de Buenos Aires","Buenos Aires",Argentina,1137761812,"Lix Infinito",https://www.facebook.com/lix.infinito,1
Agustin,Malmann,agustin.malmann.5@facebook.com,"09 de Noviembre",https://www.facebook.com/agustin.malmann.5,29,,"Ciudad Autónoma de Buenos Aires","Buenos Aires",Argentina,100008039531537,"Rocio Mayo",https://www.facebook.com/marinirocio,1
Vanesa,Paz,evelyn.chelios@facebook.com,"09 de Noviembre",https://www.facebook.com/Evelyn.chelios,,,"Ciudad Autónoma de Buenos Aires","Buenos Aires",Argentina,1157318945,"Tomas Ini",,1
Articulos,Polo,articulos.polo@facebook.com,"09 de Noviembre",https://www.facebook.com/articulos.polo,27,,"Ciudad Autónoma de Buenos Aires","Buenos Aires",Argentina,100001379525413,"Marcela Hinckelmann",https://www.facebook.com/marcela.hinckelmann,1
Juliana,Cuartas,juliana.quarts@facebook.com,"09 de Noviembre",https://www.facebook.com/juliana.quarts,,,"Ciudad Autónoma de Buenos Aires","Buenos Aires",Argentina,839153193,"Daniel Kitzis",https://www.facebook.com/kitzis,1
Najhu,Iraizoz,nahueleneas.iraizozhiertz@facebook.com,"09 de Noviembre",https://www.facebook.com/nahueleneas.iraizozhiertz,,"San Telmo","Ciudad Autónoma de Buenos Aires","Buenos Aires",Argentina,100002996423829,"Juan Elias Catan",https://www.facebook.com/juan.724,1
Ulises,Greco,ulises.greco.50@facebook.com,"09 de Noviembre",https://www.facebook.com/ulises.greco.50,25,,"Ciudad Autónoma de Buenos Aires","Buenos Aires",Argentina,100007506692027,"Ale Arias Mandarine Park",,1
Yan,Ortega,yanina.ortega1@facebook.com,"09 de Noviembre",https://www.facebook.com/yanina.ortega1,26,,"Ciudad Autónoma de Buenos Aires","Buenos Aires",Argentina,1038991344,"Mia Miry Ponce",,1
Nancy,Baldesari,nbaldesari@facebook.com,"09 de Noviembre",https://www.facebook.com/nbaldesari,,,"Ciudad Autónoma de Buenos Aires","Buenos Aires",Argentina,728724211,"Juan Antonio Papagni Meca",https://www.facebook.com/juanantoniopapagnimeca,1
Rosana,Vallejos,ro.l.vallejos@facebook.com,"09 de Noviembre",https://www.facebook.com/Ro.L.Vallejos,,,"Ciudad Autónoma de Buenos Aires","Buenos Aires",Argentina,1407683785,"Eugenia Vega",https://www.facebook.com/eugenitavega,1
Eric,Miyashiki,akio.miyashiki@facebook.com,"09 de Noviembre",https://www.facebook.com/akio.miyashiki,,,"Ciudad Autónoma de Buenos Aires","Buenos Aires",Argentina,100001558521226,"Manuel Saenz",,1
Nicolas,SG,niico.sg@facebook.com,"09 de Noviembre",https://www.facebook.com/Niico.sg,,,"Ciudad Autónoma de Buenos Aires","Buenos Aires",Argentina,100000939397863,"Belen Loccisano",https://www.facebook.com/belen.loccisano,1
Bianca,Fest,estamosdefiiesta@facebook.com,"09 de Noviembre",https://www.facebook.com/estamosdefiiesta,,,"Ciudad Autónoma de Buenos Aires","Buenos Aires",Argentina,1257828798,"Matias Diego Colombres",https://www.facebook.com/dmc.colombres,1
Vanessa,Love,vanessa.love.96155@facebook.com,"09 de Noviembre",https://www.facebook.com/vanessa.love.96155,,"Buenos Aires","Buenos Aires","Buenos Aires",Argentina,100004453898356,"Fett Maidana",0,1
Max,Davidson,davidson.max@facebook.com,"09 de Noviembre",https://www.facebook.com/davidson.max,24,,"Ciudad Autónoma de Buenos Aires","Buenos Aires",Argentina,699061532,"Martin Gonzalez",,1
Antonella,Ghirimoldi,anto.ghirimoldi@facebook.com,"09 de Noviembre",https://www.facebook.com/anto.ghirimoldi,23,,"Ciudad Autónoma de Buenos Aires","Buenos Aires",Argentina,1531261545,"Anita Ghersinich",https://www.facebook.com/anita.ghersinich,1
"Juan Cruz",Requejo,juancruz.requejo@facebook.com,"09 de Noviembre",https://www.facebook.com/juancruz.requejo,26,,"Ciudad Autónoma de Buenos Aires","Buenos Aires",Argentina,100001380576674,"Ivon Andersson",https://www.facebook.com/ivon.andersson,1
Camila,Cerdá,camila.cerda.16@facebook.com,"09 de Noviembre",https://www.facebook.com/camila.cerda.16,21,,"Ciudad Autónoma de Buenos Aires","Buenos Aires",Argentina,1281148626,"Barby Suarez",https://www.facebook.com/barby1522,1
Nahuelalejandro,Ciarroca,nahuelalejandro.ciarroca@facebook.com,"09 de Noviembre",https://www.facebook.com/nahuelalejandro.ciarroca,21,,"Ciudad Autónoma de Buenos Aires","Buenos Aires",Argentina,100002905714289,"Cielito Perez",,1
Circo,"Del Aire",circodelaire@facebook.com,"09 de Noviembre",https://www.facebook.com/circodelaire,,,"Ciudad Autónoma de Buenos Aires","Buenos Aires",Argentina,1549532407,"Flor Scalise",https://www.facebook.com/flor.scalise,1
Fiestas,Egresados,egresadoscaix@facebook.com,"09 de Noviembre",https://www.facebook.com/egresadoscaix,22,,"Ciudad Autónoma de Buenos Aires","Buenos Aires",Argentina,100004436163364,"Aylu Macchi",,1
Lucho,Ferracani,lucho.ferracani@facebook.com,"09 de Noviembre",https://www.facebook.com/lucho.ferracani,26,,"Ciudad Autónoma de Buenos Aires","Buenos Aires",Argentina,597622758,"Barby Suarez",https://www.facebook.com/barby1522,1
Esclavas,Dosmildiez,esclavas.dosmildiez@facebook.com,"09 de Noviembre",https://www.facebook.com/esclavas.dosmildiez,22,,"Ciudad Autónoma de Buenos Aires","Buenos Aires",Argentina,100000266926716,"M Agustina Ciarla Quintana",https://www.facebook.com/magustina.quintana,1
"José Luis",Bartolilla,jlbartolilla@facebook.com,"09 de Noviembre",https://www.facebook.com/jlbartolilla,28,,"Ciudad Autónoma de Buenos Aires","Buenos Aires",Argentina,1037178968,"Aldana Queirolo",https://www.facebook.com/aldana.queirolo,1
Cintia,Burgueño,cintia.burgueno@facebook.com,"09 de Noviembre",https://www.facebook.com/cintia.burgueno,,,"Ciudad Autónoma de Buenos Aires","Buenos Aires",Argentina,1386237087,"Brenda Araceli Gonzalez",https://www.facebook.com/brendaaraceli.gonzalez,1
Gisela,Diaz,gisela.diaz.73345@facebook.com,"09 de Noviembre",https://www.facebook.com/gisela.diaz.73345,24,,"Ciudad Autónoma de Buenos Aires","Buenos Aires",Argentina,100003276405389,"Jessica Bellomo",https://www.facebook.com/JessBellomo,1
Matias,Fernandez,matiasgarcia15@facebook.com,"09 de Noviembre",https://www.facebook.com/matiasgarcia15,,,"Ciudad Autónoma de Buenos Aires","Buenos Aires",Argentina,100003617757030,"Matías Panero",,1
Mili,Seoane,mili.seoane@facebook.com,"09 de Noviembre",https://www.facebook.com/mili.seoane,,,"Ciudad Autónoma de Buenos Aires","Buenos Aires",Argentina,100001001710544,"Juan Cruz Albornoz",,1
Bianca,Fest,biancaa.rrpp@facebook.com,"09 de Noviembre",https://www.facebook.com/biancaa.rrpp,,,"Ciudad Autónoma de Buenos Aires","Buenos Aires",Argentina,100000910433769,"Matias Diego Colombres",https://www.facebook.com/dmc.colombres,1
Melopea,Discos,melopeadiscos@facebook.com,"09 de Noviembre",https://www.facebook.com/melopeadiscos,26,,"Ciudad Autónoma de Buenos Aires","Buenos Aires",Argentina,100002216975210,"Natascha Stern",https://www.facebook.com/natascha.stern,1
Fernando,Castro,fernando.castro.92560@facebook.com,"09 de Noviembre",https://www.facebook.com/fernando.castro.92560,,"Villa Del Parque","Ciudad Autónoma de Buenos Aires","Buenos Aires",Argentina,1387614214,"Leonel Russo",https://www.facebook.com/leonel.russo,1
Demian,Visconti,demian.visconti@facebook.com,"09 de Noviembre",https://www.facebook.com/demian.visconti,,,"Ciudad Autónoma de Buenos Aires","Buenos Aires",Argentina,1473484447,"Agustina Pelle Müller",,1
Emma,Hernandez,emmanuel.hernandez.98871@facebook.com,"09 de Noviembre",https://www.facebook.com/emmanuel.hernandez.98871,,,"Ciudad Autónoma de Buenos Aires","Buenos Aires",Argentina,100000087395065,"Gabi López",,1
Diego,Maggio,diegomaggio@facebook.com,"09 de Noviembre",https://www.facebook.com/diegomaggio,26,"Villa Crespo","Ciudad Autónoma de Buenos Aires","Distrito Federal",Argentina,1413316919,"Aldana Queirolo",https://www.facebook.com/aldana.queirolo,1
'Red,"BuenosAires Viajes",red.buenosairesviajes@facebook.com,"09 de Noviembre",https://www.facebook.com/red.buenosairesviajes,,,"Ciudad Autónoma de Buenos Aires","Buenos Aires",Argentina,1654397209,"Ro Cardoso",,1
Qe,Javi,holajavi@facebook.com,"09 de Noviembre",https://www.facebook.com/HolaJavi,,,"Ciudad Autónoma de Buenos Aires","Buenos Aires",Argentina,1587952795,"Aniita Canta",https://www.facebook.com/Aniita.Canta,1
Masottatorres,Contemporáneo,masottatorres@facebook.com,"09 de Noviembre",https://www.facebook.com/masottatorres,,,"Ciudad Autónoma de Buenos Aires","Buenos Aires",Argentina,1362621374,"Ariel Villarreal",,1
"QuinceBodas Portal","de Fiestas",quincebodas@facebook.com,"09 de Noviembre",https://www.facebook.com/quincebodas,,,"Ciudad Autónoma de Buenos Aires","Buenos Aires",Argentina,100001784701737,"Juan Manuel Fotografo",https://www.facebook.com/JuanmaJMFotoEstudio,1
Mercedes,Antonella,mechaunoo@facebook.com,"09 de Noviembre",https://www.facebook.com/Mechaunoo,,"Buenos Aires","Buenos Aires","Buenos Aires",Argentina,1097515139,"Fett Maidana",0,1
Cecilia,Francos,cecilia.francos.r@facebook.com,"09 de Noviembre",https://www.facebook.com/cecilia.francos.r,,,"Ciudad Autónoma de Buenos Aires","Buenos Aires",Argentina,695122222,"Agustina Saenz",,1
Lola,Prensa,lola.prensa.73@facebook.com,"09 de Noviembre",https://www.facebook.com/lola.prensa.73,21,,"Ciudad Autónoma de Buenos Aires","Buenos Aires",Argentina,100002972650027,"Catalina Plá Señorans",https://www.facebook.com/catalina.pla,1
Agencia,Toledomodels,toledomodels@facebook.com,"09 de Noviembre",https://www.facebook.com/ToledoModels,,,"Ciudad Autónoma de Buenos Aires","Buenos Aires",Argentina,1044523519,"Nadia Denise",,1
"Oscar Daniel",Beresvil,piruberesvil@facebook.com,"09 de Noviembre",https://www.facebook.com/piruberesvil,,,"Ciudad Autónoma de Buenos Aires","Buenos Aires",Argentina,1285836963,"Lea Lopez",https://www.facebook.com/Leanwest,1
Marina,Diaz,mmale.diaz@facebook.com,"09 de Noviembre",https://www.facebook.com/mmale.diaz,,Flores,"Ciudad Autónoma de Buenos Aires","Distrito Federal",Argentina,1079860446,"Brian Cano",,1
Fabii,Gonzalez,fabii.gonzalez.731@facebook.com,"09 de Noviembre",https://www.facebook.com/fabii.gonzalez.731,21,,"Ciudad Autónoma de Buenos Aires","Buenos Aires",Argentina,100001938638027,"Juan Elias Catan",https://www.facebook.com/juan.724,1
Aylén,Barrera,aychegenia@facebook.com,"10 de Noviembre",https://www.facebook.com/aychegenia,,,"Ciudad Autónoma de Buenos Aires","Buenos Aires",Argentina,1297013610,"Brian Cano",,1
Gon,Cabre,gon.cabre@facebook.com,"10 de Noviembre",https://www.facebook.com/gon.cabre,23,,"Ciudad Autónoma de Buenos Aires","Buenos Aires",Argentina,1111723771,"Juan Antonio Papagni Meca",https://www.facebook.com/juanantoniopapagnimeca,1
"Jacqueline Isabel",Gonzalez,jacquelineisabel.gonzalez@facebook.com,"10 de Noviembre",https://www.facebook.com/jacquelineisabel.gonzalez,22,,"Ciudad Autónoma de Buenos Aires","Buenos Aires",Argentina,100002952868030,"Julio Roberto Cuevas",https://www.facebook.com/julioroberto.cuevas,1
Magui,Bravi,magdalena.bravi.7106@facebook.com,"10 de Noviembre",https://www.facebook.com/magdalena.bravi.7106,28,,"Ciudad Autónoma de Buenos Aires","Buenos Aires",Argentina,100007312899140,"Sebastian Daniel Riccardi",https://www.facebook.com/sebastian.riccardi,1
Vale,"Pérez Delgado",vale.perezdelgado@facebook.com,"10 de Noviembre",https://www.facebook.com/vale.perezdelgado,,,"Ciudad Autónoma de Buenos Aires","Buenos Aires",Argentina,100001499201751,"Barby Lanata",https://www.facebook.com/barby.lanata,1
Lu,Ramos,luuli.ramos@facebook.com,"10 de Noviembre",https://www.facebook.com/luuli.ramos,23,,"Ciudad Autónoma de Buenos Aires","Buenos Aires",Argentina,1134970465,"Tia Lu",https://www.facebook.com/vivardo.lucia,1
Gaby,Sagarribay,piurjueves@facebook.com,"10 de Noviembre",https://www.facebook.com/piurjueves,29,,"Ciudad Autónoma de Buenos Aires","Buenos Aires",Argentina,100002569941685,"Emiliano Pirolo",https://www.facebook.com/emi.pirolo,1
Gladis,"Da Silva",gladis.dasilva.79@facebook.com,"10 de Noviembre",https://www.facebook.com/gladis.dasilva.79,,,"Ciudad Autónoma de Buenos Aires","Buenos Aires",Argentina,100004757100897,"Riberas Del Parana",https://www.facebook.com/riberas.delparana,1
Omi,Avalos,omar.avalos.374@facebook.com,"10 de Noviembre",https://www.facebook.com/omar.avalos.374,26,,"Ciudad Autónoma de Buenos Aires","Buenos Aires",Argentina,1363704144,"Axx Agustin",https://www.facebook.com/Ax.Agustin,1
Sharon,Volente,sharon.volente@facebook.com,"10 de Noviembre",https://www.facebook.com/sharon.volente,21,Recoleta,"Ciudad Autónoma de Buenos Aires","Buenos Aires",Argentina,1339048181,"Ornela G Cirigliano",https://www.facebook.com/floweringashtree,1
Mariana,More,mariana.aguillon.5@facebook.com,"10 de Noviembre",https://www.facebook.com/mariana.aguillon.5,,,"Ciudad Autónoma de Buenos Aires","Buenos Aires",Argentina,100001720269358,"Martín Álvarez BA I",https://www.facebook.com/Woody.Blair,1
Mimu,Pascual,mimu.pascual@facebook.com,"10 de Noviembre",https://www.facebook.com/mimu.pascual,23,,"Ciudad Autónoma de Buenos Aires","Buenos Aires",Argentina,100000822979772,"Ailin Majeras",https://www.facebook.com/ailin.majeras,1
Champi,"Eventos Urbanos",champi.eventosurbanos@facebook.com,"10 de Noviembre",https://www.facebook.com/champi.eventosurbanos,24,,"Ciudad Autónoma de Buenos Aires","Buenos Aires",Argentina,1493426562,"Facundo Bulacio",https://www.facebook.com/facundo.bulacio,1
"Distribuidora Biobellus",Biocom,biobellusbiocom@facebook.com,"10 de Noviembre",https://www.facebook.com/biobellusbiocom,29,,"Ciudad Autónoma de Buenos Aires","Buenos Aires",Argentina,1843663512,"Veronica Escobar",,1
Mateo,Valdes,mateo.valdes.94@facebook.com,"10 de Noviembre",https://www.facebook.com/mateo.valdes.94,21,,"Ciudad Autónoma de Buenos Aires","Buenos Aires",Argentina,100000041382997,"Agustin Sujo",https://www.facebook.com/agustin.sujook,1
Martina,Fernandez,martina.fernandez.9693@facebook.com,"10 de Noviembre",https://www.facebook.com/martina.fernandez.9693,,,"Ciudad Autónoma de Buenos Aires","Buenos Aires",Argentina,100003685978918,"Sil Cristiano ?ï?",https://www.facebook.com/Sivinita,1
Francis,Way,dfrancisway@facebook.com,"10 de Noviembre",https://www.facebook.com/Dfrancisway,,,"Ciudad Autónoma de Buenos Aires","Buenos Aires",Argentina,100000169057231,"Valeria Ayala",,1
María,"Suárez Riveiro",maria.suarezriveiro.50@facebook.com,"10 de Noviembre",https://www.facebook.com/maria.suarezriveiro.50,,,"Ciudad Autónoma de Buenos Aires","Buenos Aires",Argentina,100002313947888,"Emanuel Gaston Perdigues",https://www.facebook.com/emaxpx,1
Lucrecia,Montani,lmontani1@facebook.com,"10 de Noviembre",https://www.facebook.com/lmontani1,,"Buenos Aires","Buenos Aires","Buenos Aires",Argentina,1435899517,"Sofia Reinoso",0,1
Guillermo,Flores,guille.flores.5@facebook.com,"10 de Noviembre",https://www.facebook.com/guille.flores.5,22,,"Ciudad Autónoma de Buenos Aires","Buenos Aires",Argentina,1236601545,"Agustin Justin",https://www.facebook.com/Agustin.Justin,1
Sofi,Sasso,sofi.sasso@facebook.com,"10 de Noviembre",https://www.facebook.com/sofi.sasso,27,,"Ciudad Autónoma de Buenos Aires","Buenos Aires",Argentina,561464671,"Alee Jandro",https://www.facebook.com/alejandropassadore,1
Matii,Matii,maatiicarp14@facebook.com,"10 de Noviembre",https://www.facebook.com/Maatiicarp14,,,"Ciudad Autónoma de Buenos Aires","Buenos Aires",Argentina,100001115195031,"Agustina Pelle Müller",,1
Jessica,Millaman,jessica.millaman@facebook.com,"10 de Noviembre",https://www.facebook.com/jessica.millaman,30,,"Ciudad Autónoma de Buenos Aires","Buenos Aires",Argentina,1201457900,"Majo López Tavani",https://www.facebook.com/lasplumas,1
Ale,Lombardi,alecabj12@facebook.com,"10 de Noviembre",https://www.facebook.com/Alecabj12,,,"Ciudad Autónoma de Buenos Aires","Buenos Aires",Argentina,100000056245814,"Guada Lozano",,1
"Siente MI Energia",Reiki,sientemienergia.reiki@facebook.com,"10 de Noviembre",https://www.facebook.com/sientemienergia.reiki,,,"Ciudad Autónoma de Buenos Aires","Buenos Aires",Argentina,100003174350989,"Carla Ferro",https://www.facebook.com/carla.ferro,1
Cristian,Fuertes,cristian.fuertes@facebook.com,"10 de Noviembre",https://www.facebook.com/cristian.fuertes,27,,"Ciudad Autónoma de Buenos Aires","Buenos Aires",Argentina,1101619794,"Lo Lola",,1
Barbara,Saal,barbara.saal@facebook.com,"10 de Noviembre",https://www.facebook.com/barbara.saal,26,,"Ciudad Autónoma de Buenos Aires","Buenos Aires",Argentina,1087758009,"Eve Schiera",,1
Manuel,Gibson,manolomax@facebook.com,"10 de Noviembre",https://www.facebook.com/manolomax,,,"Ciudad Autónoma de Buenos Aires","Buenos Aires",Argentina,905560612,"Mery Villar",https://www.facebook.com/mery.villar1,1
Maru,Bel,brisa.argentina.7@facebook.com,"10 de Noviembre",https://www.facebook.com/brisa.argentina.7,,,"Ciudad Autónoma de Buenos Aires","Buenos Aires",Argentina,100001220735900,"Fiestas Baires",,1
Juana,Estriona,jestriona@facebook.com,"10 de Noviembre",https://www.facebook.com/jestriona,24,"Buenos Aires","Buenos Aires","Buenos Aires",Argentina,1519803328,"Gabriella Rouiller",0,1
Mica,"Barreda Tomas",tomas.barreda.73@facebook.com,"10 de Noviembre",https://www.facebook.com/tomas.barreda.73,22,,"Ciudad Autónoma de Buenos Aires","Buenos Aires",Argentina,100004013097179,"Diandra Lesly",https://www.facebook.com/diandra.lesly,1
Matias,Dv,matias.otalora.3@facebook.com,"10 de Noviembre",https://www.facebook.com/matias.otalora.3,22,,"Ciudad Autónoma de Buenos Aires","Buenos Aires",Argentina,100004044648858,"Diandra Lesly",https://www.facebook.com/diandra.lesly,1
Rocio,Solveira,rubia.akdmik@facebook.com,"10 de Noviembre",https://www.facebook.com/RUBIA.AKDMIK,27,"San Cristóbal","Ciudad Autónoma de Buenos Aires","Buenos Aires",Argentina,100000817175296,"Tatiana Petroccelli",https://www.facebook.com/tanshanita,1
Lucas,"Da Cruz",lucaaas.cabj12@facebook.com,"10 de Noviembre",https://www.facebook.com/Lucaaas.CABJ12,,,"Ciudad Autónoma de Buenos Aires","Buenos Aires",Argentina,100003788452484,"Fernando Velcic",https://www.facebook.com/fernando.velcic,1
Blanca,Nuñez,blanca.nunez.52@facebook.com,"10 de Noviembre",https://www.facebook.com/blanca.nunez.52,30,,"Ciudad Autónoma de Buenos Aires","Buenos Aires",Argentina,100002209007197,"Noelia Juskiewicz",https://www.facebook.com/noelia.juskiewicz,1
Molde,Veintiseis,molde.veintiseis.7@facebook.com,"10 de Noviembre",https://www.facebook.com/molde.veintiseis.7,,,"Ciudad Autónoma de Buenos Aires","Buenos Aires",Argentina,100003057459110,"Alejandro Amitrano",,1
Maria,Lourdes,lulii.martin.9@facebook.com,"10 de Noviembre",https://www.facebook.com/lulii.martin.9,,Recoleta,"Ciudad Autónoma de Buenos Aires","Buenos Aires",Argentina,1062574307,"Fede Molina",,1
Adríían,Aguirre,adriian.aguiirre.1@facebook.com,"10 de Noviembre",https://www.facebook.com/adriian.aguiirre.1,29,,"Ciudad Autónoma de Buenos Aires","Buenos Aires",Argentina,100001461308299,"Gimena Yamila Yerden Giaquinto",https://www.facebook.com/Gimetrance,1
Macarena,Florio,maqi.chari.ari@facebook.com,"10 de Noviembre",https://www.facebook.com/Maqi.Chari.Ari,,,"Ciudad Autónoma de Buenos Aires","Buenos Aires",Argentina,100003582685247,"Federico Carrizo",https://www.facebook.com/federicoc,1
Maximiliano,Roble,maximiliano.roble.7@facebook.com,"10 de Noviembre",https://www.facebook.com/maximiliano.roble.7,24,,"Ciudad Autónoma de Buenos Aires","Buenos Aires",Argentina,100002721824791,"Jonathan Julian",,1
Maru,Alzua,maru.alzua@facebook.com,"10 de Noviembre",https://www.facebook.com/maru.alzua,28,,"Ciudad Autónoma de Buenos Aires","Buenos Aires",Argentina,100001001310419,"Jose Guevara",https://www.facebook.com/JoeGuevara81,1
Andres,Fusaro,kultovni.rec@facebook.com,"10 de Noviembre",https://www.facebook.com/kultovni.rec,,,"Ciudad Autónoma de Buenos Aires","Buenos Aires",Argentina,100000858632263,"Tatiana Petroccelli",https://www.facebook.com/tanshanita,1
Juli,Dangelis,juli.dangelis@facebook.com,"10 de Noviembre",https://www.facebook.com/juli.dangelis,21,,"Ciudad Autónoma de Buenos Aires","Buenos Aires",Argentina,1122313416,"Facu Denegri",,1
Javier,Silva,charlyjavier.silva@facebook.com,"10 de Noviembre",https://www.facebook.com/charlyjavier.silva,,,"Ciudad Autónoma de Buenos Aires","Buenos Aires",Argentina,100003781413955,"Nahu Millicay Pereyra",https://www.facebook.com/nahumilli,1
Tomi,Arcos,tomi.arcos@facebook.com,"10 de Noviembre",https://www.facebook.com/tomi.arcos,,,"Ciudad Autónoma de Buenos Aires","Buenos Aires",Argentina,1109963872,"Cristian Andres Romano",,1
Bruno,Ventrice,bruno.ventrice@facebook.com,"10 de Noviembre",https://www.facebook.com/bruno.ventrice,,,"Ciudad Autónoma de Buenos Aires","Buenos Aires",Argentina,100000588515660,"Anna Laura",https://www.facebook.com/Anna.Laucha,1
Maru,Galarraga,maru.galarraga.5@facebook.com,"10 de Noviembre",https://www.facebook.com/maru.galarraga.5,21,,"Ciudad Autónoma de Buenos Aires","Buenos Aires",Argentina,1351502955,"Ian Szejner",,1
Tomas,O'Toole,tomas.otoole@facebook.com,"10 de Noviembre",https://www.facebook.com/tomas.otoole,,,"Ciudad Autónoma de Buenos Aires","Buenos Aires",Argentina,1441905504,"Juan Antonio Papagni Meca",https://www.facebook.com/juanantoniopapagnimeca,1
Lucas,"Da Cruz",lucas.dacruz.71@facebook.com,"10 de Noviembre",https://www.facebook.com/lucas.dacruz.71,,,"Ciudad Autónoma de Buenos Aires","Buenos Aires",Argentina,100000181990532,"Fernando Velcic",https://www.facebook.com/fernando.velcic,1
Santiago,Pintado,santiago.pintado.96@facebook.com,"10 de Noviembre",https://www.facebook.com/santiago.pintado.96,23,,"Ciudad Autónoma de Buenos Aires","Buenos Aires",Argentina,100000816726363,"Martín Álvarez BA I",https://www.facebook.com/Woody.Blair,1
Luis,Acevedo,gregorio.salas.566@facebook.com,"10 de Noviembre",https://www.facebook.com/gregorio.salas.566,,,"Ciudad Autónoma de Buenos Aires","Buenos Aires",Argentina,100001550859560,"Felicitas Ghigliotti",https://www.facebook.com/felicitas.ghigliotti,1
Clarha,Jara,princesss.play.giirl@facebook.com,"10 de Noviembre",https://www.facebook.com/princesss.play.giirl,21,Flores,"Ciudad Autónoma de Buenos Aires","Buenos Aires",Argentina,1695345459,"Fabian Lopez",,1
Malena,Cavallo,malenungu@facebook.com,"10 de Noviembre",https://www.facebook.com/malenungu,21,,"Ciudad Autónoma de Buenos Aires","Buenos Aires",Argentina,1283513360,"Maanu C. Rebori",https://www.facebook.com/maanu,1
Joaquin,Mendez,joakingg@facebook.com,"10 de Noviembre",https://www.facebook.com/Joakingg,,,"Ciudad Autónoma de Buenos Aires","Buenos Aires",Argentina,650642782,"Christian Marconi",https://www.facebook.com/gmarconi.turismo,1
Fiorita,Diseños,carterasfiorita@facebook.com,"10 de Noviembre",https://www.facebook.com/carterasfiorita,,"Villa Del Parque","Ciudad Autónoma de Buenos Aires","Buenos Aires",Argentina,100002836355329,"María Victoria Uzal Haz",,1
Maite,Utje,maite.utje@facebook.com,"10 de Noviembre",https://www.facebook.com/maite.utje,,,"Ciudad Autónoma de Buenos Aires","Buenos Aires",Argentina,100000165055061,"Yasu Higa",,1
Eduardo,Espina,eduardo.m.espina.3@facebook.com,"10 de Noviembre",https://www.facebook.com/eduardo.m.espina.3,,,"Ciudad Autónoma de Buenos Aires","Buenos Aires",Argentina,100002518826168,"Vale Piedra",https://www.facebook.com/Valepiedra,1
"Juan Martin",Osti,juanmartin.osti.1@facebook.com,"10 de Noviembre",https://www.facebook.com/juanmartin.osti.1,30,,"Ciudad Autónoma de Buenos Aires","Buenos Aires",Argentina,100001862195910,"Bernardo Cura Bonazzola",https://www.facebook.com/bernardocurabonazzola,1
Josefina,Martini,josefina.martini.5@facebook.com,"10 de Noviembre",https://www.facebook.com/josefina.martini.5,,,"Ciudad Autónoma de Buenos Aires","Buenos Aires",Argentina,546238387,"Rochi Christensen",https://www.facebook.com/rochi.christensen,1
Sofia,Arias,sofiariastenis@facebook.com,"10 de Noviembre",https://www.facebook.com/sofiariastenis,,,"Ciudad Autónoma de Buenos Aires","Buenos Aires",Argentina,100002122302465,"Alan Volper",https://www.facebook.com/alan.volper,1
"Boedo Antiguo",Restaurante,boedoantiguo.resto@facebook.com,"10 de Noviembre",https://www.facebook.com/boedoantiguo.resto,22,Boedo,"Ciudad Autónoma de Buenos Aires","Buenos Aires",Argentina,1349374761,"Divino Vestuario Salve",https://www.facebook.com/salvedivinovestuario,1
Cine,"En Cuadro",cine.encuadro.315@facebook.com,"10 de Noviembre",https://www.facebook.com/cine.encuadro.315,,,"Ciudad Autónoma de Buenos Aires","Buenos Aires",Argentina,100001623999337,"Flor Scalise",https://www.facebook.com/flor.scalise,1
Tomi,Bestia,tomiwonejo@facebook.com,"10 de Noviembre",https://www.facebook.com/tomiwonejo,27,,"Ciudad Autónoma de Buenos Aires","Buenos Aires",Argentina,1331446353,"Vicky Diaz",,1
Francisco,Guida,francisco.guida.10@facebook.com,"10 de Noviembre",https://www.facebook.com/francisco.guida.10,,Núñez,"Ciudad Autónoma de Buenos Aires","Buenos Aires",Argentina,100001424864251,"Irma Mercedes Palma",,1
"Agus Moyano",Tortas,agusmoyano.tortas@facebook.com,"10 de Noviembre",https://www.facebook.com/agusmoyano.tortas,29,,"Ciudad Autónoma de Buenos Aires","Buenos Aires",Argentina,100001366628119,"Caro Ros Jones",https://www.facebook.com/carorosjones,1
Lucas,Troncoso,lucas.troncoso.52@facebook.com,"10 de Noviembre",https://www.facebook.com/lucas.troncoso.52,21,,"Ciudad Autónoma de Buenos Aires","Buenos Aires",Argentina,1195549490,"Florencia Pellegrino",,1
Angie,Xoana,hharlot@facebook.com,"10 de Noviembre",https://www.facebook.com/Hharlot,21,,"Ciudad Autónoma de Buenos Aires","Buenos Aires",Argentina,1508140729,"Martín Álvarez BA I",https://www.facebook.com/Woody.Blair,1
Maylor,Estetica,maylor.estetica.9@facebook.com,"10 de Noviembre",https://www.facebook.com/maylor.estetica.9,24,,"Ciudad Autónoma de Buenos Aires","Buenos Aires",Argentina,100006979452890,"Helena Robledo",,1
Javi,Sanchez,javisanchezok@facebook.com,"10 de Noviembre",https://www.facebook.com/javisanchezok,,,"Ciudad Autónoma de Buenos Aires","Buenos Aires",Argentina,100000898685295,"Tanya Feli",https://www.facebook.com/tanya.feli,1
Joaco,Martinez,joamartiinez@facebook.com,"10 de Noviembre",https://www.facebook.com/joamartiinez,,,"Ciudad Autónoma de Buenos Aires","Buenos Aires",Argentina,1480562100,"Maanu C. Rebori",https://www.facebook.com/maanu,1
Le,Couture,le.couture.754@facebook.com,"10 de Noviembre",https://www.facebook.com/le.couture.754,,,"Ciudad Autónoma de Buenos Aires","Buenos Aires",Argentina,100002798454232,"Juan José Merino Cagnones",https://www.facebook.com/jmerinocagnones,1
Melina,Moisés,melmoises@facebook.com,"10 de Noviembre",https://www.facebook.com/melmoises,22,Avellaneda,"Ciudad Autónoma de Buenos Aires","Buenos Aires",Argentina,1382210076,"Emiliano Pirolo",https://www.facebook.com/emi.pirolo,1
Fernando,Casal,fernandogalgocasal@facebook.com,"10 de Noviembre",https://www.facebook.com/fernandogalgocasal,,,"Ciudad Autónoma de Buenos Aires","Buenos Aires",Argentina,549729311,"Cami Papiccio",https://www.facebook.com/cami.papiccio,1
Agustina,Lombardo,aguss.cross@facebook.com,"10 de Noviembre",https://www.facebook.com/aguss.cross,,,"Ciudad Autónoma de Buenos Aires","Buenos Aires",Argentina,1604431721,"Silvia Fernandez",https://www.facebook.com/silviafernandezchivi,1
Juan,Tuma,juancruztuma@facebook.com,"10 de Noviembre",https://www.facebook.com/juancruztuma,25,,"Ciudad Autónoma de Buenos Aires","Buenos Aires",Argentina,766811589,"Christian Marconi",https://www.facebook.com/gmarconi.turismo,1
Paola,"Do Santos",paoolaacabj@facebook.com,"10 de Noviembre",https://www.facebook.com/PaooLaaCabj,,,"Ciudad Autónoma de Buenos Aires","Buenos Aires",Argentina,100003035538683,"Brian Cano",,1
Nahuel,Meckievi,nahuel.meckievi.52@facebook.com,"11 de Noviembre",https://www.facebook.com/nahuel.meckievi.52,27,,"Ciudad Autónoma de Buenos Aires","Buenos Aires",Argentina,100006115744466,"Jobs Bar",https://www.facebook.com/jobsbar,1
Walter,"Coria Mandarine",walter.mandarine@facebook.com,"11 de Noviembre",https://www.facebook.com/walter.mandarine,,,"Ciudad Autónoma de Buenos Aires","Buenos Aires",Argentina,100000775434473,"Lucia Marti",https://www.facebook.com/luli.marti,1
Matias,Schulz,matias.schulz@facebook.com,"11 de Noviembre",https://www.facebook.com/matias.schulz,,,"Ciudad Autónoma de Buenos Aires","Buenos Aires",Argentina,649811576,"Candelaria Sires Barrantes",,1
Abundancia,Terapeutica,abundancia.terapeutica@facebook.com,"11 de Noviembre",https://www.facebook.com/abundancia.terapeutica,,,"Ciudad Autónoma de Buenos Aires","Buenos Aires",Argentina,100004642897441,"Miqui Berriòs",https://www.facebook.com/miqui.berrios,1
Facuu,Dominelli,buenamusica.electronica.73@facebook.com,"11 de Noviembre",https://www.facebook.com/buenamusica.electronica.73,27,,"Ciudad Autónoma de Buenos Aires","Buenos Aires",Argentina,100003131393018,"Claudio Arias",https://www.facebook.com/clautrance,1
"Maria Ines",Gomez,reencuentro2007@facebook.com,"11 de Noviembre",https://www.facebook.com/reencuentro2007,24,,"Ciudad Autónoma de Buenos Aires","Buenos Aires",Argentina,100000264118487,"Gonza Gonzalez",,1
"LA Estancia","DE Falero",laestancia.defalero@facebook.com,"11 de Noviembre",https://www.facebook.com/laestancia.defalero,,,"Ciudad Autónoma de Buenos Aires","Buenos Aires",Argentina,100002727469897,"Alejandro Cocktila Acosta",https://www.facebook.com/alejandro.acosta,1
Flower,Trip,flower.trip.7@facebook.com,"11 de Noviembre",https://www.facebook.com/flower.trip.7,25,,"Ciudad Autónoma de Buenos Aires","Buenos Aires",Argentina,100001028782858,"Charly Ruez",https://www.facebook.com/charly.ruez,1
Romina,Alvarez,romina.alvarez.520357@facebook.com,"11 de Noviembre",https://www.facebook.com/romina.alvarez.520357,,Esquel,"Ciudad Autónoma de Buenos Aires","Distrito Federal",Argentina,1113347674,"Alejandro Chaizaz",https://www.facebook.com/alejandrochaizaz,1
Liz,Aveiro,liz.aveiro@facebook.com,"11 de Noviembre",https://www.facebook.com/liz.aveiro,24,"Buenos Aires","Buenos Aires","Buenos Aires",Argentina,100000367906612,"David Ricardo Irusta",0,1
Cinthia,Norro,cinthia.gomeznorro@facebook.com,"11 de Noviembre",https://www.facebook.com/cinthia.gomeznorro,,,"Ciudad Autónoma de Buenos Aires","Buenos Aires",Argentina,100002137058466,"Dany Kunowsky",https://www.facebook.com/daniel.kunowsky,1
Romina,Suarez,romina.suarez.73744@facebook.com,"11 de Noviembre",https://www.facebook.com/romina.suarez.73744,,,"Ciudad Autónoma de Buenos Aires","Buenos Aires",Argentina,1293505611,"Gabriela Santoro",https://www.facebook.com/vgs141,1
Walter,Coria,coriawalt@facebook.com,"11 de Noviembre",https://www.facebook.com/coriawalt,,,"Ciudad Autónoma de Buenos Aires","Buenos Aires",Argentina,100001205235439,"Agustina Gorrini",https://www.facebook.com/agustina.gorrini,1
Leo,Morlacca,leo.morlacca@facebook.com,"11 de Noviembre",https://www.facebook.com/leo.morlacca,,,"Ciudad Autónoma de Buenos Aires","Buenos Aires",Argentina,100001631975024,"Maria Belén",,1
Cami,"de León",deleon.cami@facebook.com,"11 de Noviembre",https://www.facebook.com/deleon.cami,,,"Ciudad Autónoma de Buenos Aires","Buenos Aires",Argentina,1397472552,"Facu Denegri",,1
Emporio,Decoraciones,emporio.decoraciones@facebook.com,"11 de Noviembre",https://www.facebook.com/emporio.decoraciones,,"Villa Del Parque","Ciudad Autónoma de Buenos Aires","Buenos Aires",Argentina,100002224154774,"Tamara Arias",,1
Sofia,Denti,sofia.denti@facebook.com,"11 de Noviembre",https://www.facebook.com/sofia.denti,,,"Ciudad Autónoma de Buenos Aires","Buenos Aires",Argentina,100003118842460,"Javier Potenza",,1
Fiamma,Coedo,fiaam.belen@facebook.com,"11 de Noviembre",https://www.facebook.com/fiaam.belen,,,"Ciudad Autónoma de Buenos Aires","Buenos Aires",Argentina,1482993319,"Dafne Antonella Zas Amy",,1
Melany,Abatino,melu.abatino@facebook.com,"11 de Noviembre",https://www.facebook.com/melu.abatino,,,"Ciudad Autónoma de Buenos Aires","Buenos Aires",Argentina,1308048101,"Jonathan Leonel",,1
Nico,Nascimento,nerocame@facebook.com,"11 de Noviembre",https://www.facebook.com/nerocame,24,,"Ciudad Autónoma de Buenos Aires","Buenos Aires",Argentina,544200969,"Nano Vaquer",,1
Estefanía,Martelli,estefania.martelli@facebook.com,"11 de Noviembre",https://www.facebook.com/estefania.martelli,25,,"Ciudad Autónoma de Buenos Aires","Buenos Aires",Argentina,1134822310,"Christian Douer Chuky",https://www.facebook.com/christian.chuky,1
Flavia,Camaño,flavia.camano.5@facebook.com,"11 de Noviembre",https://www.facebook.com/flavia.camano.5,28,,"Ciudad Autónoma de Buenos Aires","Buenos Aires",Argentina,1247278747,"Nadia Vannessa",https://www.facebook.com/nadiavannessa18,1
Philomena,Outfit,philomena.outfit@facebook.com,"11 de Noviembre",https://www.facebook.com/philomena.outfit,26,,"Ciudad Autónoma de Buenos Aires","Buenos Aires",Argentina,100004893460494,"Juan Antonio Papagni Meca",https://www.facebook.com/juanantoniopapagnimeca,1
Christian,Chimenez,cchimenez@facebook.com,"11 de Noviembre",https://www.facebook.com/cchimenez,30,,"Ciudad Autónoma de Buenos Aires","Buenos Aires",Argentina,100007262495553,"Tatiana Petroccelli",https://www.facebook.com/tanshanita,1
Mariana,Gonzalez,marianasexy34@facebook.com,"11 de Noviembre",https://www.facebook.com/marianasexy34,30,,"Ciudad Autónoma de Buenos Aires","Buenos Aires",Argentina,1187814670,"Dany Kunowsky",https://www.facebook.com/daniel.kunowsky,1
Walter,Coria,waltersoulmax@facebook.com,"11 de Noviembre",https://www.facebook.com/WalterSoulmax,,,"Ciudad Autónoma de Buenos Aires","Buenos Aires",Argentina,100000567468408,"Carolina Damiano",https://www.facebook.com/carolina.damiano,1
Latidos,Coaching,latidoscoach@facebook.com,"11 de Noviembre",https://www.facebook.com/LatidosCoach,25,,"Ciudad Autónoma de Buenos Aires","Buenos Aires",Argentina,100001031732385,"Flor Scalise",https://www.facebook.com/flor.scalise,1
"Sebastian So",Sotto,damian.russo.188@facebook.com,"11 de Noviembre",https://www.facebook.com/damian.russo.188,,,"Ciudad Autónoma de Buenos Aires","Buenos Aires",Argentina,100001888580812,"Silvia Fernandez",https://www.facebook.com/silviafernandezchivi,1
Glori,Mansilla,glori.mansilla@facebook.com,"11 de Noviembre",https://www.facebook.com/glori.mansilla,,,"Ciudad Autónoma de Buenos Aires","Buenos Aires",Argentina,719136148,"Martin Olmedo",,1
"Belleza Salud",Estetica,unas.esculpidas.330@facebook.com,"11 de Noviembre",https://www.facebook.com/unas.esculpidas.330,21,,"Ciudad Autónoma de Buenos Aires","Buenos Aires",Argentina,100006458233065,"Maria Garcia Neglia",https://www.facebook.com/maria.garcianeglia,1
Pilar,Molina,pimolina@facebook.com,"11 de Noviembre",https://www.facebook.com/PiMolina,,,"Ciudad Autónoma de Buenos Aires","Buenos Aires",Argentina,1498205055,"Gabi López",,1
Mariano,Cazarré,mcazarre@facebook.com,"11 de Noviembre",https://www.facebook.com/mcazarre,,,"Ciudad Autónoma de Buenos Aires","Buenos Aires",Argentina,1255431883,"Flor Vischi Cortés",https://www.facebook.com/flor.vischi,1
Cristian,Genesio,cristian.genesio@facebook.com,"11 de Noviembre",https://www.facebook.com/cristian.genesio,25,,"Ciudad Autónoma de Buenos Aires","Buenos Aires",Argentina,1156915941,"Emiliano Cazanetz Dick",https://www.facebook.com/emiliano.cazanetzdick,1
Gaston,Torregrosa,gastonelnegro@facebook.com,"11 de Noviembre",https://www.facebook.com/gastonelnegro,30,Saavedra,"Ciudad Autónoma de Buenos Aires","Buenos Aires",Argentina,638796878,"Maria Laura Pendás",https://www.facebook.com/marialaura.pendas,1
"El Laboratorio","de Guión",ellaboratorio.deguion@facebook.com,"11 de Noviembre",https://www.facebook.com/ellaboratorio.deguion,21,,"Ciudad Autónoma de Buenos Aires","Buenos Aires",Argentina,1226711357,"Joshua Oglio",,1
Clara,Barbieri,clara.barbieri@facebook.com,"11 de Noviembre",https://www.facebook.com/clara.barbieri,,"Buenos Aires","Buenos Aires","Buenos Aires",Argentina,543573864,"Mechi Alvarez Estrada",0,1
Camilo,"Martinez Argentina",martinezargentina@facebook.com,"11 de Noviembre",https://www.facebook.com/martinezargentina,,"Buenos Aires","Buenos Aires","Buenos Aires",Argentina,100001504098066,"Hercilia Rs",0,1
Johnmat,Mart,jonnhydeep.true@facebook.com,"11 de Noviembre",https://www.facebook.com/jonnhydeep.true,,"Buenos Aires","Buenos Aires","Buenos Aires",Argentina,592521815,"Peter GC",0,1
Martin,Torralva,martin.torralva@facebook.com,"11 de Noviembre",https://www.facebook.com/martin.torralva,,,"Ciudad Autónoma de Buenos Aires","Buenos Aires",Argentina,100000889951704,"Marina Castagnino",https://www.facebook.com/castagnino,1
Carla,Savone,maria.c.savone@facebook.com,"11 de Noviembre",https://www.facebook.com/maria.c.savone,27,,"Ciudad Autónoma de Buenos Aires","Buenos Aires",Argentina,728663010,"Santi Osterc",https://www.facebook.com/santiosterc,1
Kuxtal,Ind,kuxtal.indumentaria@facebook.com,"11 de Noviembre",https://www.facebook.com/kuxtal.indumentaria,22,"Buenos Aires","Buenos Aires","Buenos Aires",Argentina,100006063274765,"Sofia Reinoso",0,1
Walter,Coria,walter.coria@facebook.com,"11 de Noviembre",https://www.facebook.com/walter.coria,,,"Ciudad Autónoma de Buenos Aires","Buenos Aires",Argentina,835819850,"Emiliano Pirolo",https://www.facebook.com/emi.pirolo,1
Marian,Novo,marian.novo@facebook.com,"11 de Noviembre",https://www.facebook.com/marian.novo,26,"Villa Crespo","Ciudad Autónoma de Buenos Aires","Buenos Aires",Argentina,1208951199,"Luli Santos Neves",,1
Flor,Soldavini,florsoldavini@facebook.com,"11 de Noviembre",https://www.facebook.com/FlorSoldavini,,,"Ciudad Autónoma de Buenos Aires","Buenos Aires",Argentina,1037650801,"Juan Cruz Albornoz",,1
Smt,"Dosmilonce Mujeres",smt.dosmiloncemujeres@facebook.com,"11 de Noviembre",https://www.facebook.com/smt.dosmiloncemujeres,21,,"Ciudad Autónoma de Buenos Aires","Buenos Aires",Argentina,100001196574181,"Marcelo Braun Menendez",,1
Gustavo,Mirande,gusmirande@facebook.com,"11 de Noviembre",https://www.facebook.com/gusmirande,,,"Ciudad Autónoma de Buenos Aires","Buenos Aires",Argentina,1195417146,"La Rockeria",https://www.facebook.com/oveja1,1
Karen,"Spa De Nenas",karen.spadenenas.1@facebook.com,"11 de Noviembre",https://www.facebook.com/karen.spadenenas.1,29,,"Ciudad Autónoma de Buenos Aires","Buenos Aires",Argentina,100004688676717,"Florencia Garré",https://www.facebook.com/florencia.garre,1
Mercedes,Gimenez,mercedes.gimenez.77@facebook.com,"11 de Noviembre",https://www.facebook.com/mercedes.gimenez.77,,,"Ciudad Autónoma de Buenos Aires","Buenos Aires",Argentina,1155817466,"Facu Denegri",,1
"Veronica Analia",Delbono,veronicaanalia.delbono@facebook.com,"11 de Noviembre",https://www.facebook.com/veronicaanalia.delbono,29,,"Ciudad Autónoma de Buenos Aires","Buenos Aires",Argentina,1079337493,"Romy Gutierrez Jaime",https://www.facebook.com/romygutierrezjaime,1
Natalia,Viale,natalia.viale.315@facebook.com,"11 de Noviembre",https://www.facebook.com/natalia.viale.315,,,"Ciudad Autónoma de Buenos Aires","Buenos Aires",Argentina,100003556939137,"La Rockeria",https://www.facebook.com/oveja1,1
Ramiro,Pasini,ramiro.pasini@facebook.com,"11 de Noviembre",https://www.facebook.com/ramiro.pasini,,"Buenos Aires","Buenos Aires","Buenos Aires",Argentina,100001436722808,"Leo LugÓn",0,1
Marisa,Batalla,marisa.batalla@facebook.com,"11 de Noviembre",https://www.facebook.com/marisa.batalla,,,"Ciudad Autónoma de Buenos Aires","Buenos Aires",Argentina,635495455,"Carli Pellizzaro",https://www.facebook.com/Carlii,1
Machaca,Moda,machacamoda@facebook.com,"11 de Noviembre",https://www.facebook.com/machacamoda,21,,"Ciudad Autónoma de Buenos Aires","Buenos Aires",Argentina,100001200608742,"Candelaria Sires Barrantes",,1
Casa,Bar,casa.bar.3@facebook.com,"11 de Noviembre",https://www.facebook.com/casa.bar.3,,,"Ciudad Autónoma de Buenos Aires","Buenos Aires",Argentina,100003746795931,"Analia Utlo",https://www.facebook.com/ANY10,1
Nicolás,Serbin,kooperniccc@facebook.com,"11 de Noviembre",https://www.facebook.com/KooperniCCC,26,,"Ciudad Autónoma de Buenos Aires","Buenos Aires",Argentina,681412528,"Ayu Casanova",,1
Nico,Nascimento,nico.e.nascimento@facebook.com,"11 de Noviembre",https://www.facebook.com/nico.e.nascimento,24,,"Ciudad Autónoma de Buenos Aires","Buenos Aires",Argentina,1554537821,"Eve Schiera",,1
Utopia,"Deco Fiestas",utopia.decofiestas@facebook.com,"11 de Noviembre",https://www.facebook.com/utopia.decofiestas,25,,"Ciudad Autónoma de Buenos Aires","Buenos Aires",Argentina,100004012712167,"Michelle Fingeret",https://www.facebook.com/michelle.fingeret,1
Sofi,Koch,sofi.koch@facebook.com,"11 de Noviembre",https://www.facebook.com/sofi.koch,,,"Ciudad Autónoma de Buenos Aires","Buenos Aires",Argentina,701008562,"Mili Mauro",https://www.facebook.com/milimauro,1
Rocio,Arias,bernasconi.rhcp@facebook.com,"11 de Noviembre",https://www.facebook.com/Bernasconi.RHCP,,,"Ciudad Autónoma de Buenos Aires","Buenos Aires",Argentina,100004116224582,"Anna Laura",https://www.facebook.com/Anna.Laucha,1
Eliana,Benitez,ruuuuuuuuubia@facebook.com,"11 de Noviembre",https://www.facebook.com/Ruuuuuuuuubia,21,,"Ciudad Autónoma de Buenos Aires","Buenos Aires",Argentina,100000991304146,"Tomás Eis",,1
Produccion,"De Fbk Argentina",produccionf@facebook.com,"11 de Noviembre",https://www.facebook.com/ProduccionF,,,"Ciudad Autónoma de Buenos Aires","Buenos Aires",Argentina,100002370662427,"La Rockeria",https://www.facebook.com/oveja1,1
Susan,Penrice,susan.penrice.7@facebook.com,"12 de Noviembre",https://www.facebook.com/susan.penrice.7,,,"Ciudad Autónoma de Buenos Aires","Buenos Aires",Argentina,1263676895,"Adriana Grillo",,1
Pao,Sauer,pao.sauer@facebook.com,"12 de Noviembre",https://www.facebook.com/pao.sauer,24,,"Ciudad Autónoma de Buenos Aires","Buenos Aires",Argentina,100001329200881,"Tuty Martinez",,1
Agus,Olivera,agus.olivera.33@facebook.com,"12 de Noviembre",https://www.facebook.com/agus.olivera.33,,"San Telmo","Ciudad Autónoma de Buenos Aires","Buenos Aires",Argentina,100000203853732,"Martin Diaz",,1
Alisados,NoLu,alisados.nolu@facebook.com,"12 de Noviembre",https://www.facebook.com/alisados.nolu,28,"Villa Devoto","Ciudad Autónoma de Buenos Aires","Buenos Aires",Argentina,100004368184250,"Maria Pia Perez Brea",,1
Mercedes,Mabres,mercedes.mabres@facebook.com,"12 de Noviembre",https://www.facebook.com/mercedes.mabres,27,,"Ciudad Autónoma de Buenos Aires","Buenos Aires",Argentina,100000444318774,"Juan Manuel Vilagut",https://www.facebook.com/jvilagut1,1
"Real House",Propiedades,realhouse.propiedades@facebook.com,"12 de Noviembre",https://www.facebook.com/realhouse.propiedades,30,,"Ciudad Autónoma de Buenos Aires","Buenos Aires",Argentina,100000298455884,"Loreto Belmar",https://www.facebook.com/loreto.belmar,1
Santi,Snow,santig.snow@facebook.com,"12 de Noviembre",https://www.facebook.com/santig.snow,,,"Ciudad Autónoma de Buenos Aires","Buenos Aires",Argentina,100000994983348,"Maria Belén",,1
Incaa,Argentina,incaa.argentina@facebook.com,"12 de Noviembre",https://www.facebook.com/incaa.argentina,,,"Ciudad Autónoma de Buenos Aires","Buenos Aires",Argentina,100001005396578,"Daniel Arbol",https://www.facebook.com/darbol1,1
Cristina,Vernieri,cristina.vernieri.1@facebook.com,"12 de Noviembre",https://www.facebook.com/cristina.vernieri.1,29,,"Ciudad Autónoma de Buenos Aires","Buenos Aires",Argentina,100000458294723,"Yanel Block",https://www.facebook.com/yanel.bllock,1
"Anahí Belén",Aquino,anahibelen.aquino@facebook.com,"12 de Noviembre",https://www.facebook.com/anahibelen.aquino,26,,"Ciudad Autónoma de Buenos Aires","Buenos Aires",Argentina,756309904,"Cynthia Tatiana Martinez Neves",https://www.facebook.com/cynthiatatiana.martinezne,1
Nicolas,Fullone,nicolas.fullone.5@facebook.com,"12 de Noviembre",https://www.facebook.com/nicolas.fullone.5,29,,"Ciudad Autónoma de Buenos Aires","Buenos Aires",Argentina,1220780918,"Tia Lu",https://www.facebook.com/vivardo.lucia,1
Mora,Kestelman,mora.kestelman@facebook.com,"12 de Noviembre",https://www.facebook.com/mora.kestelman,,,"Ciudad Autónoma de Buenos Aires","Buenos Aires",Argentina,733557166,"Cristian Pluis",,1
Walter,Janiuk,kchukpo@facebook.com,"12 de Noviembre",https://www.facebook.com/kchukpo,22,,"Ciudad Autónoma de Buenos Aires","Buenos Aires",Argentina,100000630230156,"Juan Elias Catan",https://www.facebook.com/juan.724,1
Federico,Johansen,federico.johansen22@facebook.com,"12 de Noviembre",https://www.facebook.com/federico.johansen22,23,,"Ciudad Autónoma de Buenos Aires","Buenos Aires",Argentina,100000514973789,"Fran L. Ocampo",https://www.facebook.com/franco,1
Mariel,Maguna,marielinput@facebook.com,"12 de Noviembre",https://www.facebook.com/marielinput,22,,"Ciudad Autónoma de Buenos Aires","Buenos Aires",Argentina,1678064748,"Vanina Lopez Baroni",https://www.facebook.com/vaninalb,1
Ian,Araujo,pinkie.ian.pie@facebook.com,"12 de Noviembre",https://www.facebook.com/Pinkie.Ian.Pie,,,"Ciudad Autónoma de Buenos Aires","Buenos Aires",Argentina,100000367324258,"Franco Palermo",,1
Rafa,Saldicco,rafa.saldicco@facebook.com,"12 de Noviembre",https://www.facebook.com/rafa.saldicco,,,"Ciudad Autónoma de Buenos Aires","Buenos Aires",Argentina,100000386269927,"Melo Dellarole",https://www.facebook.com/melodellarole,1
"Juan Jose","De Lisio",juanjose.delisio1@facebook.com,"12 de Noviembre",https://www.facebook.com/juanjose.delisio1,,,"Ciudad Autónoma de Buenos Aires","Buenos Aires",Argentina,1577675138,"Irma Mercedes Palma",,1
Javier,Sandoval,javier.sandoval.77715@facebook.com,"12 de Noviembre",https://www.facebook.com/javier.sandoval.77715,23,,"Ciudad Autónoma de Buenos Aires","Buenos Aires",Argentina,1003426241,"Lo Lola",,1
Rosario,Rusca,rochu.rusca@facebook.com,"12 de Noviembre",https://www.facebook.com/rochu.rusca,,,"Ciudad Autónoma de Buenos Aires","Buenos Aires",Argentina,1658357358,"Brian Cano",,1
Nahuel,Paez,nahuel.paez.10@facebook.com,"12 de Noviembre",https://www.facebook.com/nahuel.paez.10,21,,"Ciudad Autónoma de Buenos Aires","Buenos Aires",Argentina,100001981792211,"Gianfranco Ferrati",,1
Franco,Lourenzo,fran.low@facebook.com,"12 de Noviembre",https://www.facebook.com/fran.low,22,,"Ciudad Autónoma de Buenos Aires","Buenos Aires",Argentina,1098048447,"Lucia Marti",https://www.facebook.com/luli.marti,1
Jessica,Alegría,jessica.alegria.948@facebook.com,"12 de Noviembre",https://www.facebook.com/jessica.alegria.948,24,,"Ciudad Autónoma de Buenos Aires","Buenos Aires",Argentina,100002490160198,"La Rockeria",https://www.facebook.com/oveja1,1
Juanzote,Fernandez,juanchila13@facebook.com,"12 de Noviembre",https://www.facebook.com/juanchila13,26,,"Ciudad Autónoma de Buenos Aires","Buenos Aires",Argentina,557729938,"Christian Douer Chuky",https://www.facebook.com/christian.chuky,1
Cristian,Miradorvip,valentinlista@facebook.com,"12 de Noviembre",https://www.facebook.com/valentinlista,26,,"Ciudad Autónoma de Buenos Aires","Buenos Aires",Argentina,100001058844804,"Paula Otálvaro",https://www.facebook.com/paula.otalvaro,1
Mismin,Importada,misminropitaimportada@facebook.com,"12 de Noviembre",https://www.facebook.com/misminropitaimportada,24,,"Ciudad Autónoma de Buenos Aires","Buenos Aires",Argentina,100001491796518,"Malvi Ovando",https://www.facebook.com/malvi.ovando,1
Mercedes,Defferrari,mercedes.defferrari.94@facebook.com,"12 de Noviembre",https://www.facebook.com/mercedes.defferrari.94,28,,"Ciudad Autónoma de Buenos Aires","Buenos Aires",Argentina,578756680,"Clara Ryan",https://www.facebook.com/clariryaneventos,1
Martin,Fiorentino,martin.fiorentino.7@facebook.com,"12 de Noviembre",https://www.facebook.com/martin.fiorentino.7,,,"Ciudad Autónoma de Buenos Aires","Buenos Aires",Argentina,1095624357,"Vanesa Macias",https://www.facebook.com/vanesa.macias1,1
"Sergio Daniel",Freijeiro,sergiodaniel.freijeiro@facebook.com,"12 de Noviembre",https://www.facebook.com/sergiodaniel.freijeiro,,????????,"Ciudad Autónoma de Buenos Aires","Buenos Aires",Argentina,1088976879,"Miyukichiyoko Nagakane",https://www.facebook.com/miyukichiyoko.nagakane,1
Martina,Krasiuk,ml.krasiuk@facebook.com,"12 de Noviembre",https://www.facebook.com/ml.krasiuk,,,"Ciudad Autónoma de Buenos Aires","Buenos Aires",Argentina,513769019,"Vicky Blengini",https://www.facebook.com/vicky.blengini,1
Adriana,Laiño,adriana.laino.18@facebook.com,"12 de Noviembre",https://www.facebook.com/adriana.laino.18,28,,"Ciudad Autónoma de Buenos Aires","Buenos Aires",Argentina,1208001739,"Maria Pia Perez Brea",,1
Mooroo,Racing,moorooracing@facebook.com,"12 de Noviembre",https://www.facebook.com/moorooracing,,,"Ciudad Autónoma de Buenos Aires","Buenos Aires",Argentina,1649508557,"Nahu Millicay Pereyra",https://www.facebook.com/nahumilli,1
Iuna,"En Democracia",iuna.endemocracia.5@facebook.com,"12 de Noviembre",https://www.facebook.com/iuna.endemocracia.5,,,"Ciudad Autónoma de Buenos Aires","Buenos Aires",Argentina,100001900114729,"Chelu Chavez",https://www.facebook.com/chelu.chavez,1
Puerto,Madero,puerto.madero.77@facebook.com,"12 de Noviembre",https://www.facebook.com/puerto.madero.77,25,,"Ciudad Autónoma de Buenos Aires","Buenos Aires",Argentina,100001984084371,"Patricia Grillo",,1
Micaela,Mendoza,miica.mendoza.9@facebook.com,"12 de Noviembre",https://www.facebook.com/miica.mendoza.9,,,"Ciudad Autónoma de Buenos Aires","Buenos Aires",Argentina,100003399301798,"Agustina Pelle Müller",,1
Camila,Villalba,camila.villalba.39@facebook.com,"12 de Noviembre",https://www.facebook.com/camila.villalba.39,,,"Ciudad Autónoma de Buenos Aires","Buenos Aires",Argentina,1543092339,"Alan Volper",https://www.facebook.com/alan.volper,1
Cristofer,Grandjean,cgrandjean1@facebook.com,"12 de Noviembre",https://www.facebook.com/cgrandjean1,,,"Ciudad Autónoma de Buenos Aires","Buenos Aires",Argentina,1126100972,"Maria Belén",,1
Yael,Bazan,yael.bazan@facebook.com,"12 de Noviembre",https://www.facebook.com/yael.bazan,27,Boedo,"Ciudad Autónoma de Buenos Aires","Buenos Aires",Argentina,1851661435,"Romy Escudero",https://www.facebook.com/romina.escudero,1
"Pablo Andres",Lencina,pablin.lencina.5@facebook.com,"12 de Noviembre",https://www.facebook.com/pablin.lencina.5,21,,"Ciudad Autónoma de Buenos Aires","Buenos Aires",Argentina,100005937362246,"Cristian Fernandez Villamor",https://www.facebook.com/cristian.fernandezvillamo,1
Sandro,Zabaleta,sandro.zabaleta@facebook.com,"12 de Noviembre",https://www.facebook.com/sandro.zabaleta,,,"Ciudad Autónoma de Buenos Aires","Buenos Aires",Argentina,1062687162,"Dafne Antonella Zas Amy",,1
Boliches,"Por Palermo",adn.viernes@facebook.com,"12 de Noviembre",https://www.facebook.com/adn.viernes,24,,"Ciudad Autónoma de Buenos Aires","Buenos Aires",Argentina,100006224108462,"Cristian Fernandez Villamor",https://www.facebook.com/cristian.fernandezvillamo,1
Lùquìtàs,Àlèjàndrò,luquitas.alejandro.3@facebook.com,"12 de Noviembre",https://www.facebook.com/luquitas.alejandro.3,,"Villa Del Parque","Ciudad Autónoma de Buenos Aires","Distrito Federal",Argentina,100000011525413,"Brian Cano",,1
GayDatos,"De Latinoamérica",gaydato@facebook.com,"12 de Noviembre",https://www.facebook.com/Gaydato,28,,"Ciudad Autónoma de Buenos Aires","Buenos Aires",Argentina,100003768102077,"Cristian Fernandez Villamor",https://www.facebook.com/cristian.fernandezvillamo,1
Sol,Oddone,sol.oddone@facebook.com,"12 de Noviembre",https://www.facebook.com/sol.oddone,,,"Ciudad Autónoma de Buenos Aires","Buenos Aires",Argentina,1325397181,"Agus Rodriguez",,1
Josefina,Goñi,josefinagg@facebook.com,"12 de Noviembre",https://www.facebook.com/josefinagg,30,,"Ciudad Autónoma de Buenos Aires","Buenos Aires",Argentina,643215787,"Mauro Napole",https://www.facebook.com/maurinapole,1
Andy,Desiata,andy.desiata@facebook.com,"12 de Noviembre",https://www.facebook.com/andy.desiata,30,,"Ciudad Autónoma de Buenos Aires","Buenos Aires",Argentina,1505826912,"Natalia Magariello",https://www.facebook.com/natalia.magariello,1
Nanu,O'Connor,nanuchiloca@facebook.com,"12 de Noviembre",https://www.facebook.com/nanuchiloca,23,,"Ciudad Autónoma de Buenos Aires","Buenos Aires",Argentina,1515759768,"Fede Martinez",https://www.facebook.com/fedemartinez17,1
Lola,Rawson,lola.rawson.7@facebook.com,"12 de Noviembre",https://www.facebook.com/lola.rawson.7,22,,"Ciudad Autónoma de Buenos Aires","Buenos Aires",Argentina,100006551202997,"Gianfranco Ferrati",,1
Giyo,Percuzion,giyo.lopez@facebook.com,"12 de Noviembre",https://www.facebook.com/giyo.lopez,27,,"Ciudad Autónoma de Buenos Aires","Buenos Aires",Argentina,100001366830430,"Ezequiel Sebastian Berardi",https://www.facebook.com/EzErAsTa,1
Nahuel,Santoro,fns11@facebook.com,"12 de Noviembre",https://www.facebook.com/FNS11,,,"Ciudad Autónoma de Buenos Aires","Buenos Aires",Argentina,1160320158,"Rodrigo Vega",,1
Sebastian,Videla,sebavidela22@facebook.com,"12 de Noviembre",https://www.facebook.com/sebavidela22,,,"Ciudad Autónoma de Buenos Aires","Buenos Aires",Argentina,100000090160026,"Sebastian Zarate",,1
Yani,Sun,yanysunday@facebook.com,"12 de Noviembre",https://www.facebook.com/Yanysunday,28,,"Ciudad Autónoma de Buenos Aires","Buenos Aires",Argentina,687730160,"Nadia Vannessa",https://www.facebook.com/nadiavannessa18,1
Mariel,Macculloch,marielinput1@facebook.com,"12 de Noviembre",https://www.facebook.com/marielinput1,22,,"Ciudad Autónoma de Buenos Aires","Buenos Aires",Argentina,100006464592017,"Fran L. Ocampo",https://www.facebook.com/franco,1
Sasha,Aimo,sasha.aimobiar@facebook.com,"12 de Noviembre",https://www.facebook.com/sasha.aimobiar,,Colegiales,"Ciudad Autónoma de Buenos Aires","Buenos Aires",Argentina,1514081964,"Cristian Andres Romano",,1
