Nombre,Apellido,"Email Facebook",Cumpleaños,"Usuario Facebook",Edad,Barrio,Ciudad,Provincia,Pais,"ID Facebook","Amigo De","Amigo De (Usuario)",rebound
Lucio,Maslat,lucio.maslat@facebook.com,"01 de Noviembre",https://www.facebook.com/lucio.maslat,,,"Ciudad Autónoma de Buenos Aires","Buenos Aires",Argentina,1401204531,"Isa Bensusan Millé",,1
Alejandrito,Wiemann,alejandritoof@facebook.com,"01 de Noviembre",https://www.facebook.com/alejandritoof,,,"Ciudad Autónoma de Buenos Aires","Buenos Aires",Argentina,100000560492562,"Flor Cantero",,1
Camo,Micoli,camo.micoli@facebook.com,"01 de Noviembre",https://www.facebook.com/camo.micoli,,,"Ciudad Autónoma de Buenos Aires","Buenos Aires",Argentina,1133444888,"Agus Rodriguez",,1
Guada,Vacas,guadaa.vacas@facebook.com,"01 de Noviembre",https://www.facebook.com/guadaa.vacas,,,"Ciudad Autónoma de Buenos Aires","Buenos Aires",Argentina,611558623,"Joaquin Casoli",,1
La,Guacha,la.guacha.79@facebook.com,"01 de Noviembre",https://www.facebook.com/la.guacha.79,,,"Ciudad Autónoma de Buenos Aires","Buenos Aires",Argentina,100001574472190,"Majo López Tavani",https://www.facebook.com/lasplumas,1
Valbella,Valbella,valbella.indumentaria@facebook.com,"01 de Noviembre",https://www.facebook.com/Valbella.Indumentaria,24,,"Ciudad Autónoma de Buenos Aires","Buenos Aires",Argentina,100003083033510,"Micaela Parisi",https://www.facebook.com/parisimica,1
Pixotes,Rock,pixotes.rock@facebook.com,"01 de Noviembre",https://www.facebook.com/pixotes.rock,29,"Villa Devoto","Ciudad Autónoma de Buenos Aires","Buenos Aires",Argentina,100001703023374,"Alejandra Ale Roldan",,1
Mariana,Frias,mariana.frias.549@facebook.com,"01 de Noviembre",https://www.facebook.com/mariana.frias.549,,,"Ciudad Autónoma de Buenos Aires","Buenos Aires",Argentina,100001083094542,"Eugenia Vega",https://www.facebook.com/eugenitavega,1
Il,Frankie,jfmondello@facebook.com,"01 de Noviembre",https://www.facebook.com/jfmondello,,,"Ciudad Autónoma de Buenos Aires","Buenos Aires",Argentina,761105174,"Rocio Marquez",,1
Macarena,Carrizo,macarena.carrizo3@facebook.com,"01 de Noviembre",https://www.facebook.com/macarena.carrizo3,,,"Ciudad Autónoma de Buenos Aires","Buenos Aires",Argentina,100001704285602,"Fabian Lopez",,1
Sabrina,Havandjian,sabrina.havandjian@facebook.com,"01 de Noviembre",https://www.facebook.com/sabrina.havandjian,29,,"Ciudad Autónoma de Buenos Aires","Buenos Aires",Argentina,729014846,"Guido De Marco",,1
Andres,Moncarz,andresmoncarz@facebook.com,"01 de Noviembre",https://www.facebook.com/andresmoncarz,,,"Ciudad Autónoma de Buenos Aires","Buenos Aires",Argentina,1603645454,"Eve Schiera",,1
"Juan Manuel",Giorgi,juanma.giorgi@facebook.com,"01 de Noviembre",https://www.facebook.com/juanma.giorgi,,,"Ciudad Autónoma de Buenos Aires","Buenos Aires",Argentina,100000062658057,"Alan Volper",https://www.facebook.com/alan.volper,1
Agus,Fernandez,turismo.fernandez@facebook.com,"01 de Noviembre",https://www.facebook.com/turismo.fernandez,25,,"Ciudad Autónoma de Buenos Aires","Buenos Aires",Argentina,100004255444932,"Mauro Sebastian Villegas",,1
DjNico,Urso,djnicourso@facebook.com,"01 de Noviembre",https://www.facebook.com/djnicourso,29,,"Ciudad Autónoma de Buenos Aires","Buenos Aires",Argentina,100000243711116,"Gimena Yamila Yerden Giaquinto",https://www.facebook.com/Gimetrance,1
Rock,"Cannas Verdes",rock.cannasverdes@facebook.com,"02 de Noviembre",https://www.facebook.com/rock.cannasverdes,,,"Ciudad Autónoma de Buenos Aires","Buenos Aires",Argentina,100001652589783,"Cynthia Gianni",,1
"Aylen Agustina",Cortegoso,aylenagustina.cortegoso@facebook.com,"02 de Noviembre",https://www.facebook.com/aylenagustina.cortegoso,,,"Ciudad Autónoma de Buenos Aires","Buenos Aires",Argentina,100002052496302,"Bian Tedesco",https://www.facebook.com/biaantedesco,1
Santos,"De Paz",santos.depaz@facebook.com,"02 de Noviembre",https://www.facebook.com/santos.depaz,,,"Ciudad Autónoma de Buenos Aires","Buenos Aires",Argentina,1477071569,"Christian Vadalá",https://www.facebook.com/christian.vadala,1
Nacho,Ramat,nachito0o0o0@facebook.com,"02 de Noviembre",https://www.facebook.com/NaChiTo0o0o0,,,"Ciudad Autónoma de Buenos Aires","Buenos Aires",Argentina,569583399,"Karen Vilariño",https://www.facebook.com/karen.vilarino,1
"Eugenia Mariana",Lopez,eugeniamariana.lopez@facebook.com,"02 de Noviembre",https://www.facebook.com/eugeniamariana.lopez,28,,"Ciudad Autónoma de Buenos Aires","Buenos Aires",Argentina,100001382485949,"Fran L. Ocampo",https://www.facebook.com/franco,1
Natalia,Blanc,nnaaati@facebook.com,"02 de Noviembre",https://www.facebook.com/nnaaati,,,"Ciudad Autónoma de Buenos Aires","Buenos Aires",Argentina,1337299990,"Ivan Lisz",,1
Brian,Primicia,braiancito.cabj@facebook.com,"02 de Noviembre",https://www.facebook.com/braiancito.cabj,,,"Ciudad Autónoma de Buenos Aires","Buenos Aires",Argentina,1493038214,"Sofu Maddonni",https://www.facebook.com/ssofiia,1
Nahiu,Rodriguez,nahiu.rodriguez@facebook.com,"02 de Noviembre",https://www.facebook.com/nahiu.rodriguez,,,"Ciudad Autónoma de Buenos Aires","Buenos Aires",Argentina,100000114360249,"Agus Rodriguez",,1
Maty,Giorgi,maty.giorgi@facebook.com,"02 de Noviembre",https://www.facebook.com/maty.giorgi,29,,"Ciudad Autónoma de Buenos Aires","Buenos Aires",Argentina,100000874721574,"Anoland Lorenzo",https://www.facebook.com/anoland.lorenzo,1
Sol,Serantes,sol.serantes.7@facebook.com,"02 de Noviembre",https://www.facebook.com/sol.serantes.7,,,"Ciudad Autónoma de Buenos Aires","Buenos Aires",Argentina,100002118590650,"Brian Cano",,1
Leandro,David,leandroangul@facebook.com,"02 de Noviembre",https://www.facebook.com/Leandroangul,,"La Boca","Ciudad Autónoma de Buenos Aires","Buenos Aires",Argentina,1147294421,"Vicky Diaz",,1
Cam,Oberst,cam.oberst@facebook.com,"02 de Noviembre",https://www.facebook.com/cam.oberst,,,"Ciudad Autónoma de Buenos Aires","Buenos Aires",Argentina,674431108,"Lucia Marti",https://www.facebook.com/luli.marti,1
Andrea,Insfran,andrea.insfran.923@facebook.com,"02 de Noviembre",https://www.facebook.com/andrea.insfran.923,23,,"Ciudad Autónoma de Buenos Aires","Buenos Aires",Argentina,100000941117466,"Roxana del Prado",,1
Sil,Torrez,veronicatorrez.torrez@facebook.com,"03 de Noviembre",https://www.facebook.com/veronicatorrez.torrez,27,,"Ciudad Autónoma de Buenos Aires","Buenos Aires",Argentina,100004458156808,"Atilio Fernandez",,1
Rolo,Herrera,boutiqueafterofficemuseum@facebook.com,"03 de Noviembre",https://www.facebook.com/BoutiqueAfterOfficeMuseum,,Retiro,"Ciudad Autónoma de Buenos Aires","Buenos Aires",Argentina,100002528128219,"Cristian Fernandez Villamor",https://www.facebook.com/cristian.fernandezvillamo,1
Nicolas,"Lopes Arevalo",nicolas.lopes.756@facebook.com,"03 de Noviembre",https://www.facebook.com/nicolas.lopes.756,,,"Ciudad Autónoma de Buenos Aires","Buenos Aires",Argentina,1396481388,"Gustavo Pietrafesa",,1
Cami,Dimier,camila.dimier@facebook.com,"03 de Noviembre",https://www.facebook.com/camila.dimier,24,,"Ciudad Autónoma de Buenos Aires","Buenos Aires",Argentina,1143314680,"Pablo Martène",https://www.facebook.com/pablomartene,1
"Rocio Mariel",Leiva,rociomariel.leiva@facebook.com,"03 de Noviembre",https://www.facebook.com/rociomariel.leiva,,,"Ciudad Autónoma de Buenos Aires","Buenos Aires",Argentina,100003034245623,"Evangelina Dinatale de Biglieri",https://www.facebook.com/evangelina.dinataledebigl,1
Esteban,Nieva,esteban.nieva.0@facebook.com,"03 de Noviembre",https://www.facebook.com/esteban.nieva.0,,,"Ciudad Autónoma de Buenos Aires","Buenos Aires",Argentina,100003680623691,"Pamela Garrote",https://www.facebook.com/pamela.garrote,1
Anne,Schröder,quesosidoso@facebook.com,"03 de Noviembre",https://www.facebook.com/quesosidoso,,,"Ciudad Autónoma de Buenos Aires","Buenos Aires",Argentina,100002018094397,"Matías Panero",,1
Pekados,Bar,dario.cobos.56@facebook.com,"03 de Noviembre",https://www.facebook.com/dario.cobos.56,28,,"Ciudad Autónoma de Buenos Aires","Buenos Aires",Argentina,100006292831281,"Noelia Juskiewicz",https://www.facebook.com/noelia.juskiewicz,1
Claudia,Babare,claudia.babare@facebook.com,"03 de Noviembre",https://www.facebook.com/claudia.babare,,"San Telmo","Ciudad Autónoma de Buenos Aires","Buenos Aires",Argentina,1140233268,"Vale Piedra",https://www.facebook.com/Valepiedra,1
Luuli,Doti,luulidoti@facebook.com,"03 de Noviembre",https://www.facebook.com/LuuliDoti,,,"Ciudad Autónoma de Buenos Aires","Buenos Aires",Argentina,1406002589,"Pedro Lopezyfernandez",https://www.facebook.com/pedronahuel,1
Agustina,Garcia,agustina.garcia.9883@facebook.com,"03 de Noviembre",https://www.facebook.com/agustina.garcia.9883,,,"Ciudad Autónoma de Buenos Aires","Buenos Aires",Argentina,1709244116,"Anna Laura",https://www.facebook.com/Anna.Laucha,1
Bere,Zapiola,bere.zapiola@facebook.com,"03 de Noviembre",https://www.facebook.com/bere.zapiola,,"Villa Devoto","Ciudad Autónoma de Buenos Aires","Buenos Aires",Argentina,100000495214925,"Pamela Garrote",https://www.facebook.com/pamela.garrote,1
Silvio,Lopez,silvio.lopez.7583@facebook.com,"03 de Noviembre",https://www.facebook.com/silvio.lopez.7583,28,,"Ciudad Autónoma de Buenos Aires","Buenos Aires",Argentina,100002580118315,"Lo Lola",,1
Márton,Lajtaváry,marton.lajtavary@facebook.com,"03 de Noviembre",https://www.facebook.com/marton.lajtavary,,,"Ciudad Autónoma de Buenos Aires","Buenos Aires",Argentina,1209666506,"Maria Belén",,1
Facundo,Torres,facundo1562@facebook.com,"03 de Noviembre",https://www.facebook.com/FACUNDO1562,,,"Ciudad Autónoma de Buenos Aires","Buenos Aires",Argentina,100001425682145,"Agustina Pelle Müller",,1
Dieguito,"De River",dieguitoo.ortega@facebook.com,"04 de Noviembre",https://www.facebook.com/dieguitoo.ortega,,,"Ciudad Autónoma de Buenos Aires","Buenos Aires",Argentina,100000124292449,"Martin Diaz",,1
Fabian,Bogado,fabian.bogado.7@facebook.com,"04 de Noviembre",https://www.facebook.com/fabian.bogado.7,27,,"Ciudad Autónoma de Buenos Aires","Buenos Aires",Argentina,100001958647850,"Julian Pagana",,1
Juan,Lamas,juancholamas@facebook.com,"04 de Noviembre",https://www.facebook.com/juancholamas,29,,"Ciudad Autónoma de Buenos Aires","Buenos Aires",Argentina,1393687471,"Alan Volper",https://www.facebook.com/alan.volper,1
Maximiliano,Montalto,maximiliano.montalto@facebook.com,"04 de Noviembre",https://www.facebook.com/maximiliano.montalto,,,"Ciudad Autónoma de Buenos Aires","Buenos Aires",Argentina,100003272490791,"Sergio Acosta",,1
Nicko,Varela,nicko.varela@facebook.com,"04 de Noviembre",https://www.facebook.com/nicko.varela,,,"Ciudad Autónoma de Buenos Aires","Buenos Aires",Argentina,1168022744,"Jonathan Leonel",,1
Carolina,Belén,carolina.belen.921@facebook.com,"04 de Noviembre",https://www.facebook.com/carolina.belen.921,24,,"Ciudad Autónoma de Buenos Aires","Buenos Aires",Argentina,1653218563,"Agustina Pelle Müller",,1
Pancho,"Buenas Vibras",pancho.buenasvibras@facebook.com,"04 de Noviembre",https://www.facebook.com/pancho.buenasvibras,,,"Ciudad Autónoma de Buenos Aires","Buenos Aires",Argentina,100001040626015,"Flor De Santa",https://www.facebook.com/florencia.pacella,1
Ailen,Gonzalez,aaailug@facebook.com,"04 de Noviembre",https://www.facebook.com/aaailug,,,"Ciudad Autónoma de Buenos Aires","Buenos Aires",Argentina,1615364392,"Tomás Eis",,1
Patricio,Altieri,patricio.altieri@facebook.com,"04 de Noviembre",https://www.facebook.com/patricio.altieri,28,Barracas,"Ciudad Autónoma de Buenos Aires","Buenos Aires",Argentina,559373605,"Christian Douer Chuky",https://www.facebook.com/christian.chuky,1
Princess,Kapobel,kapobelp@facebook.com,"04 de Noviembre",https://www.facebook.com/KapobelP,,,"Ciudad Autónoma de Buenos Aires","Buenos Aires",Argentina,100002764974819,"Juan Antonio Papagni Meca",https://www.facebook.com/juanantoniopapagnimeca,1
Vicky,Goldfarb,vicky.goldfarb@facebook.com,"04 de Noviembre",https://www.facebook.com/vicky.goldfarb,24,,"Ciudad Autónoma de Buenos Aires","Buenos Aires",Argentina,100008002507087,"Vanesa Myrna Ojeda",,1
Fer,Rodriguez,ferchurp@facebook.com,"04 de Noviembre",https://www.facebook.com/ferchurp,,,"Ciudad Autónoma de Buenos Aires","Buenos Aires",Argentina,1418535279,"Ivan Lisz",,1
Coqui,Páez,emanuel.paez.50@facebook.com,"04 de Noviembre",https://www.facebook.com/emanuel.paez.50,,,"Ciudad Autónoma de Buenos Aires","Buenos Aires",Argentina,100002659775069,"Paula Otálvaro",https://www.facebook.com/paula.otalvaro,1
Nadia,Dm,ambardm@facebook.com,"04 de Noviembre",https://www.facebook.com/ambardm,,,"Ciudad Autónoma de Buenos Aires","Buenos Aires",Argentina,1411732460,"Christian Marconi",https://www.facebook.com/gmarconi.turismo,1
Tafi,Deggeller,tafi.deggeller@facebook.com,"04 de Noviembre",https://www.facebook.com/tafi.deggeller,,,"Ciudad Autónoma de Buenos Aires","Buenos Aires",Argentina,1217586131,"Juanma Ramirez",,1
Julian,Mullins,msn.dejuli@facebook.com,"04 de Noviembre",https://www.facebook.com/msn.dejuli,,,"Ciudad Autónoma de Buenos Aires","Buenos Aires",Argentina,1425730346,"Cristian Andres Romano",,1
Ornella,Calderone,ornella.calderone@facebook.com,"04 de Noviembre",https://www.facebook.com/ornella.calderone,,"Parque Patricios","Ciudad Autónoma de Buenos Aires","Buenos Aires",Argentina,1547252963,"Belu Alvarez",,1
Florencia,Acosta,florencia.acosta.92102@facebook.com,"04 de Noviembre",https://www.facebook.com/florencia.acosta.92102,,,"Ciudad Autónoma de Buenos Aires","Buenos Aires",Argentina,100000729262635,"Anna Laura",https://www.facebook.com/Anna.Laucha,1
Daniela,Grosso,pekeniittamunroo@facebook.com,"04 de Noviembre",https://www.facebook.com/PekeniittaMunroo,,,"Ciudad Autónoma de Buenos Aires","Buenos Aires",Argentina,100000205320084,"Sofu Maddonni",https://www.facebook.com/ssofiia,1
Mateo,"Peralta Ramos",mateo.peraltaramos.3@facebook.com,"04 de Noviembre",https://www.facebook.com/mateo.peraltaramos.3,,,"Ciudad Autónoma de Buenos Aires","Buenos Aires",Argentina,100001669946568,"Bren Gayol",,1
Flor,Castiglioni,castiglioni.florencia@facebook.com,"04 de Noviembre",https://www.facebook.com/Castiglioni.Florencia,23,,"Ciudad Autónoma de Buenos Aires","Buenos Aires",Argentina,100001338834496,"Maureen Burton",,1
Seba,Masero,sebastian.masero@facebook.com,"05 de Noviembre",https://www.facebook.com/sebastian.masero,,,"Ciudad Autónoma de Buenos Aires","Buenos Aires",Argentina,100001334776518,"Cristian Andres Romano",,1
Silvia,Campagna,silvia.l.campagna1@facebook.com,"05 de Noviembre",https://www.facebook.com/silvia.l.campagna1,,,"Ciudad Autónoma de Buenos Aires","Buenos Aires",Argentina,565306708,"Maru Bruni",,1
Flor,Parise,floru@facebook.com,"05 de Noviembre",https://www.facebook.com/floru,23,,"Ciudad Autónoma de Buenos Aires","Buenos Aires",Argentina,1245847963,"Flor De Santa",https://www.facebook.com/florencia.pacella,1
Joaquin,Gonzalez,joaquin89@facebook.com,"05 de Noviembre",https://www.facebook.com/Joaquin89,25,,"Ciudad Autónoma de Buenos Aires","Buenos Aires",Argentina,1189962419,"Sergio Acosta",,1
Juan,Lugrin,oso.lugrin@facebook.com,"05 de Noviembre",https://www.facebook.com/oso.lugrin,,,"Ciudad Autónoma de Buenos Aires","Buenos Aires",Argentina,1147592567,"Bian Tedesco",https://www.facebook.com/biaantedesco,1
Mariano,Paterno,mariano.paterno.5@facebook.com,"05 de Noviembre",https://www.facebook.com/mariano.paterno.5,24,,"Ciudad Autónoma de Buenos Aires","Buenos Aires",Argentina,100000305469967,"Marti Nevares",https://www.facebook.com/martii.nevares,1
Un,Chupetin,matias.nobre@facebook.com,"05 de Noviembre",https://www.facebook.com/Matias.Nobre,28,,"Ciudad Autónoma de Buenos Aires","Buenos Aires",Argentina,708028232,"Vanesa Macias",https://www.facebook.com/vanesa.macias1,1
Juan,Dagostino,frankito11@facebook.com,"05 de Noviembre",https://www.facebook.com/frankito11,24,,"Ciudad Autónoma de Buenos Aires","Buenos Aires",Argentina,100001612489741,"Matias Blas",https://www.facebook.com/Matias.Blas,1
Betiana,Miranda,betiana.miranda.33@facebook.com,"05 de Noviembre",https://www.facebook.com/betiana.miranda.33,24,,"Ciudad Autónoma de Buenos Aires","Buenos Aires",Argentina,100001292659559,"Fiestas Baires",,1
Abbraccio,"Cucina Caffé",abbraccio.cucinacaffe@facebook.com,"05 de Noviembre",https://www.facebook.com/abbraccio.cucinacaffe,,,"Ciudad Autónoma de Buenos Aires","Buenos Aires",Argentina,100001527106588,"Ro Cardoso",,1
Alf,Melmac,alf.melmac.5220@facebook.com,"05 de Noviembre",https://www.facebook.com/alf.melmac.5220,27,,"Ciudad Autónoma de Buenos Aires","Buenos Aires",Argentina,100001041204921,"Antonela Monachesi",https://www.facebook.com/anto.monachesi,1
Sebastian,Barceló,sebarcelo@facebook.com,"05 de Noviembre",https://www.facebook.com/sebarcelo,,,"Ciudad Autónoma de Buenos Aires","Buenos Aires",Argentina,561255830,"Mery Villar",https://www.facebook.com/mery.villar1,1
Paloma,Borgstrand,palu.borgstrand@facebook.com,"05 de Noviembre",https://www.facebook.com/palu.borgstrand,,,"Ciudad Autónoma de Buenos Aires","Buenos Aires",Argentina,1775271386,"Valentin Abelardo",https://www.facebook.com/valentin.abelardo,1
Ivan,Medina,ivaan.medina1@facebook.com,"05 de Noviembre",https://www.facebook.com/ivaan.medina1,23,,"Ciudad Autónoma de Buenos Aires","Buenos Aires",Argentina,1851835583,"Agustina Pelle Müller",,1
Christopher,Batista,christooh.paternal@facebook.com,"05 de Noviembre",https://www.facebook.com/Christooh.PaternaL,,,"Ciudad Autónoma de Buenos Aires","Buenos Aires",Argentina,1547620888,"Brian Cano",,1
Los,Maimareños,los.maimarenos@facebook.com,"05 de Noviembre",https://www.facebook.com/los.maimarenos,,,"Ciudad Autónoma de Buenos Aires","Buenos Aires",Argentina,100000552436173,"Romina Toller",,1
Desiree,"De Ridder",desiree.deridder@facebook.com,"05 de Noviembre",https://www.facebook.com/desiree.deridder,,,"Ciudad Autónoma de Buenos Aires","Buenos Aires",Argentina,602771262,"Ariel Villarreal",,1
Guada,Ferrario,guada.ferrario.3@facebook.com,"05 de Noviembre",https://www.facebook.com/guada.ferrario.3,,,"Ciudad Autónoma de Buenos Aires","Buenos Aires",Argentina,100001816930251,"Joaquin Barraco",https://www.facebook.com/chino.barraco,1
Julieta,Rodriguez,julieta.rodriguez.73113@facebook.com,"05 de Noviembre",https://www.facebook.com/julieta.rodriguez.73113,28,,"Ciudad Autónoma de Buenos Aires","Buenos Aires",Argentina,100001339232447,"Alejandro Cocktila Acosta",https://www.facebook.com/alejandro.acosta,1
Diego,Facundo,diego.facundo.14@facebook.com,"05 de Noviembre",https://www.facebook.com/diego.facundo.14,,,"Ciudad Autónoma de Buenos Aires","Buenos Aires",Argentina,100001221578486,"Débora Piccirilli",https://www.facebook.com/debora.piccirilli1,1
Agusstina,Galaschi,agusstina.galaschi@facebook.com,"05 de Noviembre",https://www.facebook.com/agusstina.galaschi,,,"Ciudad Autónoma de Buenos Aires","Buenos Aires",Argentina,1179757837,"Flor Vischi Cortés",https://www.facebook.com/flor.vischi,1
Sebastian,Balaguer,sebastian.balaguer1@facebook.com,"05 de Noviembre",https://www.facebook.com/sebastian.balaguer1,27,,"Ciudad Autónoma de Buenos Aires","Buenos Aires",Argentina,100000078491230,"Tomas Zocca",https://www.facebook.com/tomyzocca,1
Saul,Galvan,saul.galvan.543@facebook.com,"05 de Noviembre",https://www.facebook.com/saul.galvan.543,,,"Ciudad Autónoma de Buenos Aires","Buenos Aires",Argentina,100000352844930,"Malvi Ovando",https://www.facebook.com/malvi.ovando,1
Muchapo,Waveteens,muchapo.waveteens@facebook.com,"30 de Octubre",https://www.facebook.com/muchapo.waveteens,26,,"Ciudad Autónoma de Buenos Aires","Buenos Aires",Argentina,100001732903691,"Martin Olmedo",,1
Nata,Preziosi,spadepelo@facebook.com,"30 de Octubre",https://www.facebook.com/spadepelo,27,,"Ciudad Autónoma de Buenos Aires","Buenos Aires",Argentina,100003897599198,"Jessica Bellomo",https://www.facebook.com/JessBellomo,1
Claudio,Gonzalez,claudio.gonzalez.161@facebook.com,"30 de Octubre",https://www.facebook.com/claudio.gonzalez.161,,,"Ciudad Autónoma de Buenos Aires","Buenos Aires",Argentina,100002066847054,"Irma Mercedes Palma",,1
Silvana,Sosa,silvanasosa.h@facebook.com,"30 de Octubre",https://www.facebook.com/silvanasosa.h,,,"Ciudad Autónoma de Buenos Aires","Buenos Aires",Argentina,100002451173491,"Jimena Zaccardi",https://www.facebook.com/Jimediab,1
Cristián,Walker,walkercristians@facebook.com,"30 de Octubre",https://www.facebook.com/walkercristians,,,"Ciudad Autónoma de Buenos Aires","Buenos Aires",Argentina,672053595,"Mechi Abud",https://www.facebook.com/mechi.abud,1
Griselda,"Romero Arancibia",griselda.romeroarancibia@facebook.com,"30 de Octubre",https://www.facebook.com/griselda.romeroarancibia,29,,"Ciudad Autónoma de Buenos Aires","Buenos Aires",Argentina,1132323595,"Christian Douer Chuky",https://www.facebook.com/christian.chuky,1
"Juliana Make Up",Quintana,julianamakeup.quintana@facebook.com,"30 de Octubre",https://www.facebook.com/julianamakeup.quintana,,,"Ciudad Autónoma de Buenos Aires","Buenos Aires",Argentina,100001754894869,"Marina Giordano",,1
China,Paz,marisol.paz.969@facebook.com,"30 de Octubre",https://www.facebook.com/marisol.paz.969,,,"Ciudad Autónoma de Buenos Aires","Buenos Aires",Argentina,1331513299,"Tatiana Petroccelli",https://www.facebook.com/tanshanita,1
"Las Tardes","de Maryanne",lastardesdemaryann@facebook.com,"30 de Octubre",https://www.facebook.com/lastardesdemaryann,,,"Ciudad Autónoma de Buenos Aires","Buenos Aires",Argentina,100001893187491,"Malvi Ovando",https://www.facebook.com/malvi.ovando,1
Caro,Rivollier,caro.rivollier@facebook.com,"30 de Octubre",https://www.facebook.com/caro.rivollier,23,,"Ciudad Autónoma de Buenos Aires","Buenos Aires",Argentina,1061810994,"Geru Sznek",https://www.facebook.com/gsznek,1
Sofia,Capalbo,sofia.capalbo@facebook.com,"30 de Octubre",https://www.facebook.com/sofia.capalbo,,,"Ciudad Autónoma de Buenos Aires","Buenos Aires",Argentina,1191035490,"Aylu Macchi",,1
Sophia,Livesey,sophia.livesey@facebook.com,"30 de Octubre",https://www.facebook.com/sophia.livesey,25,,"Ciudad Autónoma de Buenos Aires","Buenos Aires",Argentina,561426742,"Natalia Neme",https://www.facebook.com/nataliagneme,1
July,Garcia,juulygarcia@facebook.com,"30 de Octubre",https://www.facebook.com/juulygarcia,,,"Ciudad Autónoma de Buenos Aires","Buenos Aires",Argentina,100000707536933,"Gianfranco Ferrati",,1
Sofia,Zavaleta,sofiz123@facebook.com,"30 de Octubre",https://www.facebook.com/sofiz123,23,,"Ciudad Autónoma de Buenos Aires","Buenos Aires",Argentina,629319474,"Antoine Cornudet",,1
Vann,Thompson,vann.thompson@facebook.com,"30 de Octubre",https://www.facebook.com/vann.thompson,,,"Ciudad Autónoma de Buenos Aires","Buenos Aires",Argentina,100000472179113,"Bë Döbiencita",https://www.facebook.com/be.dobiencita,1
MP,González,gonzalez.mariapaz@facebook.com,"30 de Octubre",https://www.facebook.com/gonzalez.mariapaz,,,"Ciudad Autónoma de Buenos Aires","Buenos Aires",Argentina,581959693,"Valentino Fabre",https://www.facebook.com/valenfabre,1
Romii,Urzagasti,romii.urzagasti@facebook.com,"30 de Octubre",https://www.facebook.com/romii.urzagasti,,,"Ciudad Autónoma de Buenos Aires","Buenos Aires",Argentina,100000977167950,"Pedro Lopezyfernandez",https://www.facebook.com/pedronahuel,1
