Nombre,Apellido,"Email Facebook",Cumpleaños,"Usuario Facebook",Edad,Barrio,Ciudad,Provincia,Pais,"ID Facebook","Amigo De","Amigo De (Usuario)",rebound
Fede,Chin,fededouglas10@facebook.com,"16 de Octubre",https://www.facebook.com/FedeDouglas10,,,"Ciudad Autónoma de Buenos Aires","Buenos Aires",Argentina,1620446641,"Yasu Higa",,
Federico,Grajirena,federico.grajirena@facebook.com,"16 de Octubre",https://www.facebook.com/federico.grajirena,25,,"Ciudad Autónoma de Buenos Aires","Buenos Aires",Argentina,1110728435,"Victoria Casado",,
"Martha Noemi Anido",Anido,marthanoemianido.anido@facebook.com,"16 de Octubre",https://www.facebook.com/marthanoemianido.anido,,,"Ciudad Autónoma de Buenos Aires","Buenos Aires",Argentina,1218567683,"Veronica Olery",https://www.facebook.com/Vero.OLery,
Oliva,Ilustre,oliva.ilustre.5@facebook.com,"16 de Octubre",https://www.facebook.com/oliva.ilustre.5,,,"Ciudad Autónoma de Buenos Aires","Buenos Aires",Argentina,100000601183306,"Vero Milione",https://www.facebook.com/vero.milione,
Móni,Muñoz,moni.munoz.902@facebook.com,"16 de Octubre",https://www.facebook.com/moni.munoz.902,,,"Ciudad Autónoma de Buenos Aires","Buenos Aires",Argentina,1344109200,"Vanina Fernanda Mendez",,
Juan,Gaona,juan.p.gaona.1@facebook.com,"16 de Octubre",https://www.facebook.com/juan.p.gaona.1,27,,"Ciudad Autónoma de Buenos Aires","Buenos Aires",Argentina,593685232,"Vanesa Marinich",https://www.facebook.com/vanesa.marinich,
Publié,Argentina,publiearg@facebook.com,"16 de Octubre",https://www.facebook.com/publiearg,24,,"Ciudad Autónoma de Buenos Aires","Buenos Aires",Argentina,1708548363,"Vanesa Marinich",https://www.facebook.com/vanesa.marinich,
Chalecus,Carlos,chalecus@facebook.com,"16 de Octubre",https://www.facebook.com/chalecus,,,"Ciudad Autónoma de Buenos Aires","Buenos Aires",Argentina,1110991679,"Vanesa Macias",https://www.facebook.com/vanesa.macias1,
"Unico Bar",Palermo,unicobar.palermo@facebook.com,"16 de Octubre",https://www.facebook.com/unicobar.palermo,,,"Ciudad Autónoma de Buenos Aires","Buenos Aires",Argentina,100000235842257,"Vanesa Macias",https://www.facebook.com/vanesa.macias1,
Lu,Gagliardi,lu.gagliardi.1@facebook.com,"16 de Octubre",https://www.facebook.com/lu.gagliardi.1,25,,"Ciudad Autónoma de Buenos Aires","Buenos Aires",Argentina,100000310369871,"Vanesa Macias",https://www.facebook.com/vanesa.macias1,
Megan,Dabove,megdabove@facebook.com,"16 de Octubre",https://www.facebook.com/megdabove,24,,"Ciudad Autónoma de Buenos Aires","Buenos Aires",Argentina,560204054,"Valentino Fabre",https://www.facebook.com/valenfabre,
Felipe,Tito,felipe.tito.9@facebook.com,"16 de Octubre",https://www.facebook.com/felipe.tito.9,24,,"Ciudad Autónoma de Buenos Aires","Buenos Aires",Argentina,512887950,"Valentino Fabre",https://www.facebook.com/valenfabre,
Javier,"Flores Leyes",javier.floresleyes@facebook.com,"16 de Octubre",https://www.facebook.com/javier.floresleyes,,,"Ciudad Autónoma de Buenos Aires","Buenos Aires",Argentina,1843300854,"Valentin Abelardo",https://www.facebook.com/valentin.abelardo,
Solciito,Acosta,mariel.s.acosta@facebook.com,"16 de Octubre",https://www.facebook.com/mariel.s.acosta,,,"Ciudad Autónoma de Buenos Aires","Buenos Aires",Argentina,1084839728,"Vale Piedra",https://www.facebook.com/Valepiedra,
Leon,Lpda,reynaamia@facebook.com,"16 de Octubre",https://www.facebook.com/Reynaamia,25,,"Ciudad Autónoma de Buenos Aires","Buenos Aires",Argentina,100002248321098,"Tatiana Petroccelli",https://www.facebook.com/tanshanita,
Leonel,Pecchiar,leopecchiar@facebook.com,"16 de Octubre",https://www.facebook.com/leopecchiar,,,"Ciudad Autónoma de Buenos Aires","Buenos Aires",Argentina,789660709,"Tatiana Petroccelli",https://www.facebook.com/tanshanita,
Daiana,Ledesma,daiana.ledesma@facebook.com,"16 de Octubre",https://www.facebook.com/daiana.ledesma,26,,"Ciudad Autónoma de Buenos Aires","Buenos Aires",Argentina,1143553091,"Solari Elenn",https://www.facebook.com/elenn.solari,
Afonso,Monteiro,afonso.monteiro.silva@facebook.com,"16 de Octubre",https://www.facebook.com/afonso.monteiro.silva,,,"Ciudad Autónoma de Buenos Aires","Buenos Aires",Argentina,1600474007,"Silvia Grun",,
Iluminadas,Tres,@facebook.com,"16 de Octubre",https://www.facebook.com/profile.php?id=100001296951302,,,"Ciudad Autónoma de Buenos Aires","Buenos Aires",Argentina,100001296951302,"Silvia Grun",,
"Ballet Contemporáneo","Teatro San Martín",balletcontemporaneo.teatrosanmartin@facebook.com,"16 de Octubre",https://www.facebook.com/balletcontemporaneo.teatrosanmartin,,,"Ciudad Autónoma de Buenos Aires","Buenos Aires",Argentina,100001306584924,"Silvia Grun",,
Corina,Escames,@facebook.com,"16 de Octubre",https://www.facebook.com/profile.php?id=678559543,,,"Ciudad Autónoma de Buenos Aires","Buenos Aires",Argentina,678559543,"Silvia Fernandez",https://www.facebook.com/silviafernandezchivi,
Roco,Castro,rodrigo.castro.3304673@facebook.com,"16 de Octubre",https://www.facebook.com/rodrigo.castro.3304673,25,,"Ciudad Autónoma de Buenos Aires","Buenos Aires",Argentina,795529095,"Romina Toller",,
Luciana,Ventura,luciana.ventura.735@facebook.com,"16 de Octubre",https://www.facebook.com/luciana.ventura.735,,,"Ciudad Autónoma de Buenos Aires","Buenos Aires",Argentina,712008509,"Romi Flores",,
Juan,Noguera,nog.juan@facebook.com,"16 de Octubre",https://www.facebook.com/nog.juan,27,,"Ciudad Autónoma de Buenos Aires","Buenos Aires",Argentina,723641524,"Rochi Christensen",https://www.facebook.com/rochi.christensen,
Ignacio,"Diaz Oromi",ignacio.diazoromi@facebook.com,"16 de Octubre",https://www.facebook.com/ignacio.diazoromi,,,"Ciudad Autónoma de Buenos Aires","Buenos Aires",Argentina,100000228610947,"Rochi Christensen",https://www.facebook.com/rochi.christensen,
Delfi,Pereyra,delfi.pereyra.7@facebook.com,"16 de Octubre",https://www.facebook.com/delfi.pereyra.7,24,,"Ciudad Autónoma de Buenos Aires","Buenos Aires",Argentina,738867291,"Rochi Christensen",https://www.facebook.com/rochi.christensen,
"Delfi Pereyra","Make Up",djmakeup@facebook.com,"16 de Octubre",https://www.facebook.com/djmakeup,24,,"Ciudad Autónoma de Buenos Aires","Buenos Aires",Argentina,100002215844218,"Rochi Christensen",https://www.facebook.com/rochi.christensen,
Alexia,Minca,alexia.minca@facebook.com,"16 de Octubre",https://www.facebook.com/alexia.minca,27,"Villa Devoto","Ciudad Autónoma de Buenos Aires","Buenos Aires",Argentina,587011029,"Ramiro Prieto",,
Lucas,Freddi,lucas.freddi.1@facebook.com,"16 de Octubre",https://www.facebook.com/lucas.freddi.1,,,"Ciudad Autónoma de Buenos Aires","Buenos Aires",Argentina,1149827718,"Pia Bocchino",https://www.facebook.com/pia.bocchino,
Main,Stuff,mstuff.palermo@facebook.com,"16 de Octubre",https://www.facebook.com/mstuff.palermo,24,"Buenos Aires","Buenos Aires","Buenos Aires",Argentina,100004336471331,"Peter GC",0,
Yamil,Lombardi,yamil.lombardi.3@facebook.com,"16 de Octubre",https://www.facebook.com/yamil.lombardi.3,,,"Ciudad Autónoma de Buenos Aires","Buenos Aires",Argentina,582993296,"Paula Medina",,
Tomas,Guinea,tomiguinea@facebook.com,"16 de Octubre",https://www.facebook.com/tomiguinea,27,"Buenos Aires","Buenos Aires","Buenos Aires",Argentina,1538278433,"Patrick Fernando Kushner L",0,
Flower,Dress,flower.dress1@facebook.com,"16 de Octubre",https://www.facebook.com/flower.dress1,,,"Ciudad Autónoma de Buenos Aires","Buenos Aires",Argentina,100001514656285,"Ornela G Cirigliano",https://www.facebook.com/floweringashtree,
Emiliano,Santacruz,emiliano.santacruz.3@facebook.com,"16 de Octubre",https://www.facebook.com/emiliano.santacruz.3,,,"Ciudad Autónoma de Buenos Aires","Buenos Aires",Argentina,722454644,"Noe Guillén",https://www.facebook.com/noeguillen20,
Barbara,Casas,barbara.aubert.casas@facebook.com,"16 de Octubre",https://www.facebook.com/barbara.aubert.casas,,,"Ciudad Autónoma de Buenos Aires","Buenos Aires",Argentina,624210235,"Nicolas Brea",https://www.facebook.com/Nicolas.Brea,
Dalma,Martinez,daalmii@facebook.com,"16 de Octubre",https://www.facebook.com/Daalmii,21,"Villa Luro","Ciudad Autónoma de Buenos Aires","Buenos Aires",Argentina,1266530721,"Nicolás Marano",https://www.facebook.com/nicolasmarano10,
Federico,"Di Muro",fede.dimuro@facebook.com,"16 de Octubre",https://www.facebook.com/fede.dimuro,21,"Villa Luro","Ciudad Autónoma de Buenos Aires","Buenos Aires",Argentina,1483996226,"Nicolás Marano",https://www.facebook.com/nicolasmarano10,
Claudio,Bacchella,claudio.lpz@facebook.com,"16 de Octubre",https://www.facebook.com/Claudio.lpz,,,"Ciudad Autónoma de Buenos Aires","Buenos Aires",Argentina,1498131544,"Nataly Cuerva",https://www.facebook.com/nataliagtrujillo,
"Todo Por","V Soldati",todopor.marcospaz@facebook.com,"16 de Octubre",https://www.facebook.com/todopor.marcospaz,,"Villa Soldati","Ciudad Autónoma de Buenos Aires","Buenos Aires",Argentina,100002766894670,"Natalia Tarelli",,
Iara,Ferreyra,iara.ferreyra@facebook.com,"16 de Octubre",https://www.facebook.com/iara.ferreyra,,,"Ciudad Autónoma de Buenos Aires","Buenos Aires",Argentina,1232536521,"Natalia Magariello",https://www.facebook.com/natalia.magariello,
Mariela,Manzo,marielamanzo8@facebook.com,"16 de Octubre",https://www.facebook.com/marielamanzo8,,,"Ciudad Autónoma de Buenos Aires","Buenos Aires",Argentina,1177970561,"Nannuja Nadia Delfini",https://www.facebook.com/nadiaximenadelfi,
Carolina,Ortiz,chaaroortiz@facebook.com,"16 de Octubre",https://www.facebook.com/ChaaroOrtiz,,"Villa Crespo","Ciudad Autónoma de Buenos Aires","Buenos Aires",Argentina,1307777442,"Nahu Millicay Pereyra",https://www.facebook.com/nahumilli,
Macarena,Flores,macarena.floress@facebook.com,"16 de Octubre",https://www.facebook.com/macarena.floress,22,"Villa Luro","Ciudad Autónoma de Buenos Aires","Buenos Aires",Argentina,1221822666,"Miranda Toderi",https://www.facebook.com/miranda.toderi,
"Galeria Lordi","Arte Contemporaneo",galerialordi.artecontemporaneo@facebook.com,"16 de Octubre",https://www.facebook.com/galerialordi.artecontemporaneo,,,"Ciudad Autónoma de Buenos Aires","Buenos Aires",Argentina,100000192773534,"Miqui Berriòs",https://www.facebook.com/miqui.berrios,
Artists',"Atelier Tour",artists.ateliertour@facebook.com,"16 de Octubre",https://www.facebook.com/artists.ateliertour,,,"Ciudad Autónoma de Buenos Aires","Buenos Aires",Argentina,100000239160529,"Miqui Berriòs",https://www.facebook.com/miqui.berrios,
Nacha,Pollicelli,ochinacha@facebook.com,"16 de Octubre",https://www.facebook.com/ochinacha,,,"Ciudad Autónoma de Buenos Aires","Buenos Aires",Argentina,1018148031,"Michelle Fingeret",https://www.facebook.com/michelle.fingeret,
Sebastian,Vacas,sebavacas@facebook.com,"16 de Octubre",https://www.facebook.com/Sebavacas,26,,"Ciudad Autónoma de Buenos Aires","Buenos Aires",Argentina,650872773,"Michelle Fingeret",https://www.facebook.com/michelle.fingeret,
Jimena,"del Rio",jimena.delrio@facebook.com,"16 de Octubre",https://www.facebook.com/jimena.delrio,22,,"Ciudad Autónoma de Buenos Aires","Buenos Aires",Argentina,1095636010,"Micaa Villa",https://www.facebook.com/MicaaElaVilla,
Ro,Galeota,ro.galeota@facebook.com,"16 de Octubre",https://www.facebook.com/ro.galeota,27,"Buenos Aires","Buenos Aires","Buenos Aires",Argentina,1135157219,"Mechi Alvarez Estrada",0,
Matias,Loianno,matias.loianno@facebook.com,"16 de Octubre",https://www.facebook.com/matias.loianno,,,"Ciudad Autónoma de Buenos Aires","Buenos Aires",Argentina,608881972,"Mauro Napole",https://www.facebook.com/maurinapole,
Rcpl,"Desarrollos Inmobiliarios",deliverymediolimon@facebook.com,"16 de Octubre",https://www.facebook.com/deliverymediolimon,22,"Barrio Norte","Ciudad Autónoma de Buenos Aires","Buenos Aires",Argentina,100005115301766,"Mauro Napole",https://www.facebook.com/maurinapole,
Matias,Peralta,matias.peralta.31337@facebook.com,"16 de Octubre",https://www.facebook.com/matias.peralta.31337,22,,"Ciudad Autónoma de Buenos Aires","Buenos Aires",Argentina,100004524972664,"Matias Duarte",,
Esteban,Maurer,tebimaurer@facebook.com,"16 de Octubre",https://www.facebook.com/tebimaurer,,,"Ciudad Autónoma de Buenos Aires","Buenos Aires",Argentina,1364479758,"Matias Daniel Pascual",,
Marina,Hurst,marina.c.hurst@facebook.com,"16 de Octubre",https://www.facebook.com/marina.c.hurst,24,,"Ciudad Autónoma de Buenos Aires","Buenos Aires",Argentina,1020909364,"Martin Gonzalez",,
Fernanda,Unco,@facebook.com,"16 de Octubre",https://www.facebook.com/profile.php?id=100004813848048,27,,"Ciudad Autónoma de Buenos Aires","Buenos Aires",Argentina,100004813848048,"Martin Eduardo Unco",,
Carolina,Guerra,carguerra@facebook.com,"16 de Octubre",https://www.facebook.com/carguerra,21,,"Ciudad Autónoma de Buenos Aires","Buenos Aires",Argentina,1554977266,"Marti Nevares",https://www.facebook.com/martii.nevares,
Maria,Hoorn,virginia.hoorn@facebook.com,"16 de Octubre",https://www.facebook.com/virginia.hoorn,24,,"Ciudad Autónoma de Buenos Aires","Buenos Aires",Argentina,1179159612,"Martín Álvarez BA I",https://www.facebook.com/Woody.Blair,
"Mafalda Catzilla",Diorio,mafaldacatzilla.diorio@facebook.com,"16 de Octubre",https://www.facebook.com/mafaldacatzilla.diorio,23,,"Ciudad Autónoma de Buenos Aires","Buenos Aires",Argentina,100000605174345,"Martín Álvarez BA I",https://www.facebook.com/Woody.Blair,
Flopy,Duarte,flopy.duarte.9@facebook.com,"16 de Octubre",https://www.facebook.com/flopy.duarte.9,,,"Ciudad Autónoma de Buenos Aires","Buenos Aires",Argentina,100006337632842,"Martín Álvarez BA I",https://www.facebook.com/Woody.Blair,
Jorge,Sabán,valderf@facebook.com,"16 de Octubre",https://www.facebook.com/Valderf,,Barracas,"Ciudad Autónoma de Buenos Aires","Buenos Aires",Argentina,1148268087,"Mariela Puricelli",https://www.facebook.com/mariela.puricelli,
Claudia,Alonso,claudia.alonso.395@facebook.com,"16 de Octubre",https://www.facebook.com/claudia.alonso.395,,,"Ciudad Autónoma de Buenos Aires","Buenos Aires",Argentina,1160990886,"Maria Pia Perez Brea",,
Carlos,Mistó,carlosalbertomisto2014@facebook.com,"16 de Octubre",https://www.facebook.com/CARLOSALBERTOMISTO2014,24,,"Ciudad Autónoma de Buenos Aires","Buenos Aires",Argentina,100007171057858,"Maria Paula Toyos",,
Juani,Barrientos,juani.barrientos.98@facebook.com,"16 de Octubre",https://www.facebook.com/juani.barrientos.98,24,,"Ciudad Autónoma de Buenos Aires","Buenos Aires",Argentina,1206828471,"Maria Lucila Quarleri",https://www.facebook.com/maria.quarleri,
Alex,Morello,alex.morello.77@facebook.com,"16 de Octubre",https://www.facebook.com/alex.morello.77,,,"Ciudad Autónoma de Buenos Aires","Buenos Aires",Argentina,771392067,"Maria Laura Pendás",https://www.facebook.com/marialaura.pendas,
Mirtuchi,Raj,mirta.rajco@facebook.com,"16 de Octubre",https://www.facebook.com/mirta.rajco,,,"Ciudad Autónoma de Buenos Aires","Buenos Aires",Argentina,100004422879915,"Maria Garcia Neglia",https://www.facebook.com/maria.garcianeglia,
Long,Nu,longnutribalbellydance@facebook.com,"16 de Octubre",https://www.facebook.com/LongNuTribalBellydance,,,"Ciudad Autónoma de Buenos Aires","Buenos Aires",Argentina,100002710041552,"Maria DEL Mar",,
Soni,Fischer,soni.fischer@facebook.com,"16 de Octubre",https://www.facebook.com/soni.fischer,,,"Ciudad Autónoma de Buenos Aires","Buenos Aires",Argentina,1278041567,"Maria Belén",,
Juani,Madeo,juani.madeo@facebook.com,"16 de Octubre",https://www.facebook.com/juani.madeo,22,,"Ciudad Autónoma de Buenos Aires","Buenos Aires",Argentina,654795887,"Marcelo Braun Menendez",,
Gabriela,Mosto,gabriela.mosto.1@facebook.com,"16 de Octubre",https://www.facebook.com/gabriela.mosto.1,,,"Ciudad Autónoma de Buenos Aires","Buenos Aires",Argentina,669849541,"María Paz Short",https://www.facebook.com/paz.short,
Pia,Zanetti,pia.zanetti@facebook.com,"16 de Octubre",https://www.facebook.com/pia.zanetti,,,"Ciudad Autónoma de Buenos Aires","Buenos Aires",Argentina,1428730369,"Manuela Villa",,
Pinchi,"Gonzalez Amorosino",pinchi.gonzalezamorosino@facebook.com,"16 de Octubre",https://www.facebook.com/pinchi.gonzalezamorosino,,,"Ciudad Autónoma de Buenos Aires","Buenos Aires",Argentina,100003241819131,"Manu Dadaglio",,
Braian,Boujon,bboujon@facebook.com,"16 de Octubre",https://www.facebook.com/bboujon,24,,"Ciudad Autónoma de Buenos Aires","Buenos Aires",Argentina,1320814035,"Malen Hendler",https://www.facebook.com/malen.hendler,
Bibiana,"Grossi Gallegos",bibiana.grossigallegos@facebook.com,"16 de Octubre",https://www.facebook.com/bibiana.grossigallegos,,,"Ciudad Autónoma de Buenos Aires","Buenos Aires",Argentina,100000736863585,"Majo López Tavani",https://www.facebook.com/lasplumas,
Cecilia,Bieri,cecilia.bieri@facebook.com,"16 de Octubre",https://www.facebook.com/cecilia.bieri,22,,"Ciudad Autónoma de Buenos Aires","Buenos Aires",Argentina,1014757624,"Maanu C. Rebori",https://www.facebook.com/maanu,
German,Sabe,gersabe@facebook.com,"16 de Octubre",https://www.facebook.com/gersabe,26,,"Ciudad Autónoma de Buenos Aires","Buenos Aires",Argentina,579205713,"M Agustina Ciarla Quintana",https://www.facebook.com/magustina.quintana,
Guada,"García Corigliano",guadalupe.gc@facebook.com,"16 de Octubre",https://www.facebook.com/guadalupe.gc,22,,"Ciudad Autónoma de Buenos Aires","Buenos Aires",Argentina,1062594533,"Lucia Marti",https://www.facebook.com/luli.marti,
Agnoli,Agus,agusagnoli@facebook.com,"16 de Octubre",https://www.facebook.com/agusagnoli,24,,"Ciudad Autónoma de Buenos Aires","Buenos Aires",Argentina,1176404941,"Lucia Marti",https://www.facebook.com/luli.marti,
Coni,"Rodriguez Vater",coni.rodriguezvater@facebook.com,"16 de Octubre",https://www.facebook.com/coni.rodriguezvater,24,,"Ciudad Autónoma de Buenos Aires","Buenos Aires",Argentina,651121662,"Lucia Marti",https://www.facebook.com/luli.marti,
Manuel,Noguera,manuel.noguera.14@facebook.com,"16 de Octubre",https://www.facebook.com/manuel.noguera.14,27,,"Ciudad Autónoma de Buenos Aires","Buenos Aires",Argentina,552125701,"Lucas Malaret",https://www.facebook.com/lmalaret,
Magdalena,Reichart,magdalena.reichart@facebook.com,"16 de Octubre",https://www.facebook.com/magdalena.reichart,27,,"Ciudad Autónoma de Buenos Aires","Buenos Aires",Argentina,606499051,"Lucas Malaret",https://www.facebook.com/lmalaret,
Blanca,"Perez Torres",blanca.pereztorres@facebook.com,"16 de Octubre",https://www.facebook.com/blanca.pereztorres,,,"Ciudad Autónoma de Buenos Aires","Buenos Aires",Argentina,1160514870,"Li-ly Rojas",https://www.facebook.com/serena1968,
Anahi,Bracho,anahi.bracho@facebook.com,"16 de Octubre",https://www.facebook.com/anahi.bracho,,,"Ciudad Autónoma de Buenos Aires","Buenos Aires",Argentina,100000925698363,"Leonel Russo",https://www.facebook.com/leonel.russo,
Mónica,Sabogal,moniriveros@facebook.com,"16 de Octubre",https://www.facebook.com/moniriveros,27,,"Ciudad Autónoma de Buenos Aires","Buenos Aires",Argentina,634150650,"Leonel Russo",https://www.facebook.com/leonel.russo,
Ramiro,Cova,ramiro.cova1@facebook.com,"16 de Octubre",https://www.facebook.com/ramiro.cova1,,,"Ciudad Autónoma de Buenos Aires","Buenos Aires",Argentina,100001456404958,"Laly Sereda",https://www.facebook.com/lalisereda,
Gabriel,Kravetz,gabriel.kravetz.52@facebook.com,"16 de Octubre",https://www.facebook.com/gabriel.kravetz.52,,,"Ciudad Autónoma de Buenos Aires","Buenos Aires",Argentina,100001465241972,"Laly Sereda",https://www.facebook.com/lalisereda,
Sofi,Bruschini,sofi.bruschini@facebook.com,"16 de Octubre",https://www.facebook.com/sofi.bruschini,22,,"Ciudad Autónoma de Buenos Aires","Buenos Aires",Argentina,1090141742,"Julio Roberto Cuevas",https://www.facebook.com/julioroberto.cuevas,
Guillermo,Sosa,guillermo.sosa.545@facebook.com,"16 de Octubre",https://www.facebook.com/guillermo.sosa.545,,,"Ciudad Autónoma de Buenos Aires","Buenos Aires",Argentina,100002927619348,"Julieta Belen",,
Gym,"New Stadium",gym.newstadium@facebook.com,"16 de Octubre",https://www.facebook.com/gym.newstadium,27,,"Ciudad Autónoma de Buenos Aires","Buenos Aires",Argentina,100001309891621,"Julieta Abreu Frank",https://www.facebook.com/julieta.abreufrank,
Luli,Deschamps,luli.deschamps@facebook.com,"16 de Octubre",https://www.facebook.com/luli.deschamps,,,"Ciudad Autónoma de Buenos Aires","Buenos Aires",Argentina,100000275244249,"Julian Pagana",,
Nacho,Avalos,nacho.ava@facebook.com,"16 de Octubre",https://www.facebook.com/nacho.ava,,,"Ciudad Autónoma de Buenos Aires","Buenos Aires",Argentina,512022445,"Juani Luciani",https://www.facebook.com/ayjuancito83,
Juli,Sabá,julisab@facebook.com,"16 de Octubre",https://www.facebook.com/julisab,,,"Ciudad Autónoma de Buenos Aires","Buenos Aires",Argentina,541018350,"Juani Luciani",https://www.facebook.com/ayjuancito83,
Stefy,Medina,bloodymeryoambivalente@facebook.com,"16 de Octubre",https://www.facebook.com/bloodymeryoambivalente,25,"Buenos Aires","Buenos Aires","Buenos Aires",Argentina,100003252650323,"Juan Pablo Aleman",0,
Alizée,Brimbeuf,alizee.brimbeuf@facebook.com,"16 de Octubre",https://www.facebook.com/alizee.brimbeuf,,"Buenos Aires","Buenos Aires","Buenos Aires",Argentina,661180138,"Juan Pablo Aleman",0,
Agustina,Somma,agus.somma@facebook.com,"16 de Octubre",https://www.facebook.com/agus.somma,23,,"Ciudad Autónoma de Buenos Aires","Buenos Aires",Argentina,775172785,"Juan Martin Segre",https://www.facebook.com/juan.segre,
Sajael,Chaile,sajael.chaile@facebook.com,"16 de Octubre",https://www.facebook.com/sajael.chaile,,,"Ciudad Autónoma de Buenos Aires","Buenos Aires",Argentina,100003540364920,"Juan Manuel Fotografo",https://www.facebook.com/JuanmaJMFotoEstudio,
Taller,Jenny,taller.jenny@facebook.com,"16 de Octubre",https://www.facebook.com/taller.jenny,24,,"Ciudad Autónoma de Buenos Aires","Buenos Aires",Argentina,100001702877120,"Juan Manuel Fotografo",https://www.facebook.com/JuanmaJMFotoEstudio,
Ayelen,Eventos,ayelen.eventos@facebook.com,"16 de Octubre",https://www.facebook.com/ayelen.eventos,24,,"Ciudad Autónoma de Buenos Aires","Buenos Aires",Argentina,100001704134985,"Juan Manuel Fotografo",https://www.facebook.com/JuanmaJMFotoEstudio,
Sofi,Fiori,sofi.fiori.9@facebook.com,"16 de Octubre",https://www.facebook.com/sofi.fiori.9,24,,"Ciudad Autónoma de Buenos Aires","Buenos Aires",Argentina,1430295928,"Juan Manuel Fotografo",https://www.facebook.com/JuanmaJMFotoEstudio,
Gonza,Poggi,gonza.poggi@facebook.com,"16 de Octubre",https://www.facebook.com/gonza.poggi,,,"Ciudad Autónoma de Buenos Aires","Buenos Aires",Argentina,559484788,"Juan Cruz Albornoz",,
Ariel,Franci-Lessing,ariel.francilessing@facebook.com,"16 de Octubre",https://www.facebook.com/ariel.francilessing,26,,"Ciudad Autónoma de Buenos Aires","Buenos Aires",Argentina,1459727907,"Juan Antonio Papagni Meca",https://www.facebook.com/juanantoniopapagnimeca,
Juampi,Vallone,juampi.vallone@facebook.com,"16 de Octubre",https://www.facebook.com/juampi.vallone,,,"Ciudad Autónoma de Buenos Aires","Buenos Aires",Argentina,532106866,"Jose Guevara",https://www.facebook.com/JoeGuevara81,
Fabio,Gr,fabio.gr.94@facebook.com,"16 de Octubre",https://www.facebook.com/fabio.gr.94,,,"Ciudad Autónoma de Buenos Aires","Buenos Aires",Argentina,602656928,"Jose Guevara",https://www.facebook.com/JoeGuevara81,
Nicolás,Martino,nicolas.martino.184@facebook.com,"16 de Octubre",https://www.facebook.com/nicolas.martino.184,24,,"Ciudad Autónoma de Buenos Aires","Buenos Aires",Argentina,100008133942343,"Jose Guevara",https://www.facebook.com/JoeGuevara81,
Tincho,Roggon,tincho.roggon@facebook.com,"16 de Octubre",https://www.facebook.com/tincho.roggon,,,"Ciudad Autónoma de Buenos Aires","Buenos Aires",Argentina,556026365,"Joni Aires",https://www.facebook.com/joniaires,
Chichi,Sanabria,chichi.sanabria@facebook.com,"16 de Octubre",https://www.facebook.com/chichi.sanabria,24,,"Ciudad Autónoma de Buenos Aires","Buenos Aires",Argentina,1089652122,"Jochuu Rodriguez Linck",https://www.facebook.com/jochuu.rodriguezlinck,
Richard,Ferri,richard.ferri90@facebook.com,"16 de Octubre",https://www.facebook.com/richard.ferri90,,,"Ciudad Autónoma de Buenos Aires","Buenos Aires",Argentina,1486542671,"Jobs Bar",https://www.facebook.com/jobsbar,
Maga,Lí,gimena.magali.5@facebook.com,"16 de Octubre",https://www.facebook.com/gimena.magali.5,,"Villa Devoto","Ciudad Autónoma de Buenos Aires","Buenos Aires",Argentina,1486573030,"Jobs Bar",https://www.facebook.com/jobsbar,
Franco,Ruiz,pino.cai@facebook.com,"16 de Octubre",https://www.facebook.com/pino.cai,23,,"Ciudad Autónoma de Buenos Aires","Buenos Aires",Argentina,1390735179,"Jobs Bar",https://www.facebook.com/jobsbar,
Nahuel,Peña,nahuelhernanp@facebook.com,"16 de Octubre",https://www.facebook.com/nahuelhernanp,,,"Ciudad Autónoma de Buenos Aires","Buenos Aires",Argentina,100000427282657,"Jobs Bar",https://www.facebook.com/jobsbar,
Pablo,Otero,pablo.otero.16@facebook.com,"16 de Octubre",https://www.facebook.com/pablo.otero.16,,,"Ciudad Autónoma de Buenos Aires","Buenos Aires",Argentina,1321423073,"Joaquin Perez Flenche",,
Delfi,"Garcia Seoane",delfinitagarcia@facebook.com,"16 de Octubre",https://www.facebook.com/delfinitagarcia,,,"Ciudad Autónoma de Buenos Aires","Buenos Aires",Argentina,1036082394,"Joaquin Barraco",https://www.facebook.com/chino.barraco,
Delivery,"de Carne",delivery.decarne@facebook.com,"16 de Octubre",https://www.facebook.com/delivery.decarne,,,"Ciudad Autónoma de Buenos Aires","Buenos Aires",Argentina,100001714772794,"Joaco Alvarez Amuchástegui",,
Ayelen,"D Angelo",ayelendangelo@facebook.com,"16 de Octubre",https://www.facebook.com/ayelendangelo,,,"Ciudad Autónoma de Buenos Aires","Buenos Aires",Argentina,1057706074,"Jessica Bellomo",https://www.facebook.com/JessBellomo,
Lourdes,Bianchi,lourdes.bianchi.1@facebook.com,"16 de Octubre",https://www.facebook.com/lourdes.bianchi.1,,,"Ciudad Autónoma de Buenos Aires","Buenos Aires",Argentina,1260560963,"Jessica Bellomo",https://www.facebook.com/JessBellomo,
"Laura Magali",Caruso,lauramagali.caruso@facebook.com,"16 de Octubre",https://www.facebook.com/lauramagali.caruso,22,,"Ciudad Autónoma de Buenos Aires","Buenos Aires",Argentina,1764957676,"Jessica Bellomo",https://www.facebook.com/JessBellomo,
Diego,Menthol,mentholstudio@facebook.com,"16 de Octubre",https://www.facebook.com/mentholstudio,,,"Ciudad Autónoma de Buenos Aires","Buenos Aires",Argentina,100001095030538,"Jessica Bellomo",https://www.facebook.com/JessBellomo,
Ayer,"Te VI",ayer.tevi.7@facebook.com,"16 de Octubre",https://www.facebook.com/ayer.tevi.7,26,,"Ciudad Autónoma de Buenos Aires","Buenos Aires",Argentina,100003063822751,"Jessica Bellomo",https://www.facebook.com/JessBellomo,
Profesor,"Fernando Lavalle",clasesba.lavalle@facebook.com,"16 de Octubre",https://www.facebook.com/clasesba.lavalle,,,"Ciudad Autónoma de Buenos Aires","Buenos Aires",Argentina,100001399882568,"Jero Salsamendi",https://www.facebook.com/jero.salsamendi,
Santiago,Quinteros,santiago.quinteros.3597@facebook.com,"16 de Octubre",https://www.facebook.com/santiago.quinteros.3597,27,,"Ciudad Autónoma de Buenos Aires","Buenos Aires",Argentina,674780700,"Jazmin Jurevich",https://www.facebook.com/Jaz.Jurevich,
Fernando,Paolucci,fernando.paolucci@facebook.com,"16 de Octubre",https://www.facebook.com/fernando.paolucci,26,,"Ciudad Autónoma de Buenos Aires","Buenos Aires",Argentina,1474015563,"Ignacio Lines Ceruti",https://www.facebook.com/ignacio.lines,
Gabriel,"Pérez Ticiak",gabriel.perez.ticiak@facebook.com,"16 de Octubre",https://www.facebook.com/Gabriel.Perez.Ticiak,,Olivos,Olivos,"Buenos Aires",Argentina,1102852866,"Gustavo Pietrafesa",,
Nicolás,Ferreira,niicooooooooooooo@facebook.com,"16 de Octubre",https://www.facebook.com/Niicooooooooooooo,,"Villa Devoto","Ciudad Autónoma de Buenos Aires","Buenos Aires",Argentina,724878669,"Guido Moncayo",https://www.facebook.com/guido.moncayo,
Damián,Domé,domedamian@facebook.com,"16 de Octubre",https://www.facebook.com/domedamian,,,"Ciudad Autónoma de Buenos Aires","Buenos Aires",Argentina,1030612172,"Guido Moncayo",https://www.facebook.com/guido.moncayo,
Braian,Cura,braian.cura@facebook.com,"16 de Octubre",https://www.facebook.com/braian.cura,26,,"Ciudad Autónoma de Buenos Aires","Buenos Aires",Argentina,1051688122,"Guido Blarasin",https://www.facebook.com/guido.blarasin,
Pedro,Suarez,pedro.m.suarez.18@facebook.com,"16 de Octubre",https://www.facebook.com/pedro.m.suarez.18,,,"Ciudad Autónoma de Buenos Aires","Buenos Aires",Argentina,782573628,"Gonzalo Bussetti",https://www.facebook.com/gonzalo.bussetti,
Mati,Borbo,matias.borbo@facebook.com,"16 de Octubre",https://www.facebook.com/matias.borbo,26,,"Ciudad Autónoma de Buenos Aires","Buenos Aires",Argentina,529155846,"Gonzalo Bussetti",https://www.facebook.com/gonzalo.bussetti,
Otro,Sonido,otrosonido@facebook.com,"16 de Octubre",https://www.facebook.com/otrosonido,26,,"Ciudad Autónoma de Buenos Aires","Buenos Aires",Argentina,100000106250401,"Gimena Yamila Yerden Giaquinto",https://www.facebook.com/Gimetrance,
Encuentros,Bebes-Mamas,encuentros.bebesmamas@facebook.com,"16 de Octubre",https://www.facebook.com/encuentros.bebesmamas,23,,"Ciudad Autónoma de Buenos Aires","Buenos Aires",Argentina,100002937096860,"Gimena Librio",https://www.facebook.com/gimelibrio,
Nadia,Medina,nadia.y.medina@facebook.com,"16 de Octubre",https://www.facebook.com/nadia.y.medina,23,"Villa Devoto","Ciudad Autónoma de Buenos Aires","Buenos Aires",Argentina,1344417753,"Giiu Minniti",https://www.facebook.com/giiu.minniti,
Daniela,Goldar,daniela.goldar.5@facebook.com,"16 de Octubre",https://www.facebook.com/daniela.goldar.5,23,"Villa Crespo","Ciudad Autónoma de Buenos Aires","Buenos Aires",Argentina,1158319358,"Giiu Minniti",https://www.facebook.com/giiu.minniti,
Virgi,Aldao,virgi.aldao@facebook.com,"16 de Octubre",https://www.facebook.com/virgi.aldao,23,"Buenos Aires","Buenos Aires","Buenos Aires",Argentina,602424526,"Gaston Vilalta",0,
Sociología,DelActor,soc.delactor@facebook.com,"16 de Octubre",https://www.facebook.com/soc.delactor,,,"Ciudad Autónoma de Buenos Aires","Buenos Aires",Argentina,100002305856773,"Gabriela Rosito",https://www.facebook.com/gabriela.rosito,
Carlos,Magno,carlos.magno.3511@facebook.com,"16 de Octubre",https://www.facebook.com/carlos.magno.3511,,"Villa Pueyrredón","Ciudad Autónoma de Buenos Aires","Buenos Aires",Argentina,100003397128194,"Franco Marcoccia",https://www.facebook.com/franco.marcoccia,
Melany,Schanz,melany.schanz@facebook.com,"16 de Octubre",https://www.facebook.com/melany.schanz,23,,"Ciudad Autónoma de Buenos Aires","Buenos Aires",Argentina,1050948460,"Fran L. Ocampo",https://www.facebook.com/franco,
GiseLa,Lucia,gisela.lucia.79@facebook.com,"16 de Octubre",https://www.facebook.com/gisela.lucia.79,,,"Ciudad Autónoma de Buenos Aires","Buenos Aires",Argentina,100002224707769,"Fran L. Ocampo",https://www.facebook.com/franco,
Gonzalo,"Otero Mendilazo",gonzalo.oteromendilazo@facebook.com,"16 de Octubre",https://www.facebook.com/gonzalo.oteromendilazo,26,,"Ciudad Autónoma de Buenos Aires","Buenos Aires",Argentina,1204128616,"Florencia Cortés",https://www.facebook.com/cortes.florencia,
"Juan Manuel",Uriarte,jm253@facebook.com,"16 de Octubre",https://www.facebook.com/jm253,25,,"Ciudad Autónoma de Buenos Aires","Buenos Aires",Argentina,1188821327,"Flor Gonzalez",,
Vicki,Aberastain,vickiaberastain@facebook.com,"16 de Octubre",https://www.facebook.com/vickiaberastain,23,,"Ciudad Autónoma de Buenos Aires","Buenos Aires",Argentina,781689602,"Flor Freixas",https://www.facebook.com/freichus,
Verónica,"Martinez Veron",veromartinezv@facebook.com,"16 de Octubre",https://www.facebook.com/veromartinezv,23,Colegiales,"Ciudad Autónoma de Buenos Aires","Distrito Federal",Argentina,1342127353,"Fiestas Baires",,
Barbie,Röttën,barbie.rotten@facebook.com,"16 de Octubre",https://www.facebook.com/barbie.rotten,,"Buenos Aires","Buenos Aires","Buenos Aires",Argentina,816783698,"Fett Maidana",0,
Julieta,Simoni,julieta.simoni@facebook.com,"16 de Octubre",https://www.facebook.com/julieta.simoni,22,,"Ciudad Autónoma de Buenos Aires","Buenos Aires",Argentina,1141848511,"Fernando Olner Cupayolo",https://www.facebook.com/fernando.cupayolo,
Coty,Crotto,coty.crotto@facebook.com,"16 de Octubre",https://www.facebook.com/coty.crotto,,,"Ciudad Autónoma de Buenos Aires","Buenos Aires",Argentina,551678417,"Felicitas Ghigliotti",https://www.facebook.com/felicitas.ghigliotti,
"Fernando Lavalle","Universidad Austral",uaustral@facebook.com,"16 de Octubre",https://www.facebook.com/uaustral,,,"Ciudad Autónoma de Buenos Aires","Buenos Aires",Argentina,1090591981,"Facundo Bulacio",https://www.facebook.com/facundo.bulacio,
Bian,Greco,biancug@facebook.com,"16 de Octubre",https://www.facebook.com/biancug,21,,"Ciudad Autónoma de Buenos Aires","Buenos Aires",Argentina,531884398,"Facu Denegri",,
Sofia,Ape,sofia.ape@facebook.com,"16 de Octubre",https://www.facebook.com/sofia.ape,,,"Ciudad Autónoma de Buenos Aires","Buenos Aires",Argentina,100001952644330,"Evelin Barzabal",https://www.facebook.com/evelin.barzabal,
Debb,Winograd,debb.winograd@facebook.com,"16 de Octubre",https://www.facebook.com/debb.winograd,22,Núñez,"Ciudad Autónoma de Buenos Aires","Distrito Federal",Argentina,100002119052293,"Eve Schiera",,
Sofía,Nielsen,sofia.nielsen.9@facebook.com,"16 de Octubre",https://www.facebook.com/sofia.nielsen.9,22,,"Ciudad Autónoma de Buenos Aires","Buenos Aires",Argentina,1159262788,"Esteban Sanchez",,
Yanii,Spirito,yanii.bellydance@facebook.com,"16 de Octubre",https://www.facebook.com/yanii.bellydance,24,"Villa Crespo","Ciudad Autónoma de Buenos Aires","Buenos Aires",Argentina,100001702101138,"Emilia Namkoong",https://www.facebook.com/emilia.namkoong,
Lii,Baez,lidia.baez.33@facebook.com,"16 de Octubre",https://www.facebook.com/lidia.baez.33,22,,"Ciudad Autónoma de Buenos Aires","Buenos Aires",Argentina,100003460573255,"Emanuel Pusi Gómez",https://www.facebook.com/pusi56,
Aguss,Misio,agusslamisio@facebook.com,"16 de Octubre",https://www.facebook.com/agusslamisio,21,,"Ciudad Autónoma de Buenos Aires","Buenos Aires",Argentina,100003700252184,"Emanuel Pusi Gómez",https://www.facebook.com/pusi56,
Carolina,Zamora,babyboocita@facebook.com,"16 de Octubre",https://www.facebook.com/BABYBOOCITA,,,"Ciudad Autónoma de Buenos Aires","Buenos Aires",Argentina,1202945477,"Emanuel Gaston Perdigues",https://www.facebook.com/emaxpx,
Micaela,Mordeglia,micaela.mordeglia@facebook.com,"16 de Octubre",https://www.facebook.com/micaela.mordeglia,23,,"Ciudad Autónoma de Buenos Aires","Buenos Aires",Argentina,1017124592,"Emanuel Gaston Perdigues",https://www.facebook.com/emaxpx,
Agustina,Minetti,agustina.minetti@facebook.com,"16 de Octubre",https://www.facebook.com/agustina.minetti,,,"Ciudad Autónoma de Buenos Aires","Buenos Aires",Argentina,100000195204705,"Dorian Mori",https://www.facebook.com/Dorian.Mori,
Santiago,Lemos,santiago.lemos.16@facebook.com,"16 de Octubre",https://www.facebook.com/santiago.lemos.16,,,"Ciudad Autónoma de Buenos Aires","Buenos Aires",Argentina,100000636408363,"Dorian Mori",https://www.facebook.com/Dorian.Mori,
Feria,"Las Locas",feria.laslocas@facebook.com,"16 de Octubre",https://www.facebook.com/feria.laslocas,22,,"Ciudad Autónoma de Buenos Aires","Buenos Aires",Argentina,100001386768538,"Divino Vestuario Salve",https://www.facebook.com/salvedivinovestuario,
Matias,Vignola,matias.vignola1@facebook.com,"16 de Octubre",https://www.facebook.com/matias.vignola1,25,,"Ciudad Autónoma de Buenos Aires","Buenos Aires",Argentina,1563146880,"David Zalasar",https://www.facebook.com/Davidcocktails,
Gabriela,Bejerman,gabybex@facebook.com,"16 de Octubre",https://www.facebook.com/gabybex,,,"Ciudad Autónoma de Buenos Aires","Buenos Aires",Argentina,691618506,"Daiana Soledad Pintos",https://www.facebook.com/Sheena.is,
Oscar,Oro,oscar.oro@facebook.com,"16 de Octubre",https://www.facebook.com/oscar.oro,,,"Ciudad Autónoma de Buenos Aires","Buenos Aires",Argentina,1132198490,"Cristian Fernandez Villamor",https://www.facebook.com/cristian.fernandezvillamo,
"Maria Lara","Flores Aguero",marialara.floresaguero@facebook.com,"16 de Octubre",https://www.facebook.com/marialara.floresaguero,23,,"Ciudad Autónoma de Buenos Aires","Buenos Aires",Argentina,1091048381,"Cristian Andres Romano",,
Vueltatras,Independiente,vueltatras.independiente@facebook.com,"16 de Octubre",https://www.facebook.com/vueltatras.independiente,,,"Ciudad Autónoma de Buenos Aires","Buenos Aires",Argentina,100001227292999,"Claudio Arias",https://www.facebook.com/clautrance,
Paola,Sgro,paola.sgro.9@facebook.com,"16 de Octubre",https://www.facebook.com/paola.sgro.9,,,"Ciudad Autónoma de Buenos Aires","Buenos Aires",Argentina,100001245093452,"Claudia Gonzalez",,
Julián,Serrano,jserranooficial@facebook.com,"16 de Octubre",https://www.facebook.com/JSerranoOficial,21,,"Ciudad Autónoma de Buenos Aires","Buenos Aires",Argentina,100005310008374,"Clara Ryan",https://www.facebook.com/clariryaneventos,
Agustin,Blanco,agustin.blanco.9634@facebook.com,"16 de Octubre",https://www.facebook.com/agustin.blanco.9634,21,,"Ciudad Autónoma de Buenos Aires","Buenos Aires",Argentina,100003986690854,"Christian Douer Chuky",https://www.facebook.com/christian.chuky,
Yamila,Quintana,yamila.quintana.9@facebook.com,"16 de Octubre",https://www.facebook.com/yamila.quintana.9,26,,"Ciudad Autónoma de Buenos Aires","Buenos Aires",Argentina,1191948155,"Charly Ruez",https://www.facebook.com/charly.ruez,
Pili,Andres,pili.andres.98@facebook.com,"16 de Octubre",https://www.facebook.com/pili.andres.98,26,,"Ciudad Autónoma de Buenos Aires","Buenos Aires",Argentina,568911468,"Catalina Plá Señorans",https://www.facebook.com/catalina.pla,
Alberto,Sabel,alberto.sabel.3@facebook.com,"16 de Octubre",https://www.facebook.com/alberto.sabel.3,,,"Ciudad Autónoma de Buenos Aires","Buenos Aires",Argentina,790984802,"Carolina Del Campo",https://www.facebook.com/carolina.delcampo2,
Gus,Gas,gus.gas.7@facebook.com,"16 de Octubre",https://www.facebook.com/gus.gas.7,,"Villa Pueyrredón","Ciudad Autónoma de Buenos Aires","Buenos Aires",Argentina,100000611854438,"Carla Ferro",https://www.facebook.com/carla.ferro,
Martin,"Correa Ocampo",martin.correaocampo@facebook.com,"16 de Octubre",https://www.facebook.com/martin.correaocampo,23,,"Ciudad Autónoma de Buenos Aires","Buenos Aires",Argentina,593660802,"Candelaria Sires Barrantes",,
Deathwish,Thrash,deathwish.thrash@facebook.com,"16 de Octubre",https://www.facebook.com/deathwish.thrash,27,,"Ciudad Autónoma de Buenos Aires","Buenos Aires",Argentina,100001867314883,"Cana Cilley",https://www.facebook.com/cana.cilley,
Mily,Salinas,mily.salinas.39@facebook.com,"16 de Octubre",https://www.facebook.com/mily.salinas.39,,,"Ciudad Autónoma de Buenos Aires","Buenos Aires",Argentina,1112257090,"Camila Perelló",https://www.facebook.com/camiperello,
Sofii,Malvagni,sofii.malvagni@facebook.com,"16 de Octubre",https://www.facebook.com/sofii.malvagni,22,,"Ciudad Autónoma de Buenos Aires","Buenos Aires",Argentina,759368430,"Cami Papiccio",https://www.facebook.com/cami.papiccio,
Manuel,Pallero,manuel.pallero@facebook.com,"16 de Octubre",https://www.facebook.com/manuel.pallero,,,"Ciudad Autónoma de Buenos Aires","Buenos Aires",Argentina,1174167969,"Cami Maranessi",https://www.facebook.com/cami.maranessi,
Paz,Pelanda,pazpelanda@facebook.com,"16 de Octubre",https://www.facebook.com/pazpelanda,27,,"Ciudad Autónoma de Buenos Aires","Buenos Aires",Argentina,1068913631,"Cami Maranessi",https://www.facebook.com/cami.maranessi,
AdoreMe,Adoreme,adoreme.pjm@facebook.com,"16 de Octubre",https://www.facebook.com/adoreme.pjm,23,,"Ciudad Autónoma de Buenos Aires","Buenos Aires",Argentina,100004210451793,"Calu Clau",https://www.facebook.com/AYLEN00,
Ani,Graciano,ani.graciano@facebook.com,"16 de Octubre",https://www.facebook.com/ani.graciano,,,"Ciudad Autónoma de Buenos Aires","Buenos Aires",Argentina,1012634247,"Bian Tedesco",https://www.facebook.com/biaantedesco,
Silvia,Itharte,sitharte@facebook.com,"16 de Octubre",https://www.facebook.com/sitharte,,,"Ciudad Autónoma de Buenos Aires","Buenos Aires",Argentina,1126747201,"Barby Suarez",https://www.facebook.com/barby1522,
Juan,"Nakaya Viera",juannakaya@facebook.com,"16 de Octubre",https://www.facebook.com/juannakaya,,,"Ciudad Autónoma de Buenos Aires","Buenos Aires",Argentina,1134474578,"Barby Lanata",https://www.facebook.com/barby.lanata,
Julieta,Canneva,julieta.canneva@facebook.com,"16 de Octubre",https://www.facebook.com/julieta.canneva,24,,"Ciudad Autónoma de Buenos Aires","Buenos Aires",Argentina,1113786653,"Bë Döbiencita",https://www.facebook.com/be.dobiencita,
Nacho,Apphesberho,nacho.apphesberho@facebook.com,"16 de Octubre",https://www.facebook.com/nacho.apphesberho,26,,"Ciudad Autónoma de Buenos Aires","Buenos Aires",Argentina,682780724,"Antonella La Torre",,
Josefina,Altuna,josefina.altuna.7@facebook.com,"16 de Octubre",https://www.facebook.com/josefina.altuna.7,,,"Ciudad Autónoma de Buenos Aires","Buenos Aires",Argentina,100001276860610,"Antonella La Torre",,
Fede,"Delgado Re",fede.delgadore@facebook.com,"16 de Octubre",https://www.facebook.com/fede.delgadore,21,,"Ciudad Autónoma de Buenos Aires","Buenos Aires",Argentina,1096425229,"Antoine Cornudet",,
Martin,Arcidiacono,martin.arcidiacono.73@facebook.com,"16 de Octubre",https://www.facebook.com/martin.arcidiacono.73,,,"Ciudad Autónoma de Buenos Aires","Buenos Aires",Argentina,1027745735,"Anita Ghersinich",https://www.facebook.com/anita.ghersinich,
Agustin,Blanco,aguss.blanco@facebook.com,"16 de Octubre",https://www.facebook.com/aguss.blanco,,,"Ciudad Autónoma de Buenos Aires","Buenos Aires",Argentina,1287508733,"Aniita Canta",https://www.facebook.com/Aniita.Canta,
Maria,Mileto,bell.xeneize@facebook.com,"16 de Octubre",https://www.facebook.com/Bell.Xeneize,22,,"Ciudad Autónoma de Buenos Aires","Buenos Aires",Argentina,519556194,"Aniita Canta",https://www.facebook.com/Aniita.Canta,
Euge,Salama,euge.salama@facebook.com,"16 de Octubre",https://www.facebook.com/euge.salama,,,"Ciudad Autónoma de Buenos Aires","Buenos Aires",Argentina,560550964,"Andrea Flijer",https://www.facebook.com/andrea.flijer,
Lau,Kaplan,laura.kaplan.73@facebook.com,"16 de Octubre",https://www.facebook.com/laura.kaplan.73,,,"Ciudad Autónoma de Buenos Aires","Buenos Aires",Argentina,1282996286,"Andrea Flijer",https://www.facebook.com/andrea.flijer,
Flopy,Steimberg,flopy.steimberg@facebook.com,"16 de Octubre",https://www.facebook.com/flopy.steimberg,23,"Villa Ortúzar","Ciudad Autónoma de Buenos Aires","Buenos Aires",Argentina,1027875742,"Andrea Flijer",https://www.facebook.com/andrea.flijer,
Bruno,Borensztejn,brunoboren@facebook.com,"16 de Octubre",https://www.facebook.com/brunoboren,,,"Ciudad Autónoma de Buenos Aires","Buenos Aires",Argentina,1322492307,"Ana Glinberg",https://www.facebook.com/ana.glinberg,
Nacho,Buonasena,nacho.buonasena@facebook.com,"16 de Octubre",https://www.facebook.com/nacho.buonasena,,,"Ciudad Autónoma de Buenos Aires","Buenos Aires",Argentina,1455187411,"Aluhe Morbidoni",,
Pilar,Megna,pilar.megna@facebook.com,"16 de Octubre",https://www.facebook.com/pilar.megna,24,,"Ciudad Autónoma de Buenos Aires","Buenos Aires",Argentina,659245676,"Alexia Garcia",https://www.facebook.com/garciaalexiia,
Mariano,Ferreyra,mariano.ferreyra.900@facebook.com,"16 de Octubre",https://www.facebook.com/mariano.ferreyra.900,23,,"Ciudad Autónoma de Buenos Aires","Buenos Aires",Argentina,1290952072,"Alexia Garcia",https://www.facebook.com/garciaalexiia,
Chemy,Baloni,chmy.bln@facebook.com,"16 de Octubre",https://www.facebook.com/chmy.bln,,,"Ciudad Autónoma de Buenos Aires","Buenos Aires",Argentina,715553004,"Alexia Garcia",https://www.facebook.com/garciaalexiia,
Fernanda,Dávila,frandas@facebook.com,"16 de Octubre",https://www.facebook.com/frandas,26,"Buenos Aires","Buenos Aires","Buenos Aires",Argentina,1032414293,"Alejandro Dixon",0,
"Victor Manuel",Felices,victormanuel.felices@facebook.com,"16 de Octubre",https://www.facebook.com/victormanuel.felices,,Esquel,"Ciudad Autónoma de Buenos Aires","Distrito Federal",Argentina,1219880804,"Alejandro Cocktila Acosta",https://www.facebook.com/alejandro.acosta,
Juanjo,Monzon,juanjomonzonxeneize@facebook.com,"16 de Octubre",https://www.facebook.com/juanjomonzonxeneize,,"La Boca","Ciudad Autónoma de Buenos Aires","Buenos Aires",Argentina,1259710926,"Alejandra Diaz De Vivar",,
"Ulises Lionel",Veron,uliseslionel.veron@facebook.com,"16 de Octubre",https://www.facebook.com/uliseslionel.veron,24,,"Ciudad Autónoma de Buenos Aires","Buenos Aires",Argentina,1348353733,"Ale Arias Mandarine Park",,
Ayu,Casanova,ayelen.casanova.7@facebook.com,"16 de Octubre",https://www.facebook.com/ayelen.casanova.7,23,,"Ciudad Autónoma de Buenos Aires","Buenos Aires",Argentina,100003631440355,"Ale Arias Mandarine Park",,
Cecilia,"Gonzalez Cioffi",cecilia.gonzalezcioffi@facebook.com,"16 de Octubre",https://www.facebook.com/cecilia.gonzalezcioffi,,"Parque Patricios","Ciudad Autónoma de Buenos Aires","Distrito Federal",Argentina,100001288774187,"Ale Arias Mandarine Park",,
Ann,"M Iramain",ann.miramain@facebook.com,"16 de Octubre",https://www.facebook.com/ann.miramain,,,"Ciudad Autónoma de Buenos Aires","Buenos Aires",Argentina,100000289077526,"Ale Arias Mandarine Park",,
Leila,Tortorello,leiila16@facebook.com,"16 de Octubre",https://www.facebook.com/leiila16,23,,"Ciudad Autónoma de Buenos Aires","Buenos Aires",Argentina,1126745920,"Ale Arias Mandarine Park",,
Osker,Formoso,hyntuhcp@facebook.com,"16 de Octubre",https://www.facebook.com/hyntuhcp,,,"Ciudad Autónoma de Buenos Aires","Buenos Aires",Argentina,747822929,"Aldana Queirolo",https://www.facebook.com/aldana.queirolo,
Diego,Montero,diegogueler@facebook.com,"16 de Octubre",https://www.facebook.com/diegogueler,,,"Ciudad Autónoma de Buenos Aires","Buenos Aires",Argentina,554934088,"Aldana Giudice",https://www.facebook.com/Soy.Pinky,
Dai,Anà,,"16 de Octubre",https://www.facebook.com/profile.php?id=100007209586798,23,"Buenos Aires","Buenos Aires","Buenos Aires",Argentina,100007209586798,"Alan Yun",0,
Mica,Lozada,mica.lozada@facebook.com,"16 de Octubre",https://www.facebook.com/mica.lozada,,,"Ciudad Autónoma de Buenos Aires","Buenos Aires",Argentina,526115288,"Ailen Evangelista",https://www.facebook.com/ailu.evangelista,
Julián,Esse,julianesse01@facebook.com,"16 de Octubre",https://www.facebook.com/JulianEsse01,21,,"Ciudad Autónoma de Buenos Aires","Buenos Aires",Argentina,100008068868519,"Agustin Sujo",https://www.facebook.com/agustin.sujook,
Diego,Perrisson,diego.perrisson@facebook.com,"16 de Octubre",https://www.facebook.com/diego.perrisson,,,"Ciudad Autónoma de Buenos Aires","Buenos Aires",Argentina,708146524,"Agustin Justin",https://www.facebook.com/Agustin.Justin,
"Pirka Claudio",Espinoza,pirkaclaudio.espinoza@facebook.com,"16 de Octubre",https://www.facebook.com/pirkaclaudio.espinoza,,,"Ciudad Autónoma de Buenos Aires","Buenos Aires",Argentina,594702029,"Agustin Justin",https://www.facebook.com/Agustin.Justin,
"Profesor Fernando","Lavalle Utn",utnclasesba@facebook.com,"16 de Octubre",https://www.facebook.com/utnclasesba,,,"Ciudad Autónoma de Buenos Aires","Buenos Aires",Argentina,100000965346278,"Agustin Blanco",,
Gala,Tegli,galitegli@facebook.com,"16 de Octubre",https://www.facebook.com/galitegli,,,"Ciudad Autónoma de Buenos Aires","Buenos Aires",Argentina,100003329933283,"Agus Rodriguez",,
Blow,Feriado,blow.terrazas@facebook.com,"16 de Octubre",https://www.facebook.com/blow.terrazas,21,,"Ciudad Autónoma de Buenos Aires","Buenos Aires",Argentina,100004086094188,"Agus Rodriguez",,
Joaquin,Barruti,jbarruti@facebook.com,"16 de Octubre",https://www.facebook.com/jbarruti,,,"Ciudad Autónoma de Buenos Aires","Buenos Aires",Argentina,649487564,"Agus Rodriguez",,
Agustina,Marolla,agustina.marolla@facebook.com,"16 de Octubre",https://www.facebook.com/agustina.marolla,22,,"Ciudad Autónoma de Buenos Aires","Buenos Aires",Argentina,1076106960,"Agus Carranza",,
Diego,Pena,diegojpena@facebook.com,"16 de Octubre",https://www.facebook.com/diegojpena,,,"Ciudad Autónoma de Buenos Aires","Buenos Aires",Argentina,757473269,"Agos D'Urbano",https://www.facebook.com/agostinnad,
Jose,Eskenazi,@facebook.com,"16 de Octubre",https://www.facebook.com/profile.php?id=633024452,,,"Ciudad Autónoma de Buenos Aires","Buenos Aires",Argentina,633024452,"Adriana Grillo",,
