Nombre,Apellido,"Email Facebook",Cumpleaños,"Usuario Facebook",Edad,Barrio,Ciudad,Provincia,Pais,"ID Facebook","Amigo De","Amigo De (Usuario)",rebound
Javier,Reparaz,javier.reparaz.5@facebook.com,"14 de Febrero",https://www.facebook.com/javier.reparaz.5,35,,"Ciudad Autónoma de Buenos Aires","Buenos Aires",Argentina,543344682,"Agostina Magali Aguirre Alvarez",,
Estefania,Donna,estefania.donna@facebook.com,"13 de Febrero",https://www.facebook.com/estefania.donna,,,"Ciudad Autónoma de Buenos Aires","Buenos Aires",Argentina,568516300,"Agostina Magali Aguirre Alvarez",,
Valentín,Navarro,valentin.navarro.378@facebook.com,"14 de Febrero",https://www.facebook.com/valentin.navarro.378,25,,"Ciudad Autónoma de Buenos Aires","Buenos Aires",Argentina,508345317,"Agus Leoni",https://www.facebook.com/agustina.leoni,
Fran,Fariña,fran.farina.98@facebook.com,"13 de Febrero",https://www.facebook.com/fran.farina.98,34,,"Ciudad Autónoma de Buenos Aires","Buenos Aires",Argentina,641234381,"Agus Leoni",https://www.facebook.com/agustina.leoni,
Facundo,Uribe,facundo.uribe.77@facebook.com,"14 de Febrero",https://www.facebook.com/facundo.uribe.77,22,,"Ciudad Autónoma de Buenos Aires","Buenos Aires",Argentina,689801196,"Agustina Del Rosario Anzisi",https://www.facebook.com/AgustinadelRosario,
Juan,Caldentey,jmcaldentey@facebook.com,"14 de Febrero",https://www.facebook.com/jmcaldentey,,Versailles,"Ciudad Autónoma de Buenos Aires","Buenos Aires",Argentina,1557709046,"Agustina Gorrini",https://www.facebook.com/agustina.gorrini,
Cristian,Perez,cperez.04@facebook.com,"13 de Febrero",https://www.facebook.com/cperez.04,,,"Ciudad Autónoma de Buenos Aires","Buenos Aires",Argentina,100001313311047,"Agustina Gorrini",https://www.facebook.com/agustina.gorrini,
"Maria Cruz",Leon,mariacruz.leon.5@facebook.com,"14 de Febrero",https://www.facebook.com/mariacruz.leon.5,,,"Ciudad Autónoma de Buenos Aires","Buenos Aires",Argentina,1104856277,"Agustina La Rocca",,
Maxi,Rivero,maxi.rivero.75@facebook.com,"14 de Febrero",https://www.facebook.com/maxi.rivero.75,,,"Ciudad Autónoma de Buenos Aires","Buenos Aires",Argentina,1533848502,"Agustina Ortega",https://www.facebook.com/agustina.ortega3,
Gerald,Cacho,geraldina.cacho.9@facebook.com,"13 de Febrero",https://www.facebook.com/geraldina.cacho.9,25,,"Ciudad Autónoma de Buenos Aires","Buenos Aires",Argentina,100005728842923,"Agustina Pelle Müller",,
Irene,Micheloni,irene.micheloni.5@facebook.com,"13 de Febrero",https://www.facebook.com/irene.micheloni.5,24,,"Ciudad Autónoma de Buenos Aires","Buenos Aires",Argentina,1248788799,"Agustina Saenz",,
Romi,Rodriguez,rominamarielrodriguezz@facebook.com,"13 de Febrero",https://www.facebook.com/rominamarielrodriguezz,23,,"Ciudad Autónoma de Buenos Aires","Buenos Aires",Argentina,1557976755,"Ailin Majeras",https://www.facebook.com/ailin.majeras,
Mati,Espinola,mati.espinola.7@facebook.com,"14 de Febrero",https://www.facebook.com/mati.espinola.7,,,"Ciudad Autónoma de Buenos Aires","Buenos Aires",Argentina,100000411169755,"Ailin Majeras",https://www.facebook.com/ailin.majeras,
Lucia,Ryan,lucia.ryan1@facebook.com,"13 de Febrero",https://www.facebook.com/lucia.ryan1,,,"Ciudad Autónoma de Buenos Aires","Buenos Aires",Argentina,1193158338,"Alan Volper",https://www.facebook.com/alan.volper,
Mario,Zhang,mario.zhang1@facebook.com,"13 de Febrero",https://www.facebook.com/mario.zhang1,34,"Buenos Aires","Buenos Aires","Buenos Aires",Argentina,100000186357003,"Alan Yun",0,
Jimena,Ortega,jimena.v.ortega.7@facebook.com,"14 de Febrero",https://www.facebook.com/jimena.v.ortega.7,33,"Buenos Aires","Buenos Aires","Buenos Aires",Argentina,1192414902,"Alan Yun",0,
Claudia,Diaz,cpazosdiaz@facebook.com,"13 de Febrero",https://www.facebook.com/cpazosdiaz,,"Buenos Aires","Buenos Aires","Buenos Aires",Argentina,1547544069,"Alan Yun",0,
Erika,Yonamine,erika.yonamine.9@facebook.com,"13 de Febrero",https://www.facebook.com/erika.yonamine.9,,"Buenos Aires","Buenos Aires","Buenos Aires",Argentina,100000519617470,"Alan Yun",0,
Pablo,Yu,pablo.yu.52@facebook.com,"14 de Febrero",https://www.facebook.com/pablo.yu.52,,"Buenos Aires","Buenos Aires","Buenos Aires",Argentina,713122663,"Alan Yun",0,
Lauchis,Yagi,lauchis.yagi@facebook.com,"14 de Febrero",https://www.facebook.com/lauchis.yagi,,"Buenos Aires","Buenos Aires","Buenos Aires",Argentina,714266795,"Alan Yun",0,
Sabri,Jiin,lizzehii@facebook.com,"14 de Febrero",https://www.facebook.com/lizzehii,,"Buenos Aires","Buenos Aires","Buenos Aires",Argentina,100002505674493,"Alan Yun",0,
Emi,Her,emi.her.1@facebook.com,"13 de Febrero",https://www.facebook.com/emi.her.1,,,"Ciudad Autónoma de Buenos Aires","Buenos Aires",Argentina,1118185848,"Aldana Queirolo",https://www.facebook.com/aldana.queirolo,
Patrick,Arellano,patrick.arellano@facebook.com,"13 de Febrero",https://www.facebook.com/patrick.arellano,,,"Ciudad Autónoma de Buenos Aires","Buenos Aires",Argentina,1118242522,"Aldana Queirolo",https://www.facebook.com/aldana.queirolo,
Julieta,Carmody,julieta.carmody@facebook.com,"14 de Febrero",https://www.facebook.com/julieta.carmody,,,"Ciudad Autónoma de Buenos Aires","Buenos Aires",Argentina,1001897462,"Aldana Queirolo",https://www.facebook.com/aldana.queirolo,
"Juan Manuel",Parga,juanmanuel.parga.5@facebook.com,"14 de Febrero",https://www.facebook.com/juanmanuel.parga.5,29,,"Ciudad Autónoma de Buenos Aires","Buenos Aires",Argentina,1172401676,"Aldana Queirolo",https://www.facebook.com/aldana.queirolo,
Noe,Antúnez,noelia.antunez.7@facebook.com,"13 de Febrero",https://www.facebook.com/noelia.antunez.7,29,,"Ciudad Autónoma de Buenos Aires","Buenos Aires",Argentina,556704613,"Ale Cabas",https://www.facebook.com/AleCabas,
Entrada,Libre,entrada.libre.9@facebook.com,"13 de Febrero",https://www.facebook.com/entrada.libre.9,35,,"Ciudad Autónoma de Buenos Aires","Buenos Aires",Argentina,100000019535516,"Alejandra Ale Roldan",,
MaGa,Jaz,evantica@facebook.com,"13 de Febrero",https://www.facebook.com/Evantica,,,"Ciudad Autónoma de Buenos Aires","Buenos Aires",Argentina,1444610037,"Alejandro Cocktila Acosta",https://www.facebook.com/alejandro.acosta,
Agus,Pietrani,agus.pietrani@facebook.com,"14 de Febrero",https://www.facebook.com/agus.pietrani,,,"Ciudad Autónoma de Buenos Aires","Buenos Aires",Argentina,558676973,"Alexia Garcia",https://www.facebook.com/garciaalexiia,
Nathalie,Boueke,nathalie.boueke@facebook.com,"14 de Febrero",https://www.facebook.com/nathalie.boueke,,,"Ciudad Autónoma de Buenos Aires","Buenos Aires",Argentina,559011803,"Alexia Garcia",https://www.facebook.com/garciaalexiia,
Sergio,Coringrato,sergio.coringrato@facebook.com,"13 de Febrero",https://www.facebook.com/sergio.coringrato,,,"Ciudad Autónoma de Buenos Aires","Buenos Aires",Argentina,100000105533106,"Alexia Garcia",https://www.facebook.com/garciaalexiia,
Silva,Cinty,cintias1@facebook.com,"14 de Febrero",https://www.facebook.com/cintias1,,,"Ciudad Autónoma de Buenos Aires","Buenos Aires",Argentina,1110502067,"Amalia Mihaljevic",https://www.facebook.com/amalia.mihaljevic,
Gonzalo,Rescia,gonzaa.rescia@facebook.com,"14 de Febrero",https://www.facebook.com/gonzaa.rescia,,"La Boca","Ciudad Autónoma de Buenos Aires","Distrito Federal",Argentina,1452609440,"Amilcar Ferrari",,
Jorge,Biava,jjbiava@facebook.com,"14 de Febrero",https://www.facebook.com/jjbiava,31,,"Ciudad Autónoma de Buenos Aires","Buenos Aires",Argentina,1666984475,"Amilcar Ferrari",,
Nicolas,Chejanovich,chejita@facebook.com,"14 de Febrero",https://www.facebook.com/chejita,24,,"Ciudad Autónoma de Buenos Aires","Buenos Aires",Argentina,900550439,"Ana Glinberg",https://www.facebook.com/ana.glinberg,
Joaquin,Garcia,joaquin.garcia.5811@facebook.com,"13 de Febrero",https://www.facebook.com/joaquin.garcia.5811,25,,"Ciudad Autónoma de Buenos Aires","Buenos Aires",Argentina,521815984,"Ana Glinberg",https://www.facebook.com/ana.glinberg,
Ale,Etche,ale.jandro.1466@facebook.com,"14 de Febrero",https://www.facebook.com/ale.jandro.1466,,,"Ciudad Autónoma de Buenos Aires","Buenos Aires",Argentina,1219973928,"Analia Petrocco",https://www.facebook.com/analia.petrocco,
Sofi,Cardoso,sofi.cardoso.5@facebook.com,"13 de Febrero",https://www.facebook.com/sofi.cardoso.5,,,"Ciudad Autónoma de Buenos Aires","Buenos Aires",Argentina,729648832,"Analia Torio",https://www.facebook.com/analia.torio1,
Natalia,Lozzi,natlo08@facebook.com,"14 de Febrero",https://www.facebook.com/natlo08,31,Núñez,"Ciudad Autónoma de Buenos Aires","Buenos Aires",Argentina,1171427369,"Analia Utlo",https://www.facebook.com/ANY10,
Desirée,Uno,desiree.uno@facebook.com,"14 de Febrero",https://www.facebook.com/desiree.uno,21,,"Ciudad Autónoma de Buenos Aires","Buenos Aires",Argentina,100002961480734,"Aniita Canta",https://www.facebook.com/Aniita.Canta,
Cronopio,Felíz,lapitu.fina.50@facebook.com,"13 de Febrero",https://www.facebook.com/lapitu.fina.50,,,"Ciudad Autónoma de Buenos Aires","Buenos Aires",Argentina,1285586133,"Anita Ghersinich",https://www.facebook.com/anita.ghersinich,
Veronica,Pera,veronica.pera.3@facebook.com,"14 de Febrero",https://www.facebook.com/veronica.pera.3,26,,"Ciudad Autónoma de Buenos Aires","Buenos Aires",Argentina,581405506,"Anita Sol Malpassi",https://www.facebook.com/anitasol.malpassi,
Brenchu,Aguilar,brenchu.aguilar@facebook.com,"14 de Febrero",https://www.facebook.com/brenchu.aguilar,,,"Ciudad Autónoma de Buenos Aires","Buenos Aires",Argentina,1630116478,"Anna Laura",https://www.facebook.com/Anna.Laucha,
Leandro,Nievas,lgnievas@facebook.com,"14 de Febrero",https://www.facebook.com/lgnievas,23,,"Ciudad Autónoma de Buenos Aires","Buenos Aires",Argentina,1124845459,"Anto D'Amato",https://www.facebook.com/anto.dama,
Gamal,Mendoza,salma.gamila@facebook.com,"14 de Febrero",https://www.facebook.com/salma.gamila,23,,"Ciudad Autónoma de Buenos Aires","Buenos Aires",Argentina,1125765501,"Anto D'Amato",https://www.facebook.com/anto.dama,
Daniel,Ifer,daniel.ifer@facebook.com,"13 de Febrero",https://www.facebook.com/daniel.ifer,,,"Ciudad Autónoma de Buenos Aires","Buenos Aires",Argentina,658029177,"Ariel Villarreal",,
Sabrina,Olmedo,sabrina.olmedo@facebook.com,"14 de Febrero",https://www.facebook.com/sabrina.olmedo,,,"Ciudad Autónoma de Buenos Aires","Buenos Aires",Argentina,622875686,"Ariel Villarreal",,
Nahuel,Quipildor,quipy@facebook.com,"13 de Febrero",https://www.facebook.com/Quipy,23,,"Ciudad Autónoma de Buenos Aires","Buenos Aires",Argentina,1276351201,"Axx Agustin",https://www.facebook.com/Ax.Agustin,
Federico,Franco,federico.franco.908@facebook.com,"13 de Febrero",https://www.facebook.com/federico.franco.908,27,,"Ciudad Autónoma de Buenos Aires","Buenos Aires",Argentina,775290295,"Ayelen Lopez",https://www.facebook.com/puchipockett,
Matias,Granda,matugranda@facebook.com,"14 de Febrero",https://www.facebook.com/matugranda,,,"Ciudad Autónoma de Buenos Aires","Buenos Aires",Argentina,1196420140,"Aylu Macchi",,
Julieta,"Di Pietro",julieta.dipietro.56@facebook.com,"13 de Febrero",https://www.facebook.com/julieta.dipietro.56,,,"Ciudad Autónoma de Buenos Aires","Buenos Aires",Argentina,1200217386,"Aylu Macchi",,
Kevin,"Alonso Raggio",kevinalonsoraggio@facebook.com,"13 de Febrero",https://www.facebook.com/kevinalonsoraggio,,,"Ciudad Autónoma de Buenos Aires","Buenos Aires",Argentina,1231580289,"Aylu Macchi",,
Belen,Varela,by.belenn@facebook.com,"13 de Febrero",https://www.facebook.com/By.belenn,,,"Ciudad Autónoma de Buenos Aires","Buenos Aires",Argentina,100001122776624,"Ayu Casanova",,
Natalia,Mannucci,natalia.pirism@facebook.com,"13 de Febrero",https://www.facebook.com/natalia.pirism,24,,"Ciudad Autónoma de Buenos Aires","Buenos Aires",Argentina,1423704385,"Barby Lanata",https://www.facebook.com/barby.lanata,
Facu,Cruz,facu.cruz@facebook.com,"14 de Febrero",https://www.facebook.com/facu.cruz,27,,"Ciudad Autónoma de Buenos Aires","Buenos Aires",Argentina,746927467,"Barby Lanata",https://www.facebook.com/barby.lanata,
Tomas,Etcheverry,etcheverrytomas@facebook.com,"13 de Febrero",https://www.facebook.com/etcheverrytomas,,,"Ciudad Autónoma de Buenos Aires","Buenos Aires",Argentina,521085406,"Barby Suarez",https://www.facebook.com/barby1522,
Mel,Perez,melperez90@facebook.com,"14 de Febrero",https://www.facebook.com/melperez90,24,,"Ciudad Autónoma de Buenos Aires","Buenos Aires",Argentina,1550061685,"Barby Suarez",https://www.facebook.com/barby1522,
Sofi,Nascel,sofi.nascel@facebook.com,"14 de Febrero",https://www.facebook.com/sofi.nascel,,,"Ciudad Autónoma de Buenos Aires","Buenos Aires",Argentina,727781876,"Barby Suarez",https://www.facebook.com/barby1522,
Federico,Mauro,federico.mauro.108@facebook.com,"13 de Febrero",https://www.facebook.com/federico.mauro.108,22,"Villa Luro","Ciudad Autónoma de Buenos Aires","Buenos Aires",Argentina,100006799680353,"Belen Loccisano",https://www.facebook.com/belen.loccisano,
Juan,Canciani,juancanciani@facebook.com,"13 de Febrero",https://www.facebook.com/juancanciani,,,"Ciudad Autónoma de Buenos Aires","Buenos Aires",Argentina,775932919,"Belu Cepa Fraga",,
Remigio,Abadi,remigio.abadi@facebook.com,"13 de Febrero",https://www.facebook.com/remigio.abadi,,,"Ciudad Autónoma de Buenos Aires","Buenos Aires",Argentina,776368188,"Belu Cepa Fraga",,
Franco,Martoccia,franco.martoccia.1@facebook.com,"13 de Febrero",https://www.facebook.com/franco.martoccia.1,,,"Ciudad Autónoma de Buenos Aires","Buenos Aires",Argentina,1528145788,"Belu Piacentino",https://www.facebook.com/belenpiacentino,
Jon,Bengoechea,jonbengo@facebook.com,"14 de Febrero",https://www.facebook.com/jonbengo,21,,"Ciudad Autónoma de Buenos Aires","Buenos Aires",Argentina,1406500174,"Bernardo Cura Bonazzola",https://www.facebook.com/bernardocurabonazzola,
Fiorella,"Del Cura",fiorella.delcura@facebook.com,"13 de Febrero",https://www.facebook.com/fiorella.delcura,23,,"Ciudad Autónoma de Buenos Aires","Buenos Aires",Argentina,100000821097692,"Bernardo Cura Bonazzola",https://www.facebook.com/bernardocurabonazzola,
Mel,Forte,mel.forte.5@facebook.com,"14 de Febrero",https://www.facebook.com/mel.forte.5,,,"Ciudad Autónoma de Buenos Aires","Buenos Aires",Argentina,1159849299,"Betsabé Baxter",https://www.facebook.com/betsabe.baxter,
Ana,Lanfranks,analia.lanfranco.7@facebook.com,"13 de Febrero",https://www.facebook.com/analia.lanfranco.7,30,"Barrio Norte","Ciudad Autónoma de Buenos Aires","Buenos Aires",Argentina,614010129,"Brenda Fabregat",https://www.facebook.com/brenda.fabregat,
Emiliano,Montes,emiliano.montes@facebook.com,"13 de Febrero",https://www.facebook.com/emiliano.montes,27,,"Ciudad Autónoma de Buenos Aires","Buenos Aires",Argentina,100001535808582,"Brenda Fabregat",https://www.facebook.com/brenda.fabregat,
Greta,Teatro,gretateatro1@facebook.com,"13 de Febrero",https://www.facebook.com/gretateatro1,,,"Ciudad Autónoma de Buenos Aires","Buenos Aires",Argentina,100000893118269,"Brenda Fabregat",https://www.facebook.com/brenda.fabregat,
Agus,Cassini,agcassini@facebook.com,"13 de Febrero",https://www.facebook.com/agcassini,25,,"Ciudad Autónoma de Buenos Aires","Buenos Aires",Argentina,606504271,"Brian Hettich",https://www.facebook.com/brianghettich,
Daniela,Stanziola,danielastanziola@facebook.com,"13 de Febrero",https://www.facebook.com/danielastanziola,21,,"Ciudad Autónoma de Buenos Aires","Buenos Aires",Argentina,825766682,"Brian Hettich",https://www.facebook.com/brianghettich,
Eugenia,Tewes,eugenia.tewes@facebook.com,"14 de Febrero",https://www.facebook.com/eugenia.tewes,,,"Ciudad Autónoma de Buenos Aires","Buenos Aires",Argentina,654213368,"Brian Hettich",https://www.facebook.com/brianghettich,
Benja,Powell,benja.powell@facebook.com,"14 de Febrero",https://www.facebook.com/benja.powell,28,,"Ciudad Autónoma de Buenos Aires","Buenos Aires",Argentina,637855042,"Calu Clau",https://www.facebook.com/AYLEN00,
Julieta,Cadavid,julieta.cadavid@facebook.com,"14 de Febrero",https://www.facebook.com/julieta.cadavid,24,,"Ciudad Autónoma de Buenos Aires","Buenos Aires",Argentina,1138257644,"Camila Perelló",https://www.facebook.com/camiperello,
Roberto,Ostinelli,roberto.ostinelli.1@facebook.com,"13 de Febrero",https://www.facebook.com/roberto.ostinelli.1,33,,"Ciudad Autónoma de Buenos Aires","Buenos Aires",Argentina,100001981934666,"Carla Ferro",https://www.facebook.com/carla.ferro,
Jos,Andueza,joselyn.andueza@facebook.com,"14 de Febrero",https://www.facebook.com/joselyn.andueza,,,"Ciudad Autónoma de Buenos Aires","Buenos Aires",Argentina,796670689,"Carla Giovana",,
Sebastián,"Beltrán Christiny",sebaignaciobeltran@facebook.com,"13 de Febrero",https://www.facebook.com/sebaignaciobeltran,32,,"Ciudad Autónoma de Buenos Aires","Buenos Aires",Argentina,1170530449,"Caro Remedi",https://www.facebook.com/carol.remedi,
Loli,Barski,loli.barski@facebook.com,"13 de Febrero",https://www.facebook.com/loli.barski,29,,"Ciudad Autónoma de Buenos Aires","Buenos Aires",Argentina,703630078,"Caro Ros Jones",https://www.facebook.com/carorosjones,
Rama,Nicoli,rama.nicoli@facebook.com,"13 de Febrero",https://www.facebook.com/rama.nicoli,,,"Ciudad Autónoma de Buenos Aires","Buenos Aires",Argentina,1445166504,"Carolina Damiano",https://www.facebook.com/carolina.damiano,
Juan,Urtubey,juan.urtubey.9@facebook.com,"13 de Febrero",https://www.facebook.com/juan.urtubey.9,,,"Ciudad Autónoma de Buenos Aires","Buenos Aires",Argentina,1378324631,"Carolina Del Campo",https://www.facebook.com/carolina.delcampo2,
"Quiero Viajar","Por Siempre",quieroviajar.porsiempre@facebook.com,"14 de Febrero",https://www.facebook.com/quieroviajar.porsiempre,29,"Buenos Aires","Buenos Aires","Buenos Aires",Argentina,100000426744183,"Carolina Maidana",0,
Jose,Cacciamani,jose.cacciamani@facebook.com,"13 de Febrero",https://www.facebook.com/jose.cacciamani,25,,"Ciudad Autónoma de Buenos Aires","Buenos Aires",Argentina,696212879,"Cecilia Di Gaeta",https://www.facebook.com/cecilia.digaeta,
"Pablo Alejandro","De Aguiar",pablo.deaguiar87@facebook.com,"14 de Febrero",https://www.facebook.com/pablo.deaguiar87,27,,"Ciudad Autónoma de Buenos Aires","Buenos Aires",Argentina,1035130331,"Cecilia Di Gaeta",https://www.facebook.com/cecilia.digaeta,
Pedro,Danibele,pedro.danibele@facebook.com,"13 de Febrero",https://www.facebook.com/pedro.danibele,22,,"Ciudad Autónoma de Buenos Aires","Buenos Aires",Argentina,1184503441,"Cecilia Di Gaeta",https://www.facebook.com/cecilia.digaeta,
Daniel,Ogando,daniel.ogando.35@facebook.com,"13 de Febrero",https://www.facebook.com/daniel.ogando.35,,,"Ciudad Autónoma de Buenos Aires","Buenos Aires",Argentina,1327980235,"Celeste Cabral",,
Natalia,Icardi,natalia.icardi.52@facebook.com,"14 de Febrero",https://www.facebook.com/natalia.icardi.52,25,,"Ciudad Autónoma de Buenos Aires","Buenos Aires",Argentina,100007922195609,"Celeste Heli",https://www.facebook.com/celeste.heli,
"Laura Isbel",Lir,laura.isbel@facebook.com,"13 de Febrero",https://www.facebook.com/laura.isbel,,,"Ciudad Autónoma de Buenos Aires","Buenos Aires",Argentina,100001708440248,"Chanchi Martinez",https://www.facebook.com/chanchi.martinez,
Batucar,Batuqueiros,batucar@facebook.com,"13 de Febrero",https://www.facebook.com/Batucar,,,"Ciudad Autónoma de Buenos Aires","Buenos Aires",Argentina,100001751990900,"Chanchi Martinez",https://www.facebook.com/chanchi.martinez,
Gigi,"De Candia",gringa.gisa@facebook.com,"13 de Febrero",https://www.facebook.com/Gringa.Gisa,25,Barracas,"Ciudad Autónoma de Buenos Aires","Buenos Aires",Argentina,825528562,"Chanchi Martinez",https://www.facebook.com/chanchi.martinez,
Cele,"Del Guercio",celedelguercio@facebook.com,"14 de Febrero",https://www.facebook.com/celedelguercio,,"Buenos Aires","Buenos Aires","Buenos Aires",Argentina,100008991754728,"Charly Ruez",0,
Teresita,Rego,teresita.rego@facebook.com,"13 de Febrero",https://www.facebook.com/teresita.rego,29,,"Ciudad Autónoma de Buenos Aires","Buenos Aires",Argentina,342700036,"Charly Ruez",https://www.facebook.com/charly.ruez,
Agustina,Garelli,agustina.garelli.7@facebook.com,"14 de Febrero",https://www.facebook.com/agustina.garelli.7,26,,"Ciudad Autónoma de Buenos Aires","Buenos Aires",Argentina,1000727169,"Chechu Tayeldin",https://www.facebook.com/chechu.tayeldin,
Yolys,"Teran Avila",yolys.teranavila@facebook.com,"13 de Febrero",https://www.facebook.com/yolys.teranavila,,,"Ciudad Autónoma de Buenos Aires","Buenos Aires",Argentina,1555691184,"Chelu Chavez",https://www.facebook.com/chelu.chavez,
"Fernando Javier",Lema,fernandojavier.lema@facebook.com,"14 de Febrero",https://www.facebook.com/fernandojavier.lema,31,,"Ciudad Autónoma de Buenos Aires","Buenos Aires",Argentina,100001937561191,"Chelu Chavez",https://www.facebook.com/chelu.chavez,
Cubico,Zapatos,cubico.zapatos@facebook.com,"14 de Febrero",https://www.facebook.com/cubico.zapatos,31,,"Ciudad Autónoma de Buenos Aires","Buenos Aires",Argentina,100001992364277,"Chelu Chavez",https://www.facebook.com/chelu.chavez,
"María José",Llancaqueo,mariajose.llancaqueo@facebook.com,"14 de Febrero",https://www.facebook.com/mariajose.llancaqueo,,,"Ciudad Autónoma de Buenos Aires","Buenos Aires",Argentina,1230656150,"Christian Douer Chuky",https://www.facebook.com/christian.chuky,
Florencia,Minghetti,florencia.minghetti@facebook.com,"13 de Febrero",https://www.facebook.com/florencia.minghetti,25,,"Ciudad Autónoma de Buenos Aires","Buenos Aires",Argentina,1158404284,"Christian Douer Chuky",https://www.facebook.com/christian.chuky,
Daro,Vega,daro.vega@facebook.com,"14 de Febrero",https://www.facebook.com/daro.vega,,"Parque Chacabuco","Ciudad Autónoma de Buenos Aires","Buenos Aires",Argentina,790003846,"Christian Kraemer",https://www.facebook.com/christian.kraemer,
Daniela,Modarelli,daniela.modarelli@facebook.com,"13 de Febrero",https://www.facebook.com/daniela.modarelli,,,"Ciudad Autónoma de Buenos Aires","Buenos Aires",Argentina,1013909090,"Christian Marconi",https://www.facebook.com/gmarconi.turismo,
Carolina,Rey,carolina.rey.5015@facebook.com,"14 de Febrero",https://www.facebook.com/carolina.rey.5015,31,,"Ciudad Autónoma de Buenos Aires","Buenos Aires",Argentina,560997700,"Christian Marconi",https://www.facebook.com/gmarconi.turismo,
Federico,Lagache,federico.conefede@facebook.com,"14 de Febrero",https://www.facebook.com/federico.conefede,28,,"Ciudad Autónoma de Buenos Aires","Buenos Aires",Argentina,701380377,"Clara Ryan",https://www.facebook.com/clariryaneventos,
Pia,"Dominguez Alzaga",pia.alzaga@facebook.com,"13 de Febrero",https://www.facebook.com/pia.alzaga,,,"Ciudad Autónoma de Buenos Aires","Buenos Aires",Argentina,1138345729,"Clara Ryan",https://www.facebook.com/clariryaneventos,
Belén,Pizarro,belen.pizarro.58@facebook.com,"14 de Febrero",https://www.facebook.com/belen.pizarro.58,26,,"Ciudad Autónoma de Buenos Aires","Buenos Aires",Argentina,575834525,"Clari MLl",https://www.facebook.com/claritamll,
Guillermina,Fernandez,guillerminafg@facebook.com,"13 de Febrero",https://www.facebook.com/guillerminafg,,,"Ciudad Autónoma de Buenos Aires","Buenos Aires",Argentina,1207193481,"Claudio Arias",https://www.facebook.com/clautrance,
Martin,Truffa,martin.truffa.3@facebook.com,"14 de Febrero",https://www.facebook.com/martin.truffa.3,31,"Buenos Aires","Buenos Aires","Buenos Aires",Argentina,726747606,"Corina Doorish",0,
Lucas,Cohen,la.anaconda.cohen@facebook.com,"13 de Febrero",https://www.facebook.com/la.anaconda.cohen,,,"Ciudad Autónoma de Buenos Aires","Buenos Aires",Argentina,1083167612,"Cristian Andres Romano",,
Masajes,Descontracturantes,@facebook.com,"14 de Febrero",https://www.facebook.com/profile.php?id=100007954776893,34,,"Ciudad Autónoma de Buenos Aires","Buenos Aires",Argentina,100007954776893,"Cristian Fernandez Villamor",https://www.facebook.com/cristian.fernandezvillamo,
"Luis Alberto",Rodriguez,luisalberto.rodriguez.3344913@facebook.com,"14 de Febrero",https://www.facebook.com/luisalberto.rodriguez.3344913,27,,"Ciudad Autónoma de Buenos Aires","Buenos Aires",Argentina,100004531844638,"Cristian Fernandez Villamor",https://www.facebook.com/cristian.fernandezvillamo,
Lucas,Albornoz,lucas.albornoz@facebook.com,"13 de Febrero",https://www.facebook.com/lucas.albornoz,,,"Ciudad Autónoma de Buenos Aires","Buenos Aires",Argentina,524243922,"Cristian Fernandez Villamor",https://www.facebook.com/cristian.fernandezvillamo,
Organica,Sabores,marina.blanco.969@facebook.com,"14 de Febrero",https://www.facebook.com/marina.blanco.969,31,,"Ciudad Autónoma de Buenos Aires","Buenos Aires",Argentina,100007034830946,"Cuadra Vicky",,
Nacho,Rosende,@facebook.com,"13 de Febrero",https://www.facebook.com/profile.php?id=1158145205,27,,"Ciudad Autónoma de Buenos Aires","Buenos Aires",Argentina,1158145205,"Cynthia Tatiana Martinez Neves",https://www.facebook.com/cynthiatatiana.martinezne,
Matías,Edelman,@facebook.com,"14 de Febrero",https://www.facebook.com/profile.php?id=100007293555549,28,,"Ciudad Autónoma de Buenos Aires","Buenos Aires",Argentina,100007293555549,"Débora Piccirilli",https://www.facebook.com/debora.piccirilli1,
Diego,Hernan,diegohernantango@facebook.com,"13 de Febrero",https://www.facebook.com/diegohernantango,,,"Ciudad Autónoma de Buenos Aires","Buenos Aires",Argentina,604859472,"Daiana Solange Labat",https://www.facebook.com/Daichilandia,
Gustavo,Bianchi,gustavo.t.bianchi@facebook.com,"14 de Febrero",https://www.facebook.com/gustavo.t.bianchi,,"La Paternal","Ciudad Autónoma de Buenos Aires","Buenos Aires",Argentina,1052286235,"Daiana Soledad Pintos",https://www.facebook.com/Sheena.is,
Fer,"Art Attack",ferartattack@facebook.com,"13 de Febrero",https://www.facebook.com/ferartattack,,,"Ciudad Autónoma de Buenos Aires","Buenos Aires",Argentina,100002117776657,"Daiana Soledad Pintos",https://www.facebook.com/Sheena.is,
Carolina,"Pérez Preiti",carolina.perezpreiti@facebook.com,"14 de Febrero",https://www.facebook.com/carolina.perezpreiti,,,"Ciudad Autónoma de Buenos Aires","Buenos Aires",Argentina,1076890354,"Daniela Campero",,
Juli,Abancens,juli.abancens@facebook.com,"13 de Febrero",https://www.facebook.com/juli.abancens,22,,"Ciudad Autónoma de Buenos Aires","Buenos Aires",Argentina,557719539,"Daniela Riva",,
Ale,Tkachuk,alejandrogabriel.tkachuk@facebook.com,"13 de Febrero",https://www.facebook.com/alejandrogabriel.tkachuk,28,,"Ciudad Autónoma de Buenos Aires","Buenos Aires",Argentina,1287431500,"Daniela Riva",,
Carolina,Cayetti,carocayetti@facebook.com,"14 de Febrero",https://www.facebook.com/carocayetti,,,"Ciudad Autónoma de Buenos Aires","Buenos Aires",Argentina,1113265576,"Daniela Sevilla",,
Turco,Fulcheri,licha.fulcheri@facebook.com,"13 de Febrero",https://www.facebook.com/licha.fulcheri,,,"Ciudad Autónoma de Buenos Aires","Buenos Aires",Argentina,1130741340,"Debora Malvestuto",https://www.facebook.com/dmalvestuto,
Eddu,Soto,eddublak@facebook.com,"14 de Febrero",https://www.facebook.com/eddublak,24,,"Ciudad Autónoma de Buenos Aires","Buenos Aires",Argentina,100000448863125,"Demián Gabriel",,
"Matias Ezequiel",Cantero,matiasezequiel.cantero@facebook.com,"14 de Febrero",https://www.facebook.com/matiasezequiel.cantero,24,,"Ciudad Autónoma de Buenos Aires","Buenos Aires",Argentina,100000451550452,"Demián Gabriel",,
Nico,Meridiano,nicolasurlacher@facebook.com,"14 de Febrero",https://www.facebook.com/NicolasUrlacher,25,,"Ciudad Autónoma de Buenos Aires","Buenos Aires",Argentina,1367270094,"Diego Urlacher",,
Emiliano,"Di St",emiliano.dist@facebook.com,"13 de Febrero",https://www.facebook.com/emiliano.dist,,,"Ciudad Autónoma de Buenos Aires","Buenos Aires",Argentina,100000266241807,"Diego Urlacher",,
Fernanda,Serra,fernand.serr@facebook.com,"13 de Febrero",https://www.facebook.com/fernand.serr,24,,"Ciudad Autónoma de Buenos Aires","Buenos Aires",Argentina,1094127976,"Diego Vasquez",,
Sofi,Vago,sofi.vago@facebook.com,"13 de Febrero",https://www.facebook.com/sofi.vago,24,,"Ciudad Autónoma de Buenos Aires","Buenos Aires",Argentina,660278825,"Diego Vasquez",,
Victoria,Cano,vichy.cano@facebook.com,"14 de Febrero",https://www.facebook.com/vichy.cano,,,"Ciudad Autónoma de Buenos Aires","Buenos Aires",Argentina,648707428,"Divino Vestuario Salve",https://www.facebook.com/salvedivinovestuario,
Bárbara,Iansilevich,barbibarbi@facebook.com,"13 de Febrero",https://www.facebook.com/BarbiBarbi,,,"Ciudad Autónoma de Buenos Aires","Buenos Aires",Argentina,548902776,"Divino Vestuario Salve",https://www.facebook.com/salvedivinovestuario,
Crista,Vielman,crista.vielman@facebook.com,"14 de Febrero",https://www.facebook.com/crista.vielman,25,,"Ciudad Autónoma de Buenos Aires","Buenos Aires",Argentina,501372852,"Emanuel Gaston Perdigues",https://www.facebook.com/emaxpx,
Valeria,Scilabra,valeriabeatrizs@facebook.com,"13 de Febrero",https://www.facebook.com/valeriabeatrizs,,,"Ciudad Autónoma de Buenos Aires","Buenos Aires",Argentina,1103208605,"Emilia Namkoong",https://www.facebook.com/emilia.namkoong,
Yamila,Matella,yaam.mtlla@facebook.com,"14 de Febrero",https://www.facebook.com/Yaam.Mtlla,22,,"Ciudad Autónoma de Buenos Aires","Buenos Aires",Argentina,1383050666,"Emiliano Cazanetz Dick",https://www.facebook.com/emiliano.cazanetzdick,
Bar,Rocco,bar.prana@facebook.com,"14 de Febrero",https://www.facebook.com/bar.prana,21,,"Ciudad Autónoma de Buenos Aires","Buenos Aires",Argentina,100006866050735,"Emiliano Pirolo",https://www.facebook.com/emi.pirolo,
Cami,Lagos,cami.lagos.12@facebook.com,"14 de Febrero",https://www.facebook.com/cami.lagos.12,,,"Ciudad Autónoma de Buenos Aires","Buenos Aires",Argentina,1541195363,"Emiliano Pirolo",https://www.facebook.com/emi.pirolo,
Martu,"Lopez Madelaire",martulow@facebook.com,"14 de Febrero",https://www.facebook.com/martulow,,,"Ciudad Autónoma de Buenos Aires","Buenos Aires",Argentina,100003937343893,"Emiliano Pirolo",https://www.facebook.com/emi.pirolo,
Mica,"Diaz Rasmussen",micaa.rasmussen@facebook.com,"14 de Febrero",https://www.facebook.com/micaa.rasmussen,,,"Ciudad Autónoma de Buenos Aires","Buenos Aires",Argentina,1461516512,"Emiliano Pirolo",https://www.facebook.com/emi.pirolo,
Pino,Jeans,pinojeans@facebook.com,"14 de Febrero",https://www.facebook.com/PINOJEANS,31,,"Ciudad Autónoma de Buenos Aires","Buenos Aires",Argentina,1673734496,"Emiliano Pirolo",https://www.facebook.com/emi.pirolo,
Gi,Na,@facebook.com,"14 de Febrero",https://www.facebook.com/profile.php?id=100006924406102,,,"Ciudad Autónoma de Buenos Aires","Buenos Aires",Argentina,100006924406102,"Emme Elle Russo",https://www.facebook.com/emme.shantiom,
Margaryta,Ortega,margaritaortega28@facebook.com,"14 de Febrero",https://www.facebook.com/margaritaortega28,,,"Ciudad Autónoma de Buenos Aires","Buenos Aires",Argentina,1372435964,"Emme Elle Russo",https://www.facebook.com/emme.shantiom,
Tati,Meresman,tati.meresman@facebook.com,"14 de Febrero",https://www.facebook.com/tati.meresman,22,,"Ciudad Autónoma de Buenos Aires","Buenos Aires",Argentina,100000204973392,"Eve Schiera",,
Sabrina,Corazzi,sabrina.corazzi.3@facebook.com,"14 de Febrero",https://www.facebook.com/sabrina.corazzi.3,26,,"Ciudad Autónoma de Buenos Aires","Buenos Aires",Argentina,554737266,"Eve Schiera",,
Abi,Romero,abi.romero1@facebook.com,"13 de Febrero",https://www.facebook.com/abi.romero1,23,,"Ciudad Autónoma de Buenos Aires","Buenos Aires",Argentina,1621654072,"Evelina Ferreira",,
Alejandro,Sileo,alejandro.sileo@facebook.com,"13 de Febrero",https://www.facebook.com/alejandro.sileo,,,"Ciudad Autónoma de Buenos Aires","Buenos Aires",Argentina,100000862986673,"Ezequiel Sebastian Berardi",https://www.facebook.com/EzErAsTa,
Romina,Lanatta,rlanatta@facebook.com,"13 de Febrero",https://www.facebook.com/rlanatta,28,,"Ciudad Autónoma de Buenos Aires","Buenos Aires",Argentina,1235285060,"Ezequiel Sebastian Berardi",https://www.facebook.com/EzErAsTa,
Johannes,Plachetka,johannes.plachetka@facebook.com,"14 de Febrero",https://www.facebook.com/johannes.plachetka,,,"Ciudad Autónoma de Buenos Aires","Buenos Aires",Argentina,100000948288668,"Fátima Belén Zárate",,
Emily,Rose,emily.rose.1840070@facebook.com,"14 de Febrero",https://www.facebook.com/emily.rose.1840070,,,"Ciudad Autónoma de Buenos Aires","Buenos Aires",Argentina,1005247304,"Fabio Ezequiel Farruggio",https://www.facebook.com/ffachurro,
Agustina,Hernandez,aagustinahernandez@facebook.com,"13 de Febrero",https://www.facebook.com/aagustinahernandez,,,"Ciudad Autónoma de Buenos Aires","Buenos Aires",Argentina,1652185860,"Facu Denegri",,
SerGio,Rodriguez,chechotalarga@facebook.com,"13 de Febrero",https://www.facebook.com/ChechoTalarga,,,"Ciudad Autónoma de Buenos Aires","Buenos Aires",Argentina,1311150296,"Fede Martinez",https://www.facebook.com/fedemartinez17,
Nataly,Querques,nataly.querques@facebook.com,"14 de Febrero",https://www.facebook.com/nataly.querques,22,,"Ciudad Autónoma de Buenos Aires","Buenos Aires",Argentina,1421726666,"Fede Martinez",https://www.facebook.com/fedemartinez17,
Sebastian,Chocho,sebastian.chocho.35@facebook.com,"13 de Febrero",https://www.facebook.com/sebastian.chocho.35,25,,"Ciudad Autónoma de Buenos Aires","Buenos Aires",Argentina,726521031,"Fede Molina",,
Muriel,Balbi,muriel.balbi@facebook.com,"14 de Febrero",https://www.facebook.com/muriel.balbi,,,"Ciudad Autónoma de Buenos Aires","Buenos Aires",Argentina,836458258,"Felicitas Ghigliotti",https://www.facebook.com/felicitas.ghigliotti,
Ale,Scotto,pekis.ale@facebook.com,"14 de Febrero",https://www.facebook.com/pekis.ale,,,"Ciudad Autónoma de Buenos Aires","Buenos Aires",Argentina,532854590,"Felicitas Ghigliotti",https://www.facebook.com/felicitas.ghigliotti,
Anita,Tahier,nuni.tahier@facebook.com,"13 de Febrero",https://www.facebook.com/nuni.tahier,,,"Ciudad Autónoma de Buenos Aires","Buenos Aires",Argentina,660370196,"Felicitas Ghigliotti",https://www.facebook.com/felicitas.ghigliotti,
"Maria Ines","Di Pace",inesdipace@facebook.com,"14 de Febrero",https://www.facebook.com/inesdipace,23,,"Ciudad Autónoma de Buenos Aires","Buenos Aires",Argentina,1089761681,"Felipe Cianciarulo",https://www.facebook.com/fcianciarulo,
Florencia,Ameijenda,florencia.ameijenda@facebook.com,"14 de Febrero",https://www.facebook.com/florencia.ameijenda,25,,"Ciudad Autónoma de Buenos Aires","Buenos Aires",Argentina,737457493,"Felipe Cianciarulo",https://www.facebook.com/fcianciarulo,
Natalia,Passalia,natalia.passalia@facebook.com,"13 de Febrero",https://www.facebook.com/natalia.passalia,,,"Ciudad Autónoma de Buenos Aires","Buenos Aires",Argentina,1263136822,"Flor Botana",,
Ariel,Kaplan,aridkaplan@facebook.com,"14 de Febrero",https://www.facebook.com/aridkaplan,28,,"Ciudad Autónoma de Buenos Aires","Buenos Aires",Argentina,1108448144,"Flor Botana",,
Mariana,Mansilla,marianapmansilla@facebook.com,"13 de Febrero",https://www.facebook.com/marianapmansilla,33,,"Ciudad Autónoma de Buenos Aires","Buenos Aires",Argentina,653938659,"Flor Freixas",https://www.facebook.com/freichus,
Francisco,Mayol,francisco.mayol1@facebook.com,"13 de Febrero",https://www.facebook.com/francisco.mayol1,,,"Ciudad Autónoma de Buenos Aires","Buenos Aires",Argentina,837249161,"Flor Freixas",https://www.facebook.com/freichus,
Paz,Temprano,paz.temprano@facebook.com,"14 de Febrero",https://www.facebook.com/paz.temprano,27,,"Ciudad Autónoma de Buenos Aires","Buenos Aires",Argentina,727596694,"Flor Gonzalez",,
Lucila,Verdesco,lucila.verdesco@facebook.com,"14 de Febrero",https://www.facebook.com/lucila.verdesco,29,,"Ciudad Autónoma de Buenos Aires","Buenos Aires",Argentina,100001267958168,"Flor Gonzalez",,
Mirian,Mascia,mirian.mascia@facebook.com,"14 de Febrero",https://www.facebook.com/mirian.mascia,,,"Ciudad Autónoma de Buenos Aires","Buenos Aires",Argentina,1509722692,"Flor Scalise",https://www.facebook.com/flor.scalise,
Claudio,"Rafalowicz Eventos",claudio.rafalowiczeventos@facebook.com,"14 de Febrero",https://www.facebook.com/claudio.rafalowiczeventos,,,"Ciudad Autónoma de Buenos Aires","Buenos Aires",Argentina,1784290372,"Flor Scalise",https://www.facebook.com/flor.scalise,
Esteban,Provenzano,esteban.provenzano.3@facebook.com,"14 de Febrero",https://www.facebook.com/esteban.provenzano.3,28,"Villa Del Parque","Ciudad Autónoma de Buenos Aires","Buenos Aires",Argentina,845140276,"Flor Scalise",https://www.facebook.com/flor.scalise,
Minimal,Cine,minimal.cine@facebook.com,"14 de Febrero",https://www.facebook.com/minimal.cine,,,"Ciudad Autónoma de Buenos Aires","Buenos Aires",Argentina,100002515167064,"Flor Scalise",https://www.facebook.com/flor.scalise,
Mariana,"Mango Rojas",mariana.mangorojas@facebook.com,"14 de Febrero",https://www.facebook.com/mariana.mangorojas,25,,"Ciudad Autónoma de Buenos Aires","Buenos Aires",Argentina,1027040294,"Flor Vischi Cortés",https://www.facebook.com/flor.vischi,
Ivan,Oviedo,ivanoviedoo@facebook.com,"14 de Febrero",https://www.facebook.com/ivanoviedoo,24,,"Ciudad Autónoma de Buenos Aires","Buenos Aires",Argentina,1384358296,"Florencia Ferrari",https://www.facebook.com/florenciaferrari.1403,
Omar,Santaolalla,omar.santaolalla@facebook.com,"13 de Febrero",https://www.facebook.com/omar.santaolalla,29,"Villa Devoto","Ciudad Autónoma de Buenos Aires","Buenos Aires",Argentina,100002494650088,"Florencia Ferrari",https://www.facebook.com/florenciaferrari.1403,
Yanina,Fischer,yanina.fischer@facebook.com,"14 de Febrero",https://www.facebook.com/yanina.fischer,33,,"Ciudad Autónoma de Buenos Aires","Buenos Aires",Argentina,612011990,"Fran L. Ocampo",https://www.facebook.com/franco,
Pablo,Pol,djpablopol.1@facebook.com,"13 de Febrero",https://www.facebook.com/djpablopol.1,,,"Ciudad Autónoma de Buenos Aires","Buenos Aires",Argentina,100006022444414,"Fran L. Ocampo",https://www.facebook.com/franco,
Daniela,"Rodriguez Paulet",daniela.rodriguezpaulet@facebook.com,"14 de Febrero",https://www.facebook.com/daniela.rodriguezpaulet,33,,"Ciudad Autónoma de Buenos Aires","Buenos Aires",Argentina,777684231,"Franco Marcoccia",https://www.facebook.com/franco.marcoccia,
Walter,Mardones,walterjmardones@facebook.com,"13 de Febrero",https://www.facebook.com/walterjmardones,,,"Ciudad Autónoma de Buenos Aires","Buenos Aires",Argentina,1138446555,"Franco Marcoccia",https://www.facebook.com/franco.marcoccia,
Gaston,Herrera,fgastn@facebook.com,"14 de Febrero",https://www.facebook.com/FGastn,35,,"Ciudad Autónoma de Buenos Aires","Buenos Aires",Argentina,810522541,"Franco Marcoccia",https://www.facebook.com/franco.marcoccia,
Savedata,Srl,savedata.srl@facebook.com,"14 de Febrero",https://www.facebook.com/savedata.srl,,,"Ciudad Autónoma de Buenos Aires","Buenos Aires",Argentina,100001190935466,"Franco Palermo",,
Leonardo,Calabrese,leonardo.calabrese.12@facebook.com,"13 de Febrero",https://www.facebook.com/leonardo.calabrese.12,,,"Ciudad Autónoma de Buenos Aires","Buenos Aires",Argentina,1356741148,"Gabriel Bertagnolli",,
Nicolás,Urrutia,nicolas.urrutia@facebook.com,"14 de Febrero",https://www.facebook.com/nicolas.urrutia,31,,"Ciudad Autónoma de Buenos Aires","Buenos Aires",Argentina,1422221880,"Gabriel Gutierrez",,
So,Limpitos,so.limpitos@facebook.com,"14 de Febrero",https://www.facebook.com/so.limpitos,31,,"Ciudad Autónoma de Buenos Aires","Buenos Aires",Argentina,1424842122,"Gabriel Gutierrez",,
Esteban,Bagnato,ebagnato@facebook.com,"14 de Febrero",https://www.facebook.com/ebagnato,28,Recoleta,"Ciudad Autónoma de Buenos Aires","Buenos Aires",Argentina,1171074752,"Gabriel Gutierrez",,
Juan,Lobo,juan.c.lobo.52@facebook.com,"13 de Febrero",https://www.facebook.com/juan.c.lobo.52,32,,"Ciudad Autónoma de Buenos Aires","Buenos Aires",Argentina,1253422032,"Gabriel Gutierrez",,
Iris,Britos,britos.iris@facebook.com,"13 de Febrero",https://www.facebook.com/Britos.Iris,,,"Ciudad Autónoma de Buenos Aires","Buenos Aires",Argentina,1746132831,"Gabriela Competiello",,
"Patas Largas","Teatro Para Niños",pataslargas.teatroparaninos@facebook.com,"13 de Febrero",https://www.facebook.com/pataslargas.teatroparaninos,26,,"Ciudad Autónoma de Buenos Aires","Buenos Aires",Argentina,100006933271543,"Gabriela Prietoo",,
Marcelo,Mapelman,marcelo.mapelman@facebook.com,"14 de Febrero",https://www.facebook.com/marcelo.mapelman,,,"Ciudad Autónoma de Buenos Aires","Buenos Aires",Argentina,1043318628,"Gabriela Santoro",https://www.facebook.com/vgs141,
Pablo,Martínez,pablosuarezmartinez@facebook.com,"13 de Febrero",https://www.facebook.com/pablosuarezmartinez,,"Buenos Aires","Buenos Aires","Buenos Aires",Argentina,762120149,"Gabriella Rouiller",0,
Gipoles,Argentina,gipoles@facebook.com,"14 de Febrero",https://www.facebook.com/gipoles,33,,"Ciudad Autónoma de Buenos Aires","Buenos Aires",Argentina,1289247002,"Gaby Pascuali",https://www.facebook.com/gabriela.pascuali,
Eva,Principe,eva.principe.5@facebook.com,"14 de Febrero",https://www.facebook.com/eva.principe.5,,,"Ciudad Autónoma de Buenos Aires","Buenos Aires",Argentina,1175695794,"Gaby Pascuali",https://www.facebook.com/gabriela.pascuali,
Bibi,Land,bibuvan@facebook.com,"14 de Febrero",https://www.facebook.com/bibuvan,,"Buenos Aires","Buenos Aires","Buenos Aires",Argentina,1248592633,"Gaston Vilalta",0,
Juan,Cruz,@facebook.com,"14 de Febrero",https://www.facebook.com/profile.php?id=1162472776,34,,"Ciudad Autónoma de Buenos Aires","Buenos Aires",Argentina,1162472776,"Gilson Piegas",https://www.facebook.com/Isenbeck,
Daniel,Aguero,daniel.aguero.1023@facebook.com,"13 de Febrero",https://www.facebook.com/daniel.aguero.1023,33,,"Ciudad Autónoma de Buenos Aires","Buenos Aires",Argentina,100000150862050,"Gimena Yamila Yerden Giaquinto",https://www.facebook.com/Gimetrance,
Tommy,Dalbagni,tommy.dalbagni@facebook.com,"14 de Febrero",https://www.facebook.com/tommy.dalbagni,31,,"Ciudad Autónoma de Buenos Aires","Buenos Aires",Argentina,659998758,"Giovanna Castellino",https://www.facebook.com/giovanna.castellino,
Alicia,Fragasso,afragasso@facebook.com,"14 de Febrero",https://www.facebook.com/afragasso,,,"Ciudad Autónoma de Buenos Aires","Buenos Aires",Argentina,100000192954368,"Gisela Indjadjik",https://www.facebook.com/gisela.indjadjik,
"Eduardo Jose","Kilidjian Elmasian",eduardojose.kilidjianelmasian@facebook.com,"14 de Febrero",https://www.facebook.com/eduardojose.kilidjianelmasian,,,"Ciudad Autónoma de Buenos Aires","Buenos Aires",Argentina,100000200635550,"Gisela Indjadjik",https://www.facebook.com/gisela.indjadjik,
Juliana,Ceci,2fridas@facebook.com,"14 de Febrero",https://www.facebook.com/2fridas,35,,"Ciudad Autónoma de Buenos Aires","Buenos Aires",Argentina,1582502437,"Gisela Tesei",,
Flor,Riente,flor.riente@facebook.com,"13 de Febrero",https://www.facebook.com/flor.riente,24,,"Ciudad Autónoma de Buenos Aires","Buenos Aires",Argentina,1238741516,"Giselle G Mas",https://www.facebook.com/ftw.73,
Facu,"Caseres Aquino",facundo.caseresaquino@facebook.com,"14 de Febrero",https://www.facebook.com/facundo.caseresaquino,,,"Ciudad Autónoma de Buenos Aires","Buenos Aires",Argentina,1117592838,"Gonzalo Bussetti",https://www.facebook.com/gonzalo.bussetti,
Victoria,Queirolo,victoria.queirolo@facebook.com,"13 de Febrero",https://www.facebook.com/victoria.queirolo,,,"Ciudad Autónoma de Buenos Aires","Buenos Aires",Argentina,729005704,"Gonzalo Bussetti",https://www.facebook.com/gonzalo.bussetti,
Lautaro,Cataldo,lautaca@facebook.com,"14 de Febrero",https://www.facebook.com/lautaca,24,,"Ciudad Autónoma de Buenos Aires","Buenos Aires",Argentina,580886609,"Gonzalo Bussetti",https://www.facebook.com/gonzalo.bussetti,
Franco,Kassabchi,kachitaa@facebook.com,"13 de Febrero",https://www.facebook.com/Kachitaa,,,"Ciudad Autónoma de Buenos Aires","Buenos Aires",Argentina,1424916589,"Guido Moncayo",https://www.facebook.com/guido.moncayo,
Esteban,Lalheugue,esteban.lalheugue@facebook.com,"13 de Febrero",https://www.facebook.com/esteban.lalheugue,,,"Ciudad Autónoma de Buenos Aires","Buenos Aires",Argentina,745010679,"Guille Rampo",https://www.facebook.com/guillermo.rampo,
Curso,"de Pnl",cursodepnl@facebook.com,"14 de Febrero",https://www.facebook.com/cursodepnl,31,,"Ciudad Autónoma de Buenos Aires","Buenos Aires",Argentina,1057215482,"Hector Falsone",https://www.facebook.com/hector.falsone,
Martin,Bianchi,martin.bianchi.35@facebook.com,"14 de Febrero",https://www.facebook.com/martin.bianchi.35,,,"Ciudad Autónoma de Buenos Aires","Buenos Aires",Argentina,1243857906,"Ignacio Busquiazo",https://www.facebook.com/ignacio.busquiazo,
Liliana,Verdinelli,lverdinelli@facebook.com,"13 de Febrero",https://www.facebook.com/lverdinelli,,,"Ciudad Autónoma de Buenos Aires","Buenos Aires",Argentina,1143403927,"Irma Mercedes Palma",,
Diego,VN,diego.vnts@facebook.com,"14 de Febrero",https://www.facebook.com/diego.vnts,,,"Ciudad Autónoma de Buenos Aires","Buenos Aires",Argentina,1534530644,"Irma Mercedes Palma",,
Camila,Agnoletti,camila.agnoletti@facebook.com,"13 de Febrero",https://www.facebook.com/camila.agnoletti,22,,"Ciudad Autónoma de Buenos Aires","Buenos Aires",Argentina,100006452216526,"Isa Bensusan Millé",,
Antonella,Cattaneo,cattaneoanto@facebook.com,"13 de Febrero",https://www.facebook.com/cattaneoanto,,,"Ciudad Autónoma de Buenos Aires","Buenos Aires",Argentina,711258949,"Ivan Achaval",https://www.facebook.com/ivancho.achaval,
Ni?ta,Tienda,nistaclothes@facebook.com,"14 de Febrero",https://www.facebook.com/nistaclothes,,,"Ciudad Autónoma de Buenos Aires","Buenos Aires",Argentina,100001838632050,"Jessica Bellomo",https://www.facebook.com/JessBellomo,
Marian,Princic,marian.princic@facebook.com,"14 de Febrero",https://www.facebook.com/marian.princic,,,"Ciudad Autónoma de Buenos Aires","Buenos Aires",Argentina,1043094274,"Jimena Zaccardi",https://www.facebook.com/Jimediab,
Hernan,Tain,heru.tain@facebook.com,"14 de Febrero",https://www.facebook.com/heru.tain,,,"Ciudad Autónoma de Buenos Aires","Buenos Aires",Argentina,1546167751,"Joaquin Barraco",https://www.facebook.com/chino.barraco,
Valentina,Rocha,valenrocha13@facebook.com,"13 de Febrero",https://www.facebook.com/valenrocha13,,,"Ciudad Autónoma de Buenos Aires","Buenos Aires",Argentina,1208359757,"Joaquin Barraco",https://www.facebook.com/chino.barraco,
Silvina,Rion,silvina.rion@facebook.com,"13 de Febrero",https://www.facebook.com/silvina.rion,30,Colegiales,"Ciudad Autónoma de Buenos Aires","Buenos Aires",Argentina,1457254342,"Joaquin Perez Flenche",,
Nando,Fariña,nand0xd@facebook.com,"13 de Febrero",https://www.facebook.com/Nand0xD,29,,"Ciudad Autónoma de Buenos Aires","Buenos Aires",Argentina,1424173289,"Jobs Bar",https://www.facebook.com/jobsbar,
André,Guedes,andre.guedes.71@facebook.com,"14 de Febrero",https://www.facebook.com/andre.guedes.71,23,,"Ciudad Autónoma de Buenos Aires","Buenos Aires",Argentina,1849236678,"Jobs Bar",https://www.facebook.com/jobsbar,
Alan,"Lucio Vivar",alan.luciovivar@facebook.com,"13 de Febrero",https://www.facebook.com/alan.luciovivar,22,,"Ciudad Autónoma de Buenos Aires","Buenos Aires",Argentina,1233905561,"Jobs Bar",https://www.facebook.com/jobsbar,
Pablo,Molina,pablito.molina@facebook.com,"13 de Febrero",https://www.facebook.com/pablito.molina,,,"Ciudad Autónoma de Buenos Aires","Buenos Aires",Argentina,654854153,"Jobs Bar",https://www.facebook.com/jobsbar,
Lari,Gahan,lari.gahan@facebook.com,"14 de Febrero",https://www.facebook.com/lari.gahan,,,"Ciudad Autónoma de Buenos Aires","Buenos Aires",Argentina,1580433538,"Jobs Bar",https://www.facebook.com/jobsbar,
Nadu,Pedrozo,nadu.pedrozo@facebook.com,"14 de Febrero",https://www.facebook.com/nadu.pedrozo,,,"Ciudad Autónoma de Buenos Aires","Buenos Aires",Argentina,1476154988,"Jobs Bar",https://www.facebook.com/jobsbar,
Lucas,Jorge,lucas.jorge.92@facebook.com,"14 de Febrero",https://www.facebook.com/lucas.jorge.92,22,,"Ciudad Autónoma de Buenos Aires","Buenos Aires",Argentina,1073890874,"Jobs Bar",https://www.facebook.com/jobsbar,
Heber,Samaniego,heber.samaniego@facebook.com,"14 de Febrero",https://www.facebook.com/heber.samaniego,,,"Ciudad Autónoma de Buenos Aires","Buenos Aires",Argentina,568301701,"Jobs Bar",https://www.facebook.com/jobsbar,
Veronica,Castillo,veronica.castillo.54966834@facebook.com,"13 de Febrero",https://www.facebook.com/veronica.castillo.54966834,34,,"Ciudad Autónoma de Buenos Aires","Buenos Aires",Argentina,1360428176,"Jochuu Rodriguez Linck",https://www.facebook.com/jochuu.rodriguezlinck,
Maris,Ferri,maris.ferri@facebook.com,"14 de Febrero",https://www.facebook.com/maris.ferri,25,,"Ciudad Autónoma de Buenos Aires","Buenos Aires",Argentina,1148041777,"Jonathan Julian",,
Kela,Baez,kela.baez.3@facebook.com,"14 de Febrero",https://www.facebook.com/kela.baez.3,25,,"Ciudad Autónoma de Buenos Aires","Buenos Aires",Argentina,100000440495849,"Jonathan Julian",,
Maria,Debonis,maria.debonis.520@facebook.com,"14 de Febrero",https://www.facebook.com/maria.debonis.520,,,"Ciudad Autónoma de Buenos Aires","Buenos Aires",Argentina,540717135,"Jose Guevara",https://www.facebook.com/JoeGuevara81,
Pipi,Pierretti,pipi.pieretti@facebook.com,"14 de Febrero",https://www.facebook.com/pipi.pieretti,30,,"Ciudad Autónoma de Buenos Aires","Buenos Aires",Argentina,708983032,"Jose Guevara",https://www.facebook.com/JoeGuevara81,
Alejandro,Márquez,alejandroleonmarquez@facebook.com,"13 de Febrero",https://www.facebook.com/alejandroleonmarquez,27,,"Ciudad Autónoma de Buenos Aires","Buenos Aires",Argentina,515454140,"Joshua Oglio",,
Stefania,Crudeli,stefania.crudeli@facebook.com,"13 de Febrero",https://www.facebook.com/stefania.crudeli,,,"Ciudad Autónoma de Buenos Aires","Buenos Aires",Argentina,716402670,"Juan Antonio Papagni Meca",https://www.facebook.com/juanantoniopapagnimeca,
Matias,Anselmo,matias.anselmo@facebook.com,"13 de Febrero",https://www.facebook.com/matias.anselmo,29,Congreso,"Ciudad Autónoma de Buenos Aires","Buenos Aires",Argentina,622048433,"Juan Antonio Papagni Meca",https://www.facebook.com/juanantoniopapagnimeca,
Veronica,Capuzzi,veronica.capuzzi@facebook.com,"13 de Febrero",https://www.facebook.com/veronica.capuzzi,,,"Ciudad Autónoma de Buenos Aires","Buenos Aires",Argentina,1182154661,"Juan Clemente",,
Fly,Eventos,eventosfly@facebook.com,"13 de Febrero",https://www.facebook.com/eventosfly,,,"Ciudad Autónoma de Buenos Aires","Buenos Aires",Argentina,100000760611221,"Juan Manuel Fotografo",https://www.facebook.com/JuanmaJMFotoEstudio,
Ariel,Pastor,arielpastor@facebook.com,"13 de Febrero",https://www.facebook.com/arielpastor,30,"Buenos Aires","Buenos Aires","Buenos Aires",Argentina,1366082594,"Juan Pablo Aleman",0,
Aldana,Angelinetti,aloicita@facebook.com,"14 de Febrero",https://www.facebook.com/aloicita,30,"Buenos Aires","Buenos Aires","Buenos Aires",Argentina,729423868,"Juan Pablo Aleman",0,
Justina,"Sarmiento Pont",,"14 de Febrero",https://www.facebook.com/profile.php?id=100005560275212,29,Array,"Ciudad Autónoma de Buenos Aires","Buenos Aires",Argentina,100005560275212,"Juan Pablo Aleman",0,
Daniela,Montini,danimontini@facebook.com,"13 de Febrero",https://www.facebook.com/DaniMontini,27,"Buenos Aires","Buenos Aires","Buenos Aires",Argentina,511921426,"Juan Pablo Aleman",0,
Alejandro,Herrera,luisherrera9@facebook.com,"14 de Febrero",https://www.facebook.com/LuisHerrera9,,"Buenos Aires","Buenos Aires","Buenos Aires",Argentina,100000464680652,"Juan Pablo Aleman",0,
Victoria,Lipera,victoria.lipera.1@facebook.com,"13 de Febrero",https://www.facebook.com/victoria.lipera.1,23,,"Ciudad Autónoma de Buenos Aires","Buenos Aires",Argentina,600152354,"Juani Luciani",https://www.facebook.com/ayjuancito83,
Felipe,"De Santa Cruz",felipe.desantacruz@facebook.com,"14 de Febrero",https://www.facebook.com/felipe.desantacruz,23,,"Ciudad Autónoma de Buenos Aires","Buenos Aires",Argentina,100000578136627,"Juli Sremac",https://www.facebook.com/juli.sremac,
Manuel,"Fernandez Madrid",manuel.fernandezmadrid@facebook.com,"13 de Febrero",https://www.facebook.com/manuel.fernandezmadrid,22,,"Ciudad Autónoma de Buenos Aires","Buenos Aires",Argentina,609783530,"Juli Sremac",https://www.facebook.com/juli.sremac,
Cande,"Alonso Parra",cande.alonsoparra@facebook.com,"13 de Febrero",https://www.facebook.com/cande.alonsoparra,28,,"Ciudad Autónoma de Buenos Aires","Buenos Aires",Argentina,1070433985,"Julieta Abreu Frank",https://www.facebook.com/julieta.abreufrank,
Javier,Guzman,javadguz@facebook.com,"14 de Febrero",https://www.facebook.com/Javadguz,34,,"Ciudad Autónoma de Buenos Aires","Buenos Aires",Argentina,549482418,"Julieta Tettamanzi",https://www.facebook.com/Chuchu1979,
Sixto,Castro,@facebook.com,"14 de Febrero",https://www.facebook.com/profile.php?id=100008172729423,,,"Ciudad Autónoma de Buenos Aires","Buenos Aires",Argentina,100008172729423,"Julio Bittancourt",https://www.facebook.com/jbittancourt,
"Hector Anibal",Leguizamon,@facebook.com,"14 de Febrero",https://www.facebook.com/profile.php?id=100005290215382,33,,"Ciudad Autónoma de Buenos Aires","Buenos Aires",Argentina,100005290215382,"Julio Roberto Cuevas",https://www.facebook.com/julioroberto.cuevas,
Francisco,O'Grady,chinook1980@facebook.com,"14 de Febrero",https://www.facebook.com/Chinook1980,,,"Ciudad Autónoma de Buenos Aires","Buenos Aires",Argentina,614052333,"Justin Temperley",https://www.facebook.com/justin.temperley,
Maria,Herrera,hermarialaura@facebook.com,"13 de Febrero",https://www.facebook.com/hermarialaura,28,,"Ciudad Autónoma de Buenos Aires","Buenos Aires",Argentina,655539536,"Karen Vilariño",https://www.facebook.com/karen.vilarino,
Carla,Kiddo,carla.kiddo@facebook.com,"13 de Febrero",https://www.facebook.com/carla.kiddo,,,"Ciudad Autónoma de Buenos Aires","Buenos Aires",Argentina,1556448044,"La Rockeria",https://www.facebook.com/oveja1,
Anabella,Valencia,anabella.valencia.52@facebook.com,"14 de Febrero",https://www.facebook.com/anabella.valencia.52,,,"Ciudad Autónoma de Buenos Aires","Buenos Aires",Argentina,571559573,"La Rockeria",https://www.facebook.com/oveja1,
Fabi,Mateos,fitomateos@facebook.com,"13 de Febrero",https://www.facebook.com/fitomateos,,,"Ciudad Autónoma de Buenos Aires","Buenos Aires",Argentina,1635881167,"La Rockeria",https://www.facebook.com/oveja1,
Manu,Cena,manuel.cena.16@facebook.com,"14 de Febrero",https://www.facebook.com/manuel.cena.16,24,,"Ciudad Autónoma de Buenos Aires","Buenos Aires",Argentina,1665386907,"La Rockeria",https://www.facebook.com/oveja1,
Laura,Tuny,laura.tuny@facebook.com,"13 de Febrero",https://www.facebook.com/laura.tuny,,,"Ciudad Autónoma de Buenos Aires","Buenos Aires",Argentina,525754991,"La Rockeria",https://www.facebook.com/oveja1,
Andrés,Iribarne,airibarne@facebook.com,"14 de Febrero",https://www.facebook.com/airibarne,,,"Ciudad Autónoma de Buenos Aires","Buenos Aires",Argentina,636812560,"Laly Sereda",https://www.facebook.com/lalisereda,
Roby,Triller,roby.triller.3@facebook.com,"14 de Febrero",https://www.facebook.com/roby.triller.3,,,"Ciudad Autónoma de Buenos Aires","Buenos Aires",Argentina,100001289030770,"Laly Sereda",https://www.facebook.com/lalisereda,
Andrea,Zitto,andryquemera@facebook.com,"14 de Febrero",https://www.facebook.com/andryquemera,30,,"Ciudad Autónoma de Buenos Aires","Buenos Aires",Argentina,1600478061,"Lea Lopez",https://www.facebook.com/Leanwest,
Andrea,Luraschi,a.sofi14@facebook.com,"14 de Febrero",https://www.facebook.com/A.Sofi14,26,,"Ciudad Autónoma de Buenos Aires","Buenos Aires",Argentina,1311635050,"Leandro Matias",,
Ezequiel,Borovinsky,ezeboro@facebook.com,"13 de Febrero",https://www.facebook.com/ezeboro,,,"Ciudad Autónoma de Buenos Aires","Buenos Aires",Argentina,698355911,"Leila Polonsky",https://www.facebook.com/leila.polonsky,
Alicia,Vinho,alicia.vinho@facebook.com,"13 de Febrero",https://www.facebook.com/alicia.vinho,,"Buenos Aires","Buenos Aires","Buenos Aires",Argentina,1588776712,"Leo LugÓn",0,
Sasa,Mosquera,sasa.mosquera@facebook.com,"13 de Febrero",https://www.facebook.com/sasa.mosquera,,,"Ciudad Autónoma de Buenos Aires","Buenos Aires",Argentina,100000964240594,"Leonel Russo",https://www.facebook.com/leonel.russo,
Rayomoto,Rl,rayomoto@facebook.com,"13 de Febrero",https://www.facebook.com/rayomoto,,,"Ciudad Autónoma de Buenos Aires","Buenos Aires",Argentina,100001012576746,"Leonel Russo",https://www.facebook.com/leonel.russo,
Anabella,Orlandi,anabella.orlandi@facebook.com,"14 de Febrero",https://www.facebook.com/anabella.orlandi,,,"Ciudad Autónoma de Buenos Aires","Buenos Aires",Argentina,100000844640698,"Lo Lola",,
Ariana,López,@facebook.com,"14 de Febrero",https://www.facebook.com/profile.php?id=1239707670,28,,"Ciudad Autónoma de Buenos Aires","Buenos Aires",Argentina,1239707670,"Lucía Lopez Aleman",https://www.facebook.com/marialucialopezaleman,
Nes,Oster,neslifecam@facebook.com,"14 de Febrero",https://www.facebook.com/neslifecam,,,"Ciudad Autónoma de Buenos Aires","Buenos Aires",Argentina,1007178632,"Lucas Malaret",https://www.facebook.com/lmalaret,
Viky,Fioranelli,mvfioranelli@facebook.com,"14 de Febrero",https://www.facebook.com/mvfioranelli,,,"Ciudad Autónoma de Buenos Aires","Buenos Aires",Argentina,624357190,"Lucho Viana",,
Valentina,Prever,valentina.preverprever@facebook.com,"14 de Febrero",https://www.facebook.com/valentina.preverprever,31,"Villa Devoto","Ciudad Autónoma de Buenos Aires","Buenos Aires",Argentina,100001951172927,"Luciana Antrilli",https://www.facebook.com/luciana.antrilli,
Dolores,"Cáceres Ortiz",dolores.caceresortiz@facebook.com,"13 de Febrero",https://www.facebook.com/dolores.caceresortiz,,,"Ciudad Autónoma de Buenos Aires","Buenos Aires",Argentina,769572801,"Luciana Antrilli",https://www.facebook.com/luciana.antrilli,
Amalia,Fischbein,amalia.fischbein@facebook.com,"13 de Febrero",https://www.facebook.com/amalia.fischbein,,,"Ciudad Autónoma de Buenos Aires","Buenos Aires",Argentina,781212139,"Luciana Antrilli",https://www.facebook.com/luciana.antrilli,
Matias,Alvarez,matias.alvarez.7161953@facebook.com,"14 de Febrero",https://www.facebook.com/matias.alvarez.7161953,,,"Ciudad Autónoma de Buenos Aires","Buenos Aires",Argentina,798191664,"Luciana Barcia",,
Cupkates,Cupkates,cupkatescupkates@facebook.com,"14 de Febrero",https://www.facebook.com/CupkatesCupkates,26,,"Ciudad Autónoma de Buenos Aires","Buenos Aires",Argentina,100005261859748,"Luciana Grisolia",https://www.facebook.com/lulagri,
Duilio,"El Cordobés",duilio.elcordobes@facebook.com,"13 de Febrero",https://www.facebook.com/duilio.elcordobes,,"Buenos Aires","Buenos Aires","Buenos Aires",Argentina,527143366,"Luciana Paione Oleszuk",0,
Luciana,Nevach,luciana.nevach@facebook.com,"13 de Febrero",https://www.facebook.com/luciana.nevach,29,,"Ciudad Autónoma de Buenos Aires","Buenos Aires",Argentina,646774361,"Luli Torres",,
Liliana,Parafioriti,liliana.parafioriti@facebook.com,"14 de Febrero",https://www.facebook.com/liliana.parafioriti,,,"Ciudad Autónoma de Buenos Aires","Buenos Aires",Argentina,100001182634178,"Luli Torres",,
Maru,Faruolo,maru.faruolo@facebook.com,"13 de Febrero",https://www.facebook.com/maru.faruolo,,,"Ciudad Autónoma de Buenos Aires","Buenos Aires",Argentina,720806984,"Lulita Biagini",https://www.facebook.com/luciana.biagini,
Flor,Mastandrea,flor.mastandrea@facebook.com,"13 de Febrero",https://www.facebook.com/flor.mastandrea,22,,"Ciudad Autónoma de Buenos Aires","Buenos Aires",Argentina,100000325856676,"M Agustina Ciarla Quintana",https://www.facebook.com/magustina.quintana,
Virginia,Oms,virgi.oms@facebook.com,"13 de Febrero",https://www.facebook.com/virgi.oms,21,,"Ciudad Autónoma de Buenos Aires","Buenos Aires",Argentina,1145673191,"M Agustina Ciarla Quintana",https://www.facebook.com/magustina.quintana,
"Hernan Vicente",Tropeano,hernanvicente.tropeano@facebook.com,"14 de Febrero",https://www.facebook.com/hernanvicente.tropeano,33,,"Ciudad Autónoma de Buenos Aires","Buenos Aires",Argentina,100000379470851,"Malen Hendler",https://www.facebook.com/malen.hendler,
Joaco,"Fernandez Jurado",joaco.fernandezjurado@facebook.com,"13 de Febrero",https://www.facebook.com/joaco.fernandezjurado,22,,"Ciudad Autónoma de Buenos Aires","Buenos Aires",Argentina,1505117670,"Manu Dadaglio",,
María,Brogin,mainesbrogin@facebook.com,"14 de Febrero",https://www.facebook.com/mainesbrogin,29,,"Ciudad Autónoma de Buenos Aires","Buenos Aires",Argentina,561508394,"Manu Monge",,
Pablo,Pitirra,pablo.pitirra@facebook.com,"13 de Febrero",https://www.facebook.com/pablo.pitirra,25,,"Ciudad Autónoma de Buenos Aires","Buenos Aires",Argentina,1081261400,"Mar Marignac",https://www.facebook.com/marina.marignac,
Leandro,Gangas,leandro.gangas.1@facebook.com,"13 de Febrero",https://www.facebook.com/leandro.gangas.1,,,"Ciudad Autónoma de Buenos Aires","Buenos Aires",Argentina,573001750,"María Paz Short",https://www.facebook.com/paz.short,
Florencia,Barsotti,florencia.barsotti@facebook.com,"14 de Febrero",https://www.facebook.com/florencia.barsotti,24,Agronomía,"Ciudad Autónoma de Buenos Aires","Buenos Aires",Argentina,632023402,"María Paz Short",https://www.facebook.com/paz.short,
Sofi,Portela,sofi.portela@facebook.com,"13 de Febrero",https://www.facebook.com/sofi.portela,,,"Ciudad Autónoma de Buenos Aires","Buenos Aires",Argentina,582344621,"Marcela Baghino",https://www.facebook.com/marcela.baghino,
Paz,Bayugar,paz.bayugar@facebook.com,"14 de Febrero",https://www.facebook.com/paz.bayugar,27,,"Ciudad Autónoma de Buenos Aires","Buenos Aires",Argentina,768453605,"Marcela Hinckelmann",https://www.facebook.com/marcela.hinckelmann,
Juan,Cardoso,juan.c.cardoso.5@facebook.com,"14 de Febrero",https://www.facebook.com/juan.c.cardoso.5,,,"Ciudad Autónoma de Buenos Aires","Buenos Aires",Argentina,1102125093,"Marcela Hinckelmann",https://www.facebook.com/marcela.hinckelmann,
Natasha,Tkaczek,nati.tkaczek@facebook.com,"14 de Febrero",https://www.facebook.com/nati.tkaczek,21,,"Ciudad Autónoma de Buenos Aires","Buenos Aires",Argentina,514321189,"Marcelo Braun Menendez",,
Christian,Candiano,christian.candiano@facebook.com,"14 de Febrero",https://www.facebook.com/christian.candiano,30,,"Ciudad Autónoma de Buenos Aires","Buenos Aires",Argentina,1041231860,"Marcelo Di Salvo",,
"Eida Encuentro","Internacional II",eidaencuentro.internacionalii@facebook.com,"14 de Febrero",https://www.facebook.com/eidaencuentro.internacionalii,21,,"Ciudad Autónoma de Buenos Aires","Buenos Aires",Argentina,100004229405225,"Maria DEL Mar",,
Julian,Mazzeo,julian.mazzeo.3@facebook.com,"14 de Febrero",https://www.facebook.com/julian.mazzeo.3,,,"Ciudad Autónoma de Buenos Aires","Buenos Aires",Argentina,1544438014,"Maria Garcia Neglia",https://www.facebook.com/maria.garcianeglia,
Tomás,Callegari,tomas.callegari@facebook.com,"14 de Febrero",https://www.facebook.com/tomas.callegari,28,,"Ciudad Autónoma de Buenos Aires","Buenos Aires",Argentina,1219078258,"Maria Soledad Villamil",https://www.facebook.com/mariasoledad.villamil,
"Lorena Paola",Valicenti,lore.p.v@facebook.com,"14 de Febrero",https://www.facebook.com/lore.p.v,,,"Ciudad Autónoma de Buenos Aires","Buenos Aires",Argentina,620087421,"Mariano Montani",https://www.facebook.com/mariano.montani,
Maria,Montani,montanimaria@facebook.com,"13 de Febrero",https://www.facebook.com/montanimaria,23,,"Ciudad Autónoma de Buenos Aires","Buenos Aires",Argentina,1174806149,"Mariano Montani",https://www.facebook.com/mariano.montani,
Mariela,"Di Berti",mariela.diberti@facebook.com,"14 de Febrero",https://www.facebook.com/mariela.diberti,27,,"Ciudad Autónoma de Buenos Aires","Buenos Aires",Argentina,1084699430,"Mariela Puricelli",https://www.facebook.com/mariela.puricelli,
Gabriel,Martino,gabodimartino@facebook.com,"13 de Febrero",https://www.facebook.com/gabodimartino,27,,"Ciudad Autónoma de Buenos Aires","Buenos Aires",Argentina,579099254,"Mariela Puricelli",https://www.facebook.com/mariela.puricelli,
Mica,Gutman,mica.gutman@facebook.com,"14 de Febrero",https://www.facebook.com/mica.gutman,,,"Ciudad Autónoma de Buenos Aires","Buenos Aires",Argentina,1202560811,"Martin Gonzalez",,
Inés,Elizalde,@facebook.com,"13 de Febrero",https://www.facebook.com/profile.php?id=659373673,23,,"Ciudad Autónoma de Buenos Aires","Buenos Aires",Argentina,659373673,"Martin Gonzalez",,
Shawn,Brennan,shawn.brennan.794@facebook.com,"14 de Febrero",https://www.facebook.com/shawn.brennan.794,35,,"Ciudad Autónoma de Buenos Aires","Buenos Aires",Argentina,597505913,"Martin Menini",https://www.facebook.com/martin.menini,
Macarena,"Rodriguez Schon",maca.r.schon@facebook.com,"14 de Febrero",https://www.facebook.com/maca.r.schon,,,"Ciudad Autónoma de Buenos Aires","Buenos Aires",Argentina,730040823,"Martin Olmedo",,
HayAlguien,QueteAma,hayalguien.queteama@facebook.com,"14 de Febrero",https://www.facebook.com/hayalguien.queteama,34,,"Ciudad Autónoma de Buenos Aires","Buenos Aires",Argentina,100000782231496,"Martin Olmedo",,
Tomás,Mark,markiuch@facebook.com,"13 de Febrero",https://www.facebook.com/markiuch,,"Buenos Aires","Buenos Aires","Buenos Aires",Argentina,100003026448493,"Martu Lehmann",0,
Martin,Silberman,martiniko@facebook.com,"14 de Febrero",https://www.facebook.com/Martiniko,,,"Ciudad Autónoma de Buenos Aires","Buenos Aires",Argentina,1021907406,"Maru Mastro",https://www.facebook.com/marielita,
Josefina,Caeiro,josefina.caeiro.1@facebook.com,"14 de Febrero",https://www.facebook.com/josefina.caeiro.1,27,,"Ciudad Autónoma de Buenos Aires","Buenos Aires",Argentina,1387591594,"Matias Adanez",https://www.facebook.com/madanez,
"Te Cuento","El Cuba",tecuentoelcuba@facebook.com,"14 de Febrero",https://www.facebook.com/tecuentoelcuba,,,"Ciudad Autónoma de Buenos Aires","Buenos Aires",Argentina,100001465990973,"Matias Blas",https://www.facebook.com/Matias.Blas,
Ani,Rojas,ani.rojas.790@facebook.com,"13 de Febrero",https://www.facebook.com/ani.rojas.790,22,,"Ciudad Autónoma de Buenos Aires","Buenos Aires",Argentina,1204497000,"Matias Blas",https://www.facebook.com/Matias.Blas,
Daniela,Benitez,danielabe13@facebook.com,"13 de Febrero",https://www.facebook.com/Danielabe13,,,"Ciudad Autónoma de Buenos Aires","Buenos Aires",Argentina,690687838,"Matias Daniel Pascual",,
Dos,PM,@facebook.com,"14 de Febrero",https://www.facebook.com/profile.php?id=100005853784181,26,,"Ciudad Autónoma de Buenos Aires","Buenos Aires",Argentina,100005853784181,"Matias Daniel Pascual",,
Sofía,Prieto,sgprieto@facebook.com,"14 de Febrero",https://www.facebook.com/sgprieto,22,,"Ciudad Autónoma de Buenos Aires","Buenos Aires",Argentina,644237046,"Maureen Burton",,
Agustina,Oviedo,agustina.oviedo.12@facebook.com,"13 de Febrero",https://www.facebook.com/agustina.oviedo.12,27,,"Ciudad Autónoma de Buenos Aires","Buenos Aires",Argentina,1099509382,"Mauro Napole",https://www.facebook.com/maurinapole,
Jorge,Piñera,jorge.pinera@facebook.com,"13 de Febrero",https://www.facebook.com/jorge.pinera,,,"Ciudad Autónoma de Buenos Aires","Buenos Aires",Argentina,1474219508,"Mauro Sebastian Villegas",,
Nicolas,"Gomez Muñoz",nicolas.gomezmunoz.9@facebook.com,"14 de Febrero",https://www.facebook.com/nicolas.gomezmunoz.9,31,,"Ciudad Autónoma de Buenos Aires","Buenos Aires",Argentina,100002718128839,"Melo Dellarole",https://www.facebook.com/melodellarole,
Juan,Macchi,juan.macchi@facebook.com,"13 de Febrero",https://www.facebook.com/juan.macchi,,,"Ciudad Autónoma de Buenos Aires","Buenos Aires",Argentina,608652334,"Mercedes Ferrario",https://www.facebook.com/mercedes.ferrario,
La,Mf,la.mf.779@facebook.com,"14 de Febrero",https://www.facebook.com/la.mf.779,,,"Ciudad Autónoma de Buenos Aires","Buenos Aires",Argentina,100000465190286,"Mica Ledo",https://www.facebook.com/micaledo,
"Maria Carla","de Arriba",carla.dearriba.3@facebook.com,"13 de Febrero",https://www.facebook.com/carla.dearriba.3,28,,"Ciudad Autónoma de Buenos Aires","Buenos Aires",Argentina,1236529016,"Micaela Parisi",https://www.facebook.com/parisimica,
Ema,Adamo,ema.adamo@facebook.com,"13 de Febrero",https://www.facebook.com/ema.adamo,,,"Ciudad Autónoma de Buenos Aires","Buenos Aires",Argentina,100003945895535,"Michelle Fingeret",https://www.facebook.com/michelle.fingeret,
Sigales,"German Propiedades",sigales.germanpropiedades@facebook.com,"13 de Febrero",https://www.facebook.com/sigales.germanpropiedades,,,"Ciudad Autónoma de Buenos Aires","Buenos Aires",Argentina,100003997052612,"Michelle Fingeret",https://www.facebook.com/michelle.fingeret,
Azu,Zabala,camidesousateamacomoningunaaaaaaotragila@facebook.,"13 de Febrero",https://www.facebook.com/CAMIDESOUSATEAMACOMONINGUNAAAAAAOTRAGILA,,,"Ciudad Autónoma de Buenos Aires","Buenos Aires",Argentina,1181987104,"Miel Irisarri",https://www.facebook.com/miel.irisarri,
Santiago,Carlucci,santiagocarlucci@facebook.com,"14 de Febrero",https://www.facebook.com/santiagocarlucci,,,"Ciudad Autónoma de Buenos Aires","Buenos Aires",Argentina,530400002,"Mili Mauro",https://www.facebook.com/milimauro,
"Daniel Mario","Ifer Sunhary",danielmario.ifersunhary@facebook.com,"13 de Febrero",https://www.facebook.com/danielmario.ifersunhary,,,"Ciudad Autónoma de Buenos Aires","Buenos Aires",Argentina,100000290247489,"Miqui Berriòs",https://www.facebook.com/miqui.berrios,
Airam,Aluap,maria.p.filippelli@facebook.com,"13 de Febrero",https://www.facebook.com/maria.p.filippelli,,,"Ciudad Autónoma de Buenos Aires","Buenos Aires",Argentina,531884113,"Miqui Berriòs",https://www.facebook.com/miqui.berrios,
Valeria,Schapira,valeriaschapira@facebook.com,"14 de Febrero",https://www.facebook.com/valeriaschapira,,,"Ciudad Autónoma de Buenos Aires","Buenos Aires",Argentina,725767631,"Miqui Berriòs",https://www.facebook.com/miqui.berrios,
Adrian,Nessi,adrian.nessi@facebook.com,"13 de Febrero",https://www.facebook.com/adrian.nessi,24,,"Ciudad Autónoma de Buenos Aires","Buenos Aires",Argentina,1231820284,"Miqui Berriòs",https://www.facebook.com/miqui.berrios,
"Clases de Piano","Jimena Martínez",musica.tiempodearte@facebook.com,"14 de Febrero",https://www.facebook.com/musica.tiempodearte,22,,"Ciudad Autónoma de Buenos Aires","Buenos Aires",Argentina,100001682912069,"Miranda Toderi",https://www.facebook.com/miranda.toderi,
Celeste,Altinier,celeste.altinier@facebook.com,"14 de Febrero",https://www.facebook.com/celeste.altinier,,,"Ciudad Autónoma de Buenos Aires","Buenos Aires",Argentina,676497556,"Miranda Toderi",https://www.facebook.com/miranda.toderi,
Mariana,Kunzle,mariana.kunzle@facebook.com,"13 de Febrero",https://www.facebook.com/mariana.kunzle,34,,"Ciudad Autónoma de Buenos Aires","Buenos Aires",Argentina,1070889346,"Nadia Denise",,
Juliana,Diaz,diviina@facebook.com,"13 de Febrero",https://www.facebook.com/diviina,21,,"Ciudad Autónoma de Buenos Aires","Buenos Aires",Argentina,759403360,"Nahu Millicay Pereyra",https://www.facebook.com/nahumilli,
Mariano,Sasso,marianopinamar@facebook.com,"14 de Febrero",https://www.facebook.com/marianopinamar,,,"Ciudad Autónoma de Buenos Aires","Buenos Aires",Argentina,1347626639,"Nahu Millicay Pereyra",https://www.facebook.com/nahumilli,
"Ana Paula",Heguy,ana00paula@facebook.com,"14 de Febrero",https://www.facebook.com/ana00paula,25,,"Ciudad Autónoma de Buenos Aires","Buenos Aires",Argentina,1259325568,"Nahu Millicay Pereyra",https://www.facebook.com/nahumilli,
Samira,Espeche,samira.espeche@facebook.com,"13 de Febrero",https://www.facebook.com/samira.espeche,28,,"Ciudad Autónoma de Buenos Aires","Buenos Aires",Argentina,1411861385,"Nannuja Nadia Delfini",https://www.facebook.com/nadiaximenadelfi,
Gabriela,Wilensky,gabriela.wilensky@facebook.com,"14 de Febrero",https://www.facebook.com/gabriela.wilensky,,,"Ciudad Autónoma de Buenos Aires","Buenos Aires",Argentina,1469650272,"Nannuja Nadia Delfini",https://www.facebook.com/nadiaximenadelfi,
Diego,Muner,diego.muner@facebook.com,"13 de Febrero",https://www.facebook.com/diego.muner,,,"Ciudad Autónoma de Buenos Aires","Buenos Aires",Argentina,100001980715675,"Natalia Malvaso",https://www.facebook.com/natalia.malvaso,
Sergio,Espinoza,sergio.espinoza.5494@facebook.com,"14 de Febrero",https://www.facebook.com/sergio.espinoza.5494,35,,"Ciudad Autónoma de Buenos Aires","Buenos Aires",Argentina,1200432583,"Natalia Ponce",,
Caro,Bobadilla,carolina.bobadilla1@facebook.com,"13 de Febrero",https://www.facebook.com/carolina.bobadilla1,,,"Ciudad Autónoma de Buenos Aires","Buenos Aires",Argentina,650287474,"Natalia Rosensvaich",https://www.facebook.com/Rochen,
"Mariano Hernan",Schonfeld,marianohernan.schonfeld@facebook.com,"14 de Febrero",https://www.facebook.com/marianohernan.schonfeld,30,"Buenos Aires","Buenos Aires","Buenos Aires",Argentina,100000971454297,"Natalia Schönfeld",0,
Jesi,Bladimiro,jesica.bladimiro@facebook.com,"13 de Febrero",https://www.facebook.com/jesica.bladimiro,29,,"Ciudad Autónoma de Buenos Aires","Buenos Aires",Argentina,535875072,"Natalia Tarelli",,
Laura,Galvan,laura.galvan.16144@facebook.com,"14 de Febrero",https://www.facebook.com/laura.galvan.16144,31,,"Ciudad Autónoma de Buenos Aires","Buenos Aires",Argentina,663468233,"Natalia Tarelli",,
Leandro,Camani,leandro.camani@facebook.com,"14 de Febrero",https://www.facebook.com/leandro.camani,35,,"Ciudad Autónoma de Buenos Aires","Buenos Aires",Argentina,1177928472,"Natalia Vaccaro",,
Coctel,Musica,coctelmusica@facebook.com,"14 de Febrero",https://www.facebook.com/coctelmusica,34,,"Ciudad Autónoma de Buenos Aires","Buenos Aires",Argentina,100002034282167,"Natascha Stern",https://www.facebook.com/natascha.stern,
Floor,Cavs,floor.cavs.33@facebook.com,"13 de Febrero",https://www.facebook.com/floor.cavs.33,,Liniers,"Ciudad Autónoma de Buenos Aires","Buenos Aires",Argentina,100001482107569,"Nicolás Marano",https://www.facebook.com/nicolasmarano10,
Antobi,Sanrios,@facebook.com,"14 de Febrero",https://www.facebook.com/profile.php?id=1077576735,25,,"Ciudad Autónoma de Buenos Aires","Buenos Aires",Argentina,1077576735,"Nicolas Alejandro Fleischer",https://www.facebook.com/nicolasalejandro.fleische,
Carla,Basilotta,carla.basilotta@facebook.com,"13 de Febrero",https://www.facebook.com/carla.basilotta,34,,"Ciudad Autónoma de Buenos Aires","Buenos Aires",Argentina,551885861,"Nicolas Bacich",https://www.facebook.com/nicolas.bacich,
Natalia,"Chaves Cortina",@facebook.com,"13 de Febrero",https://www.facebook.com/profile.php?id=712475762,25,,"Ciudad Autónoma de Buenos Aires","Buenos Aires",Argentina,712475762,"Nicolas Zelechowski",,
Romina,Olivetto,romina.olivetto@facebook.com,"14 de Febrero",https://www.facebook.com/romina.olivetto,,,"Ciudad Autónoma de Buenos Aires","Buenos Aires",Argentina,1355100746,"Noelia Ferrari",https://www.facebook.com/noeliavf,
"Karina Alejandra",Chedid,kchedid1@facebook.com,"13 de Febrero",https://www.facebook.com/kchedid1,,,"Ciudad Autónoma de Buenos Aires","Buenos Aires",Argentina,100000408982156,"Pablo Bravo",,
Nicolas,Dolensky,nicolasdolensky@facebook.com,"13 de Febrero",https://www.facebook.com/NicolasDolensky,23,"Buenos Aires","Buenos Aires","Buenos Aires",Argentina,588136559,"Pablo Resnik",0,
Nahuel,Iza,nahuel.iza@facebook.com,"14 de Febrero",https://www.facebook.com/nahuel.iza,,,"Ciudad Autónoma de Buenos Aires","Buenos Aires",Argentina,1033727419,"Pamela Garrote",https://www.facebook.com/pamela.garrote,
Estilo,Gala,bella.gala.77@facebook.com,"14 de Febrero",https://www.facebook.com/bella.gala.77,,,"Ciudad Autónoma de Buenos Aires","Buenos Aires",Argentina,100005236479910,"Pamela Gil",https://www.facebook.com/pamelagil,
Santiago,Serrano,santiago.serrano.121@facebook.com,"13 de Febrero",https://www.facebook.com/santiago.serrano.121,33,"Buenos Aires","Buenos Aires","Buenos Aires",Argentina,567278129,"Pao García",0,
Belu,Mazzoli,belu.mazzoli@facebook.com,"14 de Febrero",https://www.facebook.com/belu.mazzoli,,,"Ciudad Autónoma de Buenos Aires","Buenos Aires",Argentina,1381243960,"Pato Franco",,
Santiago,"Poblet Videla",santiago.pobletvidela@facebook.com,"13 de Febrero",https://www.facebook.com/santiago.pobletvidela,,,"Ciudad Autónoma de Buenos Aires","Buenos Aires",Argentina,560403164,"Paula Martínez",,
"Juan Cruz",Lencinas,jclencinas@facebook.com,"14 de Febrero",https://www.facebook.com/jclencinas,27,"Buenos Aires","Buenos Aires","Buenos Aires",Argentina,558097769,"Peter GC",0,
Chofu,Bournissen,chofu.bournissen@facebook.com,"14 de Febrero",https://www.facebook.com/chofu.bournissen,,,"Ciudad Autónoma de Buenos Aires","Buenos Aires",Argentina,692044482,"Pia Bocchino",https://www.facebook.com/pia.bocchino,
Iván,Peñalver,becho14@facebook.com,"14 de Febrero",https://www.facebook.com/becho14,,,"Ciudad Autónoma de Buenos Aires","Buenos Aires",Argentina,1016596251,"Piltra Toller",https://www.facebook.com/piltra,
Matias,Gauto,matias.gauto.52@facebook.com,"13 de Febrero",https://www.facebook.com/matias.gauto.52,24,,"Ciudad Autónoma de Buenos Aires","Buenos Aires",Argentina,650980048,"Rochi Christensen",https://www.facebook.com/rochi.christensen,
Manuel,Barrio,manuel.barrio.37@facebook.com,"13 de Febrero",https://www.facebook.com/manuel.barrio.37,,,"Ciudad Autónoma de Buenos Aires","Buenos Aires",Argentina,804182936,"Rochi Christensen",https://www.facebook.com/rochi.christensen,
Daniela,Wulfman,danielawulfman@facebook.com,"14 de Febrero",https://www.facebook.com/danielawulfman,28,,"Ciudad Autónoma de Buenos Aires","Buenos Aires",Argentina,767101061,"Rocio Marquez",,
Euge,Fallone,euge.fallone@facebook.com,"14 de Febrero",https://www.facebook.com/euge.fallone,27,,"Ciudad Autónoma de Buenos Aires","Buenos Aires",Argentina,535020171,"Rocio Marquez",,
Pablo,Ayala,pablo.a.ayala.94@facebook.com,"13 de Febrero",https://www.facebook.com/pablo.a.ayala.94,23,,"Ciudad Autónoma de Buenos Aires","Buenos Aires",Argentina,1293163455,"Rodrigo Alonso",https://www.facebook.com/rodrigojalonso,
Ceci,Nikolic,ceci.nikolic@facebook.com,"14 de Febrero",https://www.facebook.com/ceci.nikolic,28,,"Ciudad Autónoma de Buenos Aires","Buenos Aires",Argentina,800569647,"Romi Maruffo",https://www.facebook.com/romi.maruffo,
Diego,Turi,diego.h.turi@facebook.com,"14 de Febrero",https://www.facebook.com/diego.h.turi,28,,"Ciudad Autónoma de Buenos Aires","Buenos Aires",Argentina,803473912,"Romi Maruffo",https://www.facebook.com/romi.maruffo,
Lucia,Neira,lucia.neira.73@facebook.com,"13 de Febrero",https://www.facebook.com/lucia.neira.73,29,,"Ciudad Autónoma de Buenos Aires","Buenos Aires",Argentina,610118122,"Romy Gutierrez Jaime",https://www.facebook.com/romygutierrezjaime,
Manuel,Hermelo,manuel.hermelo@facebook.com,"13 de Febrero",https://www.facebook.com/manuel.hermelo,,,"Ciudad Autónoma de Buenos Aires","Buenos Aires",Argentina,1028001919,"Roxana Cecilia Moyano",https://www.facebook.com/roxana.moyano,
Cristina,Otero,cristina.cortes@facebook.com,"14 de Febrero",https://www.facebook.com/cristina.cortes,,"Buenos Aires","Buenos Aires","Buenos Aires",Argentina,706066847,"Rubén Insfrán",0,
Facundo,Suarez,facundo.m.suarez@facebook.com,"13 de Febrero",https://www.facebook.com/facundo.m.suarez,30,,"Ciudad Autónoma de Buenos Aires","Buenos Aires",Argentina,554198339,"Ruben Pacora",https://www.facebook.com/ruben.pacora,
Eliana,Perez,nicole.eliana@facebook.com,"13 de Febrero",https://www.facebook.com/nicole.eliana,23,"Nueva Pompeya","Ciudad Autónoma de Buenos Aires","Buenos Aires",Argentina,1472182424,"Ruben Pacora",https://www.facebook.com/ruben.pacora,
Connie,Viale,connierv@facebook.com,"13 de Febrero",https://www.facebook.com/connierv,26,,"Ciudad Autónoma de Buenos Aires","Buenos Aires",Argentina,544521952,"Santiago Villanueva",https://www.facebook.com/santiago.villanueva,
Sabrina,Turco,sabrina.turco.127@facebook.com,"13 de Febrero",https://www.facebook.com/sabrina.turco.127,27,,"Ciudad Autónoma de Buenos Aires","Buenos Aires",Argentina,1460222352,"Sebastian Daniel Riccardi",https://www.facebook.com/sebastian.riccardi,
Ezequiel,Ingala,ezequiel.ingala@facebook.com,"14 de Febrero",https://www.facebook.com/ezequiel.ingala,34,,"Ciudad Autónoma de Buenos Aires","Buenos Aires",Argentina,1173097001,"Sebastian Daniel Riccardi",https://www.facebook.com/sebastian.riccardi,
Marisa,Panagopulo,marisapanagopulo@facebook.com,"13 de Febrero",https://www.facebook.com/marisapanagopulo,,,"Ciudad Autónoma de Buenos Aires","Buenos Aires",Argentina,100002429295790,"Sebastian Daniel Riccardi",https://www.facebook.com/sebastian.riccardi,
Franco,Girolami,franco.girolami@facebook.com,"14 de Febrero",https://www.facebook.com/franco.girolami,,,"Ciudad Autónoma de Buenos Aires","Buenos Aires",Argentina,1054458135,"Sebastian Daniel Riccardi",https://www.facebook.com/sebastian.riccardi,
Lunita,López,luzesperanza.moreiro@facebook.com,"13 de Febrero",https://www.facebook.com/luzesperanza.moreiro,23,"Villa Del Parque","Ciudad Autónoma de Buenos Aires","Buenos Aires",Argentina,100005809752638,"Sergio Acosta",,
Isaias,Bertera,isaias.bertera@facebook.com,"13 de Febrero",https://www.facebook.com/isaias.bertera,,,"Ciudad Autónoma de Buenos Aires","Buenos Aires",Argentina,642710013,"Sheyla Gutierrez Aguirre",https://www.facebook.com/sheylamarilyn.gutierrezag,
Armando,Palomino,armando.palomino@facebook.com,"14 de Febrero",https://www.facebook.com/armando.palomino,32,,"Ciudad Autónoma de Buenos Aires","Buenos Aires",Argentina,1621654490,"Sil Cristiano ?ï?",https://www.facebook.com/Sivinita,
David,Castro,david.castro.3576224@facebook.com,"13 de Febrero",https://www.facebook.com/david.castro.3576224,33,,"Ciudad Autónoma de Buenos Aires","Buenos Aires",Argentina,648439113,"Sil Cristiano ?ï?",https://www.facebook.com/Sivinita,
Adri,Sandor,adri.sandor.1@facebook.com,"14 de Febrero",https://www.facebook.com/adri.sandor.1,34,,"Ciudad Autónoma de Buenos Aires","Buenos Aires",Argentina,100005454934035,"Silvia Fernandez",https://www.facebook.com/silviafernandezchivi,
Daniel,Romero,daniromerook@facebook.com,"14 de Febrero",https://www.facebook.com/daniromerook,,,"Ciudad Autónoma de Buenos Aires","Buenos Aires",Argentina,100004801747345,"Sindy Elisa Szczucky",https://www.facebook.com/sindy.szczucky,
OneGroup,Eventos,@facebook.com,"14 de Febrero",https://www.facebook.com/profile.php?id=100005311698772,26,Flores,"Ciudad Autónoma de Buenos Aires","Buenos Aires",Argentina,100005311698772,"Sindy Elisa Szczucky",https://www.facebook.com/sindy.szczucky,
Leandro,Smitto,knoxchill@facebook.com,"14 de Febrero",https://www.facebook.com/Knoxchill,,,"Ciudad Autónoma de Buenos Aires","Buenos Aires",Argentina,682732553,"Sofía Barreira",https://www.facebook.com/sofia.barreiram,
Martin,Deberti,martindeberti@facebook.com,"14 de Febrero",https://www.facebook.com/martindeberti,24,,"Ciudad Autónoma de Buenos Aires","Buenos Aires",Argentina,1239196666,"Sofía Barreira",https://www.facebook.com/sofia.barreiram,
Agustina,Vela,agustina.vela.58@facebook.com,"14 de Febrero",https://www.facebook.com/agustina.vela.58,,"Buenos Aires","Buenos Aires","Buenos Aires",Argentina,628304326,"Sofia Reinoso",0,
Marcos,Maffia,marcos.maffia@facebook.com,"13 de Febrero",https://www.facebook.com/marcos.maffia,,"Buenos Aires","Buenos Aires","Buenos Aires",Argentina,1279470497,"Sol Vallejo",0,
Didi,"Gomes II",didi13vasconcelos@facebook.com,"13 de Febrero",https://www.facebook.com/Didi13Vasconcelos,,,"Ciudad Autónoma de Buenos Aires","Buenos Aires",Argentina,100000657444674,"Solari Elenn",https://www.facebook.com/elenn.solari,
Adriano,Elsapo,adriano.elsapo@facebook.com,"13 de Febrero",https://www.facebook.com/adriano.elsapo,,,"Ciudad Autónoma de Buenos Aires","Buenos Aires",Argentina,100002567000481,"Srita Bauer",https://www.facebook.com/marina.vas,
Mati,Piana,mati.piana@facebook.com,"14 de Febrero",https://www.facebook.com/mati.piana,24,,"Ciudad Autónoma de Buenos Aires","Buenos Aires",Argentina,1057560331,"Tamara Arias",,
Camilo,Marzano,camilo.marzano@facebook.com,"14 de Febrero",https://www.facebook.com/camilo.marzano,,,"Ciudad Autónoma de Buenos Aires","Buenos Aires",Argentina,523118063,"Tatiana Petroccelli",https://www.facebook.com/tanshanita,
Horacio,HD,hdconejo@facebook.com,"14 de Febrero",https://www.facebook.com/hdconejo,35,,"Ciudad Autónoma de Buenos Aires","Buenos Aires",Argentina,706708395,"Tatiana Petroccelli",https://www.facebook.com/tanshanita,
Liliana,Almendros,lilianaalmendros@facebook.com,"14 de Febrero",https://www.facebook.com/lilianaalmendros,,,"Ciudad Autónoma de Buenos Aires","Buenos Aires",Argentina,1224590169,"Tatiana Petroccelli",https://www.facebook.com/tanshanita,
Nacho,"Garcia Rocha",igarciarocha@facebook.com,"13 de Febrero",https://www.facebook.com/igarciarocha,26,,"Ciudad Autónoma de Buenos Aires","Buenos Aires",Argentina,1109498232,"Tatiana Petroccelli",https://www.facebook.com/tanshanita,
Dan,Nus,danys.love.7@facebook.com,"14 de Febrero",https://www.facebook.com/danys.love.7,25,Congreso,"Ciudad Autónoma de Buenos Aires","Buenos Aires",Argentina,1371207826,"Tatiana Petroccelli",https://www.facebook.com/tanshanita,
"Lisandro Daniel",Mendoza,lisandromendozaa@facebook.com,"14 de Febrero",https://www.facebook.com/lisandromendozaa,30,,"Ciudad Autónoma de Buenos Aires","Buenos Aires",Argentina,1238225705,"Tomás Eis",,
Guido,Saied,guido.saied@facebook.com,"13 de Febrero",https://www.facebook.com/guido.saied,28,,"Ciudad Autónoma de Buenos Aires","Buenos Aires",Argentina,627496479,"Tomas Ini",,
Dino,Zweig,dinozweig@facebook.com,"13 de Febrero",https://www.facebook.com/Dinozweig,,,"Ciudad Autónoma de Buenos Aires","Buenos Aires",Argentina,694095392,"Tomas Ini",,
Agustina,Giacometti,agusgiacometti@facebook.com,"14 de Febrero",https://www.facebook.com/agusgiacometti,25,,"Ciudad Autónoma de Buenos Aires","Buenos Aires",Argentina,1047015963,"Tomas Zocca",https://www.facebook.com/tomyzocca,
Romina,Lalia,romina.lalia.9@facebook.com,"14 de Febrero",https://www.facebook.com/romina.lalia.9,,"Villa Del Parque","Ciudad Autónoma de Buenos Aires","Buenos Aires",Argentina,749207067,"Tomas Zocca",https://www.facebook.com/tomyzocca,
Manuel,Lopez,majeloco@facebook.com,"13 de Febrero",https://www.facebook.com/majeloco,,,"Ciudad Autónoma de Buenos Aires","Buenos Aires",Argentina,1466652050,"Vale Piedra",https://www.facebook.com/Valepiedra,
Chechu,Accorinti,chechu.accorinti@facebook.com,"14 de Febrero",https://www.facebook.com/chechu.accorinti,,,"Ciudad Autónoma de Buenos Aires","Buenos Aires",Argentina,615271273,"Valentino Fabre",https://www.facebook.com/valenfabre,
Tere,Morgan,tere.morgan.33@facebook.com,"14 de Febrero",https://www.facebook.com/tere.morgan.33,23,,"Ciudad Autónoma de Buenos Aires","Buenos Aires",Argentina,706308575,"Valentino Fabre",https://www.facebook.com/valenfabre,
Roberto,Soria,rpisoria@facebook.com,"14 de Febrero",https://www.facebook.com/rpisoria,,,"Ciudad Autónoma de Buenos Aires","Buenos Aires",Argentina,100004562824246,"Valeria Ayala",,
Martin,Gp,martin.patetta@facebook.com,"13 de Febrero",https://www.facebook.com/martin.patetta,34,Flores,"Ciudad Autónoma de Buenos Aires","Buenos Aires",Argentina,641378014,"Valeria Ayala",,
Ricardo,Blanco,rick.fernandez.blanco@facebook.com,"13 de Febrero",https://www.facebook.com/rick.fernandez.blanco,33,,"Ciudad Autónoma de Buenos Aires","Buenos Aires",Argentina,671379470,"Valeria Ayala",,
Luis,Zelaya,luis.a.zelaya@facebook.com,"14 de Febrero",https://www.facebook.com/luis.a.zelaya,34,,"Ciudad Autónoma de Buenos Aires","Buenos Aires",Argentina,665746153,"Vanesa Macias",https://www.facebook.com/vanesa.macias1,
Toto,Comet,toto.comet@facebook.com,"13 de Febrero",https://www.facebook.com/toto.comet,33,,"Ciudad Autónoma de Buenos Aires","Buenos Aires",Argentina,1442707931,"Vanesa Macias",https://www.facebook.com/vanesa.macias1,
Leandro,Camani,leandro.camani.7@facebook.com,"14 de Febrero",https://www.facebook.com/leandro.camani.7,35,,"Ciudad Autónoma de Buenos Aires","Buenos Aires",Argentina,544057688,"Vanesa Macias",https://www.facebook.com/vanesa.macias1,
Diego,Dieep,dieep@facebook.com,"13 de Febrero",https://www.facebook.com/Dieep,30,,"Ciudad Autónoma de Buenos Aires","Buenos Aires",Argentina,728447307,"Vanesa Macias",https://www.facebook.com/vanesa.macias1,
Geronimo,Perez,geronimo.a.perez@facebook.com,"14 de Febrero",https://www.facebook.com/geronimo.a.perez,,,"Ciudad Autónoma de Buenos Aires","Buenos Aires",Argentina,1382494823,"Vanesa Macias",https://www.facebook.com/vanesa.macias1,
Ianina,Spadari,ianina.spadari@facebook.com,"13 de Febrero",https://www.facebook.com/ianina.spadari,27,,"Ciudad Autónoma de Buenos Aires","Buenos Aires",Argentina,1280148454,"Vanesa Marinich",https://www.facebook.com/vanesa.marinich,
Pao,Tricarico,pao.tricarico@facebook.com,"13 de Febrero",https://www.facebook.com/pao.tricarico,32,,"Ciudad Autónoma de Buenos Aires","Buenos Aires",Argentina,1042697141,"Vanesa Myrna Ojeda",,
Marcelo,Martinez,marcelo.martinez.10485@facebook.com,"14 de Febrero",https://www.facebook.com/marcelo.martinez.10485,,,"Ciudad Autónoma de Buenos Aires","Buenos Aires",Argentina,100001495697578,"Vanesa Myrna Ojeda",,
Deejay,Sweetm,deejay.sweetm@facebook.com,"13 de Febrero",https://www.facebook.com/deejay.sweetm,,,"Ciudad Autónoma de Buenos Aires","Buenos Aires",Argentina,100000485960025,"Vanina Lopez Baroni",https://www.facebook.com/vaninalb,
Martin,Lopez,martinturri.lopez@facebook.com,"13 de Febrero",https://www.facebook.com/martinturri.lopez,,,"Ciudad Autónoma de Buenos Aires","Buenos Aires",Argentina,100001773412427,"Vanina Lopez Baroni",https://www.facebook.com/vaninalb,
Emmanuel,Marzia,emmanuel.marzia@facebook.com,"13 de Febrero",https://www.facebook.com/emmanuel.marzia,,,"Ciudad Autónoma de Buenos Aires","Buenos Aires",Argentina,639244826,"Veronica Olery",https://www.facebook.com/Vero.OLery,
Agus,Pedreira,agus.pedreira@facebook.com,"13 de Febrero",https://www.facebook.com/agus.pedreira,,,"Ciudad Autónoma de Buenos Aires","Buenos Aires",Argentina,1143727955,"Victoria Casado",,
Fernando,Montenegro,monte.fer@facebook.com,"14 de Febrero",https://www.facebook.com/monte.fer,22,,"Ciudad Autónoma de Buenos Aires","Buenos Aires",Argentina,825308535,"Victoria Cerdán",https://www.facebook.com/victoriaacerdan,
Alan,Casaburi,alan.casaburi@facebook.com,"14 de Febrero",https://www.facebook.com/alan.casaburi,24,,"Ciudad Autónoma de Buenos Aires","Buenos Aires",Argentina,1110865642,"Victoria Roldán",https://www.facebook.com/marievickyroldan,
Edgardo,Delfino,edgardo.delfino@facebook.com,"13 de Febrero",https://www.facebook.com/edgardo.delfino,,,"Ciudad Autónoma de Buenos Aires","Buenos Aires",Argentina,644601783,"Yanina Battiato",,
Lucia,Vaira,lucia.vaira.96@facebook.com,"14 de Febrero",https://www.facebook.com/lucia.vaira.96,30,,"Ciudad Autónoma de Buenos Aires","Buenos Aires",Argentina,579654172,"Yanina Battiato",,
