Nombre,Apellido,"Email Facebook",Cumpleaños,"Usuario Facebook",Edad,Barrio,Ciudad,Provincia,Pais,"ID Facebook","Amigo De","Amigo De (Usuario)",rebound
Fotografia,"Adrián Marino",fotografia.adrianmarino@facebook.com,"04 de Septiembre",https://www.facebook.com/fotografia.adrianmarino,,,"Ciudad Autónoma de Buenos Aires","Buenos Aires",Argentina,100000000062886,"Ivon Andersson",https://www.facebook.com/ivon.andersson,1
Jakie,Queen,jakie.queen@facebook.com,"04 de Septiembre",https://www.facebook.com/jakie.queen,,,"Ciudad Autónoma de Buenos Aires","Buenos Aires",Argentina,1046288238,"Eve Schiera",,1
Violeta,Mansioni,violeta.mansioni@facebook.com,"04 de Septiembre",https://www.facebook.com/violeta.mansioni,28,"Buenos Aires","Buenos Aires","Buenos Aires",Argentina,100006706569287,"Hercilia Rs",0,1
Ornella,"de Gregorio",ornella.degregorio.9@facebook.com,"04 de Septiembre",https://www.facebook.com/ornella.degregorio.9,,"Buenos Aires","Buenos Aires","Buenos Aires",Argentina,100000531652811,"Fett Maidana",0,1
Flor,Atencio,floor.atencio@facebook.com,"04 de Septiembre",https://www.facebook.com/floor.atencio,23,Recoleta,"Ciudad Autónoma de Buenos Aires","Buenos Aires",Argentina,629417894,"Alfonso Bron",https://www.facebook.com/bronalfonso,1
Sofía,"P Van Garrett",soovangarrett@facebook.com,"04 de Septiembre",https://www.facebook.com/soovangarrett,,,"Ciudad Autónoma de Buenos Aires","Buenos Aires",Argentina,1052265689,"Emiliano Pirolo",https://www.facebook.com/emi.pirolo,1
Sofi,Buratovich,sopa.buratovich.1@facebook.com,"04 de Septiembre",https://www.facebook.com/sopa.buratovich.1,24,,"Ciudad Autónoma de Buenos Aires","Buenos Aires",Argentina,100006931501363,"Agustin Sujo",https://www.facebook.com/agustin.sujook,1
Sopa,Buratovich,sofia.buratovich@facebook.com,"04 de Septiembre",https://www.facebook.com/sofia.buratovich,24,,"Ciudad Autónoma de Buenos Aires","Buenos Aires",Argentina,100006942183692,"Agustin Sujo",https://www.facebook.com/agustin.sujook,1
Agus,Amadeo,agus.amadeo.5@facebook.com,"04 de Septiembre",https://www.facebook.com/agus.amadeo.5,,,"Ciudad Autónoma de Buenos Aires","Buenos Aires",Argentina,1359176555,"Emiliano Pirolo",,1
Coraline,Doll,coraline.doll.9@facebook.com,"04 de Septiembre",https://www.facebook.com/coraline.doll.9,26,Array,"Ciudad Autónoma de Buenos Aires","Buenos Aires",Argentina,100003097398978,"Fett Maidana",0,1
Tamisita,Segato,tamara.ailen1986@facebook.com,"04 de Septiembre",https://www.facebook.com/tamara.ailen1986,28,,"Ciudad Autónoma de Buenos Aires","Buenos Aires",Argentina,1256095385,"La Rockeria",https://www.facebook.com/oveja1,1
Tati,Belen,tati.descasso@facebook.com,"04 de Septiembre",https://www.facebook.com/tati.descasso,,,"Ciudad Autónoma de Buenos Aires","Buenos Aires",Argentina,100002666132350,"Pedro Lopezyfernandez",https://www.facebook.com/pedronahuel,1
Cori,Eventos,cori.eventos.5@facebook.com,"04 de Septiembre",https://www.facebook.com/cori.eventos.5,25,,"Ciudad Autónoma de Buenos Aires","Buenos Aires",Argentina,100003053956671,"Lupe Dávalos",https://www.facebook.com/guadinight,1
Gustavo,"Yampey Gyba",gustavo.yampeygyba@facebook.com,"04 de Septiembre",https://www.facebook.com/gustavo.yampeygyba,,,"Ciudad Autónoma de Buenos Aires","Buenos Aires",Argentina,100003010641654,"Miqui Berriòs",https://www.facebook.com/miqui.berrios,1
Lola,Maffrand,lola.maffrand@facebook.com,"04 de Septiembre",https://www.facebook.com/lola.maffrand,23,,"Ciudad Autónoma de Buenos Aires","Buenos Aires",Argentina,720273380,"Antoine Cornudet",,1
Jonni,"Dee Villegas",jonathan.molina.357284@facebook.com,"04 de Septiembre",https://www.facebook.com/jonathan.molina.357284,,,"Ciudad Autónoma de Buenos Aires","Buenos Aires",Argentina,100002391575515,"Maria Emilia Lopez Fonseca",,1
"Bombonas De Fede",Woufast,bombonasdefede.woufast@facebook.com,"04 de Septiembre",https://www.facebook.com/bombonasdefede.woufast,,,"Ciudad Autónoma de Buenos Aires","Buenos Aires",Argentina,100002482711411,"Paula Medina",,1
Ezequiel,Fernandez,ezequiel.fernandez.5492216@facebook.com,"04 de Septiembre",https://www.facebook.com/ezequiel.fernandez.5492216,22,,"Ciudad Autónoma de Buenos Aires","Buenos Aires",Argentina,1294152087,"Agustina Pelle Müller",,1
Florencia,Saenz,florencia.saenz.73@facebook.com,"04 de Septiembre",https://www.facebook.com/florencia.saenz.73,25,,"Ciudad Autónoma de Buenos Aires","Buenos Aires",Argentina,100000372429241,"Clara Ryan",https://www.facebook.com/clariryaneventos,1
Lb,Microcentro,lb.dance@facebook.com,"04 de Septiembre",https://www.facebook.com/lb.dance,27,,"Ciudad Autónoma de Buenos Aires","Buenos Aires",Argentina,100001023375977,"Flor Scalise",https://www.facebook.com/flor.scalise,1
Joaquin,Tagle,joaquin.tagle.31@facebook.com,"04 de Septiembre",https://www.facebook.com/joaquin.tagle.31,28,,"Ciudad Autónoma de Buenos Aires","Buenos Aires",Argentina,1432426972,"Melo Dellarole",https://www.facebook.com/melodellarole,1
Demian,Formento,demian.formento@facebook.com,"04 de Septiembre",https://www.facebook.com/demian.formento,24,,"Ciudad Autónoma de Buenos Aires","Buenos Aires",Argentina,1095346092,"Julieta Belen",,1
Nahuel,Capandegui,nahuel.capandegui@facebook.com,"04 de Septiembre",https://www.facebook.com/nahuel.capandegui,,,"Ciudad Autónoma de Buenos Aires","Buenos Aires",Argentina,1515982083,"Sheyla Gutierrez Aguirre",https://www.facebook.com/sheylamarilyn.gutierrezag,1
Lazaro,Lya,lazaro.lya@facebook.com,"04 de Septiembre",https://www.facebook.com/lazaro.lya,24,,"Ciudad Autónoma de Buenos Aires","Buenos Aires",Argentina,100001459086251,"Cecilia Morinigo",,1
Nahuel,Perez,nahuel.perez.374@facebook.com,"04 de Septiembre",https://www.facebook.com/nahuel.perez.374,22,"Buenos Aires","Buenos Aires","Buenos Aires",Argentina,100002332020348,"Augusto Lios",0,1
Day,Enriquez,daiana.enriquez.9@facebook.com,"04 de Septiembre",https://www.facebook.com/daiana.enriquez.9,22,,"Ciudad Autónoma de Buenos Aires","Buenos Aires",Argentina,100001680434208,"Julio Roberto Cuevas",https://www.facebook.com/julioroberto.cuevas,1
Leo,Salle,leo.salle@facebook.com,"04 de Septiembre",https://www.facebook.com/leo.salle,25,,"Ciudad Autónoma de Buenos Aires","Buenos Aires",Argentina,1010119474,"Carli Pellizzaro",https://www.facebook.com/Carlii,1
Soledad,Almada,soledad.almada.1806@facebook.com,"04 de Septiembre",https://www.facebook.com/soledad.almada.1806,23,,"Ciudad Autónoma de Buenos Aires","Buenos Aires",Argentina,1802299241,"Maria Quevedo",https://www.facebook.com/mery.quevedo3,1
Mutual,"Trabajadores Judiciales",mutual.trabajadoresjudiciales@facebook.com,"04 de Septiembre",https://www.facebook.com/mutual.trabajadoresjudiciales,,,"Ciudad Autónoma de Buenos Aires","Buenos Aires",Argentina,100000718509371,"Carla Ferro",https://www.facebook.com/carla.ferro,1
Paola,Careri,paocareri@facebook.com,"04 de Septiembre",https://www.facebook.com/paocareri,,,"Ciudad Autónoma de Buenos Aires","Buenos Aires",Argentina,614086666,"Andrea García Sención",https://www.facebook.com/andreagarciasencion,1
Carolina,Molozaj,carolinamzj@facebook.com,"04 de Septiembre",https://www.facebook.com/carolinamzj,,,"Ciudad Autónoma de Buenos Aires","Buenos Aires",Argentina,100003864291223,"Agos D'Urbano",https://www.facebook.com/agostinnad,1
"Graciela Ines",Botto,gracielaines.botto1@facebook.com,"04 de Septiembre",https://www.facebook.com/gracielaines.botto1,,,"Ciudad Autónoma de Buenos Aires","Buenos Aires",Argentina,100001092968031,"Jose Guevara",https://www.facebook.com/JoeGuevara81,1
Cami,Donna,camidonna@facebook.com,"04 de Septiembre",https://www.facebook.com/camidonna,,,"Ciudad Autónoma de Buenos Aires","Buenos Aires",Argentina,1580388971,"Gianfranco Ferrati",,1
Juli,Mamana,ju.mamana@facebook.com,"04 de Septiembre",https://www.facebook.com/ju.mamana,,,"Ciudad Autónoma de Buenos Aires","Buenos Aires",Argentina,519420813,"Juani Muñoz Sanchez",https://www.facebook.com/juandaniel.munoz,1
Edu,Pimentel,edufspimentel@facebook.com,"04 de Septiembre",https://www.facebook.com/edufspimentel,,,"Ciudad Autónoma de Buenos Aires","Buenos Aires",Argentina,867995173,"Nicolas Ajargo",https://www.facebook.com/najargo,1
Paula,Urban,paula.urban.92@facebook.com,"04 de Septiembre",https://www.facebook.com/paula.urban.92,,,"Ciudad Autónoma de Buenos Aires","Buenos Aires",Argentina,100000738293255,"Paula Castro",,1
Florencia,Bosio,florencia.bosio@facebook.com,"04 de Septiembre",https://www.facebook.com/florencia.bosio,,,"Ciudad Autónoma de Buenos Aires","Buenos Aires",Argentina,614589658,"Facu Denegri",,1
"El Sabato","Área Danza",danzasabato@facebook.com,"04 de Septiembre",https://www.facebook.com/danzasabato,26,,"Ciudad Autónoma de Buenos Aires","Buenos Aires",Argentina,100001272247116,"Estefania Pascual Lerario",https://www.facebook.com/estefania.lerario,1
Jackie,Torio,jackie.torio1@facebook.com,"04 de Septiembre",https://www.facebook.com/jackie.torio1,,,"Ciudad Autónoma de Buenos Aires","Buenos Aires",Argentina,561522930,"Franco Marcoccia",https://www.facebook.com/franco.marcoccia,1
Tami,Pupeé,lepupelle@facebook.com,"04 de Septiembre",https://www.facebook.com/lepupelle,,"Buenos Aires","Buenos Aires","Buenos Aires",Argentina,1054175308,"Peter GC",0,1
Daniela,Báez,dani.baez.37@facebook.com,"04 de Septiembre",https://www.facebook.com/dani.baez.37,22,,"Ciudad Autónoma de Buenos Aires","Buenos Aires",Argentina,100000933193336,"Romina Toller",,1
Ferb,Ferreyra,fernando.ferreyra.18@facebook.com,"04 de Septiembre",https://www.facebook.com/fernando.ferreyra.18,,,"Ciudad Autónoma de Buenos Aires","Buenos Aires",Argentina,1419331032,"Ale Arias Mandarine Park",,1
Sole,"Onis De Winne",sole.onisdewinne@facebook.com,"04 de Septiembre",https://www.facebook.com/sole.onisdewinne,,,"Ciudad Autónoma de Buenos Aires","Buenos Aires",Argentina,100003017037299,"Chivi Giler",https://www.facebook.com/chivigiler,1
Fede,Woufast,fede.woufast@facebook.com,"04 de Septiembre",https://www.facebook.com/fede.woufast,,,"Ciudad Autónoma de Buenos Aires","Buenos Aires",Argentina,100001621252354,"Sofía Barreira",https://www.facebook.com/sofia.barreiram,1
Almendra,Duo,almendra.duo@facebook.com,"04 de Septiembre",https://www.facebook.com/almendra.duo,27,,"Ciudad Autónoma de Buenos Aires","Buenos Aires",Argentina,100000869180972,"Flor Scalise",https://www.facebook.com/flor.scalise,1
Pa,Bailar,pa.bailar.1@facebook.com,"04 de Septiembre",https://www.facebook.com/pa.bailar.1,28,,"Ciudad Autónoma de Buenos Aires","Buenos Aires",Argentina,100002505147329,"Flor Scalise",https://www.facebook.com/flor.scalise,1
Bayres,"Escuela de Ritmos",escuela.ritmos@facebook.com,"04 de Septiembre",https://www.facebook.com/escuela.ritmos,,,"Ciudad Autónoma de Buenos Aires","Buenos Aires",Argentina,100002204046572,"Evangelina Dinatale de Biglieri",https://www.facebook.com/evangelina.dinataledebigl,1
Aye,Ilincheta,aye.ilincheta@facebook.com,"04 de Septiembre",https://www.facebook.com/aye.ilincheta,22,,"Ciudad Autónoma de Buenos Aires","Buenos Aires",Argentina,1242593227,"Aluhe Morbidoni",,1
Tati,Stepanovitch,tati.stepanovitch@facebook.com,"04 de Septiembre",https://www.facebook.com/tati.stepanovitch,26,,"Ciudad Autónoma de Buenos Aires","Buenos Aires",Argentina,100000585710605,"Betsabé Baxter",https://www.facebook.com/betsabe.baxter,1
Maia,Toledo,maia.dears.steelangelkurumi@facebook.com,"04 de Septiembre",https://www.facebook.com/maia.dears.steelangelkurumi,23,"Buenos Aires","Buenos Aires","Buenos Aires",Argentina,1160262433,"Alan Yun",0,1
Snoopy,Rack,snoopy.rack@facebook.com,"05 de Septiembre",https://www.facebook.com/snoopy.rack,28,,"Ciudad Autónoma de Buenos Aires","Buenos Aires",Argentina,1552059092,"La Rockeria",https://www.facebook.com/oveja1,1
"Il Porco",Indecente,porco.indecente@facebook.com,"05 de Septiembre",https://www.facebook.com/porco.indecente,,,"Ciudad Autónoma de Buenos Aires","Buenos Aires",Argentina,100001074419090,"Julio Roberto Cuevas",https://www.facebook.com/julioroberto.cuevas,1
Santiago,Quintero,santiago.quintero.9465@facebook.com,"05 de Septiembre",https://www.facebook.com/santiago.quintero.9465,23,,"Ciudad Autónoma de Buenos Aires","Buenos Aires",Argentina,100002758965219,"Agus Rodriguez",,1
Vanessa,Mongiello,vanessa.mongiello.1@facebook.com,"05 de Septiembre",https://www.facebook.com/vanessa.mongiello.1,27,,"Ciudad Autónoma de Buenos Aires","Buenos Aires",Argentina,100000165018204,"Eve Schiera",,1
Solo,Moda,solo.moda.710@facebook.com,"05 de Septiembre",https://www.facebook.com/solo.moda.710,,,"Ciudad Autónoma de Buenos Aires","Buenos Aires",Argentina,1809131139,"Ramiro Prieto",,1
Rocío,"Pérez Suárez",rocio.perez.3745496@facebook.com,"05 de Septiembre",https://www.facebook.com/rocio.perez.3745496,22,"Buenos Aires","Buenos Aires","Buenos Aires",Argentina,1375418502,"Juan Pablo Aleman",0,1
"Galeria Scout",Artexpresion,galeriascout.artexpresion@facebook.com,"05 de Septiembre",https://www.facebook.com/galeriascout.artexpresion,23,,"Ciudad Autónoma de Buenos Aires","Buenos Aires",Argentina,100002071018101,"Ezequiel Sebastian Berardi",https://www.facebook.com/EzErAsTa,1
Carolina,Navarro,carolina.navarro.9066@facebook.com,"05 de Septiembre",https://www.facebook.com/carolina.navarro.9066,23,,"Ciudad Autónoma de Buenos Aires","Buenos Aires",Argentina,1509670710,"Jose Guevara",https://www.facebook.com/JoeGuevara81,1
Carla,Pierro,carla.pierro@facebook.com,"05 de Septiembre",https://www.facebook.com/carla.pierro,23,,"Ciudad Autónoma de Buenos Aires","Buenos Aires",Argentina,1490504812,"Fátima Belén Zárate",,1
Jhonny,Pittbull,jhonny.lugano@facebook.com,"05 de Septiembre",https://www.facebook.com/jhonny.lugano,23,,"Ciudad Autónoma de Buenos Aires","Buenos Aires",Argentina,1345746913,"Ariel Martin",https://www.facebook.com/arielcabezon,1
IzumiSushi,Bar,izumisushii.bar@facebook.com,"05 de Septiembre",https://www.facebook.com/izumisushii.bar,27,,"Ciudad Autónoma de Buenos Aires","Buenos Aires",Argentina,100003898226303,"Sergio Acosta",,1
Luisina,Black,luisina.black@facebook.com,"05 de Septiembre",https://www.facebook.com/luisina.black,,,"Ciudad Autónoma de Buenos Aires","Buenos Aires",Argentina,100003207229238,"Emiliano Pirolo",https://www.facebook.com/emi.pirolo,1
Lucas,Taboada,taboadalucas@facebook.com,"05 de Septiembre",https://www.facebook.com/taboadalucas,,,"Ciudad Autónoma de Buenos Aires","Buenos Aires",Argentina,1568768475,"Franco Palermo",,1
Virginia,Zaraza,zarazazarazazaraza@facebook.com,"05 de Septiembre",https://www.facebook.com/zarazazarazazaraza,25,,"Ciudad Autónoma de Buenos Aires","Buenos Aires",Argentina,694158667,"Federico Carrizo",https://www.facebook.com/federicoc,1
Malén,Triador,male.triador@facebook.com,"05 de Septiembre",https://www.facebook.com/male.triador,,,"Ciudad Autónoma de Buenos Aires","Buenos Aires",Argentina,100000072802481,"Lucas Funes",https://www.facebook.com/SkriLef14,1
Blanki,Suarez,blanca.suarez.7370@facebook.com,"05 de Septiembre",https://www.facebook.com/blanca.suarez.7370,26,,"Ciudad Autónoma de Buenos Aires","Buenos Aires",Argentina,100002226900882,"Lo Lola",,1
Lunharia,"Alta Costura",lunharia.altacostura@facebook.com,"05 de Septiembre",https://www.facebook.com/lunharia.altacostura,,,"Ciudad Autónoma de Buenos Aires","Buenos Aires",Argentina,100000225128522,"Agos Costas",https://www.facebook.com/agoscostas,1
Edu,Peluca,edu.peluca.7@facebook.com,"05 de Septiembre",https://www.facebook.com/edu.peluca.7,,"San Cristóbal","Ciudad Autónoma de Buenos Aires","Buenos Aires",Argentina,100006354125800,"Ruben Pacora",https://www.facebook.com/ruben.pacora,1
Ayelen,Peralta,ayeperalta.tendencia@facebook.com,"05 de Septiembre",https://www.facebook.com/ayeperalta.tendencia,28,,"Ciudad Autónoma de Buenos Aires","Buenos Aires",Argentina,100003746073754,"Romy Gutierrez Jaime",https://www.facebook.com/romygutierrezjaime,1
Maria,Angela,maria.angela.1272@facebook.com,"05 de Septiembre",https://www.facebook.com/maria.angela.1272,,,"Ciudad Autónoma de Buenos Aires","Buenos Aires",Argentina,100001036422026,"Paz Maldonado",,1
Yoohii,Garcia,yoohaniitaa.bf@facebook.com,"05 de Septiembre",https://www.facebook.com/yoohaniitaa.bf,,,"Ciudad Autónoma de Buenos Aires","Buenos Aires",Argentina,100001942709259,"Pedro Lopezyfernandez",https://www.facebook.com/pedronahuel,1
Mina,Mugnos,mina.pasesvip@facebook.com,"05 de Septiembre",https://www.facebook.com/mina.pasesvip,,,"Ciudad Autónoma de Buenos Aires","Buenos Aires",Argentina,1306216316,"Claudio Arias",https://www.facebook.com/clautrance,1
Mariana,Ruiz,mariana.ruiz.988373@facebook.com,"05 de Septiembre",https://www.facebook.com/mariana.ruiz.988373,26,,"Ciudad Autónoma de Buenos Aires","Buenos Aires",Argentina,857479098,"Silvia Fernandez",https://www.facebook.com/silviafernandezchivi,1
After,Godoy,after.godoy.1@facebook.com,"05 de Septiembre",https://www.facebook.com/after.godoy.1,28,,"Ciudad Autónoma de Buenos Aires","Buenos Aires",Argentina,100005744831271,"Laurita Menichetti",https://www.facebook.com/laurita.menichetti,1
Vickii,Tejada,estefania.tejada3@facebook.com,"05 de Septiembre",https://www.facebook.com/estefania.tejada3,24,,"Ciudad Autónoma de Buenos Aires","Buenos Aires",Argentina,100002581384591,"Guada Lozano",,1
Grupo,Textil,grupo.textil@facebook.com,"05 de Septiembre",https://www.facebook.com/grupo.textil,21,,"Ciudad Autónoma de Buenos Aires","Buenos Aires",Argentina,100002824948591,"Ariel Villarreal",,1
Mariano,Arg,mariano.arg.3@facebook.com,"05 de Septiembre",https://www.facebook.com/mariano.arg.3,,,"Ciudad Autónoma de Buenos Aires","Buenos Aires",Argentina,100001480028207,"Martin Menini",https://www.facebook.com/martin.menini,1
Gonzalo,Mayo,gon.mayo@facebook.com,"05 de Septiembre",https://www.facebook.com/gon.mayo,,,"Ciudad Autónoma de Buenos Aires","Buenos Aires",Argentina,1623944817,"Ana Glinberg",https://www.facebook.com/ana.glinberg,1
Matias,Kajita,matias.kajita@facebook.com,"05 de Septiembre",https://www.facebook.com/matias.kajita,24,,"Ciudad Autónoma de Buenos Aires","Buenos Aires",Argentina,100000906465210,"Yasu Higa",,1
Magali,Dular,magali.dular@facebook.com,"05 de Septiembre",https://www.facebook.com/magali.dular,,,"Ciudad Autónoma de Buenos Aires","Buenos Aires",Argentina,1508740311,"Martín Álvarez BA I",https://www.facebook.com/Woody.Blair,1
Valores,"Ropa Infantil",valores.ropainfantil@facebook.com,"05 de Septiembre",https://www.facebook.com/valores.ropainfantil,,,"Ciudad Autónoma de Buenos Aires","Buenos Aires",Argentina,100001519561038,"Natalia Tarelli",,1
Virginia,Carrizo,virginia.carrizo.35@facebook.com,"05 de Septiembre",https://www.facebook.com/virginia.carrizo.35,25,,"Ciudad Autónoma de Buenos Aires","Buenos Aires",Argentina,100000811481567,"Federico Carrizo",https://www.facebook.com/federicoc,1
Nicolas,Sibert,nicolas.sibert.7@facebook.com,"05 de Septiembre",https://www.facebook.com/nicolas.sibert.7,,Chacarita,"Ciudad Autónoma de Buenos Aires","Buenos Aires",Argentina,100000634887047,"Yanina Toto",https://www.facebook.com/yanina.toto,1
Monumento,"Mujer Originaria II",mujeroriginaria@facebook.com,"05 de Septiembre",https://www.facebook.com/mujeroriginaria,,Núñez,"Ciudad Autónoma de Buenos Aires","Buenos Aires",Argentina,100002325591555,"Estefi Hilarza",https://www.facebook.com/estefi.hilarza,1
Cesar,Fotografia-retoque,cesarmatiascapasso@facebook.com,"06 de Septiembre",https://www.facebook.com/cesarmatiascapasso,,,"Ciudad Autónoma de Buenos Aires","Buenos Aires",Argentina,1364116779,"Brenda Fabregat",https://www.facebook.com/brenda.fabregat,1
Hernan,Arceo,hernan.arceo.9@facebook.com,"06 de Septiembre",https://www.facebook.com/hernan.arceo.9,,,"Ciudad Autónoma de Buenos Aires","Buenos Aires",Argentina,1051436443,"Vanesa Myrna Ojeda",,1
Lucia,Larrea,lucia.larrea.7@facebook.com,"06 de Septiembre",https://www.facebook.com/lucia.larrea.7,26,,"Ciudad Autónoma de Buenos Aires","Buenos Aires",Argentina,1180127127,"Belu Piacentino",https://www.facebook.com/belenpiacentino,1
Federico,Poli,federico.poli.547@facebook.com,"06 de Septiembre",https://www.facebook.com/federico.poli.547,21,"Villa Pueyrredón","Ciudad Autónoma de Buenos Aires","Distrito Federal",Argentina,100001450956477,"Brian Cano",,1
"Juan Martin",Bengoechea,juanmartin.bengoechea@facebook.com,"06 de Septiembre",https://www.facebook.com/juanmartin.bengoechea,,,"Ciudad Autónoma de Buenos Aires","Buenos Aires",Argentina,1613315230,"Jero Salsamendi",https://www.facebook.com/jero.salsamendi,1
Camila,Papaleo,camila.papaleo.7@facebook.com,"06 de Septiembre",https://www.facebook.com/camila.papaleo.7,21,,"Ciudad Autónoma de Buenos Aires","Buenos Aires",Argentina,100003378177857,"Cynthia Gianni",,1
Conectadas,"A Vos",conectadas.avos@facebook.com,"06 de Septiembre",https://www.facebook.com/conectadas.avos,,,"Ciudad Autónoma de Buenos Aires","Buenos Aires",Argentina,100004055631441,"Juan Manuel Fotografo",https://www.facebook.com/JuanmaJMFotoEstudio,1
Mar,Terrazzino,martina.terrazzino@facebook.com,"06 de Septiembre",https://www.facebook.com/martina.terrazzino,,,"Ciudad Autónoma de Buenos Aires","Buenos Aires",Argentina,1439846186,"Martín Álvarez BA I",https://www.facebook.com/Woody.Blair,1
Crischu,Porto,crischu.porto@facebook.com,"06 de Septiembre",https://www.facebook.com/crischu.porto,,,"Ciudad Autónoma de Buenos Aires","Buenos Aires",Argentina,100001550735370,"Coqui TA",https://www.facebook.com/coquiTA8,1
Gruppo,Modena,gruppo.modena@facebook.com,"06 de Septiembre",https://www.facebook.com/gruppo.modena,,,"Ciudad Autónoma de Buenos Aires","Buenos Aires",Argentina,100001325280814,"Felicitas Ghigliotti",https://www.facebook.com/felicitas.ghigliotti,1
Milla,"Manos de Tijera",milla.manosdetijera@facebook.com,"06 de Septiembre",https://www.facebook.com/milla.manosdetijera,24,,"Ciudad Autónoma de Buenos Aires","Buenos Aires",Argentina,100003804028340,"Emanuel Gaston Perdigues",https://www.facebook.com/emaxpx,1
Toti,Benzoni,toti.benzoni@facebook.com,"06 de Septiembre",https://www.facebook.com/toti.benzoni,,,"Ciudad Autónoma de Buenos Aires","Buenos Aires",Argentina,1073192588,"Ignacio Lines Ceruti",https://www.facebook.com/ignacio.lines,1
Marcelo,Segovia,marcelo.segovia.752@facebook.com,"06 de Septiembre",https://www.facebook.com/marcelo.segovia.752,,,"Ciudad Autónoma de Buenos Aires","Buenos Aires",Argentina,1486283153,"Julieta Olmedo Cortese",https://www.facebook.com/poshipo,1
Cel,García,ce.garciia@facebook.com,"06 de Septiembre",https://www.facebook.com/ce.garciia,,,"Ciudad Autónoma de Buenos Aires","Buenos Aires",Argentina,100003140704108,"Johii Fim",https://www.facebook.com/johii.fim,1
Templo,Fest,templo.palermo@facebook.com,"06 de Septiembre",https://www.facebook.com/templo.palermo,,,"Ciudad Autónoma de Buenos Aires","Buenos Aires",Argentina,100004198475741,"Maria Emilia Lopez Fonseca",,1
Damián,Castillo,damian.castillo.f@facebook.com,"06 de Septiembre",https://www.facebook.com/damian.castillo.f,,,"Ciudad Autónoma de Buenos Aires","Buenos Aires",Argentina,1467577963,"Romy Gutierrez Jaime",https://www.facebook.com/romygutierrezjaime,1
Gustavo,"Pereira-Alvarez Alvarez",gustavo.pereiraalvarezalvarez@facebook.com,"06 de Septiembre",https://www.facebook.com/gustavo.pereiraalvarezalvarez,26,,"Ciudad Autónoma de Buenos Aires","Buenos Aires",Argentina,100000005540656,"Cami Papiccio",https://www.facebook.com/cami.papiccio,1
Corre,Caminos,corre.caminos.351@facebook.com,"06 de Septiembre",https://www.facebook.com/corre.caminos.351,,,"Ciudad Autónoma de Buenos Aires","Buenos Aires",Argentina,100002892646162,"Sylvia Vattuone",https://www.facebook.com/sylvia.vattuone,1
An,"Dii Suarez",andreavictoria.suarez@facebook.com,"06 de Septiembre",https://www.facebook.com/andreavictoria.suarez,23,,"Ciudad Autónoma de Buenos Aires","Buenos Aires",Argentina,1002636598,"Javier Potenza",,1
Fiestas,"Lima Limón",fiestas.limalimon@facebook.com,"06 de Septiembre",https://www.facebook.com/fiestas.limalimon,,,"Ciudad Autónoma de Buenos Aires","Buenos Aires",Argentina,1494915894,"Anto Melgarejo",https://www.facebook.com/antho.melgarejo,1
Maximiliano,Sorolla,maximiliano.sorolla.7@facebook.com,"06 de Septiembre",https://www.facebook.com/maximiliano.sorolla.7,23,Colegiales,"Ciudad Autónoma de Buenos Aires","Distrito Federal",Argentina,1219295367,"Diego Maciel",,1
Veronica,Ballesteros,veronica.ballesteros.79@facebook.com,"06 de Septiembre",https://www.facebook.com/veronica.ballesteros.79,,,"Ciudad Autónoma de Buenos Aires","Buenos Aires",Argentina,1202028085,"Guille Rampo",https://www.facebook.com/guillermo.rampo,1
Mlo,Prensa,letsgonight@facebook.com,"06 de Septiembre",https://www.facebook.com/letsgonight,,,"Ciudad Autónoma de Buenos Aires","Buenos Aires",Argentina,100000351631128,"Fer Ferrari",https://www.facebook.com/FERRARIFERNANDO22,1
Juaann,Osti,juanmi2011@facebook.com,"06 de Septiembre",https://www.facebook.com/juanmi2011,,,"Ciudad Autónoma de Buenos Aires","Buenos Aires",Argentina,100002629994119,"Bernardo Cura Bonazzola",https://www.facebook.com/bernardocurabonazzola,1
Matias,"Silvestre Atelier",matias.silvestreatelier@facebook.com,"06 de Septiembre",https://www.facebook.com/matias.silvestreatelier,,,"Ciudad Autónoma de Buenos Aires","Buenos Aires",Argentina,100002270944365,"Flor Botana",,1
"Milagros F",Lucangioli,milagrosf.lucangioli@facebook.com,"06 de Septiembre",https://www.facebook.com/milagrosf.lucangioli,21,,"Ciudad Autónoma de Buenos Aires","Buenos Aires",Argentina,100003084212118,"Gonza Gonzalez",,1
Marianela,Brouchy,marianela.brouchy@facebook.com,"06 de Septiembre",https://www.facebook.com/marianela.brouchy,,,"Ciudad Autónoma de Buenos Aires","Buenos Aires",Argentina,1357585438,"Li-ly Rojas",https://www.facebook.com/serena1968,1
Teatro,"El Buho",teatro.elbuho.1@facebook.com,"06 de Septiembre",https://www.facebook.com/teatro.elbuho.1,,,"Ciudad Autónoma de Buenos Aires","Buenos Aires",Argentina,100001370498468,"Ingrid Sondergaard",https://www.facebook.com/ingridfash,1
Daniel,Medrano,daniel.medrano.5036@facebook.com,"06 de Septiembre",https://www.facebook.com/daniel.medrano.5036,,,"Ciudad Autónoma de Buenos Aires","Buenos Aires",Argentina,660762380,"Macarena Alonso Dumón",https://www.facebook.com/macarenaad,1
Rodrigo,"Borrero Silva",rodrigo.borrerosilva@facebook.com,"06 de Septiembre",https://www.facebook.com/rodrigo.borrerosilva,25,"Buenos Aires","Buenos Aires","Buenos Aires",Argentina,624559141,"Peter GC",0,1
"Juan Manuel",Sambade,corsi.sambade@facebook.com,"07 de Septiembre",https://www.facebook.com/corsi.sambade,23,Barracas,"Ciudad Autónoma de Buenos Aires","Distrito Federal",Argentina,1136078472,"Jonathan Leonel",,1
German,Flood,german.flood@facebook.com,"07 de Septiembre",https://www.facebook.com/german.flood,,"Buenos Aires","Buenos Aires","Buenos Aires",Argentina,1790057543,"Fabi Cepeda",0,1
Anto,Natale,anto.natale.18@facebook.com,"07 de Septiembre",https://www.facebook.com/anto.natale.18,22,,"Ciudad Autónoma de Buenos Aires","Buenos Aires",Argentina,100001864958869,"Felipe Vidal",https://www.facebook.com/Feelipe.vp,1
Daniel,Alvarez,daniel.alvarez.501@facebook.com,"07 de Septiembre",https://www.facebook.com/daniel.alvarez.501,,,"Ciudad Autónoma de Buenos Aires","Buenos Aires",Argentina,1231801222,"La Rockeria",https://www.facebook.com/oveja1,1
"María Cecilia",Cavallo,chechicavallo@facebook.com,"07 de Septiembre",https://www.facebook.com/chechicavallo,,,"Ciudad Autónoma de Buenos Aires","Buenos Aires",Argentina,661657656,"Agus Leoni",https://www.facebook.com/agustina.leoni,1
Lucia,Blengini,lucia.blengini@facebook.com,"07 de Septiembre",https://www.facebook.com/lucia.blengini,26,,"Ciudad Autónoma de Buenos Aires","Buenos Aires",Argentina,1150771803,"Vicky Blengini",https://www.facebook.com/vicky.blengini,1
Angelina,Crespo,anguuuuu@facebook.com,"07 de Septiembre",https://www.facebook.com/anguuuuu,27,,"Ciudad Autónoma de Buenos Aires","Buenos Aires",Argentina,736935800,"Agus Carranza",,1
"Gastohn Barrios","Fotógrafo II",gastohnbarrios.fotografo@facebook.com,"07 de Septiembre",https://www.facebook.com/gastohnbarrios.fotografo,,,"Ciudad Autónoma de Buenos Aires","Buenos Aires",Argentina,100001988305577,"Mia Miry Ponce",,1
Cin,Tia,cinlandia@facebook.com,"07 de Septiembre",https://www.facebook.com/cinlandia,28,,"Ciudad Autónoma de Buenos Aires","Buenos Aires",Argentina,683631648,"Tatiana Petroccelli",https://www.facebook.com/tanshanita,1
"Emilce Laura",Diaz,emilcelaura.diaz@facebook.com,"07 de Septiembre",https://www.facebook.com/emilcelaura.diaz,,,"Ciudad Autónoma de Buenos Aires","Buenos Aires",Argentina,100002549332338,"Roxana del Prado",,1
Babylandropa,Andrea,babylandropa.andrea@facebook.com,"07 de Septiembre",https://www.facebook.com/babylandropa.andrea,,,"Ciudad Autónoma de Buenos Aires","Buenos Aires",Argentina,100006808112508,"Noe Guillén",https://www.facebook.com/noeguillen20,1
"Eli Lisset",II,elizabeth.lisset@facebook.com,"07 de Septiembre",https://www.facebook.com/elizabeth.lisset,,,"Ciudad Autónoma de Buenos Aires","Buenos Aires",Argentina,1085347884,"Juan Manuel Fotografo",https://www.facebook.com/JuanmaJMFotoEstudio,1
Danny,Viera,danny.viera1@facebook.com,"07 de Septiembre",https://www.facebook.com/danny.viera1,,,"Ciudad Autónoma de Buenos Aires","Buenos Aires",Argentina,1822042462,"Nadia Vannessa",https://www.facebook.com/nadiavannessa18,1
Ine,Bullo,inebullo@facebook.com,"07 de Septiembre",https://www.facebook.com/inebullo,24,,"Ciudad Autónoma de Buenos Aires","Buenos Aires",Argentina,100000057192156,"Luli Torres",,1
Maria,Acosta,maria.a.acosta.7140@facebook.com,"07 de Septiembre",https://www.facebook.com/maria.a.acosta.7140,,,"Ciudad Autónoma de Buenos Aires","Buenos Aires",Argentina,717766279,"Debora Malvestuto",https://www.facebook.com/dmalvestuto,1
Malena,Dujovney,malena.dujovney@facebook.com,"07 de Septiembre",https://www.facebook.com/malena.dujovney,,,"Ciudad Autónoma de Buenos Aires","Buenos Aires",Argentina,1207105933,"Ayu Casanova",,1
Kevin,Raptor,kevinraptor.w@facebook.com,"07 de Septiembre",https://www.facebook.com/kevinraptor.w,24,"Buenos Aires","Buenos Aires","Buenos Aires",Argentina,100000383150339,"Alan Yun",0,1
"Valeria Alejandra",Panizo,valeriaalejandra.panizo@facebook.com,"07 de Septiembre",https://www.facebook.com/valeriaalejandra.panizo,,"Buenos Aires","Buenos Aires","Buenos Aires",Argentina,1474623405,"Luciana Sismondi",0,1
Joaquin,Cedarri,joaquin.cedarri@facebook.com,"07 de Septiembre",https://www.facebook.com/joaquin.cedarri,21,,"Ciudad Autónoma de Buenos Aires","Buenos Aires",Argentina,1143810685,"Flor Rossi",,1
Franco,Romero,franco.romero.948@facebook.com,"07 de Septiembre",https://www.facebook.com/franco.romero.948,27,,"Ciudad Autónoma de Buenos Aires","Buenos Aires",Argentina,100001061925988,"Alan Volper",https://www.facebook.com/alan.volper,1
Turismo,Carretera,turismocarretera01@facebook.com,"07 de Septiembre",https://www.facebook.com/turismocarretera01,,,"Ciudad Autónoma de Buenos Aires","Buenos Aires",Argentina,100003047223942,"Alejandra Ale Roldan",,1
Emiliano,Lovatto,emiliano.lovatto@facebook.com,"07 de Septiembre",https://www.facebook.com/emiliano.lovatto,,,"Ciudad Autónoma de Buenos Aires","Buenos Aires",Argentina,1327091095,"Maria Belén",,1
Sapos,"De Otro Pozo",saposdeotropozo@facebook.com,"07 de Septiembre",https://www.facebook.com/saposdeotropozo,27,Boedo,"Ciudad Autónoma de Buenos Aires","Distrito Federal",Argentina,1450552320,"Nano Vaquer",,1
IGlam,Promociones,iglam.promociones@facebook.com,"07 de Septiembre",https://www.facebook.com/iglam.promociones,,,"Ciudad Autónoma de Buenos Aires","Buenos Aires",Argentina,100002958020825,"Rocío Martínez",https://www.facebook.com/rochi.belen,1
Asistente,Gody,asistente.gody@facebook.com,"07 de Septiembre",https://www.facebook.com/asistente.gody,,,"Ciudad Autónoma de Buenos Aires","Buenos Aires",Argentina,100004429326521,"Gabriela Rosito",https://www.facebook.com/gabriela.rosito,1
Julieta,Dottori,julieta.dottori.9@facebook.com,"07 de Septiembre",https://www.facebook.com/julieta.dottori.9,21,,"Ciudad Autónoma de Buenos Aires","Buenos Aires",Argentina,1465475554,"Antonela Monachesi",https://www.facebook.com/anto.monachesi,1
Agasajos,Caprichosos,agasajos.caprichosos@facebook.com,"07 de Septiembre",https://www.facebook.com/agasajos.caprichosos,,,"Ciudad Autónoma de Buenos Aires","Buenos Aires",Argentina,100000140505000,"Sol Policastro",https://www.facebook.com/solangeforever,1
Ezequiel,Dopazo,ezequiel.dopazo@facebook.com,"07 de Septiembre",https://www.facebook.com/ezequiel.dopazo,24,,"Ciudad Autónoma de Buenos Aires","Buenos Aires",Argentina,1224679019,"Belen Uicich",https://www.facebook.com/belen.uicich,1
Eliana,Galindez,eli.galindez7@facebook.com,"07 de Septiembre",https://www.facebook.com/eli.galindez7,24,,"Ciudad Autónoma de Buenos Aires","Buenos Aires",Argentina,636453689,"Anto D'Amato",https://www.facebook.com/anto.dama,1
Hernan,Malivindi,hernan.malivindi@facebook.com,"07 de Septiembre",https://www.facebook.com/hernan.malivindi,28,,"Ciudad Autónoma de Buenos Aires","Buenos Aires",Argentina,538923517,"Cynthia Tatiana Martinez Neves",https://www.facebook.com/cynthiatatiana.martinezne,1
Belu,Savio,beli.savio@facebook.com,"07 de Septiembre",https://www.facebook.com/beli.savio,21,,"Ciudad Autónoma de Buenos Aires","Buenos Aires",Argentina,1644333640,"Maria Belén",,1
Claudio,Gárcia,claudio.garcia.71@facebook.com,"07 de Septiembre",https://www.facebook.com/claudio.garcia.71,26,,"Ciudad Autónoma de Buenos Aires","Buenos Aires",Argentina,1268971848,"Emanuel Gaston Perdigues",https://www.facebook.com/emaxpx,1
Carla,Cafici,carla.cafici@facebook.com,"07 de Septiembre",https://www.facebook.com/carla.cafici,25,,"Ciudad Autónoma de Buenos Aires","Buenos Aires",Argentina,1133794976,"Juani Koch",https://www.facebook.com/juani.koch,1
Breen,Cuerviita,breen.cuerviita@facebook.com,"07 de Septiembre",https://www.facebook.com/breen.cuerviita,,"Villa Del Parque","Ciudad Autónoma de Buenos Aires","Distrito Federal",Argentina,100000911442479,"Brian Cano",,1
Gastohn,Fotógrafo,gastohn@facebook.com,"07 de Septiembre",https://www.facebook.com/gastohn,,,"Ciudad Autónoma de Buenos Aires","Buenos Aires",Argentina,676909544,"Lea Lopez",https://www.facebook.com/Leanwest,1
Danilo,Baroni,danilo.baroni@facebook.com,"07 de Septiembre",https://www.facebook.com/danilo.baroni,26,,"Ciudad Autónoma de Buenos Aires","Buenos Aires",Argentina,504853930,"Nicolas Brea",https://www.facebook.com/Nicolas.Brea,1
Cecilia,Gesualdo,gesualdodanza@facebook.com,"07 de Septiembre",https://www.facebook.com/gesualdodanza,,,"Ciudad Autónoma de Buenos Aires","Buenos Aires",Argentina,1584104103,"Flor Scalise",https://www.facebook.com/flor.scalise,1
Nadia,Polito,nadia.polito.1@facebook.com,"07 de Septiembre",https://www.facebook.com/nadia.polito.1,25,,"Ciudad Autónoma de Buenos Aires","Buenos Aires",Argentina,1384369215,"Charly Ruez",https://www.facebook.com/charly.ruez,1
BrandCommercial,"Galería de Marcas",brandcommercial@facebook.com,"07 de Septiembre",https://www.facebook.com/brandcommercial,,,"Ciudad Autónoma de Buenos Aires","Buenos Aires",Argentina,100001117638784,"Pamela Altamiranda",https://www.facebook.com/pamela.altamiranda1,1
Coco,Casella,robercasella@facebook.com,"07 de Septiembre",https://www.facebook.com/robercasella,,,"Ciudad Autónoma de Buenos Aires","Buenos Aires",Argentina,100002190906670,"Manu Dadaglio",,1
Jessica,Romero,jessiromerojessjess@facebook.com,"07 de Septiembre",https://www.facebook.com/jessiromerojessjess,25,Recoleta,"Ciudad Autónoma de Buenos Aires","Buenos Aires",Argentina,1457649997,"Claudio Arias",https://www.facebook.com/clautrance,1
Juan,Castillo,juanabel.castillo.7@facebook.com,"07 de Septiembre",https://www.facebook.com/juanabel.castillo.7,,"Buenos Aires","Buenos Aires","Buenos Aires",Argentina,100001602582481,"Cecilia Crotti",0,1
Fernando,Rodriguez,fernandomartin.rodriguezrodriguez@facebook.com,"07 de Septiembre",https://www.facebook.com/fernandomartin.rodriguezrodriguez,,,"Ciudad Autónoma de Buenos Aires","Buenos Aires",Argentina,100000204065545,"Luis Greco",https://www.facebook.com/luis.ummus,1
Mateo,Pierazzoli,mpierazz@facebook.com,"08 de Septiembre",https://www.facebook.com/mpierazz,,,"Ciudad Autónoma de Buenos Aires","Buenos Aires",Argentina,550428774,"Gianfranco Ferrati",,1
Mabel,"Humer Argentina",mabel.humerargentina@facebook.com,"08 de Septiembre",https://www.facebook.com/mabel.humerargentina,,,"Ciudad Autónoma de Buenos Aires","Buenos Aires",Argentina,100000533403445,"Gabriela Rosito",https://www.facebook.com/gabriela.rosito,1
"Bésame Romeo",Joyería,besameromeo@facebook.com,"08 de Septiembre",https://www.facebook.com/besameromeo,,Barracas,"Ciudad Autónoma de Buenos Aires","Buenos Aires",Argentina,100002289713611,"Ago Benedettini",https://www.facebook.com/ago.benedettini,1
Ailin,Nocelli,ailin.nocelli@facebook.com,"08 de Septiembre",https://www.facebook.com/ailin.nocelli,26,,"Ciudad Autónoma de Buenos Aires","Buenos Aires",Argentina,1443150387,"Ale Arias Mandarine Park",,1
Marianosoledad,Pereyra,marianosoledad.pereyra@facebook.com,"08 de Septiembre",https://www.facebook.com/marianosoledad.pereyra,23,,"Ciudad Autónoma de Buenos Aires","Buenos Aires",Argentina,100005209960595,"Cielito Perez",,1
Compañia,"Santiago Danza",compania.santiagodanza@facebook.com,"08 de Septiembre",https://www.facebook.com/compania.santiagodanza,23,,"Ciudad Autónoma de Buenos Aires","Buenos Aires",Argentina,100003095636812,"Lix Infinito",https://www.facebook.com/lix.infinito,1
Orfebres,Argentinos,orfebres.argentinos.7@facebook.com,"08 de Septiembre",https://www.facebook.com/orfebres.argentinos.7,,,"Ciudad Autónoma de Buenos Aires","Buenos Aires",Argentina,100003213560802,"Alicia Kosem",https://www.facebook.com/alicia.kosem,1
Agostina,Antonella,agostina.antonela@facebook.com,"08 de Septiembre",https://www.facebook.com/agostina.antonela,,,"Ciudad Autónoma de Buenos Aires","Buenos Aires",Argentina,1387361635,"Giiu Minniti",https://www.facebook.com/giiu.minniti,1
"Croacia En Mi",Corazón,croaciaenmi.corazon@facebook.com,"08 de Septiembre",https://www.facebook.com/croaciaenmi.corazon,24,,"Ciudad Autónoma de Buenos Aires","Buenos Aires",Argentina,719907908,"Nicolas Bacich",https://www.facebook.com/nicolas.bacich,1
Camila,Barreto,chamivillacrespo@facebook.com,"08 de Septiembre",https://www.facebook.com/chamivillacrespo,,"Villa Crespo","Ciudad Autónoma de Buenos Aires","Buenos Aires",Argentina,1167304096,"Nahu Millicay Pereyra",https://www.facebook.com/nahumilli,1
Emmanuel,Testa,imakeyoubelieve@facebook.com,"08 de Septiembre",https://www.facebook.com/imakeyoubelieve,,,"Ciudad Autónoma de Buenos Aires","Buenos Aires",Argentina,100001761600154,"Franco Palermo",,1
Walter,Papazian,walpapa@facebook.com,"08 de Septiembre",https://www.facebook.com/walpapa,,,"Ciudad Autónoma de Buenos Aires","Buenos Aires",Argentina,551056349,"Gisela Indjadjik",https://www.facebook.com/gisela.indjadjik,1
Sofia,Sanguinetti,sofia.sanguinetti1@facebook.com,"08 de Septiembre",https://www.facebook.com/sofia.sanguinetti1,28,,"Ciudad Autónoma de Buenos Aires","Buenos Aires",Argentina,724087285,"Caro Ros Jones",https://www.facebook.com/carorosjones,1
Damian,Suarez,damian.suarez.353@facebook.com,"08 de Septiembre",https://www.facebook.com/damian.suarez.353,25,,"Ciudad Autónoma de Buenos Aires","Buenos Aires",Argentina,1358164283,"Ale Arias Mandarine Park",,1
Miaa,Gonzalez,miaa.gonzalez.581@facebook.com,"08 de Septiembre",https://www.facebook.com/miaa.gonzalez.581,,,"Ciudad Autónoma de Buenos Aires","Buenos Aires",Argentina,100004325075963,"Brian Cano",,1
Uriel,Pukacz,pukacz@facebook.com,"08 de Septiembre",https://www.facebook.com/pukacz,25,"Villa Del Parque","Ciudad Autónoma de Buenos Aires","Distrito Federal",Argentina,762408483,"Eve Schiera",,1
Alacena,Argentina,alacena.argentina@facebook.com,"08 de Septiembre",https://www.facebook.com/alacena.argentina,24,"Buenos Aires","Buenos Aires","Buenos Aires",Argentina,100001498594990,"Carolina Viacava",0,1
Damian,Cichero,damian.c.cabj@facebook.com,"08 de Septiembre",https://www.facebook.com/damian.c.cabj,,,"Ciudad Autónoma de Buenos Aires","Buenos Aires",Argentina,100000513502360,"Gabi López",,1
Dei,TrÖch,dei72@facebook.com,"08 de Septiembre",https://www.facebook.com/dei72,,,"Ciudad Autónoma de Buenos Aires","Buenos Aires",Argentina,100003156080966,"Tomás Eis",,1
Tatiana,Martínez,tatiana.martinez.1426@facebook.com,"08 de Septiembre",https://www.facebook.com/tatiana.martinez.1426,,,"Ciudad Autónoma de Buenos Aires","Buenos Aires",Argentina,100001362696449,"La Rockeria",https://www.facebook.com/oveja1,1
Fede,Vieytes,fede.vieytes.9@facebook.com,"08 de Septiembre",https://www.facebook.com/fede.vieytes.9,,,"Ciudad Autónoma de Buenos Aires","Buenos Aires",Argentina,100004596697552,"Agus Carranza",,1
Ana,Escarlon,anna.lalokii@facebook.com,"08 de Septiembre",https://www.facebook.com/anna.lalokii,22,,"Ciudad Autónoma de Buenos Aires","Buenos Aires",Argentina,100000945112755,"Camy Falcón",https://www.facebook.com/Cammy.Falcon,1
Ale,Capella,ale.capella1@facebook.com,"08 de Septiembre",https://www.facebook.com/ale.capella1,,,"Ciudad Autónoma de Buenos Aires","Buenos Aires",Argentina,1482695659,"Cesar Berdullas",https://www.facebook.com/cesar.berdullas,1
Luciano,Gutierrez,luciano.gutierrez.31@facebook.com,"08 de Septiembre",https://www.facebook.com/luciano.gutierrez.31,22,,"Ciudad Autónoma de Buenos Aires","Buenos Aires",Argentina,1721422672,"Nahu Millicay Pereyra",https://www.facebook.com/nahumilli,1
Tienda,Adriana,tienda.artesanal.9@facebook.com,"08 de Septiembre",https://www.facebook.com/tienda.artesanal.9,,,"Ciudad Autónoma de Buenos Aires","Buenos Aires",Argentina,100002832546272,"Carina Viernickel",,1
Carolina,Hirsch,carolina.hirsch1@facebook.com,"08 de Septiembre",https://www.facebook.com/carolina.hirsch1,,,"Ciudad Autónoma de Buenos Aires","Buenos Aires",Argentina,614518801,"Paula Lara-Foti",https://www.facebook.com/paula.larafoti,1
Veintidosyveintidos,"Diseño Grafico",veintidosyveintidos@facebook.com,"08 de Septiembre",https://www.facebook.com/veintidosyveintidos,,,"Ciudad Autónoma de Buenos Aires","Buenos Aires",Argentina,100003958016298,"Carla Hermann",,1
Fotógrafa,Abad,fotografa.abad@facebook.com,"08 de Septiembre",https://www.facebook.com/fotografa.abad,,,"Ciudad Autónoma de Buenos Aires","Buenos Aires",Argentina,100003981808097,"Carla Hermann",,1
"Ave Raris",II,averaris.ii@facebook.com,"08 de Septiembre",https://www.facebook.com/averaris.ii,25,,"Ciudad Autónoma de Buenos Aires","Buenos Aires",Argentina,100001066140245,"Melo Dellarole",https://www.facebook.com/melodellarole,1
Sumatra,Bar,sumatra.bar@facebook.com,"08 de Septiembre",https://www.facebook.com/sumatra.bar,26,,"Ciudad Autónoma de Buenos Aires","Buenos Aires",Argentina,1628905890,"Rocío Martínez",https://www.facebook.com/rochi.belen,1
"Marcela Isabel","Lopez Vera",marcelaisabel.lopezvera@facebook.com,"08 de Septiembre",https://www.facebook.com/marcelaisabel.lopezvera,26,,"Ciudad Autónoma de Buenos Aires","Buenos Aires",Argentina,100003497654425,"Lo Lola",,1
Evangelina,Simoncini,evangelina.simoncini@facebook.com,"08 de Septiembre",https://www.facebook.com/evangelina.simoncini,,,"Ciudad Autónoma de Buenos Aires","Buenos Aires",Argentina,1019461615,"Sofía Barreira",https://www.facebook.com/sofia.barreiram,1
Morena,Machado,morena.machado.37@facebook.com,"08 de Septiembre",https://www.facebook.com/morena.machado.37,22,"Parque Chacabuco","Ciudad Autónoma de Buenos Aires","Buenos Aires",Argentina,1348933204,"Miranda Toderi",https://www.facebook.com/miranda.toderi,1
Lucas,Carnero,carnero.lucas@facebook.com,"08 de Septiembre",https://www.facebook.com/carnero.lucas,25,Barracas,"Ciudad Autónoma de Buenos Aires","Buenos Aires",Argentina,1351521792,"Christian Douer Chuky",https://www.facebook.com/christian.chuky,1
Juli,Buenos,juli.buenos@facebook.com,"08 de Septiembre",https://www.facebook.com/juli.buenos,24,,"Ciudad Autónoma de Buenos Aires","Buenos Aires",Argentina,1545185111,"Gimena Yamila Yerden Giaquinto",https://www.facebook.com/Gimetrance,1
Closet,Kids,closet.kids.3@facebook.com,"08 de Septiembre",https://www.facebook.com/closet.kids.3,,,"Ciudad Autónoma de Buenos Aires","Buenos Aires",Argentina,100001173544975,"Sabrina Fuchs",,1
Florencia,Lourdes,flor.apple.1@facebook.com,"08 de Septiembre",https://www.facebook.com/flor.apple.1,25,,"Ciudad Autónoma de Buenos Aires","Buenos Aires",Argentina,100001528191565,"Sebastian Daniel Riccardi",https://www.facebook.com/sebastian.riccardi,1
"Cristian Nahuel",Santillan,cristiannahuel.santillan@facebook.com,"08 de Septiembre",https://www.facebook.com/cristiannahuel.santillan,28,"Villa Pueyrredón","Ciudad Autónoma de Buenos Aires","Buenos Aires",Argentina,100000137333617,"Leonel Russo",https://www.facebook.com/leonel.russo,1
Marianela,Gomez,marianela.gomez.5667@facebook.com,"08 de Septiembre",https://www.facebook.com/marianela.gomez.5667,23,,"Ciudad Autónoma de Buenos Aires","Buenos Aires",Argentina,1570195087,"Lucrecia Martinez",https://www.facebook.com/lucrecia.martinez,1
Ana,"No Duerme",ana.noduerme.3914@facebook.com,"08 de Septiembre",https://www.facebook.com/ana.noduerme.3914,25,,"Ciudad Autónoma de Buenos Aires","Buenos Aires",Argentina,100006638918341,"Ana María Mesones",https://www.facebook.com/ana.mesones,1
Prissila,Heredia,prissila.heredia@facebook.com,"08 de Septiembre",https://www.facebook.com/prissila.heredia,27,,"Ciudad Autónoma de Buenos Aires","Buenos Aires",Argentina,1356833735,"Ramiro Prieto",,1
??,??,helensotto@facebook.com,"08 de Septiembre",https://www.facebook.com/helensotto,21,"Buenos Aires","Buenos Aires","Buenos Aires",Argentina,522658671,"Alan Yun",0,1
Despedida,"de Solteras",solterasdedespedida@facebook.com,"09 de Septiembre",https://www.facebook.com/solterasdedespedida,,,"Ciudad Autónoma de Buenos Aires","Buenos Aires",Argentina,100000613042211,"Juan Manuel Fotografo",https://www.facebook.com/JuanmaJMFotoEstudio,1
Wedoit,Objetos,wedoitobjetos@facebook.com,"09 de Septiembre",https://www.facebook.com/wedoitobjetos,24,,"Ciudad Autónoma de Buenos Aires","Buenos Aires",Argentina,100003205651014,"Maria Florencia Lioni Tarsitano",https://www.facebook.com/mariaflorencia.lionitarsi,1
Maria,Cher,maria.cher.5@facebook.com,"09 de Septiembre",https://www.facebook.com/maria.cher.5,24,,"Ciudad Autónoma de Buenos Aires","Buenos Aires",Argentina,100003227576034,"Maria Florencia Lioni Tarsitano",https://www.facebook.com/mariaflorencia.lionitarsi,1
Maria,"Encinas Gonzalez",maria.encinasgonzalez@facebook.com,"09 de Septiembre",https://www.facebook.com/maria.encinasgonzalez,,,"Ciudad Autónoma de Buenos Aires","Buenos Aires",Argentina,100001920580008,"Gabi López",,1
Lucas,Bruten,lucas.bruten@facebook.com,"09 de Septiembre",https://www.facebook.com/lucas.bruten,21,,"Ciudad Autónoma de Buenos Aires","Buenos Aires",Argentina,1483446566,"Joshua Oglio",,1
Belu,Acevedo,beluu.acevedo@facebook.com,"09 de Septiembre",https://www.facebook.com/beluu.acevedo,,,"Ciudad Autónoma de Buenos Aires","Buenos Aires",Argentina,558888669,"Evelina Ferreira",,1
Sol,Fragancias,sol.fragancias@facebook.com,"09 de Septiembre",https://www.facebook.com/sol.fragancias,,,"Ciudad Autónoma de Buenos Aires","Buenos Aires",Argentina,100001327875627,"Malvi Ovando",https://www.facebook.com/malvi.ovando,1
"La Chiina Karuu","De Bààlvàànèèràà",kaaruudee.baalvaaneeraa@facebook.com,"09 de Septiembre",https://www.facebook.com/kaaruudee.baalvaaneeraa,,,"Ciudad Autónoma de Buenos Aires","Buenos Aires",Argentina,100001767371358,"Pedro Lopezyfernandez",https://www.facebook.com/pedronahuel,1
Leonardo,Munafo,leonardo.munafo@facebook.com,"09 de Septiembre",https://www.facebook.com/leonardo.munafo,21,"Parque Chas","Ciudad Autónoma de Buenos Aires","Distrito Federal",Argentina,1538485116,"Fiestas Baires",,1
Julieta,Trobbiani,julieta.trobbiani@facebook.com,"09 de Septiembre",https://www.facebook.com/julieta.trobbiani,23,,"Ciudad Autónoma de Buenos Aires","Buenos Aires",Argentina,1155474221,"Anto D'Amato",https://www.facebook.com/anto.dama,1
"Carla Agostina",Macchi,aay.princess@facebook.com,"09 de Septiembre",https://www.facebook.com/aay.princess,,,"Ciudad Autónoma de Buenos Aires","Buenos Aires",Argentina,100001387304369,"Emiliano Pirolo",https://www.facebook.com/emi.pirolo,1
Lorena,Sf,lolistep@facebook.com,"09 de Septiembre",https://www.facebook.com/lolistep,,,"Ciudad Autónoma de Buenos Aires","Buenos Aires",Argentina,100006966426121,"Julio Roberto Cuevas",https://www.facebook.com/julioroberto.cuevas,1
Traksion,Música,traksion.musica@facebook.com,"09 de Septiembre",https://www.facebook.com/traksion.musica,24,,"Ciudad Autónoma de Buenos Aires","Buenos Aires",Argentina,100001298708473,"La Rockeria",https://www.facebook.com/oveja1,1
Laura,Bettini,laura.bettini.98@facebook.com,"09 de Septiembre",https://www.facebook.com/laura.bettini.98,,,"Ciudad Autónoma de Buenos Aires","Buenos Aires",Argentina,1215255550,"Majo López Tavani",https://www.facebook.com/lasplumas,1
Maria,Candelaria,candelaria.centeno@facebook.com,"09 de Septiembre",https://www.facebook.com/candelaria.centeno,25,,"Ciudad Autónoma de Buenos Aires","Buenos Aires",Argentina,510174716,"Charly Ruez",,1
Pauli,Morano,pauli.morano@facebook.com,"09 de Septiembre",https://www.facebook.com/pauli.morano,,,"Ciudad Autónoma de Buenos Aires","Buenos Aires",Argentina,1229749394,"Melina Piovano",https://www.facebook.com/melipiovano,1
Milar,Estefania,milarstefania@facebook.com,"09 de Septiembre",https://www.facebook.com/MilarStefania,,,"Ciudad Autónoma de Buenos Aires","Buenos Aires",Argentina,100003160761011,"Demián Gabriel",,1
Patry,Delcasse,patry.dlkc@facebook.com,"09 de Septiembre",https://www.facebook.com/patry.dlkc,,,"Ciudad Autónoma de Buenos Aires","Buenos Aires",Argentina,100000049599650,"Agustin Martinez Molinelli",https://www.facebook.com/agustin.martinezmolinelli,1
Juan,Scoufalos,jscoufalos@facebook.com,"09 de Septiembre",https://www.facebook.com/jscoufalos,,,"Ciudad Autónoma de Buenos Aires","Buenos Aires",Argentina,100001411032408,"Felicitas Ghigliotti",https://www.facebook.com/felicitas.ghigliotti,1
Daysushi,Dely,pasionsushi@facebook.com,"09 de Septiembre",https://www.facebook.com/pasionsushi,,Recoleta,"Ciudad Autónoma de Buenos Aires","Buenos Aires",Argentina,1156862408,"La Rockeria",https://www.facebook.com/oveja1,1
Yani,Bampi,yani.bampi@facebook.com,"09 de Septiembre",https://www.facebook.com/yani.bampi,,,"Ciudad Autónoma de Buenos Aires","Buenos Aires",Argentina,100001802374232,"Majo López Tavani",https://www.facebook.com/lasplumas,1
Alelí,"Cheval Música",aleli.chevalmusica@facebook.com,"09 de Septiembre",https://www.facebook.com/aleli.chevalmusica,25,,"Ciudad Autónoma de Buenos Aires","Buenos Aires",Argentina,100001428704983,"Natascha Stern",https://www.facebook.com/natascha.stern,1
Nicolás,"Mazzocchi Paredes",nicolas.mazzocchiparedes@facebook.com,"09 de Septiembre",https://www.facebook.com/nicolas.mazzocchiparedes,26,,"Ciudad Autónoma de Buenos Aires","Buenos Aires",Argentina,100001445566169,"Michelle Fingeret",https://www.facebook.com/michelle.fingeret,1
Casa,Caracol,casa.caracol.12@facebook.com,"09 de Septiembre",https://www.facebook.com/casa.caracol.12,26,"La Paternal","Ciudad Autónoma de Buenos Aires","Buenos Aires",Argentina,100001504254504,"Michelle Fingeret",https://www.facebook.com/michelle.fingeret,1
Sebastian,Casati,sebastian.casati@facebook.com,"09 de Septiembre",https://www.facebook.com/sebastian.casati,,,"Ciudad Autónoma de Buenos Aires","Buenos Aires",Argentina,1104733825,"Belu Alvarez",,1
Fernando,Carrasco,isacmueve@facebook.com,"09 de Septiembre",https://www.facebook.com/isacmueve,27,,"Ciudad Autónoma de Buenos Aires","Buenos Aires",Argentina,1111987232,"Fernando Olner Cupayolo",https://www.facebook.com/fernando.cupayolo,1
Ichi,"Locreille Pietranera",ichi.locreillepietranera@facebook.com,"09 de Septiembre",https://www.facebook.com/ichi.locreillepietranera,,,"Ciudad Autónoma de Buenos Aires","Buenos Aires",Argentina,1142703526,"Felipe Vidal",https://www.facebook.com/Feelipe.vp,1
Laila,Herrera,laaaaaaila@facebook.com,"09 de Septiembre",https://www.facebook.com/Laaaaaaila,,,"Ciudad Autónoma de Buenos Aires","Buenos Aires",Argentina,100000457389628,"Jonathan Leonel",,1
Luli,Collado,lulicollado@facebook.com,"09 de Septiembre",https://www.facebook.com/lulicollado,21,,"Ciudad Autónoma de Buenos Aires","Buenos Aires",Argentina,100001290619868,"Joaquin Barraco",https://www.facebook.com/chino.barraco,1
Marita,Damil,marinadamil@facebook.com,"09 de Septiembre",https://www.facebook.com/marinadamil,24,,"Ciudad Autónoma de Buenos Aires","Buenos Aires",Argentina,1002237180,"Martin Gonzalez",,1
Jasmin,Gonzalez,jasmin.gonzalez.3194@facebook.com,"09 de Septiembre",https://www.facebook.com/jasmin.gonzalez.3194,26,,"Ciudad Autónoma de Buenos Aires","Buenos Aires",Argentina,100000752311172,"Juan Clemente",,1
Brisa,Delevi,brisa.delevi@facebook.com,"09 de Septiembre",https://www.facebook.com/brisa.delevi,,,"Ciudad Autónoma de Buenos Aires","Buenos Aires",Argentina,1438181245,"Vale Piedra",https://www.facebook.com/Valepiedra,1
Lukas,Manu,lukas.manu.1@facebook.com,"09 de Septiembre",https://www.facebook.com/lukas.manu.1,28,,"Ciudad Autónoma de Buenos Aires","Buenos Aires",Argentina,1510329469,"Carlos Wilson",,1
Leonel,Leon,leonel.leon.50@facebook.com,"09 de Septiembre",https://www.facebook.com/leonel.leon.50,,,"Ciudad Autónoma de Buenos Aires","Buenos Aires",Argentina,100003673845746,"Poh Ly",https://www.facebook.com/pohoreyco,1
Morita,Vigo,morita.vigo@facebook.com,"09 de Septiembre",https://www.facebook.com/morita.vigo,25,,"Ciudad Autónoma de Buenos Aires","Buenos Aires",Argentina,100002516052802,"Manu Dadaglio",,1
Verde,Mimi,verde.mimi@facebook.com,"09 de Septiembre",https://www.facebook.com/verde.mimi,24,Barracas,"Ciudad Autónoma de Buenos Aires","Buenos Aires",Argentina,839248429,"Christian Kraemer",https://www.facebook.com/christian.kraemer,1
Perderas,"la Cabeza",perderas.lacabeza@facebook.com,"09 de Septiembre",https://www.facebook.com/perderas.lacabeza,,,"Ciudad Autónoma de Buenos Aires","Buenos Aires",Argentina,100001612733091,"Sabrina Fuchs",,1
Maria,"Rodriguez Veiga",mcveiga1@facebook.com,"09 de Septiembre",https://www.facebook.com/mcveiga1,24,Liniers,"Ciudad Autónoma de Buenos Aires","Buenos Aires",Argentina,1205284849,"Sofia Cantero",,1
Maiada,Bellydance,laprincesamaiada@facebook.com,"09 de Septiembre",https://www.facebook.com/laprincesamaiada,,,"Ciudad Autónoma de Buenos Aires","Buenos Aires",Argentina,100003202812699,"Juan Manuel Fotografo",https://www.facebook.com/JuanmaJMFotoEstudio,1
"Tu Vianda",Light,tuviandalight@facebook.com,"09 de Septiembre",https://www.facebook.com/tuviandalight,,,"Ciudad Autónoma de Buenos Aires","Buenos Aires",Argentina,100001634980844,"Ago Benedettini",https://www.facebook.com/ago.benedettini,1
Agustin,Cavallo,agustincavallo9994@facebook.com,"09 de Septiembre",https://www.facebook.com/agustincavallo9994,,,"Ciudad Autónoma de Buenos Aires","Buenos Aires",Argentina,1353862014,"Rochi Christensen",https://www.facebook.com/rochi.christensen,1
"El Mejor",Precio,distribuidoramejorprecio@facebook.com,"09 de Septiembre",https://www.facebook.com/distribuidoramejorprecio,,,"Ciudad Autónoma de Buenos Aires","Buenos Aires",Argentina,100001678400748,"Ago Benedettini",https://www.facebook.com/ago.benedettini,1
Pepi,Yanno,pepi.yanno@facebook.com,"10 de Septiembre",https://www.facebook.com/pepi.yanno,25,"Buenos Aires","Buenos Aires","Buenos Aires",Argentina,1244875108,"Peter GC",0,1
Andy,"F. Pistilli",andrea.f.pistilli@facebook.com,"10 de Septiembre",https://www.facebook.com/andrea.f.pistilli,22,,"Ciudad Autónoma de Buenos Aires","Buenos Aires",Argentina,100003525052326,"Fiestas Baires",,1
Boca,Juniors,boca.juniors.5836@facebook.com,"10 de Septiembre",https://www.facebook.com/boca.juniors.5836,22,,"Ciudad Autónoma de Buenos Aires","Buenos Aires",Argentina,100000139981411,"Silvia Fernandez",https://www.facebook.com/silviafernandezchivi,1
Alee,Covello,alee.casla.9@facebook.com,"10 de Septiembre",https://www.facebook.com/alee.casla.9,,,"Ciudad Autónoma de Buenos Aires","Buenos Aires",Argentina,100000752418378,"Melina Piovano",https://www.facebook.com/melipiovano,1
Pachu,Casademont,paz.casademont@facebook.com,"10 de Septiembre",https://www.facebook.com/paz.casademont,,,"Ciudad Autónoma de Buenos Aires","Buenos Aires",Argentina,1105309990,"Aldana Queirolo",https://www.facebook.com/aldana.queirolo,1
Gaston,"Saavedra Sosa",gaston.ereodara@facebook.com,"10 de Septiembre",https://www.facebook.com/gaston.ereodara,,,"Ciudad Autónoma de Buenos Aires","Buenos Aires",Argentina,100003357292637,"Maureen Burton",,1
Jacque,Gamarra,jacque.gamarra@facebook.com,"10 de Septiembre",https://www.facebook.com/jacque.gamarra,21,,"Ciudad Autónoma de Buenos Aires","Buenos Aires",Argentina,100002770628633,"Ian Szejner",,1
Áldáná,Énríquéz,aldana.enriquez.528@facebook.com,"10 de Septiembre",https://www.facebook.com/aldana.enriquez.528,22,,"Ciudad Autónoma de Buenos Aires","Buenos Aires",Argentina,100001671546110,"Juanma Ramirez",,1
Antonella,Jazmin,aantojazmin@facebook.com,"10 de Septiembre",https://www.facebook.com/AantoJazmin,,,"Ciudad Autónoma de Buenos Aires","Buenos Aires",Argentina,100001136717135,"Ian Szejner",,1
Gaby,Teper,gaabyteper@facebook.com,"10 de Septiembre",https://www.facebook.com/gaabyteper,,,"Ciudad Autónoma de Buenos Aires","Buenos Aires",Argentina,1114460857,"Vicky Diaz",,1
Yess,Yanett,yessyanett@facebook.com,"10 de Septiembre",https://www.facebook.com/yessyanett,,,"Ciudad Autónoma de Buenos Aires","Buenos Aires",Argentina,1077084529,"Jessica Bellomo",https://www.facebook.com/JessBellomo,1
AgenciaCielito,Cielito,agenciacielito.cielito@facebook.com,"10 de Septiembre",https://www.facebook.com/agenciacielito.cielito,24,,"Ciudad Autónoma de Buenos Aires","Buenos Aires",Argentina,100005891222618,"Maria Lucila Quarleri",https://www.facebook.com/maria.quarleri,1
Pato,Vidal,pato.vidal.921@facebook.com,"10 de Septiembre",https://www.facebook.com/pato.vidal.921,,Recoleta,"Ciudad Autónoma de Buenos Aires","Distrito Federal",Argentina,100000792879171,"Sol Bettoni",,1
Agustina,Pando,agustina.pando@facebook.com,"10 de Septiembre",https://www.facebook.com/agustina.pando,27,,"Ciudad Autónoma de Buenos Aires","Buenos Aires",Argentina,534815133,"July Jaluff",https://www.facebook.com/july.jaluff,1
Josefina,Amore,josefinaamorecarballo@facebook.com,"10 de Septiembre",https://www.facebook.com/josefinaamorecarballo,,,"Ciudad Autónoma de Buenos Aires","Buenos Aires",Argentina,1623457570,"Yanina Battiato",,1
Diego,Aguirre,diegoprince.bossbaires@facebook.com,"10 de Septiembre",https://www.facebook.com/diegoprince.bossbaires,21,,"Ciudad Autónoma de Buenos Aires","Buenos Aires",Argentina,100006927672516,"Tatiana Petroccelli",https://www.facebook.com/tanshanita,1
Matías,Apolonio,matias.apolonio@facebook.com,"10 de Septiembre",https://www.facebook.com/matias.apolonio,,,"Ciudad Autónoma de Buenos Aires","Buenos Aires",Argentina,1292405272,"Vicky Diaz",,1
Elena,He,elena.he.378@facebook.com,"10 de Septiembre",https://www.facebook.com/elena.he.378,,,"Ciudad Autónoma de Buenos Aires","Buenos Aires",Argentina,100001752440921,"Gisela Tesei",,1
Attilia,Bags,attiliabags@facebook.com,"10 de Septiembre",https://www.facebook.com/attiliabags,,,"Ciudad Autónoma de Buenos Aires","Buenos Aires",Argentina,100001438669480,"Camila Gonzalez C",https://www.facebook.com/letmerocknrollyou,1
Manuel,"Lopez Garino",manuel.lopezgarino@facebook.com,"10 de Septiembre",https://www.facebook.com/manuel.lopezgarino,,,"Ciudad Autónoma de Buenos Aires","Buenos Aires",Argentina,853484538,"Natalia Rougier",,1
Belén,Cinquegrani,poly.cinquegrani@facebook.com,"10 de Septiembre",https://www.facebook.com/poly.cinquegrani,,,"Ciudad Autónoma de Buenos Aires","Buenos Aires",Argentina,100003025376256,"Carlos Wilson",,1
Gonzalo,Simonetti,gonzalo.simonetti.12@facebook.com,"10 de Septiembre",https://www.facebook.com/gonzalo.simonetti.12,23,,"Ciudad Autónoma de Buenos Aires","Buenos Aires",Argentina,604630386,"Marti Nevares",https://www.facebook.com/martii.nevares,1
Pil,Taboada,pil.taboada@facebook.com,"10 de Septiembre",https://www.facebook.com/pil.taboada,23,"Villa Crespo","Ciudad Autónoma de Buenos Aires","Buenos Aires",Argentina,1148986055,"Jobs Bar",https://www.facebook.com/jobsbar,1
Soledad,Almeidas,solcialmeida@facebook.com,"10 de Septiembre",https://www.facebook.com/solcialmeida,,,"Ciudad Autónoma de Buenos Aires","Buenos Aires",Argentina,100002454581039,"Marcela Hinckelmann",https://www.facebook.com/marcela.hinckelmann,1
Marula,Pizpiretonga,marula.pizpiretonga@facebook.com,"10 de Septiembre",https://www.facebook.com/marula.pizpiretonga,24,,"Ciudad Autónoma de Buenos Aires","Buenos Aires",Argentina,1153832481,"Giiu Minniti",https://www.facebook.com/giiu.minniti,1
Francisco,"Rodriguez Juarez",francisco.rodriguezjuarez.35@facebook.com,"10 de Septiembre",https://www.facebook.com/francisco.rodriguezjuarez.35,,,"Ciudad Autónoma de Buenos Aires","Buenos Aires",Argentina,100001113547213,"Ezequiel Sebastian Berardi",https://www.facebook.com/EzErAsTa,1
Magui,"Bermudez Pose",maguselacome@facebook.com,"10 de Septiembre",https://www.facebook.com/maguselacome,,,"Ciudad Autónoma de Buenos Aires","Buenos Aires",Argentina,1085141079,"Tomi Rodriguez",,1
Sonrisa,Eficiente,sonrisa.eficiente@facebook.com,"10 de Septiembre",https://www.facebook.com/sonrisa.eficiente,,,"Ciudad Autónoma de Buenos Aires","Buenos Aires",Argentina,100001732583985,"Alicia Kosem",https://www.facebook.com/alicia.kosem,1
Clara,Mazoni,clara.mazoni@facebook.com,"10 de Septiembre",https://www.facebook.com/clara.mazoni,25,,"Ciudad Autónoma de Buenos Aires","Buenos Aires",Argentina,695212270,"Valentino Fabre",https://www.facebook.com/valenfabre,1
Johana,Camargo,johana.camargo.148@facebook.com,"10 de Septiembre",https://www.facebook.com/johana.camargo.148,,,"Ciudad Autónoma de Buenos Aires","Buenos Aires",Argentina,100001240511818,"Luli Torres",,1
Luli,Fusco,luli.fusco.1@facebook.com,"10 de Septiembre",https://www.facebook.com/luli.fusco.1,,,"Ciudad Autónoma de Buenos Aires","Buenos Aires",Argentina,100001244295230,"Aniita Canta",https://www.facebook.com/Aniita.Canta,1
"Perfumes Importados","Fleur de L'ange",perfumesimportados.fleurdelange.9@facebook.com,"10 de Septiembre",https://www.facebook.com/perfumesimportados.fleurdelange.9,24,"Puerto Madero","Ciudad Autónoma de Buenos Aires","Buenos Aires",Argentina,100004412583080,"Ceu Seoane",https://www.facebook.com/ceciliaseoane,1
Euge,Aruanno,euge.aruanno@facebook.com,"10 de Septiembre",https://www.facebook.com/euge.aruanno,24,,"Ciudad Autónoma de Buenos Aires","Buenos Aires",Argentina,770060787,"Anto D'Amato",https://www.facebook.com/anto.dama,1
Vicky,Jauretche,vicky.jauretche@facebook.com,"10 de Septiembre",https://www.facebook.com/vicky.jauretche,,,"Ciudad Autónoma de Buenos Aires","Buenos Aires",Argentina,567150776,"Agus Leoni",https://www.facebook.com/agustina.leoni,1
Omar,"Escobar Chilo",omar.escobarchilo@facebook.com,"10 de Septiembre",https://www.facebook.com/omar.escobarchilo,,,"Ciudad Autónoma de Buenos Aires","Buenos Aires",Argentina,100005058762389,"Natalia Malvaso",https://www.facebook.com/natalia.malvaso,1
"BE Lasermed","Programa de Beneficios",belasermed.programadebeneficios@facebook.com,"10 de Septiembre",https://www.facebook.com/belasermed.programadebeneficios,,,"Ciudad Autónoma de Buenos Aires","Buenos Aires",Argentina,100001572832345,"Alexia Garcia",https://www.facebook.com/garciaalexiia,1
Contadores,"En Interacción",contadores.eninteraccion.1@facebook.com,"10 de Septiembre",https://www.facebook.com/contadores.eninteraccion.1,,,"Ciudad Autónoma de Buenos Aires","Buenos Aires",Argentina,100004173311663,"Mery Villar",https://www.facebook.com/mery.villar1,1
Flor,Modugno,flo.modugno@facebook.com,"10 de Septiembre",https://www.facebook.com/flo.modugno,,,"Ciudad Autónoma de Buenos Aires","Buenos Aires",Argentina,1186372452,"Thomas Jensen",,1
Guido,Sirna,guido.sirna@facebook.com,"10 de Septiembre",https://www.facebook.com/guido.sirna,24,,"Ciudad Autónoma de Buenos Aires","Buenos Aires",Argentina,100005225165930,"Melanie Azar",,1
Juan,Meritello,juan.h.meritello@facebook.com,"10 de Septiembre",https://www.facebook.com/juan.h.meritello,,,"Ciudad Autónoma de Buenos Aires","Buenos Aires",Argentina,713044775,"Alan Volper",https://www.facebook.com/alan.volper,1
Cami,Tressens,cami.tressens@facebook.com,"10 de Septiembre",https://www.facebook.com/cami.tressens,,,"Ciudad Autónoma de Buenos Aires","Buenos Aires",Argentina,1664755551,"Juan Cruz Albornoz",,1
Rosebar,AfterOffice,afterofficerosebar@facebook.com,"10 de Septiembre",https://www.facebook.com/afterofficerosebar,,,"Ciudad Autónoma de Buenos Aires","Buenos Aires",Argentina,100003587904145,"Natalia Magali Guglielmo",https://www.facebook.com/nataliamagali.guglielmo,1
GreenParrot,BarShop,greenparrotbarandshop@facebook.com,"10 de Septiembre",https://www.facebook.com/greenparrotbarandshop,,,"Ciudad Autónoma de Buenos Aires","Buenos Aires",Argentina,100003597270434,"Natalia Magali Guglielmo",https://www.facebook.com/nataliamagali.guglielmo,1
Juanma,Pereyra,juanma.pereyra.5@facebook.com,"10 de Septiembre",https://www.facebook.com/juanma.pereyra.5,21,,"Ciudad Autónoma de Buenos Aires","Buenos Aires",Argentina,100001621621145,"Juan Elias Catan",https://www.facebook.com/juan.724,1
Ramira,Moda,ramiramoda@facebook.com,"10 de Septiembre",https://www.facebook.com/ramiramoda,26,,"Ciudad Autónoma de Buenos Aires","Buenos Aires",Argentina,100001744566051,"Melo Dellarole",https://www.facebook.com/melodellarole,1
Santi,Gimenez,saantii.gimenez@facebook.com,"10 de Septiembre",https://www.facebook.com/saantii.gimenez,,,"Ciudad Autónoma de Buenos Aires","Buenos Aires",Argentina,100001011593629,"Emiliano Pirolo",https://www.facebook.com/emi.pirolo,1
Matias,Batista,matbatt@facebook.com,"10 de Septiembre",https://www.facebook.com/matbatt,,"Buenos Aires","Buenos Aires","Buenos Aires",Argentina,1344356337,"Gabriella Rouiller",0,1
Javier,Waitzel,javier.waitzel@facebook.com,"10 de Septiembre",https://www.facebook.com/javier.waitzel,,,"Ciudad Autónoma de Buenos Aires","Buenos Aires",Argentina,1260972726,"Silvia Mesa Fernandez",https://www.facebook.com/silvia.mesafernandez,1
Afixis,"Del Viso",afixis.delviso@facebook.com,"10 de Septiembre",https://www.facebook.com/afixis.delviso,25,"Buenos Aires","Buenos Aires","Buenos Aires",Argentina,100004480421682,"Gabriella Rouiller",0,1
Joaquín,"Juliano Mieta",joaquin.julianomieta@facebook.com,"10 de Septiembre",https://www.facebook.com/joaquin.julianomieta,21,,"Ciudad Autónoma de Buenos Aires","Buenos Aires",Argentina,1442750377,"Joshua Oglio",,1
