Nombre,Apellido,"Email Facebook",Cumpleaños,"Usuario Facebook",Edad,Barrio,Ciudad,Provincia,Pais,"ID Facebook","Amigo De","Amigo De (Usuario)",rebound
Carla,Varonni,carla.varoni@facebook.com,"01 de Septiembre",https://www.facebook.com/carla.varoni,,,"Ciudad Autónoma de Buenos Aires","Buenos Aires",Argentina,1658396450,"Christian Douer Chuky",https://www.facebook.com/christian.chuky,1
Florencia,Castro,florencia.castro.58@facebook.com,"01 de Septiembre",https://www.facebook.com/florencia.castro.58,26,,"Ciudad Autónoma de Buenos Aires","Buenos Aires",Argentina,503082389,"Victoria Cerdán",https://www.facebook.com/victoriaacerdan,1
Joako,Brunella,joako.brunella@facebook.com,"01 de Septiembre",https://www.facebook.com/joako.brunella,24,,"Ciudad Autónoma de Buenos Aires","Buenos Aires",Argentina,100002260920929,"Guido Moncayo",https://www.facebook.com/guido.moncayo,1
Vos,"Dos YMás",vos2ymas@facebook.com,"01 de Septiembre",https://www.facebook.com/vos2ymas,,,"Ciudad Autónoma de Buenos Aires","Buenos Aires",Argentina,100005688013546,"Facundo Bulacio",https://www.facebook.com/facundo.bulacio,1
"Estas Hecha","Para Mi",estashecha.parami@facebook.com,"01 de Septiembre",https://www.facebook.com/estashecha.parami,28,,"Ciudad Autónoma de Buenos Aires","Buenos Aires",Argentina,100002882689013,"Vanesa Macias",https://www.facebook.com/vanesa.macias1,1
Lu,Vasconcellos,lu.vasconcellos@facebook.com,"01 de Septiembre",https://www.facebook.com/lu.vasconcellos,,,"Ciudad Autónoma de Buenos Aires","Buenos Aires",Argentina,841184412,"Jobs Bar",https://www.facebook.com/jobsbar,1
Alejandro,Figueiredo,alejandro.figueiredo@facebook.com,"01 de Septiembre",https://www.facebook.com/alejandro.figueiredo,22,,"Ciudad Autónoma de Buenos Aires","Buenos Aires",Argentina,1009770285,"Flor Vischi Cortés",https://www.facebook.com/flor.vischi,1
Flamenco,Deco,matias.zupan.56@facebook.com,"01 de Septiembre",https://www.facebook.com/matias.zupan.56,,,"Ciudad Autónoma de Buenos Aires","Buenos Aires",Argentina,100004184803452,"Sil Cristiano ?ï?",https://www.facebook.com/Sivinita,1
Plaf,Cadalococonsuprenda,plaf.cadalococonsuprenda@facebook.com,"01 de Septiembre",https://www.facebook.com/plaf.cadalococonsuprenda,24,,"Ciudad Autónoma de Buenos Aires","Buenos Aires",Argentina,100000855675056,"Ramiro Prieto",,1
Marcos,Ainchil,marcos.ainchil@facebook.com,"01 de Septiembre",https://www.facebook.com/marcos.ainchil,,,"Ciudad Autónoma de Buenos Aires","Buenos Aires",Argentina,1624037532,"Agus Rodriguez",,1
Efegé,Fotografía,efegefotografia@facebook.com,"01 de Septiembre",https://www.facebook.com/efegefotografia,24,,"Ciudad Autónoma de Buenos Aires","Buenos Aires",Argentina,100002978486019,"Jessica Bellomo",https://www.facebook.com/JessBellomo,1
Pixie,Noel,noel.pixie@facebook.com,"01 de Septiembre",https://www.facebook.com/noel.pixie,25,,"Ciudad Autónoma de Buenos Aires","Buenos Aires",Argentina,1759408542,"Ezequiel Sebastian Berardi",https://www.facebook.com/EzErAsTa,1
Galería,Pasaje,galeria.pasaje@facebook.com,"01 de Septiembre",https://www.facebook.com/galeria.pasaje,25,,"Ciudad Autónoma de Buenos Aires","Buenos Aires",Argentina,100000384537485,"Miqui Berriòs",https://www.facebook.com/miqui.berrios,1
Horseland,"Indumentaria Ecuestre",horseland.indumentariaecuestre@facebook.com,"01 de Septiembre",https://www.facebook.com/horseland.indumentariaecuestre,,,"Ciudad Autónoma de Buenos Aires","Buenos Aires",Argentina,100001442312245,"Pato Franco",,1
Chrisitian,"Rodriguez Medrano",chrisitian.rodriguezmedrano1@facebook.com,"01 de Septiembre",https://www.facebook.com/chrisitian.rodriguezmedrano1,,,"Ciudad Autónoma de Buenos Aires","Buenos Aires",Argentina,1182506621,"Franco Marcoccia",https://www.facebook.com/franco.marcoccia,1
"Al Sur",Vitrofusión,alsur.vitrofusion@facebook.com,"01 de Septiembre",https://www.facebook.com/alsur.vitrofusion,26,,"Ciudad Autónoma de Buenos Aires","Buenos Aires",Argentina,100002590827638,"Daiana Solange Labat",https://www.facebook.com/Daichilandia,1
Tete,Mingrone,tete.mingrone@facebook.com,"01 de Septiembre",https://www.facebook.com/tete.mingrone,,,"Ciudad Autónoma de Buenos Aires","Buenos Aires",Argentina,1488998186,"Aylu Macchi",,1
Florencia,Suhurt,fsuhurt@facebook.com,"01 de Septiembre",https://www.facebook.com/fsuhurt,25,,"Ciudad Autónoma de Buenos Aires","Buenos Aires",Argentina,651917811,"Tamara Castillo",,1
Wendy,Rama,wendy.rama.7792@facebook.com,"01 de Septiembre",https://www.facebook.com/wendy.rama.7792,24,,"Ciudad Autónoma de Buenos Aires","Buenos Aires",Argentina,100007412678304,"Carla Ferro",https://www.facebook.com/carla.ferro,1
Sol,Cuello,sol.cuello.71@facebook.com,"01 de Septiembre",https://www.facebook.com/sol.cuello.71,,,"Ciudad Autónoma de Buenos Aires","Buenos Aires",Argentina,1032885589,"Charly Ruez",https://www.facebook.com/charly.ruez,1
Santy,Virgo,santy.virgo.5@facebook.com,"01 de Septiembre",https://www.facebook.com/santy.virgo.5,26,,"Ciudad Autónoma de Buenos Aires","Buenos Aires",Argentina,100003250303415,"Carlos Wilson",,1
Gustavo,Caseres,gustavo.caseres.391@facebook.com,"01 de Septiembre",https://www.facebook.com/gustavo.caseres.391,24,,"Ciudad Autónoma de Buenos Aires","Buenos Aires",Argentina,100003268403630,"Lo Lola",,1
Victoria,Rossi,victoria.rossi.5496@facebook.com,"01 de Septiembre",https://www.facebook.com/victoria.rossi.5496,25,,"Ciudad Autónoma de Buenos Aires","Buenos Aires",Argentina,100002069137635,"Fran L. Ocampo",https://www.facebook.com/franco,1
Princesa,Katyra,princes201320@facebook.com,"01 de Septiembre",https://www.facebook.com/princes201320,22,,"Ciudad Autónoma de Buenos Aires","Buenos Aires",Argentina,100001830948524,"Julio Roberto Cuevas",https://www.facebook.com/julioroberto.cuevas,1
Libreria,"Del Alumno",libreria.delalumno@facebook.com,"01 de Septiembre",https://www.facebook.com/libreria.delalumno,24,,"Ciudad Autónoma de Buenos Aires","Buenos Aires",Argentina,100002005069364,"Majo López Tavani",https://www.facebook.com/lasplumas,1
Luis,Mollo,luis.mollo.5@facebook.com,"01 de Septiembre",https://www.facebook.com/luis.mollo.5,27,,"Ciudad Autónoma de Buenos Aires","Buenos Aires",Argentina,1518370741,"Ignacio Lines Ceruti",https://www.facebook.com/ignacio.lines,1
Facundo,Duran,facundo.duran.142@facebook.com,"01 de Septiembre",https://www.facebook.com/facundo.duran.142,23,,"Ciudad Autónoma de Buenos Aires","Buenos Aires",Argentina,100004856853433,"Juan Elias Catan",https://www.facebook.com/juan.724,1
"Polo Club Santa",Isabel,tristan.suarezpolo@facebook.com,"01 de Septiembre",https://www.facebook.com/tristan.suarezpolo,24,,"Ciudad Autónoma de Buenos Aires","Buenos Aires",Argentina,100001018219209,"Marcela Hinckelmann",https://www.facebook.com/marcela.hinckelmann,1
Agus,Bozzo,agus.bozzo@facebook.com,"01 de Septiembre",https://www.facebook.com/agus.bozzo,,Barracas,"Ciudad Autónoma de Buenos Aires","Distrito Federal",Argentina,100000028104543,"Maria Belén",,1
Marianela,Ibelli,marianela.ibelli@facebook.com,"01 de Septiembre",https://www.facebook.com/marianela.ibelli,,,"Ciudad Autónoma de Buenos Aires","Buenos Aires",Argentina,1134757670,"Vanina Fernanda Mendez",,1
Nacho,Caprioli,nachi.deecaseeroos@facebook.com,"01 de Septiembre",https://www.facebook.com/nachi.deecaseeroos,,,"Ciudad Autónoma de Buenos Aires","Buenos Aires",Argentina,100000358055840,"Lix Infinito",https://www.facebook.com/lix.infinito,1
Mathias,Gon,mathias.gon.5@facebook.com,"01 de Septiembre",https://www.facebook.com/mathias.gon.5,,,"Ciudad Autónoma de Buenos Aires","Buenos Aires",Argentina,737117713,"Jessica Bellomo",https://www.facebook.com/JessBellomo,1
Caito,Lorenzo,caito.lorenzo@facebook.com,"01 de Septiembre",https://www.facebook.com/caito.lorenzo,,,"Ciudad Autónoma de Buenos Aires","Buenos Aires",Argentina,1216476360,"Jessica Bellomo",https://www.facebook.com/JessBellomo,1
Radiosentidos,Vivo,radiosentidos.com.ar@facebook.com,"01 de Septiembre",https://www.facebook.com/radiosentidos.com.ar,,,"Ciudad Autónoma de Buenos Aires","Buenos Aires",Argentina,100000476713148,"Lupe Dávalos",https://www.facebook.com/guadinight,1
Federico,Estribou,federico.estribou@facebook.com,"01 de Septiembre",https://www.facebook.com/federico.estribou,22,,"Ciudad Autónoma de Buenos Aires","Buenos Aires",Argentina,1431001370,"Natalia Tarelli",,1
Gina,Giani,gina.giani@facebook.com,"01 de Septiembre",https://www.facebook.com/gina.giani,,"Buenos Aires","Buenos Aires","Buenos Aires",Argentina,1295242679,"Martu Lehmann",0,1
Romina,Vasquez,romina.vasquez.3910@facebook.com,"01 de Septiembre",https://www.facebook.com/romina.vasquez.3910,26,,"Ciudad Autónoma de Buenos Aires","Buenos Aires",Argentina,1207525210,"Christian Douer Chuky",https://www.facebook.com/christian.chuky,1
Marilin,Luengo,marilin.luengo.1@facebook.com,"01 de Septiembre",https://www.facebook.com/marilin.luengo.1,21,,"Ciudad Autónoma de Buenos Aires","Buenos Aires",Argentina,100002881537482,"Julio Bittancourt",https://www.facebook.com/jbittancourt,1
Ohyeah,"Diseño E Impresión",ohyeahweb@facebook.com,"01 de Septiembre",https://www.facebook.com/ohyeahweb,28,,"Ciudad Autónoma de Buenos Aires","Buenos Aires",Argentina,1152970649,"Flor Botana",,1
Nía,Mallmann,eugy.mallmann@facebook.com,"01 de Septiembre",https://www.facebook.com/eugy.mallmann,,"Buenos Aires","Buenos Aires","Buenos Aires",Argentina,1495986797,"Alan Yun",0,1
Vicky,"Sanchez Mateo",vicky.sanchezmateo@facebook.com,"02 de Septiembre",https://www.facebook.com/vicky.sanchezmateo,,,"Ciudad Autónoma de Buenos Aires","Buenos Aires",Argentina,751410550,"Nicolas Brea",https://www.facebook.com/Nicolas.Brea,1
SoldaDos,"A Lamadrugada",soldados.alamadrugada@facebook.com,"02 de Septiembre",https://www.facebook.com/soldados.alamadrugada,27,,"Ciudad Autónoma de Buenos Aires","Buenos Aires",Argentina,100001613029345,"Carli Pellizzaro",https://www.facebook.com/Carlii,1
"Bruno Daniel",Catardi,brunodaniel.catardi@facebook.com,"02 de Septiembre",https://www.facebook.com/brunodaniel.catardi,28,,"Ciudad Autónoma de Buenos Aires","Buenos Aires",Argentina,739792751,"Estefania Pascual Lerario",https://www.facebook.com/estefania.lerario,1
Maria,Elizabetta,maria.elizabetta@facebook.com,"02 de Septiembre",https://www.facebook.com/maria.elizabetta,,,"Ciudad Autónoma de Buenos Aires","Buenos Aires",Argentina,100000484489550,"Flor Scalise",https://www.facebook.com/flor.scalise,1
Tomi,Degrossi,tdegro@facebook.com,"02 de Septiembre",https://www.facebook.com/tdegro,,,"Ciudad Autónoma de Buenos Aires","Buenos Aires",Argentina,1053751235,"Aylu Macchi",,1
Moon,Rock,moonrockbar@facebook.com,"02 de Septiembre",https://www.facebook.com/moonrockbar,,,"Ciudad Autónoma de Buenos Aires","Buenos Aires",Argentina,1450666864,"La Rockeria",https://www.facebook.com/oveja1,1
"La Garra",Comunicacion,lagarra.comunicacion.9@facebook.com,"02 de Septiembre",https://www.facebook.com/lagarra.comunicacion.9,26,,"Ciudad Autónoma de Buenos Aires","Buenos Aires",Argentina,100006481395745,"Candelaria Sires Barrantes",,1
Hernan,Olmedo,hernan.olmedo.12@facebook.com,"02 de Septiembre",https://www.facebook.com/hernan.olmedo.12,,,"Ciudad Autónoma de Buenos Aires","Buenos Aires",Argentina,100000574811343,"Ayu Casanova",,1
Mariana,Bongiorno,marian.bongi@facebook.com,"02 de Septiembre",https://www.facebook.com/marian.bongi,,,"Ciudad Autónoma de Buenos Aires","Buenos Aires",Argentina,1037013008,"Caro Juarez",https://www.facebook.com/carolinacjuarez,1
Diminuto,John,nino.venta@facebook.com,"02 de Septiembre",https://www.facebook.com/nino.venta,,,"Ciudad Autónoma de Buenos Aires","Buenos Aires",Argentina,100000791323979,"Mariela Alonso",,1
Verde,Smirnoff,verdesmirnoff@facebook.com,"02 de Septiembre",https://www.facebook.com/verdesmirnoff,,"Buenos Aires","Buenos Aires","Buenos Aires",Argentina,1330025755,"Fett Maidana",0,1
Yuli,Zinna,yuuli.zinna@facebook.com,"02 de Septiembre",https://www.facebook.com/yuuli.zinna,,,"Ciudad Autónoma de Buenos Aires","Buenos Aires",Argentina,100001411788064,"Emilce Castro",,1
Natalia,Kova,natalia.kova.96@facebook.com,"02 de Septiembre",https://www.facebook.com/natalia.kova.96,23,"Buenos Aires","Buenos Aires","Buenos Aires",Argentina,100003642333053,"Gabriella Rouiller",0,1
Katherine,Quintanilla,katherinelucero.quintanilla@facebook.com,"02 de Septiembre",https://www.facebook.com/katherinelucero.quintanilla,,"Buenos Aires","Buenos Aires","Buenos Aires",Argentina,100006961744489,"Alan Yun",0,1
Cindy,Callejeros,cindy.callejeros@facebook.com,"02 de Septiembre",https://www.facebook.com/cindy.callejeros,21,,"Ciudad Autónoma de Buenos Aires","Buenos Aires",Argentina,100001739221681,"Ariel Galinski",https://www.facebook.com/ariel.galinski,1
Noches,"de Entrega",noches.deentrega@facebook.com,"02 de Septiembre",https://www.facebook.com/noches.deentrega,,,"Ciudad Autónoma de Buenos Aires","Buenos Aires",Argentina,100004254254498,"Cristian Pluis",,1
Marian,Acuña,marian.zimerman@facebook.com,"02 de Septiembre",https://www.facebook.com/marian.zimerman,,,"Ciudad Autónoma de Buenos Aires","Buenos Aires",Argentina,100003900960812,"Sindy Elisa Szczucky",https://www.facebook.com/sindy.szczucky,1
"María Luz",Vallejos,marialuz.vallejos.3@facebook.com,"02 de Septiembre",https://www.facebook.com/marialuz.vallejos.3,27,,"Ciudad Autónoma de Buenos Aires","Buenos Aires",Argentina,100003557456921,"Miranda Toderi",https://www.facebook.com/miranda.toderi,1
Terrazas,"del Este",terrazasdelestecosimano@facebook.com,"02 de Septiembre",https://www.facebook.com/terrazasdelestecosimano,27,,"Ciudad Autónoma de Buenos Aires","Buenos Aires",Argentina,100003614313888,"Miranda Toderi",https://www.facebook.com/miranda.toderi,1
Sabry,Sosa,sabry.sosa.96@facebook.com,"02 de Septiembre",https://www.facebook.com/sabry.sosa.96,26,,"Ciudad Autónoma de Buenos Aires","Buenos Aires",Argentina,1204086255,"Miranda Toderi",https://www.facebook.com/miranda.toderi,1
D-Ocean,Surfboards,doceanc@facebook.com,"02 de Septiembre",https://www.facebook.com/doceanc,23,,"Ciudad Autónoma de Buenos Aires","Buenos Aires",Argentina,100000871827631,"Jorge Biamonte",https://www.facebook.com/georgebiamonteok,1
David,Kaumann,david.kaumann@facebook.com,"02 de Septiembre",https://www.facebook.com/david.kaumann,,"San Telmo","Ciudad Autónoma de Buenos Aires","Buenos Aires",Argentina,701592716,"Julian Pagana",,1
Teleterapia,"Asistencia Psicologica",teleterapia.asistenciapsicologica@facebook.com,"02 de Septiembre",https://www.facebook.com/teleterapia.asistenciapsicologica,,,"Ciudad Autónoma de Buenos Aires","Buenos Aires",Argentina,100001055854244,"Miqui Berriòs",https://www.facebook.com/miqui.berrios,1
Stefa,Bianchi,stefabianchi@facebook.com,"02 de Septiembre",https://www.facebook.com/stefabianchi,26,"Buenos Aires","Buenos Aires","Buenos Aires",Argentina,641785557,"Boio Kreutzer",0,1
Dolo,Via,dolodv@facebook.com,"02 de Septiembre",https://www.facebook.com/dolodv,27,,"Ciudad Autónoma de Buenos Aires","Buenos Aires",Argentina,704640470,"Maria Pia Perez Brea",,1
Tomas,Novak,tomas.novak.773124@facebook.com,"02 de Septiembre",https://www.facebook.com/tomas.novak.773124,26,,"Ciudad Autónoma de Buenos Aires","Buenos Aires",Argentina,100000952493195,"Silvia Grun",,1
Fran,Urquiza,fran.urquiza.3@facebook.com,"02 de Septiembre",https://www.facebook.com/fran.urquiza.3,21,,"Ciudad Autónoma de Buenos Aires","Buenos Aires",Argentina,100000233682388,"Sele Raimundo",https://www.facebook.com/sele.raimundo,1
Frann,Mazzoccoli,frann.mazzoccoli@facebook.com,"02 de Septiembre",https://www.facebook.com/frann.mazzoccoli,,"La Paternal","Ciudad Autónoma de Buenos Aires","Distrito Federal",Argentina,1396442880,"Brian Cano",,1
Lour,Sanchez,lour.sanchez@facebook.com,"02 de Septiembre",https://www.facebook.com/lour.sanchez,,,"Ciudad Autónoma de Buenos Aires","Buenos Aires",Argentina,100001104026198,"Joaquin Barraco",https://www.facebook.com/chino.barraco,1
Mayra,"Laura Quispe",mai.quispe11@facebook.com,"02 de Septiembre",https://www.facebook.com/mai.quispe11,28,,"Ciudad Autónoma de Buenos Aires","Buenos Aires",Argentina,100000353833366,"Cami Weng",,1
Anita,Maisonnave,anita.maisonnave@facebook.com,"02 de Septiembre",https://www.facebook.com/anita.maisonnave,28,,"Ciudad Autónoma de Buenos Aires","Buenos Aires",Argentina,694619250,"Betania Rodriguez Lamaison",https://www.facebook.com/betaniarl,1
Antonio,Velazco,antonio.velazco.359@facebook.com,"02 de Septiembre",https://www.facebook.com/antonio.velazco.359,,,"Ciudad Autónoma de Buenos Aires","Buenos Aires",Argentina,100004523923905,"Franco Marcoccia",https://www.facebook.com/franco.marcoccia,1
Ozzy,"Born Lucky",ozzy.bornlucky@facebook.com,"02 de Septiembre",https://www.facebook.com/ozzy.bornlucky,26,"Buenos Aires","Buenos Aires","Buenos Aires",Argentina,1226334444,"Fett Maidana",0,1
Ariel,Vinacua,excalibur420@facebook.com,"02 de Septiembre",https://www.facebook.com/excalibur420,,,"Ciudad Autónoma de Buenos Aires","Buenos Aires",Argentina,100002469150850,"Jo Py Na",https://www.facebook.com/jopyna,1
Ly,Dia,franchesca.romero2@facebook.com,"02 de Septiembre",https://www.facebook.com/franchesca.romero2,,,"Ciudad Autónoma de Buenos Aires","Buenos Aires",Argentina,1557970667,"Ruben Pacora",https://www.facebook.com/ruben.pacora,1
Luz,Vallejos,luz.vallejos.92@facebook.com,"02 de Septiembre",https://www.facebook.com/luz.vallejos.92,27,,"Ciudad Autónoma de Buenos Aires","Buenos Aires",Argentina,813804773,"Miranda Toderi",https://www.facebook.com/miranda.toderi,1
Hernán,Daniel,heer.martinez.7@facebook.com,"02 de Septiembre",https://www.facebook.com/heer.martinez.7,21,,"Ciudad Autónoma de Buenos Aires","Buenos Aires",Argentina,100000801939877,"Emiliano Pirolo",https://www.facebook.com/emi.pirolo,1
Cherry,Gifts,cherry.gifts.3@facebook.com,"02 de Septiembre",https://www.facebook.com/cherry.gifts.3,24,,"Ciudad Autónoma de Buenos Aires","Buenos Aires",Argentina,100002820325389,"Ailin Majeras",https://www.facebook.com/ailin.majeras,1
Coni,Nicolosi,conninicolosi@facebook.com,"02 de Septiembre",https://www.facebook.com/conninicolosi,,,"Ciudad Autónoma de Buenos Aires","Buenos Aires",Argentina,1239391238,"Diego Maciel",,1
Agustina,Manzocchi,agustina.manzocchi@facebook.com,"02 de Septiembre",https://www.facebook.com/agustina.manzocchi,,,"Ciudad Autónoma de Buenos Aires","Buenos Aires",Argentina,1174803653,"Agustin Justin",https://www.facebook.com/Agustin.Justin,1
KrAles,Alejandra,krales.alejandra@facebook.com,"02 de Septiembre",https://www.facebook.com/krales.alejandra,,,"Ciudad Autónoma de Buenos Aires","Buenos Aires",Argentina,1802618014,"Flor De Santa",https://www.facebook.com/florencia.pacella,1
Gabi,Marino,gaabi.marino@facebook.com,"02 de Septiembre",https://www.facebook.com/gaabi.marino,,,"Ciudad Autónoma de Buenos Aires","Buenos Aires",Argentina,1283149400,"Julieta Belen",,1
Marina,Poncet,maru.poncet@facebook.com,"02 de Septiembre",https://www.facebook.com/maru.poncet,23,,"Ciudad Autónoma de Buenos Aires","Buenos Aires",Argentina,699789000,"Manu Dadaglio",,1
Aixa,Altamiranda,aixualtamiranda@facebook.com,"03 de Septiembre",https://www.facebook.com/aixualtamiranda,,,"Ciudad Autónoma de Buenos Aires","Buenos Aires",Argentina,100000065856967,"Anna Laura",https://www.facebook.com/Anna.Laucha,1
NU,A,nu.a.50@facebook.com,"03 de Septiembre",https://www.facebook.com/nu.a.50,24,,"Ciudad Autónoma de Buenos Aires","Buenos Aires",Argentina,100003199354893,"Julio Roberto Cuevas",https://www.facebook.com/julioroberto.cuevas,1
Agustina,Yacob,agustina.yacob@facebook.com,"03 de Septiembre",https://www.facebook.com/agustina.yacob,,,"Ciudad Autónoma de Buenos Aires","Buenos Aires",Argentina,1077172855,"Emiliano Pirolo",https://www.facebook.com/emi.pirolo,1
Ignacio,Romero,ignacio.romero.792@facebook.com,"03 de Septiembre",https://www.facebook.com/ignacio.romero.792,,,"Ciudad Autónoma de Buenos Aires","Buenos Aires",Argentina,100000438545553,"Natalia Tarelli",,1
Fabian,Gonzales,fabian.gonsalez1@facebook.com,"03 de Septiembre",https://www.facebook.com/fabian.gonsalez1,25,,"Ciudad Autónoma de Buenos Aires","Buenos Aires",Argentina,1285213681,"Ruben Pacora",https://www.facebook.com/ruben.pacora,1
"Lo De Fernanda",Palermo,lodefernanda.palermo@facebook.com,"03 de Septiembre",https://www.facebook.com/lodefernanda.palermo,,,"Ciudad Autónoma de Buenos Aires","Buenos Aires",Argentina,100001801254483,"Sergio Acosta",,1
Job,Micolo,jbmicolo@facebook.com,"03 de Septiembre",https://www.facebook.com/jbmicolo,,,"Ciudad Autónoma de Buenos Aires","Buenos Aires",Argentina,100000362426771,"Juan Cruz Albornoz",,1
"El Cocinero",Argentino,elcocinero.argentino@facebook.com,"03 de Septiembre",https://www.facebook.com/elcocinero.argentino,,,"Ciudad Autónoma de Buenos Aires","Buenos Aires",Argentina,100000023511183,"Susan Romano",,1
Noelia,Maldonado,keylapoprock@facebook.com,"03 de Septiembre",https://www.facebook.com/keylapoprock,,,"Ciudad Autónoma de Buenos Aires","Buenos Aires",Argentina,629432824,"Vanesa Marinich",https://www.facebook.com/vanesa.marinich,1
Tincho,Pappa,tinchopappa@facebook.com,"03 de Septiembre",https://www.facebook.com/tinchopappa,,,"Ciudad Autónoma de Buenos Aires","Buenos Aires",Argentina,1254213995,"Facu Denegri",,1
"Brian Agustin",Figueroa,brianagustin.figueroa@facebook.com,"03 de Septiembre",https://www.facebook.com/brianagustin.figueroa,23,Array,"Ciudad Autónoma de Buenos Aires","Buenos Aires",Argentina,1490630993,"Alejandro Dixon",0,1
Pablo,Stöckli,pablo.stockli@facebook.com,"03 de Septiembre",https://www.facebook.com/pablo.stockli,28,,"Ciudad Autónoma de Buenos Aires","Buenos Aires",Argentina,100002400291591,"Agus Garibaldi",https://www.facebook.com/agus.garibaldi,1
Pablo,Daruich,pdaruich@facebook.com,"03 de Septiembre",https://www.facebook.com/pdaruich,28,,"Ciudad Autónoma de Buenos Aires","Buenos Aires",Argentina,1136354777,"Juanma Ramirez",,1
Evangelina,Cabezas,evangelina.cabezas.1@facebook.com,"03 de Septiembre",https://www.facebook.com/evangelina.cabezas.1,,,"Ciudad Autónoma de Buenos Aires","Buenos Aires",Argentina,1231742578,"Ariel Rivera",,1
Julio,Esperanza,julio.hope@facebook.com,"03 de Septiembre",https://www.facebook.com/julio.hope,,Saavedra,"Ciudad Autónoma de Buenos Aires","Buenos Aires",Argentina,100002238147550,"Vale Piedra",https://www.facebook.com/Valepiedra,1
Ignacio,Sarraute,ignacio.sarraute@facebook.com,"03 de Septiembre",https://www.facebook.com/ignacio.sarraute,,,"Ciudad Autónoma de Buenos Aires","Buenos Aires",Argentina,800087041,"Antonela Monachesi",https://www.facebook.com/anto.monachesi,1
Pao,Duran,pao.duran.54@facebook.com,"03 de Septiembre",https://www.facebook.com/pao.duran.54,24,,"Ciudad Autónoma de Buenos Aires","Buenos Aires",Argentina,555459051,"Carli Pellizzaro",https://www.facebook.com/Carlii,1
Aldana,Lodi,aldana.lodi.3@facebook.com,"03 de Septiembre",https://www.facebook.com/aldana.lodi.3,23,,"Ciudad Autónoma de Buenos Aires","Buenos Aires",Argentina,100005658578209,"Matias Daniel Pascual",,1
Sol,Lapira,sol.lapira@facebook.com,"03 de Septiembre",https://www.facebook.com/sol.lapira,,,"Ciudad Autónoma de Buenos Aires","Buenos Aires",Argentina,1618946316,"Ian Szejner",,1
Medioshábiles,Comunicación,medioshabilescom@facebook.com,"03 de Septiembre",https://www.facebook.com/medioshabilescom,,,"Ciudad Autónoma de Buenos Aires","Buenos Aires",Argentina,100000161284237,"Felicitas Ghigliotti",https://www.facebook.com/felicitas.ghigliotti,1
Fueisera,Ba,fueisera.ba@facebook.com,"03 de Septiembre",https://www.facebook.com/fueisera.ba,,,"Ciudad Autónoma de Buenos Aires","Buenos Aires",Argentina,100000161556125,"Felicitas Ghigliotti",https://www.facebook.com/felicitas.ghigliotti,1
Palermo,State,palermo.state@facebook.com,"03 de Septiembre",https://www.facebook.com/palermo.state,25,,"Ciudad Autónoma de Buenos Aires","Buenos Aires",Argentina,100006843900442,"Romina Toller",,1
"Nany Marylin",Todorovich,nanymarylin.todorovich@facebook.com,"03 de Septiembre",https://www.facebook.com/nanymarylin.todorovich,27,,"Ciudad Autónoma de Buenos Aires","Buenos Aires",Argentina,100003327045549,"Jessica Bellomo",https://www.facebook.com/JessBellomo,1
Lara,Schujman,lara.schujman@facebook.com,"03 de Septiembre",https://www.facebook.com/lara.schujman,27,,"Ciudad Autónoma de Buenos Aires","Buenos Aires",Argentina,722565110,"Bernardo Cura Bonazzola",https://www.facebook.com/bernardocurabonazzola,1
Johanna,Caty,johanna.cati@facebook.com,"03 de Septiembre",https://www.facebook.com/johanna.cati,22,,"Ciudad Autónoma de Buenos Aires","Buenos Aires",Argentina,100002627464049,"Agustina Pelle Müller",,1
Sheila,Tchopourian,angellydemonioo@facebook.com,"03 de Septiembre",https://www.facebook.com/angellydemonioo,26,"Parque Chacabuco","Ciudad Autónoma de Buenos Aires","Buenos Aires",Argentina,100000999372551,"Fran L. Ocampo",https://www.facebook.com/franco,1
Ramiro,Roballos,ramiro.roballos@facebook.com,"03 de Septiembre",https://www.facebook.com/ramiro.roballos,27,"Buenos Aires","Buenos Aires","Buenos Aires",Argentina,1193021255,"Alejandro Dixon",0,1
Agustin,Lorenzo,agustin.lorenzo.92@facebook.com,"03 de Septiembre",https://www.facebook.com/agustin.lorenzo.92,,Agronomía,"Ciudad Autónoma de Buenos Aires","Distrito Federal",Argentina,1463725397,"Facu Denegri",,1
Miguel,Bonetti,estamosdepaso.bonetti@facebook.com,"03 de Septiembre",https://www.facebook.com/estamosdepaso.bonetti,23,,"Ciudad Autónoma de Buenos Aires","Buenos Aires",Argentina,826882777,"Eugenia Vega",https://www.facebook.com/eugenitavega,1
Noel,Rivera,marianoelrivera@facebook.com,"03 de Septiembre",https://www.facebook.com/marianoelrivera,27,,"Ciudad Autónoma de Buenos Aires","Buenos Aires",Argentina,1543635070,"Pato Pagano",https://www.facebook.com/pato.p111,1
Lautaro,Rodríguez,lautaro.rodriguez.58@facebook.com,"28 de Agosto",https://www.facebook.com/lautaro.rodriguez.58,,,"Ciudad Autónoma de Buenos Aires","Buenos Aires",Argentina,1069917955,"Lulita Biagini",https://www.facebook.com/luciana.biagini,1
"Je Suis","La Folie",jesuis.lafolie@facebook.com,"28 de Agosto",https://www.facebook.com/jesuis.lafolie,22,,"Ciudad Autónoma de Buenos Aires","Buenos Aires",Argentina,100004244561817,"Clara Ryan",https://www.facebook.com/clariryaneventos,1
Delfi,Pelayo,delfi.pelayo@facebook.com,"28 de Agosto",https://www.facebook.com/delfi.pelayo,24,,"Ciudad Autónoma de Buenos Aires","Buenos Aires",Argentina,541273364,"Alexia Garcia",https://www.facebook.com/garciaalexiia,1
Lula,Alonso,lula.alonso.988@facebook.com,"28 de Agosto",https://www.facebook.com/lula.alonso.988,,,"Ciudad Autónoma de Buenos Aires","Buenos Aires",Argentina,100005496883956,"Martín Álvarez BA I",https://www.facebook.com/Woody.Blair,1
Miranda,Fox,miranda.fox.3975@facebook.com,"28 de Agosto",https://www.facebook.com/miranda.fox.3975,26,,"Ciudad Autónoma de Buenos Aires","Buenos Aires",Argentina,100003981049122,"Mariano Calvagna",https://www.facebook.com/mariano.calvagna,1
Cecy,García,cecy.garcia.79274@facebook.com,"28 de Agosto",https://www.facebook.com/cecy.garcia.79274,28,,"Ciudad Autónoma de Buenos Aires","Buenos Aires",Argentina,724025350,"Gisele Galia",https://www.facebook.com/gisele.galia,1
Agus,Paiva,agus.paiva.37@facebook.com,"28 de Agosto",https://www.facebook.com/agus.paiva.37,27,,"Ciudad Autónoma de Buenos Aires","Buenos Aires",Argentina,100004624324136,"Cristian Fernandez Villamor",https://www.facebook.com/cristian.fernandezvillamo,1
Camila,Cuscuna,camicuscuna@facebook.com,"28 de Agosto",https://www.facebook.com/CamiCuscuna,,,"Ciudad Autónoma de Buenos Aires","Buenos Aires",Argentina,100001306263459,"Brian Cano",,1
Luciano,Camero,luciano.camero.3@facebook.com,"28 de Agosto",https://www.facebook.com/luciano.camero.3,,,"Ciudad Autónoma de Buenos Aires","Buenos Aires",Argentina,1429893022,"Dafne Antonella Zas Amy",,1
Juli,Santilli,juli.santilli@facebook.com,"28 de Agosto",https://www.facebook.com/juli.santilli,,"Buenos Aires","Buenos Aires","Buenos Aires",Argentina,1431423958,"Luciana Paione Oleszuk",0,1
Soli,Pelayo,solipelayo@facebook.com,"28 de Agosto",https://www.facebook.com/solipelayo,24,,"Ciudad Autónoma de Buenos Aires","Buenos Aires",Argentina,692267425,"Alexia Garcia",https://www.facebook.com/garciaalexiia,1
Guillermina,Victoria,guillermina.victoria.37@facebook.com,"28 de Agosto",https://www.facebook.com/guillermina.victoria.37,,,"Ciudad Autónoma de Buenos Aires","Buenos Aires",Argentina,100004280675432,"Sil Cristiano ?ï?",https://www.facebook.com/Sivinita,1
"Agustina Maria",Lalli,agustinamaria.lalli@facebook.com,"28 de Agosto",https://www.facebook.com/agustinamaria.lalli,,"Buenos Aires","Buenos Aires","Buenos Aires",Argentina,100003378606126,"Clara Nosiglia",0,1
Ludmila,Nieva,ludmilanieva@facebook.com,"28 de Agosto",https://www.facebook.com/ludmilanieva,23,"Villa Pueyrredón","Ciudad Autónoma de Buenos Aires","Distrito Federal",Argentina,1476865456,"Ale Arias Mandarine Park",,1
"Rompecorazones LenceriayCorseteria",Rompecorazones,rompecorazoneslenceria@facebook.com,"28 de Agosto",https://www.facebook.com/rompecorazoneslenceria,26,,"Ciudad Autónoma de Buenos Aires","Buenos Aires",Argentina,1096121128,"Agos Costas",https://www.facebook.com/agoscostas,1
Luis,Podestá,luis.podesta.39@facebook.com,"28 de Agosto",https://www.facebook.com/luis.podesta.39,,,"Ciudad Autónoma de Buenos Aires","Buenos Aires",Argentina,100003206930029,"Gonzalo Bussetti",https://www.facebook.com/gonzalo.bussetti,1
Mechita,Risso,mercedes.risso@facebook.com,"28 de Agosto",https://www.facebook.com/mercedes.risso,28,,"Ciudad Autónoma de Buenos Aires","Buenos Aires",Argentina,1536030274,"Mili Mauro",https://www.facebook.com/milimauro,1
Gps,Drinks,gps.drinks@facebook.com,"28 de Agosto",https://www.facebook.com/gps.drinks,25,,"Ciudad Autónoma de Buenos Aires","Buenos Aires",Argentina,100000316521305,"Joaquin Perez Flenche",,1
Juan,Rosende,juan.rosende.1@facebook.com,"28 de Agosto",https://www.facebook.com/juan.rosende.1,,"La Boca","Ciudad Autónoma de Buenos Aires","Buenos Aires",Argentina,1540375896,"Gianfranco Ferrati",,1
Juan,Noceti,juanoceti@facebook.com,"28 de Agosto",https://www.facebook.com/juanoceti,24,,"Ciudad Autónoma de Buenos Aires","Buenos Aires",Argentina,1566606029,"Bren Gayol",,1
Fabius,Primero,fabius.fabio.1@facebook.com,"28 de Agosto",https://www.facebook.com/fabius.fabio.1,,,"Ciudad Autónoma de Buenos Aires","Buenos Aires",Argentina,1772908941,"Valentin Abelardo",https://www.facebook.com/valentin.abelardo,1
Denise,Camps,denise.camps.9@facebook.com,"28 de Agosto",https://www.facebook.com/denise.camps.9,29,"Buenos Aires","Buenos Aires","Buenos Aires",Argentina,1034387814,"Leo LugÓn",0,1
"Yanel Cagliari",Producciones,yanelcagliari.producciones@facebook.com,"28 de Agosto",https://www.facebook.com/yanelcagliari.producciones,22,,"Ciudad Autónoma de Buenos Aires","Buenos Aires",Argentina,100003798657569,"Javier Potenza",,1
Mumi,Gamm,mumig1@facebook.com,"28 de Agosto",https://www.facebook.com/mumig1,,"Villa Crespo","Ciudad Autónoma de Buenos Aires","Buenos Aires",Argentina,1302177813,"Christian Douer Chuky",https://www.facebook.com/christian.chuky,1
FaceManager,Argentina,facemanager.argentina@facebook.com,"28 de Agosto",https://www.facebook.com/facemanager.argentina,22,,"Ciudad Autónoma de Buenos Aires","Buenos Aires",Argentina,100003800001477,"Javier Potenza",,1
Luis,Elfox,luis.paez.180625@facebook.com,"28 de Agosto",https://www.facebook.com/luis.paez.180625,27,,"Ciudad Autónoma de Buenos Aires","Buenos Aires",Argentina,100004102473576,"Bë Döbiencita",https://www.facebook.com/be.dobiencita,1
Colette,"Diane Peñalver",colette.dianepenalver@facebook.com,"28 de Agosto",https://www.facebook.com/colette.dianepenalver,,,"Ciudad Autónoma de Buenos Aires","Buenos Aires",Argentina,1339106563,"Anoland Lorenzo",https://www.facebook.com/anoland.lorenzo,1
Eventos,Cmb,eventos.cmb@facebook.com,"28 de Agosto",https://www.facebook.com/eventos.cmb,,,"Ciudad Autónoma de Buenos Aires","Buenos Aires",Argentina,100000525565385,"Jochuu Rodriguez Linck",https://www.facebook.com/jochuu.rodriguezlinck,1
Alpi,Educación,alpi.educacion@facebook.com,"28 de Agosto",https://www.facebook.com/alpi.educacion,,,"Ciudad Autónoma de Buenos Aires","Buenos Aires",Argentina,1814181535,"Gisela Tesei",,1
Pablo,Navarro,pablo.navarro.18041@facebook.com,"28 de Agosto",https://www.facebook.com/pablo.navarro.18041,,,"Ciudad Autónoma de Buenos Aires","Buenos Aires",Argentina,583133274,"Laura Maria Puerta Sierra",https://www.facebook.com/lauralaprincesa,1
Valeria,Cavallaro,valit28@facebook.com,"28 de Agosto",https://www.facebook.com/valit28,,,"Ciudad Autónoma de Buenos Aires","Buenos Aires",Argentina,1515218880,"Ivan Lisz",,1
Julie,AnaBell,julie.anabell@facebook.com,"28 de Agosto",https://www.facebook.com/julie.anabell,,,"Ciudad Autónoma de Buenos Aires","Buenos Aires",Argentina,100000706240315,"Gabi López",,1
Nicolas,Freire,nico.freire@facebook.com,"28 de Agosto",https://www.facebook.com/nico.freire,,,"Ciudad Autónoma de Buenos Aires","Buenos Aires",Argentina,607823074,"Lucia Marti",https://www.facebook.com/luli.marti,1
Diego,Diaz,dieguito.diaz.96@facebook.com,"28 de Agosto",https://www.facebook.com/dieguito.diaz.96,21,,"Ciudad Autónoma de Buenos Aires","Buenos Aires",Argentina,1320083267,"Guido Moncayo",https://www.facebook.com/guido.moncayo,1
Daiana,Alonso,daiana.alonso.50@facebook.com,"28 de Agosto",https://www.facebook.com/daiana.alonso.50,,Recoleta,"Ciudad Autónoma de Buenos Aires","Buenos Aires",Argentina,100000612658771,"July Jaluff",https://www.facebook.com/july.jaluff,1
Chelo,Grumsh,findelsilencio@facebook.com,"28 de Agosto",https://www.facebook.com/findelsilencio,26,"Buenos Aires","Buenos Aires","Buenos Aires",Argentina,100000306459690,"Fett Maidana",0,1
Juan,Goicochea,jeanluicomolui@facebook.com,"28 de Agosto",https://www.facebook.com/jeanluicomolui,,,"Ciudad Autónoma de Buenos Aires","Buenos Aires",Argentina,767612416,"Jobs Bar",https://www.facebook.com/jobsbar,1
Gerardo,Saa,gerardo.saa@facebook.com,"28 de Agosto",https://www.facebook.com/gerardo.saa,,,"Ciudad Autónoma de Buenos Aires","Buenos Aires",Argentina,100001673571556,"Juan Cruz Albornoz",,1
Noe,Meier,celositaaa@facebook.com,"29 de Agosto",https://www.facebook.com/Celositaaa,,,"Ciudad Autónoma de Buenos Aires","Buenos Aires",Argentina,100002145391767,"Nahu Millicay Pereyra",https://www.facebook.com/nahumilli,1
Diana,Ruiz,diana.ruiz.2991@facebook.com,"29 de Agosto",https://www.facebook.com/diana.ruiz.2991,23,,"Ciudad Autónoma de Buenos Aires","Buenos Aires",Argentina,538886170,"Emanuel Gaston Perdigues",https://www.facebook.com/emaxpx,1
Bruno,Cerrato,brunocerrato@facebook.com,"29 de Agosto",https://www.facebook.com/BrunoCerrato,,,"Ciudad Autónoma de Buenos Aires","Buenos Aires",Argentina,1206748455,"Mika Escobar",https://www.facebook.com/mika.escobar1,1
Coni,Antonaci,coni.antonaci@facebook.com,"29 de Agosto",https://www.facebook.com/coni.antonaci,23,,"Ciudad Autónoma de Buenos Aires","Buenos Aires",Argentina,1006764562,"Natalia Oviedo",,1
Susana,Villalba,susana.villalba.560@facebook.com,"29 de Agosto",https://www.facebook.com/susana.villalba.560,24,,"Ciudad Autónoma de Buenos Aires","Buenos Aires",Argentina,1602600744,"Emanuel Pusi Gómez",https://www.facebook.com/pusi56,1
Cecilia,Cantello,cecilia.cantello@facebook.com,"29 de Agosto",https://www.facebook.com/cecilia.cantello,29,,"Ciudad Autónoma de Buenos Aires","Buenos Aires",Argentina,1329025462,"Juan José Merino Cagnones",https://www.facebook.com/jmerinocagnones,1
Coni,Suarez,coni.suarez3@facebook.com,"29 de Agosto",https://www.facebook.com/coni.suarez3,,,"Ciudad Autónoma de Buenos Aires","Buenos Aires",Argentina,1632696072,"Maanu C. Rebori",https://www.facebook.com/maanu,1
"Abogados de",Fiesta,abogadosde.fiesta@facebook.com,"29 de Agosto",https://www.facebook.com/abogadosde.fiesta,,,"Ciudad Autónoma de Buenos Aires","Buenos Aires",Argentina,100000235257298,"Laura Gervasi",,1
Cutii,Teiffur,teiffur@facebook.com,"29 de Agosto",https://www.facebook.com/teiffur,,,"Ciudad Autónoma de Buenos Aires","Buenos Aires",Argentina,1333443631,"Bë Döbiencita",https://www.facebook.com/be.dobiencita,1
Listas,Boliches,rabbit.listafree@facebook.com,"29 de Agosto",https://www.facebook.com/Rabbit.listafree,,,"Ciudad Autónoma de Buenos Aires","Buenos Aires",Argentina,1521038688,"Maria Belén",,1
Lorenzo,Valente,lorenzo.valente.376@facebook.com,"29 de Agosto",https://www.facebook.com/lorenzo.valente.376,22,,"Ciudad Autónoma de Buenos Aires","Buenos Aires",Argentina,535051442,"Rocío Martínez",https://www.facebook.com/rochi.belen,1
Lucho,Tonlorenzi,luchotonlorenzi@facebook.com,"29 de Agosto",https://www.facebook.com/luchotonlorenzi,,,"Ciudad Autónoma de Buenos Aires","Buenos Aires",Argentina,1406267422,"Julieta Belen",,1
Escribeme,Cuadernos,escribemecuadernos@facebook.com,"29 de Agosto",https://www.facebook.com/escribemecuadernos,26,,"Ciudad Autónoma de Buenos Aires","Buenos Aires",Argentina,100002154516953,"Natalia Magariello",https://www.facebook.com/natalia.magariello,1
TurriToh,Ds,turritoh.ds.1@facebook.com,"29 de Agosto",https://www.facebook.com/turritoh.ds.1,,,"Ciudad Autónoma de Buenos Aires","Buenos Aires",Argentina,1661035766,"Gabi López",,1
Agustin,Niesler,agustin.nsl@facebook.com,"29 de Agosto",https://www.facebook.com/agustin.nsl,,,"Ciudad Autónoma de Buenos Aires","Buenos Aires",Argentina,1328511398,"Martín Álvarez BA I",https://www.facebook.com/Woody.Blair,1
Nico,Haberle,nico.haberle@facebook.com,"29 de Agosto",https://www.facebook.com/nico.haberle,,,"Ciudad Autónoma de Buenos Aires","Buenos Aires",Argentina,100002353747857,"Agustina Pelle Müller",,1
Priscilla,Attanasio,priscilla.attanasio@facebook.com,"29 de Agosto",https://www.facebook.com/priscilla.attanasio,,,"Ciudad Autónoma de Buenos Aires","Buenos Aires",Argentina,1016968424,"Valentin Abelardo",https://www.facebook.com/valentin.abelardo,1
Ramiro,Arcangeli,ramiro.arcangeli@facebook.com,"29 de Agosto",https://www.facebook.com/ramiro.arcangeli,,,"Ciudad Autónoma de Buenos Aires","Buenos Aires",Argentina,1090496164,"Cristian Andres Romano",,1
"El Almacén","de Zuecos",almacendezuecos@facebook.com,"29 de Agosto",https://www.facebook.com/almacendezuecos,,,"Ciudad Autónoma de Buenos Aires","Buenos Aires",Argentina,100001559475678,"Mery Spessa",https://www.facebook.com/Mery.Spessa,1
Luis,Santoro,randydjsantoro@facebook.com,"29 de Agosto",https://www.facebook.com/randydjsantoro,28,,"Ciudad Autónoma de Buenos Aires","Buenos Aires",Argentina,100001026154017,"Vanina Lopez Baroni",https://www.facebook.com/vaninalb,1
Daiana,Castillo,daiana.castillo.940@facebook.com,"29 de Agosto",https://www.facebook.com/daiana.castillo.940,,,"Ciudad Autónoma de Buenos Aires","Buenos Aires",Argentina,1436931668,"Julio Roberto Cuevas",https://www.facebook.com/julioroberto.cuevas,1
Magui,Fernandez,maguibfernandez@facebook.com,"29 de Agosto",https://www.facebook.com/maguibfernandez,,,"Ciudad Autónoma de Buenos Aires","Buenos Aires",Argentina,1238521196,"Mariela Puricelli",https://www.facebook.com/mariela.puricelli,1
Cami,Fernandez,cami.fernandez.56@facebook.com,"29 de Agosto",https://www.facebook.com/cami.fernandez.56,24,,"Ciudad Autónoma de Buenos Aires","Buenos Aires",Argentina,100000177672342,"Flor Encino",https://www.facebook.com/flopy.encino,1
Rose,Rodriguez,roserodriguezprofile@facebook.com,"29 de Agosto",https://www.facebook.com/roserodriguezprofile,22,,"Ciudad Autónoma de Buenos Aires","Buenos Aires",Argentina,733124799,"Evangelina Araoz",https://www.facebook.com/evangelina.araoz,1
Red,Live,red.live.94@facebook.com,"29 de Agosto",https://www.facebook.com/red.live.94,,,"Ciudad Autónoma de Buenos Aires","Buenos Aires",Argentina,100000836352374,"Claudio Arias",https://www.facebook.com/clautrance,1
Equipo-Psi,"Atención Psicológica",equipopsi@facebook.com,"29 de Agosto",https://www.facebook.com/equipopsi,,,"Ciudad Autónoma de Buenos Aires","Buenos Aires",Argentina,100000357810115,"Ignacio Lines Ceruti",https://www.facebook.com/ignacio.lines,1
Carlitus,Gonzalez,carlitus.gonzalez@facebook.com,"29 de Agosto",https://www.facebook.com/carlitus.gonzalez,,,"Ciudad Autónoma de Buenos Aires","Buenos Aires",Argentina,100000927680883,"Silvia Fernandez",https://www.facebook.com/silviafernandezchivi,1
Zuleyka,Borroni,zuleykab@facebook.com,"29 de Agosto",https://www.facebook.com/zuleykab,,,"Ciudad Autónoma de Buenos Aires","Buenos Aires",Argentina,624508512,"Tatiana Petroccelli",https://www.facebook.com/tanshanita,1
Lumel,"Pour Vous",lumelpv@facebook.com,"29 de Agosto",https://www.facebook.com/lumelpv,27,,"Ciudad Autónoma de Buenos Aires","Buenos Aires",Argentina,100001033344494,"Mia Miry Ponce",,1
Leandro,Kanashiro,kanashiroleandro@facebook.com,"29 de Agosto",https://www.facebook.com/KanashiroLeandro,,,"Ciudad Autónoma de Buenos Aires","Buenos Aires",Argentina,1349732468,"Fernando Velcic",https://www.facebook.com/fernando.velcic,1
Abigail,Paz,abigail.paz.5454@facebook.com,"29 de Agosto",https://www.facebook.com/abigail.paz.5454,21,Once,"Ciudad Autónoma de Buenos Aires","Buenos Aires",Argentina,100004033783885,"Agustin Sujo",https://www.facebook.com/agustin.sujook,1
Julietab,Antun,julietab.antun@facebook.com,"29 de Agosto",https://www.facebook.com/julietab.antun,22,"Buenos Aires","Buenos Aires","Buenos Aires",Argentina,1260011150,"Nicolás Ortiz",0,1
Alicia,Delgado,alicia.delgado.9849@facebook.com,"29 de Agosto",https://www.facebook.com/alicia.delgado.9849,,,"Ciudad Autónoma de Buenos Aires","Buenos Aires",Argentina,100001280490437,"Susan Romano",,1
Mariano,Francioni,mariano.francioni.5@facebook.com,"29 de Agosto",https://www.facebook.com/mariano.francioni.5,,,"Ciudad Autónoma de Buenos Aires","Buenos Aires",Argentina,1332076128,"Debora Malvestuto",https://www.facebook.com/dmalvestuto,1
Nicolas,Berardinelli,nicolasberar@facebook.com,"29 de Agosto",https://www.facebook.com/NicolasBerar,22,,"Ciudad Autónoma de Buenos Aires","Buenos Aires",Argentina,1608493116,"Cristian Fernandez Villamor",https://www.facebook.com/cristian.fernandezvillamo,1
Rafa,Grigera,rafa11cab@facebook.com,"29 de Agosto",https://www.facebook.com/rafa11cab,,,"Ciudad Autónoma de Buenos Aires","Buenos Aires",Argentina,1459503668,"Manu Dadaglio",,1
Leo,Medios,leo.medios.3@facebook.com,"29 de Agosto",https://www.facebook.com/leo.medios.3,,"Buenos Aires","Buenos Aires","Buenos Aires",Argentina,100001618900925,"Rebe Gonzalez",0,1
"Luis Alberto",Bucci,luisalberto.bucci@facebook.com,"29 de Agosto",https://www.facebook.com/luisalberto.bucci,,,"Ciudad Autónoma de Buenos Aires","Buenos Aires",Argentina,100001162006933,"Marcela Hinckelmann",https://www.facebook.com/marcela.hinckelmann,1
Gaston,Larroza,gaston.larroza@facebook.com,"29 de Agosto",https://www.facebook.com/gaston.larroza,,,"Ciudad Autónoma de Buenos Aires","Buenos Aires",Argentina,100000444867383,"Ezequiel Sebastian Berardi",https://www.facebook.com/EzErAsTa,1
Lucas,Dimucci,lucas.dimucci.5@facebook.com,"30 de Agosto",https://www.facebook.com/lucas.dimucci.5,,"Buenos Aires","Buenos Aires","Buenos Aires",Argentina,1270106047,"Rebe Gonzalez",0,1
Florencia,Badino,badino.floorcita@facebook.com,"30 de Agosto",https://www.facebook.com/badino.floorcita,22,"Puerto Madero","Ciudad Autónoma de Buenos Aires","Distrito Federal",Argentina,100000796828113,"Alee Jandro",https://www.facebook.com/alejandropassadore,1
Evi,Amodeo,evi.amodeo@facebook.com,"30 de Agosto",https://www.facebook.com/evi.amodeo,22,,"Ciudad Autónoma de Buenos Aires","Buenos Aires",Argentina,100000804995421,"Alee Jandro",https://www.facebook.com/alejandropassadore,1
Steel,Rockets,steel.rockets@facebook.com,"30 de Agosto",https://www.facebook.com/steel.rockets,,,"Ciudad Autónoma de Buenos Aires","Buenos Aires",Argentina,100000179514587,"La Rockeria",https://www.facebook.com/oveja1,1
Barbie,Williams,barbiewilliamsb@facebook.com,"30 de Agosto",https://www.facebook.com/barbiewilliamsb,,"Buenos Aires","Buenos Aires","Buenos Aires",Argentina,537860823,"Peter GC",0,1
Fiestas,"Vertigo Cinco",fiestasvertigo5@facebook.com,"30 de Agosto",https://www.facebook.com/fiestasvertigo5,,,"Ciudad Autónoma de Buenos Aires","Buenos Aires",Argentina,1708350081,"Victoria Roldán",https://www.facebook.com/marievickyroldan,1
Ediciones,"del Dock",deldock@facebook.com,"30 de Agosto",https://www.facebook.com/deldock,,,"Ciudad Autónoma de Buenos Aires","Buenos Aires",Argentina,1483811667,"Majo López Tavani",https://www.facebook.com/lasplumas,1
Noia,Love,lore.trujillo.796@facebook.com,"30 de Agosto",https://www.facebook.com/lore.trujillo.796,29,Recoleta,"Ciudad Autónoma de Buenos Aires","Buenos Aires",Argentina,100006711941439,"Gabriela Bob",https://www.facebook.com/gabrielave,1
Caco,Gomez,caco.gomez1@facebook.com,"30 de Agosto",https://www.facebook.com/caco.gomez1,,,"Ciudad Autónoma de Buenos Aires","Buenos Aires",Argentina,100000449191402,"Marina Castagnino",https://www.facebook.com/castagnino,1
Micaela,Manson,micaela.pollio@facebook.com,"30 de Agosto",https://www.facebook.com/micaela.pollio,23,Avellaneda,"Ciudad Autónoma de Buenos Aires","Buenos Aires",Argentina,100000369215861,"Fede Martinez",https://www.facebook.com/fedemartinez17,1
Aus,Sie,aussieweb@facebook.com,"30 de Agosto",https://www.facebook.com/AUSSIEWEB,26,,"Ciudad Autónoma de Buenos Aires","Buenos Aires",Argentina,1335264403,"Romy Gutierrez Jaime",https://www.facebook.com/romygutierrezjaime,1
Rodrigo,"A Secas",rodrigo.asecas.50@facebook.com,"30 de Agosto",https://www.facebook.com/rodrigo.asecas.50,22,,"Ciudad Autónoma de Buenos Aires","Buenos Aires",Argentina,100000714767499,"Vale Piedra",https://www.facebook.com/Valepiedra,1
Violeta,Szeps,violeta.szeps.5@facebook.com,"30 de Agosto",https://www.facebook.com/violeta.szeps.5,,,"Ciudad Autónoma de Buenos Aires","Buenos Aires",Argentina,100000313606771,"Aline Vilches",,1
Fabiana,Castro,fabiana.castro.798@facebook.com,"30 de Agosto",https://www.facebook.com/fabiana.castro.798,23,,"Ciudad Autónoma de Buenos Aires","Buenos Aires",Argentina,1409204485,"Pablo Dandrea",https://www.facebook.com/pablo.dandrea,1
"Marcela Alejandra",Valdivia,marscelita.tirandofacee@facebook.com,"30 de Agosto",https://www.facebook.com/MARSCELITA.TIRANDOFACEE,24,,"Ciudad Autónoma de Buenos Aires","Buenos Aires",Argentina,100000323746390,"Tatiana Petroccelli",https://www.facebook.com/tanshanita,1
Golf,"Viajes Memorables",golf.viajesmemorables@facebook.com,"30 de Agosto",https://www.facebook.com/golf.viajesmemorables,,,"Ciudad Autónoma de Buenos Aires","Buenos Aires",Argentina,100002232807128,"Martin Benitez",,1
Guillermo,"Tomasin Pyzynski",guillermo.tomasinpyzynski@facebook.com,"30 de Agosto",https://www.facebook.com/guillermo.tomasinpyzynski,,,"Ciudad Autónoma de Buenos Aires","Buenos Aires",Argentina,1533850990,"Miqui Berriòs",https://www.facebook.com/miqui.berrios,1
Gonzalitto,Butteler,gonzalitto.butteler@facebook.com,"30 de Agosto",https://www.facebook.com/gonzalitto.butteler,,"Villa Del Parque","Ciudad Autónoma de Buenos Aires","Distrito Federal",Argentina,1820445220,"Brian Cano",,1
Tuki,Barrera,tuki.barrera@facebook.com,"30 de Agosto",https://www.facebook.com/tuki.barrera,22,,"Ciudad Autónoma de Buenos Aires","Buenos Aires",Argentina,100001683481983,"Anna Laura",https://www.facebook.com/Anna.Laucha,1
Ailin,Kuper,ailin.kuper@facebook.com,"30 de Agosto",https://www.facebook.com/ailin.kuper,24,,"Ciudad Autónoma de Buenos Aires","Buenos Aires",Argentina,100000741625049,"Axx Agustin",https://www.facebook.com/Ax.Agustin,1
Angie,Lestarrepe,angie.lestarrepe@facebook.com,"30 de Agosto",https://www.facebook.com/angie.lestarrepe,26,,"Ciudad Autónoma de Buenos Aires","Buenos Aires",Argentina,100000324090561,"Natalia Malvaso",https://www.facebook.com/natalia.malvaso,1
Julieta,Dabas,julieta.dabas@facebook.com,"30 de Agosto",https://www.facebook.com/julieta.dabas,21,,"Ciudad Autónoma de Buenos Aires","Buenos Aires",Argentina,1138098807,"Fran L. Ocampo",https://www.facebook.com/franco,1
Amo,Bolso,amo.bolso@facebook.com,"30 de Agosto",https://www.facebook.com/amo.bolso,21,,"Ciudad Autónoma de Buenos Aires","Buenos Aires",Argentina,100001992776381,"Noe Guillén",https://www.facebook.com/noeguillen20,1
Arte,"Barrio Norte",arte.barrionorte@facebook.com,"30 de Agosto",https://www.facebook.com/arte.barrionorte,,"Barrio Norte","Ciudad Autónoma de Buenos Aires","Buenos Aires",Argentina,100002275292356,"Silvia Grun",,1
Cami,Lannes,cami.lannes@facebook.com,"30 de Agosto",https://www.facebook.com/cami.lannes,,"Villa Del Parque","Ciudad Autónoma de Buenos Aires","Distrito Federal",Argentina,1429033280,"Maria Belén",,1
María,FKöe,mariuxxia@facebook.com,"30 de Agosto",https://www.facebook.com/mariuxxia,,,"Ciudad Autónoma de Buenos Aires","Buenos Aires",Argentina,551239515,"Lix Infinito",https://www.facebook.com/lix.infinito,1
Emi,Seiva,emi.seiva.5@facebook.com,"30 de Agosto",https://www.facebook.com/emi.seiva.5,23,Barracas,"Ciudad Autónoma de Buenos Aires","Buenos Aires",Argentina,100000931580330,"Emiliano Pirolo",https://www.facebook.com/emi.pirolo,1
Martin,Escuadra,martin.escuadra@facebook.com,"30 de Agosto",https://www.facebook.com/martin.escuadra,27,,"Ciudad Autónoma de Buenos Aires","Buenos Aires",Argentina,1615530448,"Silvina Yanina Albornoz Garlepp",https://www.facebook.com/silvinayaninaalbornozgarl,1
Centro,Maffei,centromedico.dralauramaffei@facebook.com,"30 de Agosto",https://www.facebook.com/centromedico.dralauramaffei,,,"Ciudad Autónoma de Buenos Aires","Buenos Aires",Argentina,100001502657052,"Vero Milione",https://www.facebook.com/vero.milione,1
Elena,Torakew,elena.torakew@facebook.com,"30 de Agosto",https://www.facebook.com/elena.torakew,,,"Ciudad Autónoma de Buenos Aires","Buenos Aires",Argentina,1656506737,"Susan Romano",,1
Edgar,Ferreyra,edgar.ferreyra.148@facebook.com,"30 de Agosto",https://www.facebook.com/edgar.ferreyra.148,,,"Ciudad Autónoma de Buenos Aires","Buenos Aires",Argentina,100003502940167,"Matias Diego Colombres",https://www.facebook.com/dmc.colombres,1
Nico,Escalante,nicooesc@facebook.com,"30 de Agosto",https://www.facebook.com/NicooEsc,,"Buenos Aires","Buenos Aires","Buenos Aires",Argentina,1560177193,"Rebe Gonzalez",0,1
Nacho,Teyssandier,nachoteys@facebook.com,"30 de Agosto",https://www.facebook.com/nachoteys,26,,"Ciudad Autónoma de Buenos Aires","Buenos Aires",Argentina,598347357,"Candelaria Sires Barrantes",,1
Bruno,Juarez,brujua@facebook.com,"30 de Agosto",https://www.facebook.com/brujua,,,"Ciudad Autónoma de Buenos Aires","Buenos Aires",Argentina,1499596184,"Carla Diaz",,1
Rosada,Soledad,rosada.soledad@facebook.com,"30 de Agosto",https://www.facebook.com/rosada.soledad,26,,"Ciudad Autónoma de Buenos Aires","Buenos Aires",Argentina,100003264852214,"Débora Piccirilli",https://www.facebook.com/debora.piccirilli1,1
Pepa,Cirio,pepa.cirio.1@facebook.com,"30 de Agosto",https://www.facebook.com/pepa.cirio.1,,,"Ciudad Autónoma de Buenos Aires","Buenos Aires",Argentina,1193017477,"Juanita Lupetrone",https://www.facebook.com/jlupetrone,1
Ceci,Minassian,ceci.minassian@facebook.com,"30 de Agosto",https://www.facebook.com/ceci.minassian,21,,"Ciudad Autónoma de Buenos Aires","Buenos Aires",Argentina,1066645080,"Tia Lu",https://www.facebook.com/vivardo.lucia,1
Cement,Suppliers,cement.suppliers@facebook.com,"31 de Agosto",https://www.facebook.com/cement.suppliers,27,,"Ciudad Autónoma de Buenos Aires","Buenos Aires",Argentina,100001008649563,"Jessica Bellomo",https://www.facebook.com/JessBellomo,1
Raomir,Saavedra,raomir.saavedra@facebook.com,"31 de Agosto",https://www.facebook.com/raomir.saavedra,26,,"Ciudad Autónoma de Buenos Aires","Buenos Aires",Argentina,526312362,"Diandra Lesly",https://www.facebook.com/diandra.lesly,1
Voces,Originarias,voces.originarias@facebook.com,"31 de Agosto",https://www.facebook.com/voces.originarias,28,,"Ciudad Autónoma de Buenos Aires","Buenos Aires",Argentina,100002741269642,"Maria Lucila Quarleri",https://www.facebook.com/maria.quarleri,1
Mechi,Cardoso,mechy.cardoso@facebook.com,"31 de Agosto",https://www.facebook.com/mechy.cardoso,,,"Ciudad Autónoma de Buenos Aires","Buenos Aires",Argentina,1417291032,"Juan Cruz Albornoz",,1
Can,Seoane,candelamariel.seoane@facebook.com,"31 de Agosto",https://www.facebook.com/candelamariel.seoane,26,,"Ciudad Autónoma de Buenos Aires","Buenos Aires",Argentina,1478054490,"Ian Szejner",,1
Tobias,Suarez,tobiassuarezz@facebook.com,"31 de Agosto",https://www.facebook.com/tobiassuarezz,,,"Ciudad Autónoma de Buenos Aires","Buenos Aires",Argentina,100002502451174,"Juanma Ramirez",,1
Flavia,Sendra,flavia.sendra.3@facebook.com,"31 de Agosto",https://www.facebook.com/flavia.sendra.3,27,"Buenos Aires","Buenos Aires","Buenos Aires",Argentina,1702123842,"Rebe Gonzalez",0,1
Demian,Romero,demian.romero.965@facebook.com,"31 de Agosto",https://www.facebook.com/demian.romero.965,,,"Ciudad Autónoma de Buenos Aires","Buenos Aires",Argentina,1262153698,"Daiana Soledad Pintos",https://www.facebook.com/Sheena.is,1
Lola,Mora,lola.zaurru.5@facebook.com,"31 de Agosto",https://www.facebook.com/lola.zaurru.5,23,,"Ciudad Autónoma de Buenos Aires","Buenos Aires",Argentina,100006565451278,"Ivon Andersson",https://www.facebook.com/ivon.andersson,1
BsAs,Roller,bsasroller@facebook.com,"31 de Agosto",https://www.facebook.com/bsasroller,,,"Ciudad Autónoma de Buenos Aires","Buenos Aires",Argentina,100002657121601,"Maru Bruni",,1
Delfi,"Laxague Vestidos",delfi.laxaguevestidos@facebook.com,"31 de Agosto",https://www.facebook.com/delfi.laxaguevestidos,,,"Ciudad Autónoma de Buenos Aires","Buenos Aires",Argentina,100002838136031,"Maru Bruni",,1
"Juan Erik",Toth,juanerikt@facebook.com,"31 de Agosto",https://www.facebook.com/juanerikt,,,"Ciudad Autónoma de Buenos Aires","Buenos Aires",Argentina,747334033,"Carli Pellizzaro",https://www.facebook.com/Carlii,1
Floripondias,Zapatitos,floripondias@facebook.com,"31 de Agosto",https://www.facebook.com/floripondias,,,"Ciudad Autónoma de Buenos Aires","Buenos Aires",Argentina,1228685337,"Susan Romano",,1
Dai,Melissari,dai.melissari@facebook.com,"31 de Agosto",https://www.facebook.com/dai.melissari,23,,"Ciudad Autónoma de Buenos Aires","Buenos Aires",Argentina,1634345907,"Nahu Millicay Pereyra",https://www.facebook.com/nahumilli,1
Mary,"von Fürth",mary.vonfurth@facebook.com,"31 de Agosto",https://www.facebook.com/mary.vonfurth,23,,"Ciudad Autónoma de Buenos Aires","Buenos Aires",Argentina,558734739,"Piltra Toller",https://www.facebook.com/piltra,1
Agus,Motta,toto.travelrock@facebook.com,"31 de Agosto",https://www.facebook.com/toto.travelrock,,,"Ciudad Autónoma de Buenos Aires","Buenos Aires",Argentina,100001009146672,"Vicky Diaz",,1
Agustin,Motta,agustin.motta1@facebook.com,"31 de Agosto",https://www.facebook.com/agustin.motta1,,,"Ciudad Autónoma de Buenos Aires","Buenos Aires",Argentina,1198834426,"Ariel Rivera",,1
Luis,Perez,luchio.perez@facebook.com,"31 de Agosto",https://www.facebook.com/luchio.perez,27,,"Ciudad Autónoma de Buenos Aires","Buenos Aires",Argentina,1498027059,"Ignacio Lines Ceruti",https://www.facebook.com/ignacio.lines,1
Miguel,Pereiro,miguel.pereiro.98@facebook.com,"31 de Agosto",https://www.facebook.com/miguel.pereiro.98,,"Buenos Aires","Buenos Aires","Buenos Aires",Argentina,100003005618484,"Augusto Lios",0,1
Hospital,"Ramos Mejia",hospital.ramosmejia@facebook.com,"31 de Agosto",https://www.facebook.com/hospital.ramosmejia,,,"Ciudad Autónoma de Buenos Aires","Buenos Aires",Argentina,100003747806121,"Chechu Tayeldin",https://www.facebook.com/chechu.tayeldin,1
Mary,Benitez,mary.benitez.161@facebook.com,"31 de Agosto",https://www.facebook.com/mary.benitez.161,23,,"Ciudad Autónoma de Buenos Aires","Buenos Aires",Argentina,1819093278,"Hector Falsone",https://www.facebook.com/hector.falsone,1
Guillermo,Djemdjemian,guillermo.djemdjemian@facebook.com,"31 de Agosto",https://www.facebook.com/guillermo.djemdjemian,,,"Ciudad Autónoma de Buenos Aires","Buenos Aires",Argentina,100002189175653,"Luciana Grisolia",https://www.facebook.com/lulagri,1
Gisele,Villca,gisele.villca@facebook.com,"31 de Agosto",https://www.facebook.com/gisele.villca,28,,"Ciudad Autónoma de Buenos Aires","Buenos Aires",Argentina,1110765506,"Agustin Martinez Molinelli",https://www.facebook.com/agustin.martinezmolinelli,1
Derrick,Christensen,derrick.christensen.5@facebook.com,"31 de Agosto",https://www.facebook.com/derrick.christensen.5,22,,"Ciudad Autónoma de Buenos Aires","Buenos Aires",Argentina,1017545975,"Rochi Christensen",https://www.facebook.com/rochi.christensen,1
Araceli,"Di Nardo",ara.dinardo1@facebook.com,"31 de Agosto",https://www.facebook.com/ara.dinardo1,21,,"Ciudad Autónoma de Buenos Aires","Buenos Aires",Argentina,100002481443564,"Jorge Biamonte",https://www.facebook.com/georgebiamonteok,1
Jota,Burgos,juan.m.burgos1@facebook.com,"31 de Agosto",https://www.facebook.com/juan.m.burgos1,27,"Puerto Madero","Ciudad Autónoma de Buenos Aires","Buenos Aires",Argentina,1255100914,"Axx Agustin",https://www.facebook.com/Ax.Agustin,1
Gonzalo,Perinetti,gonzalo.perinetti@facebook.com,"31 de Agosto",https://www.facebook.com/gonzalo.perinetti,26,,"Ciudad Autónoma de Buenos Aires","Buenos Aires",Argentina,100000836746536,"Miranda Toderi",https://www.facebook.com/miranda.toderi,1
Gonza,Fernandez,gonza.fernandez.79@facebook.com,"31 de Agosto",https://www.facebook.com/gonza.fernandez.79,24,,"Ciudad Autónoma de Buenos Aires","Buenos Aires",Argentina,100000351488920,"Ignacio Lines Ceruti",https://www.facebook.com/ignacio.lines,1
Franco,Feierstein,franco.feirstein@facebook.com,"31 de Agosto",https://www.facebook.com/franco.feirstein,,,"Ciudad Autónoma de Buenos Aires","Buenos Aires",Argentina,1145824468,"Vicky Diaz",,1
Elizabeth,Balenzuela,elizabeth.balenzuela@facebook.com,"31 de Agosto",https://www.facebook.com/elizabeth.balenzuela,26,"Nueva Pompeya","Ciudad Autónoma de Buenos Aires","Buenos Aires",Argentina,100002432892894,"Mariana Aris",https://www.facebook.com/mariana.aris,1
Leo,Bordeu,leo.bordeu.1@facebook.com,"31 de Agosto",https://www.facebook.com/leo.bordeu.1,,Liniers,"Ciudad Autónoma de Buenos Aires","Buenos Aires",Argentina,1228874217,"Giiu Minniti",https://www.facebook.com/giiu.minniti,1
Vane,Pellizzeri,vane.pellizzeri.372@facebook.com,"31 de Agosto",https://www.facebook.com/vane.pellizzeri.372,,,"Ciudad Autónoma de Buenos Aires","Buenos Aires",Argentina,100006296708625,"Agustin Sujo",https://www.facebook.com/agustin.sujook,1
Marcelo,Suarez,marceloalejandrosuarez@facebook.com,"31 de Agosto",https://www.facebook.com/marceloalejandrosuarez,,Recoleta,"Ciudad Autónoma de Buenos Aires","Buenos Aires",Argentina,100001209112241,"Vanesa Macias",https://www.facebook.com/vanesa.macias1,1
Accesorios,Zr,accesorios.zr@facebook.com,"31 de Agosto",https://www.facebook.com/accesorios.zr,25,,"Ciudad Autónoma de Buenos Aires","Buenos Aires",Argentina,100001925852432,"Alexia Garcia",https://www.facebook.com/garciaalexiia,1
Nico,Pereyra,azzul9@facebook.com,"31 de Agosto",https://www.facebook.com/azzul9,,"La Paternal","Ciudad Autónoma de Buenos Aires","Buenos Aires",Argentina,1539150621,"Atilio Fernandez",,1
Ana,"De Cillis",ana.decillis@facebook.com,"31 de Agosto",https://www.facebook.com/ana.decillis,25,,"Ciudad Autónoma de Buenos Aires","Buenos Aires",Argentina,100004578816734,"Alejandra Diaz De Vivar",,1
Mathias,Qui,mathias.qui@facebook.com,"31 de Agosto",https://www.facebook.com/mathias.qui,25,,"Ciudad Autónoma de Buenos Aires","Buenos Aires",Argentina,100000353494579,"Ruben Pacora",https://www.facebook.com/ruben.pacora,1
Nacho,Marciano,nachomarchiano@facebook.com,"31 de Agosto",https://www.facebook.com/nachomarchiano,,,"Ciudad Autónoma de Buenos Aires","Buenos Aires",Argentina,812100829,"Miqui Berriòs",https://www.facebook.com/miqui.berrios,1
Brissa,Pugliese,brissa.pugliese.5@facebook.com,"31 de Agosto",https://www.facebook.com/brissa.pugliese.5,,"Villa Pueyrredón","Ciudad Autónoma de Buenos Aires","Distrito Federal",Argentina,100002926684877,"Brian Cano",,1
Esteban,Rezk,esteban.rezk@facebook.com,"31 de Agosto",https://www.facebook.com/esteban.rezk,,,"Ciudad Autónoma de Buenos Aires","Buenos Aires",Argentina,664812472,"Marcelo Di Salvo",,1
