Nombre,Apellido,"Email Facebook",Cumpleaños,"Usuario Facebook",Edad,Barrio,Ciudad,Provincia,Pais,"ID Facebook","Amigo De","Amigo De (Usuario)",rebound
Juan,Fernandez,juanrataf@facebook.com,"18 de Septiembre",https://www.facebook.com/juanrataf,21,,"Ciudad Autónoma de Buenos Aires","Buenos Aires",Argentina,1155649852,"Nano Vaquer",,1
Federico,Ocampo,federico.ocampo.562@facebook.com,"18 de Septiembre",https://www.facebook.com/federico.ocampo.562,,,"Ciudad Autónoma de Buenos Aires","Buenos Aires",Argentina,100001359877804,"Christian Douer Chuky",https://www.facebook.com/christian.chuky,1
Flor,Arce,flor.arce.58@facebook.com,"18 de Septiembre",https://www.facebook.com/flor.arce.58,,,"Ciudad Autónoma de Buenos Aires","Buenos Aires",Argentina,100000946212917,"Thomas Jensen",,1
Ignacio,Arlotti,ignacio.arlotti@facebook.com,"18 de Septiembre",https://www.facebook.com/ignacio.arlotti,,,"Ciudad Autónoma de Buenos Aires","Buenos Aires",Argentina,785204309,"Felicitas Ghigliotti",https://www.facebook.com/felicitas.ghigliotti,1
Leo,Saucedo,leo.saucedo.581@facebook.com,"18 de Septiembre",https://www.facebook.com/leo.saucedo.581,22,"Buenos Aires","Buenos Aires","Buenos Aires",Argentina,100006105378409,"Cristian Incarnato",0,1
Walter,Herrera,walter.r.herrera.7@facebook.com,"18 de Septiembre",https://www.facebook.com/walter.r.herrera.7,,"San Cristóbal","Ciudad Autónoma de Buenos Aires","Buenos Aires",Argentina,1422384919,"Tatiana Petroccelli",https://www.facebook.com/tanshanita,1
Cositas,Ricas,cositasricasgla@facebook.com,"18 de Septiembre",https://www.facebook.com/cositasricasgla,,Congreso,"Ciudad Autónoma de Buenos Aires","Buenos Aires",Argentina,1814090208,"Romina Dorza",https://www.facebook.com/rodorza,1
Rosa,Ogdi,rosa.ogdi@facebook.com,"18 de Septiembre",https://www.facebook.com/rosa.ogdi,,,"Ciudad Autónoma de Buenos Aires","Buenos Aires",Argentina,100000692008052,"Brenda Fabregat",https://www.facebook.com/brenda.fabregat,1
Flor,Difusiòn,flor.animalista@facebook.com,"18 de Septiembre",https://www.facebook.com/flor.animalista,,,"Ciudad Autónoma de Buenos Aires","Buenos Aires",Argentina,100000692927953,"Brenda Fabregat",https://www.facebook.com/brenda.fabregat,1
Perrunos,"En Adopcion",perrunos.callejeros.3@facebook.com,"18 de Septiembre",https://www.facebook.com/perrunos.callejeros.3,24,,"Ciudad Autónoma de Buenos Aires","Buenos Aires",Argentina,100004206451393,"Luli Torres",,1
Sol,Gomez,solgomezbr@facebook.com,"18 de Septiembre",https://www.facebook.com/solgomezbr,,,"Ciudad Autónoma de Buenos Aires","Buenos Aires",Argentina,502615116,"Fona Romeo",https://www.facebook.com/fona.romeo,1
Viandas,"Uvas Con Queso",uvascon.queso@facebook.com,"18 de Septiembre",https://www.facebook.com/uvascon.queso,,,"Ciudad Autónoma de Buenos Aires","Buenos Aires",Argentina,100001548219638,"Lupe Dávalos",https://www.facebook.com/guadinight,1
"Arte En",Movimiento,arteenmov@facebook.com,"18 de Septiembre",https://www.facebook.com/arteenmov,22,,"Ciudad Autónoma de Buenos Aires","Buenos Aires",Argentina,100003776103822,"Cynthia Gianni",,1
Maria,Ramallo,cuchiramallo@facebook.com,"18 de Septiembre",https://www.facebook.com/cuchiramallo,22,,"Ciudad Autónoma de Buenos Aires","Buenos Aires",Argentina,530491815,"Facundo Bulacio",https://www.facebook.com/facundo.bulacio,1
Mailen,Defranco,malu.defranco2@facebook.com,"18 de Septiembre",https://www.facebook.com/malu.defranco2,21,,"Ciudad Autónoma de Buenos Aires","Buenos Aires",Argentina,100002211838454,"Jonathan Julian",,1
Pablo,Jesus,pablo.jesus.7927@facebook.com,"18 de Septiembre",https://www.facebook.com/pablo.jesus.7927,26,,"Ciudad Autónoma de Buenos Aires","Buenos Aires",Argentina,750619236,"Melo Dellarole",https://www.facebook.com/melodellarole,1
Aye,Rodriguez,quemiras.feaa@facebook.com,"18 de Septiembre",https://www.facebook.com/Quemiras.feaa,,,"Ciudad Autónoma de Buenos Aires","Buenos Aires",Argentina,100000309745501,"Agustina Pelle Müller",,1
Lore,Ferreira,lorena.ferreira@facebook.com,"18 de Septiembre",https://www.facebook.com/lorena.ferreira,,,"Ciudad Autónoma de Buenos Aires","Buenos Aires",Argentina,1654029407,"Brenda Fabregat",https://www.facebook.com/brenda.fabregat,1
Jenifer,Marcherssy,jenifer.marcherssy@facebook.com,"18 de Septiembre",https://www.facebook.com/jenifer.marcherssy,21,,"Ciudad Autónoma de Buenos Aires","Buenos Aires",Argentina,100002212767604,"Martín Álvarez BA I",https://www.facebook.com/Woody.Blair,1
Mariana,Galatro,mariana.galatro@facebook.com,"18 de Septiembre",https://www.facebook.com/mariana.galatro,24,"Villa Devoto","Ciudad Autónoma de Buenos Aires","Buenos Aires",Argentina,1104320378,"Martín Álvarez BA I",https://www.facebook.com/Woody.Blair,1
Eliseo,"Hernández Zubiri",eli.hernandez.zubiri@facebook.com,"18 de Septiembre",https://www.facebook.com/eli.hernandez.zubiri,22,,"Ciudad Autónoma de Buenos Aires","Buenos Aires",Argentina,1162348545,"Maria Lucila Quarleri",https://www.facebook.com/maria.quarleri,1
Analía,Meroni,analia.meroni@facebook.com,"18 de Septiembre",https://www.facebook.com/analia.meroni,25,,"Ciudad Autónoma de Buenos Aires","Buenos Aires",Argentina,1041413789,"Braii Venieri",https://www.facebook.com/BraianVenieri,1
Anibal,Wagner,anibal.wagner@facebook.com,"18 de Septiembre",https://www.facebook.com/anibal.wagner,26,,"Ciudad Autónoma de Buenos Aires","Buenos Aires",Argentina,100002615475937,"Sindy Elisa Szczucky",https://www.facebook.com/sindy.szczucky,1
Marian,"de la Torre",marian.delatorre.5@facebook.com,"18 de Septiembre",https://www.facebook.com/marian.delatorre.5,,,"Ciudad Autónoma de Buenos Aires","Buenos Aires",Argentina,1506000723,"Lix Infinito",https://www.facebook.com/lix.infinito,1
Pintando,Estoy,pintando.estoy@facebook.com,"18 de Septiembre",https://www.facebook.com/pintando.estoy,24,,"Ciudad Autónoma de Buenos Aires","Buenos Aires",Argentina,100003823182485,"Jonathan Julian",,1
Mikaeliitah,Allou,mikaeliitah.cabj@facebook.com,"18 de Septiembre",https://www.facebook.com/mikaeliitah.cabj,,,"Ciudad Autónoma de Buenos Aires","Buenos Aires",Argentina,100002392791532,"Franco Palermo",,1
Noelia,"Ponce de Leon",noelia.poncedeleon.39@facebook.com,"18 de Septiembre",https://www.facebook.com/noelia.poncedeleon.39,,"Buenos Aires","Buenos Aires","Buenos Aires",Argentina,1002280889,"Elias Prituluk",0,1
Alan,Gutman,alan.gutman.9@facebook.com,"18 de Septiembre",https://www.facebook.com/alan.gutman.9,,,"Ciudad Autónoma de Buenos Aires","Buenos Aires",Argentina,1419380504,"Melanie Azar",,1
Marina,Echegaray,marina.echegaray.5@facebook.com,"18 de Septiembre",https://www.facebook.com/marina.echegaray.5,,,"Ciudad Autónoma de Buenos Aires","Buenos Aires",Argentina,1099185585,"Anto Trezza",https://www.facebook.com/anto.trezza,1
Alan,Garcia,alan.master.d.lp@facebook.com,"18 de Septiembre",https://www.facebook.com/alan.master.d.lp,,,"Ciudad Autónoma de Buenos Aires","Buenos Aires",Argentina,100000886318574,"Agustina Pelle Müller",,1
Aye,Sanchez,aye.sanchez1@facebook.com,"18 de Septiembre",https://www.facebook.com/aye.sanchez1,25,,"Ciudad Autónoma de Buenos Aires","Buenos Aires",Argentina,100000903068457,"Sil Cristiano ?ï?",https://www.facebook.com/Sivinita,1
Alejandro,Barcelo,alejandro.barcelo1@facebook.com,"18 de Septiembre",https://www.facebook.com/alejandro.barcelo1,,,"Ciudad Autónoma de Buenos Aires","Buenos Aires",Argentina,612361300,"Barby Suarez",https://www.facebook.com/barby1522,1
Catalina,Moroni,catalina.moroni.3@facebook.com,"18 de Septiembre",https://www.facebook.com/catalina.moroni.3,24,,"Ciudad Autónoma de Buenos Aires","Buenos Aires",Argentina,692536426,"Valentino Fabre",https://www.facebook.com/valenfabre,1
Ezequiel,Maristany,ezequiel.maristany.3@facebook.com,"18 de Septiembre",https://www.facebook.com/ezequiel.maristany.3,,,"Ciudad Autónoma de Buenos Aires","Buenos Aires",Argentina,662554647,"Aldana Giudice",https://www.facebook.com/Soy.Pinky,1
Maru,Contreras,maru.contreras.35@facebook.com,"18 de Septiembre",https://www.facebook.com/maru.contreras.35,,,"Ciudad Autónoma de Buenos Aires","Buenos Aires",Argentina,1322146947,"Ariel Rivera",,1
Celes,Rodriguez,pamelaaaaachuu@facebook.com,"18 de Septiembre",https://www.facebook.com/pamelaaaaachuu,,,"Ciudad Autónoma de Buenos Aires","Buenos Aires",Argentina,1473762009,"Agustina Pelle Müller",,1
Joaquín,Olaizola,jolaizola1@facebook.com,"18 de Septiembre",https://www.facebook.com/jolaizola1,23,,"Ciudad Autónoma de Buenos Aires","Buenos Aires",Argentina,1790967625,"Sol Bettoni",,1
Paloma,Moratelo,paloma.moratelo@facebook.com,"18 de Septiembre",https://www.facebook.com/paloma.moratelo,,,"Ciudad Autónoma de Buenos Aires","Buenos Aires",Argentina,100001492491433,"Ornela G Cirigliano",https://www.facebook.com/floweringashtree,1
Aldana,Beis,aldana.beis@facebook.com,"18 de Septiembre",https://www.facebook.com/aldana.beis,,,"Ciudad Autónoma de Buenos Aires","Buenos Aires",Argentina,100000584943406,"Fernando Velcic",https://www.facebook.com/fernando.velcic,1
Giuliana,Camposaragna,giulicamposaragna@facebook.com,"18 de Septiembre",https://www.facebook.com/giulicamposaragna,,,"Ciudad Autónoma de Buenos Aires","Buenos Aires",Argentina,1483097847,"Agustin Sujo",https://www.facebook.com/agustin.sujook,1
Natalia,Damico,natalia.damico.35@facebook.com,"18 de Septiembre",https://www.facebook.com/natalia.damico.35,,,"Ciudad Autónoma de Buenos Aires","Buenos Aires",Argentina,1551801294,"Christian Douer Chuky",https://www.facebook.com/christian.chuky,1
Alaan,Ivaan,demimasbonita@facebook.com,"18 de Septiembre",https://www.facebook.com/demimasbonita,,Liniers,"Ciudad Autónoma de Buenos Aires","Buenos Aires",Argentina,100000976292702,"Nicolás García",https://www.facebook.com/Niccccccccco,1
Lucia,Garro,garrolu@facebook.com,"18 de Septiembre",https://www.facebook.com/garrolu,,,"Ciudad Autónoma de Buenos Aires","Buenos Aires",Argentina,641629428,"Federico Piegas",https://www.facebook.com/FedericoPiegas,1
Departamento,"de Admisión",departamento.deadmision@facebook.com,"18 de Septiembre",https://www.facebook.com/departamento.deadmision,,,"Ciudad Autónoma de Buenos Aires","Buenos Aires",Argentina,100002104400968,"Cecilia Morinigo",,1
Mariana,Maranesi,mariana.maranesi@facebook.com,"18 de Septiembre",https://www.facebook.com/mariana.maranesi,,,"Ciudad Autónoma de Buenos Aires","Buenos Aires",Argentina,1630771086,"Gabriela Competiello",,1
Carolina,Meza,carolina.meza.35977@facebook.com,"18 de Septiembre",https://www.facebook.com/carolina.meza.35977,22,"San Cristóbal","Ciudad Autónoma de Buenos Aires","Buenos Aires",Argentina,1347106697,"Guido Moncayo",https://www.facebook.com/guido.moncayo,1
Rodro,Roo,rodro.roo@facebook.com,"18 de Septiembre",https://www.facebook.com/rodro.roo,,,"Ciudad Autónoma de Buenos Aires","Buenos Aires",Argentina,100002154048896,"Franco Marcoccia",https://www.facebook.com/franco.marcoccia,1
Alejandro,Alamá,alejandro.alama@facebook.com,"18 de Septiembre",https://www.facebook.com/alejandro.alama,25,,"Ciudad Autónoma de Buenos Aires","Buenos Aires",Argentina,1272053988,"Rodrigo Vega",,1
Cin,Florentin,cintiaflorentin@facebook.com,"18 de Septiembre",https://www.facebook.com/cintiaflorentin,25,,"Ciudad Autónoma de Buenos Aires","Buenos Aires",Argentina,1357851580,"Chanchi Martinez",https://www.facebook.com/chanchi.martinez,1
Marito,Vega,marito.m.vega@facebook.com,"18 de Septiembre",https://www.facebook.com/marito.m.vega,,,"Ciudad Autónoma de Buenos Aires","Buenos Aires",Argentina,100003210079413,"Cielito Perez",,1
Sofia,Aguilar,sofia.aguilar.509@facebook.com,"18 de Septiembre",https://www.facebook.com/sofia.aguilar.509,,,"Ciudad Autónoma de Buenos Aires","Buenos Aires",Argentina,100001101047908,"Brian Cano",,1
Sole,Fernandez,sole.fernandez.3154@facebook.com,"18 de Septiembre",https://www.facebook.com/sole.fernandez.3154,27,,"Ciudad Autónoma de Buenos Aires","Buenos Aires",Argentina,501258659,"Ramiro Prieto",,1
Juli,Yantorno,juliana.yantorno@facebook.com,"18 de Septiembre",https://www.facebook.com/juliana.yantorno,22,,"Ciudad Autónoma de Buenos Aires","Buenos Aires",Argentina,1120806232,"Nicolás Marano",https://www.facebook.com/nicolasmarano10,1
Marcelo,Castillo,marcelo.casado.31@facebook.com,"19 de Septiembre",https://www.facebook.com/marcelo.casado.31,,,"Ciudad Autónoma de Buenos Aires","Buenos Aires",Argentina,100000750924573,"Franco Marcoccia",https://www.facebook.com/franco.marcoccia,1
Abril,Kloden,abril.kloden@facebook.com,"19 de Septiembre",https://www.facebook.com/abril.kloden,23,,"Ciudad Autónoma de Buenos Aires","Buenos Aires",Argentina,1571963089,"Nazarena Sierra",,1
Las,Reverendas,las.reverendas@facebook.com,"19 de Septiembre",https://www.facebook.com/las.reverendas,,,"Ciudad Autónoma de Buenos Aires","Buenos Aires",Argentina,100001858569939,"Mercedes Ferrario",https://www.facebook.com/mercedes.ferrario,1
Shanii,Galvan,shanii.galvan@facebook.com,"19 de Septiembre",https://www.facebook.com/shanii.galvan,,,"Ciudad Autónoma de Buenos Aires","Buenos Aires",Argentina,1402996093,"Juanma Ramirez",,1
Valen,Mella,valeen.meella@facebook.com,"19 de Septiembre",https://www.facebook.com/valeen.meella,,,"Ciudad Autónoma de Buenos Aires","Buenos Aires",Argentina,100000122762722,"Facu Denegri",,1
Julieta,Malvigne,julieta.malvigne@facebook.com,"19 de Septiembre",https://www.facebook.com/julieta.malvigne,,,"Ciudad Autónoma de Buenos Aires","Buenos Aires",Argentina,1015863774,"Joni Aires",https://www.facebook.com/joniaires,1
Valeria,Sofía,valeriaasofiaa@facebook.com,"19 de Septiembre",https://www.facebook.com/ValeriaaSofiaa,,,"Ciudad Autónoma de Buenos Aires","Buenos Aires",Argentina,1045275341,"Cynthia Gianni",,1
Sofia,Miranda,alfilosofia@facebook.com,"19 de Septiembre",https://www.facebook.com/alfilosofia,,,"Ciudad Autónoma de Buenos Aires","Buenos Aires",Argentina,100007396332867,"Natascha Stern",https://www.facebook.com/natascha.stern,1
Luz,Gaetan,luzgaetan@facebook.com,"19 de Septiembre",https://www.facebook.com/luzgaetan,,,"Ciudad Autónoma de Buenos Aires","Buenos Aires",Argentina,1504667330,"Maria Belén",,1
Gonzalo,Baldi,gonzalo.baldi.3@facebook.com,"19 de Septiembre",https://www.facebook.com/gonzalo.baldi.3,21,,"Ciudad Autónoma de Buenos Aires","Buenos Aires",Argentina,1420024881,"Fede Martino",,1
Nicolas,Digu,nicodig@facebook.com,"19 de Septiembre",https://www.facebook.com/nicodig,,,"Ciudad Autónoma de Buenos Aires","Buenos Aires",Argentina,825348278,"SanTiago Peralta",https://www.facebook.com/peralta.santiago,1
Sofia,Castañeda,sofia.castaneda.9404@facebook.com,"19 de Septiembre",https://www.facebook.com/sofia.castaneda.9404,27,,"Ciudad Autónoma de Buenos Aires","Buenos Aires",Argentina,835943418,"Carina Viernickel",,1
"Letras Del Sur",Editora,ldseditora@facebook.com,"19 de Septiembre",https://www.facebook.com/ldseditora,23,,"Ciudad Autónoma de Buenos Aires","Buenos Aires",Argentina,1627411092,"Maria Lucila Quarleri",https://www.facebook.com/maria.quarleri,1
Matias,Viale,matias.viale.5095@facebook.com,"19 de Septiembre",https://www.facebook.com/matias.viale.5095,,,"Ciudad Autónoma de Buenos Aires","Buenos Aires",Argentina,100007274291687,"Agustin Sujo",https://www.facebook.com/agustin.sujook,1
Mariana,Ferrari,mariana.ferrari.503@facebook.com,"19 de Septiembre",https://www.facebook.com/mariana.ferrari.503,,,"Ciudad Autónoma de Buenos Aires","Buenos Aires",Argentina,100000362016509,"Miqui Berriòs",https://www.facebook.com/miqui.berrios,1
Mony,Flor,monyflorindo@facebook.com,"19 de Septiembre",https://www.facebook.com/monyflorindo,,,"Ciudad Autónoma de Buenos Aires","Buenos Aires",Argentina,100000669174544,"Fran L. Ocampo",https://www.facebook.com/franco,1
Alayah,Sulton,gipssys@facebook.com,"19 de Septiembre",https://www.facebook.com/gipssys,,,"Ciudad Autónoma de Buenos Aires","Buenos Aires",Argentina,1519375579,"Guido Moncayo",https://www.facebook.com/guido.moncayo,1
Gera,Gomes,gera.gomes.5@facebook.com,"19 de Septiembre",https://www.facebook.com/gera.gomes.5,,,"Ciudad Autónoma de Buenos Aires","Buenos Aires",Argentina,1655959141,"Jose Guevara",https://www.facebook.com/JoeGuevara81,1
"Juan Cruz",Ponce,juancruz.ponce.77@facebook.com,"19 de Septiembre",https://www.facebook.com/juancruz.ponce.77,,,"Ciudad Autónoma de Buenos Aires","Buenos Aires",Argentina,1535925775,"Alan Volper",https://www.facebook.com/alan.volper,1
Patricia,Pacheco,patricia.pacheco.106@facebook.com,"19 de Septiembre",https://www.facebook.com/patricia.pacheco.106,,"Buenos Aires","Buenos Aires","Buenos Aires",Argentina,100002940805759,"Juan Pablo Aleman",0,1
Laureano,Monteiro,monteirolaureano@facebook.com,"19 de Septiembre",https://www.facebook.com/monteirolaureano,,,"Ciudad Autónoma de Buenos Aires","Buenos Aires",Argentina,100003996596618,"Aylu Macchi",,1
Cine,Ser,cine.para.ser@facebook.com,"19 de Septiembre",https://www.facebook.com/cine.para.ser,,,"Ciudad Autónoma de Buenos Aires","Buenos Aires",Argentina,1685033959,"Emme Elle Russo",https://www.facebook.com/emme.shantiom,1
Patrick,Barcelona,patrick.barcelona.56@facebook.com,"19 de Septiembre",https://www.facebook.com/patrick.barcelona.56,22,,"Ciudad Autónoma de Buenos Aires","Buenos Aires",Argentina,100003843843705,"Emiliano Pirolo",https://www.facebook.com/emi.pirolo,1
Maaii,Zurita,maaiiaraa@facebook.com,"19 de Septiembre",https://www.facebook.com/maaiiaraa,22,,"Ciudad Autónoma de Buenos Aires","Buenos Aires",Argentina,1451329317,"Agustina Pelle Müller",,1
Vendedor,Nextel,vendedor.nextel.7@facebook.com,"19 de Septiembre",https://www.facebook.com/vendedor.nextel.7,22,Avellaneda,"Ciudad Autónoma de Buenos Aires","Buenos Aires",Argentina,100003858080606,"Emiliano Pirolo",https://www.facebook.com/emi.pirolo,1
BeLuu,Vazquez,beluu.vazquez.35@facebook.com,"19 de Septiembre",https://www.facebook.com/beluu.vazquez.35,,,"Ciudad Autónoma de Buenos Aires","Buenos Aires",Argentina,100000200803770,"Martín Álvarez BA I",https://www.facebook.com/Woody.Blair,1
Melaling,Chen,meina.lin.56@facebook.com,"19 de Septiembre",https://www.facebook.com/meina.lin.56,23,"Buenos Aires","Buenos Aires","Buenos Aires",Argentina,100003889813571,"Alan Yun",0,1
Joana,Belen,joana.belen.14@facebook.com,"19 de Septiembre",https://www.facebook.com/joana.belen.14,24,,"Ciudad Autónoma de Buenos Aires","Buenos Aires",Argentina,100008334785207,"Julio Roberto Cuevas",https://www.facebook.com/julioroberto.cuevas,1
Guille,Holzmann,guillermo.holzmann.9@facebook.com,"19 de Septiembre",https://www.facebook.com/guillermo.holzmann.9,,,"Ciudad Autónoma de Buenos Aires","Buenos Aires",Argentina,100000187089047,"Natalia Oviedo",,1
Fakku,Carbonel,fakku.carp1@facebook.com,"19 de Septiembre",https://www.facebook.com/fakku.carp1,24,,"Ciudad Autónoma de Buenos Aires","Buenos Aires",Argentina,100000195379882,"Clari Stagno",,1
Agustin,Arce,brocck.mb@facebook.com,"19 de Septiembre",https://www.facebook.com/brocck.mb,24,,"Ciudad Autónoma de Buenos Aires","Buenos Aires",Argentina,100000195935759,"Clari Stagno",,1
Laureano,Monteiro,laureano.c.monteiro@facebook.com,"19 de Septiembre",https://www.facebook.com/laureano.c.monteiro,,,"Ciudad Autónoma de Buenos Aires","Buenos Aires",Argentina,1321485498,"Ignacio Lines Ceruti",https://www.facebook.com/ignacio.lines,1
Laureano,Monteiro,laureano.monteiro@facebook.com,"19 de Septiembre",https://www.facebook.com/laureano.monteiro,,,"Ciudad Autónoma de Buenos Aires","Buenos Aires",Argentina,100000386878022,"Cesar Andree VL",,1
Luciano,Herrera,lnherrera@facebook.com,"19 de Septiembre",https://www.facebook.com/lnherrera,23,Flores,"Ciudad Autónoma de Buenos Aires","Distrito Federal",Argentina,1554936372,"Gabi López",,1
"Todo Sobre",Fatima,todosobre.fatima@facebook.com,"19 de Septiembre",https://www.facebook.com/todosobre.fatima,23,,"Ciudad Autónoma de Buenos Aires","Buenos Aires",Argentina,100002733990988,"Aluhe Morbidoni",,1
"Valeria Valentina",Gutii,valeria.gutierrez.9847867@facebook.com,"19 de Septiembre",https://www.facebook.com/valeria.gutierrez.9847867,26,,"Ciudad Autónoma de Buenos Aires","Buenos Aires",Argentina,100003734600093,"Martin Gonzalez",,1
Penelope,Accesorios,penelope.accesorios.73@facebook.com,"19 de Septiembre",https://www.facebook.com/penelope.accesorios.73,25,,"Ciudad Autónoma de Buenos Aires","Buenos Aires",Argentina,100001153827439,"Cristian Fernandez Villamor",https://www.facebook.com/cristian.fernandezvillamo,1
"El Mago","Sin Dientes Cuatro",pablo.cabaleiro.9@facebook.com,"19 de Septiembre",https://www.facebook.com/pablo.cabaleiro.9,,,"Ciudad Autónoma de Buenos Aires","Buenos Aires",Argentina,100004539360790,"Vanesa Macias",https://www.facebook.com/vanesa.macias1,1
Frann,Malagrino,frann.malagrino@facebook.com,"19 de Septiembre",https://www.facebook.com/frann.malagrino,21,,"Ciudad Autónoma de Buenos Aires","Buenos Aires",Argentina,1735550973,"Florencia Pellegrino",,1
David,Nuñez,machado.nunez@facebook.com,"19 de Septiembre",https://www.facebook.com/machado.nunez,24,,"Ciudad Autónoma de Buenos Aires","Buenos Aires",Argentina,100003855348528,"Lo Lola",,1
Gisela,Paula,luna.giselap@facebook.com,"19 de Septiembre",https://www.facebook.com/luna.giselap,25,,"Ciudad Autónoma de Buenos Aires","Buenos Aires",Argentina,1028352565,"Gustavo Pietrafesa",,1
Hippie,"Chic Indumentaria",hippie.chicindumentaria@facebook.com,"19 de Septiembre",https://www.facebook.com/hippie.chicindumentaria,,,"Ciudad Autónoma de Buenos Aires","Buenos Aires",Argentina,100002489748523,"Alicia Kosem",https://www.facebook.com/alicia.kosem,1
Agustina,Lanza,agus.lanzaa@facebook.com,"19 de Septiembre",https://www.facebook.com/agus.lanzaa,,,"Ciudad Autónoma de Buenos Aires","Buenos Aires",Argentina,1099613689,"Pato Franco",,1
Anabella,Mena,anabella.mena@facebook.com,"20 de Septiembre",https://www.facebook.com/anabella.mena,27,,"Ciudad Autónoma de Buenos Aires","Buenos Aires",Argentina,100001158630474,"Emiliano Pirolo",https://www.facebook.com/emi.pirolo,1
Xime,Gallo,ximeelisabet@facebook.com,"20 de Septiembre",https://www.facebook.com/ximeelisabet,,,"Ciudad Autónoma de Buenos Aires","Buenos Aires",Argentina,100000228571252,"Mariano Gonzalez",,1
Joel,Aldeco,joel.aldeco@facebook.com,"20 de Septiembre",https://www.facebook.com/joel.aldeco,,,"Ciudad Autónoma de Buenos Aires","Buenos Aires",Argentina,100001250385062,"Brenda Araceli Gonzalez",https://www.facebook.com/brendaaraceli.gonzalez,1
Lu,Pasquini,lu.pasquini@facebook.com,"20 de Septiembre",https://www.facebook.com/Lu.pasquini,,,"Ciudad Autónoma de Buenos Aires","Buenos Aires",Argentina,1145503517,"Juan Cruz Albornoz",,1
Alexis,Aybar,skull.dread@facebook.com,"20 de Septiembre",https://www.facebook.com/Skull.Dread,,,"Ciudad Autónoma de Buenos Aires","Buenos Aires",Argentina,100000226925394,"Juanma Ramirez",,1
Juanma,Etchemendy,juanmanueletchemendy@facebook.com,"20 de Septiembre",https://www.facebook.com/juanmanueletchemendy,,,"Ciudad Autónoma de Buenos Aires","Buenos Aires",Argentina,100000463713541,"Martin Olmedo",,1
Jaaz,Diaz,28.11.12jye@facebook.com,"20 de Septiembre",https://www.facebook.com/28.11.12JyE,,,"Ciudad Autónoma de Buenos Aires","Buenos Aires",Argentina,100000920894933,"Brian Cano",,1
Fede,Montero,fedex.montero@facebook.com,"20 de Septiembre",https://www.facebook.com/fedex.montero,,,"Ciudad Autónoma de Buenos Aires","Buenos Aires",Argentina,1418692479,"Maanu C. Rebori",https://www.facebook.com/maanu,1
Carnes,MeatSupply,carnesmeatsupply@facebook.com,"20 de Septiembre",https://www.facebook.com/carnesmeatsupply,25,,"Ciudad Autónoma de Buenos Aires","Buenos Aires",Argentina,100003905927817,"Joaco Alvarez Amuchástegui",,1
Jéssica,Agüero,jeeeeeeeess@facebook.com,"20 de Septiembre",https://www.facebook.com/Jeeeeeeeess,,,"Ciudad Autónoma de Buenos Aires","Buenos Aires",Argentina,1382062054,"Agus Rodriguez",,1
Ruth,Baez,mirian.lugo.12@facebook.com,"20 de Septiembre",https://www.facebook.com/mirian.lugo.12,,,"Ciudad Autónoma de Buenos Aires","Buenos Aires",Argentina,100002735111014,"Fabian Lopez",,1
Meli,Aguilera,meligene@facebook.com,"21 de Septiembre",https://www.facebook.com/meligene,,,"Ciudad Autónoma de Buenos Aires","Buenos Aires",Argentina,100001863253915,"Clari Stagno",,1
Los,Chasques,los.chasques@facebook.com,"21 de Septiembre",https://www.facebook.com/los.chasques,,,"Ciudad Autónoma de Buenos Aires","Buenos Aires",Argentina,100002963558488,"Romina Toller",,1
Remeras,Mode,remeras.mode@facebook.com,"21 de Septiembre",https://www.facebook.com/remeras.mode,,,"Ciudad Autónoma de Buenos Aires","Buenos Aires",Argentina,100000488612985,"Pablo Bravo",,1
Maru,Mettler,maru.mettler@facebook.com,"21 de Septiembre",https://www.facebook.com/maru.mettler,,,"Ciudad Autónoma de Buenos Aires","Buenos Aires",Argentina,1337701195,"Facu Denegri",,1
Ber,Gulmanelli,ber.gulmanelli@facebook.com,"22 de Septiembre",https://www.facebook.com/ber.gulmanelli,,,"Ciudad Autónoma de Buenos Aires","Buenos Aires",Argentina,100000008191617,"Joaquin Barraco",https://www.facebook.com/chino.barraco,1
Cooperativa,Cooprosel,cooperativa.cooprosel@facebook.com,"22 de Septiembre",https://www.facebook.com/cooperativa.cooprosel,,,"Ciudad Autónoma de Buenos Aires","Buenos Aires",Argentina,100003314518472,"Nicolas Bacich",https://www.facebook.com/nicolas.bacich,1
Cristian,Alcaraz,cristian.alcaraz.39@facebook.com,"22 de Septiembre",https://www.facebook.com/cristian.alcaraz.39,,,"Ciudad Autónoma de Buenos Aires","Buenos Aires",Argentina,1644405747,"Agustina Pelle Müller",,1
Kie,Fer,puremaggi@facebook.com,"22 de Septiembre",https://www.facebook.com/puremaggi,,,"Ciudad Autónoma de Buenos Aires","Buenos Aires",Argentina,100000198265679,"Matías Panero",,1
Jess,Hollaardt,jhollaardt@facebook.com,"22 de Septiembre",https://www.facebook.com/jhollaardt,,,"Ciudad Autónoma de Buenos Aires","Buenos Aires",Argentina,837573863,"Fran L. Ocampo",https://www.facebook.com/franco,1
Agustina,Herrera,tinny.herrera@facebook.com,"22 de Septiembre",https://www.facebook.com/Tinny.Herrera,26,,"Ciudad Autónoma de Buenos Aires","Buenos Aires",Argentina,100000984966156,"Charly Ruez",https://www.facebook.com/charly.ruez,1
Grace,Pazos,grace.pazos@facebook.com,"22 de Septiembre",https://www.facebook.com/grace.pazos,,,"Ciudad Autónoma de Buenos Aires","Buenos Aires",Argentina,100000944961061,"Agustina Gorrini",https://www.facebook.com/agustina.gorrini,1
Matii,Mussetto,matii.mussetto@facebook.com,"22 de Septiembre",https://www.facebook.com/matii.mussetto,,,"Ciudad Autónoma de Buenos Aires","Buenos Aires",Argentina,100000409280225,"Gabi López",,1
Juli,Giampaoli,julieta.giampaoli@facebook.com,"22 de Septiembre",https://www.facebook.com/julieta.giampaoli,,,"Ciudad Autónoma de Buenos Aires","Buenos Aires",Argentina,100000695320443,"Facu Denegri",,1
Chofa,Zapke,chofa.zapke@facebook.com,"22 de Septiembre",https://www.facebook.com/Chofa.Zapke,,,"Ciudad Autónoma de Buenos Aires","Buenos Aires",Argentina,1238898660,"Bian Tedesco",https://www.facebook.com/biaantedesco,1
Paablo,Lugones,paablo.lugones@facebook.com,"22 de Septiembre",https://www.facebook.com/paablo.lugones,24,,"Ciudad Autónoma de Buenos Aires","Buenos Aires",Argentina,100000104345130,"Clari Stagno",,1
"Juan Ignacio",Ferrari,juanignacio.ferrari.75@facebook.com,"22 de Septiembre",https://www.facebook.com/juanignacio.ferrari.75,27,,"Ciudad Autónoma de Buenos Aires","Buenos Aires",Argentina,100002895280507,"Charly Ruez",https://www.facebook.com/charly.ruez,1
Franco,Campanela,fcampanela@facebook.com,"22 de Septiembre",https://www.facebook.com/fcampanela,,,"Ciudad Autónoma de Buenos Aires","Buenos Aires",Argentina,510099182,"Santiago Gutierrez",,1
Sofia,Villalba,sofiiavillalbaa@facebook.com,"22 de Septiembre",https://www.facebook.com/SofiiaVillalbaa,,"Villa Del Parque","Ciudad Autónoma de Buenos Aires","Distrito Federal",Argentina,100000986522684,"Brian Cano",,1
Maiu,Godard,maiu.godard@facebook.com,"23 de Septiembre",https://www.facebook.com/maiu.godard,,,"Ciudad Autónoma de Buenos Aires","Buenos Aires",Argentina,1297545879,"Joaquin Barraco",https://www.facebook.com/chino.barraco,1
Mely,Arancibia,mely.arancibia@facebook.com,"23 de Septiembre",https://www.facebook.com/mely.arancibia,28,,"Ciudad Autónoma de Buenos Aires","Buenos Aires",Argentina,100000522169553,"Jose Guevara",https://www.facebook.com/JoeGuevara81,1
Franco,"Martinez Riveras",franco.martinezriveras@facebook.com,"23 de Septiembre",https://www.facebook.com/franco.martinezriveras,,,"Ciudad Autónoma de Buenos Aires","Buenos Aires",Argentina,100000141541520,"Facu Denegri",,1
Euge,Ripoll,euge.ripoll.7@facebook.com,"23 de Septiembre",https://www.facebook.com/euge.ripoll.7,,,"Ciudad Autónoma de Buenos Aires","Buenos Aires",Argentina,1373244524,"Joaquin Barraco",https://www.facebook.com/chino.barraco,1
Valen,Canaglia,vcanaglia@facebook.com,"23 de Septiembre",https://www.facebook.com/vcanaglia,,,"Ciudad Autónoma de Buenos Aires","Buenos Aires",Argentina,1150311976,"Marcelo Braun Menendez",,1
Mili,Medina,mili.medina.75@facebook.com,"23 de Septiembre",https://www.facebook.com/mili.medina.75,,,"Ciudad Autónoma de Buenos Aires","Buenos Aires",Argentina,1668439527,"Nico Mackinlay",,1
Lucila,"De Berardis",lucila.deberardis@facebook.com,"23 de Septiembre",https://www.facebook.com/lucila.deberardis,,,"Ciudad Autónoma de Buenos Aires","Buenos Aires",Argentina,687421187,"Fran L. Ocampo",https://www.facebook.com/franco,1
Melina,Fernandez,meeluh@facebook.com,"23 de Septiembre",https://www.facebook.com/Meeluh,,,"Ciudad Autónoma de Buenos Aires","Buenos Aires",Argentina,1034605246,"Maria DEL Mar",,1
Agustín,Sierra,agustin.a.sierra.35@facebook.com,"23 de Septiembre",https://www.facebook.com/agustin.a.sierra.35,24,,"Ciudad Autónoma de Buenos Aires","Buenos Aires",Argentina,100002925932190,"Belu Alvarez",,1
Federico,Gulizia,federico.alejandro.gulizia@facebook.com,"23 de Septiembre",https://www.facebook.com/federico.alejandro.gulizia,26,,"Ciudad Autónoma de Buenos Aires","Buenos Aires",Argentina,1313320515,"Rodrigo Vega",,1
Pablo,Verdu,pablo.verdu1@facebook.com,"24 de Septiembre",https://www.facebook.com/pablo.verdu1,,,"Ciudad Autónoma de Buenos Aires","Buenos Aires",Argentina,1614976720,"Brian Cano",,1
"Micaela Berenice",Alvarez,micaaberenice@facebook.com,"24 de Septiembre",https://www.facebook.com/MicaaBerenice,,,"Ciudad Autónoma de Buenos Aires","Buenos Aires",Argentina,1134357305,"Matias Duarte",,1
Eushi,Yarrouge,micaayarrouge@facebook.com,"24 de Septiembre",https://www.facebook.com/MicaaYarrouge,,"Villa Del Parque","Ciudad Autónoma de Buenos Aires","Distrito Federal",Argentina,100002491998765,"Ivan Lisz",,1
Meli,Jaller,melinaajaller@facebook.com,"24 de Septiembre",https://www.facebook.com/melinaajaller,,,"Ciudad Autónoma de Buenos Aires","Buenos Aires",Argentina,100000034855829,"Matias Duarte",,1
Tincho,Prezzavento,tinchoprezza@facebook.com,"24 de Septiembre",https://www.facebook.com/tinchoprezza,,,"Ciudad Autónoma de Buenos Aires","Buenos Aires",Argentina,1610826440,"Alan Volper",https://www.facebook.com/alan.volper,1
Tomas,Poleri,tomas.poleri@facebook.com,"24 de Septiembre",https://www.facebook.com/tomas.poleri,,,"Ciudad Autónoma de Buenos Aires","Buenos Aires",Argentina,751402349,"Ivan Lisz",,1
Chríistian,Gallardo,el.c.gallardo@facebook.com,"24 de Septiembre",https://www.facebook.com/el.c.gallardo,,,"Ciudad Autónoma de Buenos Aires","Buenos Aires",Argentina,100001359016596,"Camy Falcón",https://www.facebook.com/Cammy.Falcon,1
