Nombre,Apellido,"Email Facebook",Cumpleaños,"Usuario Facebook",Edad,Barrio,Ciudad,Provincia,Pais,"ID Facebook","Amigo De","Amigo De (Usuario)",rebound
"Exequiel S",Scheffer,exequiels.scheffer@facebook.com,"11 de Septiembre",https://www.facebook.com/exequiels.scheffer,22,,"Ciudad Autónoma de Buenos Aires","Buenos Aires",Argentina,100003942201464,"Camy Falcón",https://www.facebook.com/Cammy.Falcon,1
"Dios Te Salve",Maria,diostesalve.maria.7@facebook.com,"11 de Septiembre",https://www.facebook.com/diostesalve.maria.7,,,"Ciudad Autónoma de Buenos Aires","Buenos Aires",Argentina,1559233759,"Laly Sereda",https://www.facebook.com/lalisereda,1
Tamara,Corral,tamara.corral2@facebook.com,"11 de Septiembre",https://www.facebook.com/tamara.corral2,26,,"Ciudad Autónoma de Buenos Aires","Buenos Aires",Argentina,1461074556,"Facundo Bulacio",https://www.facebook.com/facundo.bulacio,1
Dannu,Cho,danny.dealmeida.3@facebook.com,"11 de Septiembre",https://www.facebook.com/danny.dealmeida.3,25,,"Ciudad Autónoma de Buenos Aires","Buenos Aires",Argentina,100001368949640,"Sindy Elisa Szczucky",https://www.facebook.com/sindy.szczucky,1
Dulces,Momentos,dulces.momentos.92798@facebook.com,"11 de Septiembre",https://www.facebook.com/dulces.momentos.92798,22,Boedo,"Ciudad Autónoma de Buenos Aires","Distrito Federal",Argentina,100007848843167,"Adrian Tomassino",,1
Morena,Lorelein,morena.todarello@facebook.com,"11 de Septiembre",https://www.facebook.com/morena.todarello,,,"Ciudad Autónoma de Buenos Aires","Buenos Aires",Argentina,100000564932798,"Flor De Santa",https://www.facebook.com/florencia.pacella,1
Sofia,Bravo,sofia.bravo.1848@facebook.com,"11 de Septiembre",https://www.facebook.com/sofia.bravo.1848,,,"Ciudad Autónoma de Buenos Aires","Buenos Aires",Argentina,1343561222,"Joaquin Barraco",https://www.facebook.com/chino.barraco,1
"Ropa Rocketqueen","Sophie B",ropa.roquetqueen.bysophieb@facebook.com,"11 de Septiembre",https://www.facebook.com/ropa.roquetqueen.bysophieb,22,,"Ciudad Autónoma de Buenos Aires","Buenos Aires",Argentina,100000592057293,"Agustina Gorrini",https://www.facebook.com/agustina.gorrini,1
Maria,Luz,marianela.martinez.7902@facebook.com,"11 de Septiembre",https://www.facebook.com/marianela.martinez.7902,,,"Ciudad Autónoma de Buenos Aires","Buenos Aires",Argentina,1787045790,"Marina Castagnino",https://www.facebook.com/castagnino,1
Sara,Onetto,sara.onetto@facebook.com,"11 de Septiembre",https://www.facebook.com/sara.onetto,,,"Ciudad Autónoma de Buenos Aires","Buenos Aires",Argentina,1667921753,"Agustina Pelle Müller",,1
Lautaro,Guiñazú,lguinazu@facebook.com,"11 de Septiembre",https://www.facebook.com/lguinazu,,Liniers,"Ciudad Autónoma de Buenos Aires","Buenos Aires",Argentina,1168515950,"Franco Palermo",,1
Encalada,Resto,encalada.resto@facebook.com,"11 de Septiembre",https://www.facebook.com/encalada.resto,,,"Ciudad Autónoma de Buenos Aires","Buenos Aires",Argentina,1789976370,"Marina Castagnino",https://www.facebook.com/castagnino,1
Upa,Disfraces,upadisfraces@facebook.com,"11 de Septiembre",https://www.facebook.com/upadisfraces,,"Villa Del Parque","Ciudad Autónoma de Buenos Aires","Buenos Aires",Argentina,100000660815626,"Ricardo Caballero Mieres",https://www.facebook.com/Ricky.CM77,1
Siro,Byun,siro.byun@facebook.com,"11 de Septiembre",https://www.facebook.com/siro.byun,,"Buenos Aires","Buenos Aires","Buenos Aires",Argentina,100000395029799,"Alan Yun",0,1
Agustin,Ayerza,agustin.ayerza.56@facebook.com,"11 de Septiembre",https://www.facebook.com/agustin.ayerza.56,,"Buenos Aires","Buenos Aires","Buenos Aires",Argentina,100006124928686,"Luciana Sismondi",0,1
Ana,Sampietro,anita.sampietro1@facebook.com,"11 de Septiembre",https://www.facebook.com/anita.sampietro1,,,"Ciudad Autónoma de Buenos Aires","Buenos Aires",Argentina,1388684527,"Joaquin Barraco",https://www.facebook.com/chino.barraco,1
Club,Viernes,clubaraozviernes@facebook.com,"11 de Septiembre",https://www.facebook.com/clubaraozviernes,,,"Ciudad Autónoma de Buenos Aires","Buenos Aires",Argentina,100002380310773,"Anto D'Amato",https://www.facebook.com/anto.dama,1
Daii,Sanchez,daiivc.sanchez@facebook.com,"11 de Septiembre",https://www.facebook.com/daiivc.sanchez,,,"Ciudad Autónoma de Buenos Aires","Buenos Aires",Argentina,100000624148155,"Agustin Sujo",https://www.facebook.com/agustin.sujook,1
Nacho,Rivas,nachorivas85@facebook.com,"11 de Septiembre",https://www.facebook.com/nachorivas85,29,,"Ciudad Autónoma de Buenos Aires","Buenos Aires",Argentina,578296845,"Ronit Nates",https://www.facebook.com/ronates,1
"Juan Antonio","Gil Diaz",juanantonio.gildiaz@facebook.com,"11 de Septiembre",https://www.facebook.com/juanantonio.gildiaz,,,"Ciudad Autónoma de Buenos Aires","Buenos Aires",Argentina,100001788563375,"Juan Antonio Papagni Meca",https://www.facebook.com/juanantoniopapagnimeca,1
Vladi,Grimberg,vladidevp@facebook.com,"11 de Septiembre",https://www.facebook.com/vladidevp,21,"Villa Pueyrredón","Ciudad Autónoma de Buenos Aires","Distrito Federal",Argentina,1099934170,"Maria Belén",,1
Rama,Gmc,ramiro.gmc@facebook.com,"11 de Septiembre",https://www.facebook.com/ramiro.gmc,,,"Ciudad Autónoma de Buenos Aires","Buenos Aires",Argentina,100000059517308,"Daniel Barach",,1
Ariel,Morinigo,ariel.morinigo.31@facebook.com,"11 de Septiembre",https://www.facebook.com/ariel.morinigo.31,,,"Ciudad Autónoma de Buenos Aires","Buenos Aires",Argentina,1590345178,"Cecilia Morinigo",,1
Mili,Vestidos,vestidos.mili@facebook.com,"11 de Septiembre",https://www.facebook.com/vestidos.mili,25,,"Ciudad Autónoma de Buenos Aires","Buenos Aires",Argentina,776027275,"Joaco Alvarez Amuchástegui",,1
Carla,Greig,carla.greig.3@facebook.com,"11 de Septiembre",https://www.facebook.com/carla.greig.3,,,"Ciudad Autónoma de Buenos Aires","Buenos Aires",Argentina,100003634590874,"Brenda Araceli Gonzalez",https://www.facebook.com/brendaaraceli.gonzalez,1
Lulo,Bet,lulo.bet@facebook.com,"11 de Septiembre",https://www.facebook.com/lulo.bet,28,,"Ciudad Autónoma de Buenos Aires","Buenos Aires",Argentina,745335919,"Daniela Sevilla",,1
Marcos,Arias,marquitosarias@facebook.com,"11 de Septiembre",https://www.facebook.com/marquitosarias,22,,"Ciudad Autónoma de Buenos Aires","Buenos Aires",Argentina,701808569,"Santi Osterc",https://www.facebook.com/santiosterc,1
Belen,Rey,belen.rey.779@facebook.com,"11 de Septiembre",https://www.facebook.com/belen.rey.779,25,,"Ciudad Autónoma de Buenos Aires","Buenos Aires",Argentina,673213071,"Miranda Toderi",https://www.facebook.com/miranda.toderi,1
Luli,"Ibarra Harari",soloquieroalosjonasbrothers@facebook.com,"11 de Septiembre",https://www.facebook.com/soloquieroalosjonasbrothers,,,"Ciudad Autónoma de Buenos Aires","Buenos Aires",Argentina,1574470728,"Anna Laura",https://www.facebook.com/Anna.Laucha,1
Valentina,Taboada,valentina.taboada@facebook.com,"11 de Septiembre",https://www.facebook.com/valentina.taboada,23,"Buenos Aires","Buenos Aires","Buenos Aires",Argentina,1184797047,"Luciana Paione Oleszuk",0,1
Juan,Nacho,juannacho88@facebook.com,"11 de Septiembre",https://www.facebook.com/juannacho88,26,"Buenos Aires","Buenos Aires","Buenos Aires",Argentina,1771175637,"Fett Maidana",0,1
Lauri,Baitaij,lauri.baitaij@facebook.com,"11 de Septiembre",https://www.facebook.com/lauri.baitaij,26,,"Ciudad Autónoma de Buenos Aires","Buenos Aires",Argentina,100001735899098,"Maria Pia Perez Brea",,1
Valen,Avancini,solchu.teens@facebook.com,"11 de Septiembre",https://www.facebook.com/solchu.teens,24,,"Ciudad Autónoma de Buenos Aires","Buenos Aires",Argentina,100000998262753,"Daniel Barach",,1
Cristian,Piccinini,cristiangabriel.piccininigomez@facebook.com,"11 de Septiembre",https://www.facebook.com/cristiangabriel.piccininigomez,21,,"Ciudad Autónoma de Buenos Aires","Buenos Aires",Argentina,100000952260010,"Maanu C. Rebori",https://www.facebook.com/maanu,1
Agustín,Albornoz,agustin.albornoz.7@facebook.com,"11 de Septiembre",https://www.facebook.com/agustin.albornoz.7,,,"Ciudad Autónoma de Buenos Aires","Buenos Aires",Argentina,100001192804463,"Sele Raimundo",https://www.facebook.com/sele.raimundo,1
Belen,Castillo,belen.castillo.754@facebook.com,"11 de Septiembre",https://www.facebook.com/belen.castillo.754,,,"Ciudad Autónoma de Buenos Aires","Buenos Aires",Argentina,1533397027,"Christian Douer Chuky",https://www.facebook.com/christian.chuky,1
Majo,Carthy,majocarthy@facebook.com,"11 de Septiembre",https://www.facebook.com/majocarthy,24,,"Ciudad Autónoma de Buenos Aires","Buenos Aires",Argentina,1096613134,"Felipe Cianciarulo",https://www.facebook.com/fcianciarulo,1
AlmaMia,Artesanias,almamiartesanias@facebook.com,"11 de Septiembre",https://www.facebook.com/almamiartesanias,26,,"Ciudad Autónoma de Buenos Aires","Buenos Aires",Argentina,100004366530639,"Romina Dorza",https://www.facebook.com/rodorza,1
Cesar,Abruzzese,cesar.dc.1@facebook.com,"11 de Septiembre",https://www.facebook.com/cesar.dc.1,28,Congreso,"Ciudad Autónoma de Buenos Aires","Buenos Aires",Argentina,100001497712445,"Lo Lola",,1
Cande,Lopez,cande.lopez.507@facebook.com,"11 de Septiembre",https://www.facebook.com/cande.lopez.507,21,,"Ciudad Autónoma de Buenos Aires","Buenos Aires",Argentina,100002562826653,"Fran L. Ocampo",https://www.facebook.com/franco,1
Nahuel,Pereira,nahuelpereiira@facebook.com,"11 de Septiembre",https://www.facebook.com/nahuelpereiira,,,"Ciudad Autónoma de Buenos Aires","Buenos Aires",Argentina,1729632924,"Ian Szejner",,1
Tomas,Benz,benztomas@facebook.com,"11 de Septiembre",https://www.facebook.com/benztomas,,,"Ciudad Autónoma de Buenos Aires","Buenos Aires",Argentina,1287437574,"Aylu Macchi",,1
Rouge,Mariana,rouge.mariana@facebook.com,"11 de Septiembre",https://www.facebook.com/rouge.mariana,,,"Ciudad Autónoma de Buenos Aires","Buenos Aires",Argentina,1126574085,"Tatiana Petroccelli",https://www.facebook.com/tanshanita,1
Tomas,Stafforini,tomas.stafforini@facebook.com,"11 de Septiembre",https://www.facebook.com/tomas.stafforini,,,"Ciudad Autónoma de Buenos Aires","Buenos Aires",Argentina,100000894518078,"Belu Alvarez",,1
Alan,Gargano,alan.gargano@facebook.com,"11 de Septiembre",https://www.facebook.com/alan.gargano,,,"Ciudad Autónoma de Buenos Aires","Buenos Aires",Argentina,100003033297677,"Martín Álvarez BA I",https://www.facebook.com/Woody.Blair,1
Juliana,Taviansky,juliana.taviansky@facebook.com,"11 de Septiembre",https://www.facebook.com/juliana.taviansky,,"Comodoro Rivadavia","Ciudad Autónoma de Buenos Aires","Distrito Federal",Argentina,1188399295,"Fiestas Baires",,1
Javi,Obando,javi.obando@facebook.com,"11 de Septiembre",https://www.facebook.com/javi.obando,,,"Ciudad Autónoma de Buenos Aires","Buenos Aires",Argentina,507900610,"Juan José Merino Cagnones",https://www.facebook.com/jmerinocagnones,1
"Dime Quien Te",Viste,dimequiente.viste.1@facebook.com,"11 de Septiembre",https://www.facebook.com/dimequiente.viste.1,,,"Ciudad Autónoma de Buenos Aires","Buenos Aires",Argentina,100002497917232,"Vanesa Macias",https://www.facebook.com/vanesa.macias1,1
Lula,Gonz,lula.gonz@facebook.com,"11 de Septiembre",https://www.facebook.com/lula.gonz,22,,"Ciudad Autónoma de Buenos Aires","Buenos Aires",Argentina,1532606812,"Nazarena Sierra",,1
Francisco,Inaudi,francisco.inaudi@facebook.com,"12 de Septiembre",https://www.facebook.com/francisco.inaudi,25,,"Ciudad Autónoma de Buenos Aires","Buenos Aires",Argentina,535639340,"Agos D'Urbano",https://www.facebook.com/agostinnad,1
Mar,Cavalieri,mar.cavalieri@facebook.com,"12 de Septiembre",https://www.facebook.com/mar.cavalieri,,,"Ciudad Autónoma de Buenos Aires","Buenos Aires",Argentina,100000014141536,"Joaquin Barraco",https://www.facebook.com/chino.barraco,1
Lucila,Valente,lucila.valente@facebook.com,"12 de Septiembre",https://www.facebook.com/lucila.valente,,,"Ciudad Autónoma de Buenos Aires","Buenos Aires",Argentina,1807135585,"Emiliano Pirolo",https://www.facebook.com/emi.pirolo,1
Fabrizzio,Nicossa,alfredo.herrera.14606936@facebook.com,"12 de Septiembre",https://www.facebook.com/alfredo.herrera.14606936,28,,"Ciudad Autónoma de Buenos Aires","Buenos Aires",Argentina,100006520068739,"Ale Arias Mandarine Park",,1
Lucas,Gonzalo,lucas.gonzalo.5@facebook.com,"12 de Septiembre",https://www.facebook.com/lucas.gonzalo.5,25,,"Ciudad Autónoma de Buenos Aires","Buenos Aires",Argentina,1412127801,"Jonathan Julian",,1
Viste,Ropa,vistemiropa@facebook.com,"12 de Septiembre",https://www.facebook.com/vistemiropa,26,,"Ciudad Autónoma de Buenos Aires","Buenos Aires",Argentina,100001601932431,"Paz Gonzalez",https://www.facebook.com/pachu.gonzalez,1
Maxi,Morante,maxi.morante@facebook.com,"12 de Septiembre",https://www.facebook.com/maxi.morante,27,,"Ciudad Autónoma de Buenos Aires","Buenos Aires",Argentina,1202623979,"Gabriela Rosito",https://www.facebook.com/gabriela.rosito,1
"Valeria Veronica",Garrido,valeriaveronica.garrido@facebook.com,"12 de Septiembre",https://www.facebook.com/valeriaveronica.garrido,,,"Ciudad Autónoma de Buenos Aires","Buenos Aires",Argentina,1379769871,"Marcelo Gustavo Salerno",https://www.facebook.com/marcelogustavo.salerno,1
Mai,Shirozaky,dark.princess.mai@facebook.com,"12 de Septiembre",https://www.facebook.com/dark.princess.mai,22,,"Ciudad Autónoma de Buenos Aires","Buenos Aires",Argentina,100002600165022,"Juanma Ramirez",,1
Federico,Planton,federico.planton@facebook.com,"12 de Septiembre",https://www.facebook.com/federico.planton,24,,"Ciudad Autónoma de Buenos Aires","Buenos Aires",Argentina,100000702932753,"Eve Schiera",,1
Servan,Groove,servan.rrpp@facebook.com,"12 de Septiembre",https://www.facebook.com/servan.rrpp,28,,"Ciudad Autónoma de Buenos Aires","Buenos Aires",Argentina,100001768230669,"Flor Vischi Cortés",https://www.facebook.com/flor.vischi,1
Melissa,Cohen,melissa.cohen.104@facebook.com,"12 de Septiembre",https://www.facebook.com/melissa.cohen.104,,,"Ciudad Autónoma de Buenos Aires","Buenos Aires",Argentina,1064152416,"Juli Sremac",https://www.facebook.com/juli.sremac,1
"Lagrimas de",Cocodrilo,lagrimasde.cocodrilo.3@facebook.com,"12 de Septiembre",https://www.facebook.com/lagrimasde.cocodrilo.3,,,"Ciudad Autónoma de Buenos Aires","Buenos Aires",Argentina,100001355977668,"Fran L. Ocampo",https://www.facebook.com/franco,1
Kiel,Quindt,kiel.quindt@facebook.com,"12 de Septiembre",https://www.facebook.com/kiel.quindt,,,"Ciudad Autónoma de Buenos Aires","Buenos Aires",Argentina,1297629445,"Valeria Ayala",,1
Guille,Eventos,guille.eventos.1@facebook.com,"12 de Septiembre",https://www.facebook.com/guille.eventos.1,,,"Ciudad Autónoma de Buenos Aires","Buenos Aires",Argentina,100000887233186,"Eve Schiera",,1
Ivan,Blanco,ivan.blanco.7528@facebook.com,"12 de Septiembre",https://www.facebook.com/ivan.blanco.7528,24,"Villa Devoto","Ciudad Autónoma de Buenos Aires","Buenos Aires",Argentina,1050530972,"Tatiana Petroccelli",https://www.facebook.com/tanshanita,1
Agustin,Maldonado,agustinmal@facebook.com,"12 de Septiembre",https://www.facebook.com/agustinmal,,,"Ciudad Autónoma de Buenos Aires","Buenos Aires",Argentina,100000428329001,"Gimena Yamila Yerden Giaquinto",https://www.facebook.com/Gimetrance,1
Santiago,Bostero,yosoybosteromechupaunhuevolafederal@facebook.com,"12 de Septiembre",https://www.facebook.com/yosoybosteromechupaunhuevolafederal,,,"Ciudad Autónoma de Buenos Aires","Buenos Aires",Argentina,100001169460969,"Gabi López",,1
Fede,Irarrazaval,fede.irarrazaval@facebook.com,"12 de Septiembre",https://www.facebook.com/fede.irarrazaval,26,,"Ciudad Autónoma de Buenos Aires","Buenos Aires",Argentina,713824902,"Daiana Solange Labat",https://www.facebook.com/Daichilandia,1
Belen,Guzman,belen.guzman.71@facebook.com,"12 de Septiembre",https://www.facebook.com/belen.guzman.71,,,"Ciudad Autónoma de Buenos Aires","Buenos Aires",Argentina,1441782189,"Martín Álvarez BA I",https://www.facebook.com/Woody.Blair,1
Patricia,Buraschi,patricia.buraschi@facebook.com,"12 de Septiembre",https://www.facebook.com/patricia.buraschi,,,"Ciudad Autónoma de Buenos Aires","Buenos Aires",Argentina,525798609,"Dorian Mori",https://www.facebook.com/Dorian.Mori,1
Federico,Ubelhart,federico.ubelhart@facebook.com,"12 de Septiembre",https://www.facebook.com/federico.ubelhart,23,,"Ciudad Autónoma de Buenos Aires","Buenos Aires",Argentina,852759725,"Matias Blas",https://www.facebook.com/Matias.Blas,1
Antoo,Velasquez,antoo.velasquez.9@facebook.com,"12 de Septiembre",https://www.facebook.com/antoo.velasquez.9,22,,"Ciudad Autónoma de Buenos Aires","Buenos Aires",Argentina,100007994913777,"Joaquin Barraco",https://www.facebook.com/chino.barraco,1
Maricel,Hormaechea,maricel.hormaechea@facebook.com,"12 de Septiembre",https://www.facebook.com/maricel.hormaechea,,,"Ciudad Autónoma de Buenos Aires","Buenos Aires",Argentina,1375001526,"Alejandra Ale Roldan",,1
Clari,Lanus,clari.lanus@facebook.com,"12 de Septiembre",https://www.facebook.com/clari.lanus,,,"Ciudad Autónoma de Buenos Aires","Buenos Aires",Argentina,550891251,"Felipe Cianciarulo",https://www.facebook.com/fcianciarulo,1
"Red Miau","Asistencia Gatitos",redmiau.asistenciagatitos@facebook.com,"12 de Septiembre",https://www.facebook.com/redmiau.asistenciagatitos,,,"Ciudad Autónoma de Buenos Aires","Buenos Aires",Argentina,100002217313438,"Mery Noel Vidal ?ï?",,1
Maria,Emilia,maria.emilia.10441861@facebook.com,"12 de Septiembre",https://www.facebook.com/maria.emilia.10441861,,,"Ciudad Autónoma de Buenos Aires","Buenos Aires",Argentina,1307508560,"Alejandro Cocktila Acosta",https://www.facebook.com/alejandro.acosta,1
Felíx,Rossí,felix.rossi.10@facebook.com,"12 de Septiembre",https://www.facebook.com/felix.rossi.10,,,"Ciudad Autónoma de Buenos Aires","Buenos Aires",Argentina,100002832847770,"Helena Robledo",,1
Gaston,Paz,elpanro@facebook.com,"12 de Septiembre",https://www.facebook.com/elpanro,,,"Ciudad Autónoma de Buenos Aires","Buenos Aires",Argentina,1133631137,"Flor Scalise",https://www.facebook.com/flor.scalise,1
Loly,Bachetta,loly.bachetta@facebook.com,"12 de Septiembre",https://www.facebook.com/loly.bachetta,29,,"Ciudad Autónoma de Buenos Aires","Buenos Aires",Argentina,100002765317265,"Artur Margaryan",,1
Celeste,Serrapio,celeste.serrapio1@facebook.com,"12 de Septiembre",https://www.facebook.com/celeste.serrapio1,,,"Ciudad Autónoma de Buenos Aires","Buenos Aires",Argentina,1619905364,"Pedro Lopezyfernandez",https://www.facebook.com/pedronahuel,1
Diego,Santana,diegosantanamagia@facebook.com,"12 de Septiembre",https://www.facebook.com/diegosantanamagia,,,"Ciudad Autónoma de Buenos Aires","Buenos Aires",Argentina,100002168018594,"Nataly Cuerva",https://www.facebook.com/nataliagtrujillo,1
Florencia,Mestre,florencia.mestre@facebook.com,"12 de Septiembre",https://www.facebook.com/florencia.mestre,,,"Ciudad Autónoma de Buenos Aires","Buenos Aires",Argentina,739177644,"Maria Amelia Ferron",,1
Laura,Coria,laura.coria.54@facebook.com,"12 de Septiembre",https://www.facebook.com/laura.coria.54,,,"Ciudad Autónoma de Buenos Aires","Buenos Aires",Argentina,566082940,"Belu Alvarez",,1
"Ivana Belen",Ferraro,ivanabelen.ferraro@facebook.com,"12 de Septiembre",https://www.facebook.com/ivanabelen.ferraro,,"Buenos Aires","Buenos Aires","Buenos Aires",Argentina,1343853559,"Karen Andreoli",0,1
Santi,Away,santi.away@facebook.com,"12 de Septiembre",https://www.facebook.com/santi.away,,"Villa Devoto","Ciudad Autónoma de Buenos Aires","Buenos Aires",Argentina,586505208,"Giselle G Mas",https://www.facebook.com/ftw.73,1
Paula,Castro,paula.castro.35574@facebook.com,"12 de Septiembre",https://www.facebook.com/paula.castro.35574,26,Núñez,"Ciudad Autónoma de Buenos Aires","Buenos Aires",Argentina,100003355834130,"La Rockeria",https://www.facebook.com/oveja1,1
Mi,Amor,mi.amor.1800@facebook.com,"12 de Septiembre",https://www.facebook.com/mi.amor.1800,,,"Ciudad Autónoma de Buenos Aires","Buenos Aires",Argentina,100003223497007,"Florencia Garré",https://www.facebook.com/florencia.garre,1
Valentino,Swank,valentino.swank@facebook.com,"12 de Septiembre",https://www.facebook.com/valentino.swank,28,,"Ciudad Autónoma de Buenos Aires","Buenos Aires",Argentina,100001527505023,"Tatiana Petroccelli",https://www.facebook.com/tanshanita,1
Tamara,Ojeda,tamara.e.ojeda@facebook.com,"12 de Septiembre",https://www.facebook.com/tamara.e.ojeda,26,,"Ciudad Autónoma de Buenos Aires","Buenos Aires",Argentina,812312417,"Aldana Giudice",https://www.facebook.com/Soy.Pinky,1
Idee,Eventos,idee.eventos.1@facebook.com,"12 de Septiembre",https://www.facebook.com/idee.eventos.1,28,,"Ciudad Autónoma de Buenos Aires","Buenos Aires",Argentina,100001534263138,"Tatiana Petroccelli",https://www.facebook.com/tanshanita,1
Lucre,Barreiro,lucrebarreiro@facebook.com,"12 de Septiembre",https://www.facebook.com/lucrebarreiro,,,"Ciudad Autónoma de Buenos Aires","Buenos Aires",Argentina,100003393675854,"Flor Encino",https://www.facebook.com/flopy.encino,1
Gisela,Andrea,gisela.andrea.9@facebook.com,"12 de Septiembre",https://www.facebook.com/gisela.andrea.9,,,"Ciudad Autónoma de Buenos Aires","Buenos Aires",Argentina,1524655966,"Yanina Toto",https://www.facebook.com/yanina.toto,1
Katty,Tropea,katty.tropea@facebook.com,"12 de Septiembre",https://www.facebook.com/katty.tropea,,,"Ciudad Autónoma de Buenos Aires","Buenos Aires",Argentina,100000632976832,"Gimena Yamila Yerden Giaquinto",https://www.facebook.com/Gimetrance,1
Bangy,Abondano,bangy.abondano@facebook.com,"12 de Septiembre",https://www.facebook.com/bangy.abondano,25,,"Ciudad Autónoma de Buenos Aires","Buenos Aires",Argentina,570570871,"Jobs Bar",https://www.facebook.com/jobsbar,1
Montasonido,Eventos,montasonido@facebook.com,"12 de Septiembre",https://www.facebook.com/montasonido,25,,"Ciudad Autónoma de Buenos Aires","Buenos Aires",Argentina,571144236,"Jobs Bar",https://www.facebook.com/jobsbar,1
Roots,Buenos-aires,promotoras.recursosveinteveinte@facebook.com,"12 de Septiembre",https://www.facebook.com/promotoras.recursosveinteveinte,,,"Ciudad Autónoma de Buenos Aires","Buenos Aires",Argentina,100001181550780,"Maria Laura Mortensen",,1
"Make Up Importados",Ma,makeupimportados@facebook.com,"12 de Septiembre",https://www.facebook.com/makeupimportados,,,"Ciudad Autónoma de Buenos Aires","Buenos Aires",Argentina,100001211064337,"Maria Laura Mortensen",,1
Nacho,Salaverri,nacho.salaverri.5@facebook.com,"12 de Septiembre",https://www.facebook.com/nacho.salaverri.5,26,,"Ciudad Autónoma de Buenos Aires","Buenos Aires",Argentina,1003883969,"Lucía Lopez Aleman",https://www.facebook.com/marialucialopezaleman,1
"Manuel Belgrano",Dosmilonce,manuelbelgrano.dosmilonce@facebook.com,"12 de Septiembre",https://www.facebook.com/manuelbelgrano.dosmilonce,24,,"Ciudad Autónoma de Buenos Aires","Buenos Aires",Argentina,100001065931331,"Emiliano Pirolo",https://www.facebook.com/emi.pirolo,1
Laura,Aguirre,laryytta@facebook.com,"12 de Septiembre",https://www.facebook.com/laryytta,26,,"Ciudad Autónoma de Buenos Aires","Buenos Aires",Argentina,1519555460,"Tatiana Petroccelli",https://www.facebook.com/tanshanita,1
"Tomás Santiago",Gelpi,tomassantiago.gelpi@facebook.com,"12 de Septiembre",https://www.facebook.com/tomassantiago.gelpi,25,,"Ciudad Autónoma de Buenos Aires","Buenos Aires",Argentina,1107534424,"Nicolás García",https://www.facebook.com/Niccccccccco,1
Maria,Unita,maria.unita.7@facebook.com,"12 de Septiembre",https://www.facebook.com/maria.unita.7,,,"Ciudad Autónoma de Buenos Aires","Buenos Aires",Argentina,100001861285397,"Aniita Canta",https://www.facebook.com/Aniita.Canta,1
Guille,Berneker,guille.berneker.1@facebook.com,"12 de Septiembre",https://www.facebook.com/guille.berneker.1,23,,"Ciudad Autónoma de Buenos Aires","Buenos Aires",Argentina,100002194182155,"Cami Papiccio",https://www.facebook.com/cami.papiccio,1
Max,Max,maximo.arangure@facebook.com,"12 de Septiembre",https://www.facebook.com/maximo.arangure,23,,"Ciudad Autónoma de Buenos Aires","Buenos Aires",Argentina,100003908701171,"Lo Lola",,1
Micaela,Amaya,miicaelarocio@facebook.com,"13 de Septiembre",https://www.facebook.com/miicaelarocio,,,"Ciudad Autónoma de Buenos Aires","Buenos Aires",Argentina,1595707928,"Gabi López",,1
Akina,Kumagai,akina.kumagai@facebook.com,"13 de Septiembre",https://www.facebook.com/akina.kumagai,,"Buenos Aires","Buenos Aires","Buenos Aires",Argentina,100000170079367,"Alan Yun",0,1
Rocio,Fuenzalida,rocio.fuenzalida@facebook.com,"13 de Septiembre",https://www.facebook.com/rocio.fuenzalida,28,,"Ciudad Autónoma de Buenos Aires","Buenos Aires",Argentina,100001011536291,"Federico Carrizo",https://www.facebook.com/federicoc,1
Tomas,Spadavecchia,tomas.spadavecchia@facebook.com,"13 de Septiembre",https://www.facebook.com/tomas.spadavecchia,23,"Buenos Aires","Buenos Aires","Buenos Aires",Argentina,1702062948,"Clara Nosiglia",0,1
Santy,Thomas,santy.technofreakz@facebook.com,"13 de Septiembre",https://www.facebook.com/santy.technofreakz,,"Buenos Aires","Buenos Aires","Buenos Aires",Argentina,721888078,"Rebe Gonzalez",0,1
Agustina,Elias,agustina.saavedra.58@facebook.com,"13 de Septiembre",https://www.facebook.com/agustina.saavedra.58,22,,"Ciudad Autónoma de Buenos Aires","Buenos Aires",Argentina,1109985307,"Ariel Martin",https://www.facebook.com/arielcabezon,1
Laly,Vtas,laly.vtas@facebook.com,"13 de Septiembre",https://www.facebook.com/laly.vtas,26,,"Ciudad Autónoma de Buenos Aires","Buenos Aires",Argentina,100000242698228,"Vanesa Myrna Ojeda",,1
Ro,Araya,ro.araya.31@facebook.com,"13 de Septiembre",https://www.facebook.com/ro.araya.31,,,"Ciudad Autónoma de Buenos Aires","Buenos Aires",Argentina,100000075860928,"Rodrii Martinez",,1
Activando,Composteras,activando.composteras@facebook.com,"13 de Septiembre",https://www.facebook.com/activando.composteras,,,"Ciudad Autónoma de Buenos Aires","Buenos Aires",Argentina,100003504366688,"Lix Infinito",https://www.facebook.com/lix.infinito,1
Treintaiuno,Produccion,treintaiuno@facebook.com,"13 de Septiembre",https://www.facebook.com/treintaiuno,,,"Ciudad Autónoma de Buenos Aires","Buenos Aires",Argentina,1584847887,"Ignacio Lines Ceruti",https://www.facebook.com/ignacio.lines,1
Franco,Cerdan,monjelosa.monjelos@facebook.com,"13 de Septiembre",https://www.facebook.com/monjelosa.monjelos,23,,"Ciudad Autónoma de Buenos Aires","Buenos Aires",Argentina,100000904815381,"Ayu Casanova",,1
Mati,Ferreyra,mati.ferreyra1@facebook.com,"13 de Septiembre",https://www.facebook.com/mati.ferreyra1,26,,"Ciudad Autónoma de Buenos Aires","Buenos Aires",Argentina,730049065,"Julieta Belen",,1
Nadia,Carballo,nadia.carballo.75@facebook.com,"13 de Septiembre",https://www.facebook.com/nadia.carballo.75,22,,"Ciudad Autónoma de Buenos Aires","Buenos Aires",Argentina,1345956060,"Ale Arias Mandarine Park",,1
Esteban,Montero,esteban.montero.98@facebook.com,"13 de Septiembre",https://www.facebook.com/esteban.montero.98,,,"Ciudad Autónoma de Buenos Aires","Buenos Aires",Argentina,1413333981,"Mariana Sparks",,1
Vane,Suàrez,vanesuarez10@facebook.com,"13 de Septiembre",https://www.facebook.com/vanesuarez10,,,"Ciudad Autónoma de Buenos Aires","Buenos Aires",Argentina,1753344099,"Christian Vadalá",https://www.facebook.com/christian.vadala,1
Diego,Ferrari,diego.ferrari.731@facebook.com,"13 de Septiembre",https://www.facebook.com/diego.ferrari.731,22,,"Ciudad Autónoma de Buenos Aires","Buenos Aires",Argentina,576009768,"Dafne Antonella Zas Amy",,1
Diversidad,"Por la Igualdad",diversidad.cxi@facebook.com,"13 de Septiembre",https://www.facebook.com/diversidad.cxi,,,"Ciudad Autónoma de Buenos Aires","Buenos Aires",Argentina,100001398603699,"Maria DEL Mar",,1
Barbi,Bermúdez,barbi.bermudez@facebook.com,"13 de Septiembre",https://www.facebook.com/barbi.bermudez,25,,"Ciudad Autónoma de Buenos Aires","Buenos Aires",Argentina,1321970986,"Maria Florencia Lioni Tarsitano",https://www.facebook.com/mariaflorencia.lionitarsi,1
Katia,Vanessa,kaatt.rodriguez@facebook.com,"13 de Septiembre",https://www.facebook.com/kaatt.rodriguez,21,"Buenos Aires","Buenos Aires","Buenos Aires",Argentina,100001565466778,"Augusto Lios",0,1
OnlinePrint,Web,onlineprintweb@facebook.com,"13 de Septiembre",https://www.facebook.com/onlineprintweb,,,"Ciudad Autónoma de Buenos Aires","Buenos Aires",Argentina,100001857130315,"Ariel Villarreal",,1
Nico,Mansilla,niko.mansilla.92@facebook.com,"13 de Septiembre",https://www.facebook.com/niko.mansilla.92,,,"Ciudad Autónoma de Buenos Aires","Buenos Aires",Argentina,1121977109,"Aniita Canta",https://www.facebook.com/Aniita.Canta,1
Javier,Barrozo,javierbarrozo@facebook.com,"13 de Septiembre",https://www.facebook.com/javierbarrozo,,,"Ciudad Autónoma de Buenos Aires","Buenos Aires",Argentina,100001174447656,"Jessica Bellomo",https://www.facebook.com/JessBellomo,1
Cami,"Sidero Díaz",cami.siderodiaz@facebook.com,"13 de Septiembre",https://www.facebook.com/cami.siderodiaz,24,,"Ciudad Autónoma de Buenos Aires","Buenos Aires",Argentina,1349357830,"Maria Belén",,1
Mateo,Zambruno,mzambruno@facebook.com,"13 de Septiembre",https://www.facebook.com/mzambruno,,,"Ciudad Autónoma de Buenos Aires","Buenos Aires",Argentina,561953237,"Joaco Alvarez Amuchástegui",,1
Natalia,Sanchez,natalia.sanchez.35110418@facebook.com,"13 de Septiembre",https://www.facebook.com/natalia.sanchez.35110418,28,,"Ciudad Autónoma de Buenos Aires","Buenos Aires",Argentina,100000182054346,"Cecilia Martinez Etchevers",https://www.facebook.com/ceciliaetc,1
"Florencia Agustina",Correa,fl0hh@facebook.com,"13 de Septiembre",https://www.facebook.com/fl0hh,23,,"Ciudad Autónoma de Buenos Aires","Buenos Aires",Argentina,100000859524391,"Braii Venieri",https://www.facebook.com/BraianVenieri,1
Carmen,Furgiuele,carmen.furgiuele@facebook.com,"13 de Septiembre",https://www.facebook.com/carmen.furgiuele,,,"Ciudad Autónoma de Buenos Aires","Buenos Aires",Argentina,100000385683042,"Jessica Bellomo",https://www.facebook.com/JessBellomo,1
Santiago,Dutriez,santedutriez@facebook.com,"13 de Septiembre",https://www.facebook.com/santedutriez,,"Villa Devoto","Ciudad Autónoma de Buenos Aires","Buenos Aires",Argentina,1020145845,"Franco Marcoccia",https://www.facebook.com/franco.marcoccia,1
EspacioCultural,PatadeGanso,espaciocultural.patadeganso@facebook.com,"13 de Septiembre",https://www.facebook.com/espaciocultural.patadeganso,28,,"Ciudad Autónoma de Buenos Aires","Buenos Aires",Argentina,1229125357,"Flor Scalise",https://www.facebook.com/flor.scalise,1
Patricio,Kenny,patricio.kenny.10@facebook.com,"13 de Septiembre",https://www.facebook.com/patricio.kenny.10,,,"Ciudad Autónoma de Buenos Aires","Buenos Aires",Argentina,1106720645,"Jose Guevara",https://www.facebook.com/JoeGuevara81,1
Edu,Momento,edu.momento@facebook.com,"13 de Septiembre",https://www.facebook.com/edu.momento,,,"Ciudad Autónoma de Buenos Aires","Buenos Aires",Argentina,100000819265481,"Silvia Fernandez",https://www.facebook.com/silviafernandezchivi,1
David,Lee,fdavidlin@facebook.com,"13 de Septiembre",https://www.facebook.com/fdavidlin,,"Buenos Aires","Buenos Aires","Buenos Aires",Argentina,625556529,"Alan Yun",0,1
Ro,Pietro,rochy.pietra@facebook.com,"13 de Septiembre",https://www.facebook.com/rochy.pietra,,,"Ciudad Autónoma de Buenos Aires","Buenos Aires",Argentina,100002293285932,"Charly Ruez",https://www.facebook.com/charly.ruez,1
Guido,Giuliani,guido.giuliani1@facebook.com,"13 de Septiembre",https://www.facebook.com/guido.giuliani1,,"Villa Pueyrredón","Ciudad Autónoma de Buenos Aires","Buenos Aires",Argentina,1522502374,"Gimena Yamila Yerden Giaquinto",https://www.facebook.com/Gimetrance,1
Hernan,Chun,chuntltc@facebook.com,"13 de Septiembre",https://www.facebook.com/chuntltc,,"Buenos Aires","Buenos Aires","Buenos Aires",Argentina,1270998486,"Alan Yun",0,1
Castraciones,"La Tropilla",castraciones.latropilla@facebook.com,"13 de Septiembre",https://www.facebook.com/castraciones.latropilla,28,,"Ciudad Autónoma de Buenos Aires","Buenos Aires",Argentina,100005791154085,"Maria Emilia Lopez Fonseca",,1
Esteban,Teverovsky,esteban.teve@facebook.com,"13 de Septiembre",https://www.facebook.com/esteban.teve,28,,"Ciudad Autónoma de Buenos Aires","Buenos Aires",Argentina,687375964,"Verónica Elisa",https://www.facebook.com/veronicaelisags,1
Amores,QueMatan,amores.quematan1@facebook.com,"13 de Septiembre",https://www.facebook.com/amores.quematan1,,,"Ciudad Autónoma de Buenos Aires","Buenos Aires",Argentina,100001025747131,"Agos Costas",https://www.facebook.com/agoscostas,1
Leticia,Fragata,leticia.fragata@facebook.com,"13 de Septiembre",https://www.facebook.com/leticia.fragata,,,"Ciudad Autónoma de Buenos Aires","Buenos Aires",Argentina,1235078599,"Karina Placeriani",https://www.facebook.com/karina.placeriani,1
El,Kenny,el.kenny.5@facebook.com,"13 de Septiembre",https://www.facebook.com/el.kenny.5,26,,"Ciudad Autónoma de Buenos Aires","Buenos Aires",Argentina,1387790716,"Evelina Ferreira",,1
Eritrea,Accesorios,eritrea.accesorios@facebook.com,"13 de Septiembre",https://www.facebook.com/eritrea.accesorios,,,"Ciudad Autónoma de Buenos Aires","Buenos Aires",Argentina,100000926599595,"Analia Petrocco",https://www.facebook.com/analia.petrocco,1
Ornella,Baez,ornella.baez@facebook.com,"13 de Septiembre",https://www.facebook.com/ornella.baez,,,"Ciudad Autónoma de Buenos Aires","Buenos Aires",Argentina,1520801738,"Ivon Andersson",https://www.facebook.com/ivon.andersson,1
Anto,Sessions,anto.sessions@facebook.com,"13 de Septiembre",https://www.facebook.com/anto.sessions,,"Puerto Madero","Ciudad Autónoma de Buenos Aires","Buenos Aires",Argentina,100004665851119,"Nahu Millicay Pereyra",https://www.facebook.com/nahumilli,1
Bailarines,"Unidos En Movimiento",bailarines.unidosenmovimiento@facebook.com,"13 de Septiembre",https://www.facebook.com/bailarines.unidosenmovimiento,,,"Ciudad Autónoma de Buenos Aires","Buenos Aires",Argentina,100001157067539,"Miranda Toderi",https://www.facebook.com/miranda.toderi,1
Victoria,Alegre,vickyy.alegre.7@facebook.com,"13 de Septiembre",https://www.facebook.com/vickyy.alegre.7,,,"Ciudad Autónoma de Buenos Aires","Buenos Aires",Argentina,1260014715,"Nell Rosales",https://www.facebook.com/nell.rosales,1
Jazmin,Salzamendi,jazz.salza@facebook.com,"13 de Septiembre",https://www.facebook.com/jazz.salza,21,,"Ciudad Autónoma de Buenos Aires","Buenos Aires",Argentina,1255404625,"Gisela Tesei",,1
Maxy,Ledezma,maxyledezma@facebook.com,"13 de Septiembre",https://www.facebook.com/maxyledezma,22,,"Ciudad Autónoma de Buenos Aires","Buenos Aires",Argentina,1550687122,"Ignacio Lines Ceruti",https://www.facebook.com/ignacio.lines,1
Manu,Lozzia,manu.lozzia@facebook.com,"13 de Septiembre",https://www.facebook.com/manu.lozzia,,,"Ciudad Autónoma de Buenos Aires","Buenos Aires",Argentina,100002231860562,"Valentino Fabre",https://www.facebook.com/valenfabre,1
Micaela,Ramirez,micaelasoledad.ramirez.3@facebook.com,"13 de Septiembre",https://www.facebook.com/micaelasoledad.ramirez.3,,"Villa Del Parque","Ciudad Autónoma de Buenos Aires","Buenos Aires",Argentina,100000405684639,"Barby Suarez",https://www.facebook.com/barby1522,1
Naty,Baleato,naty.baleato@facebook.com,"13 de Septiembre",https://www.facebook.com/naty.baleato,,"Buenos Aires","Buenos Aires","Buenos Aires",Argentina,100001763675328,"Corina Doorish",0,1
"Veleros De","Escuela Náutica",veleros.escuelanautica@facebook.com,"13 de Septiembre",https://www.facebook.com/veleros.escuelanautica,,,"Ciudad Autónoma de Buenos Aires","Buenos Aires",Argentina,100000697015712,"Daniel Arbol",https://www.facebook.com/darbol1,1
Juan,Alecha,juan.alecha@facebook.com,"13 de Septiembre",https://www.facebook.com/juan.alecha,,,"Ciudad Autónoma de Buenos Aires","Buenos Aires",Argentina,100000923230717,"Gisela Tesei",,1
Tefy,Muñoz,tefy.magali@facebook.com,"13 de Septiembre",https://www.facebook.com/tefy.magali,,,"Ciudad Autónoma de Buenos Aires","Buenos Aires",Argentina,100001124721512,"Brian Cano",,1
Tiffany,Sillas,chiavarirental@facebook.com,"14 de Septiembre",https://www.facebook.com/chiavarirental,26,"Buenos Aires","Buenos Aires","Buenos Aires",Argentina,100004442835816,"Pao García",0,1
Data,Eventos,data.eventos@facebook.com,"14 de Septiembre",https://www.facebook.com/data.eventos,,,"Ciudad Autónoma de Buenos Aires","Buenos Aires",Argentina,100000075649033,"Calu Clau",https://www.facebook.com/AYLEN00,1
Daniela,Godoy,daniela.godoy.549221@facebook.com,"14 de Septiembre",https://www.facebook.com/daniela.godoy.549221,24,,"Ciudad Autónoma de Buenos Aires","Buenos Aires",Argentina,100001870660362,"Camy Falcón",https://www.facebook.com/Cammy.Falcon,1
"Los Sentimientos",Escondidos,lossentimientos.escondidos@facebook.com,"14 de Septiembre",https://www.facebook.com/lossentimientos.escondidos,27,,"Ciudad Autónoma de Buenos Aires","Buenos Aires",Argentina,100001104915884,"Ayu Casanova",,1
Luciano,Testa,luchotesta@facebook.com,"14 de Septiembre",https://www.facebook.com/luchotesta,21,,"Ciudad Autónoma de Buenos Aires","Buenos Aires",Argentina,719709591,"Verónica Sebben",https://www.facebook.com/veronica.sebben,1
Macu,Montenegro,maca.monte@facebook.com,"14 de Septiembre",https://www.facebook.com/maca.monte,,,"Ciudad Autónoma de Buenos Aires","Buenos Aires",Argentina,1060770388,"Jero Salsamendi",https://www.facebook.com/jero.salsamendi,1
Nahuel,Gonzalez,nahuel.gonzalez.92372@facebook.com,"14 de Septiembre",https://www.facebook.com/nahuel.gonzalez.92372,,,"Ciudad Autónoma de Buenos Aires","Buenos Aires",Argentina,100001258332957,"Coqui TA",https://www.facebook.com/coquiTA8,1
Hernan,Terrazo,hernan.terrazo@facebook.com,"14 de Septiembre",https://www.facebook.com/hernan.terrazo,24,,"Ciudad Autónoma de Buenos Aires","Buenos Aires",Argentina,1313063908,"Anto Melgarejo",https://www.facebook.com/antho.melgarejo,1
Dolus,"Counseling En Duelos",doluscounselingenduelos@facebook.com,"14 de Septiembre",https://www.facebook.com/doluscounselingenduelos,,,"Ciudad Autónoma de Buenos Aires","Buenos Aires",Argentina,100003502851177,"Ro Pietro",https://www.facebook.com/rochy.pietra,1
Deyii,Almada,deyii.almada@facebook.com,"14 de Septiembre",https://www.facebook.com/deyii.almada,22,,"Ciudad Autónoma de Buenos Aires","Buenos Aires",Argentina,1446321918,"Aylu Macchi",,1
Gubbio,"Heladeria Cafeteria",gubbio.cafeteriaheladeria.1@facebook.com,"14 de Septiembre",https://www.facebook.com/gubbio.cafeteriaheladeria.1,23,"Villa Pueyrredón","Ciudad Autónoma de Buenos Aires","Buenos Aires",Argentina,100003941965512,"Camila Romano",0,1
Consultas,Wild,consultas.wild@facebook.com,"14 de Septiembre",https://www.facebook.com/consultas.wild,22,,"Ciudad Autónoma de Buenos Aires","Buenos Aires",Argentina,100003007639319,"Jessica Bellomo",https://www.facebook.com/JessBellomo,1
Wemba,Accesorios,wemba.accesorios@facebook.com,"14 de Septiembre",https://www.facebook.com/wemba.accesorios,26,,"Ciudad Autónoma de Buenos Aires","Buenos Aires",Argentina,100002078684498,"Noelia Juskiewicz",https://www.facebook.com/noelia.juskiewicz,1
Araceli,Ferreiro,araceli.ferreiro@facebook.com,"14 de Septiembre",https://www.facebook.com/araceli.ferreiro,22,,"Ciudad Autónoma de Buenos Aires","Buenos Aires",Argentina,626536280,"Manu Dadaglio",,1
Gatitos,"del Baldío",gatitos.delbaldio@facebook.com,"14 de Septiembre",https://www.facebook.com/gatitos.delbaldio,23,,"Ciudad Autónoma de Buenos Aires","Buenos Aires",Argentina,100001890758932,"Mery Noel Vidal ?ï?",,1
"Reparacion De","Camaras Fotograficas",reparacionde.camarasfotograficas@facebook.com,"14 de Septiembre",https://www.facebook.com/reparacionde.camarasfotograficas,,,"Ciudad Autónoma de Buenos Aires","Buenos Aires",Argentina,100001528560760,"Juan Manuel Fotografo",https://www.facebook.com/JuanmaJMFotoEstudio,1
Rodrigo,Olmedo,olmedorodrigo@facebook.com,"14 de Septiembre",https://www.facebook.com/olmedorodrigo,,,"Ciudad Autónoma de Buenos Aires","Buenos Aires",Argentina,1499851456,"Ariel Villarreal",,1
Sebastián,Calvente,sebastian.calvente.7@facebook.com,"14 de Septiembre",https://www.facebook.com/sebastian.calvente.7,,,"Ciudad Autónoma de Buenos Aires","Buenos Aires",Argentina,100005213850591,"Luciana Antrilli",https://www.facebook.com/luciana.antrilli,1
Jonathan,Bottinelli,jonathan.bottinelli.94@facebook.com,"14 de Septiembre",https://www.facebook.com/jonathan.bottinelli.94,30,,"Ciudad Autónoma de Buenos Aires","Buenos Aires",Argentina,100004124228219,"Alicia Kosem",https://www.facebook.com/alicia.kosem,1
Uri,Armanazqui,uriel.armanazqui@facebook.com,"14 de Septiembre",https://www.facebook.com/uriel.armanazqui,,,"Ciudad Autónoma de Buenos Aires","Buenos Aires",Argentina,1297873387,"Ignacio Busquiazo",https://www.facebook.com/ignacio.busquiazo,1
Carolina,Espíndola,carolina.espindola.94@facebook.com,"14 de Septiembre",https://www.facebook.com/carolina.espindola.94,26,,"Ciudad Autónoma de Buenos Aires","Buenos Aires",Argentina,683655901,"Barby Lanata",https://www.facebook.com/barby.lanata,1
Naty,Nadal,naty.nadal.37@facebook.com,"14 de Septiembre",https://www.facebook.com/naty.nadal.37,,,"Ciudad Autónoma de Buenos Aires","Buenos Aires",Argentina,613333924,"Jochuu Rodriguez Linck",https://www.facebook.com/jochuu.rodriguezlinck,1
Mechii,Marcelletti,mechii.marcelletti@facebook.com,"14 de Septiembre",https://www.facebook.com/mechii.marcelletti,23,,"Ciudad Autónoma de Buenos Aires","Buenos Aires",Argentina,100001618659824,"Rodrii Martinez",,1
Ezequiel,Gonzalez,l2ezequiel@facebook.com,"14 de Septiembre",https://www.facebook.com/l2ezequiel,25,,"Ciudad Autónoma de Buenos Aires","Buenos Aires",Argentina,1600123760,"Pamela Garrote",https://www.facebook.com/pamela.garrote,1
Dolores,"Aberg Cobo",dolores.abergcobo@facebook.com,"14 de Septiembre",https://www.facebook.com/dolores.abergcobo,,,"Ciudad Autónoma de Buenos Aires","Buenos Aires",Argentina,1610898775,"Mercedes Ferrario",https://www.facebook.com/mercedes.ferrario,1
"Claudio Tato",Labudi,claudiotato.labudi@facebook.com,"14 de Septiembre",https://www.facebook.com/claudiotato.labudi,,,"Ciudad Autónoma de Buenos Aires","Buenos Aires",Argentina,100000953392601,"Mia Miry Ponce",,1
Ezequiel,Tappa,ezequieltrp14@facebook.com,"14 de Septiembre",https://www.facebook.com/ezequielTRP14,,,"Ciudad Autónoma de Buenos Aires","Buenos Aires",Argentina,1593286802,"Gabriela Competiello",,1
"María Del Carmen",Otero,mariadelcarmen.otero.77@facebook.com,"14 de Septiembre",https://www.facebook.com/mariadelcarmen.otero.77,,,"Ciudad Autónoma de Buenos Aires","Buenos Aires",Argentina,100003482128275,"Mariana Aris",https://www.facebook.com/mariana.aris,1
Melisa,Ianovsky,melianovsky@facebook.com,"14 de Septiembre",https://www.facebook.com/melianovsky,26,,"Ciudad Autónoma de Buenos Aires","Buenos Aires",Argentina,513757791,"Melanie Azar",,1
Zeppeliana,"Plant Page Gyg",angelical.60@facebook.com,"14 de Septiembre",https://www.facebook.com/angelical.60,,,"Ciudad Autónoma de Buenos Aires","Buenos Aires",Argentina,100000117840063,"La Rockeria",https://www.facebook.com/oveja1,1
"Milagritos Diamante",Arrom,milagritosdiamante.arrom@facebook.com,"14 de Septiembre",https://www.facebook.com/milagritosdiamante.arrom,,,"Ciudad Autónoma de Buenos Aires","Buenos Aires",Argentina,100000139262848,"Jessica Bellomo",https://www.facebook.com/JessBellomo,1
Flor,Pereyra,flor.pereyra.752@facebook.com,"14 de Septiembre",https://www.facebook.com/flor.pereyra.752,,,"Ciudad Autónoma de Buenos Aires","Buenos Aires",Argentina,1361946695,"Agus Rodriguez",,1
"Sport Club",Castelar,sportclub.castelar@facebook.com,"14 de Septiembre",https://www.facebook.com/sportclub.castelar,,,"Ciudad Autónoma de Buenos Aires","Buenos Aires",Argentina,1780167396,"Vanesa Myrna Ojeda",,1
Eduardo,Bosio,eltenor1@facebook.com,"14 de Septiembre",https://www.facebook.com/eltenor1,,,"Ciudad Autónoma de Buenos Aires","Buenos Aires",Argentina,1424691893,"Aldana Queirolo",https://www.facebook.com/aldana.queirolo,1
Michele,Riubrugent,michele.riubrugent@facebook.com,"14 de Septiembre",https://www.facebook.com/Michele.Riubrugent,,,"Ciudad Autónoma de Buenos Aires","Buenos Aires",Argentina,1421770679,"Ale Arias Mandarine Park",,1
Leonel,Valtadoro,leonel.valtadoro@facebook.com,"14 de Septiembre",https://www.facebook.com/leonel.valtadoro,,Coghlan,"Ciudad Autónoma de Buenos Aires","Distrito Federal",Argentina,1704854199,"Nano Vaquer",,1
Gonzalo,Arroyo,gonzalo.arroyo.589@facebook.com,"14 de Septiembre",https://www.facebook.com/gonzalo.arroyo.589,,"San Telmo","Ciudad Autónoma de Buenos Aires","Buenos Aires",Argentina,1712602475,"Pamela Garrote",https://www.facebook.com/pamela.garrote,1
Juanse,Gallo,juansegundo.gallo@facebook.com,"14 de Septiembre",https://www.facebook.com/juansegundo.gallo,,,"Ciudad Autónoma de Buenos Aires","Buenos Aires",Argentina,1394192595,"Juan Cruz Albornoz",,1
Agustina,Peretti,agustina.peretti.3@facebook.com,"14 de Septiembre",https://www.facebook.com/agustina.peretti.3,21,,"Ciudad Autónoma de Buenos Aires","Buenos Aires",Argentina,100004010666542,"Clara Ryan",https://www.facebook.com/clariryaneventos,1
Juan,Sujov,jsujov@facebook.com,"14 de Septiembre",https://www.facebook.com/jsujov,,,"Ciudad Autónoma de Buenos Aires","Buenos Aires",Argentina,703617026,"Macarena Alonso Dumón",https://www.facebook.com/macarenaad,1
Pamela,Sasaki,pamela.sasaki.39@facebook.com,"14 de Septiembre",https://www.facebook.com/pamela.sasaki.39,25,,"Ciudad Autónoma de Buenos Aires","Buenos Aires",Argentina,100002059754534,"Yasu Higa",,1
Alex,Jara,alex.jara.798@facebook.com,"14 de Septiembre",https://www.facebook.com/alex.jara.798,26,,"Ciudad Autónoma de Buenos Aires","Buenos Aires",Argentina,100003953296475,"Lo Lola",,1
Salones,Leprett,salones.leprett@facebook.com,"15 de Septiembre",https://www.facebook.com/salones.leprett,27,,"Ciudad Autónoma de Buenos Aires","Buenos Aires",Argentina,100000247970804,"Sumatra Shows",https://www.facebook.com/sumatrashows,1
Julieta,"Pamo Rabaje",julieta.pamorabaje@facebook.com,"15 de Septiembre",https://www.facebook.com/julieta.pamorabaje,,,"Ciudad Autónoma de Buenos Aires","Buenos Aires",Argentina,1438527922,"Joni Aires",https://www.facebook.com/joniaires,1
Sofia,Aranda,shoofiitaah.blv@facebook.com,"15 de Septiembre",https://www.facebook.com/shoofiitaah.blv,,,"Ciudad Autónoma de Buenos Aires","Buenos Aires",Argentina,1666731534,"David Zalasar",https://www.facebook.com/Davidcocktails,1
Maicover,Objetos,freshka.bags@facebook.com,"15 de Septiembre",https://www.facebook.com/freshka.bags,25,,"Ciudad Autónoma de Buenos Aires","Buenos Aires",Argentina,100002381860284,"Antonela Monachesi",https://www.facebook.com/anto.monachesi,1
Moniito,Cai,miguel.ferrero.75@facebook.com,"15 de Septiembre",https://www.facebook.com/miguel.ferrero.75,22,Avellaneda,"Ciudad Autónoma de Buenos Aires","Buenos Aires",Argentina,100002990984362,"Martin Diaz",,1
Nahuel,Nuñez,nahue.nunez@facebook.com,"15 de Septiembre",https://www.facebook.com/nahue.nunez,,,"Ciudad Autónoma de Buenos Aires","Buenos Aires",Argentina,1389578231,"Aylu Macchi",,1
Maree,OjosLocos,maree.ojoslocos17@facebook.com,"15 de Septiembre",https://www.facebook.com/maree.ojoslocos17,22,"San Cristóbal","Ciudad Autónoma de Buenos Aires","Distrito Federal",Argentina,1060458304,"Nano Vaquer",,1
Carp,Martins,conejo.martins@facebook.com,"15 de Septiembre",https://www.facebook.com/conejo.martins,21,,"Ciudad Autónoma de Buenos Aires","Buenos Aires",Argentina,100001522425808,"Sindy Elisa Szczucky",https://www.facebook.com/sindy.szczucky,1
Cucu,Huber,cucu.huber@facebook.com,"15 de Septiembre",https://www.facebook.com/cucu.huber,,,"Ciudad Autónoma de Buenos Aires","Buenos Aires",Argentina,1021536637,"Valentino Fabre",https://www.facebook.com/valenfabre,1
Flor,Rios,flor.rivers@facebook.com,"15 de Septiembre",https://www.facebook.com/flor.rivers,23,,"Ciudad Autónoma de Buenos Aires","Buenos Aires",Argentina,1587746648,"Fede Martino",,1
"La Frutilla","del Postre",lafrutilla.delpostre.1@facebook.com,"15 de Septiembre",https://www.facebook.com/lafrutilla.delpostre.1,,,"Ciudad Autónoma de Buenos Aires","Buenos Aires",Argentina,1607696855,"Aline Vilches",,1
Maxi,Rivas,ultraleproso2011@facebook.com,"15 de Septiembre",https://www.facebook.com/ultraleproso2011,22,,"Ciudad Autónoma de Buenos Aires","Buenos Aires",Argentina,1283553645,"Vicky Diaz",,1
Lau,Merlo,lau.merlo@facebook.com,"15 de Septiembre",https://www.facebook.com/lau.merlo,,,"Ciudad Autónoma de Buenos Aires","Buenos Aires",Argentina,1467436515,"Gisele Fratini",https://www.facebook.com/giakdmik,1
Melu,Ponce,melu.ponce@facebook.com,"15 de Septiembre",https://www.facebook.com/melu.ponce,,,"Ciudad Autónoma de Buenos Aires","Buenos Aires",Argentina,100000449664240,"Brian Cano",,1
Lupe,Moreno,emilupe.arisquetamoreno@facebook.com,"15 de Septiembre",https://www.facebook.com/emilupe.arisquetamoreno,25,,"Ciudad Autónoma de Buenos Aires","Buenos Aires",Argentina,100002163090829,"Agus Leoni",https://www.facebook.com/agustina.leoni,1
"Jean Franco",Piñero,jeanfranco.pinero@facebook.com,"15 de Septiembre",https://www.facebook.com/jeanfranco.pinero,23,,"Ciudad Autónoma de Buenos Aires","Buenos Aires",Argentina,100002573351041,"Cami Weng",,1
Vany,Ferrario,vany.ferrario@facebook.com,"15 de Septiembre",https://www.facebook.com/vany.ferrario,,,"Ciudad Autónoma de Buenos Aires","Buenos Aires",Argentina,571126082,"Charly Ruez",https://www.facebook.com/charly.ruez,1
Liz,Pinar,liz.dichenzo@facebook.com,"15 de Septiembre",https://www.facebook.com/liz.dichenzo,,,"Ciudad Autónoma de Buenos Aires","Buenos Aires",Argentina,100006979352223,"Tatiana Petroccelli",https://www.facebook.com/tanshanita,1
Nacho,Activo,nachitogaray13@facebook.com,"15 de Septiembre",https://www.facebook.com/nachitogaray13,27,,"Ciudad Autónoma de Buenos Aires","Buenos Aires",Argentina,100005265936077,"Cristian Fernandez Villamor",https://www.facebook.com/cristian.fernandezvillamo,1
Tomás,Pal,motaslap@facebook.com,"15 de Septiembre",https://www.facebook.com/motaslap,,"La Paternal","Ciudad Autónoma de Buenos Aires","Buenos Aires",Argentina,722351566,"Flor Vischi Cortés",https://www.facebook.com/flor.vischi,1
Emma,Oliva,emma.oliva.ll@facebook.com,"15 de Septiembre",https://www.facebook.com/emma.oliva.ll,24,,"Ciudad Autónoma de Buenos Aires","Buenos Aires",Argentina,100008178730146,"Franco Palermo",,1
Agustin,Bonomo,agustin.bonomo.9@facebook.com,"15 de Septiembre",https://www.facebook.com/agustin.bonomo.9,24,"Parque Chacabuco","Ciudad Autónoma de Buenos Aires","Buenos Aires",Argentina,1223094061,"Guido Moncayo",https://www.facebook.com/guido.moncayo,1
Benjamin,"Paz Lemme",mapuchito.german@facebook.com,"15 de Septiembre",https://www.facebook.com/mapuchito.german,,"Buenos Aires","Buenos Aires","Buenos Aires",Argentina,100000741328029,"Patrick Fernando Kushner L",0,1
Andy,"Mandarine Tngrs",mandarinaloca@facebook.com,"15 de Septiembre",https://www.facebook.com/mandarinaloca,,Recoleta,"Ciudad Autónoma de Buenos Aires","Buenos Aires",Argentina,100001598884406,"Emiliano Pirolo",https://www.facebook.com/emi.pirolo,1
Juanito,Mejía,joanfi10@facebook.com,"15 de Septiembre",https://www.facebook.com/joanfi10,26,,"Ciudad Autónoma de Buenos Aires","Buenos Aires",Argentina,100000595954223,"Anoland Lorenzo",https://www.facebook.com/anoland.lorenzo,1
Lizz,Peralta,lizzarenaclub22@facebook.com,"15 de Septiembre",https://www.facebook.com/lizzarenaclub22,,,"Ciudad Autónoma de Buenos Aires","Buenos Aires",Argentina,100005843040355,"Claudio Arias",https://www.facebook.com/clautrance,1
Luciano,Pocaressi,lucho.pocaressi.1@facebook.com,"15 de Septiembre",https://www.facebook.com/lucho.pocaressi.1,,,"Ciudad Autónoma de Buenos Aires","Buenos Aires",Argentina,100003966858621,"Martín Álvarez BA I",https://www.facebook.com/Woody.Blair,1
Via,Labicana,via.labicana@facebook.com,"15 de Septiembre",https://www.facebook.com/via.labicana,,,"Ciudad Autónoma de Buenos Aires","Buenos Aires",Argentina,100001607556706,"Celeste Heli",https://www.facebook.com/celeste.heli,1
Gonzalo,Brenlla,gonzalo.brenlla.7@facebook.com,"15 de Septiembre",https://www.facebook.com/gonzalo.brenlla.7,25,,"Ciudad Autónoma de Buenos Aires","Buenos Aires",Argentina,1072705932,"Rocío Martínez",https://www.facebook.com/rochi.belen,1
Cin,Vince,cin.vince.9@facebook.com,"15 de Septiembre",https://www.facebook.com/cin.vince.9,27,Liniers,"Ciudad Autónoma de Buenos Aires","Distrito Federal",Argentina,663979328,"Estefania Rodriguez",,1
Vera,Prana,vera.pranapelu@facebook.com,"15 de Septiembre",https://www.facebook.com/vera.pranapelu,,Saavedra,"Ciudad Autónoma de Buenos Aires","Buenos Aires",Argentina,100006982685025,"Martín Álvarez BA I",https://www.facebook.com/Woody.Blair,1
Orii,Rosso,ory.kpa1@facebook.com,"15 de Septiembre",https://www.facebook.com/ory.kpa1,,,"Ciudad Autónoma de Buenos Aires","Buenos Aires",Argentina,1458019691,"Cami Weng",,1
Becku,Acuña,becku.acuna@facebook.com,"15 de Septiembre",https://www.facebook.com/becku.acuna,21,,"Ciudad Autónoma de Buenos Aires","Buenos Aires",Argentina,100000298925468,"Fabian Lopez",,1
"Un Viejo Almacen",Antigüedades,unviejoalmacen@facebook.com,"15 de Septiembre",https://www.facebook.com/unviejoalmacen,,,"Ciudad Autónoma de Buenos Aires","Buenos Aires",Argentina,100000489391333,"Marcela Hinckelmann",https://www.facebook.com/marcela.hinckelmann,1
South,Pass,argentinabybus.perfil@facebook.com,"15 de Septiembre",https://www.facebook.com/argentinabybus.perfil,,"Buenos Aires","Buenos Aires","Buenos Aires",Argentina,1448570970,"Juan Pablo Aleman",0,1
Emi,Pagella,emi.pagella@facebook.com,"15 de Septiembre",https://www.facebook.com/emi.pagella,,,"Ciudad Autónoma de Buenos Aires","Buenos Aires",Argentina,1514006724,"Flor Vischi Cortés",https://www.facebook.com/flor.vischi,1
Agu,Cruzado,agu.cruzado@facebook.com,"15 de Septiembre",https://www.facebook.com/agu.cruzado,,,"Ciudad Autónoma de Buenos Aires","Buenos Aires",Argentina,687536889,"Seba Alvarez",https://www.facebook.com/lalvar22,1
Sofia,Fernandez,sofi.lali@facebook.com,"15 de Septiembre",https://www.facebook.com/sofi.lali,,,"Ciudad Autónoma de Buenos Aires","Buenos Aires",Argentina,100001292942333,"Aniita Canta",https://www.facebook.com/Aniita.Canta,1
Pamela,Araujo,pamela.araujo2@facebook.com,"15 de Septiembre",https://www.facebook.com/pamela.araujo2,,,"Ciudad Autónoma de Buenos Aires","Buenos Aires",Argentina,100002313514818,"Julio Roberto Cuevas",https://www.facebook.com/julioroberto.cuevas,1
Danie,Lin,danie.lopez1@facebook.com,"15 de Septiembre",https://www.facebook.com/danie.lopez1,,"Buenos Aires","Buenos Aires","Buenos Aires",Argentina,100000848192373,"Alan Yun",0,1
Jose,Breaker,jossonee@facebook.com,"15 de Septiembre",https://www.facebook.com/jossonee,,,"Ciudad Autónoma de Buenos Aires","Buenos Aires",Argentina,100002794518763,"Gonza Gonzalez",,1
Patricio,Ballesteros,patricio.ballesteros.7@facebook.com,"15 de Septiembre",https://www.facebook.com/patricio.ballesteros.7,26,,"Ciudad Autónoma de Buenos Aires","Buenos Aires",Argentina,683137382,"Alejandra Diaz De Vivar",,1
Nicolas,Tarrio,nicolas.tarrio@facebook.com,"15 de Septiembre",https://www.facebook.com/nicolas.tarrio,,,"Ciudad Autónoma de Buenos Aires","Buenos Aires",Argentina,1172133574,"Thomas Jensen",,1
Canca,Vaccarezza,franco.vaccarezza@facebook.com,"15 de Septiembre",https://www.facebook.com/franco.vaccarezza,,,"Ciudad Autónoma de Buenos Aires","Buenos Aires",Argentina,1178244640,"Mariana Sparks",,1
Ana,Cabrera,anicabrera@facebook.com,"15 de Septiembre",https://www.facebook.com/anicabrera,,,"Ciudad Autónoma de Buenos Aires","Buenos Aires",Argentina,100002570589562,"Ariel Martin",https://www.facebook.com/arielcabezon,1
Maru,Almada,mahru.almada@facebook.com,"15 de Septiembre",https://www.facebook.com/mahru.almada,,,"Ciudad Autónoma de Buenos Aires","Buenos Aires",Argentina,100001414148525,"Camy Falcón",https://www.facebook.com/Cammy.Falcon,1
Mauro,Lentini,mauro.lentini.988@facebook.com,"15 de Septiembre",https://www.facebook.com/mauro.lentini.988,26,,"Ciudad Autónoma de Buenos Aires","Buenos Aires",Argentina,100007161721893,"Franco Marcoccia",https://www.facebook.com/franco.marcoccia,1
Productos,Natura,productos.natura.14268@facebook.com,"15 de Septiembre",https://www.facebook.com/productos.natura.14268,,,"Ciudad Autónoma de Buenos Aires","Buenos Aires",Argentina,100002152571537,"Virginia Maria De Bassi",https://www.facebook.com/virginia.debassi,1
Julieta,Carvallo,breatheheavy@facebook.com,"15 de Septiembre",https://www.facebook.com/breatheheavy,,,"Ciudad Autónoma de Buenos Aires","Buenos Aires",Argentina,1208706590,"Sebastian Diaz",https://www.facebook.com/sebastiantatudiaz,1
Sofia,"de Grecia",sofia.degrecia.5@facebook.com,"16 de Septiembre",https://www.facebook.com/sofia.degrecia.5,22,,"Ciudad Autónoma de Buenos Aires","Buenos Aires",Argentina,1364528726,"Rochi Christensen",https://www.facebook.com/rochi.christensen,1
Juan,Muniz,jmfotografia@facebook.com,"16 de Septiembre",https://www.facebook.com/jmfotografia,,,"Ciudad Autónoma de Buenos Aires","Buenos Aires",Argentina,1117159950,"Natascha Stern",https://www.facebook.com/natascha.stern,1
Nico,Marin,nico.marin2@facebook.com,"16 de Septiembre",https://www.facebook.com/nico.marin2,,,"Ciudad Autónoma de Buenos Aires","Buenos Aires",Argentina,1378369375,"Jero Salsamendi",https://www.facebook.com/jero.salsamendi,1
Cisne,Negro,sofiaantonellaros@facebook.com,"16 de Septiembre",https://www.facebook.com/sofiaantonellaros,26,,"Ciudad Autónoma de Buenos Aires","Buenos Aires",Argentina,1293622982,"Florencia Ferrari",https://www.facebook.com/florenciaferrari.1403,1
Mateo,"Barros Conde",mateo.barrosconde@facebook.com,"16 de Septiembre",https://www.facebook.com/mateo.barrosconde,,,"Ciudad Autónoma de Buenos Aires","Buenos Aires",Argentina,100002732848667,"Joaquin Barraco",https://www.facebook.com/chino.barraco,1
Maru,Garcia,marugarciami@facebook.com,"16 de Septiembre",https://www.facebook.com/marugarciami,,,"Ciudad Autónoma de Buenos Aires","Buenos Aires",Argentina,100002786718785,"Joaquin Barraco",https://www.facebook.com/chino.barraco,1
Ivana,Rubinec,ivana.rubinec@facebook.com,"16 de Septiembre",https://www.facebook.com/ivana.rubinec,22,,"Ciudad Autónoma de Buenos Aires","Buenos Aires",Argentina,1312001562,"Emiliano Pirolo",https://www.facebook.com/emi.pirolo,1
Rocio,Breide,rbreide@facebook.com,"16 de Septiembre",https://www.facebook.com/rbreide,,,"Ciudad Autónoma de Buenos Aires","Buenos Aires",Argentina,100001392659252,"Sumatra Shows",https://www.facebook.com/sumatrashows,1
Carlos,Vaccari,carlos.vaccari.3@facebook.com,"16 de Septiembre",https://www.facebook.com/carlos.vaccari.3,,,"Ciudad Autónoma de Buenos Aires","Buenos Aires",Argentina,698794374,"Srita Bauer",https://www.facebook.com/marina.vas,1
Guido,Beggino,guido.beggino@facebook.com,"16 de Septiembre",https://www.facebook.com/guido.beggino,26,,"Ciudad Autónoma de Buenos Aires","Buenos Aires",Argentina,658955991,"Melo Dellarole",https://www.facebook.com/melodellarole,1
Sole,Gomez,soleprana@facebook.com,"16 de Septiembre",https://www.facebook.com/soleprana,,,"Ciudad Autónoma de Buenos Aires","Buenos Aires",Argentina,100001494195118,"Jessica Bellomo",https://www.facebook.com/JessBellomo,1
ForeverShine,RockCouture,shine.pinup@facebook.com,"16 de Septiembre",https://www.facebook.com/shine.pinup,,,"Ciudad Autónoma de Buenos Aires","Buenos Aires",Argentina,100001497233910,"Jessica Bellomo",https://www.facebook.com/JessBellomo,1
Noesperonada,Delarte,nuevo.coleccionismo@facebook.com,"16 de Septiembre",https://www.facebook.com/nuevo.coleccionismo,,,"Ciudad Autónoma de Buenos Aires","Buenos Aires",Argentina,100000152640778,"Ariel Villarreal",,1
Juan,Ferne,juanferne@facebook.com,"16 de Septiembre",https://www.facebook.com/juanferne,,,"Ciudad Autónoma de Buenos Aires","Buenos Aires",Argentina,100003598673643,"Agustin Justin",https://www.facebook.com/Agustin.Justin,1
Pol,Mnt,paul.mont.5@facebook.com,"16 de Septiembre",https://www.facebook.com/paul.mont.5,22,Núñez,"Ciudad Autónoma de Buenos Aires","Buenos Aires",Argentina,586368034,"Alicia Kosem",https://www.facebook.com/alicia.kosem,1
Lucía,López,lu.lopez.758@facebook.com,"16 de Septiembre",https://www.facebook.com/lu.lopez.758,,,"Ciudad Autónoma de Buenos Aires","Buenos Aires",Argentina,693949378,"Tamara Arias",,1
Caroo,Rodriguez,caro.rodriguez.3994885@facebook.com,"16 de Septiembre",https://www.facebook.com/caro.rodriguez.3994885,24,,"Ciudad Autónoma de Buenos Aires","Buenos Aires",Argentina,100002778323344,"Juan Manuel Vilagut",https://www.facebook.com/jvilagut1,1
Martu,Pipolo,martu.pipolo@facebook.com,"16 de Septiembre",https://www.facebook.com/martu.pipolo,,,"Ciudad Autónoma de Buenos Aires","Buenos Aires",Argentina,1314842457,"Cristian Andres Romano",,1
Vladi,Torres,vladitorre@facebook.com,"16 de Septiembre",https://www.facebook.com/vladitorre,,,"Ciudad Autónoma de Buenos Aires","Buenos Aires",Argentina,1339295558,"Fiestas Baires",,1
Andres,Salamidas,andres.salamidas@facebook.com,"16 de Septiembre",https://www.facebook.com/andres.salamidas,,,"Ciudad Autónoma de Buenos Aires","Buenos Aires",Argentina,100001163127500,"Kati Mosich",https://www.facebook.com/kati.mosich,1
Martin,Crotti,martin.crotti@facebook.com,"16 de Septiembre",https://www.facebook.com/martin.crotti,22,,"Ciudad Autónoma de Buenos Aires","Buenos Aires",Argentina,1128641133,"Cami Papiccio",https://www.facebook.com/cami.papiccio,1
La,Cizco,la.cizco@facebook.com,"16 de Septiembre",https://www.facebook.com/la.cizco,,,"Ciudad Autónoma de Buenos Aires","Buenos Aires",Argentina,100001165052615,"Poh Ly",https://www.facebook.com/pohoreyco,1
Sofia,Federik,sofia.federik@facebook.com,"16 de Septiembre",https://www.facebook.com/sofia.federik,,,"Ciudad Autónoma de Buenos Aires","Buenos Aires",Argentina,742373363,"Gisela Indjadjik",https://www.facebook.com/gisela.indjadjik,1
Rodri,Valero,rodri.valero@facebook.com,"16 de Septiembre",https://www.facebook.com/rodri.valero,,,"Ciudad Autónoma de Buenos Aires","Buenos Aires",Argentina,1605347731,"Martin Olmedo",,1
Maru,"Lopez Leavy",maru.lopezleavy@facebook.com,"16 de Septiembre",https://www.facebook.com/maru.lopezleavy,,,"Ciudad Autónoma de Buenos Aires","Buenos Aires",Argentina,1126096730,"Martin Olmedo",,1
ArteInsurrección,Iuna,arteinsurreccion@facebook.com,"16 de Septiembre",https://www.facebook.com/arteinsurreccion,,"Buenos Aires","Buenos Aires","Buenos Aires",Argentina,100001800520386,"Carolina Viacava",0,1
Florencia,"Garcia Bonito",florencia.garciabonito@facebook.com,"16 de Septiembre",https://www.facebook.com/florencia.garciabonito,25,,"Ciudad Autónoma de Buenos Aires","Buenos Aires",Argentina,678652031,"Betsabé Baxter",https://www.facebook.com/betsabe.baxter,1
"María Fernanda","Segurotti Schönfeld",mariafernanda.segurottischonfeld@facebook.com,"16 de Septiembre",https://www.facebook.com/mariafernanda.segurottischonfeld,,,"Ciudad Autónoma de Buenos Aires","Buenos Aires",Argentina,1255104042,"Ariel Rivera",,1
Discusión,Páramo,discusionparamo@facebook.com,"16 de Septiembre",https://www.facebook.com/discusionparamo,,,"Ciudad Autónoma de Buenos Aires","Buenos Aires",Argentina,100003941747830,"Ornela G Cirigliano",https://www.facebook.com/floweringashtree,1
Martín,Sosa,martin.sosa.961@facebook.com,"16 de Septiembre",https://www.facebook.com/martin.sosa.961,28,,"Ciudad Autónoma de Buenos Aires","Buenos Aires",Argentina,100002264928849,"Pau Britez",https://www.facebook.com/pau.britez,1
"Lista De","Javier Paz-Mendoza",listade.javierpazmendoza@facebook.com,"16 de Septiembre",https://www.facebook.com/listade.javierpazmendoza,26,,"Ciudad Autónoma de Buenos Aires","Buenos Aires",Argentina,100004916010085,"Florencia Pellegrino",,1
Nicky,Kubatov,nicki.kubatov@facebook.com,"16 de Septiembre",https://www.facebook.com/nicki.kubatov,,,"Ciudad Autónoma de Buenos Aires","Buenos Aires",Argentina,1317367827,"Gabi López",,1
Terrazas,"Tomi Miguelez",terrazas.d.este@facebook.com,"16 de Septiembre",https://www.facebook.com/terrazas.d.este,27,,"Ciudad Autónoma de Buenos Aires","Buenos Aires",Argentina,100001595772771,"Cami Maranessi",https://www.facebook.com/cami.maranessi,1
Manuel,Helou,manuel.helou@facebook.com,"16 de Septiembre",https://www.facebook.com/manuel.helou,,,"Ciudad Autónoma de Buenos Aires","Buenos Aires",Argentina,1597188825,"Juli Sremac",https://www.facebook.com/juli.sremac,1
StPauls,Dosmiltrece,stpauls.dosmiltrece@facebook.com,"16 de Septiembre",https://www.facebook.com/stpauls.dosmiltrece,,,"Ciudad Autónoma de Buenos Aires","Buenos Aires",Argentina,100004403915426,"Gianfranco Ferrati",,1
"Anna Rosaria",Ibelli,annarosaria.ibelli@facebook.com,"16 de Septiembre",https://www.facebook.com/annarosaria.ibelli,,,"Ciudad Autónoma de Buenos Aires","Buenos Aires",Argentina,1343689769,"Vanina Fernanda Mendez",,1
"Pablito Cuervo",Accorinti,pablitocuervo.accorinti.5@facebook.com,"16 de Septiembre",https://www.facebook.com/pablitocuervo.accorinti.5,26,,"Ciudad Autónoma de Buenos Aires","Buenos Aires",Argentina,100005067996402,"Julio Roberto Cuevas",https://www.facebook.com/julioroberto.cuevas,1
Jorge,Andrada,jorge.l.andrada@facebook.com,"16 de Septiembre",https://www.facebook.com/Jorge.L.Andrada,24,,"Ciudad Autónoma de Buenos Aires","Buenos Aires",Argentina,100000944445419,"Brenda Araceli Gonzalez",https://www.facebook.com/brendaaraceli.gonzalez,1
Juli,Chentola,juli.chentola@facebook.com,"16 de Septiembre",https://www.facebook.com/juli.chentola,26,,"Ciudad Autónoma de Buenos Aires","Buenos Aires",Argentina,100002114063897,"Manu Dadaglio",,1
Memo,Visión,memo.vision@facebook.com,"16 de Septiembre",https://www.facebook.com/memo.vision,,,"Ciudad Autónoma de Buenos Aires","Buenos Aires",Argentina,1813928856,"Juan Manuel Fotografo",https://www.facebook.com/JuanmaJMFotoEstudio,1
Ciin,Magali,ciin.thiiaa.39@facebook.com,"16 de Septiembre",https://www.facebook.com/ciin.thiiaa.39,24,Avellaneda,"Ciudad Autónoma de Buenos Aires","Buenos Aires",Argentina,100003338910446,"Fede Martino",,1
Gaby,Duarte,gabydemorris@facebook.com,"16 de Septiembre",https://www.facebook.com/gabydemorris,,,"Ciudad Autónoma de Buenos Aires","Buenos Aires",Argentina,100001489432504,"Matias Duarte",,1
Sol,Otero,solci.otero@facebook.com,"17 de Septiembre",https://www.facebook.com/solci.otero,26,,"Ciudad Autónoma de Buenos Aires","Buenos Aires",Argentina,749617478,"Ariel Rivera",,1
Hernan,Monzon,federico.monzon.583@facebook.com,"17 de Septiembre",https://www.facebook.com/federico.monzon.583,22,,"Ciudad Autónoma de Buenos Aires","Buenos Aires",Argentina,100001543252256,"Gabriel Gutierrez",,1
"Gisela Marilyn",Coria,giselamarilyn.coria@facebook.com,"17 de Septiembre",https://www.facebook.com/giselamarilyn.coria,,,"Ciudad Autónoma de Buenos Aires","Buenos Aires",Argentina,100002890023698,"La Rockeria",https://www.facebook.com/oveja1,1
Mati,Romero,mati.romero.311@facebook.com,"17 de Septiembre",https://www.facebook.com/mati.romero.311,,,"Ciudad Autónoma de Buenos Aires","Buenos Aires",Argentina,729764707,"Agustina Gorrini",https://www.facebook.com/agustina.gorrini,1
Wanda,Bregman,wanda.bregman.9@facebook.com,"17 de Septiembre",https://www.facebook.com/wanda.bregman.9,27,,"Ciudad Autónoma de Buenos Aires","Buenos Aires",Argentina,624515798,"Romi Flores",,1
Cande,Darwin,cande.darwin@facebook.com,"17 de Septiembre",https://www.facebook.com/cande.darwin,,,"Ciudad Autónoma de Buenos Aires","Buenos Aires",Argentina,100001051995171,"Andrea Giarrocco",https://www.facebook.com/andrea.giarrocco,1
Sil,Reynoso,sil.reynoso@facebook.com,"17 de Septiembre",https://www.facebook.com/sil.reynoso,,,"Ciudad Autónoma de Buenos Aires","Buenos Aires",Argentina,100003639071698,"Juan Manuel Fotografo",https://www.facebook.com/JuanmaJMFotoEstudio,1
Nico,Martinez,ninfo@facebook.com,"17 de Septiembre",https://www.facebook.com/ninfo,27,,"Ciudad Autónoma de Buenos Aires","Buenos Aires",Argentina,756287357,"Ingrid Sondergaard",https://www.facebook.com/ingridfash,1
Francisco,Moritan,francisco.moritan@facebook.com,"17 de Septiembre",https://www.facebook.com/francisco.moritan,,,"Ciudad Autónoma de Buenos Aires","Buenos Aires",Argentina,566931844,"Analia Utlo",https://www.facebook.com/ANY10,1
Fiorella,Agustin,fiorellitaah.lokalinda@facebook.com,"17 de Septiembre",https://www.facebook.com/fiorellitaah.lokalinda,21,,"Ciudad Autónoma de Buenos Aires","Buenos Aires",Argentina,727933493,"Claudio Arias",https://www.facebook.com/clautrance,1
Natalia,Gatto,natalia.gatto1@facebook.com,"17 de Septiembre",https://www.facebook.com/natalia.gatto1,,,"Ciudad Autónoma de Buenos Aires","Buenos Aires",Argentina,100000342795920,"Gisele Galia",https://www.facebook.com/gisele.galia,1
Cintia,"Marengo Insfran",cintia.marengoinsfran@facebook.com,"17 de Septiembre",https://www.facebook.com/cintia.marengoinsfran,27,,"Ciudad Autónoma de Buenos Aires","Buenos Aires",Argentina,688918947,"Hector Falsone",https://www.facebook.com/hector.falsone,1
Euge,Bartoti,laeuge.bartoti@facebook.com,"17 de Septiembre",https://www.facebook.com/laeuge.bartoti,24,,"Ciudad Autónoma de Buenos Aires","Buenos Aires",Argentina,100004958804225,"Juanma Ramirez",,1
Belen,Lacoste,belen.lacoste.98@facebook.com,"17 de Septiembre",https://www.facebook.com/belen.lacoste.98,23,,"Ciudad Autónoma de Buenos Aires","Buenos Aires",Argentina,100001679231420,"Dany Kunowsky",https://www.facebook.com/daniel.kunowsky,1
"Tren Loco",Argentina,trenloco@facebook.com,"17 de Septiembre",https://www.facebook.com/trenloco,,,"Ciudad Autónoma de Buenos Aires","Buenos Aires",Argentina,1464464735,"La Rockeria",https://www.facebook.com/oveja1,1
Edu,Monsalve,edu.monsalve@facebook.com,"17 de Septiembre",https://www.facebook.com/edu.monsalve,,"Villa Crespo","Ciudad Autónoma de Buenos Aires","Buenos Aires",Argentina,566089809,"Alicia Kosem",https://www.facebook.com/alicia.kosem,1
Charlie,Ruth,charlie.ruth1@facebook.com,"17 de Septiembre",https://www.facebook.com/charlie.ruth1,,,"Ciudad Autónoma de Buenos Aires","Buenos Aires",Argentina,100002355939276,"Romi Flores",,1
Bn,Shop,bn.shop1@facebook.com,"17 de Septiembre",https://www.facebook.com/bn.shop1,27,,"Ciudad Autónoma de Buenos Aires","Buenos Aires",Argentina,100001519606652,"Malvi Ovando",https://www.facebook.com/malvi.ovando,1
"Yanet Luz","Velis Ortega",yanetluz.velisortega@facebook.com,"17 de Septiembre",https://www.facebook.com/yanetluz.velisortega,,,"Ciudad Autónoma de Buenos Aires","Buenos Aires",Argentina,100001521857306,"Brian Cano",,1
"Florencia Luciana",Perez,florencialuciana.perez@facebook.com,"17 de Septiembre",https://www.facebook.com/florencialuciana.perez,21,,"Ciudad Autónoma de Buenos Aires","Buenos Aires",Argentina,100001515731697,"Florencia Pellegrino",,1
Nico,Ibar,nico.ibar@facebook.com,"17 de Septiembre",https://www.facebook.com/nico.ibar,,,"Ciudad Autónoma de Buenos Aires","Buenos Aires",Argentina,1594614856,"Rocio Marquez",,1
Daniel,Panini,daniel.panini.7@facebook.com,"17 de Septiembre",https://www.facebook.com/daniel.panini.7,,,"Ciudad Autónoma de Buenos Aires","Buenos Aires",Argentina,100000906526446,"Lupe Dávalos",https://www.facebook.com/guadinight,1
Cristian,"de VCelina",cristian.devcelina@facebook.com,"17 de Septiembre",https://www.facebook.com/cristian.devcelina,,,"Ciudad Autónoma de Buenos Aires","Buenos Aires",Argentina,1431235497,"Aniita Canta",https://www.facebook.com/Aniita.Canta,1
El,"de Plata",el.c.deplata@facebook.com,"17 de Septiembre",https://www.facebook.com/el.c.deplata,,Congreso,"Ciudad Autónoma de Buenos Aires","Buenos Aires",Argentina,100001776002889,"Majo López Tavani",https://www.facebook.com/lasplumas,1
Sebastian,Juarros,sebastian.juarros@facebook.com,"17 de Septiembre",https://www.facebook.com/sebastian.juarros,,,"Ciudad Autónoma de Buenos Aires","Buenos Aires",Argentina,560673496,"Laly Sereda",https://www.facebook.com/lalisereda,1
Natalia,Repetto,natalia.repetto.7@facebook.com,"17 de Septiembre",https://www.facebook.com/natalia.repetto.7,,,"Ciudad Autónoma de Buenos Aires","Buenos Aires",Argentina,100000857488098,"Joaquin Perez Flenche",,1
Manu,Elle,manu.elle.752@facebook.com,"17 de Septiembre",https://www.facebook.com/manu.elle.752,,,"Ciudad Autónoma de Buenos Aires","Buenos Aires",Argentina,100003063506580,"Juan Antonio Papagni Meca",https://www.facebook.com/juanantoniopapagnimeca,1
Greis,Mendez,greis.mendez@facebook.com,"17 de Septiembre",https://www.facebook.com/greis.mendez,,,"Ciudad Autónoma de Buenos Aires","Buenos Aires",Argentina,1404969801,"Miqui Berriòs",https://www.facebook.com/miqui.berrios,1
Paula,Gaona,paula.r.gaona@facebook.com,"17 de Septiembre",https://www.facebook.com/paula.r.gaona,,,"Ciudad Autónoma de Buenos Aires","Buenos Aires",Argentina,1438603755,"Pablo Dandrea",https://www.facebook.com/pablo.dandrea,1
Nico,Bacc,nicolas.baccaro.5@facebook.com,"17 de Septiembre",https://www.facebook.com/nicolas.baccaro.5,,,"Ciudad Autónoma de Buenos Aires","Buenos Aires",Argentina,617083654,"Agostina Magali Aguirre Alvarez",,1
Misha,Sanc,misha.morrr@facebook.com,"17 de Septiembre",https://www.facebook.com/misha.morrr,,,"Ciudad Autónoma de Buenos Aires","Buenos Aires",Argentina,1292908242,"Matias Duarte",,1
Dani,Artusa,danielaartusa@facebook.com,"17 de Septiembre",https://www.facebook.com/danielaartusa,,"San Telmo","Ciudad Autónoma de Buenos Aires","Buenos Aires",Argentina,1028947291,"Christian Douer Chuky",https://www.facebook.com/christian.chuky,1
Lucas,Carp,luqitas.carp.562@facebook.com,"17 de Septiembre",https://www.facebook.com/luqitas.carp.562,22,Núñez,"Ciudad Autónoma de Buenos Aires","Distrito Federal",Argentina,100004239572571,"Gabriela Competiello",,1
Espacio,Chic,espacio.chic.39@facebook.com,"17 de Septiembre",https://www.facebook.com/espacio.chic.39,26,,"Ciudad Autónoma de Buenos Aires","Buenos Aires",Argentina,100005540831993,"Pato Pagano",https://www.facebook.com/pato.p111,1
Joranie,Filtidor,jorane.filtidor@facebook.com,"17 de Septiembre",https://www.facebook.com/jorane.filtidor,21,"Buenos Aires","Buenos Aires","Buenos Aires",Argentina,100001942874655,"Alan Yun",0,1
Katia,Rubia,rubiawachiburra@facebook.com,"17 de Septiembre",https://www.facebook.com/rubiawachiburra,,,"Ciudad Autónoma de Buenos Aires","Buenos Aires",Argentina,100002063091883,"Julio Roberto Cuevas",https://www.facebook.com/julioroberto.cuevas,1
Beatriz,Garmendia,beatriz.garmendia@facebook.com,"17 de Septiembre",https://www.facebook.com/beatriz.garmendia,23,,"Ciudad Autónoma de Buenos Aires","Buenos Aires",Argentina,100000006232244,"Nahu Millicay Pereyra",https://www.facebook.com/nahumilli,1
"M Eugenia",Herrera,chula.herrera.7@facebook.com,"17 de Septiembre",https://www.facebook.com/chula.herrera.7,26,,"Ciudad Autónoma de Buenos Aires","Buenos Aires",Argentina,100003193836262,"Mechi Abud",https://www.facebook.com/mechi.abud,1
Javier,Lustgarten,javier.lustgarten@facebook.com,"17 de Septiembre",https://www.facebook.com/javier.lustgarten,,,"Ciudad Autónoma de Buenos Aires","Buenos Aires",Argentina,100002201200446,"Ignacio Lines Ceruti",https://www.facebook.com/ignacio.lines,1
Marciano,F,matiasarielf@facebook.com,"17 de Septiembre",https://www.facebook.com/matiasarielf,,,"Ciudad Autónoma de Buenos Aires","Buenos Aires",Argentina,615275548,"Gimena Yamila Yerden Giaquinto",https://www.facebook.com/Gimetrance,1
Bar,"De Picadas",bar.depicadas.7@facebook.com,"17 de Septiembre",https://www.facebook.com/bar.depicadas.7,,"Puerto Madero","Ciudad Autónoma de Buenos Aires","Buenos Aires",Argentina,100002208006772,"Ignacio Lines Ceruti",https://www.facebook.com/ignacio.lines,1
Abby,"Avalis Bonilla",abby.avalisbonilla@facebook.com,"17 de Septiembre",https://www.facebook.com/abby.avalisbonilla,,,"Ciudad Autónoma de Buenos Aires","Buenos Aires",Argentina,100000996527444,"Sol Policastro",https://www.facebook.com/solangeforever,1
Vickie,Zoppi,vickie.zoppi@facebook.com,"17 de Septiembre",https://www.facebook.com/vickie.zoppi,24,"Buenos Aires","Buenos Aires","Buenos Aires",Argentina,1109655905,"Delfina Gomez Beron",0,1
Barbi,"Fernandez Perrotta",barbi.fernandezperrotta@facebook.com,"17 de Septiembre",https://www.facebook.com/barbi.fernandezperrotta,,,"Ciudad Autónoma de Buenos Aires","Buenos Aires",Argentina,1408910255,"Fran L. Ocampo",https://www.facebook.com/franco,1
Agustina,Urruti,agustina.urruti@facebook.com,"17 de Septiembre",https://www.facebook.com/agustina.urruti,,,"Ciudad Autónoma de Buenos Aires","Buenos Aires",Argentina,100003853837755,"Cristian Fernandez Villamor",https://www.facebook.com/cristian.fernandezvillamo,1
Nico,Perge,nico.perge@facebook.com,"17 de Septiembre",https://www.facebook.com/nico.perge,21,,"Ciudad Autónoma de Buenos Aires","Buenos Aires",Argentina,1039100123,"Eve Schiera",,1
Nicole,Bajdacz,nikibajdacz@facebook.com,"17 de Septiembre",https://www.facebook.com/nikibajdacz,23,,"Ciudad Autónoma de Buenos Aires","Buenos Aires",Argentina,731523135,"Facundo Bulacio",https://www.facebook.com/facundo.bulacio,1
Karlos,"Cuadrado II",karlos.cuadradoii@facebook.com,"17 de Septiembre",https://www.facebook.com/karlos.cuadradoii,,,"Ciudad Autónoma de Buenos Aires","Buenos Aires",Argentina,100003796314273,"La Rockeria",https://www.facebook.com/oveja1,1
